solid OpenSCAD_Model
  facet normal -0.706994 0.0173498 -0.707007
    outer loop
      vertex -6.89917 0.338934 0
      vertex -7.50749 0 0.599991
      vertex -7.49845 0.368375 0.599991
    endloop
  endfacet
  facet normal -0.701886 0.0865754 -0.707008
    outer loop
      vertex -6.83272 1.01354 0
      vertex -7.47134 0.735863 0.599991
      vertex -7.42623 1.10158 0.599991
    endloop
  endfacet
  facet normal -0.707006 0.0173553 0.706994
    outer loop
      vertex -6.89917 0.338934 4
      vertex -7.50749 0 3.39999
      vertex -6.90749 0 4
    endloop
  endfacet
  facet normal 0.0865654 0.701884 -0.707011
    outer loop
      vertex 1.01354 6.83272 0
      vertex 0.677052 6.87422 0
      vertex 0.735863 7.47134 0.599991
    endloop
  endfacet
  facet normal -0.65982 0.254512 -0.707009
    outer loop
      vertex -6.5037 2.32706 0
      vertex -7.06863 2.5292 0.599991
      vertex -6.93602 2.87299 0.599991
    endloop
  endfacet
  facet normal -0.0865667 0.701896 0.707
    outer loop
      vertex -0.735863 7.47134 3.39999
      vertex -1.01354 6.83272 4
      vertex -0.677052 6.87422 4
    endloop
  endfacet
  facet normal 0.407221 -0.578205 0.707001
    outer loop
      vertex 4.47221 -6.03007 3.39999
      vertex 4.11478 -5.54814 4
      vertex 4.17094 -6.24225 3.39999
    endloop
  endfacet
  facet normal 0.407213 0.578196 -0.707012
    outer loop
      vertex 4.11478 5.54814 0
      vertex 3.83759 5.74336 0
      vertex 4.17094 6.24225 0.599991
    endloop
  endfacet
  facet normal -0.154942 0.69002 -0.707011
    outer loop
      vertex -1.34758 6.77476 0
      vertex -1.67838 6.70048 0
      vertex -1.46464 7.36324 0.599991
    endloop
  endfacet
  facet normal 0.631695 0.317958 -0.707011
    outer loop
      vertex 6.78669 3.20987 0.599991
      vertex 6.24429 2.95333 0
      vertex 6.62102 3.53901 0.599991
    endloop
  endfacet
  facet normal -0.4496 -0.89323 0
    outer loop
      vertex -3.53901 -6.62102 0.599991
      vertex -3.20987 -6.78669 3.39999
      vertex -3.53901 -6.62102 3.39999
    endloop
  endfacet
  facet normal -0.4496 -0.89323 -0
    outer loop
      vertex -3.20987 -6.78669 3.39999
      vertex -3.53901 -6.62102 0.599991
      vertex -3.20987 -6.78669 0.599991
    endloop
  endfacet
  facet normal -0.707005 -0.01735 0.706996
    outer loop
      vertex -6.89917 -0.338934 4
      vertex -7.50749 0 3.39999
      vertex -7.49845 -0.368375 3.39999
    endloop
  endfacet
  facet normal -0.18862 0.681589 -0.707007
    outer loop
      vertex -1.67838 6.70048 0
      vertex -2.17931 7.18422 0.599991
      vertex -1.82417 7.2825 0.599991
    endloop
  endfacet
  facet normal -0.435099 -0.557529 0.707001
    outer loop
      vertex -4.11478 -5.54814 4
      vertex -4.7627 -5.80337 3.39999
      vertex -4.47221 -6.03007 3.39999
    endloop
  endfacet
  facet normal 0.949527 -0.313687 0
    outer loop
      vertex 7.06863 -2.5292 3.39999
      vertex 7.18422 -2.17931 0.599991
      vertex 7.18422 -2.17931 3.39999
    endloop
  endfacet
  facet normal 0.949527 -0.313687 0
    outer loop
      vertex 7.18422 -2.17931 0.599991
      vertex 7.06863 -2.5292 3.39999
      vertex 7.06863 -2.5292 0.599991
    endloop
  endfacet
  facet normal -0.932997 -0.359885 0
    outer loop
      vertex -6.93602 -2.87299 0.599991
      vertex -7.06863 -2.5292 3.39999
      vertex -7.06863 -2.5292 0.599991
    endloop
  endfacet
  facet normal -0.932997 -0.359885 0
    outer loop
      vertex -7.06863 -2.5292 3.39999
      vertex -6.93602 -2.87299 0.599991
      vertex -6.93602 -2.87299 3.39999
    endloop
  endfacet
  facet normal -0.188623 0.6816 0.706995
    outer loop
      vertex -1.82417 7.2825 3.39999
      vertex -2.17931 7.18422 3.39999
      vertex -1.67838 6.70048 4
    endloop
  endfacet
  facet normal -0.870079 0.492912 0
    outer loop
      vertex -6.62102 3.53901 0.599991
      vertex -6.43939 3.85962 3.39999
      vertex -6.43939 3.85962 0.599991
    endloop
  endfacet
  facet normal -0.870079 0.492912 0
    outer loop
      vertex -6.43939 3.85962 3.39999
      vertex -6.62102 3.53901 0.599991
      vertex -6.62102 3.53901 3.39999
    endloop
  endfacet
  facet normal -0.512211 -0.487644 0.706996
    outer loop
      vertex -5.11811 -4.63878 4
      vertex -5.56268 -5.04172 3.39999
      vertex -5.3086 -5.3086 3.39999
    endloop
  endfacet
  facet normal -0.659823 0.254526 0.707001
    outer loop
      vertex -6.38168 2.64338 4
      vertex -6.93602 2.87299 3.39999
      vertex -6.5037 2.32706 4
    endloop
  endfacet
  facet normal -0.757201 -0.653182 0
    outer loop
      vertex -5.56268 -5.04172 0.599991
      vertex -5.80337 -4.7627 3.39999
      vertex -5.80337 -4.7627 0.599991
    endloop
  endfacet
  facet normal -0.757201 -0.653182 0
    outer loop
      vertex -5.80337 -4.7627 3.39999
      vertex -5.56268 -5.04172 0.599991
      vertex -5.56268 -5.04172 3.39999
    endloop
  endfacet
  facet normal -0.597486 -0.378375 0.706995
    outer loop
      vertex -5.92475 -3.55116 4
      vertex -6.43939 -3.85962 3.39999
      vertex -5.74336 -3.83759 4
    endloop
  endfacet
  facet normal 0.221841 -0.67151 -0.707009
    outer loop
      vertex 2.5292 -7.06863 0.599991
      vertex 2.17931 -7.18422 0.599991
      vertex 2.32706 -6.5037 0
    endloop
  endfacet
  facet normal -0.690031 0.154944 0.707
    outer loop
      vertex -6.70048 1.67838 4
      vertex -7.36324 1.46464 3.39999
      vertex -6.77476 1.34758 4
    endloop
  endfacet
  facet normal 0.254516 -0.65983 0.706998
    outer loop
      vertex 2.87299 -6.93602 3.39999
      vertex 2.32706 -6.5037 4
      vertex 2.5292 -7.06863 3.39999
    endloop
  endfacet
  facet normal 0.65982 0.254512 -0.707009
    outer loop
      vertex 7.06863 2.5292 0.599991
      vertex 6.5037 2.32706 0
      vertex 6.93602 2.87299 0.599991
    endloop
  endfacet
  facet normal 0.487642 -0.512193 -0.70701
    outer loop
      vertex 5.3086 -5.3086 0.599991
      vertex 4.63878 -5.11811 0
      vertex 4.88433 -4.88433 0
    endloop
  endfacet
  facet normal 0.690032 -0.154961 0.706995
    outer loop
      vertex 7.36324 -1.46464 3.39999
      vertex 6.70048 -1.67838 4
      vertex 7.2825 -1.82417 3.39999
    endloop
  endfacet
  facet normal 0.254516 0.65983 0.706998
    outer loop
      vertex 2.5292 7.06863 3.39999
      vertex 2.32706 6.5037 4
      vertex 2.87299 6.93602 3.39999
    endloop
  endfacet
  facet normal -0.578205 -0.40722 0.707001
    outer loop
      vertex -5.74336 -3.83759 4
      vertex -6.24225 -4.17094 3.39999
      vertex -5.54814 -4.11478 4
    endloop
  endfacet
  facet normal -0.963776 -0.266712 0
    outer loop
      vertex -7.18422 -2.17931 0.599991
      vertex -7.2825 -1.82417 3.39999
      vertex -7.2825 -1.82417 0.599991
    endloop
  endfacet
  facet normal -0.963776 -0.266712 0
    outer loop
      vertex -7.2825 -1.82417 3.39999
      vertex -7.18422 -2.17931 0.599991
      vertex -7.18422 -2.17931 3.39999
    endloop
  endfacet
  facet normal 0.0735712 0.99729 -0
    outer loop
      vertex 0.735863 7.47134 0.599991
      vertex 0.368375 7.49845 3.39999
      vertex 0.735863 7.47134 3.39999
    endloop
  endfacet
  facet normal 0.0735712 0.99729 0
    outer loop
      vertex 0.368375 7.49845 3.39999
      vertex 0.735863 7.47134 0.599991
      vertex 0.368375 7.49845 0.599991
    endloop
  endfacet
  facet normal -0.34858 0.615329 -0.70701
    outer loop
      vertex -3.25617 6.09186 0
      vertex -3.55116 5.92475 0
      vertex -3.53901 6.62102 0.599991
    endloop
  endfacet
  facet normal -0.646542 0.286589 0.707001
    outer loop
      vertex -6.24429 2.95333 4
      vertex -6.93602 2.87299 3.39999
      vertex -6.38168 2.64338 4
    endloop
  endfacet
  facet normal -0.99729 -0.0735712 0
    outer loop
      vertex -7.47134 -0.735863 0.599991
      vertex -7.49845 -0.368375 3.39999
      vertex -7.49845 -0.368375 0.599991
    endloop
  endfacet
  facet normal -0.99729 -0.0735712 0
    outer loop
      vertex -7.49845 -0.368375 3.39999
      vertex -7.47134 -0.735863 0.599991
      vertex -7.47134 -0.735863 3.39999
    endloop
  endfacet
  facet normal 0.286595 0.646541 0.707
    outer loop
      vertex 3.20987 6.78669 3.39999
      vertex 2.87299 6.93602 3.39999
      vertex 2.95333 6.24429 4
    endloop
  endfacet
  facet normal 0.0173553 -0.707006 0.706994
    outer loop
      vertex 0 -6.90749 4
      vertex 0 -7.50749 3.39999
      vertex 0.338934 -6.89917 4
    endloop
  endfacet
  facet normal 0.18862 -0.681589 -0.707007
    outer loop
      vertex 1.82417 -7.2825 0.599991
      vertex 1.67838 -6.70048 0
      vertex 2.17931 -7.18422 0.599991
    endloop
  endfacet
  facet normal -0.99729 0.0735712 0
    outer loop
      vertex -7.49845 0.368375 0.599991
      vertex -7.47134 0.735863 3.39999
      vertex -7.47134 0.735863 0.599991
    endloop
  endfacet
  facet normal -0.99729 0.0735712 0
    outer loop
      vertex -7.47134 0.735863 3.39999
      vertex -7.49845 0.368375 0.599991
      vertex -7.49845 0.368375 3.39999
    endloop
  endfacet
  facet normal 0.461933 0.535496 -0.707009
    outer loop
      vertex 5.04172 5.56268 0.599991
      vertex 4.38206 5.33956 0
      vertex 4.7627 5.80337 0.599991
    endloop
  endfacet
  facet normal 0.317963 -0.631705 0.707
    outer loop
      vertex 3.53901 -6.62102 3.39999
      vertex 2.95333 -6.24429 4
      vertex 3.20987 -6.78669 3.39999
    endloop
  endfacet
  facet normal -0.120892 0.696796 -0.707008
    outer loop
      vertex -1.01354 6.83272 0
      vertex -1.46464 7.36324 0.599991
      vertex -1.10158 7.42623 0.599991
    endloop
  endfacet
  facet normal -0.646531 -0.28659 -0.707011
    outer loop
      vertex -6.78669 -3.20987 0.599991
      vertex -6.93602 -2.87299 0.599991
      vertex -6.24429 -2.95333 0
    endloop
  endfacet
  facet normal -0.0865667 -0.701896 0.707
    outer loop
      vertex -0.677052 -6.87422 4
      vertex -1.01354 -6.83272 4
      vertex -0.735863 -7.47134 3.39999
    endloop
  endfacet
  facet normal 0.67151 0.221841 -0.707009
    outer loop
      vertex 6.61005 2.00514 0
      vertex 6.5037 2.32706 0
      vertex 7.18422 2.17931 0.599991
    endloop
  endfacet
  facet normal -0.67152 -0.221844 0.706998
    outer loop
      vertex -6.5037 -2.32706 4
      vertex -7.18422 -2.17931 3.39999
      vertex -7.06863 -2.5292 3.39999
    endloop
  endfacet
  facet normal 0.89323 -0.4496 0
    outer loop
      vertex 6.62102 -3.53901 3.39999
      vertex 6.78669 -3.20987 0.599991
      vertex 6.78669 -3.20987 3.39999
    endloop
  endfacet
  facet normal 0.89323 -0.4496 0
    outer loop
      vertex 6.78669 -3.20987 0.599991
      vertex 6.62102 -3.53901 3.39999
      vertex 6.62102 -3.53901 0.599991
    endloop
  endfacet
  facet normal -0.188627 0.681585 -0.707009
    outer loop
      vertex -2.00514 6.61005 0
      vertex -2.17931 7.18422 0.599991
      vertex -1.67838 6.70048 0
    endloop
  endfacet
  facet normal -0.535505 -0.461941 0.706997
    outer loop
      vertex -5.33956 -4.38206 4
      vertex -5.80337 -4.7627 3.39999
      vertex -5.56268 -5.04172 3.39999
    endloop
  endfacet
  facet normal 0.407221 0.578205 0.707001
    outer loop
      vertex 4.17094 6.24225 3.39999
      vertex 4.11478 5.54814 4
      vertex 4.47221 6.03007 3.39999
    endloop
  endfacet
  facet normal -0.705301 -0.0520308 0.706996
    outer loop
      vertex -6.89917 -0.338934 4
      vertex -7.49845 -0.368375 3.39999
      vertex -7.47134 -0.735863 3.39999
    endloop
  endfacet
  facet normal 0.707005 -0.01735 0.706996
    outer loop
      vertex 7.50749 0 3.39999
      vertex 6.89917 -0.338934 4
      vertex 7.49845 -0.368375 3.39999
    endloop
  endfacet
  facet normal 0.378375 0.597486 0.706995
    outer loop
      vertex 3.85962 6.43939 3.39999
      vertex 3.55116 5.92475 4
      vertex 3.83759 5.74336 4
    endloop
  endfacet
  facet normal -0.999699 -0.0245328 0
    outer loop
      vertex -7.49845 -0.368375 0.599991
      vertex -7.50749 0 3.39999
      vertex -7.50749 0 0.599991
    endloop
  endfacet
  facet normal -0.999699 -0.0245328 0
    outer loop
      vertex -7.50749 0 3.39999
      vertex -7.49845 -0.368375 0.599991
      vertex -7.49845 -0.368375 3.39999
    endloop
  endfacet
  facet normal -0.701897 -0.0865767 0.706997
    outer loop
      vertex -6.83272 -1.01354 4
      vertex -7.47134 -0.735863 3.39999
      vertex -7.42623 -1.10158 3.39999
    endloop
  endfacet
  facet normal 0.690021 -0.154959 -0.707007
    outer loop
      vertex 7.2825 -1.82417 0.599991
      vertex 6.70048 -1.67838 0
      vertex 7.36324 -1.46464 0.599991
    endloop
  endfacet
  facet normal -0.578196 -0.407215 -0.707012
    outer loop
      vertex -6.03007 -4.47221 0.599991
      vertex -6.24225 -4.17094 0.599991
      vertex -5.54814 -4.11478 0
    endloop
  endfacet
  facet normal -0.870079 -0.492912 0
    outer loop
      vertex -6.43939 -3.85962 0.599991
      vertex -6.62102 -3.53901 3.39999
      vertex -6.62102 -3.53901 0.599991
    endloop
  endfacet
  facet normal -0.870079 -0.492912 0
    outer loop
      vertex -6.62102 -3.53901 3.39999
      vertex -6.43939 -3.85962 0.599991
      vertex -6.43939 -3.85962 3.39999
    endloop
  endfacet
  facet normal 0.578196 -0.407213 -0.707012
    outer loop
      vertex 6.24225 -4.17094 0.599991
      vertex 5.54814 -4.11478 0
      vertex 5.74336 -3.83759 0
    endloop
  endfacet
  facet normal 0.646542 -0.286589 0.707001
    outer loop
      vertex 6.38168 -2.64338 4
      vertex 6.24429 -2.95333 4
      vertex 6.93602 -2.87299 3.39999
    endloop
  endfacet
  facet normal 0.578205 0.40722 0.707001
    outer loop
      vertex 6.24225 4.17094 3.39999
      vertex 5.54814 4.11478 4
      vertex 5.74336 3.83759 4
    endloop
  endfacet
  facet normal -0.615336 -0.348596 0.706995
    outer loop
      vertex -5.92475 -3.55116 4
      vertex -6.62102 -3.53901 3.39999
      vertex -6.43939 -3.85962 3.39999
    endloop
  endfacet
  facet normal -0.67152 0.221845 0.706997
    outer loop
      vertex -6.5037 2.32706 4
      vertex -7.18422 2.17931 3.39999
      vertex -6.61005 2.00514 4
    endloop
  endfacet
  facet normal -0.705296 -0.0520444 0.707
    outer loop
      vertex -6.89917 -0.338934 4
      vertex -7.47134 -0.735863 3.39999
      vertex -6.87422 -0.677052 4
    endloop
  endfacet
  facet normal -0.557539 -0.435092 0.706997
    outer loop
      vertex -5.54814 -4.11478 4
      vertex -5.80337 -4.7627 3.39999
      vertex -5.33956 -4.38206 4
    endloop
  endfacet
  facet normal -0.0520435 0.705285 -0.707011
    outer loop
      vertex -0.677052 6.87422 0
      vertex -0.735863 7.47134 0.599991
      vertex -0.338934 6.89917 0
    endloop
  endfacet
  facet normal -0.313687 -0.949527 0
    outer loop
      vertex -2.5292 -7.06863 0.599991
      vertex -2.17931 -7.18422 3.39999
      vertex -2.5292 -7.06863 3.39999
    endloop
  endfacet
  facet normal -0.313687 -0.949527 -0
    outer loop
      vertex -2.17931 -7.18422 3.39999
      vertex -2.5292 -7.06863 0.599991
      vertex -2.17931 -7.18422 0.599991
    endloop
  endfacet
  facet normal -0.949527 -0.313687 0
    outer loop
      vertex -7.06863 -2.5292 0.599991
      vertex -7.18422 -2.17931 3.39999
      vertex -7.18422 -2.17931 0.599991
    endloop
  endfacet
  facet normal -0.949527 -0.313687 0
    outer loop
      vertex -7.18422 -2.17931 3.39999
      vertex -7.06863 -2.5292 0.599991
      vertex -7.06863 -2.5292 3.39999
    endloop
  endfacet
  facet normal -0.0865654 -0.701884 -0.707011
    outer loop
      vertex -0.735863 -7.47134 0.599991
      vertex -1.01354 -6.83272 0
      vertex -0.677052 -6.87422 0
    endloop
  endfacet
  facet normal -0.512202 0.487636 -0.707007
    outer loop
      vertex -5.11811 4.63878 0
      vertex -5.56268 5.04172 0.599991
      vertex -5.3086 5.3086 0.599991
    endloop
  endfacet
  facet normal 0.67152 0.221845 0.706997
    outer loop
      vertex 7.18422 2.17931 3.39999
      vertex 6.5037 2.32706 4
      vertex 6.61005 2.00514 4
    endloop
  endfacet
  facet normal 0.120904 0.696802 0.707
    outer loop
      vertex 1.46464 7.36324 3.39999
      vertex 1.01354 6.83272 4
      vertex 1.34758 6.77476 4
    endloop
  endfacet
  facet normal -0.653182 -0.757201 0
    outer loop
      vertex -5.04172 -5.56268 0.599991
      vertex -4.7627 -5.80337 3.39999
      vertex -5.04172 -5.56268 3.39999
    endloop
  endfacet
  facet normal -0.653182 -0.757201 -0
    outer loop
      vertex -4.7627 -5.80337 3.39999
      vertex -5.04172 -5.56268 0.599991
      vertex -4.7627 -5.80337 0.599991
    endloop
  endfacet
  facet normal 0.681596 -0.18863 0.706998
    outer loop
      vertex 6.70048 -1.67838 4
      vertex 6.61005 -2.00514 4
      vertex 7.18422 -2.17931 3.39999
    endloop
  endfacet
  facet normal -0.69002 0.154942 -0.707011
    outer loop
      vertex -6.77476 1.34758 0
      vertex -7.36324 1.46464 0.599991
      vertex -6.70048 1.67838 0
    endloop
  endfacet
  facet normal 0.286595 -0.646541 0.707
    outer loop
      vertex 2.95333 -6.24429 4
      vertex 2.87299 -6.93602 3.39999
      vertex 3.20987 -6.78669 3.39999
    endloop
  endfacet
  facet normal 0.0865654 -0.701884 -0.707011
    outer loop
      vertex 0.735863 -7.47134 0.599991
      vertex 0.677052 -6.87422 0
      vertex 1.01354 -6.83272 0
    endloop
  endfacet
  facet normal 0.706995 0.017355 -0.707006
    outer loop
      vertex 6.90749 0 0
      vertex 6.89917 0.338934 0
      vertex 7.50749 0 0.599991
    endloop
  endfacet
  facet normal 0.615336 -0.348596 0.706995
    outer loop
      vertex 6.62102 -3.53901 3.39999
      vertex 5.92475 -3.55116 4
      vertex 6.43939 -3.85962 3.39999
    endloop
  endfacet
  facet normal -0.120894 -0.696807 0.706997
    outer loop
      vertex -1.01354 -6.83272 4
      vertex -1.46464 -7.36324 3.39999
      vertex -1.10158 -7.42623 3.39999
    endloop
  endfacet
  facet normal 0.219114 -0.975699 0
    outer loop
      vertex 1.46464 -7.36324 0.599991
      vertex 1.82417 -7.2825 3.39999
      vertex 1.46464 -7.36324 3.39999
    endloop
  endfacet
  facet normal 0.219114 -0.975699 0
    outer loop
      vertex 1.82417 -7.2825 3.39999
      vertex 1.46464 -7.36324 0.599991
      vertex 1.82417 -7.2825 0.599991
    endloop
  endfacet
  facet normal 0.154944 -0.690031 0.707
    outer loop
      vertex 1.67838 -6.70048 4
      vertex 1.34758 -6.77476 4
      vertex 1.46464 -7.36324 3.39999
    endloop
  endfacet
  facet normal 0.221845 0.67152 0.706997
    outer loop
      vertex 2.17931 7.18422 3.39999
      vertex 2.00514 6.61005 4
      vertex 2.32706 6.5037 4
    endloop
  endfacet
  facet normal -0.221841 -0.67151 -0.707009
    outer loop
      vertex -2.17931 -7.18422 0.599991
      vertex -2.32706 -6.5037 0
      vertex -2.00514 -6.61005 0
    endloop
  endfacet
  facet normal 0.46193 -0.535501 -0.707007
    outer loop
      vertex 5.04172 -5.56268 0.599991
      vertex 4.38206 -5.33956 0
      vertex 4.63878 -5.11811 0
    endloop
  endfacet
  facet normal -0.317955 0.631697 -0.70701
    outer loop
      vertex -3.25617 6.09186 0
      vertex -3.53901 6.62102 0.599991
      vertex -2.95333 6.24429 0
    endloop
  endfacet
  facet normal -0.705301 0.0520308 0.706996
    outer loop
      vertex -7.47134 0.735863 3.39999
      vertex -7.49845 0.368375 3.39999
      vertex -6.89917 0.338934 4
    endloop
  endfacet
  facet normal -0.707005 0.01735 0.706996
    outer loop
      vertex -7.49845 0.368375 3.39999
      vertex -7.50749 0 3.39999
      vertex -6.89917 0.338934 4
    endloop
  endfacet
  facet normal -0.696807 0.120894 0.706997
    outer loop
      vertex -7.36324 1.46464 3.39999
      vertex -7.42623 1.10158 3.39999
      vertex -6.83272 1.01354 4
    endloop
  endfacet
  facet normal -0.65983 -0.254516 0.706998
    outer loop
      vertex -6.5037 -2.32706 4
      vertex -7.06863 -2.5292 3.39999
      vertex -6.93602 -2.87299 3.39999
    endloop
  endfacet
  facet normal -0.55752 0.435092 -0.707012
    outer loop
      vertex -5.54814 4.11478 0
      vertex -6.03007 4.47221 0.599991
      vertex -5.80337 4.7627 0.599991
    endloop
  endfacet
  facet normal 0.67152 0.221844 0.706998
    outer loop
      vertex 7.06863 2.5292 3.39999
      vertex 6.5037 2.32706 4
      vertex 7.18422 2.17931 3.39999
    endloop
  endfacet
  facet normal 0.597486 0.378375 0.706995
    outer loop
      vertex 6.43939 3.85962 3.39999
      vertex 5.74336 3.83759 4
      vertex 5.92475 3.55116 4
    endloop
  endfacet
  facet normal 0.67152 -0.221845 0.706997
    outer loop
      vertex 6.61005 -2.00514 4
      vertex 6.5037 -2.32706 4
      vertex 7.18422 -2.17931 3.39999
    endloop
  endfacet
  facet normal 0.492912 -0.870079 0
    outer loop
      vertex 3.53901 -6.62102 0.599991
      vertex 3.85962 -6.43939 3.39999
      vertex 3.53901 -6.62102 3.39999
    endloop
  endfacet
  facet normal 0.492912 -0.870079 0
    outer loop
      vertex 3.85962 -6.43939 3.39999
      vertex 3.53901 -6.62102 0.599991
      vertex 3.85962 -6.43939 0.599991
    endloop
  endfacet
  facet normal 0.188623 0.6816 0.706995
    outer loop
      vertex 1.82417 7.2825 3.39999
      vertex 1.67838 6.70048 4
      vertex 2.17931 7.18422 3.39999
    endloop
  endfacet
  facet normal 0.0865667 -0.701896 0.707
    outer loop
      vertex 1.01354 -6.83272 4
      vertex 0.677052 -6.87422 4
      vertex 0.735863 -7.47134 3.39999
    endloop
  endfacet
  facet normal -0.696802 0.120904 0.707
    outer loop
      vertex -6.77476 1.34758 4
      vertex -7.36324 1.46464 3.39999
      vertex -6.83272 1.01354 4
    endloop
  endfacet
  facet normal -0.0735712 0.99729 0
    outer loop
      vertex -0.368375 7.49845 0.599991
      vertex -0.735863 7.47134 3.39999
      vertex -0.368375 7.49845 3.39999
    endloop
  endfacet
  facet normal -0.0735712 0.99729 0
    outer loop
      vertex -0.735863 7.47134 3.39999
      vertex -0.368375 7.49845 0.599991
      vertex -0.735863 7.47134 0.599991
    endloop
  endfacet
  facet normal -0.512201 -0.48765 0.706999
    outer loop
      vertex -5.11811 -4.63878 4
      vertex -5.3086 -5.3086 3.39999
      vertex -4.88433 -4.88433 4
    endloop
  endfacet
  facet normal 0.705301 -0.0520308 0.706996
    outer loop
      vertex 7.49845 -0.368375 3.39999
      vertex 6.89917 -0.338934 4
      vertex 7.47134 -0.735863 3.39999
    endloop
  endfacet
  facet normal 0.696807 0.120894 0.706997
    outer loop
      vertex 7.36324 1.46464 3.39999
      vertex 6.83272 1.01354 4
      vertex 7.42623 1.10158 3.39999
    endloop
  endfacet
  facet normal -0.681596 -0.18863 0.706998
    outer loop
      vertex -6.70048 -1.67838 4
      vertex -7.18422 -2.17931 3.39999
      vertex -6.61005 -2.00514 4
    endloop
  endfacet
  facet normal -0.696807 -0.120894 0.706997
    outer loop
      vertex -6.83272 -1.01354 4
      vertex -7.42623 -1.10158 3.39999
      vertex -7.36324 -1.46464 3.39999
    endloop
  endfacet
  facet normal -0.975699 -0.219114 0
    outer loop
      vertex -7.2825 -1.82417 0.599991
      vertex -7.36324 -1.46464 3.39999
      vertex -7.36324 -1.46464 0.599991
    endloop
  endfacet
  facet normal -0.975699 -0.219114 0
    outer loop
      vertex -7.36324 -1.46464 3.39999
      vertex -7.2825 -1.82417 0.599991
      vertex -7.2825 -1.82417 3.39999
    endloop
  endfacet
  facet normal -0.67152 -0.221845 0.706997
    outer loop
      vertex -6.61005 -2.00514 4
      vertex -7.18422 -2.17931 3.39999
      vertex -6.5037 -2.32706 4
    endloop
  endfacet
  facet normal -0.435099 0.557529 0.707001
    outer loop
      vertex -4.47221 6.03007 3.39999
      vertex -4.7627 5.80337 3.39999
      vertex -4.11478 5.54814 4
    endloop
  endfacet
  facet normal 0.597483 0.378349 -0.707012
    outer loop
      vertex 6.43939 3.85962 0.599991
      vertex 5.74336 3.83759 0
      vertex 6.24225 4.17094 0.599991
    endloop
  endfacet
  facet normal 0.435092 -0.557539 0.706997
    outer loop
      vertex 4.38206 -5.33956 4
      vertex 4.11478 -5.54814 4
      vertex 4.7627 -5.80337 3.39999
    endloop
  endfacet
  facet normal -0.597492 -0.378355 0.707001
    outer loop
      vertex -5.74336 -3.83759 4
      vertex -6.43939 -3.85962 3.39999
      vertex -6.24225 -4.17094 3.39999
    endloop
  endfacet
  facet normal 0.154961 -0.690032 0.706995
    outer loop
      vertex 1.67838 -6.70048 4
      vertex 1.46464 -7.36324 3.39999
      vertex 1.82417 -7.2825 3.39999
    endloop
  endfacet
  facet normal 0.534995 0.844855 -0
    outer loop
      vertex 4.17094 6.24225 0.599991
      vertex 3.85962 6.43939 3.39999
      vertex 4.17094 6.24225 3.39999
    endloop
  endfacet
  facet normal 0.534995 0.844855 0
    outer loop
      vertex 3.85962 6.43939 3.39999
      vertex 4.17094 6.24225 0.599991
      vertex 3.85962 6.43939 0.599991
    endloop
  endfacet
  facet normal 0.120894 -0.696807 0.706997
    outer loop
      vertex 1.46464 -7.36324 3.39999
      vertex 1.01354 -6.83272 4
      vertex 1.10158 -7.42623 3.39999
    endloop
  endfacet
  facet normal 0.378355 0.597492 0.707001
    outer loop
      vertex 3.85962 6.43939 3.39999
      vertex 3.83759 5.74336 4
      vertex 4.17094 6.24225 3.39999
    endloop
  endfacet
  facet normal 0.705296 0.0520444 0.707
    outer loop
      vertex 7.47134 0.735863 3.39999
      vertex 6.87422 0.677052 4
      vertex 6.89917 0.338934 4
    endloop
  endfacet
  facet normal -0.597486 0.378375 0.706995
    outer loop
      vertex -5.74336 3.83759 4
      vertex -6.43939 3.85962 3.39999
      vertex -5.92475 3.55116 4
    endloop
  endfacet
  facet normal -0.407221 -0.578205 0.707001
    outer loop
      vertex -4.11478 -5.54814 4
      vertex -4.47221 -6.03007 3.39999
      vertex -4.17094 -6.24225 3.39999
    endloop
  endfacet
  facet normal -0.435092 -0.55752 -0.707012
    outer loop
      vertex -4.47221 -6.03007 0.599991
      vertex -4.7627 -5.80337 0.599991
      vertex -4.11478 -5.54814 0
    endloop
  endfacet
  facet normal -0.578205 -0.407221 0.707001
    outer loop
      vertex -5.54814 -4.11478 4
      vertex -6.24225 -4.17094 3.39999
      vertex -6.03007 -4.47221 3.39999
    endloop
  endfacet
  facet normal 0.932997 -0.359885 0
    outer loop
      vertex 6.93602 -2.87299 3.39999
      vertex 7.06863 -2.5292 0.599991
      vertex 7.06863 -2.5292 3.39999
    endloop
  endfacet
  facet normal 0.932997 -0.359885 0
    outer loop
      vertex 7.06863 -2.5292 0.599991
      vertex 6.93602 -2.87299 3.39999
      vertex 6.93602 -2.87299 0.599991
    endloop
  endfacet
  facet normal -0.487644 0.512211 0.706996
    outer loop
      vertex -5.04172 5.56268 3.39999
      vertex -5.3086 5.3086 3.39999
      vertex -4.63878 5.11811 4
    endloop
  endfacet
  facet normal 0.254526 -0.659823 0.707001
    outer loop
      vertex 2.64338 -6.38168 4
      vertex 2.32706 -6.5037 4
      vertex 2.87299 -6.93602 3.39999
    endloop
  endfacet
  facet normal 0.28659 0.646531 -0.707011
    outer loop
      vertex 2.95333 6.24429 0
      vertex 2.87299 6.93602 0.599991
      vertex 3.20987 6.78669 0.599991
    endloop
  endfacet
  facet normal -0.348591 0.615326 -0.707007
    outer loop
      vertex -3.55116 5.92475 0
      vertex -3.85962 6.43939 0.599991
      vertex -3.53901 6.62102 0.599991
    endloop
  endfacet
  facet normal -0.844855 -0.534995 0
    outer loop
      vertex -6.24225 -4.17094 0.599991
      vertex -6.43939 -3.85962 3.39999
      vertex -6.43939 -3.85962 0.599991
    endloop
  endfacet
  facet normal -0.844855 -0.534995 0
    outer loop
      vertex -6.43939 -3.85962 3.39999
      vertex -6.24225 -4.17094 0.599991
      vertex -6.24225 -4.17094 3.39999
    endloop
  endfacet
  facet normal -0.914208 -0.405244 0
    outer loop
      vertex -6.78669 -3.20987 0.599991
      vertex -6.93602 -2.87299 3.39999
      vertex -6.93602 -2.87299 0.599991
    endloop
  endfacet
  facet normal -0.914208 -0.405244 0
    outer loop
      vertex -6.93602 -2.87299 3.39999
      vertex -6.78669 -3.20987 0.599991
      vertex -6.78669 -3.20987 3.39999
    endloop
  endfacet
  facet normal 0.701896 0.0865667 0.707
    outer loop
      vertex 7.47134 0.735863 3.39999
      vertex 6.83272 1.01354 4
      vertex 6.87422 0.677052 4
    endloop
  endfacet
  facet normal -0.631707 -0.31796 0.706999
    outer loop
      vertex -6.24429 -2.95333 4
      vertex -6.62102 -3.53901 3.39999
      vertex -6.09186 -3.25617 4
    endloop
  endfacet
  facet normal -0.188627 -0.681585 -0.707009
    outer loop
      vertex -1.67838 -6.70048 0
      vertex -2.17931 -7.18422 0.599991
      vertex -2.00514 -6.61005 0
    endloop
  endfacet
  facet normal 0.99729 -0.0735712 0
    outer loop
      vertex 7.47134 -0.735863 3.39999
      vertex 7.49845 -0.368375 0.599991
      vertex 7.49845 -0.368375 3.39999
    endloop
  endfacet
  facet normal 0.99729 -0.0735712 0
    outer loop
      vertex 7.49845 -0.368375 0.599991
      vertex 7.47134 -0.735863 3.39999
      vertex 7.47134 -0.735863 0.599991
    endloop
  endfacet
  facet normal -0.757201 0.653182 0
    outer loop
      vertex -5.80337 4.7627 0.599991
      vertex -5.56268 5.04172 3.39999
      vertex -5.56268 5.04172 0.599991
    endloop
  endfacet
  facet normal -0.757201 0.653182 0
    outer loop
      vertex -5.56268 5.04172 3.39999
      vertex -5.80337 4.7627 0.599991
      vertex -5.80337 4.7627 3.39999
    endloop
  endfacet
  facet normal 0.999699 -0.0245328 0
    outer loop
      vertex 7.49845 -0.368375 3.39999
      vertex 7.50749 0 0.599991
      vertex 7.50749 0 3.39999
    endloop
  endfacet
  facet normal 0.999699 -0.0245328 0
    outer loop
      vertex 7.50749 0 0.599991
      vertex 7.49845 -0.368375 3.39999
      vertex 7.49845 -0.368375 0.599991
    endloop
  endfacet
  facet normal -0.154961 0.690032 0.706995
    outer loop
      vertex -1.46464 7.36324 3.39999
      vertex -1.82417 7.2825 3.39999
      vertex -1.67838 6.70048 4
    endloop
  endfacet
  facet normal 0.34858 -0.615329 -0.70701
    outer loop
      vertex 3.53901 -6.62102 0.599991
      vertex 3.25617 -6.09186 0
      vertex 3.55116 -5.92475 0
    endloop
  endfacet
  facet normal 0.597483 -0.378349 -0.707012
    outer loop
      vertex 6.24225 -4.17094 0.599991
      vertex 5.74336 -3.83759 0
      vertex 6.43939 -3.85962 0.599991
    endloop
  endfacet
  facet normal -0.407213 -0.578196 -0.707012
    outer loop
      vertex -3.83759 -5.74336 0
      vertex -4.17094 -6.24225 0.599991
      vertex -4.11478 -5.54814 0
    endloop
  endfacet
  facet normal -0.681585 0.188627 -0.707009
    outer loop
      vertex -6.70048 1.67838 0
      vertex -7.18422 2.17931 0.599991
      vertex -6.61005 2.00514 0
    endloop
  endfacet
  facet normal 0.949527 0.313687 0
    outer loop
      vertex 7.18422 2.17931 3.39999
      vertex 7.06863 2.5292 0.599991
      vertex 7.06863 2.5292 3.39999
    endloop
  endfacet
  facet normal 0.949527 0.313687 0
    outer loop
      vertex 7.06863 2.5292 0.599991
      vertex 7.18422 2.17931 3.39999
      vertex 7.18422 2.17931 0.599991
    endloop
  endfacet
  facet normal 0.67151 0.221841 -0.707009
    outer loop
      vertex 7.18422 2.17931 0.599991
      vertex 6.5037 2.32706 0
      vertex 7.06863 2.5292 0.599991
    endloop
  endfacet
  facet normal -0.0865754 -0.701886 -0.707008
    outer loop
      vertex -0.735863 -7.47134 0.599991
      vertex -1.10158 -7.42623 0.599991
      vertex -1.01354 -6.83272 0
    endloop
  endfacet
  facet normal -0.219114 -0.975699 0
    outer loop
      vertex -1.82417 -7.2825 0.599991
      vertex -1.46464 -7.36324 3.39999
      vertex -1.82417 -7.2825 3.39999
    endloop
  endfacet
  facet normal -0.219114 -0.975699 -0
    outer loop
      vertex -1.46464 -7.36324 3.39999
      vertex -1.82417 -7.2825 0.599991
      vertex -1.46464 -7.36324 0.599991
    endloop
  endfacet
  facet normal 0.05203 -0.70529 -0.707007
    outer loop
      vertex 0.368375 -7.49845 0.599991
      vertex 0.338934 -6.89917 0
      vertex 0.735863 -7.47134 0.599991
    endloop
  endfacet
  facet normal 0.0173498 -0.706994 -0.707007
    outer loop
      vertex 0.368375 -7.49845 0.599991
      vertex 0 -7.50749 0.599991
      vertex 0.338934 -6.89917 0
    endloop
  endfacet
  facet normal -0.535505 0.461941 0.706997
    outer loop
      vertex -5.56268 5.04172 3.39999
      vertex -5.80337 4.7627 3.39999
      vertex -5.33956 4.38206 4
    endloop
  endfacet
  facet normal 0.757201 -0.653182 0
    outer loop
      vertex 5.56268 -5.04172 3.39999
      vertex 5.80337 -4.7627 0.599991
      vertex 5.80337 -4.7627 3.39999
    endloop
  endfacet
  facet normal 0.757201 -0.653182 0
    outer loop
      vertex 5.80337 -4.7627 0.599991
      vertex 5.56268 -5.04172 3.39999
      vertex 5.56268 -5.04172 0.599991
    endloop
  endfacet
  facet normal 0.6816 -0.188623 0.706995
    outer loop
      vertex 7.2825 -1.82417 3.39999
      vertex 6.70048 -1.67838 4
      vertex 7.18422 -2.17931 3.39999
    endloop
  endfacet
  facet normal 0.4496 -0.89323 0
    outer loop
      vertex 3.20987 -6.78669 0.599991
      vertex 3.53901 -6.62102 3.39999
      vertex 3.20987 -6.78669 3.39999
    endloop
  endfacet
  facet normal 0.4496 -0.89323 0
    outer loop
      vertex 3.53901 -6.62102 3.39999
      vertex 3.20987 -6.78669 0.599991
      vertex 3.53901 -6.62102 0.599991
    endloop
  endfacet
  facet normal -0.681585 -0.188627 -0.707009
    outer loop
      vertex -6.61005 -2.00514 0
      vertex -7.18422 -2.17931 0.599991
      vertex -6.70048 -1.67838 0
    endloop
  endfacet
  facet normal 0.65982 -0.254512 -0.707009
    outer loop
      vertex 6.93602 -2.87299 0.599991
      vertex 6.5037 -2.32706 0
      vertex 7.06863 -2.5292 0.599991
    endloop
  endfacet
  facet normal 0.405244 -0.914208 0
    outer loop
      vertex 2.87299 -6.93602 0.599991
      vertex 3.20987 -6.78669 3.39999
      vertex 2.87299 -6.93602 3.39999
    endloop
  endfacet
  facet normal 0.405244 -0.914208 0
    outer loop
      vertex 3.20987 -6.78669 3.39999
      vertex 2.87299 -6.93602 0.599991
      vertex 3.20987 -6.78669 0.599991
    endloop
  endfacet
  facet normal -0.696796 -0.120892 -0.707008
    outer loop
      vertex -7.36324 -1.46464 0.599991
      vertex -7.42623 -1.10158 0.599991
      vertex -6.83272 -1.01354 0
    endloop
  endfacet
  facet normal -0.646542 -0.286589 0.707001
    outer loop
      vertex -6.38168 -2.64338 4
      vertex -6.93602 -2.87299 3.39999
      vertex -6.24429 -2.95333 4
    endloop
  endfacet
  facet normal -0.6816 0.188623 0.706995
    outer loop
      vertex -7.18422 2.17931 3.39999
      vertex -7.2825 1.82417 3.39999
      vertex -6.70048 1.67838 4
    endloop
  endfacet
  facet normal -0.963776 0.266712 0
    outer loop
      vertex -7.2825 1.82417 0.599991
      vertex -7.18422 2.17931 3.39999
      vertex -7.18422 2.17931 0.599991
    endloop
  endfacet
  facet normal -0.963776 0.266712 0
    outer loop
      vertex -7.18422 2.17931 3.39999
      vertex -7.2825 1.82417 0.599991
      vertex -7.2825 1.82417 3.39999
    endloop
  endfacet
  facet normal 0.01735 0.707005 0.706996
    outer loop
      vertex 0.368375 7.49845 3.39999
      vertex 0 7.50749 3.39999
      vertex 0.338934 6.89917 4
    endloop
  endfacet
  facet normal 0.659823 -0.254526 0.707001
    outer loop
      vertex 6.5037 -2.32706 4
      vertex 6.38168 -2.64338 4
      vertex 6.93602 -2.87299 3.39999
    endloop
  endfacet
  facet normal -0.578196 0.407215 -0.707012
    outer loop
      vertex -5.54814 4.11478 0
      vertex -6.24225 4.17094 0.599991
      vertex -6.03007 4.47221 0.599991
    endloop
  endfacet
  facet normal -0.914208 0.405244 0
    outer loop
      vertex -6.93602 2.87299 0.599991
      vertex -6.78669 3.20987 3.39999
      vertex -6.78669 3.20987 0.599991
    endloop
  endfacet
  facet normal -0.914208 0.405244 0
    outer loop
      vertex -6.78669 3.20987 3.39999
      vertex -6.93602 2.87299 0.599991
      vertex -6.93602 2.87299 3.39999
    endloop
  endfacet
  facet normal -0.01735 0.707005 0.706996
    outer loop
      vertex 0 7.50749 3.39999
      vertex -0.368375 7.49845 3.39999
      vertex -0.338934 6.89917 4
    endloop
  endfacet
  facet normal -0.578205 0.407221 0.707001
    outer loop
      vertex -6.03007 4.47221 3.39999
      vertex -6.24225 4.17094 3.39999
      vertex -5.54814 4.11478 4
    endloop
  endfacet
  facet normal 0.696791 0.120902 -0.707011
    outer loop
      vertex 6.83272 1.01354 0
      vertex 6.77476 1.34758 0
      vertex 7.36324 1.46464 0.599991
    endloop
  endfacet
  facet normal 0.817583 0.575811 0
    outer loop
      vertex 6.24225 4.17094 3.39999
      vertex 6.03007 4.47221 0.599991
      vertex 6.03007 4.47221 3.39999
    endloop
  endfacet
  facet normal 0.817583 0.575811 0
    outer loop
      vertex 6.03007 4.47221 0.599991
      vertex 6.24225 4.17094 3.39999
      vertex 6.24225 4.17094 0.599991
    endloop
  endfacet
  facet normal -0.48765 -0.512201 0.706999
    outer loop
      vertex -4.88433 -4.88433 4
      vertex -5.3086 -5.3086 3.39999
      vertex -4.63878 -5.11811 4
    endloop
  endfacet
  facet normal 0.0173553 0.707006 0.706994
    outer loop
      vertex 0 7.50749 3.39999
      vertex 0 6.90749 4
      vertex 0.338934 6.89917 4
    endloop
  endfacet
  facet normal 0.597492 0.378355 0.707001
    outer loop
      vertex 6.24225 4.17094 3.39999
      vertex 5.74336 3.83759 4
      vertex 6.43939 3.85962 3.39999
    endloop
  endfacet
  facet normal 0.188627 0.681585 -0.707009
    outer loop
      vertex 2.00514 6.61005 0
      vertex 1.67838 6.70048 0
      vertex 2.17931 7.18422 0.599991
    endloop
  endfacet
  facet normal -0.557529 -0.435099 0.707001
    outer loop
      vertex -5.54814 -4.11478 4
      vertex -6.03007 -4.47221 3.39999
      vertex -5.80337 -4.7627 3.39999
    endloop
  endfacet
  facet normal -0.378369 0.597477 -0.707006
    outer loop
      vertex -3.83759 5.74336 0
      vertex -3.85962 6.43939 0.599991
      vertex -3.55116 5.92475 0
    endloop
  endfacet
  facet normal -0.461941 -0.535505 0.706997
    outer loop
      vertex -4.38206 -5.33956 4
      vertex -5.04172 -5.56268 3.39999
      vertex -4.7627 -5.80337 3.39999
    endloop
  endfacet
  facet normal 0.0865754 -0.701886 -0.707008
    outer loop
      vertex 1.10158 -7.42623 0.599991
      vertex 0.735863 -7.47134 0.599991
      vertex 1.01354 -6.83272 0
    endloop
  endfacet
  facet normal -0.254526 0.659823 0.707001
    outer loop
      vertex -2.32706 6.5037 4
      vertex -2.87299 6.93602 3.39999
      vertex -2.64338 6.38168 4
    endloop
  endfacet
  facet normal 0.615336 0.348596 0.706995
    outer loop
      vertex 6.43939 3.85962 3.39999
      vertex 5.92475 3.55116 4
      vertex 6.62102 3.53901 3.39999
    endloop
  endfacet
  facet normal -0.512201 0.48765 0.706999
    outer loop
      vertex -4.88433 4.88433 4
      vertex -5.3086 5.3086 3.39999
      vertex -5.11811 4.63878 4
    endloop
  endfacet
  facet normal -0.154944 -0.690031 0.707
    outer loop
      vertex -1.34758 -6.77476 4
      vertex -1.67838 -6.70048 4
      vertex -1.46464 -7.36324 3.39999
    endloop
  endfacet
  facet normal -0.690032 -0.154961 0.706995
    outer loop
      vertex -6.70048 -1.67838 4
      vertex -7.36324 -1.46464 3.39999
      vertex -7.2825 -1.82417 3.39999
    endloop
  endfacet
  facet normal -0.221841 0.67151 -0.707009
    outer loop
      vertex -2.32706 6.5037 0
      vertex -2.5292 7.06863 0.599991
      vertex -2.17931 7.18422 0.599991
    endloop
  endfacet
  facet normal -0.154959 0.690021 -0.707007
    outer loop
      vertex -1.67838 6.70048 0
      vertex -1.82417 7.2825 0.599991
      vertex -1.46464 7.36324 0.599991
    endloop
  endfacet
  facet normal -0.985281 -0.170944 0
    outer loop
      vertex -7.36324 -1.46464 0.599991
      vertex -7.42623 -1.10158 3.39999
      vertex -7.42623 -1.10158 0.599991
    endloop
  endfacet
  facet normal -0.985281 -0.170944 0
    outer loop
      vertex -7.42623 -1.10158 3.39999
      vertex -7.36324 -1.46464 0.599991
      vertex -7.36324 -1.46464 3.39999
    endloop
  endfacet
  facet normal 0.705285 -0.0520435 -0.707011
    outer loop
      vertex 7.47134 -0.735863 0.599991
      vertex 6.87422 -0.677052 0
      vertex 6.89917 -0.338934 0
    endloop
  endfacet
  facet normal -0.6816 -0.188623 0.706995
    outer loop
      vertex -6.70048 -1.67838 4
      vertex -7.2825 -1.82417 3.39999
      vertex -7.18422 -2.17931 3.39999
    endloop
  endfacet
  facet normal -0.286589 0.646542 0.707001
    outer loop
      vertex -2.87299 6.93602 3.39999
      vertex -2.95333 6.24429 4
      vertex -2.64338 6.38168 4
    endloop
  endfacet
  facet normal -0.949527 0.313687 0
    outer loop
      vertex -7.18422 2.17931 0.599991
      vertex -7.06863 2.5292 3.39999
      vertex -7.06863 2.5292 0.599991
    endloop
  endfacet
  facet normal -0.949527 0.313687 0
    outer loop
      vertex -7.06863 2.5292 3.39999
      vertex -7.18422 2.17931 0.599991
      vertex -7.18422 2.17931 3.39999
    endloop
  endfacet
  facet normal -0.492912 -0.870079 0
    outer loop
      vertex -3.85962 -6.43939 0.599991
      vertex -3.53901 -6.62102 3.39999
      vertex -3.85962 -6.43939 3.39999
    endloop
  endfacet
  facet normal -0.492912 -0.870079 -0
    outer loop
      vertex -3.53901 -6.62102 3.39999
      vertex -3.85962 -6.43939 0.599991
      vertex -3.53901 -6.62102 0.599991
    endloop
  endfacet
  facet normal 0.597477 0.378369 -0.707006
    outer loop
      vertex 5.92475 3.55116 0
      vertex 5.74336 3.83759 0
      vertex 6.43939 3.85962 0.599991
    endloop
  endfacet
  facet normal 0.378355 -0.597492 0.707001
    outer loop
      vertex 4.17094 -6.24225 3.39999
      vertex 3.83759 -5.74336 4
      vertex 3.85962 -6.43939 3.39999
    endloop
  endfacet
  facet normal -0.788347 -0.615231 0
    outer loop
      vertex -5.80337 -4.7627 0.599991
      vertex -6.03007 -4.47221 3.39999
      vertex -6.03007 -4.47221 0.599991
    endloop
  endfacet
  facet normal -0.788347 -0.615231 0
    outer loop
      vertex -6.03007 -4.47221 3.39999
      vertex -5.80337 -4.7627 0.599991
      vertex -5.80337 -4.7627 3.39999
    endloop
  endfacet
  facet normal -0.359885 0.932997 0
    outer loop
      vertex -2.5292 7.06863 0.599991
      vertex -2.87299 6.93602 3.39999
      vertex -2.5292 7.06863 3.39999
    endloop
  endfacet
  facet normal -0.359885 0.932997 0
    outer loop
      vertex -2.87299 6.93602 3.39999
      vertex -2.5292 7.06863 0.599991
      vertex -2.87299 6.93602 0.599991
    endloop
  endfacet
  facet normal -0.89323 -0.4496 0
    outer loop
      vertex -6.62102 -3.53901 0.599991
      vertex -6.78669 -3.20987 3.39999
      vertex -6.78669 -3.20987 0.599991
    endloop
  endfacet
  facet normal -0.89323 -0.4496 0
    outer loop
      vertex -6.78669 -3.20987 3.39999
      vertex -6.62102 -3.53901 0.599991
      vertex -6.62102 -3.53901 3.39999
    endloop
  endfacet
  facet normal -0.707006 -0.0173553 0.706994
    outer loop
      vertex -6.90749 0 4
      vertex -7.50749 0 3.39999
      vertex -6.89917 -0.338934 4
    endloop
  endfacet
  facet normal 0.0520444 0.705296 0.707
    outer loop
      vertex 0.735863 7.47134 3.39999
      vertex 0.338934 6.89917 4
      vertex 0.677052 6.87422 4
    endloop
  endfacet
  facet normal 0.557539 -0.435092 0.706997
    outer loop
      vertex 5.54814 -4.11478 4
      vertex 5.33956 -4.38206 4
      vertex 5.80337 -4.7627 3.39999
    endloop
  endfacet
  facet normal 0.170944 -0.985281 0
    outer loop
      vertex 1.10158 -7.42623 0.599991
      vertex 1.46464 -7.36324 3.39999
      vertex 1.10158 -7.42623 3.39999
    endloop
  endfacet
  facet normal 0.170944 -0.985281 0
    outer loop
      vertex 1.46464 -7.36324 3.39999
      vertex 1.10158 -7.42623 0.599991
      vertex 1.46464 -7.36324 0.599991
    endloop
  endfacet
  facet normal -0.31796 0.631707 0.706999
    outer loop
      vertex -2.95333 6.24429 4
      vertex -3.53901 6.62102 3.39999
      vertex -3.25617 6.09186 4
    endloop
  endfacet
  facet normal -0.67151 0.221841 -0.707009
    outer loop
      vertex -6.5037 2.32706 0
      vertex -7.18422 2.17931 0.599991
      vertex -7.06863 2.5292 0.599991
    endloop
  endfacet
  facet normal -0.701896 -0.0865667 0.707
    outer loop
      vertex -6.87422 -0.677052 4
      vertex -7.47134 -0.735863 3.39999
      vertex -6.83272 -1.01354 4
    endloop
  endfacet
  facet normal -0.681596 0.18863 0.706998
    outer loop
      vertex -6.61005 2.00514 4
      vertex -7.18422 2.17931 3.39999
      vertex -6.70048 1.67838 4
    endloop
  endfacet
  facet normal 0.40722 0.578205 0.707001
    outer loop
      vertex 4.17094 6.24225 3.39999
      vertex 3.83759 5.74336 4
      vertex 4.11478 5.54814 4
    endloop
  endfacet
  facet normal 0.435092 0.557539 0.706997
    outer loop
      vertex 4.7627 5.80337 3.39999
      vertex 4.11478 5.54814 4
      vertex 4.38206 5.33956 4
    endloop
  endfacet
  facet normal 0.646541 0.286595 0.707
    outer loop
      vertex 6.78669 3.20987 3.39999
      vertex 6.24429 2.95333 4
      vertex 6.93602 2.87299 3.39999
    endloop
  endfacet
  facet normal -0.348596 -0.615336 0.706995
    outer loop
      vertex -3.55116 -5.92475 4
      vertex -3.85962 -6.43939 3.39999
      vertex -3.53901 -6.62102 3.39999
    endloop
  endfacet
  facet normal 0.690031 0.154944 0.707
    outer loop
      vertex 7.36324 1.46464 3.39999
      vertex 6.70048 1.67838 4
      vertex 6.77476 1.34758 4
    endloop
  endfacet
  facet normal -0.0865767 -0.701897 0.706997
    outer loop
      vertex -1.01354 -6.83272 4
      vertex -1.10158 -7.42623 3.39999
      vertex -0.735863 -7.47134 3.39999
    endloop
  endfacet
  facet normal -0.18863 -0.681596 0.706998
    outer loop
      vertex -2.00514 -6.61005 4
      vertex -2.17931 -7.18422 3.39999
      vertex -1.67838 -6.70048 4
    endloop
  endfacet
  facet normal -0.615338 -0.348585 0.706999
    outer loop
      vertex -6.09186 -3.25617 4
      vertex -6.62102 -3.53901 3.39999
      vertex -5.92475 -3.55116 4
    endloop
  endfacet
  facet normal 0.557539 0.435092 0.706997
    outer loop
      vertex 5.80337 4.7627 3.39999
      vertex 5.33956 4.38206 4
      vertex 5.54814 4.11478 4
    endloop
  endfacet
  facet normal -0.120904 0.696802 0.707
    outer loop
      vertex -1.01354 6.83272 4
      vertex -1.46464 7.36324 3.39999
      vertex -1.34758 6.77476 4
    endloop
  endfacet
  facet normal 0.378375 -0.597486 0.706995
    outer loop
      vertex 3.83759 -5.74336 4
      vertex 3.55116 -5.92475 4
      vertex 3.85962 -6.43939 3.39999
    endloop
  endfacet
  facet normal -0.681589 0.18862 -0.707007
    outer loop
      vertex -6.70048 1.67838 0
      vertex -7.2825 1.82417 0.599991
      vertex -7.18422 2.17931 0.599991
    endloop
  endfacet
  facet normal -0.646531 0.28659 -0.707011
    outer loop
      vertex -6.24429 2.95333 0
      vertex -6.93602 2.87299 0.599991
      vertex -6.78669 3.20987 0.599991
    endloop
  endfacet
  facet normal -0.512193 -0.487642 -0.70701
    outer loop
      vertex -4.88433 -4.88433 0
      vertex -5.3086 -5.3086 0.599991
      vertex -5.11811 -4.63878 0
    endloop
  endfacet
  facet normal -0.631705 -0.317963 0.707
    outer loop
      vertex -6.24429 -2.95333 4
      vertex -6.78669 -3.20987 3.39999
      vertex -6.62102 -3.53901 3.39999
    endloop
  endfacet
  facet normal -0.646541 -0.286595 0.707
    outer loop
      vertex -6.24429 -2.95333 4
      vertex -6.93602 -2.87299 3.39999
      vertex -6.78669 -3.20987 3.39999
    endloop
  endfacet
  facet normal -0.0520308 0.705301 0.706996
    outer loop
      vertex -0.368375 7.49845 3.39999
      vertex -0.735863 7.47134 3.39999
      vertex -0.338934 6.89917 4
    endloop
  endfacet
  facet normal -0.05203 0.70529 -0.707007
    outer loop
      vertex -0.338934 6.89917 0
      vertex -0.735863 7.47134 0.599991
      vertex -0.368375 7.49845 0.599991
    endloop
  endfacet
  facet normal -0.286585 0.646531 -0.707012
    outer loop
      vertex -2.64338 6.38168 0
      vertex -2.95333 6.24429 0
      vertex -2.87299 6.93602 0.599991
    endloop
  endfacet
  facet normal -0.615329 0.34858 -0.70701
    outer loop
      vertex -6.09186 3.25617 0
      vertex -6.62102 3.53901 0.599991
      vertex -5.92475 3.55116 0
    endloop
  endfacet
  facet normal -0.254512 0.65982 -0.707009
    outer loop
      vertex -2.32706 6.5037 0
      vertex -2.87299 6.93602 0.599991
      vertex -2.5292 7.06863 0.599991
    endloop
  endfacet
  facet normal -0.689525 -0.724262 0
    outer loop
      vertex -5.3086 -5.3086 0.599991
      vertex -5.04172 -5.56268 3.39999
      vertex -5.3086 -5.3086 3.39999
    endloop
  endfacet
  facet normal -0.689525 -0.724262 -0
    outer loop
      vertex -5.04172 -5.56268 3.39999
      vertex -5.3086 -5.3086 0.599991
      vertex -5.04172 -5.56268 0.599991
    endloop
  endfacet
  facet normal -0.512202 -0.487636 -0.707007
    outer loop
      vertex -5.3086 -5.3086 0.599991
      vertex -5.56268 -5.04172 0.599991
      vertex -5.11811 -4.63878 0
    endloop
  endfacet
  facet normal 0.512201 -0.48765 0.706999
    outer loop
      vertex 5.11811 -4.63878 4
      vertex 4.88433 -4.88433 4
      vertex 5.3086 -5.3086 3.39999
    endloop
  endfacet
  facet normal -0.378349 0.597483 -0.707012
    outer loop
      vertex -3.83759 5.74336 0
      vertex -4.17094 6.24225 0.599991
      vertex -3.85962 6.43939 0.599991
    endloop
  endfacet
  facet normal -0.701896 0.0865667 0.707
    outer loop
      vertex -6.83272 1.01354 4
      vertex -7.47134 0.735863 3.39999
      vertex -6.87422 0.677052 4
    endloop
  endfacet
  facet normal -0.286595 0.646541 0.707
    outer loop
      vertex -2.87299 6.93602 3.39999
      vertex -3.20987 6.78669 3.39999
      vertex -2.95333 6.24429 4
    endloop
  endfacet
  facet normal -0.221844 0.67152 0.706998
    outer loop
      vertex -2.17931 7.18422 3.39999
      vertex -2.5292 7.06863 3.39999
      vertex -2.32706 6.5037 4
    endloop
  endfacet
  facet normal -0.659823 -0.254526 0.707001
    outer loop
      vertex -6.5037 -2.32706 4
      vertex -6.93602 -2.87299 3.39999
      vertex -6.38168 -2.64338 4
    endloop
  endfacet
  facet normal -0.18863 0.681596 0.706998
    outer loop
      vertex -1.67838 6.70048 4
      vertex -2.17931 7.18422 3.39999
      vertex -2.00514 6.61005 4
    endloop
  endfacet
  facet normal -0.0520444 -0.705296 0.707
    outer loop
      vertex -0.677052 -6.87422 4
      vertex -0.735863 -7.47134 3.39999
      vertex -0.338934 -6.89917 4
    endloop
  endfacet
  facet normal 0.914208 0.405244 0
    outer loop
      vertex 6.93602 2.87299 3.39999
      vertex 6.78669 3.20987 0.599991
      vertex 6.78669 3.20987 3.39999
    endloop
  endfacet
  facet normal 0.914208 0.405244 0
    outer loop
      vertex 6.78669 3.20987 0.599991
      vertex 6.93602 2.87299 3.39999
      vertex 6.93602 2.87299 0.599991
    endloop
  endfacet
  facet normal 0.348591 -0.615326 -0.707007
    outer loop
      vertex 3.85962 -6.43939 0.599991
      vertex 3.53901 -6.62102 0.599991
      vertex 3.55116 -5.92475 0
    endloop
  endfacet
  facet normal 0.017355 0.706995 -0.707006
    outer loop
      vertex 0.338934 6.89917 0
      vertex 0 6.90749 0
      vertex 0 7.50749 0.599991
    endloop
  endfacet
  facet normal -0.254512 -0.65982 -0.707009
    outer loop
      vertex -2.5292 -7.06863 0.599991
      vertex -2.87299 -6.93602 0.599991
      vertex -2.32706 -6.5037 0
    endloop
  endfacet
  facet normal -0.120902 -0.696791 -0.707011
    outer loop
      vertex -1.01354 -6.83272 0
      vertex -1.46464 -7.36324 0.599991
      vertex -1.34758 -6.77476 0
    endloop
  endfacet
  facet normal 0.707005 0.01735 0.706996
    outer loop
      vertex 7.49845 0.368375 3.39999
      vertex 6.89917 0.338934 4
      vertex 7.50749 0 3.39999
    endloop
  endfacet
  facet normal 0.99729 0.0735712 0
    outer loop
      vertex 7.49845 0.368375 3.39999
      vertex 7.47134 0.735863 0.599991
      vertex 7.47134 0.735863 3.39999
    endloop
  endfacet
  facet normal 0.99729 0.0735712 0
    outer loop
      vertex 7.47134 0.735863 0.599991
      vertex 7.49845 0.368375 3.39999
      vertex 7.49845 0.368375 0.599991
    endloop
  endfacet
  facet normal -0.188623 -0.6816 0.706995
    outer loop
      vertex -1.67838 -6.70048 4
      vertex -2.17931 -7.18422 3.39999
      vertex -1.82417 -7.2825 3.39999
    endloop
  endfacet
  facet normal -0.221841 -0.67151 -0.707009
    outer loop
      vertex -2.17931 -7.18422 0.599991
      vertex -2.5292 -7.06863 0.599991
      vertex -2.32706 -6.5037 0
    endloop
  endfacet
  facet normal -0.170944 -0.985281 0
    outer loop
      vertex -1.46464 -7.36324 0.599991
      vertex -1.10158 -7.42623 3.39999
      vertex -1.46464 -7.36324 3.39999
    endloop
  endfacet
  facet normal -0.170944 -0.985281 -0
    outer loop
      vertex -1.10158 -7.42623 3.39999
      vertex -1.46464 -7.36324 0.599991
      vertex -1.10158 -7.42623 0.599991
    endloop
  endfacet
  facet normal -0.120892 -0.696796 -0.707008
    outer loop
      vertex -1.10158 -7.42623 0.599991
      vertex -1.46464 -7.36324 0.599991
      vertex -1.01354 -6.83272 0
    endloop
  endfacet
  facet normal 0.120892 -0.696796 -0.707008
    outer loop
      vertex 1.10158 -7.42623 0.599991
      vertex 1.01354 -6.83272 0
      vertex 1.46464 -7.36324 0.599991
    endloop
  endfacet
  facet normal -0.578196 0.407213 -0.707012
    outer loop
      vertex -5.74336 3.83759 0
      vertex -6.24225 4.17094 0.599991
      vertex -5.54814 4.11478 0
    endloop
  endfacet
  facet normal 0.120904 -0.696802 0.707
    outer loop
      vertex 1.34758 -6.77476 4
      vertex 1.01354 -6.83272 4
      vertex 1.46464 -7.36324 3.39999
    endloop
  endfacet
  facet normal 0.578205 -0.407221 0.707001
    outer loop
      vertex 6.24225 -4.17094 3.39999
      vertex 5.54814 -4.11478 4
      vertex 6.03007 -4.47221 3.39999
    endloop
  endfacet
  facet normal 0.188623 -0.6816 0.706995
    outer loop
      vertex 2.17931 -7.18422 3.39999
      vertex 1.67838 -6.70048 4
      vertex 1.82417 -7.2825 3.39999
    endloop
  endfacet
  facet normal 0.313687 -0.949527 0
    outer loop
      vertex 2.17931 -7.18422 0.599991
      vertex 2.5292 -7.06863 3.39999
      vertex 2.17931 -7.18422 3.39999
    endloop
  endfacet
  facet normal 0.313687 -0.949527 0
    outer loop
      vertex 2.5292 -7.06863 3.39999
      vertex 2.17931 -7.18422 0.599991
      vertex 2.5292 -7.06863 0.599991
    endloop
  endfacet
  facet normal -0.631697 0.317955 -0.70701
    outer loop
      vertex -6.24429 2.95333 0
      vertex -6.62102 3.53901 0.599991
      vertex -6.09186 3.25617 0
    endloop
  endfacet
  facet normal 0.67151 -0.221841 -0.707009
    outer loop
      vertex 7.06863 -2.5292 0.599991
      vertex 6.5037 -2.32706 0
      vertex 7.18422 -2.17931 0.599991
    endloop
  endfacet
  facet normal -0.348585 -0.615338 0.706999
    outer loop
      vertex -3.25617 -6.09186 4
      vertex -3.55116 -5.92475 4
      vertex -3.53901 -6.62102 3.39999
    endloop
  endfacet
  facet normal 0.487644 -0.512211 0.706996
    outer loop
      vertex 5.3086 -5.3086 3.39999
      vertex 4.63878 -5.11811 4
      vertex 5.04172 -5.56268 3.39999
    endloop
  endfacet
  facet normal -0.55752 -0.435092 -0.707012
    outer loop
      vertex -5.80337 -4.7627 0.599991
      vertex -6.03007 -4.47221 0.599991
      vertex -5.54814 -4.11478 0
    endloop
  endfacet
  facet normal -0.705296 0.0520444 0.707
    outer loop
      vertex -6.87422 0.677052 4
      vertex -7.47134 0.735863 3.39999
      vertex -6.89917 0.338934 4
    endloop
  endfacet
  facet normal -0.557539 0.435092 0.706997
    outer loop
      vertex -5.33956 4.38206 4
      vertex -5.80337 4.7627 3.39999
      vertex -5.54814 4.11478 4
    endloop
  endfacet
  facet normal -0.701897 0.0865767 0.706997
    outer loop
      vertex -7.42623 1.10158 3.39999
      vertex -7.47134 0.735863 3.39999
      vertex -6.83272 1.01354 4
    endloop
  endfacet
  facet normal -0.266712 -0.963776 0
    outer loop
      vertex -2.17931 -7.18422 0.599991
      vertex -1.82417 -7.2825 3.39999
      vertex -2.17931 -7.18422 3.39999
    endloop
  endfacet
  facet normal -0.266712 -0.963776 -0
    outer loop
      vertex -1.82417 -7.2825 3.39999
      vertex -2.17931 -7.18422 0.599991
      vertex -1.82417 -7.2825 0.599991
    endloop
  endfacet
  facet normal -0.690032 0.154961 0.706995
    outer loop
      vertex -7.2825 1.82417 3.39999
      vertex -7.36324 1.46464 3.39999
      vertex -6.70048 1.67838 4
    endloop
  endfacet
  facet normal -0.646541 0.286595 0.707
    outer loop
      vertex -6.78669 3.20987 3.39999
      vertex -6.93602 2.87299 3.39999
      vertex -6.24429 2.95333 4
    endloop
  endfacet
  facet normal -0.557529 0.435099 0.707001
    outer loop
      vertex -5.80337 4.7627 3.39999
      vertex -6.03007 4.47221 3.39999
      vertex -5.54814 4.11478 4
    endloop
  endfacet
  facet normal 0.696802 0.120904 0.707
    outer loop
      vertex 7.36324 1.46464 3.39999
      vertex 6.77476 1.34758 4
      vertex 6.83272 1.01354 4
    endloop
  endfacet
  facet normal 0.89323 0.4496 0
    outer loop
      vertex 6.78669 3.20987 3.39999
      vertex 6.62102 3.53901 0.599991
      vertex 6.62102 3.53901 3.39999
    endloop
  endfacet
  facet normal 0.89323 0.4496 0
    outer loop
      vertex 6.62102 3.53901 0.599991
      vertex 6.78669 3.20987 3.39999
      vertex 6.78669 3.20987 0.599991
    endloop
  endfacet
  facet normal 0.870079 0.492912 0
    outer loop
      vertex 6.62102 3.53901 3.39999
      vertex 6.43939 3.85962 0.599991
      vertex 6.43939 3.85962 3.39999
    endloop
  endfacet
  facet normal 0.870079 0.492912 0
    outer loop
      vertex 6.43939 3.85962 0.599991
      vertex 6.62102 3.53901 3.39999
      vertex 6.62102 3.53901 0.599991
    endloop
  endfacet
  facet normal 0.631695 -0.317958 -0.707011
    outer loop
      vertex 6.62102 -3.53901 0.599991
      vertex 6.24429 -2.95333 0
      vertex 6.78669 -3.20987 0.599991
    endloop
  endfacet
  facet normal -0.535496 -0.461933 -0.707009
    outer loop
      vertex -5.56268 -5.04172 0.599991
      vertex -5.80337 -4.7627 0.599991
      vertex -5.33956 -4.38206 0
    endloop
  endfacet
  facet normal 0.120894 0.696807 0.706997
    outer loop
      vertex 1.10158 7.42623 3.39999
      vertex 1.01354 6.83272 4
      vertex 1.46464 7.36324 3.39999
    endloop
  endfacet
  facet normal 0.0865767 0.701897 0.706997
    outer loop
      vertex 1.10158 7.42623 3.39999
      vertex 0.735863 7.47134 3.39999
      vertex 1.01354 6.83272 4
    endloop
  endfacet
  facet normal 0.689525 0.724262 -0
    outer loop
      vertex 5.3086 5.3086 0.599991
      vertex 5.04172 5.56268 3.39999
      vertex 5.3086 5.3086 3.39999
    endloop
  endfacet
  facet normal 0.689525 0.724262 0
    outer loop
      vertex 5.04172 5.56268 3.39999
      vertex 5.3086 5.3086 0.599991
      vertex 5.04172 5.56268 0.599991
    endloop
  endfacet
  facet normal -0.286589 -0.646542 0.707001
    outer loop
      vertex -2.64338 -6.38168 4
      vertex -2.95333 -6.24429 4
      vertex -2.87299 -6.93602 3.39999
    endloop
  endfacet
  facet normal 0.0245328 0.999699 -0
    outer loop
      vertex 0.368375 7.49845 0.599991
      vertex 0 7.50749 3.39999
      vertex 0.368375 7.49845 3.39999
    endloop
  endfacet
  facet normal 0.0245328 0.999699 0
    outer loop
      vertex 0 7.50749 3.39999
      vertex 0.368375 7.49845 0.599991
      vertex 0 7.50749 0.599991
    endloop
  endfacet
  facet normal 0.122419 0.992479 -0
    outer loop
      vertex 1.10158 7.42623 0.599991
      vertex 0.735863 7.47134 3.39999
      vertex 1.10158 7.42623 3.39999
    endloop
  endfacet
  facet normal 0.122419 0.992479 0
    outer loop
      vertex 0.735863 7.47134 3.39999
      vertex 1.10158 7.42623 0.599991
      vertex 0.735863 7.47134 0.599991
    endloop
  endfacet
  facet normal 0.359885 0.932997 -0
    outer loop
      vertex 2.87299 6.93602 0.599991
      vertex 2.5292 7.06863 3.39999
      vertex 2.87299 6.93602 3.39999
    endloop
  endfacet
  facet normal 0.359885 0.932997 0
    outer loop
      vertex 2.5292 7.06863 3.39999
      vertex 2.87299 6.93602 0.599991
      vertex 2.5292 7.06863 0.599991
    endloop
  endfacet
  facet normal -0.53551 -0.461938 0.706996
    outer loop
      vertex -5.33956 -4.38206 4
      vertex -5.56268 -5.04172 3.39999
      vertex -5.11811 -4.63878 4
    endloop
  endfacet
  facet normal 0.597492 -0.378355 0.707001
    outer loop
      vertex 6.43939 -3.85962 3.39999
      vertex 5.74336 -3.83759 4
      vertex 6.24225 -4.17094 3.39999
    endloop
  endfacet
  facet normal 0.254512 0.65982 -0.707009
    outer loop
      vertex 2.87299 6.93602 0.599991
      vertex 2.32706 6.5037 0
      vertex 2.5292 7.06863 0.599991
    endloop
  endfacet
  facet normal 0.405244 0.914208 -0
    outer loop
      vertex 3.20987 6.78669 0.599991
      vertex 2.87299 6.93602 3.39999
      vertex 3.20987 6.78669 3.39999
    endloop
  endfacet
  facet normal 0.405244 0.914208 0
    outer loop
      vertex 2.87299 6.93602 3.39999
      vertex 3.20987 6.78669 0.599991
      vertex 2.87299 6.93602 0.599991
    endloop
  endfacet
  facet normal -0.286585 -0.646531 -0.707012
    outer loop
      vertex -2.87299 -6.93602 0.599991
      vertex -2.95333 -6.24429 0
      vertex -2.64338 -6.38168 0
    endloop
  endfacet
  facet normal -0.690031 -0.154944 0.707
    outer loop
      vertex -6.77476 -1.34758 4
      vertex -7.36324 -1.46464 3.39999
      vertex -6.70048 -1.67838 4
    endloop
  endfacet
  facet normal -0.512211 0.487644 0.706996
    outer loop
      vertex -5.3086 5.3086 3.39999
      vertex -5.56268 5.04172 3.39999
      vertex -5.11811 4.63878 4
    endloop
  endfacet
  facet normal -0.40722 0.578205 0.707001
    outer loop
      vertex -3.83759 5.74336 4
      vertex -4.17094 6.24225 3.39999
      vertex -4.11478 5.54814 4
    endloop
  endfacet
  facet normal 0.578205 0.407221 0.707001
    outer loop
      vertex 6.03007 4.47221 3.39999
      vertex 5.54814 4.11478 4
      vertex 6.24225 4.17094 3.39999
    endloop
  endfacet
  facet normal 0.788347 0.615231 0
    outer loop
      vertex 6.03007 4.47221 3.39999
      vertex 5.80337 4.7627 0.599991
      vertex 5.80337 4.7627 3.39999
    endloop
  endfacet
  facet normal 0.788347 0.615231 0
    outer loop
      vertex 5.80337 4.7627 0.599991
      vertex 6.03007 4.47221 3.39999
      vertex 6.03007 4.47221 0.599991
    endloop
  endfacet
  facet normal 0.40722 -0.578205 0.707001
    outer loop
      vertex 4.11478 -5.54814 4
      vertex 3.83759 -5.74336 4
      vertex 4.17094 -6.24225 3.39999
    endloop
  endfacet
  facet normal 0.0865667 0.701896 0.707
    outer loop
      vertex 0.735863 7.47134 3.39999
      vertex 0.677052 6.87422 4
      vertex 1.01354 6.83272 4
    endloop
  endfacet
  facet normal 0.578205 -0.40722 0.707001
    outer loop
      vertex 5.74336 -3.83759 4
      vertex 5.54814 -4.11478 4
      vertex 6.24225 -4.17094 3.39999
    endloop
  endfacet
  facet normal -0.05203 -0.70529 -0.707007
    outer loop
      vertex -0.368375 -7.49845 0.599991
      vertex -0.735863 -7.47134 0.599991
      vertex -0.338934 -6.89917 0
    endloop
  endfacet
  facet normal 0.646541 -0.286595 0.707
    outer loop
      vertex 6.93602 -2.87299 3.39999
      vertex 6.24429 -2.95333 4
      vertex 6.78669 -3.20987 3.39999
    endloop
  endfacet
  facet normal 0.631705 -0.317963 0.707
    outer loop
      vertex 6.78669 -3.20987 3.39999
      vertex 6.24429 -2.95333 4
      vertex 6.62102 -3.53901 3.39999
    endloop
  endfacet
  facet normal -0.696802 -0.120904 0.707
    outer loop
      vertex -6.83272 -1.01354 4
      vertex -7.36324 -1.46464 3.39999
      vertex -6.77476 -1.34758 4
    endloop
  endfacet
  facet normal 0.975699 -0.219114 0
    outer loop
      vertex 7.2825 -1.82417 3.39999
      vertex 7.36324 -1.46464 0.599991
      vertex 7.36324 -1.46464 3.39999
    endloop
  endfacet
  facet normal 0.975699 -0.219114 0
    outer loop
      vertex 7.36324 -1.46464 0.599991
      vertex 7.2825 -1.82417 3.39999
      vertex 7.2825 -1.82417 0.599991
    endloop
  endfacet
  facet normal -0.659812 -0.254522 -0.707012
    outer loop
      vertex -6.38168 -2.64338 0
      vertex -6.93602 -2.87299 0.599991
      vertex -6.5037 -2.32706 0
    endloop
  endfacet
  facet normal -0.992479 -0.122419 0
    outer loop
      vertex -7.42623 -1.10158 0.599991
      vertex -7.47134 -0.735863 3.39999
      vertex -7.47134 -0.735863 0.599991
    endloop
  endfacet
  facet normal -0.992479 -0.122419 0
    outer loop
      vertex -7.47134 -0.735863 3.39999
      vertex -7.42623 -1.10158 0.599991
      vertex -7.42623 -1.10158 3.39999
    endloop
  endfacet
  facet normal -0.487636 0.512202 -0.707007
    outer loop
      vertex -4.63878 5.11811 0
      vertex -5.3086 5.3086 0.599991
      vertex -5.04172 5.56268 0.599991
    endloop
  endfacet
  facet normal -0.631695 0.317958 -0.707011
    outer loop
      vertex -6.24429 2.95333 0
      vertex -6.78669 3.20987 0.599991
      vertex -6.62102 3.53901 0.599991
    endloop
  endfacet
  facet normal 0.378369 0.597477 -0.707006
    outer loop
      vertex 3.83759 5.74336 0
      vertex 3.55116 5.92475 0
      vertex 3.85962 6.43939 0.599991
    endloop
  endfacet
  facet normal 0.914208 -0.405244 0
    outer loop
      vertex 6.78669 -3.20987 3.39999
      vertex 6.93602 -2.87299 0.599991
      vertex 6.93602 -2.87299 3.39999
    endloop
  endfacet
  facet normal 0.914208 -0.405244 0
    outer loop
      vertex 6.93602 -2.87299 0.599991
      vertex 6.78669 -3.20987 3.39999
      vertex 6.78669 -3.20987 0.599991
    endloop
  endfacet
  facet normal -0.254522 0.659812 -0.707012
    outer loop
      vertex -2.64338 6.38168 0
      vertex -2.87299 6.93602 0.599991
      vertex -2.32706 6.5037 0
    endloop
  endfacet
  facet normal -0.286595 -0.646541 0.707
    outer loop
      vertex -2.95333 -6.24429 4
      vertex -3.20987 -6.78669 3.39999
      vertex -2.87299 -6.93602 3.39999
    endloop
  endfacet
  facet normal 0.701897 0.0865767 0.706997
    outer loop
      vertex 7.42623 1.10158 3.39999
      vertex 6.83272 1.01354 4
      vertex 7.47134 0.735863 3.39999
    endloop
  endfacet
  facet normal -0.575811 0.817583 0
    outer loop
      vertex -4.17094 6.24225 0.599991
      vertex -4.47221 6.03007 3.39999
      vertex -4.17094 6.24225 3.39999
    endloop
  endfacet
  facet normal -0.575811 0.817583 0
    outer loop
      vertex -4.47221 6.03007 3.39999
      vertex -4.17094 6.24225 0.599991
      vertex -4.47221 6.03007 0.599991
    endloop
  endfacet
  facet normal 0.512211 0.487644 0.706996
    outer loop
      vertex 5.3086 5.3086 3.39999
      vertex 5.11811 4.63878 4
      vertex 5.56268 5.04172 3.39999
    endloop
  endfacet
  facet normal -0.534995 -0.844855 0
    outer loop
      vertex -4.17094 -6.24225 0.599991
      vertex -3.85962 -6.43939 3.39999
      vertex -4.17094 -6.24225 3.39999
    endloop
  endfacet
  facet normal -0.534995 -0.844855 -0
    outer loop
      vertex -3.85962 -6.43939 3.39999
      vertex -4.17094 -6.24225 0.599991
      vertex -3.85962 -6.43939 0.599991
    endloop
  endfacet
  facet normal 0.48765 -0.512201 0.706999
    outer loop
      vertex 4.88433 -4.88433 4
      vertex 4.63878 -5.11811 4
      vertex 5.3086 -5.3086 3.39999
    endloop
  endfacet
  facet normal -0.615338 0.348585 0.706999
    outer loop
      vertex -5.92475 3.55116 4
      vertex -6.62102 3.53901 3.39999
      vertex -6.09186 3.25617 4
    endloop
  endfacet
  facet normal -0.724262 -0.689525 0
    outer loop
      vertex -5.3086 -5.3086 0.599991
      vertex -5.56268 -5.04172 3.39999
      vertex -5.56268 -5.04172 0.599991
    endloop
  endfacet
  facet normal -0.724262 -0.689525 0
    outer loop
      vertex -5.56268 -5.04172 3.39999
      vertex -5.3086 -5.3086 0.599991
      vertex -5.3086 -5.3086 3.39999
    endloop
  endfacet
  facet normal 0.557529 -0.435099 0.707001
    outer loop
      vertex 6.03007 -4.47221 3.39999
      vertex 5.54814 -4.11478 4
      vertex 5.80337 -4.7627 3.39999
    endloop
  endfacet
  facet normal 0.31796 -0.631707 0.706999
    outer loop
      vertex 3.25617 -6.09186 4
      vertex 2.95333 -6.24429 4
      vertex 3.53901 -6.62102 3.39999
    endloop
  endfacet
  facet normal -0.0173553 0.707006 0.706994
    outer loop
      vertex 0 7.50749 3.39999
      vertex -0.338934 6.89917 4
      vertex 0 6.90749 4
    endloop
  endfacet
  facet normal -0.01735 -0.707005 0.706996
    outer loop
      vertex -0.338934 -6.89917 4
      vertex -0.368375 -7.49845 3.39999
      vertex 0 -7.50749 3.39999
    endloop
  endfacet
  facet normal -0.254516 -0.65983 0.706998
    outer loop
      vertex -2.32706 -6.5037 4
      vertex -2.87299 -6.93602 3.39999
      vertex -2.5292 -7.06863 3.39999
    endloop
  endfacet
  facet normal -0.254526 -0.659823 0.707001
    outer loop
      vertex -2.64338 -6.38168 4
      vertex -2.87299 -6.93602 3.39999
      vertex -2.32706 -6.5037 4
    endloop
  endfacet
  facet normal 0.631705 0.317963 0.707
    outer loop
      vertex 6.62102 3.53901 3.39999
      vertex 6.24429 2.95333 4
      vertex 6.78669 3.20987 3.39999
    endloop
  endfacet
  facet normal -0.0735712 -0.99729 0
    outer loop
      vertex -0.735863 -7.47134 0.599991
      vertex -0.368375 -7.49845 3.39999
      vertex -0.735863 -7.47134 3.39999
    endloop
  endfacet
  facet normal -0.0735712 -0.99729 -0
    outer loop
      vertex -0.368375 -7.49845 3.39999
      vertex -0.735863 -7.47134 0.599991
      vertex -0.368375 -7.49845 0.599991
    endloop
  endfacet
  facet normal 0.154944 0.690031 0.707
    outer loop
      vertex 1.46464 7.36324 3.39999
      vertex 1.34758 6.77476 4
      vertex 1.67838 6.70048 4
    endloop
  endfacet
  facet normal -0.221845 -0.67152 0.706997
    outer loop
      vertex -2.00514 -6.61005 4
      vertex -2.32706 -6.5037 4
      vertex -2.17931 -7.18422 3.39999
    endloop
  endfacet
  facet normal -0.221844 -0.67152 0.706998
    outer loop
      vertex -2.32706 -6.5037 4
      vertex -2.5292 -7.06863 3.39999
      vertex -2.17931 -7.18422 3.39999
    endloop
  endfacet
  facet normal 0.65983 0.254516 0.706998
    outer loop
      vertex 6.93602 2.87299 3.39999
      vertex 6.5037 2.32706 4
      vertex 7.06863 2.5292 3.39999
    endloop
  endfacet
  facet normal 0.348596 -0.615336 0.706995
    outer loop
      vertex 3.55116 -5.92475 4
      vertex 3.53901 -6.62102 3.39999
      vertex 3.85962 -6.43939 3.39999
    endloop
  endfacet
  facet normal 0.487644 0.512211 0.706996
    outer loop
      vertex 5.04172 5.56268 3.39999
      vertex 4.63878 5.11811 4
      vertex 5.3086 5.3086 3.39999
    endloop
  endfacet
  facet normal 0.461938 0.53551 0.706996
    outer loop
      vertex 5.04172 5.56268 3.39999
      vertex 4.38206 5.33956 4
      vertex 4.63878 5.11811 4
    endloop
  endfacet
  facet normal 0.188627 -0.681585 -0.707009
    outer loop
      vertex 2.17931 -7.18422 0.599991
      vertex 1.67838 -6.70048 0
      vertex 2.00514 -6.61005 0
    endloop
  endfacet
  facet normal -0.631707 0.31796 0.706999
    outer loop
      vertex -6.09186 3.25617 4
      vertex -6.62102 3.53901 3.39999
      vertex -6.24429 2.95333 4
    endloop
  endfacet
  facet normal 0.646531 0.286585 -0.707012
    outer loop
      vertex 6.38168 2.64338 0
      vertex 6.24429 2.95333 0
      vertex 6.93602 2.87299 0.599991
    endloop
  endfacet
  facet normal -0.317958 0.631695 -0.707011
    outer loop
      vertex -2.95333 6.24429 0
      vertex -3.53901 6.62102 0.599991
      vertex -3.20987 6.78669 0.599991
    endloop
  endfacet
  facet normal 0.615329 0.34858 -0.70701
    outer loop
      vertex 6.09186 3.25617 0
      vertex 5.92475 3.55116 0
      vertex 6.62102 3.53901 0.599991
    endloop
  endfacet
  facet normal 0.286585 -0.646531 -0.707012
    outer loop
      vertex 2.87299 -6.93602 0.599991
      vertex 2.64338 -6.38168 0
      vertex 2.95333 -6.24429 0
    endloop
  endfacet
  facet normal -0.122419 0.992479 0
    outer loop
      vertex -0.735863 7.47134 0.599991
      vertex -1.10158 7.42623 3.39999
      vertex -0.735863 7.47134 3.39999
    endloop
  endfacet
  facet normal -0.122419 0.992479 0
    outer loop
      vertex -1.10158 7.42623 3.39999
      vertex -0.735863 7.47134 0.599991
      vertex -1.10158 7.42623 0.599991
    endloop
  endfacet
  facet normal 0.55752 -0.435092 -0.707012
    outer loop
      vertex 5.80337 -4.7627 0.599991
      vertex 5.54814 -4.11478 0
      vertex 6.03007 -4.47221 0.599991
    endloop
  endfacet
  facet normal -0.219114 0.975699 0
    outer loop
      vertex -1.46464 7.36324 0.599991
      vertex -1.82417 7.2825 3.39999
      vertex -1.46464 7.36324 3.39999
    endloop
  endfacet
  facet normal -0.219114 0.975699 0
    outer loop
      vertex -1.82417 7.2825 3.39999
      vertex -1.46464 7.36324 0.599991
      vertex -1.82417 7.2825 0.599991
    endloop
  endfacet
  facet normal 0.017355 -0.706995 -0.707006
    outer loop
      vertex 0.338934 -6.89917 0
      vertex 0 -7.50749 0.599991
      vertex 0 -6.90749 0
    endloop
  endfacet
  facet normal -0.788347 0.615231 0
    outer loop
      vertex -6.03007 4.47221 0.599991
      vertex -5.80337 4.7627 3.39999
      vertex -5.80337 4.7627 0.599991
    endloop
  endfacet
  facet normal -0.788347 0.615231 0
    outer loop
      vertex -5.80337 4.7627 3.39999
      vertex -6.03007 4.47221 0.599991
      vertex -6.03007 4.47221 3.39999
    endloop
  endfacet
  facet normal 0.317955 0.631697 -0.70701
    outer loop
      vertex 3.25617 6.09186 0
      vertex 2.95333 6.24429 0
      vertex 3.53901 6.62102 0.599991
    endloop
  endfacet
  facet normal 0.631697 0.317955 -0.70701
    outer loop
      vertex 6.24429 2.95333 0
      vertex 6.09186 3.25617 0
      vertex 6.62102 3.53901 0.599991
    endloop
  endfacet
  facet normal 0.706994 -0.0173498 -0.707007
    outer loop
      vertex 7.49845 -0.368375 0.599991
      vertex 6.89917 -0.338934 0
      vertex 7.50749 0 0.599991
    endloop
  endfacet
  facet normal 0.254522 0.659812 -0.707012
    outer loop
      vertex 2.64338 6.38168 0
      vertex 2.32706 6.5037 0
      vertex 2.87299 6.93602 0.599991
    endloop
  endfacet
  facet normal -0.653182 0.757201 0
    outer loop
      vertex -4.7627 5.80337 0.599991
      vertex -5.04172 5.56268 3.39999
      vertex -4.7627 5.80337 3.39999
    endloop
  endfacet
  facet normal -0.653182 0.757201 0
    outer loop
      vertex -5.04172 5.56268 3.39999
      vertex -4.7627 5.80337 0.599991
      vertex -5.04172 5.56268 0.599991
    endloop
  endfacet
  facet normal -0.535496 0.461933 -0.707009
    outer loop
      vertex -5.33956 4.38206 0
      vertex -5.80337 4.7627 0.599991
      vertex -5.56268 5.04172 0.599991
    endloop
  endfacet
  facet normal -0.844855 0.534995 0
    outer loop
      vertex -6.43939 3.85962 0.599991
      vertex -6.24225 4.17094 3.39999
      vertex -6.24225 4.17094 0.599991
    endloop
  endfacet
  facet normal -0.844855 0.534995 0
    outer loop
      vertex -6.24225 4.17094 3.39999
      vertex -6.43939 3.85962 0.599991
      vertex -6.43939 3.85962 3.39999
    endloop
  endfacet
  facet normal -0.407215 0.578196 -0.707012
    outer loop
      vertex -4.11478 5.54814 0
      vertex -4.47221 6.03007 0.599991
      vertex -4.17094 6.24225 0.599991
    endloop
  endfacet
  facet normal 0.348585 -0.615338 0.706999
    outer loop
      vertex 3.55116 -5.92475 4
      vertex 3.25617 -6.09186 4
      vertex 3.53901 -6.62102 3.39999
    endloop
  endfacet
  facet normal -0.0520444 0.705296 0.707
    outer loop
      vertex -0.338934 6.89917 4
      vertex -0.735863 7.47134 3.39999
      vertex -0.677052 6.87422 4
    endloop
  endfacet
  facet normal -0.266712 0.963776 0
    outer loop
      vertex -1.82417 7.2825 0.599991
      vertex -2.17931 7.18422 3.39999
      vertex -1.82417 7.2825 3.39999
    endloop
  endfacet
  facet normal -0.266712 0.963776 0
    outer loop
      vertex -2.17931 7.18422 3.39999
      vertex -1.82417 7.2825 0.599991
      vertex -2.17931 7.18422 0.599991
    endloop
  endfacet
  facet normal -0.254516 0.65983 0.706998
    outer loop
      vertex -2.5292 7.06863 3.39999
      vertex -2.87299 6.93602 3.39999
      vertex -2.32706 6.5037 4
    endloop
  endfacet
  facet normal -0.154944 0.690031 0.707
    outer loop
      vertex -1.46464 7.36324 3.39999
      vertex -1.67838 6.70048 4
      vertex -1.34758 6.77476 4
    endloop
  endfacet
  facet normal 0.788347 -0.615231 0
    outer loop
      vertex 5.80337 -4.7627 3.39999
      vertex 6.03007 -4.47221 0.599991
      vertex 6.03007 -4.47221 3.39999
    endloop
  endfacet
  facet normal 0.788347 -0.615231 0
    outer loop
      vertex 6.03007 -4.47221 0.599991
      vertex 5.80337 -4.7627 3.39999
      vertex 5.80337 -4.7627 0.599991
    endloop
  endfacet
  facet normal 0.757201 0.653182 0
    outer loop
      vertex 5.80337 4.7627 3.39999
      vertex 5.56268 5.04172 0.599991
      vertex 5.56268 5.04172 3.39999
    endloop
  endfacet
  facet normal 0.757201 0.653182 0
    outer loop
      vertex 5.56268 5.04172 0.599991
      vertex 5.80337 4.7627 3.39999
      vertex 5.80337 4.7627 0.599991
    endloop
  endfacet
  facet normal -0.55753 0.435085 -0.707009
    outer loop
      vertex -5.54814 4.11478 0
      vertex -5.80337 4.7627 0.599991
      vertex -5.33956 4.38206 0
    endloop
  endfacet
  facet normal -0.0173498 0.706994 -0.707007
    outer loop
      vertex -0.338934 6.89917 0
      vertex -0.368375 7.49845 0.599991
      vertex 0 7.50749 0.599991
    endloop
  endfacet
  facet normal -0.597477 -0.378369 -0.707006
    outer loop
      vertex -5.74336 -3.83759 0
      vertex -6.43939 -3.85962 0.599991
      vertex -5.92475 -3.55116 0
    endloop
  endfacet
  facet normal 0.646531 0.28659 -0.707011
    outer loop
      vertex 6.93602 2.87299 0.599991
      vertex 6.24429 2.95333 0
      vertex 6.78669 3.20987 0.599991
    endloop
  endfacet
  facet normal -0.631697 -0.317955 -0.70701
    outer loop
      vertex -6.09186 -3.25617 0
      vertex -6.62102 -3.53901 0.599991
      vertex -6.24429 -2.95333 0
    endloop
  endfacet
  facet normal 0.705301 0.0520308 0.706996
    outer loop
      vertex 7.47134 0.735863 3.39999
      vertex 6.89917 0.338934 4
      vertex 7.49845 0.368375 3.39999
    endloop
  endfacet
  facet normal 0.992479 0.122419 0
    outer loop
      vertex 7.47134 0.735863 3.39999
      vertex 7.42623 1.10158 0.599991
      vertex 7.42623 1.10158 3.39999
    endloop
  endfacet
  facet normal 0.992479 0.122419 0
    outer loop
      vertex 7.42623 1.10158 0.599991
      vertex 7.47134 0.735863 3.39999
      vertex 7.47134 0.735863 0.599991
    endloop
  endfacet
  facet normal 0.681589 0.18862 -0.707007
    outer loop
      vertex 7.2825 1.82417 0.599991
      vertex 6.70048 1.67838 0
      vertex 7.18422 2.17931 0.599991
    endloop
  endfacet
  facet normal 0.18863 0.681596 0.706998
    outer loop
      vertex 2.17931 7.18422 3.39999
      vertex 1.67838 6.70048 4
      vertex 2.00514 6.61005 4
    endloop
  endfacet
  facet normal 0.707006 0.0173553 0.706994
    outer loop
      vertex 7.50749 0 3.39999
      vertex 6.89917 0.338934 4
      vertex 6.90749 0 4
    endloop
  endfacet
  facet normal 0.120902 0.696791 -0.707011
    outer loop
      vertex 1.34758 6.77476 0
      vertex 1.01354 6.83272 0
      vertex 1.46464 7.36324 0.599991
    endloop
  endfacet
  facet normal 0.154959 -0.690021 -0.707007
    outer loop
      vertex 1.82417 -7.2825 0.599991
      vertex 1.46464 -7.36324 0.599991
      vertex 1.67838 -6.70048 0
    endloop
  endfacet
  facet normal 0.55753 0.435085 -0.707009
    outer loop
      vertex 5.54814 4.11478 0
      vertex 5.33956 4.38206 0
      vertex 5.80337 4.7627 0.599991
    endloop
  endfacet
  facet normal 0.0520444 -0.705296 0.707
    outer loop
      vertex 0.677052 -6.87422 4
      vertex 0.338934 -6.89917 4
      vertex 0.735863 -7.47134 3.39999
    endloop
  endfacet
  facet normal -0.221845 0.67152 0.706997
    outer loop
      vertex -2.17931 7.18422 3.39999
      vertex -2.32706 6.5037 4
      vertex -2.00514 6.61005 4
    endloop
  endfacet
  facet normal -0.120904 -0.696802 0.707
    outer loop
      vertex -1.34758 -6.77476 4
      vertex -1.46464 -7.36324 3.39999
      vertex -1.01354 -6.83272 4
    endloop
  endfacet
  facet normal 0.221844 -0.67152 0.706998
    outer loop
      vertex 2.32706 -6.5037 4
      vertex 2.17931 -7.18422 3.39999
      vertex 2.5292 -7.06863 3.39999
    endloop
  endfacet
  facet normal 0.317958 -0.631695 -0.707011
    outer loop
      vertex 3.20987 -6.78669 0.599991
      vertex 2.95333 -6.24429 0
      vertex 3.53901 -6.62102 0.599991
    endloop
  endfacet
  facet normal -0.615326 -0.348591 -0.707007
    outer loop
      vertex -6.43939 -3.85962 0.599991
      vertex -6.62102 -3.53901 0.599991
      vertex -5.92475 -3.55116 0
    endloop
  endfacet
  facet normal 0.615326 -0.348591 -0.707007
    outer loop
      vertex 6.43939 -3.85962 0.599991
      vertex 5.92475 -3.55116 0
      vertex 6.62102 -3.53901 0.599991
    endloop
  endfacet
  facet normal 0.646531 -0.286585 -0.707012
    outer loop
      vertex 6.93602 -2.87299 0.599991
      vertex 6.24429 -2.95333 0
      vertex 6.38168 -2.64338 0
    endloop
  endfacet
  facet normal 0.844855 -0.534995 0
    outer loop
      vertex 6.24225 -4.17094 3.39999
      vertex 6.43939 -3.85962 0.599991
      vertex 6.43939 -3.85962 3.39999
    endloop
  endfacet
  facet normal 0.844855 -0.534995 0
    outer loop
      vertex 6.43939 -3.85962 0.599991
      vertex 6.24225 -4.17094 3.39999
      vertex 6.24225 -4.17094 0.599991
    endloop
  endfacet
  facet normal 0.659812 -0.254522 -0.707012
    outer loop
      vertex 6.93602 -2.87299 0.599991
      vertex 6.38168 -2.64338 0
      vertex 6.5037 -2.32706 0
    endloop
  endfacet
  facet normal -0.0865754 0.701886 -0.707008
    outer loop
      vertex -1.01354 6.83272 0
      vertex -1.10158 7.42623 0.599991
      vertex -0.735863 7.47134 0.599991
    endloop
  endfacet
  facet normal 0.963776 -0.266712 0
    outer loop
      vertex 7.18422 -2.17931 3.39999
      vertex 7.2825 -1.82417 0.599991
      vertex 7.2825 -1.82417 3.39999
    endloop
  endfacet
  facet normal 0.963776 -0.266712 0
    outer loop
      vertex 7.2825 -1.82417 0.599991
      vertex 7.18422 -2.17931 3.39999
      vertex 7.18422 -2.17931 0.599991
    endloop
  endfacet
  facet normal 0.646531 -0.28659 -0.707011
    outer loop
      vertex 6.78669 -3.20987 0.599991
      vertex 6.24429 -2.95333 0
      vertex 6.93602 -2.87299 0.599991
    endloop
  endfacet
  facet normal -0.696796 0.120892 -0.707008
    outer loop
      vertex -6.83272 1.01354 0
      vertex -7.42623 1.10158 0.599991
      vertex -7.36324 1.46464 0.599991
    endloop
  endfacet
  facet normal 0.435092 -0.55752 -0.707012
    outer loop
      vertex 4.47221 -6.03007 0.599991
      vertex 4.11478 -5.54814 0
      vertex 4.7627 -5.80337 0.599991
    endloop
  endfacet
  facet normal 0.28659 -0.646531 -0.707011
    outer loop
      vertex 3.20987 -6.78669 0.599991
      vertex 2.87299 -6.93602 0.599991
      vertex 2.95333 -6.24429 0
    endloop
  endfacet
  facet normal 0.575811 -0.817583 0
    outer loop
      vertex 4.17094 -6.24225 0.599991
      vertex 4.47221 -6.03007 3.39999
      vertex 4.17094 -6.24225 3.39999
    endloop
  endfacet
  facet normal 0.575811 -0.817583 0
    outer loop
      vertex 4.47221 -6.03007 3.39999
      vertex 4.17094 -6.24225 0.599991
      vertex 4.47221 -6.03007 0.599991
    endloop
  endfacet
  facet normal -0.690021 -0.154959 -0.707007
    outer loop
      vertex -7.2825 -1.82417 0.599991
      vertex -7.36324 -1.46464 0.599991
      vertex -6.70048 -1.67838 0
    endloop
  endfacet
  facet normal 0.378349 -0.597483 -0.707012
    outer loop
      vertex 3.85962 -6.43939 0.599991
      vertex 3.83759 -5.74336 0
      vertex 4.17094 -6.24225 0.599991
    endloop
  endfacet
  facet normal -0.985281 0.170944 0
    outer loop
      vertex -7.42623 1.10158 0.599991
      vertex -7.36324 1.46464 3.39999
      vertex -7.36324 1.46464 0.599991
    endloop
  endfacet
  facet normal -0.985281 0.170944 0
    outer loop
      vertex -7.36324 1.46464 3.39999
      vertex -7.42623 1.10158 0.599991
      vertex -7.42623 1.10158 3.39999
    endloop
  endfacet
  facet normal -0.992479 0.122419 0
    outer loop
      vertex -7.47134 0.735863 0.599991
      vertex -7.42623 1.10158 3.39999
      vertex -7.42623 1.10158 0.599991
    endloop
  endfacet
  facet normal -0.992479 0.122419 0
    outer loop
      vertex -7.42623 1.10158 3.39999
      vertex -7.47134 0.735863 0.599991
      vertex -7.47134 0.735863 3.39999
    endloop
  endfacet
  facet normal -0.67152 0.221844 0.706998
    outer loop
      vertex -7.06863 2.5292 3.39999
      vertex -7.18422 2.17931 3.39999
      vertex -6.5037 2.32706 4
    endloop
  endfacet
  facet normal -0.65983 0.254516 0.706998
    outer loop
      vertex -6.93602 2.87299 3.39999
      vertex -7.06863 2.5292 3.39999
      vertex -6.5037 2.32706 4
    endloop
  endfacet
  facet normal 0.615338 0.348585 0.706999
    outer loop
      vertex 6.62102 3.53901 3.39999
      vertex 5.92475 3.55116 4
      vertex 6.09186 3.25617 4
    endloop
  endfacet
  facet normal -0.615336 0.348596 0.706995
    outer loop
      vertex -6.43939 3.85962 3.39999
      vertex -6.62102 3.53901 3.39999
      vertex -5.92475 3.55116 4
    endloop
  endfacet
  facet normal -0.631705 0.317963 0.707
    outer loop
      vertex -6.62102 3.53901 3.39999
      vertex -6.78669 3.20987 3.39999
      vertex -6.24429 2.95333 4
    endloop
  endfacet
  facet normal -0.597492 0.378355 0.707001
    outer loop
      vertex -6.24225 4.17094 3.39999
      vertex -6.43939 3.85962 3.39999
      vertex -5.74336 3.83759 4
    endloop
  endfacet
  facet normal -0.461938 0.53551 0.706996
    outer loop
      vertex -4.38206 5.33956 4
      vertex -5.04172 5.56268 3.39999
      vertex -4.63878 5.11811 4
    endloop
  endfacet
  facet normal -0.65982 -0.254512 -0.707009
    outer loop
      vertex -6.93602 -2.87299 0.599991
      vertex -7.06863 -2.5292 0.599991
      vertex -6.5037 -2.32706 0
    endloop
  endfacet
  facet normal 0.578196 0.407213 -0.707012
    outer loop
      vertex 5.74336 3.83759 0
      vertex 5.54814 4.11478 0
      vertex 6.24225 4.17094 0.599991
    endloop
  endfacet
  facet normal -0.407213 0.578196 -0.707012
    outer loop
      vertex -4.11478 5.54814 0
      vertex -4.17094 6.24225 0.599991
      vertex -3.83759 5.74336 0
    endloop
  endfacet
  facet normal 0.286585 0.646531 -0.707012
    outer loop
      vertex 2.95333 6.24429 0
      vertex 2.64338 6.38168 0
      vertex 2.87299 6.93602 0.599991
    endloop
  endfacet
  facet normal 0.6816 0.188623 0.706995
    outer loop
      vertex 7.18422 2.17931 3.39999
      vertex 6.70048 1.67838 4
      vertex 7.2825 1.82417 3.39999
    endloop
  endfacet
  facet normal 0.690032 0.154961 0.706995
    outer loop
      vertex 7.2825 1.82417 3.39999
      vertex 6.70048 1.67838 4
      vertex 7.36324 1.46464 3.39999
    endloop
  endfacet
  facet normal 0.575811 0.817583 -0
    outer loop
      vertex 4.47221 6.03007 0.599991
      vertex 4.17094 6.24225 3.39999
      vertex 4.47221 6.03007 3.39999
    endloop
  endfacet
  facet normal 0.575811 0.817583 0
    outer loop
      vertex 4.17094 6.24225 3.39999
      vertex 4.47221 6.03007 0.599991
      vertex 4.17094 6.24225 0.599991
    endloop
  endfacet
  facet normal 0.512201 0.48765 0.706999
    outer loop
      vertex 5.3086 5.3086 3.39999
      vertex 4.88433 4.88433 4
      vertex 5.11811 4.63878 4
    endloop
  endfacet
  facet normal 0.0520308 0.705301 0.706996
    outer loop
      vertex 0.368375 7.49845 3.39999
      vertex 0.338934 6.89917 4
      vertex 0.735863 7.47134 3.39999
    endloop
  endfacet
  facet normal -0.34858 -0.615329 -0.70701
    outer loop
      vertex -3.53901 -6.62102 0.599991
      vertex -3.55116 -5.92475 0
      vertex -3.25617 -6.09186 0
    endloop
  endfacet
  facet normal 0.154961 0.690032 0.706995
    outer loop
      vertex 1.82417 7.2825 3.39999
      vertex 1.46464 7.36324 3.39999
      vertex 1.67838 6.70048 4
    endloop
  endfacet
  facet normal 0.348596 0.615336 0.706995
    outer loop
      vertex 3.85962 6.43939 3.39999
      vertex 3.53901 6.62102 3.39999
      vertex 3.55116 5.92475 4
    endloop
  endfacet
  facet normal 0.221841 0.67151 -0.707009
    outer loop
      vertex 2.32706 6.5037 0
      vertex 2.00514 6.61005 0
      vertex 2.17931 7.18422 0.599991
    endloop
  endfacet
  facet normal 0.696802 -0.120904 0.707
    outer loop
      vertex 6.83272 -1.01354 4
      vertex 6.77476 -1.34758 4
      vertex 7.36324 -1.46464 3.39999
    endloop
  endfacet
  facet normal -0.435085 -0.55753 -0.707009
    outer loop
      vertex -4.11478 -5.54814 0
      vertex -4.7627 -5.80337 0.599991
      vertex -4.38206 -5.33956 0
    endloop
  endfacet
  facet normal -0.154942 -0.69002 -0.707011
    outer loop
      vertex -1.46464 -7.36324 0.599991
      vertex -1.67838 -6.70048 0
      vertex -1.34758 -6.77476 0
    endloop
  endfacet
  facet normal 0.286589 -0.646542 0.707001
    outer loop
      vertex 2.95333 -6.24429 4
      vertex 2.64338 -6.38168 4
      vertex 2.87299 -6.93602 3.39999
    endloop
  endfacet
  facet normal 0.31796 0.631707 0.706999
    outer loop
      vertex 3.53901 6.62102 3.39999
      vertex 2.95333 6.24429 4
      vertex 3.25617 6.09186 4
    endloop
  endfacet
  facet normal -0.0865767 0.701897 0.706997
    outer loop
      vertex -0.735863 7.47134 3.39999
      vertex -1.10158 7.42623 3.39999
      vertex -1.01354 6.83272 4
    endloop
  endfacet
  facet normal -0.378355 0.597492 0.707001
    outer loop
      vertex -3.85962 6.43939 3.39999
      vertex -4.17094 6.24225 3.39999
      vertex -3.83759 5.74336 4
    endloop
  endfacet
  facet normal 0.221844 0.67152 0.706998
    outer loop
      vertex 2.5292 7.06863 3.39999
      vertex 2.17931 7.18422 3.39999
      vertex 2.32706 6.5037 4
    endloop
  endfacet
  facet normal -0.0173553 -0.707006 0.706994
    outer loop
      vertex 0 -6.90749 4
      vertex -0.338934 -6.89917 4
      vertex 0 -7.50749 3.39999
    endloop
  endfacet
  facet normal -0.48765 0.512201 0.706999
    outer loop
      vertex -4.63878 5.11811 4
      vertex -5.3086 5.3086 3.39999
      vertex -4.88433 4.88433 4
    endloop
  endfacet
  facet normal 0.435099 0.557529 0.707001
    outer loop
      vertex 4.47221 6.03007 3.39999
      vertex 4.11478 5.54814 4
      vertex 4.7627 5.80337 3.39999
    endloop
  endfacet
  facet normal 0.992479 -0.122419 0
    outer loop
      vertex 7.42623 -1.10158 3.39999
      vertex 7.47134 -0.735863 0.599991
      vertex 7.47134 -0.735863 3.39999
    endloop
  endfacet
  facet normal 0.992479 -0.122419 0
    outer loop
      vertex 7.47134 -0.735863 0.599991
      vertex 7.42623 -1.10158 3.39999
      vertex 7.42623 -1.10158 0.599991
    endloop
  endfacet
  facet normal -0.701884 0.0865654 -0.707011
    outer loop
      vertex -6.87422 0.677052 0
      vertex -7.47134 0.735863 0.599991
      vertex -6.83272 1.01354 0
    endloop
  endfacet
  facet normal -0.254522 -0.659812 -0.707012
    outer loop
      vertex -2.32706 -6.5037 0
      vertex -2.87299 -6.93602 0.599991
      vertex -2.64338 -6.38168 0
    endloop
  endfacet
  facet normal -0.461933 0.535496 -0.707009
    outer loop
      vertex -4.38206 5.33956 0
      vertex -5.04172 5.56268 0.599991
      vertex -4.7627 5.80337 0.599991
    endloop
  endfacet
  facet normal -0.18862 -0.681589 -0.707007
    outer loop
      vertex -1.82417 -7.2825 0.599991
      vertex -2.17931 -7.18422 0.599991
      vertex -1.67838 -6.70048 0
    endloop
  endfacet
  facet normal -0.154959 -0.690021 -0.707007
    outer loop
      vertex -1.46464 -7.36324 0.599991
      vertex -1.82417 -7.2825 0.599991
      vertex -1.67838 -6.70048 0
    endloop
  endfacet
  facet normal -0.359885 -0.932997 0
    outer loop
      vertex -2.87299 -6.93602 0.599991
      vertex -2.5292 -7.06863 3.39999
      vertex -2.87299 -6.93602 3.39999
    endloop
  endfacet
  facet normal -0.359885 -0.932997 -0
    outer loop
      vertex -2.5292 -7.06863 3.39999
      vertex -2.87299 -6.93602 0.599991
      vertex -2.5292 -7.06863 0.599991
    endloop
  endfacet
  facet normal -0.221841 0.67151 -0.707009
    outer loop
      vertex -2.00514 6.61005 0
      vertex -2.32706 6.5037 0
      vertex -2.17931 7.18422 0.599991
    endloop
  endfacet
  facet normal -0.659812 0.254522 -0.707012
    outer loop
      vertex -6.5037 2.32706 0
      vertex -6.93602 2.87299 0.599991
      vertex -6.38168 2.64338 0
    endloop
  endfacet
  facet normal 0.615326 0.348591 -0.707007
    outer loop
      vertex 6.62102 3.53901 0.599991
      vertex 5.92475 3.55116 0
      vertex 6.43939 3.85962 0.599991
    endloop
  endfacet
  facet normal -0.317963 -0.631705 0.707
    outer loop
      vertex -2.95333 -6.24429 4
      vertex -3.53901 -6.62102 3.39999
      vertex -3.20987 -6.78669 3.39999
    endloop
  endfacet
  facet normal -0.46193 0.535501 -0.707007
    outer loop
      vertex -4.63878 5.11811 0
      vertex -5.04172 5.56268 0.599991
      vertex -4.38206 5.33956 0
    endloop
  endfacet
  facet normal -0.461938 -0.53551 0.706996
    outer loop
      vertex -4.63878 -5.11811 4
      vertex -5.04172 -5.56268 3.39999
      vertex -4.38206 -5.33956 4
    endloop
  endfacet
  facet normal -0.487644 -0.512211 0.706996
    outer loop
      vertex -4.63878 -5.11811 4
      vertex -5.3086 -5.3086 3.39999
      vertex -5.04172 -5.56268 3.39999
    endloop
  endfacet
  facet normal -0.487636 -0.512202 -0.707007
    outer loop
      vertex -5.04172 -5.56268 0.599991
      vertex -5.3086 -5.3086 0.599991
      vertex -4.63878 -5.11811 0
    endloop
  endfacet
  facet normal -0.46193 -0.535501 -0.707007
    outer loop
      vertex -4.38206 -5.33956 0
      vertex -5.04172 -5.56268 0.599991
      vertex -4.63878 -5.11811 0
    endloop
  endfacet
  facet normal -0.461933 -0.535496 -0.707009
    outer loop
      vertex -4.7627 -5.80337 0.599991
      vertex -5.04172 -5.56268 0.599991
      vertex -4.38206 -5.33956 0
    endloop
  endfacet
  facet normal 0.512211 -0.487644 0.706996
    outer loop
      vertex 5.56268 -5.04172 3.39999
      vertex 5.11811 -4.63878 4
      vertex 5.3086 -5.3086 3.39999
    endloop
  endfacet
  facet normal -0.378375 -0.597486 0.706995
    outer loop
      vertex -3.83759 -5.74336 4
      vertex -3.85962 -6.43939 3.39999
      vertex -3.55116 -5.92475 4
    endloop
  endfacet
  facet normal -0.378355 -0.597492 0.707001
    outer loop
      vertex -3.83759 -5.74336 4
      vertex -4.17094 -6.24225 3.39999
      vertex -3.85962 -6.43939 3.39999
    endloop
  endfacet
  facet normal 0.597486 -0.378375 0.706995
    outer loop
      vertex 5.92475 -3.55116 4
      vertex 5.74336 -3.83759 4
      vertex 6.43939 -3.85962 3.39999
    endloop
  endfacet
  facet normal 0.435099 -0.557529 0.707001
    outer loop
      vertex 4.7627 -5.80337 3.39999
      vertex 4.11478 -5.54814 4
      vertex 4.47221 -6.03007 3.39999
    endloop
  endfacet
  facet normal 0.659823 0.254526 0.707001
    outer loop
      vertex 6.93602 2.87299 3.39999
      vertex 6.38168 2.64338 4
      vertex 6.5037 2.32706 4
    endloop
  endfacet
  facet normal -0.122419 -0.992479 0
    outer loop
      vertex -1.10158 -7.42623 0.599991
      vertex -0.735863 -7.47134 3.39999
      vertex -1.10158 -7.42623 3.39999
    endloop
  endfacet
  facet normal -0.122419 -0.992479 -0
    outer loop
      vertex -0.735863 -7.47134 3.39999
      vertex -1.10158 -7.42623 0.599991
      vertex -0.735863 -7.47134 0.599991
    endloop
  endfacet
  facet normal 0.221845 -0.67152 0.706997
    outer loop
      vertex 2.32706 -6.5037 4
      vertex 2.00514 -6.61005 4
      vertex 2.17931 -7.18422 3.39999
    endloop
  endfacet
  facet normal -0.0520308 -0.705301 0.706996
    outer loop
      vertex -0.338934 -6.89917 4
      vertex -0.735863 -7.47134 3.39999
      vertex -0.368375 -7.49845 3.39999
    endloop
  endfacet
  facet normal -0.89323 0.4496 0
    outer loop
      vertex -6.78669 3.20987 0.599991
      vertex -6.62102 3.53901 3.39999
      vertex -6.62102 3.53901 0.599991
    endloop
  endfacet
  facet normal -0.89323 0.4496 0
    outer loop
      vertex -6.62102 3.53901 3.39999
      vertex -6.78669 3.20987 0.599991
      vertex -6.78669 3.20987 3.39999
    endloop
  endfacet
  facet normal -0.696791 -0.120902 -0.707011
    outer loop
      vertex -6.77476 -1.34758 0
      vertex -7.36324 -1.46464 0.599991
      vertex -6.83272 -1.01354 0
    endloop
  endfacet
  facet normal 0.705285 0.0520435 -0.707011
    outer loop
      vertex 6.89917 0.338934 0
      vertex 6.87422 0.677052 0
      vertex 7.47134 0.735863 0.599991
    endloop
  endfacet
  facet normal 0.696791 -0.120902 -0.707011
    outer loop
      vertex 7.36324 -1.46464 0.599991
      vertex 6.77476 -1.34758 0
      vertex 6.83272 -1.01354 0
    endloop
  endfacet
  facet normal 0.69002 -0.154942 -0.707011
    outer loop
      vertex 7.36324 -1.46464 0.599991
      vertex 6.70048 -1.67838 0
      vertex 6.77476 -1.34758 0
    endloop
  endfacet
  facet normal 0.615329 -0.34858 -0.70701
    outer loop
      vertex 6.62102 -3.53901 0.599991
      vertex 5.92475 -3.55116 0
      vertex 6.09186 -3.25617 0
    endloop
  endfacet
  facet normal -0.597483 0.378349 -0.707012
    outer loop
      vertex -5.74336 3.83759 0
      vertex -6.43939 3.85962 0.599991
      vertex -6.24225 4.17094 0.599991
    endloop
  endfacet
  facet normal 0.435085 0.55753 -0.707009
    outer loop
      vertex 4.38206 5.33956 0
      vertex 4.11478 5.54814 0
      vertex 4.7627 5.80337 0.599991
    endloop
  endfacet
  facet normal 0.659812 0.254522 -0.707012
    outer loop
      vertex 6.5037 2.32706 0
      vertex 6.38168 2.64338 0
      vertex 6.93602 2.87299 0.599991
    endloop
  endfacet
  facet normal -0.28659 0.646531 -0.707011
    outer loop
      vertex -2.95333 6.24429 0
      vertex -3.20987 6.78669 0.599991
      vertex -2.87299 6.93602 0.599991
    endloop
  endfacet
  facet normal -0.4496 0.89323 0
    outer loop
      vertex -3.20987 6.78669 0.599991
      vertex -3.53901 6.62102 3.39999
      vertex -3.20987 6.78669 3.39999
    endloop
  endfacet
  facet normal -0.4496 0.89323 0
    outer loop
      vertex -3.53901 6.62102 3.39999
      vertex -3.20987 6.78669 0.599991
      vertex -3.53901 6.62102 0.599991
    endloop
  endfacet
  facet normal -0.615231 0.788347 0
    outer loop
      vertex -4.47221 6.03007 0.599991
      vertex -4.7627 5.80337 3.39999
      vertex -4.47221 6.03007 3.39999
    endloop
  endfacet
  facet normal -0.615231 0.788347 0
    outer loop
      vertex -4.7627 5.80337 3.39999
      vertex -4.47221 6.03007 0.599991
      vertex -4.7627 5.80337 0.599991
    endloop
  endfacet
  facet normal -0.0520435 -0.705285 -0.707011
    outer loop
      vertex -0.338934 -6.89917 0
      vertex -0.735863 -7.47134 0.599991
      vertex -0.677052 -6.87422 0
    endloop
  endfacet
  facet normal -0.55753 -0.435085 -0.707009
    outer loop
      vertex -5.33956 -4.38206 0
      vertex -5.80337 -4.7627 0.599991
      vertex -5.54814 -4.11478 0
    endloop
  endfacet
  facet normal -0.017355 -0.706995 -0.707006
    outer loop
      vertex 0 -7.50749 0.599991
      vertex -0.338934 -6.89917 0
      vertex 0 -6.90749 0
    endloop
  endfacet
  facet normal -0.689525 0.724262 0
    outer loop
      vertex -5.04172 5.56268 0.599991
      vertex -5.3086 5.3086 3.39999
      vertex -5.04172 5.56268 3.39999
    endloop
  endfacet
  facet normal -0.689525 0.724262 0
    outer loop
      vertex -5.3086 5.3086 3.39999
      vertex -5.04172 5.56268 0.599991
      vertex -5.3086 5.3086 0.599991
    endloop
  endfacet
  facet normal -0.435092 -0.557539 0.706997
    outer loop
      vertex -4.38206 -5.33956 4
      vertex -4.7627 -5.80337 3.39999
      vertex -4.11478 -5.54814 4
    endloop
  endfacet
  facet normal -0.313687 0.949527 0
    outer loop
      vertex -2.17931 7.18422 0.599991
      vertex -2.5292 7.06863 3.39999
      vertex -2.17931 7.18422 3.39999
    endloop
  endfacet
  facet normal -0.313687 0.949527 0
    outer loop
      vertex -2.5292 7.06863 3.39999
      vertex -2.17931 7.18422 0.599991
      vertex -2.5292 7.06863 0.599991
    endloop
  endfacet
  facet normal 0.18863 -0.681596 0.706998
    outer loop
      vertex 2.00514 -6.61005 4
      vertex 1.67838 -6.70048 4
      vertex 2.17931 -7.18422 3.39999
    endloop
  endfacet
  facet normal 0.631707 0.31796 0.706999
    outer loop
      vertex 6.62102 3.53901 3.39999
      vertex 6.09186 3.25617 4
      vertex 6.24429 2.95333 4
    endloop
  endfacet
  facet normal 0.701897 -0.0865767 0.706997
    outer loop
      vertex 7.47134 -0.735863 3.39999
      vertex 6.83272 -1.01354 4
      vertex 7.42623 -1.10158 3.39999
    endloop
  endfacet
  facet normal 0.631707 -0.31796 0.706999
    outer loop
      vertex 6.24429 -2.95333 4
      vertex 6.09186 -3.25617 4
      vertex 6.62102 -3.53901 3.39999
    endloop
  endfacet
  facet normal 0.67151 -0.221841 -0.707009
    outer loop
      vertex 7.18422 -2.17931 0.599991
      vertex 6.5037 -2.32706 0
      vertex 6.61005 -2.00514 0
    endloop
  endfacet
  facet normal -0.120902 0.696791 -0.707011
    outer loop
      vertex -1.34758 6.77476 0
      vertex -1.46464 7.36324 0.599991
      vertex -1.01354 6.83272 0
    endloop
  endfacet
  facet normal -0.646531 -0.286585 -0.707012
    outer loop
      vertex -6.24429 -2.95333 0
      vertex -6.93602 -2.87299 0.599991
      vertex -6.38168 -2.64338 0
    endloop
  endfacet
  facet normal 0.0520435 -0.705285 -0.707011
    outer loop
      vertex 0.735863 -7.47134 0.599991
      vertex 0.338934 -6.89917 0
      vertex 0.677052 -6.87422 0
    endloop
  endfacet
  facet normal 0.348591 0.615326 -0.707007
    outer loop
      vertex 3.55116 5.92475 0
      vertex 3.53901 6.62102 0.599991
      vertex 3.85962 6.43939 0.599991
    endloop
  endfacet
  facet normal -0.017355 0.706995 -0.707006
    outer loop
      vertex 0 6.90749 0
      vertex -0.338934 6.89917 0
      vertex 0 7.50749 0.599991
    endloop
  endfacet
  facet normal -0.67151 -0.221841 -0.707009
    outer loop
      vertex -6.5037 -2.32706 0
      vertex -7.18422 -2.17931 0.599991
      vertex -6.61005 -2.00514 0
    endloop
  endfacet
  facet normal -0.0245328 0.999699 0
    outer loop
      vertex 0 7.50749 0.599991
      vertex -0.368375 7.49845 3.39999
      vertex 0 7.50749 3.39999
    endloop
  endfacet
  facet normal -0.0245328 0.999699 0
    outer loop
      vertex -0.368375 7.49845 3.39999
      vertex 0 7.50749 0.599991
      vertex -0.368375 7.49845 0.599991
    endloop
  endfacet
  facet normal 0.932997 0.359885 0
    outer loop
      vertex 7.06863 2.5292 3.39999
      vertex 6.93602 2.87299 0.599991
      vertex 6.93602 2.87299 3.39999
    endloop
  endfacet
  facet normal 0.932997 0.359885 0
    outer loop
      vertex 6.93602 2.87299 0.599991
      vertex 7.06863 2.5292 3.39999
      vertex 7.06863 2.5292 0.599991
    endloop
  endfacet
  facet normal 0.487642 0.512193 -0.70701
    outer loop
      vertex 4.88433 4.88433 0
      vertex 4.63878 5.11811 0
      vertex 5.3086 5.3086 0.599991
    endloop
  endfacet
  facet normal 0.348585 0.615338 0.706999
    outer loop
      vertex 3.53901 6.62102 3.39999
      vertex 3.25617 6.09186 4
      vertex 3.55116 5.92475 4
    endloop
  endfacet
  facet normal 0.707006 -0.0173553 0.706994
    outer loop
      vertex 6.90749 0 4
      vertex 6.89917 -0.338934 4
      vertex 7.50749 0 3.39999
    endloop
  endfacet
  facet normal 0.120902 -0.696791 -0.707011
    outer loop
      vertex 1.46464 -7.36324 0.599991
      vertex 1.01354 -6.83272 0
      vertex 1.34758 -6.77476 0
    endloop
  endfacet
  facet normal 0.154942 -0.69002 -0.707011
    outer loop
      vertex 1.46464 -7.36324 0.599991
      vertex 1.34758 -6.77476 0
      vertex 1.67838 -6.70048 0
    endloop
  endfacet
  facet normal 0.701886 -0.0865754 -0.707008
    outer loop
      vertex 7.42623 -1.10158 0.599991
      vertex 6.83272 -1.01354 0
      vertex 7.47134 -0.735863 0.599991
    endloop
  endfacet
  facet normal -0.348591 -0.615326 -0.707007
    outer loop
      vertex -3.53901 -6.62102 0.599991
      vertex -3.85962 -6.43939 0.599991
      vertex -3.55116 -5.92475 0
    endloop
  endfacet
  facet normal 0.18862 0.681589 -0.707007
    outer loop
      vertex 2.17931 7.18422 0.599991
      vertex 1.67838 6.70048 0
      vertex 1.82417 7.2825 0.599991
    endloop
  endfacet
  facet normal 0.0735712 -0.99729 0
    outer loop
      vertex 0.368375 -7.49845 0.599991
      vertex 0.735863 -7.47134 3.39999
      vertex 0.368375 -7.49845 3.39999
    endloop
  endfacet
  facet normal 0.0735712 -0.99729 0
    outer loop
      vertex 0.735863 -7.47134 3.39999
      vertex 0.368375 -7.49845 0.599991
      vertex 0.735863 -7.47134 0.599991
    endloop
  endfacet
  facet normal 0.0245328 -0.999699 0
    outer loop
      vertex 0 -7.50749 0.599991
      vertex 0.368375 -7.49845 3.39999
      vertex 0 -7.50749 3.39999
    endloop
  endfacet
  facet normal 0.0245328 -0.999699 0
    outer loop
      vertex 0.368375 -7.49845 3.39999
      vertex 0 -7.50749 0.599991
      vertex 0.368375 -7.49845 0.599991
    endloop
  endfacet
  facet normal 0.0865754 0.701886 -0.707008
    outer loop
      vertex 1.01354 6.83272 0
      vertex 0.735863 7.47134 0.599991
      vertex 1.10158 7.42623 0.599991
    endloop
  endfacet
  facet normal -0.696791 0.120902 -0.707011
    outer loop
      vertex -6.83272 1.01354 0
      vertex -7.36324 1.46464 0.599991
      vertex -6.77476 1.34758 0
    endloop
  endfacet
  facet normal 0.0865767 -0.701897 0.706997
    outer loop
      vertex 1.01354 -6.83272 4
      vertex 0.735863 -7.47134 3.39999
      vertex 1.10158 -7.42623 3.39999
    endloop
  endfacet
  facet normal -0.435092 0.557539 0.706997
    outer loop
      vertex -4.11478 5.54814 4
      vertex -4.7627 5.80337 3.39999
      vertex -4.38206 5.33956 4
    endloop
  endfacet
  facet normal -0.578205 0.40722 0.707001
    outer loop
      vertex -5.54814 4.11478 4
      vertex -6.24225 4.17094 3.39999
      vertex -5.74336 3.83759 4
    endloop
  endfacet
  facet normal -0.53551 0.461938 0.706996
    outer loop
      vertex -5.11811 4.63878 4
      vertex -5.56268 5.04172 3.39999
      vertex -5.33956 4.38206 4
    endloop
  endfacet
  facet normal 0.681596 0.18863 0.706998
    outer loop
      vertex 7.18422 2.17931 3.39999
      vertex 6.61005 2.00514 4
      vertex 6.70048 1.67838 4
    endloop
  endfacet
  facet normal 0.221841 -0.67151 -0.707009
    outer loop
      vertex 2.17931 -7.18422 0.599991
      vertex 2.00514 -6.61005 0
      vertex 2.32706 -6.5037 0
    endloop
  endfacet
  facet normal 0.817583 -0.575811 0
    outer loop
      vertex 6.03007 -4.47221 3.39999
      vertex 6.24225 -4.17094 0.599991
      vertex 6.24225 -4.17094 3.39999
    endloop
  endfacet
  facet normal 0.817583 -0.575811 0
    outer loop
      vertex 6.24225 -4.17094 0.599991
      vertex 6.03007 -4.47221 3.39999
      vertex 6.03007 -4.47221 0.599991
    endloop
  endfacet
  facet normal 0.870079 -0.492912 0
    outer loop
      vertex 6.43939 -3.85962 3.39999
      vertex 6.62102 -3.53901 0.599991
      vertex 6.62102 -3.53901 3.39999
    endloop
  endfacet
  facet normal 0.870079 -0.492912 0
    outer loop
      vertex 6.62102 -3.53901 0.599991
      vertex 6.43939 -3.85962 3.39999
      vertex 6.43939 -3.85962 0.599991
    endloop
  endfacet
  facet normal 0.597477 -0.378369 -0.707006
    outer loop
      vertex 6.43939 -3.85962 0.599991
      vertex 5.74336 -3.83759 0
      vertex 5.92475 -3.55116 0
    endloop
  endfacet
  facet normal -0.67151 0.221841 -0.707009
    outer loop
      vertex -6.61005 2.00514 0
      vertex -7.18422 2.17931 0.599991
      vertex -6.5037 2.32706 0
    endloop
  endfacet
  facet normal 0.696807 -0.120894 0.706997
    outer loop
      vertex 7.42623 -1.10158 3.39999
      vertex 6.83272 -1.01354 4
      vertex 7.36324 -1.46464 3.39999
    endloop
  endfacet
  facet normal 0.67152 -0.221844 0.706998
    outer loop
      vertex 7.18422 -2.17931 3.39999
      vertex 6.5037 -2.32706 4
      vertex 7.06863 -2.5292 3.39999
    endloop
  endfacet
  facet normal 0.65983 -0.254516 0.706998
    outer loop
      vertex 7.06863 -2.5292 3.39999
      vertex 6.5037 -2.32706 4
      vertex 6.93602 -2.87299 3.39999
    endloop
  endfacet
  facet normal 0.681589 -0.18862 -0.707007
    outer loop
      vertex 7.18422 -2.17931 0.599991
      vertex 6.70048 -1.67838 0
      vertex 7.2825 -1.82417 0.599991
    endloop
  endfacet
  facet normal 0.681585 -0.188627 -0.707009
    outer loop
      vertex 7.18422 -2.17931 0.599991
      vertex 6.61005 -2.00514 0
      vertex 6.70048 -1.67838 0
    endloop
  endfacet
  facet normal 0.535496 -0.461933 -0.707009
    outer loop
      vertex 5.56268 -5.04172 0.599991
      vertex 5.33956 -4.38206 0
      vertex 5.80337 -4.7627 0.599991
    endloop
  endfacet
  facet normal 0.724262 -0.689525 0
    outer loop
      vertex 5.3086 -5.3086 3.39999
      vertex 5.56268 -5.04172 0.599991
      vertex 5.56268 -5.04172 3.39999
    endloop
  endfacet
  facet normal 0.724262 -0.689525 0
    outer loop
      vertex 5.56268 -5.04172 0.599991
      vertex 5.3086 -5.3086 3.39999
      vertex 5.3086 -5.3086 0.599991
    endloop
  endfacet
  facet normal 0.407215 -0.578196 -0.707012
    outer loop
      vertex 4.17094 -6.24225 0.599991
      vertex 4.11478 -5.54814 0
      vertex 4.47221 -6.03007 0.599991
    endloop
  endfacet
  facet normal 0.461938 -0.53551 0.706996
    outer loop
      vertex 4.63878 -5.11811 4
      vertex 4.38206 -5.33956 4
      vertex 5.04172 -5.56268 3.39999
    endloop
  endfacet
  facet normal 0.487636 -0.512202 -0.707007
    outer loop
      vertex 5.04172 -5.56268 0.599991
      vertex 4.63878 -5.11811 0
      vertex 5.3086 -5.3086 0.599991
    endloop
  endfacet
  facet normal 0.653182 -0.757201 0
    outer loop
      vertex 4.7627 -5.80337 0.599991
      vertex 5.04172 -5.56268 3.39999
      vertex 4.7627 -5.80337 3.39999
    endloop
  endfacet
  facet normal 0.653182 -0.757201 0
    outer loop
      vertex 5.04172 -5.56268 3.39999
      vertex 4.7627 -5.80337 0.599991
      vertex 5.04172 -5.56268 0.599991
    endloop
  endfacet
  facet normal 0.461941 -0.535505 0.706997
    outer loop
      vertex 5.04172 -5.56268 3.39999
      vertex 4.38206 -5.33956 4
      vertex 4.7627 -5.80337 3.39999
    endloop
  endfacet
  facet normal 0.615231 -0.788347 0
    outer loop
      vertex 4.47221 -6.03007 0.599991
      vertex 4.7627 -5.80337 3.39999
      vertex 4.47221 -6.03007 3.39999
    endloop
  endfacet
  facet normal 0.615231 -0.788347 0
    outer loop
      vertex 4.7627 -5.80337 3.39999
      vertex 4.47221 -6.03007 0.599991
      vertex 4.7627 -5.80337 0.599991
    endloop
  endfacet
  facet normal -0.317955 -0.631697 -0.70701
    outer loop
      vertex -2.95333 -6.24429 0
      vertex -3.53901 -6.62102 0.599991
      vertex -3.25617 -6.09186 0
    endloop
  endfacet
  facet normal 0.534995 -0.844855 0
    outer loop
      vertex 3.85962 -6.43939 0.599991
      vertex 4.17094 -6.24225 3.39999
      vertex 3.85962 -6.43939 3.39999
    endloop
  endfacet
  facet normal 0.534995 -0.844855 0
    outer loop
      vertex 4.17094 -6.24225 3.39999
      vertex 3.85962 -6.43939 0.599991
      vertex 4.17094 -6.24225 0.599991
    endloop
  endfacet
  facet normal 0.254522 -0.659812 -0.707012
    outer loop
      vertex 2.87299 -6.93602 0.599991
      vertex 2.32706 -6.5037 0
      vertex 2.64338 -6.38168 0
    endloop
  endfacet
  facet normal -0.975699 0.219114 0
    outer loop
      vertex -7.36324 1.46464 0.599991
      vertex -7.2825 1.82417 3.39999
      vertex -7.2825 1.82417 0.599991
    endloop
  endfacet
  facet normal -0.975699 0.219114 0
    outer loop
      vertex -7.2825 1.82417 3.39999
      vertex -7.36324 1.46464 0.599991
      vertex -7.36324 1.46464 3.39999
    endloop
  endfacet
  facet normal -0.690021 0.154959 -0.707007
    outer loop
      vertex -6.70048 1.67838 0
      vertex -7.36324 1.46464 0.599991
      vertex -7.2825 1.82417 0.599991
    endloop
  endfacet
  facet normal -0.932997 0.359885 0
    outer loop
      vertex -7.06863 2.5292 0.599991
      vertex -6.93602 2.87299 3.39999
      vertex -6.93602 2.87299 0.599991
    endloop
  endfacet
  facet normal -0.932997 0.359885 0
    outer loop
      vertex -6.93602 2.87299 3.39999
      vertex -7.06863 2.5292 0.599991
      vertex -7.06863 2.5292 3.39999
    endloop
  endfacet
  facet normal -0.597477 0.378369 -0.707006
    outer loop
      vertex -5.92475 3.55116 0
      vertex -6.43939 3.85962 0.599991
      vertex -5.74336 3.83759 0
    endloop
  endfacet
  facet normal -0.615326 0.348591 -0.707007
    outer loop
      vertex -5.92475 3.55116 0
      vertex -6.62102 3.53901 0.599991
      vertex -6.43939 3.85962 0.599991
    endloop
  endfacet
  facet normal -0.817583 0.575811 0
    outer loop
      vertex -6.24225 4.17094 0.599991
      vertex -6.03007 4.47221 3.39999
      vertex -6.03007 4.47221 0.599991
    endloop
  endfacet
  facet normal -0.817583 0.575811 0
    outer loop
      vertex -6.03007 4.47221 3.39999
      vertex -6.24225 4.17094 0.599991
      vertex -6.24225 4.17094 3.39999
    endloop
  endfacet
  facet normal 0.70529 -0.05203 -0.707007
    outer loop
      vertex 7.47134 -0.735863 0.599991
      vertex 6.89917 -0.338934 0
      vertex 7.49845 -0.368375 0.599991
    endloop
  endfacet
  facet normal 0.706995 -0.017355 -0.707006
    outer loop
      vertex 7.50749 0 0.599991
      vertex 6.89917 -0.338934 0
      vertex 6.90749 0 0
    endloop
  endfacet
  facet normal -0.724262 0.689525 0
    outer loop
      vertex -5.56268 5.04172 0.599991
      vertex -5.3086 5.3086 3.39999
      vertex -5.3086 5.3086 0.599991
    endloop
  endfacet
  facet normal -0.724262 0.689525 0
    outer loop
      vertex -5.3086 5.3086 3.39999
      vertex -5.56268 5.04172 0.599991
      vertex -5.56268 5.04172 3.39999
    endloop
  endfacet
  facet normal -0.461941 0.535505 0.706997
    outer loop
      vertex -4.7627 5.80337 3.39999
      vertex -5.04172 5.56268 3.39999
      vertex -4.38206 5.33956 4
    endloop
  endfacet
  facet normal 0.46193 0.535501 -0.707007
    outer loop
      vertex 4.63878 5.11811 0
      vertex 4.38206 5.33956 0
      vertex 5.04172 5.56268 0.599991
    endloop
  endfacet
  facet normal 0.724262 0.689525 0
    outer loop
      vertex 5.56268 5.04172 3.39999
      vertex 5.3086 5.3086 0.599991
      vertex 5.3086 5.3086 3.39999
    endloop
  endfacet
  facet normal 0.724262 0.689525 0
    outer loop
      vertex 5.3086 5.3086 0.599991
      vertex 5.56268 5.04172 3.39999
      vertex 5.56268 5.04172 0.599991
    endloop
  endfacet
  facet normal 0.55752 0.435092 -0.707012
    outer loop
      vertex 6.03007 4.47221 0.599991
      vertex 5.54814 4.11478 0
      vertex 5.80337 4.7627 0.599991
    endloop
  endfacet
  facet normal 0.578196 0.407215 -0.707012
    outer loop
      vertex 6.24225 4.17094 0.599991
      vertex 5.54814 4.11478 0
      vertex 6.03007 4.47221 0.599991
    endloop
  endfacet
  facet normal -0.535501 -0.46193 -0.707007
    outer loop
      vertex -5.11811 -4.63878 0
      vertex -5.56268 -5.04172 0.599991
      vertex -5.33956 -4.38206 0
    endloop
  endfacet
  facet normal -0.487642 -0.512193 -0.70701
    outer loop
      vertex -4.63878 -5.11811 0
      vertex -5.3086 -5.3086 0.599991
      vertex -4.88433 -4.88433 0
    endloop
  endfacet
  facet normal 0.34858 0.615329 -0.70701
    outer loop
      vertex 3.55116 5.92475 0
      vertex 3.25617 6.09186 0
      vertex 3.53901 6.62102 0.599991
    endloop
  endfacet
  facet normal 0.317958 0.631695 -0.707011
    outer loop
      vertex 3.53901 6.62102 0.599991
      vertex 2.95333 6.24429 0
      vertex 3.20987 6.78669 0.599991
    endloop
  endfacet
  facet normal -0.378369 -0.597477 -0.707006
    outer loop
      vertex -3.55116 -5.92475 0
      vertex -3.85962 -6.43939 0.599991
      vertex -3.83759 -5.74336 0
    endloop
  endfacet
  facet normal 0.407215 0.578196 -0.707012
    outer loop
      vertex 4.47221 6.03007 0.599991
      vertex 4.11478 5.54814 0
      vertex 4.17094 6.24225 0.599991
    endloop
  endfacet
  facet normal 0.48765 0.512201 0.706999
    outer loop
      vertex 5.3086 5.3086 3.39999
      vertex 4.63878 5.11811 4
      vertex 4.88433 4.88433 4
    endloop
  endfacet
  facet normal 0.461941 0.535505 0.706997
    outer loop
      vertex 4.7627 5.80337 3.39999
      vertex 4.38206 5.33956 4
      vertex 5.04172 5.56268 3.39999
    endloop
  endfacet
  facet normal 0.05203 0.70529 -0.707007
    outer loop
      vertex 0.735863 7.47134 0.599991
      vertex 0.338934 6.89917 0
      vertex 0.368375 7.49845 0.599991
    endloop
  endfacet
  facet normal 0.0173498 0.706994 -0.707007
    outer loop
      vertex 0.338934 6.89917 0
      vertex 0 7.50749 0.599991
      vertex 0.368375 7.49845 0.599991
    endloop
  endfacet
  facet normal 0.154959 0.690021 -0.707007
    outer loop
      vertex 1.67838 6.70048 0
      vertex 1.46464 7.36324 0.599991
      vertex 1.82417 7.2825 0.599991
    endloop
  endfacet
  facet normal -0.706995 -0.017355 -0.707006
    outer loop
      vertex -6.89917 -0.338934 0
      vertex -7.50749 0 0.599991
      vertex -6.90749 0 0
    endloop
  endfacet
  facet normal -0.615329 -0.34858 -0.70701
    outer loop
      vertex -5.92475 -3.55116 0
      vertex -6.62102 -3.53901 0.599991
      vertex -6.09186 -3.25617 0
    endloop
  endfacet
  facet normal 0.317963 0.631705 0.707
    outer loop
      vertex 3.20987 6.78669 3.39999
      vertex 2.95333 6.24429 4
      vertex 3.53901 6.62102 3.39999
    endloop
  endfacet
  facet normal 0.4496 0.89323 -0
    outer loop
      vertex 3.53901 6.62102 0.599991
      vertex 3.20987 6.78669 3.39999
      vertex 3.53901 6.62102 3.39999
    endloop
  endfacet
  facet normal 0.4496 0.89323 0
    outer loop
      vertex 3.20987 6.78669 3.39999
      vertex 3.53901 6.62102 0.599991
      vertex 3.20987 6.78669 0.599991
    endloop
  endfacet
  facet normal -0.40722 -0.578205 0.707001
    outer loop
      vertex -4.11478 -5.54814 4
      vertex -4.17094 -6.24225 3.39999
      vertex -3.83759 -5.74336 4
    endloop
  endfacet
  facet normal 0.535505 -0.461941 0.706997
    outer loop
      vertex 5.80337 -4.7627 3.39999
      vertex 5.33956 -4.38206 4
      vertex 5.56268 -5.04172 3.39999
    endloop
  endfacet
  facet normal 0.701896 -0.0865667 0.707
    outer loop
      vertex 6.87422 -0.677052 4
      vertex 6.83272 -1.01354 4
      vertex 7.47134 -0.735863 3.39999
    endloop
  endfacet
  facet normal -0.170944 0.985281 0
    outer loop
      vertex -1.10158 7.42623 0.599991
      vertex -1.46464 7.36324 3.39999
      vertex -1.10158 7.42623 3.39999
    endloop
  endfacet
  facet normal -0.170944 0.985281 0
    outer loop
      vertex -1.46464 7.36324 3.39999
      vertex -1.10158 7.42623 0.599991
      vertex -1.46464 7.36324 0.599991
    endloop
  endfacet
  facet normal -0.120894 0.696807 0.706997
    outer loop
      vertex -1.10158 7.42623 3.39999
      vertex -1.46464 7.36324 3.39999
      vertex -1.01354 6.83272 4
    endloop
  endfacet
  facet normal 0.53551 -0.461938 0.706996
    outer loop
      vertex 5.33956 -4.38206 4
      vertex 5.11811 -4.63878 4
      vertex 5.56268 -5.04172 3.39999
    endloop
  endfacet
  facet normal -0.31796 -0.631707 0.706999
    outer loop
      vertex -3.25617 -6.09186 4
      vertex -3.53901 -6.62102 3.39999
      vertex -2.95333 -6.24429 4
    endloop
  endfacet
  facet normal 0.985281 -0.170944 0
    outer loop
      vertex 7.36324 -1.46464 3.39999
      vertex 7.42623 -1.10158 0.599991
      vertex 7.42623 -1.10158 3.39999
    endloop
  endfacet
  facet normal 0.985281 -0.170944 0
    outer loop
      vertex 7.42623 -1.10158 0.599991
      vertex 7.36324 -1.46464 3.39999
      vertex 7.36324 -1.46464 0.599991
    endloop
  endfacet
  facet normal 0.512202 0.487636 -0.707007
    outer loop
      vertex 5.56268 5.04172 0.599991
      vertex 5.11811 4.63878 0
      vertex 5.3086 5.3086 0.599991
    endloop
  endfacet
  facet normal 0.706994 0.0173498 -0.707007
    outer loop
      vertex 7.50749 0 0.599991
      vertex 6.89917 0.338934 0
      vertex 7.49845 0.368375 0.599991
    endloop
  endfacet
  facet normal 0.70529 0.05203 -0.707007
    outer loop
      vertex 7.49845 0.368375 0.599991
      vertex 6.89917 0.338934 0
      vertex 7.47134 0.735863 0.599991
    endloop
  endfacet
  facet normal -0.631695 -0.317958 -0.707011
    outer loop
      vertex -6.62102 -3.53901 0.599991
      vertex -6.78669 -3.20987 0.599991
      vertex -6.24429 -2.95333 0
    endloop
  endfacet
  facet normal -0.154961 -0.690032 0.706995
    outer loop
      vertex -1.67838 -6.70048 4
      vertex -1.82417 -7.2825 3.39999
      vertex -1.46464 -7.36324 3.39999
    endloop
  endfacet
  facet normal -0.535501 0.46193 -0.707007
    outer loop
      vertex -5.33956 4.38206 0
      vertex -5.56268 5.04172 0.599991
      vertex -5.11811 4.63878 0
    endloop
  endfacet
  facet normal -0.487642 0.512193 -0.70701
    outer loop
      vertex -4.88433 4.88433 0
      vertex -5.3086 5.3086 0.599991
      vertex -4.63878 5.11811 0
    endloop
  endfacet
  facet normal -0.69002 -0.154942 -0.707011
    outer loop
      vertex -6.70048 -1.67838 0
      vertex -7.36324 -1.46464 0.599991
      vertex -6.77476 -1.34758 0
    endloop
  endfacet
  facet normal -0.317958 -0.631695 -0.707011
    outer loop
      vertex -3.20987 -6.78669 0.599991
      vertex -3.53901 -6.62102 0.599991
      vertex -2.95333 -6.24429 0
    endloop
  endfacet
  facet normal -0.28659 -0.646531 -0.707011
    outer loop
      vertex -2.87299 -6.93602 0.599991
      vertex -3.20987 -6.78669 0.599991
      vertex -2.95333 -6.24429 0
    endloop
  endfacet
  facet normal -0.407215 -0.578196 -0.707012
    outer loop
      vertex -4.17094 -6.24225 0.599991
      vertex -4.47221 -6.03007 0.599991
      vertex -4.11478 -5.54814 0
    endloop
  endfacet
  facet normal -0.615231 -0.788347 0
    outer loop
      vertex -4.7627 -5.80337 0.599991
      vertex -4.47221 -6.03007 3.39999
      vertex -4.7627 -5.80337 3.39999
    endloop
  endfacet
  facet normal -0.615231 -0.788347 -0
    outer loop
      vertex -4.47221 -6.03007 3.39999
      vertex -4.7627 -5.80337 0.599991
      vertex -4.47221 -6.03007 0.599991
    endloop
  endfacet
  facet normal -0.817583 -0.575811 0
    outer loop
      vertex -6.03007 -4.47221 0.599991
      vertex -6.24225 -4.17094 3.39999
      vertex -6.24225 -4.17094 0.599991
    endloop
  endfacet
  facet normal -0.817583 -0.575811 0
    outer loop
      vertex -6.24225 -4.17094 3.39999
      vertex -6.03007 -4.47221 0.599991
      vertex -6.03007 -4.47221 3.39999
    endloop
  endfacet
  facet normal -0.646531 0.286585 -0.707012
    outer loop
      vertex -6.38168 2.64338 0
      vertex -6.93602 2.87299 0.599991
      vertex -6.24429 2.95333 0
    endloop
  endfacet
  facet normal 0.696796 -0.120892 -0.707008
    outer loop
      vertex 7.36324 -1.46464 0.599991
      vertex 6.83272 -1.01354 0
      vertex 7.42623 -1.10158 0.599991
    endloop
  endfacet
  facet normal -0.405244 -0.914208 0
    outer loop
      vertex -3.20987 -6.78669 0.599991
      vertex -2.87299 -6.93602 3.39999
      vertex -3.20987 -6.78669 3.39999
    endloop
  endfacet
  facet normal -0.405244 -0.914208 -0
    outer loop
      vertex -2.87299 -6.93602 3.39999
      vertex -3.20987 -6.78669 0.599991
      vertex -2.87299 -6.93602 0.599991
    endloop
  endfacet
  facet normal 0.615338 -0.348585 0.706999
    outer loop
      vertex 6.09186 -3.25617 4
      vertex 5.92475 -3.55116 4
      vertex 6.62102 -3.53901 3.39999
    endloop
  endfacet
  facet normal -0.0173498 -0.706994 -0.707007
    outer loop
      vertex 0 -7.50749 0.599991
      vertex -0.368375 -7.49845 0.599991
      vertex -0.338934 -6.89917 0
    endloop
  endfacet
  facet normal -0.0245328 -0.999699 0
    outer loop
      vertex -0.368375 -7.49845 0.599991
      vertex 0 -7.50749 3.39999
      vertex -0.368375 -7.49845 3.39999
    endloop
  endfacet
  facet normal -0.0245328 -0.999699 -0
    outer loop
      vertex 0 -7.50749 3.39999
      vertex -0.368375 -7.49845 0.599991
      vertex 0 -7.50749 0.599991
    endloop
  endfacet
  facet normal -0.512193 0.487642 -0.70701
    outer loop
      vertex -5.11811 4.63878 0
      vertex -5.3086 5.3086 0.599991
      vertex -4.88433 4.88433 0
    endloop
  endfacet
  facet normal -0.0865654 0.701884 -0.707011
    outer loop
      vertex -0.677052 6.87422 0
      vertex -1.01354 6.83272 0
      vertex -0.735863 7.47134 0.599991
    endloop
  endfacet
  facet normal -0.701886 -0.0865754 -0.707008
    outer loop
      vertex -7.42623 -1.10158 0.599991
      vertex -7.47134 -0.735863 0.599991
      vertex -6.83272 -1.01354 0
    endloop
  endfacet
  facet normal 0.55753 -0.435085 -0.707009
    outer loop
      vertex 5.80337 -4.7627 0.599991
      vertex 5.33956 -4.38206 0
      vertex 5.54814 -4.11478 0
    endloop
  endfacet
  facet normal 0.631697 -0.317955 -0.70701
    outer loop
      vertex 6.62102 -3.53901 0.599991
      vertex 6.09186 -3.25617 0
      vertex 6.24429 -2.95333 0
    endloop
  endfacet
  facet normal -0.317963 0.631705 0.707
    outer loop
      vertex -3.20987 6.78669 3.39999
      vertex -3.53901 6.62102 3.39999
      vertex -2.95333 6.24429 4
    endloop
  endfacet
  facet normal -0.492912 0.870079 0
    outer loop
      vertex -3.53901 6.62102 0.599991
      vertex -3.85962 6.43939 3.39999
      vertex -3.53901 6.62102 3.39999
    endloop
  endfacet
  facet normal -0.492912 0.870079 0
    outer loop
      vertex -3.85962 6.43939 3.39999
      vertex -3.53901 6.62102 0.599991
      vertex -3.85962 6.43939 0.599991
    endloop
  endfacet
  facet normal 0.0520435 0.705285 -0.707011
    outer loop
      vertex 0.677052 6.87422 0
      vertex 0.338934 6.89917 0
      vertex 0.735863 7.47134 0.599991
    endloop
  endfacet
  facet normal -0.348596 0.615336 0.706995
    outer loop
      vertex -3.53901 6.62102 3.39999
      vertex -3.85962 6.43939 3.39999
      vertex -3.55116 5.92475 4
    endloop
  endfacet
  facet normal -0.348585 0.615338 0.706999
    outer loop
      vertex -3.53901 6.62102 3.39999
      vertex -3.55116 5.92475 4
      vertex -3.25617 6.09186 4
    endloop
  endfacet
  facet normal -0.534995 0.844855 0
    outer loop
      vertex -3.85962 6.43939 0.599991
      vertex -4.17094 6.24225 3.39999
      vertex -3.85962 6.43939 3.39999
    endloop
  endfacet
  facet normal -0.534995 0.844855 0
    outer loop
      vertex -4.17094 6.24225 3.39999
      vertex -3.85962 6.43939 0.599991
      vertex -4.17094 6.24225 0.599991
    endloop
  endfacet
  facet normal 0.705296 -0.0520444 0.707
    outer loop
      vertex 6.89917 -0.338934 4
      vertex 6.87422 -0.677052 4
      vertex 7.47134 -0.735863 3.39999
    endloop
  endfacet
  facet normal -0.378375 0.597486 0.706995
    outer loop
      vertex -3.55116 5.92475 4
      vertex -3.85962 6.43939 3.39999
      vertex -3.83759 5.74336 4
    endloop
  endfacet
  facet normal 0.646542 0.286589 0.707001
    outer loop
      vertex 6.93602 2.87299 3.39999
      vertex 6.24429 2.95333 4
      vertex 6.38168 2.64338 4
    endloop
  endfacet
  facet normal 0.286589 0.646542 0.707001
    outer loop
      vertex 2.87299 6.93602 3.39999
      vertex 2.64338 6.38168 4
      vertex 2.95333 6.24429 4
    endloop
  endfacet
  facet normal 0.701884 -0.0865654 -0.707011
    outer loop
      vertex 7.47134 -0.735863 0.599991
      vertex 6.83272 -1.01354 0
      vertex 6.87422 -0.677052 0
    endloop
  endfacet
  facet normal 0.512193 0.487642 -0.70701
    outer loop
      vertex 5.11811 4.63878 0
      vertex 4.88433 4.88433 0
      vertex 5.3086 5.3086 0.599991
    endloop
  endfacet
  facet normal 0.963776 0.266712 0
    outer loop
      vertex 7.2825 1.82417 3.39999
      vertex 7.18422 2.17931 0.599991
      vertex 7.18422 2.17931 3.39999
    endloop
  endfacet
  facet normal 0.963776 0.266712 0
    outer loop
      vertex 7.18422 2.17931 0.599991
      vertex 7.2825 1.82417 3.39999
      vertex 7.2825 1.82417 0.599991
    endloop
  endfacet
  facet normal 0.690021 0.154959 -0.707007
    outer loop
      vertex 7.36324 1.46464 0.599991
      vertex 6.70048 1.67838 0
      vertex 7.2825 1.82417 0.599991
    endloop
  endfacet
  facet normal 0.535501 -0.46193 -0.707007
    outer loop
      vertex 5.56268 -5.04172 0.599991
      vertex 5.11811 -4.63878 0
      vertex 5.33956 -4.38206 0
    endloop
  endfacet
  facet normal 0.690031 -0.154944 0.707
    outer loop
      vertex 6.77476 -1.34758 4
      vertex 6.70048 -1.67838 4
      vertex 7.36324 -1.46464 3.39999
    endloop
  endfacet
  facet normal 0.0520308 -0.705301 0.706996
    outer loop
      vertex 0.735863 -7.47134 3.39999
      vertex 0.338934 -6.89917 4
      vertex 0.368375 -7.49845 3.39999
    endloop
  endfacet
  facet normal 0.01735 -0.707005 0.706996
    outer loop
      vertex 0.338934 -6.89917 4
      vertex 0 -7.50749 3.39999
      vertex 0.368375 -7.49845 3.39999
    endloop
  endfacet
  facet normal 0.122419 -0.992479 0
    outer loop
      vertex 0.735863 -7.47134 0.599991
      vertex 1.10158 -7.42623 3.39999
      vertex 0.735863 -7.47134 3.39999
    endloop
  endfacet
  facet normal 0.122419 -0.992479 0
    outer loop
      vertex 1.10158 -7.42623 3.39999
      vertex 0.735863 -7.47134 0.599991
      vertex 1.10158 -7.42623 0.599991
    endloop
  endfacet
  facet normal 0.266712 -0.963776 0
    outer loop
      vertex 1.82417 -7.2825 0.599991
      vertex 2.17931 -7.18422 3.39999
      vertex 1.82417 -7.2825 3.39999
    endloop
  endfacet
  facet normal 0.266712 -0.963776 0
    outer loop
      vertex 2.17931 -7.18422 3.39999
      vertex 1.82417 -7.2825 0.599991
      vertex 2.17931 -7.18422 0.599991
    endloop
  endfacet
  facet normal -0.578196 -0.407213 -0.707012
    outer loop
      vertex -5.54814 -4.11478 0
      vertex -6.24225 -4.17094 0.599991
      vertex -5.74336 -3.83759 0
    endloop
  endfacet
  facet normal 0.378369 -0.597477 -0.707006
    outer loop
      vertex 3.85962 -6.43939 0.599991
      vertex 3.55116 -5.92475 0
      vertex 3.83759 -5.74336 0
    endloop
  endfacet
  facet normal 0.407213 -0.578196 -0.707012
    outer loop
      vertex 4.17094 -6.24225 0.599991
      vertex 3.83759 -5.74336 0
      vertex 4.11478 -5.54814 0
    endloop
  endfacet
  facet normal 0.461933 -0.535496 -0.707009
    outer loop
      vertex 4.7627 -5.80337 0.599991
      vertex 4.38206 -5.33956 0
      vertex 5.04172 -5.56268 0.599991
    endloop
  endfacet
  facet normal 0.435085 -0.55753 -0.707009
    outer loop
      vertex 4.7627 -5.80337 0.599991
      vertex 4.11478 -5.54814 0
      vertex 4.38206 -5.33956 0
    endloop
  endfacet
  facet normal 0.512202 -0.487636 -0.707007
    outer loop
      vertex 5.3086 -5.3086 0.599991
      vertex 5.11811 -4.63878 0
      vertex 5.56268 -5.04172 0.599991
    endloop
  endfacet
  facet normal 0.512193 -0.487642 -0.70701
    outer loop
      vertex 5.3086 -5.3086 0.599991
      vertex 4.88433 -4.88433 0
      vertex 5.11811 -4.63878 0
    endloop
  endfacet
  facet normal 0.701884 0.0865654 -0.707011
    outer loop
      vertex 6.87422 0.677052 0
      vertex 6.83272 1.01354 0
      vertex 7.47134 0.735863 0.599991
    endloop
  endfacet
  facet normal 0.689525 -0.724262 0
    outer loop
      vertex 5.04172 -5.56268 0.599991
      vertex 5.3086 -5.3086 3.39999
      vertex 5.04172 -5.56268 3.39999
    endloop
  endfacet
  facet normal 0.689525 -0.724262 0
    outer loop
      vertex 5.3086 -5.3086 3.39999
      vertex 5.04172 -5.56268 0.599991
      vertex 5.3086 -5.3086 0.599991
    endloop
  endfacet
  facet normal 0.487636 0.512202 -0.707007
    outer loop
      vertex 5.3086 5.3086 0.599991
      vertex 4.63878 5.11811 0
      vertex 5.04172 5.56268 0.599991
    endloop
  endfacet
  facet normal 0.359885 -0.932997 0
    outer loop
      vertex 2.5292 -7.06863 0.599991
      vertex 2.87299 -6.93602 3.39999
      vertex 2.5292 -7.06863 3.39999
    endloop
  endfacet
  facet normal 0.359885 -0.932997 0
    outer loop
      vertex 2.87299 -6.93602 3.39999
      vertex 2.5292 -7.06863 0.599991
      vertex 2.87299 -6.93602 0.599991
    endloop
  endfacet
  facet normal 0.254512 -0.65982 -0.707009
    outer loop
      vertex 2.5292 -7.06863 0.599991
      vertex 2.32706 -6.5037 0
      vertex 2.87299 -6.93602 0.599991
    endloop
  endfacet
  facet normal 0.254526 0.659823 0.707001
    outer loop
      vertex 2.87299 6.93602 3.39999
      vertex 2.32706 6.5037 4
      vertex 2.64338 6.38168 4
    endloop
  endfacet
  facet normal 0.578196 -0.407215 -0.707012
    outer loop
      vertex 6.03007 -4.47221 0.599991
      vertex 5.54814 -4.11478 0
      vertex 6.24225 -4.17094 0.599991
    endloop
  endfacet
  facet normal 0.535496 0.461933 -0.707009
    outer loop
      vertex 5.80337 4.7627 0.599991
      vertex 5.33956 4.38206 0
      vertex 5.56268 5.04172 0.599991
    endloop
  endfacet
  facet normal 0.557529 0.435099 0.707001
    outer loop
      vertex 5.80337 4.7627 3.39999
      vertex 5.54814 4.11478 4
      vertex 6.03007 4.47221 3.39999
    endloop
  endfacet
  facet normal 0.844855 0.534995 0
    outer loop
      vertex 6.43939 3.85962 3.39999
      vertex 6.24225 4.17094 0.599991
      vertex 6.24225 4.17094 3.39999
    endloop
  endfacet
  facet normal 0.844855 0.534995 0
    outer loop
      vertex 6.24225 4.17094 0.599991
      vertex 6.43939 3.85962 3.39999
      vertex 6.43939 3.85962 0.599991
    endloop
  endfacet
  facet normal 0.378349 0.597483 -0.707012
    outer loop
      vertex 4.17094 6.24225 0.599991
      vertex 3.83759 5.74336 0
      vertex 3.85962 6.43939 0.599991
    endloop
  endfacet
  facet normal 0.317955 -0.631697 -0.70701
    outer loop
      vertex 3.53901 -6.62102 0.599991
      vertex 2.95333 -6.24429 0
      vertex 3.25617 -6.09186 0
    endloop
  endfacet
  facet normal 0.615231 0.788347 -0
    outer loop
      vertex 4.7627 5.80337 0.599991
      vertex 4.47221 6.03007 3.39999
      vertex 4.7627 5.80337 3.39999
    endloop
  endfacet
  facet normal 0.615231 0.788347 0
    outer loop
      vertex 4.47221 6.03007 3.39999
      vertex 4.7627 5.80337 0.599991
      vertex 4.47221 6.03007 0.599991
    endloop
  endfacet
  facet normal 0.435092 0.55752 -0.707012
    outer loop
      vertex 4.7627 5.80337 0.599991
      vertex 4.11478 5.54814 0
      vertex 4.47221 6.03007 0.599991
    endloop
  endfacet
  facet normal 0.154942 0.69002 -0.707011
    outer loop
      vertex 1.67838 6.70048 0
      vertex 1.34758 6.77476 0
      vertex 1.46464 7.36324 0.599991
    endloop
  endfacet
  facet normal 0.219114 0.975699 -0
    outer loop
      vertex 1.82417 7.2825 0.599991
      vertex 1.46464 7.36324 3.39999
      vertex 1.82417 7.2825 3.39999
    endloop
  endfacet
  facet normal 0.219114 0.975699 0
    outer loop
      vertex 1.46464 7.36324 3.39999
      vertex 1.82417 7.2825 0.599991
      vertex 1.46464 7.36324 0.599991
    endloop
  endfacet
  facet normal 0 0 -1
    outer loop
      vertex 6.89917 -0.338934 0
      vertex 6.89917 0.338934 0
      vertex 6.90749 0 0
    endloop
  endfacet
  facet normal 0 0 -1
    outer loop
      vertex 6.87422 -0.677052 0
      vertex 6.89917 0.338934 0
      vertex 6.89917 -0.338934 0
    endloop
  endfacet
  facet normal 0 0 -1
    outer loop
      vertex 6.87422 -0.677052 0
      vertex 6.87422 0.677052 0
      vertex 6.89917 0.338934 0
    endloop
  endfacet
  facet normal 0 0 -1
    outer loop
      vertex 6.83272 -1.01354 0
      vertex 6.87422 0.677052 0
      vertex 6.87422 -0.677052 0
    endloop
  endfacet
  facet normal 0 0 -1
    outer loop
      vertex 6.83272 -1.01354 0
      vertex 6.83272 1.01354 0
      vertex 6.87422 0.677052 0
    endloop
  endfacet
  facet normal 0 0 -1
    outer loop
      vertex 6.77476 -1.34758 0
      vertex 6.83272 1.01354 0
      vertex 6.83272 -1.01354 0
    endloop
  endfacet
  facet normal 0 0 -1
    outer loop
      vertex 6.77476 -1.34758 0
      vertex 6.77476 1.34758 0
      vertex 6.83272 1.01354 0
    endloop
  endfacet
  facet normal 0 0 -1
    outer loop
      vertex 6.70048 -1.67838 0
      vertex 6.77476 1.34758 0
      vertex 6.77476 -1.34758 0
    endloop
  endfacet
  facet normal 0 0 -1
    outer loop
      vertex 6.70048 -1.67838 0
      vertex 6.70048 1.67838 0
      vertex 6.77476 1.34758 0
    endloop
  endfacet
  facet normal 0 0 -1
    outer loop
      vertex 6.61005 -2.00514 0
      vertex 6.70048 1.67838 0
      vertex 6.70048 -1.67838 0
    endloop
  endfacet
  facet normal 0 0 -1
    outer loop
      vertex 6.61005 -2.00514 0
      vertex 6.61005 2.00514 0
      vertex 6.70048 1.67838 0
    endloop
  endfacet
  facet normal 0 0 -1
    outer loop
      vertex 6.5037 -2.32706 0
      vertex 6.61005 2.00514 0
      vertex 6.61005 -2.00514 0
    endloop
  endfacet
  facet normal 0 0 -1
    outer loop
      vertex 6.5037 -2.32706 0
      vertex 6.5037 2.32706 0
      vertex 6.61005 2.00514 0
    endloop
  endfacet
  facet normal 0 0 -1
    outer loop
      vertex 6.38168 -2.64338 0
      vertex 6.5037 2.32706 0
      vertex 6.5037 -2.32706 0
    endloop
  endfacet
  facet normal 0 0 -1
    outer loop
      vertex 6.38168 -2.64338 0
      vertex 6.38168 2.64338 0
      vertex 6.5037 2.32706 0
    endloop
  endfacet
  facet normal 0 0 -1
    outer loop
      vertex 6.24429 -2.95333 0
      vertex 6.38168 2.64338 0
      vertex 6.38168 -2.64338 0
    endloop
  endfacet
  facet normal 0 0 -1
    outer loop
      vertex 6.24429 -2.95333 0
      vertex 6.24429 2.95333 0
      vertex 6.38168 2.64338 0
    endloop
  endfacet
  facet normal 0 0 -1
    outer loop
      vertex 6.09186 -3.25617 0
      vertex 6.24429 2.95333 0
      vertex 6.24429 -2.95333 0
    endloop
  endfacet
  facet normal 0 0 -1
    outer loop
      vertex 6.09186 -3.25617 0
      vertex 6.09186 3.25617 0
      vertex 6.24429 2.95333 0
    endloop
  endfacet
  facet normal 0 0 -1
    outer loop
      vertex 5.92475 -3.55116 0
      vertex 6.09186 3.25617 0
      vertex 6.09186 -3.25617 0
    endloop
  endfacet
  facet normal 0 0 -1
    outer loop
      vertex 5.92475 -3.55116 0
      vertex 5.92475 3.55116 0
      vertex 6.09186 3.25617 0
    endloop
  endfacet
  facet normal 0 0 -1
    outer loop
      vertex 5.74336 -3.83759 0
      vertex 5.92475 3.55116 0
      vertex 5.92475 -3.55116 0
    endloop
  endfacet
  facet normal 0 0 -1
    outer loop
      vertex 5.74336 -3.83759 0
      vertex 5.74336 3.83759 0
      vertex 5.92475 3.55116 0
    endloop
  endfacet
  facet normal 0 0 -1
    outer loop
      vertex 5.54814 -4.11478 0
      vertex 5.74336 3.83759 0
      vertex 5.74336 -3.83759 0
    endloop
  endfacet
  facet normal 0 0 -1
    outer loop
      vertex 5.54814 -4.11478 0
      vertex 5.54814 4.11478 0
      vertex 5.74336 3.83759 0
    endloop
  endfacet
  facet normal 0 0 -1
    outer loop
      vertex 5.33956 -4.38206 0
      vertex 5.54814 4.11478 0
      vertex 5.54814 -4.11478 0
    endloop
  endfacet
  facet normal 0 0 -1
    outer loop
      vertex 5.33956 -4.38206 0
      vertex 5.33956 4.38206 0
      vertex 5.54814 4.11478 0
    endloop
  endfacet
  facet normal 0 0 -1
    outer loop
      vertex 5.11811 -4.63878 0
      vertex 5.33956 4.38206 0
      vertex 5.33956 -4.38206 0
    endloop
  endfacet
  facet normal 0 0 -1
    outer loop
      vertex 5.11811 -4.63878 0
      vertex 5.11811 4.63878 0
      vertex 5.33956 4.38206 0
    endloop
  endfacet
  facet normal 0 0 -1
    outer loop
      vertex 4.88433 -4.88433 0
      vertex 5.11811 4.63878 0
      vertex 5.11811 -4.63878 0
    endloop
  endfacet
  facet normal 0 0 -1
    outer loop
      vertex 4.88433 -4.88433 0
      vertex 4.88433 4.88433 0
      vertex 5.11811 4.63878 0
    endloop
  endfacet
  facet normal 0 0 -1
    outer loop
      vertex 4.63878 -5.11811 0
      vertex 4.88433 4.88433 0
      vertex 4.88433 -4.88433 0
    endloop
  endfacet
  facet normal 0 0 -1
    outer loop
      vertex 4.63878 -5.11811 0
      vertex 4.63878 5.11811 0
      vertex 4.88433 4.88433 0
    endloop
  endfacet
  facet normal 0 0 -1
    outer loop
      vertex 4.38206 -5.33956 0
      vertex 4.63878 5.11811 0
      vertex 4.63878 -5.11811 0
    endloop
  endfacet
  facet normal 0 0 -1
    outer loop
      vertex 4.38206 -5.33956 0
      vertex 4.38206 5.33956 0
      vertex 4.63878 5.11811 0
    endloop
  endfacet
  facet normal 0 0 -1
    outer loop
      vertex 4.11478 -5.54814 0
      vertex 4.38206 5.33956 0
      vertex 4.38206 -5.33956 0
    endloop
  endfacet
  facet normal 0 0 -1
    outer loop
      vertex 4.11478 -5.54814 0
      vertex 4.11478 5.54814 0
      vertex 4.38206 5.33956 0
    endloop
  endfacet
  facet normal 0 0 -1
    outer loop
      vertex 3.83759 -5.74336 0
      vertex 4.11478 5.54814 0
      vertex 4.11478 -5.54814 0
    endloop
  endfacet
  facet normal 0 0 -1
    outer loop
      vertex 3.83759 -5.74336 0
      vertex 3.83759 5.74336 0
      vertex 4.11478 5.54814 0
    endloop
  endfacet
  facet normal 0 0 -1
    outer loop
      vertex 3.55116 -5.92475 0
      vertex 3.83759 5.74336 0
      vertex 3.83759 -5.74336 0
    endloop
  endfacet
  facet normal 0 0 -1
    outer loop
      vertex 3.55116 -5.92475 0
      vertex 3.55116 5.92475 0
      vertex 3.83759 5.74336 0
    endloop
  endfacet
  facet normal 0 0 -1
    outer loop
      vertex 3.25617 -6.09186 0
      vertex 3.55116 5.92475 0
      vertex 3.55116 -5.92475 0
    endloop
  endfacet
  facet normal 0 0 -1
    outer loop
      vertex 3.25617 -6.09186 0
      vertex 3.25617 6.09186 0
      vertex 3.55116 5.92475 0
    endloop
  endfacet
  facet normal 0 0 -1
    outer loop
      vertex 2.95333 -6.24429 0
      vertex 3.25617 6.09186 0
      vertex 3.25617 -6.09186 0
    endloop
  endfacet
  facet normal 0 0 -1
    outer loop
      vertex 2.95333 -6.24429 0
      vertex 2.95333 6.24429 0
      vertex 3.25617 6.09186 0
    endloop
  endfacet
  facet normal 0 0 -1
    outer loop
      vertex 2.64338 -6.38168 0
      vertex 2.95333 6.24429 0
      vertex 2.95333 -6.24429 0
    endloop
  endfacet
  facet normal 0 0 -1
    outer loop
      vertex 2.64338 -6.38168 0
      vertex 2.64338 6.38168 0
      vertex 2.95333 6.24429 0
    endloop
  endfacet
  facet normal 0 0 -1
    outer loop
      vertex 2.32706 -6.5037 0
      vertex 2.64338 6.38168 0
      vertex 2.64338 -6.38168 0
    endloop
  endfacet
  facet normal 0 0 -1
    outer loop
      vertex 2.32706 -6.5037 0
      vertex 2.32706 6.5037 0
      vertex 2.64338 6.38168 0
    endloop
  endfacet
  facet normal 0 0 -1
    outer loop
      vertex 2.00514 -6.61005 0
      vertex 2.32706 6.5037 0
      vertex 2.32706 -6.5037 0
    endloop
  endfacet
  facet normal 0 0 -1
    outer loop
      vertex 2.00514 -6.61005 0
      vertex 2.00514 6.61005 0
      vertex 2.32706 6.5037 0
    endloop
  endfacet
  facet normal 0 0 -1
    outer loop
      vertex 1.67838 -6.70048 0
      vertex 2.00514 6.61005 0
      vertex 2.00514 -6.61005 0
    endloop
  endfacet
  facet normal 0 0 -1
    outer loop
      vertex 1.67838 -6.70048 0
      vertex 1.67838 6.70048 0
      vertex 2.00514 6.61005 0
    endloop
  endfacet
  facet normal 0 0 -1
    outer loop
      vertex 1.34758 -6.77476 0
      vertex 1.67838 6.70048 0
      vertex 1.67838 -6.70048 0
    endloop
  endfacet
  facet normal 0 0 -1
    outer loop
      vertex 1.34758 -6.77476 0
      vertex 1.34758 6.77476 0
      vertex 1.67838 6.70048 0
    endloop
  endfacet
  facet normal 0 0 -1
    outer loop
      vertex 1.01354 -6.83272 0
      vertex 1.34758 6.77476 0
      vertex 1.34758 -6.77476 0
    endloop
  endfacet
  facet normal 0 0 -1
    outer loop
      vertex 1.01354 -6.83272 0
      vertex 1.01354 6.83272 0
      vertex 1.34758 6.77476 0
    endloop
  endfacet
  facet normal 0 0 -1
    outer loop
      vertex 0.677052 -6.87422 0
      vertex 1.01354 6.83272 0
      vertex 1.01354 -6.83272 0
    endloop
  endfacet
  facet normal 0 0 -1
    outer loop
      vertex 0.677052 -6.87422 0
      vertex 0.677052 6.87422 0
      vertex 1.01354 6.83272 0
    endloop
  endfacet
  facet normal 0 0 -1
    outer loop
      vertex 0.338934 -6.89917 0
      vertex 0.677052 6.87422 0
      vertex 0.677052 -6.87422 0
    endloop
  endfacet
  facet normal 0 0 -1
    outer loop
      vertex 0.338934 -6.89917 0
      vertex 0.338934 6.89917 0
      vertex 0.677052 6.87422 0
    endloop
  endfacet
  facet normal 0 0 -1
    outer loop
      vertex 0 -6.90749 0
      vertex 0.338934 6.89917 0
      vertex 0.338934 -6.89917 0
    endloop
  endfacet
  facet normal 0 0 -1
    outer loop
      vertex 0 -6.90749 0
      vertex 0 6.90749 0
      vertex 0.338934 6.89917 0
    endloop
  endfacet
  facet normal 0 0 -1
    outer loop
      vertex -0.338934 -6.89917 0
      vertex 0 6.90749 0
      vertex 0 -6.90749 0
    endloop
  endfacet
  facet normal 0 0 -1
    outer loop
      vertex -0.338934 -6.89917 0
      vertex -0.338934 6.89917 0
      vertex 0 6.90749 0
    endloop
  endfacet
  facet normal 0 0 -1
    outer loop
      vertex -0.677052 -6.87422 0
      vertex -0.338934 6.89917 0
      vertex -0.338934 -6.89917 0
    endloop
  endfacet
  facet normal 0 0 -1
    outer loop
      vertex -0.677052 -6.87422 0
      vertex -0.677052 6.87422 0
      vertex -0.338934 6.89917 0
    endloop
  endfacet
  facet normal 0 0 -1
    outer loop
      vertex -1.01354 -6.83272 0
      vertex -0.677052 6.87422 0
      vertex -0.677052 -6.87422 0
    endloop
  endfacet
  facet normal 0 0 -1
    outer loop
      vertex -1.01354 -6.83272 0
      vertex -1.01354 6.83272 0
      vertex -0.677052 6.87422 0
    endloop
  endfacet
  facet normal 0 0 -1
    outer loop
      vertex -1.34758 -6.77476 0
      vertex -1.01354 6.83272 0
      vertex -1.01354 -6.83272 0
    endloop
  endfacet
  facet normal 0 0 -1
    outer loop
      vertex -1.34758 -6.77476 0
      vertex -1.34758 6.77476 0
      vertex -1.01354 6.83272 0
    endloop
  endfacet
  facet normal 0 0 -1
    outer loop
      vertex -1.67838 -6.70048 0
      vertex -1.34758 6.77476 0
      vertex -1.34758 -6.77476 0
    endloop
  endfacet
  facet normal 0 0 -1
    outer loop
      vertex -1.67838 -6.70048 0
      vertex -1.67838 6.70048 0
      vertex -1.34758 6.77476 0
    endloop
  endfacet
  facet normal 0 0 -1
    outer loop
      vertex -2.00514 -6.61005 0
      vertex -1.67838 6.70048 0
      vertex -1.67838 -6.70048 0
    endloop
  endfacet
  facet normal 0 0 -1
    outer loop
      vertex -2.00514 -6.61005 0
      vertex -2.00514 6.61005 0
      vertex -1.67838 6.70048 0
    endloop
  endfacet
  facet normal 0 0 -1
    outer loop
      vertex -2.32706 -6.5037 0
      vertex -2.00514 6.61005 0
      vertex -2.00514 -6.61005 0
    endloop
  endfacet
  facet normal 0 0 -1
    outer loop
      vertex -2.32706 -6.5037 0
      vertex -2.32706 6.5037 0
      vertex -2.00514 6.61005 0
    endloop
  endfacet
  facet normal 0 0 -1
    outer loop
      vertex -2.64338 -6.38168 0
      vertex -2.32706 6.5037 0
      vertex -2.32706 -6.5037 0
    endloop
  endfacet
  facet normal 0 0 -1
    outer loop
      vertex -2.64338 -6.38168 0
      vertex -2.64338 6.38168 0
      vertex -2.32706 6.5037 0
    endloop
  endfacet
  facet normal 0 0 -1
    outer loop
      vertex -2.95333 -6.24429 0
      vertex -2.64338 6.38168 0
      vertex -2.64338 -6.38168 0
    endloop
  endfacet
  facet normal 0 0 -1
    outer loop
      vertex -2.95333 -6.24429 0
      vertex -2.95333 6.24429 0
      vertex -2.64338 6.38168 0
    endloop
  endfacet
  facet normal 0 0 -1
    outer loop
      vertex -3.25617 -6.09186 0
      vertex -2.95333 6.24429 0
      vertex -2.95333 -6.24429 0
    endloop
  endfacet
  facet normal 0 0 -1
    outer loop
      vertex -3.25617 -6.09186 0
      vertex -3.25617 6.09186 0
      vertex -2.95333 6.24429 0
    endloop
  endfacet
  facet normal 0 0 -1
    outer loop
      vertex -3.55116 -5.92475 0
      vertex -3.25617 6.09186 0
      vertex -3.25617 -6.09186 0
    endloop
  endfacet
  facet normal 0 0 -1
    outer loop
      vertex -3.55116 -5.92475 0
      vertex -3.55116 5.92475 0
      vertex -3.25617 6.09186 0
    endloop
  endfacet
  facet normal 0 0 -1
    outer loop
      vertex -3.83759 -5.74336 0
      vertex -3.55116 5.92475 0
      vertex -3.55116 -5.92475 0
    endloop
  endfacet
  facet normal 0 0 -1
    outer loop
      vertex -3.83759 -5.74336 0
      vertex -3.83759 5.74336 0
      vertex -3.55116 5.92475 0
    endloop
  endfacet
  facet normal 0 0 -1
    outer loop
      vertex -4.11478 -5.54814 0
      vertex -3.83759 5.74336 0
      vertex -3.83759 -5.74336 0
    endloop
  endfacet
  facet normal 0 0 -1
    outer loop
      vertex -4.11478 -5.54814 0
      vertex -4.11478 5.54814 0
      vertex -3.83759 5.74336 0
    endloop
  endfacet
  facet normal 0 0 -1
    outer loop
      vertex -4.38206 -5.33956 0
      vertex -4.11478 5.54814 0
      vertex -4.11478 -5.54814 0
    endloop
  endfacet
  facet normal 0 0 -1
    outer loop
      vertex -4.38206 -5.33956 0
      vertex -4.38206 5.33956 0
      vertex -4.11478 5.54814 0
    endloop
  endfacet
  facet normal 0 0 -1
    outer loop
      vertex -4.63878 -5.11811 0
      vertex -4.38206 5.33956 0
      vertex -4.38206 -5.33956 0
    endloop
  endfacet
  facet normal 0 0 -1
    outer loop
      vertex -4.63878 -5.11811 0
      vertex -4.63878 5.11811 0
      vertex -4.38206 5.33956 0
    endloop
  endfacet
  facet normal 0 0 -1
    outer loop
      vertex -4.88433 -4.88433 0
      vertex -4.63878 5.11811 0
      vertex -4.63878 -5.11811 0
    endloop
  endfacet
  facet normal 0 0 -1
    outer loop
      vertex -4.88433 -4.88433 0
      vertex -4.88433 4.88433 0
      vertex -4.63878 5.11811 0
    endloop
  endfacet
  facet normal 0 0 -1
    outer loop
      vertex -5.11811 -4.63878 0
      vertex -4.88433 4.88433 0
      vertex -4.88433 -4.88433 0
    endloop
  endfacet
  facet normal 0 0 -1
    outer loop
      vertex -5.11811 -4.63878 0
      vertex -5.11811 4.63878 0
      vertex -4.88433 4.88433 0
    endloop
  endfacet
  facet normal 0 0 -1
    outer loop
      vertex -5.33956 -4.38206 0
      vertex -5.11811 4.63878 0
      vertex -5.11811 -4.63878 0
    endloop
  endfacet
  facet normal 0 0 -1
    outer loop
      vertex -5.33956 -4.38206 0
      vertex -5.33956 4.38206 0
      vertex -5.11811 4.63878 0
    endloop
  endfacet
  facet normal 0 0 -1
    outer loop
      vertex -5.54814 -4.11478 0
      vertex -5.33956 4.38206 0
      vertex -5.33956 -4.38206 0
    endloop
  endfacet
  facet normal 0 0 -1
    outer loop
      vertex -5.54814 -4.11478 0
      vertex -5.54814 4.11478 0
      vertex -5.33956 4.38206 0
    endloop
  endfacet
  facet normal 0 0 -1
    outer loop
      vertex -5.74336 -3.83759 0
      vertex -5.54814 4.11478 0
      vertex -5.54814 -4.11478 0
    endloop
  endfacet
  facet normal 0 0 -1
    outer loop
      vertex -5.74336 -3.83759 0
      vertex -5.74336 3.83759 0
      vertex -5.54814 4.11478 0
    endloop
  endfacet
  facet normal 0 0 -1
    outer loop
      vertex -5.92475 -3.55116 0
      vertex -5.74336 3.83759 0
      vertex -5.74336 -3.83759 0
    endloop
  endfacet
  facet normal 0 0 -1
    outer loop
      vertex -5.92475 -3.55116 0
      vertex -5.92475 3.55116 0
      vertex -5.74336 3.83759 0
    endloop
  endfacet
  facet normal 0 0 -1
    outer loop
      vertex -6.09186 -3.25617 0
      vertex -5.92475 3.55116 0
      vertex -5.92475 -3.55116 0
    endloop
  endfacet
  facet normal 0 0 -1
    outer loop
      vertex -6.09186 -3.25617 0
      vertex -6.09186 3.25617 0
      vertex -5.92475 3.55116 0
    endloop
  endfacet
  facet normal 0 0 -1
    outer loop
      vertex -6.24429 -2.95333 0
      vertex -6.09186 3.25617 0
      vertex -6.09186 -3.25617 0
    endloop
  endfacet
  facet normal 0 0 -1
    outer loop
      vertex -6.24429 -2.95333 0
      vertex -6.24429 2.95333 0
      vertex -6.09186 3.25617 0
    endloop
  endfacet
  facet normal 0 0 -1
    outer loop
      vertex -6.38168 -2.64338 0
      vertex -6.24429 2.95333 0
      vertex -6.24429 -2.95333 0
    endloop
  endfacet
  facet normal 0 0 -1
    outer loop
      vertex -6.38168 -2.64338 0
      vertex -6.38168 2.64338 0
      vertex -6.24429 2.95333 0
    endloop
  endfacet
  facet normal 0 0 -1
    outer loop
      vertex -6.5037 -2.32706 0
      vertex -6.38168 2.64338 0
      vertex -6.38168 -2.64338 0
    endloop
  endfacet
  facet normal 0 0 -1
    outer loop
      vertex -6.5037 -2.32706 0
      vertex -6.5037 2.32706 0
      vertex -6.38168 2.64338 0
    endloop
  endfacet
  facet normal 0 0 -1
    outer loop
      vertex -6.61005 -2.00514 0
      vertex -6.5037 2.32706 0
      vertex -6.5037 -2.32706 0
    endloop
  endfacet
  facet normal 0 0 -1
    outer loop
      vertex -6.61005 -2.00514 0
      vertex -6.61005 2.00514 0
      vertex -6.5037 2.32706 0
    endloop
  endfacet
  facet normal 0 0 -1
    outer loop
      vertex -6.70048 -1.67838 0
      vertex -6.61005 2.00514 0
      vertex -6.61005 -2.00514 0
    endloop
  endfacet
  facet normal 0 0 -1
    outer loop
      vertex -6.70048 -1.67838 0
      vertex -6.70048 1.67838 0
      vertex -6.61005 2.00514 0
    endloop
  endfacet
  facet normal 0 0 -1
    outer loop
      vertex -6.77476 -1.34758 0
      vertex -6.70048 1.67838 0
      vertex -6.70048 -1.67838 0
    endloop
  endfacet
  facet normal 0 0 -1
    outer loop
      vertex -6.77476 -1.34758 0
      vertex -6.77476 1.34758 0
      vertex -6.70048 1.67838 0
    endloop
  endfacet
  facet normal 0 0 -1
    outer loop
      vertex -6.83272 -1.01354 0
      vertex -6.77476 1.34758 0
      vertex -6.77476 -1.34758 0
    endloop
  endfacet
  facet normal 0 0 -1
    outer loop
      vertex -6.83272 -1.01354 0
      vertex -6.83272 1.01354 0
      vertex -6.77476 1.34758 0
    endloop
  endfacet
  facet normal 0 0 -1
    outer loop
      vertex -6.87422 -0.677052 0
      vertex -6.83272 1.01354 0
      vertex -6.83272 -1.01354 0
    endloop
  endfacet
  facet normal 0 0 -1
    outer loop
      vertex -6.87422 -0.677052 0
      vertex -6.87422 0.677052 0
      vertex -6.83272 1.01354 0
    endloop
  endfacet
  facet normal 0 0 -1
    outer loop
      vertex -6.89917 -0.338934 0
      vertex -6.87422 0.677052 0
      vertex -6.87422 -0.677052 0
    endloop
  endfacet
  facet normal 0 0 -1
    outer loop
      vertex -6.89917 -0.338934 0
      vertex -6.89917 0.338934 0
      vertex -6.87422 0.677052 0
    endloop
  endfacet
  facet normal 0 -0 -1
    outer loop
      vertex -6.89917 0.338934 0
      vertex -6.89917 -0.338934 0
      vertex -6.90749 0 0
    endloop
  endfacet
  facet normal -0.597483 -0.378349 -0.707012
    outer loop
      vertex -6.24225 -4.17094 0.599991
      vertex -6.43939 -3.85962 0.599991
      vertex -5.74336 -3.83759 0
    endloop
  endfacet
  facet normal -0.67151 -0.221841 -0.707009
    outer loop
      vertex -7.06863 -2.5292 0.599991
      vertex -7.18422 -2.17931 0.599991
      vertex -6.5037 -2.32706 0
    endloop
  endfacet
  facet normal -0.378349 -0.597483 -0.707012
    outer loop
      vertex -3.85962 -6.43939 0.599991
      vertex -4.17094 -6.24225 0.599991
      vertex -3.83759 -5.74336 0
    endloop
  endfacet
  facet normal 0.999699 0.0245328 0
    outer loop
      vertex 7.50749 0 3.39999
      vertex 7.49845 0.368375 0.599991
      vertex 7.49845 0.368375 3.39999
    endloop
  endfacet
  facet normal 0.999699 0.0245328 0
    outer loop
      vertex 7.49845 0.368375 0.599991
      vertex 7.50749 0 3.39999
      vertex 7.50749 0 0.599991
    endloop
  endfacet
  facet normal 0.535501 0.46193 -0.707007
    outer loop
      vertex 5.33956 4.38206 0
      vertex 5.11811 4.63878 0
      vertex 5.56268 5.04172 0.599991
    endloop
  endfacet
  facet normal -0.70529 0.05203 -0.707007
    outer loop
      vertex -6.89917 0.338934 0
      vertex -7.49845 0.368375 0.599991
      vertex -7.47134 0.735863 0.599991
    endloop
  endfacet
  facet normal -0.999699 0.0245328 0
    outer loop
      vertex -7.50749 0 0.599991
      vertex -7.49845 0.368375 3.39999
      vertex -7.49845 0.368375 0.599991
    endloop
  endfacet
  facet normal -0.999699 0.0245328 0
    outer loop
      vertex -7.49845 0.368375 3.39999
      vertex -7.50749 0 0.599991
      vertex -7.50749 0 3.39999
    endloop
  endfacet
  facet normal -0.575811 -0.817583 0
    outer loop
      vertex -4.47221 -6.03007 0.599991
      vertex -4.17094 -6.24225 3.39999
      vertex -4.47221 -6.03007 3.39999
    endloop
  endfacet
  facet normal -0.575811 -0.817583 -0
    outer loop
      vertex -4.17094 -6.24225 3.39999
      vertex -4.47221 -6.03007 0.599991
      vertex -4.17094 -6.24225 0.599991
    endloop
  endfacet
  facet normal 0.69002 0.154942 -0.707011
    outer loop
      vertex 6.77476 1.34758 0
      vertex 6.70048 1.67838 0
      vertex 7.36324 1.46464 0.599991
    endloop
  endfacet
  facet normal 0.681585 0.188627 -0.707009
    outer loop
      vertex 6.70048 1.67838 0
      vertex 6.61005 2.00514 0
      vertex 7.18422 2.17931 0.599991
    endloop
  endfacet
  facet normal -0.435092 0.55752 -0.707012
    outer loop
      vertex -4.11478 5.54814 0
      vertex -4.7627 5.80337 0.599991
      vertex -4.47221 6.03007 0.599991
    endloop
  endfacet
  facet normal -0.435085 0.55753 -0.707009
    outer loop
      vertex -4.38206 5.33956 0
      vertex -4.7627 5.80337 0.599991
      vertex -4.11478 5.54814 0
    endloop
  endfacet
  facet normal -0.405244 0.914208 0
    outer loop
      vertex -2.87299 6.93602 0.599991
      vertex -3.20987 6.78669 3.39999
      vertex -2.87299 6.93602 3.39999
    endloop
  endfacet
  facet normal -0.405244 0.914208 0
    outer loop
      vertex -3.20987 6.78669 3.39999
      vertex -2.87299 6.93602 0.599991
      vertex -3.20987 6.78669 0.599991
    endloop
  endfacet
  facet normal -0.407221 0.578205 0.707001
    outer loop
      vertex -4.17094 6.24225 3.39999
      vertex -4.47221 6.03007 3.39999
      vertex -4.11478 5.54814 4
    endloop
  endfacet
  facet normal -0 0 1
    outer loop
      vertex -1.01354 6.83272 4
      vertex -0.930943 3.72371 4
      vertex -0.677052 6.87422 4
    endloop
  endfacet
  facet normal -0 0 1
    outer loop
      vertex -1.34758 6.77476 4
      vertex -0.930943 3.72371 4
      vertex -1.01354 6.83272 4
    endloop
  endfacet
  facet normal -0 0 1
    outer loop
      vertex -1.67838 6.70048 4
      vertex -0.930943 3.72371 4
      vertex -1.34758 6.77476 4
    endloop
  endfacet
  facet normal -0 0 1
    outer loop
      vertex -2.00514 6.61005 4
      vertex -0.930943 3.72371 4
      vertex -1.67838 6.70048 4
    endloop
  endfacet
  facet normal -0 0 1
    outer loop
      vertex -2.32706 6.5037 4
      vertex -0.930943 3.72371 4
      vertex -2.00514 6.61005 4
    endloop
  endfacet
  facet normal 0 0 1
    outer loop
      vertex -2.79279 3.72371 4
      vertex -2.32706 6.5037 4
      vertex -2.64338 6.38168 4
    endloop
  endfacet
  facet normal 0 0 1
    outer loop
      vertex -2.32706 6.5037 4
      vertex -2.79279 3.72371 4
      vertex -0.930943 3.72371 4
    endloop
  endfacet
  facet normal -0 0 1
    outer loop
      vertex -3.25617 6.09186 4
      vertex -2.79279 3.72371 4
      vertex -2.95333 6.24429 4
    endloop
  endfacet
  facet normal -0 0 1
    outer loop
      vertex -2.95333 6.24429 4
      vertex -2.79279 3.72371 4
      vertex -2.64338 6.38168 4
    endloop
  endfacet
  facet normal 0 0 1
    outer loop
      vertex 2.79278 -1.86187 4
      vertex 6.90749 0 4
      vertex 6.89917 0.338934 4
    endloop
  endfacet
  facet normal 0 0 1
    outer loop
      vertex 2.79278 -1.86187 4
      vertex 6.89917 0.338934 4
      vertex 6.87422 0.677052 4
    endloop
  endfacet
  facet normal 0 0 1
    outer loop
      vertex 6.90749 0 4
      vertex 2.79278 -1.86187 4
      vertex 6.89917 -0.338934 4
    endloop
  endfacet
  facet normal 0 0 1
    outer loop
      vertex 2.79278 -1.86187 4
      vertex 6.87422 0.677052 4
      vertex 6.83272 1.01354 4
    endloop
  endfacet
  facet normal 0 0 1
    outer loop
      vertex 6.89917 -0.338934 4
      vertex 2.79278 -1.86187 4
      vertex 6.87422 -0.677052 4
    endloop
  endfacet
  facet normal 0 0 1
    outer loop
      vertex 2.79278 -1.86187 4
      vertex 6.83272 1.01354 4
      vertex 6.77476 1.34758 4
    endloop
  endfacet
  facet normal 0 0 1
    outer loop
      vertex 6.87422 -0.677052 4
      vertex 2.79278 -1.86187 4
      vertex 6.83272 -1.01354 4
    endloop
  endfacet
  facet normal 0 0 1
    outer loop
      vertex 2.79278 -1.86187 4
      vertex 6.77476 1.34758 4
      vertex 6.70048 1.67838 4
    endloop
  endfacet
  facet normal 0 0 1
    outer loop
      vertex 6.83272 -1.01354 4
      vertex 2.79278 -1.86187 4
      vertex 6.77476 -1.34758 4
    endloop
  endfacet
  facet normal 0 0 1
    outer loop
      vertex 2.79278 -1.86187 4
      vertex 6.70048 1.67838 4
      vertex 6.61005 2.00514 4
    endloop
  endfacet
  facet normal 0 0 1
    outer loop
      vertex 6.77476 -1.34758 4
      vertex 2.79278 -1.86187 4
      vertex 6.70048 -1.67838 4
    endloop
  endfacet
  facet normal 0 0 1
    outer loop
      vertex 2.79278 -1.86187 4
      vertex 6.61005 2.00514 4
      vertex 6.5037 2.32706 4
    endloop
  endfacet
  facet normal 0 0 1
    outer loop
      vertex 6.70048 -1.67838 4
      vertex 2.79278 -1.86187 4
      vertex 6.61005 -2.00514 4
    endloop
  endfacet
  facet normal 0 0 1
    outer loop
      vertex 2.79278 -1.86187 4
      vertex 6.5037 2.32706 4
      vertex 6.38168 2.64338 4
    endloop
  endfacet
  facet normal 0 0 1
    outer loop
      vertex 6.61005 -2.00514 4
      vertex 2.79278 -1.86187 4
      vertex 6.5037 -2.32706 4
    endloop
  endfacet
  facet normal 0 0 1
    outer loop
      vertex 2.79278 -1.86187 4
      vertex 6.38168 2.64338 4
      vertex 6.24429 2.95333 4
    endloop
  endfacet
  facet normal 0 0 1
    outer loop
      vertex 6.5037 -2.32706 4
      vertex 2.79278 -1.86187 4
      vertex 6.38168 -2.64338 4
    endloop
  endfacet
  facet normal 0 0 1
    outer loop
      vertex 2.79278 -1.86187 4
      vertex 6.24429 2.95333 4
      vertex 6.09186 3.25617 4
    endloop
  endfacet
  facet normal 0 0 1
    outer loop
      vertex 6.38168 -2.64338 4
      vertex 2.79278 -1.86187 4
      vertex 6.24429 -2.95333 4
    endloop
  endfacet
  facet normal 0 0 1
    outer loop
      vertex 2.79278 -1.86187 4
      vertex 6.09186 3.25617 4
      vertex 5.92475 3.55116 4
    endloop
  endfacet
  facet normal 0 0 1
    outer loop
      vertex 6.24429 -2.95333 4
      vertex 2.79278 -1.86187 4
      vertex 6.09186 -3.25617 4
    endloop
  endfacet
  facet normal 0 0 1
    outer loop
      vertex 2.79278 -1.86187 4
      vertex 5.92475 3.55116 4
      vertex 5.74336 3.83759 4
    endloop
  endfacet
  facet normal 0 0 1
    outer loop
      vertex 6.09186 -3.25617 4
      vertex 2.79278 -1.86187 4
      vertex 5.92475 -3.55116 4
    endloop
  endfacet
  facet normal 0 0 1
    outer loop
      vertex 2.79278 -1.86187 4
      vertex 5.74336 3.83759 4
      vertex 5.54814 4.11478 4
    endloop
  endfacet
  facet normal 0 0 1
    outer loop
      vertex 5.92475 -3.55116 4
      vertex 2.79278 -1.86187 4
      vertex 5.74336 -3.83759 4
    endloop
  endfacet
  facet normal 0 0 1
    outer loop
      vertex 2.79278 -1.86187 4
      vertex 5.54814 4.11478 4
      vertex 5.33956 4.38206 4
    endloop
  endfacet
  facet normal -0 0 1
    outer loop
      vertex 2.79278 -3.72372 4
      vertex 5.74336 -3.83759 4
      vertex 2.79278 -1.86187 4
    endloop
  endfacet
  facet normal 0 0 1
    outer loop
      vertex -0.930943 3.72371 4
      vertex 5.33956 4.38206 4
      vertex 5.11811 4.63878 4
    endloop
  endfacet
  facet normal 0 0 1
    outer loop
      vertex 5.74336 -3.83759 4
      vertex 2.79278 -3.72372 4
      vertex 5.54814 -4.11478 4
    endloop
  endfacet
  facet normal 0 0 1
    outer loop
      vertex -0.930943 3.72371 4
      vertex 5.11811 4.63878 4
      vertex 4.88433 4.88433 4
    endloop
  endfacet
  facet normal 0 0 1
    outer loop
      vertex 5.54814 -4.11478 4
      vertex 2.79278 -3.72372 4
      vertex 5.33956 -4.38206 4
    endloop
  endfacet
  facet normal 0 0 1
    outer loop
      vertex -0.930943 3.72371 4
      vertex 4.88433 4.88433 4
      vertex 4.63878 5.11811 4
    endloop
  endfacet
  facet normal 0 0 1
    outer loop
      vertex 5.33956 -4.38206 4
      vertex 2.79278 -3.72372 4
      vertex 5.11811 -4.63878 4
    endloop
  endfacet
  facet normal 0 0 1
    outer loop
      vertex -0.930943 3.72371 4
      vertex 4.63878 5.11811 4
      vertex 4.38206 5.33956 4
    endloop
  endfacet
  facet normal 0 0 1
    outer loop
      vertex 5.11811 -4.63878 4
      vertex 2.79278 -3.72372 4
      vertex 4.88433 -4.88433 4
    endloop
  endfacet
  facet normal 0 0 1
    outer loop
      vertex -0.930943 3.72371 4
      vertex 4.38206 5.33956 4
      vertex 4.11478 5.54814 4
    endloop
  endfacet
  facet normal 0 0 1
    outer loop
      vertex 4.88433 -4.88433 4
      vertex 2.79278 -3.72372 4
      vertex 4.63878 -5.11811 4
    endloop
  endfacet
  facet normal 0 0 1
    outer loop
      vertex -0.930943 3.72371 4
      vertex 4.11478 5.54814 4
      vertex 3.83759 5.74336 4
    endloop
  endfacet
  facet normal 0 0 1
    outer loop
      vertex 4.63878 -5.11811 4
      vertex 2.79278 -3.72372 4
      vertex 4.38206 -5.33956 4
    endloop
  endfacet
  facet normal 0 0 1
    outer loop
      vertex -0.930943 3.72371 4
      vertex 3.83759 5.74336 4
      vertex 3.55116 5.92475 4
    endloop
  endfacet
  facet normal 0 0 1
    outer loop
      vertex 4.38206 -5.33956 4
      vertex 2.79278 -3.72372 4
      vertex 4.11478 -5.54814 4
    endloop
  endfacet
  facet normal 0 0 1
    outer loop
      vertex -0.930943 3.72371 4
      vertex 3.55116 5.92475 4
      vertex 3.25617 6.09186 4
    endloop
  endfacet
  facet normal 0 0 1
    outer loop
      vertex 4.11478 -5.54814 4
      vertex 2.79278 -3.72372 4
      vertex 3.83759 -5.74336 4
    endloop
  endfacet
  facet normal 0 0 1
    outer loop
      vertex -0.930943 3.72371 4
      vertex 3.25617 6.09186 4
      vertex 2.95333 6.24429 4
    endloop
  endfacet
  facet normal 0 0 1
    outer loop
      vertex 3.83759 -5.74336 4
      vertex 2.79278 -3.72372 4
      vertex 3.55116 -5.92475 4
    endloop
  endfacet
  facet normal 0 0 1
    outer loop
      vertex 3.55116 -5.92475 4
      vertex 2.79278 -3.72372 4
      vertex 3.25617 -6.09186 4
    endloop
  endfacet
  facet normal 0 0 1
    outer loop
      vertex -0.930943 3.72371 4
      vertex 2.95333 6.24429 4
      vertex 2.64338 6.38168 4
    endloop
  endfacet
  facet normal 0 0 1
    outer loop
      vertex -0.930943 3.72371 4
      vertex 2.64338 6.38168 4
      vertex 2.32706 6.5037 4
    endloop
  endfacet
  facet normal 0 0 1
    outer loop
      vertex -0.930943 3.72371 4
      vertex 2.32706 6.5037 4
      vertex 2.00514 6.61005 4
    endloop
  endfacet
  facet normal 0 0 1
    outer loop
      vertex -0.930943 3.72371 4
      vertex 2.00514 6.61005 4
      vertex 1.67838 6.70048 4
    endloop
  endfacet
  facet normal 0 0 1
    outer loop
      vertex -0.930943 3.72371 4
      vertex 1.67838 6.70048 4
      vertex 1.34758 6.77476 4
    endloop
  endfacet
  facet normal 0 0 1
    outer loop
      vertex -0.930943 3.72371 4
      vertex 1.34758 6.77476 4
      vertex 1.01354 6.83272 4
    endloop
  endfacet
  facet normal 0 0 1
    outer loop
      vertex -0.930943 3.72371 4
      vertex 1.01354 6.83272 4
      vertex 0.677052 6.87422 4
    endloop
  endfacet
  facet normal 0 0 1
    outer loop
      vertex -0.930943 3.72371 4
      vertex 0.677052 6.87422 4
      vertex 0.338934 6.89917 4
    endloop
  endfacet
  facet normal 0 0 1
    outer loop
      vertex -0.930943 3.72371 4
      vertex 0.338934 6.89917 4
      vertex 0 6.90749 4
    endloop
  endfacet
  facet normal 0 0 1
    outer loop
      vertex -0.930943 3.72371 4
      vertex 0 6.90749 4
      vertex -0.338934 6.89917 4
    endloop
  endfacet
  facet normal 0 0 1
    outer loop
      vertex -0.930943 3.72371 4
      vertex -0.338934 6.89917 4
      vertex -0.677052 6.87422 4
    endloop
  endfacet
  facet normal 0 0 1
    outer loop
      vertex 5.33956 4.38206 4
      vertex -0.930943 3.72371 4
      vertex 2.79278 -1.86187 4
    endloop
  endfacet
  facet normal 0 0 1
    outer loop
      vertex 2.79278 -1.86187 4
      vertex -0.930943 3.72371 4
      vertex -0.930943 -1.86187 4
    endloop
  endfacet
  facet normal 0 0 1
    outer loop
      vertex 3.25617 -6.09186 4
      vertex 2.79278 -3.72372 4
      vertex 2.95333 -6.24429 4
    endloop
  endfacet
  facet normal 0 0 1
    outer loop
      vertex 2.79278 -3.72372 4
      vertex 2.64338 -6.38168 4
      vertex 2.95333 -6.24429 4
    endloop
  endfacet
  facet normal 0 0 1
    outer loop
      vertex 2.79278 -3.72372 4
      vertex 2.32706 -6.5037 4
      vertex 2.64338 -6.38168 4
    endloop
  endfacet
  facet normal 0 0 1
    outer loop
      vertex 2.79278 -3.72372 4
      vertex 2.00514 -6.61005 4
      vertex 2.32706 -6.5037 4
    endloop
  endfacet
  facet normal 0 0 1
    outer loop
      vertex 2.79278 -3.72372 4
      vertex 1.67838 -6.70048 4
      vertex 2.00514 -6.61005 4
    endloop
  endfacet
  facet normal 0 0 1
    outer loop
      vertex 2.79278 -3.72372 4
      vertex 1.34758 -6.77476 4
      vertex 1.67838 -6.70048 4
    endloop
  endfacet
  facet normal 0 0 1
    outer loop
      vertex 2.79278 -3.72372 4
      vertex 1.01354 -6.83272 4
      vertex 1.34758 -6.77476 4
    endloop
  endfacet
  facet normal 0 0 1
    outer loop
      vertex 2.79278 -3.72372 4
      vertex 0.677052 -6.87422 4
      vertex 1.01354 -6.83272 4
    endloop
  endfacet
  facet normal 0 0 1
    outer loop
      vertex 2.79278 -3.72372 4
      vertex 0.338934 -6.89917 4
      vertex 0.677052 -6.87422 4
    endloop
  endfacet
  facet normal 0 0 1
    outer loop
      vertex 2.79278 -3.72372 4
      vertex 0 -6.90749 4
      vertex 0.338934 -6.89917 4
    endloop
  endfacet
  facet normal -0 0 1
    outer loop
      vertex -2.79279 -3.72372 4
      vertex 0 -6.90749 4
      vertex 2.79278 -3.72372 4
    endloop
  endfacet
  facet normal 0 0 1
    outer loop
      vertex 0 -6.90749 4
      vertex -2.79279 -3.72372 4
      vertex -0.338934 -6.89917 4
    endloop
  endfacet
  facet normal 0 0 1
    outer loop
      vertex -0.338934 -6.89917 4
      vertex -2.79279 -3.72372 4
      vertex -0.677052 -6.87422 4
    endloop
  endfacet
  facet normal 0 0 1
    outer loop
      vertex -0.677052 -6.87422 4
      vertex -2.79279 -3.72372 4
      vertex -1.01354 -6.83272 4
    endloop
  endfacet
  facet normal 0 0 1
    outer loop
      vertex -1.01354 -6.83272 4
      vertex -2.79279 -3.72372 4
      vertex -1.34758 -6.77476 4
    endloop
  endfacet
  facet normal 0 0 1
    outer loop
      vertex -1.34758 -6.77476 4
      vertex -2.79279 -3.72372 4
      vertex -1.67838 -6.70048 4
    endloop
  endfacet
  facet normal 0 0 1
    outer loop
      vertex -1.67838 -6.70048 4
      vertex -2.79279 -3.72372 4
      vertex -2.00514 -6.61005 4
    endloop
  endfacet
  facet normal 0 0 1
    outer loop
      vertex -2.00514 -6.61005 4
      vertex -2.79279 -3.72372 4
      vertex -2.32706 -6.5037 4
    endloop
  endfacet
  facet normal 0 0 1
    outer loop
      vertex -2.32706 -6.5037 4
      vertex -2.79279 -3.72372 4
      vertex -2.64338 -6.38168 4
    endloop
  endfacet
  facet normal 0 0 1
    outer loop
      vertex -2.79279 -3.72372 4
      vertex -2.95333 -6.24429 4
      vertex -2.64338 -6.38168 4
    endloop
  endfacet
  facet normal -0 0 1
    outer loop
      vertex -3.55116 5.92475 4
      vertex -2.79279 3.72371 4
      vertex -3.25617 6.09186 4
    endloop
  endfacet
  facet normal -0 0 1
    outer loop
      vertex -3.83759 5.74336 4
      vertex -2.79279 3.72371 4
      vertex -3.55116 5.92475 4
    endloop
  endfacet
  facet normal 0 0 1
    outer loop
      vertex -2.79279 -3.72372 4
      vertex -3.25617 -6.09186 4
      vertex -2.95333 -6.24429 4
    endloop
  endfacet
  facet normal -0 0 1
    outer loop
      vertex -4.11478 5.54814 4
      vertex -2.79279 3.72371 4
      vertex -3.83759 5.74336 4
    endloop
  endfacet
  facet normal 0 0 1
    outer loop
      vertex -2.79279 -3.72372 4
      vertex -3.55116 -5.92475 4
      vertex -3.25617 -6.09186 4
    endloop
  endfacet
  facet normal -0 0 1
    outer loop
      vertex -4.38206 5.33956 4
      vertex -2.79279 3.72371 4
      vertex -4.11478 5.54814 4
    endloop
  endfacet
  facet normal 0 0 1
    outer loop
      vertex -2.79279 -3.72372 4
      vertex -3.83759 -5.74336 4
      vertex -3.55116 -5.92475 4
    endloop
  endfacet
  facet normal -0 0 1
    outer loop
      vertex -4.63878 5.11811 4
      vertex -2.79279 3.72371 4
      vertex -4.38206 5.33956 4
    endloop
  endfacet
  facet normal 0 0 1
    outer loop
      vertex -2.79279 -3.72372 4
      vertex -4.11478 -5.54814 4
      vertex -3.83759 -5.74336 4
    endloop
  endfacet
  facet normal -0 0 1
    outer loop
      vertex -4.88433 4.88433 4
      vertex -2.79279 3.72371 4
      vertex -4.63878 5.11811 4
    endloop
  endfacet
  facet normal 0 0 1
    outer loop
      vertex -2.79279 -3.72372 4
      vertex -4.38206 -5.33956 4
      vertex -4.11478 -5.54814 4
    endloop
  endfacet
  facet normal -0 0 1
    outer loop
      vertex -5.11811 4.63878 4
      vertex -2.79279 3.72371 4
      vertex -4.88433 4.88433 4
    endloop
  endfacet
  facet normal 0 0 1
    outer loop
      vertex -2.79279 -3.72372 4
      vertex -4.63878 -5.11811 4
      vertex -4.38206 -5.33956 4
    endloop
  endfacet
  facet normal -0 0 1
    outer loop
      vertex -5.33956 4.38206 4
      vertex -2.79279 3.72371 4
      vertex -5.11811 4.63878 4
    endloop
  endfacet
  facet normal 0 0 1
    outer loop
      vertex -2.79279 -3.72372 4
      vertex -4.88433 -4.88433 4
      vertex -4.63878 -5.11811 4
    endloop
  endfacet
  facet normal -0 0 1
    outer loop
      vertex -5.54814 4.11478 4
      vertex -2.79279 3.72371 4
      vertex -5.33956 4.38206 4
    endloop
  endfacet
  facet normal 0 0 1
    outer loop
      vertex -2.79279 -3.72372 4
      vertex -5.11811 -4.63878 4
      vertex -4.88433 -4.88433 4
    endloop
  endfacet
  facet normal -0 0 1
    outer loop
      vertex -5.74336 3.83759 4
      vertex -2.79279 3.72371 4
      vertex -5.54814 4.11478 4
    endloop
  endfacet
  facet normal 0 0 1
    outer loop
      vertex -2.79279 -3.72372 4
      vertex -5.33956 -4.38206 4
      vertex -5.11811 -4.63878 4
    endloop
  endfacet
  facet normal 0 0 1
    outer loop
      vertex -5.92475 3.55116 4
      vertex -2.79279 3.72371 4
      vertex -5.74336 3.83759 4
    endloop
  endfacet
  facet normal 0 0 1
    outer loop
      vertex -2.79279 -3.72372 4
      vertex -5.54814 -4.11478 4
      vertex -5.33956 -4.38206 4
    endloop
  endfacet
  facet normal 0 0 1
    outer loop
      vertex -6.09186 3.25617 4
      vertex -2.79279 3.72371 4
      vertex -5.92475 3.55116 4
    endloop
  endfacet
  facet normal 0 0 1
    outer loop
      vertex -2.79279 -3.72372 4
      vertex -5.74336 -3.83759 4
      vertex -5.54814 -4.11478 4
    endloop
  endfacet
  facet normal 0 0 1
    outer loop
      vertex -6.24429 2.95333 4
      vertex -2.79279 3.72371 4
      vertex -6.09186 3.25617 4
    endloop
  endfacet
  facet normal 0 0 1
    outer loop
      vertex -2.79279 -3.72372 4
      vertex -5.92475 -3.55116 4
      vertex -5.74336 -3.83759 4
    endloop
  endfacet
  facet normal 0 0 1
    outer loop
      vertex -6.38168 2.64338 4
      vertex -2.79279 3.72371 4
      vertex -6.24429 2.95333 4
    endloop
  endfacet
  facet normal 0 0 1
    outer loop
      vertex -2.79279 -3.72372 4
      vertex -6.09186 -3.25617 4
      vertex -5.92475 -3.55116 4
    endloop
  endfacet
  facet normal 0 0 1
    outer loop
      vertex -6.5037 2.32706 4
      vertex -2.79279 3.72371 4
      vertex -6.38168 2.64338 4
    endloop
  endfacet
  facet normal 0 0 1
    outer loop
      vertex -2.79279 -3.72372 4
      vertex -6.24429 -2.95333 4
      vertex -6.09186 -3.25617 4
    endloop
  endfacet
  facet normal 0 0 1
    outer loop
      vertex -6.61005 2.00514 4
      vertex -2.79279 3.72371 4
      vertex -6.5037 2.32706 4
    endloop
  endfacet
  facet normal 0 0 1
    outer loop
      vertex -2.79279 -3.72372 4
      vertex -6.38168 -2.64338 4
      vertex -6.24429 -2.95333 4
    endloop
  endfacet
  facet normal 0 0 1
    outer loop
      vertex -6.70048 1.67838 4
      vertex -2.79279 3.72371 4
      vertex -6.61005 2.00514 4
    endloop
  endfacet
  facet normal 0 0 1
    outer loop
      vertex -2.79279 -3.72372 4
      vertex -6.5037 -2.32706 4
      vertex -6.38168 -2.64338 4
    endloop
  endfacet
  facet normal 0 0 1
    outer loop
      vertex -6.77476 1.34758 4
      vertex -2.79279 3.72371 4
      vertex -6.70048 1.67838 4
    endloop
  endfacet
  facet normal 0 0 1
    outer loop
      vertex -2.79279 -3.72372 4
      vertex -6.61005 -2.00514 4
      vertex -6.5037 -2.32706 4
    endloop
  endfacet
  facet normal 0 0 1
    outer loop
      vertex -6.83272 1.01354 4
      vertex -2.79279 3.72371 4
      vertex -6.77476 1.34758 4
    endloop
  endfacet
  facet normal 0 0 1
    outer loop
      vertex -2.79279 -3.72372 4
      vertex -6.70048 -1.67838 4
      vertex -6.61005 -2.00514 4
    endloop
  endfacet
  facet normal 0 0 1
    outer loop
      vertex -6.87422 0.677052 4
      vertex -2.79279 3.72371 4
      vertex -6.83272 1.01354 4
    endloop
  endfacet
  facet normal 0 0 1
    outer loop
      vertex -2.79279 -3.72372 4
      vertex -6.77476 -1.34758 4
      vertex -6.70048 -1.67838 4
    endloop
  endfacet
  facet normal 0 0 1
    outer loop
      vertex -6.89917 0.338934 4
      vertex -2.79279 3.72371 4
      vertex -6.87422 0.677052 4
    endloop
  endfacet
  facet normal 0 0 1
    outer loop
      vertex -2.79279 -3.72372 4
      vertex -6.83272 -1.01354 4
      vertex -6.77476 -1.34758 4
    endloop
  endfacet
  facet normal 0 0 1
    outer loop
      vertex -6.90749 0 4
      vertex -2.79279 3.72371 4
      vertex -6.89917 0.338934 4
    endloop
  endfacet
  facet normal 0 0 1
    outer loop
      vertex -2.79279 -3.72372 4
      vertex -6.87422 -0.677052 4
      vertex -6.83272 -1.01354 4
    endloop
  endfacet
  facet normal 0 0 1
    outer loop
      vertex -2.79279 3.72371 4
      vertex -6.90749 0 4
      vertex -2.79279 -3.72372 4
    endloop
  endfacet
  facet normal 0 0 1
    outer loop
      vertex -2.79279 -3.72372 4
      vertex -6.89917 -0.338934 4
      vertex -6.87422 -0.677052 4
    endloop
  endfacet
  facet normal 0 0 1
    outer loop
      vertex -2.79279 -3.72372 4
      vertex -6.90749 0 4
      vertex -6.89917 -0.338934 4
    endloop
  endfacet
  facet normal 0.696796 0.120892 -0.707008
    outer loop
      vertex 7.42623 1.10158 0.599991
      vertex 6.83272 1.01354 0
      vertex 7.36324 1.46464 0.599991
    endloop
  endfacet
  facet normal 0.985281 0.170944 0
    outer loop
      vertex 7.42623 1.10158 3.39999
      vertex 7.36324 1.46464 0.599991
      vertex 7.36324 1.46464 3.39999
    endloop
  endfacet
  facet normal 0.985281 0.170944 0
    outer loop
      vertex 7.36324 1.46464 0.599991
      vertex 7.42623 1.10158 3.39999
      vertex 7.42623 1.10158 0.599991
    endloop
  endfacet
  facet normal -0.681589 -0.18862 -0.707007
    outer loop
      vertex -7.18422 -2.17931 0.599991
      vertex -7.2825 -1.82417 0.599991
      vertex -6.70048 -1.67838 0
    endloop
  endfacet
  facet normal 0.53551 0.461938 0.706996
    outer loop
      vertex 5.56268 5.04172 3.39999
      vertex 5.11811 4.63878 4
      vertex 5.33956 4.38206 4
    endloop
  endfacet
  facet normal 0.535505 0.461941 0.706997
    outer loop
      vertex 5.56268 5.04172 3.39999
      vertex 5.33956 4.38206 4
      vertex 5.80337 4.7627 3.39999
    endloop
  endfacet
  facet normal 0.492912 0.870079 -0
    outer loop
      vertex 3.85962 6.43939 0.599991
      vertex 3.53901 6.62102 3.39999
      vertex 3.85962 6.43939 3.39999
    endloop
  endfacet
  facet normal 0.492912 0.870079 0
    outer loop
      vertex 3.53901 6.62102 3.39999
      vertex 3.85962 6.43939 0.599991
      vertex 3.53901 6.62102 0.599991
    endloop
  endfacet
  facet normal 0.653182 0.757201 -0
    outer loop
      vertex 5.04172 5.56268 0.599991
      vertex 4.7627 5.80337 3.39999
      vertex 5.04172 5.56268 3.39999
    endloop
  endfacet
  facet normal 0.653182 0.757201 0
    outer loop
      vertex 4.7627 5.80337 3.39999
      vertex 5.04172 5.56268 0.599991
      vertex 4.7627 5.80337 0.599991
    endloop
  endfacet
  facet normal 0.221841 0.67151 -0.707009
    outer loop
      vertex 2.32706 6.5037 0
      vertex 2.17931 7.18422 0.599991
      vertex 2.5292 7.06863 0.599991
    endloop
  endfacet
  facet normal 0.313687 0.949527 -0
    outer loop
      vertex 2.5292 7.06863 0.599991
      vertex 2.17931 7.18422 3.39999
      vertex 2.5292 7.06863 3.39999
    endloop
  endfacet
  facet normal 0.313687 0.949527 0
    outer loop
      vertex 2.17931 7.18422 3.39999
      vertex 2.5292 7.06863 0.599991
      vertex 2.17931 7.18422 0.599991
    endloop
  endfacet
  facet normal 0.120892 0.696796 -0.707008
    outer loop
      vertex 1.46464 7.36324 0.599991
      vertex 1.01354 6.83272 0
      vertex 1.10158 7.42623 0.599991
    endloop
  endfacet
  facet normal 0.170944 0.985281 -0
    outer loop
      vertex 1.46464 7.36324 0.599991
      vertex 1.10158 7.42623 3.39999
      vertex 1.46464 7.36324 3.39999
    endloop
  endfacet
  facet normal 0.170944 0.985281 0
    outer loop
      vertex 1.10158 7.42623 3.39999
      vertex 1.46464 7.36324 0.599991
      vertex 1.10158 7.42623 0.599991
    endloop
  endfacet
  facet normal -0.706995 0.017355 -0.707006
    outer loop
      vertex -6.90749 0 0
      vertex -7.50749 0 0.599991
      vertex -6.89917 0.338934 0
    endloop
  endfacet
  facet normal -0.70529 -0.05203 -0.707007
    outer loop
      vertex -7.47134 -0.735863 0.599991
      vertex -7.49845 -0.368375 0.599991
      vertex -6.89917 -0.338934 0
    endloop
  endfacet
  facet normal -0.706994 -0.0173498 -0.707007
    outer loop
      vertex -7.49845 -0.368375 0.599991
      vertex -7.50749 0 0.599991
      vertex -6.89917 -0.338934 0
    endloop
  endfacet
  facet normal -0.705285 0.0520435 -0.707011
    outer loop
      vertex -6.89917 0.338934 0
      vertex -7.47134 0.735863 0.599991
      vertex -6.87422 0.677052 0
    endloop
  endfacet
  facet normal -0.705285 -0.0520435 -0.707011
    outer loop
      vertex -6.87422 -0.677052 0
      vertex -7.47134 -0.735863 0.599991
      vertex -6.89917 -0.338934 0
    endloop
  endfacet
  facet normal -0.701884 -0.0865654 -0.707011
    outer loop
      vertex -6.83272 -1.01354 0
      vertex -7.47134 -0.735863 0.599991
      vertex -6.87422 -0.677052 0
    endloop
  endfacet
  facet normal 0.701886 0.0865754 -0.707008
    outer loop
      vertex 7.47134 0.735863 0.599991
      vertex 6.83272 1.01354 0
      vertex 7.42623 1.10158 0.599991
    endloop
  endfacet
  facet normal 0.975699 0.219114 0
    outer loop
      vertex 7.36324 1.46464 3.39999
      vertex 7.2825 1.82417 0.599991
      vertex 7.2825 1.82417 3.39999
    endloop
  endfacet
  facet normal 0.975699 0.219114 0
    outer loop
      vertex 7.2825 1.82417 0.599991
      vertex 7.36324 1.46464 3.39999
      vertex 7.36324 1.46464 0.599991
    endloop
  endfacet
  facet normal 0.266712 0.963776 -0
    outer loop
      vertex 2.17931 7.18422 0.599991
      vertex 1.82417 7.2825 3.39999
      vertex 2.17931 7.18422 3.39999
    endloop
  endfacet
  facet normal 0.266712 0.963776 0
    outer loop
      vertex 1.82417 7.2825 3.39999
      vertex 2.17931 7.18422 0.599991
      vertex 1.82417 7.2825 0.599991
    endloop
  endfacet
  facet normal 0 0 1
    outer loop
      vertex -0.930943 3.72371 3
      vertex -2.79279 3.72371 3
      vertex -0.930943 -1.86187 3
    endloop
  endfacet
  facet normal -0 0 1
    outer loop
      vertex -0.930943 -1.86187 3
      vertex 2.79278 -3.72372 3
      vertex 2.79278 -1.86187 3
    endloop
  endfacet
  facet normal 0 0 1
    outer loop
      vertex -0.930943 -1.86187 3
      vertex -2.79279 -3.72372 3
      vertex 2.79278 -3.72372 3
    endloop
  endfacet
  facet normal 0 0 1
    outer loop
      vertex -2.79279 -3.72372 3
      vertex -0.930943 -1.86187 3
      vertex -2.79279 3.72371 3
    endloop
  endfacet
  facet normal 0 -1 0
    outer loop
      vertex -0.930943 -1.86187 3
      vertex 2.79278 -1.86187 4
      vertex -0.930943 -1.86187 4
    endloop
  endfacet
  facet normal 0 -1 -0
    outer loop
      vertex 2.79278 -1.86187 4
      vertex -0.930943 -1.86187 3
      vertex 2.79278 -1.86187 3
    endloop
  endfacet
  facet normal -1 0 0
    outer loop
      vertex -0.930943 -1.86187 3
      vertex -0.930943 3.72371 4
      vertex -0.930943 3.72371 3
    endloop
  endfacet
  facet normal -1 -0 0
    outer loop
      vertex -0.930943 3.72371 4
      vertex -0.930943 -1.86187 3
      vertex -0.930943 -1.86187 4
    endloop
  endfacet
  facet normal 0 -1 0
    outer loop
      vertex -2.79279 3.72371 3
      vertex -0.930943 3.72371 4
      vertex -2.79279 3.72371 4
    endloop
  endfacet
  facet normal 0 -1 -0
    outer loop
      vertex -0.930943 3.72371 4
      vertex -2.79279 3.72371 3
      vertex -0.930943 3.72371 3
    endloop
  endfacet
  facet normal 1 -0 0
    outer loop
      vertex -2.79279 -3.72372 4
      vertex -2.79279 3.72371 3
      vertex -2.79279 3.72371 4
    endloop
  endfacet
  facet normal 1 0 0
    outer loop
      vertex -2.79279 3.72371 3
      vertex -2.79279 -3.72372 4
      vertex -2.79279 -3.72372 3
    endloop
  endfacet
  facet normal 0 1 -0
    outer loop
      vertex 2.79278 -3.72372 3
      vertex -2.79279 -3.72372 4
      vertex 2.79278 -3.72372 4
    endloop
  endfacet
  facet normal 0 1 0
    outer loop
      vertex -2.79279 -3.72372 4
      vertex 2.79278 -3.72372 3
      vertex -2.79279 -3.72372 3
    endloop
  endfacet
  facet normal -1 0 0
    outer loop
      vertex 2.79278 -3.72372 3
      vertex 2.79278 -1.86187 4
      vertex 2.79278 -1.86187 3
    endloop
  endfacet
  facet normal -1 -0 0
    outer loop
      vertex 2.79278 -1.86187 4
      vertex 2.79278 -3.72372 3
      vertex 2.79278 -3.72372 4
    endloop
  endfacet
endsolid OpenSCAD_Model
