solid OpenSCAD_Model
  facet normal -0.706994 0.0173498 -0.707007
    outer loop
      vertex -6.89917 0.338934 0
      vertex -7.50749 0 0.599991
      vertex -7.49845 0.368375 0.599991
    endloop
  endfacet
  facet normal -0.701886 0.0865754 -0.707008
    outer loop
      vertex -6.83272 1.01354 0
      vertex -7.47134 0.735863 0.599991
      vertex -7.42623 1.10158 0.599991
    endloop
  endfacet
  facet normal -0.707006 0.0173553 0.706994
    outer loop
      vertex -6.89917 0.338934 4
      vertex -7.50749 0 3.39999
      vertex -6.90749 0 4
    endloop
  endfacet
  facet normal 0.0865654 0.701884 -0.707011
    outer loop
      vertex 1.01354 6.83272 0
      vertex 0.677052 6.87422 0
      vertex 0.735863 7.47134 0.599991
    endloop
  endfacet
  facet normal -0.65982 0.254512 -0.707009
    outer loop
      vertex -6.5037 2.32706 0
      vertex -7.06863 2.5292 0.599991
      vertex -6.93602 2.87299 0.599991
    endloop
  endfacet
  facet normal -0.0865667 0.701896 0.707
    outer loop
      vertex -0.735863 7.47134 3.39999
      vertex -1.01354 6.83272 4
      vertex -0.677052 6.87422 4
    endloop
  endfacet
  facet normal 0.407221 -0.578205 0.707001
    outer loop
      vertex 4.47221 -6.03007 3.39999
      vertex 4.11478 -5.54814 4
      vertex 4.17094 -6.24225 3.39999
    endloop
  endfacet
  facet normal 0.407213 0.578196 -0.707012
    outer loop
      vertex 4.11478 5.54814 0
      vertex 3.83759 5.74336 0
      vertex 4.17094 6.24225 0.599991
    endloop
  endfacet
  facet normal -0.154942 0.69002 -0.707011
    outer loop
      vertex -1.34758 6.77476 0
      vertex -1.67838 6.70048 0
      vertex -1.46464 7.36324 0.599991
    endloop
  endfacet
  facet normal 0.631695 0.317958 -0.707011
    outer loop
      vertex 6.78669 3.20987 0.599991
      vertex 6.24429 2.95333 0
      vertex 6.62102 3.53901 0.599991
    endloop
  endfacet
  facet normal -0.4496 -0.89323 0
    outer loop
      vertex -3.53901 -6.62102 0.599991
      vertex -3.20987 -6.78669 3.39999
      vertex -3.53901 -6.62102 3.39999
    endloop
  endfacet
  facet normal -0.4496 -0.89323 -0
    outer loop
      vertex -3.20987 -6.78669 3.39999
      vertex -3.53901 -6.62102 0.599991
      vertex -3.20987 -6.78669 0.599991
    endloop
  endfacet
  facet normal -0.707005 -0.01735 0.706996
    outer loop
      vertex -6.89917 -0.338934 4
      vertex -7.50749 0 3.39999
      vertex -7.49845 -0.368375 3.39999
    endloop
  endfacet
  facet normal -0.18862 0.681589 -0.707007
    outer loop
      vertex -1.67838 6.70048 0
      vertex -2.17931 7.18422 0.599991
      vertex -1.82417 7.2825 0.599991
    endloop
  endfacet
  facet normal -0.435099 -0.557529 0.707001
    outer loop
      vertex -4.11478 -5.54814 4
      vertex -4.7627 -5.80337 3.39999
      vertex -4.47221 -6.03007 3.39999
    endloop
  endfacet
  facet normal 0.949527 -0.313687 0
    outer loop
      vertex 7.06863 -2.5292 3.39999
      vertex 7.18422 -2.17931 0.599991
      vertex 7.18422 -2.17931 3.39999
    endloop
  endfacet
  facet normal 0.949527 -0.313687 0
    outer loop
      vertex 7.18422 -2.17931 0.599991
      vertex 7.06863 -2.5292 3.39999
      vertex 7.06863 -2.5292 0.599991
    endloop
  endfacet
  facet normal -0.932997 -0.359885 0
    outer loop
      vertex -6.93602 -2.87299 0.599991
      vertex -7.06863 -2.5292 3.39999
      vertex -7.06863 -2.5292 0.599991
    endloop
  endfacet
  facet normal -0.932997 -0.359885 0
    outer loop
      vertex -7.06863 -2.5292 3.39999
      vertex -6.93602 -2.87299 0.599991
      vertex -6.93602 -2.87299 3.39999
    endloop
  endfacet
  facet normal -0.188623 0.6816 0.706995
    outer loop
      vertex -1.82417 7.2825 3.39999
      vertex -2.17931 7.18422 3.39999
      vertex -1.67838 6.70048 4
    endloop
  endfacet
  facet normal -0.870079 0.492912 0
    outer loop
      vertex -6.62102 3.53901 0.599991
      vertex -6.43939 3.85962 3.39999
      vertex -6.43939 3.85962 0.599991
    endloop
  endfacet
  facet normal -0.870079 0.492912 0
    outer loop
      vertex -6.43939 3.85962 3.39999
      vertex -6.62102 3.53901 0.599991
      vertex -6.62102 3.53901 3.39999
    endloop
  endfacet
  facet normal -0.512211 -0.487644 0.706996
    outer loop
      vertex -5.11811 -4.63878 4
      vertex -5.56268 -5.04172 3.39999
      vertex -5.3086 -5.3086 3.39999
    endloop
  endfacet
  facet normal -0.659823 0.254526 0.707001
    outer loop
      vertex -6.38168 2.64338 4
      vertex -6.93602 2.87299 3.39999
      vertex -6.5037 2.32706 4
    endloop
  endfacet
  facet normal -0.757201 -0.653182 0
    outer loop
      vertex -5.56268 -5.04172 0.599991
      vertex -5.80337 -4.7627 3.39999
      vertex -5.80337 -4.7627 0.599991
    endloop
  endfacet
  facet normal -0.757201 -0.653182 0
    outer loop
      vertex -5.80337 -4.7627 3.39999
      vertex -5.56268 -5.04172 0.599991
      vertex -5.56268 -5.04172 3.39999
    endloop
  endfacet
  facet normal -0.597486 -0.378375 0.706995
    outer loop
      vertex -5.92475 -3.55116 4
      vertex -6.43939 -3.85962 3.39999
      vertex -5.74336 -3.83759 4
    endloop
  endfacet
  facet normal 0.221841 -0.67151 -0.707009
    outer loop
      vertex 2.5292 -7.06863 0.599991
      vertex 2.17931 -7.18422 0.599991
      vertex 2.32706 -6.5037 0
    endloop
  endfacet
  facet normal -0.690031 0.154944 0.707
    outer loop
      vertex -6.70048 1.67838 4
      vertex -7.36324 1.46464 3.39999
      vertex -6.77476 1.34758 4
    endloop
  endfacet
  facet normal 0.254516 -0.65983 0.706998
    outer loop
      vertex 2.87299 -6.93602 3.39999
      vertex 2.32706 -6.5037 4
      vertex 2.5292 -7.06863 3.39999
    endloop
  endfacet
  facet normal 0.65982 0.254512 -0.707009
    outer loop
      vertex 7.06863 2.5292 0.599991
      vertex 6.5037 2.32706 0
      vertex 6.93602 2.87299 0.599991
    endloop
  endfacet
  facet normal 0.487642 -0.512193 -0.70701
    outer loop
      vertex 5.3086 -5.3086 0.599991
      vertex 4.63878 -5.11811 0
      vertex 4.88433 -4.88433 0
    endloop
  endfacet
  facet normal 0.690032 -0.154961 0.706995
    outer loop
      vertex 7.36324 -1.46464 3.39999
      vertex 6.70048 -1.67838 4
      vertex 7.2825 -1.82417 3.39999
    endloop
  endfacet
  facet normal 0.254516 0.65983 0.706998
    outer loop
      vertex 2.5292 7.06863 3.39999
      vertex 2.32706 6.5037 4
      vertex 2.87299 6.93602 3.39999
    endloop
  endfacet
  facet normal -0.578205 -0.40722 0.707001
    outer loop
      vertex -5.74336 -3.83759 4
      vertex -6.24225 -4.17094 3.39999
      vertex -5.54814 -4.11478 4
    endloop
  endfacet
  facet normal -0.963776 -0.266712 0
    outer loop
      vertex -7.18422 -2.17931 0.599991
      vertex -7.2825 -1.82417 3.39999
      vertex -7.2825 -1.82417 0.599991
    endloop
  endfacet
  facet normal -0.963776 -0.266712 0
    outer loop
      vertex -7.2825 -1.82417 3.39999
      vertex -7.18422 -2.17931 0.599991
      vertex -7.18422 -2.17931 3.39999
    endloop
  endfacet
  facet normal 0.0735712 0.99729 -0
    outer loop
      vertex 0.735863 7.47134 0.599991
      vertex 0.368375 7.49845 3.39999
      vertex 0.735863 7.47134 3.39999
    endloop
  endfacet
  facet normal 0.0735712 0.99729 0
    outer loop
      vertex 0.368375 7.49845 3.39999
      vertex 0.735863 7.47134 0.599991
      vertex 0.368375 7.49845 0.599991
    endloop
  endfacet
  facet normal -0.34858 0.615329 -0.70701
    outer loop
      vertex -3.25617 6.09186 0
      vertex -3.55116 5.92475 0
      vertex -3.53901 6.62102 0.599991
    endloop
  endfacet
  facet normal -0.646542 0.286589 0.707001
    outer loop
      vertex -6.24429 2.95333 4
      vertex -6.93602 2.87299 3.39999
      vertex -6.38168 2.64338 4
    endloop
  endfacet
  facet normal -0.99729 -0.0735712 0
    outer loop
      vertex -7.47134 -0.735863 0.599991
      vertex -7.49845 -0.368375 3.39999
      vertex -7.49845 -0.368375 0.599991
    endloop
  endfacet
  facet normal -0.99729 -0.0735712 0
    outer loop
      vertex -7.49845 -0.368375 3.39999
      vertex -7.47134 -0.735863 0.599991
      vertex -7.47134 -0.735863 3.39999
    endloop
  endfacet
  facet normal 0.286595 0.646541 0.707
    outer loop
      vertex 3.20987 6.78669 3.39999
      vertex 2.87299 6.93602 3.39999
      vertex 2.95333 6.24429 4
    endloop
  endfacet
  facet normal 0.0173553 -0.707006 0.706994
    outer loop
      vertex 0 -6.90749 4
      vertex 0 -7.50749 3.39999
      vertex 0.338934 -6.89917 4
    endloop
  endfacet
  facet normal 0.18862 -0.681589 -0.707007
    outer loop
      vertex 1.82417 -7.2825 0.599991
      vertex 1.67838 -6.70048 0
      vertex 2.17931 -7.18422 0.599991
    endloop
  endfacet
  facet normal -0.99729 0.0735712 0
    outer loop
      vertex -7.49845 0.368375 0.599991
      vertex -7.47134 0.735863 3.39999
      vertex -7.47134 0.735863 0.599991
    endloop
  endfacet
  facet normal -0.99729 0.0735712 0
    outer loop
      vertex -7.47134 0.735863 3.39999
      vertex -7.49845 0.368375 0.599991
      vertex -7.49845 0.368375 3.39999
    endloop
  endfacet
  facet normal 0.461933 0.535496 -0.707009
    outer loop
      vertex 5.04172 5.56268 0.599991
      vertex 4.38206 5.33956 0
      vertex 4.7627 5.80337 0.599991
    endloop
  endfacet
  facet normal 0.317963 -0.631705 0.707
    outer loop
      vertex 3.53901 -6.62102 3.39999
      vertex 2.95333 -6.24429 4
      vertex 3.20987 -6.78669 3.39999
    endloop
  endfacet
  facet normal -0.120892 0.696796 -0.707008
    outer loop
      vertex -1.01354 6.83272 0
      vertex -1.46464 7.36324 0.599991
      vertex -1.10158 7.42623 0.599991
    endloop
  endfacet
  facet normal -0.646531 -0.28659 -0.707011
    outer loop
      vertex -6.78669 -3.20987 0.599991
      vertex -6.93602 -2.87299 0.599991
      vertex -6.24429 -2.95333 0
    endloop
  endfacet
  facet normal -0.0865667 -0.701896 0.707
    outer loop
      vertex -0.677052 -6.87422 4
      vertex -1.01354 -6.83272 4
      vertex -0.735863 -7.47134 3.39999
    endloop
  endfacet
  facet normal 0.67151 0.221841 -0.707009
    outer loop
      vertex 6.61005 2.00514 0
      vertex 6.5037 2.32706 0
      vertex 7.18422 2.17931 0.599991
    endloop
  endfacet
  facet normal -0.67152 -0.221844 0.706998
    outer loop
      vertex -6.5037 -2.32706 4
      vertex -7.18422 -2.17931 3.39999
      vertex -7.06863 -2.5292 3.39999
    endloop
  endfacet
  facet normal 0.89323 -0.4496 0
    outer loop
      vertex 6.62102 -3.53901 3.39999
      vertex 6.78669 -3.20987 0.599991
      vertex 6.78669 -3.20987 3.39999
    endloop
  endfacet
  facet normal 0.89323 -0.4496 0
    outer loop
      vertex 6.78669 -3.20987 0.599991
      vertex 6.62102 -3.53901 3.39999
      vertex 6.62102 -3.53901 0.599991
    endloop
  endfacet
  facet normal -0.188627 0.681585 -0.707009
    outer loop
      vertex -2.00514 6.61005 0
      vertex -2.17931 7.18422 0.599991
      vertex -1.67838 6.70048 0
    endloop
  endfacet
  facet normal -0.535505 -0.461941 0.706997
    outer loop
      vertex -5.33956 -4.38206 4
      vertex -5.80337 -4.7627 3.39999
      vertex -5.56268 -5.04172 3.39999
    endloop
  endfacet
  facet normal 0.407221 0.578205 0.707001
    outer loop
      vertex 4.17094 6.24225 3.39999
      vertex 4.11478 5.54814 4
      vertex 4.47221 6.03007 3.39999
    endloop
  endfacet
  facet normal -0.705301 -0.0520308 0.706996
    outer loop
      vertex -6.89917 -0.338934 4
      vertex -7.49845 -0.368375 3.39999
      vertex -7.47134 -0.735863 3.39999
    endloop
  endfacet
  facet normal 0.707005 -0.01735 0.706996
    outer loop
      vertex 7.50749 0 3.39999
      vertex 6.89917 -0.338934 4
      vertex 7.49845 -0.368375 3.39999
    endloop
  endfacet
  facet normal 0.378375 0.597486 0.706995
    outer loop
      vertex 3.85962 6.43939 3.39999
      vertex 3.55116 5.92475 4
      vertex 3.83759 5.74336 4
    endloop
  endfacet
  facet normal -0.999699 -0.0245328 0
    outer loop
      vertex -7.49845 -0.368375 0.599991
      vertex -7.50749 0 3.39999
      vertex -7.50749 0 0.599991
    endloop
  endfacet
  facet normal -0.999699 -0.0245328 0
    outer loop
      vertex -7.50749 0 3.39999
      vertex -7.49845 -0.368375 0.599991
      vertex -7.49845 -0.368375 3.39999
    endloop
  endfacet
  facet normal -0.701897 -0.0865767 0.706997
    outer loop
      vertex -6.83272 -1.01354 4
      vertex -7.47134 -0.735863 3.39999
      vertex -7.42623 -1.10158 3.39999
    endloop
  endfacet
  facet normal 0.690021 -0.154959 -0.707007
    outer loop
      vertex 7.2825 -1.82417 0.599991
      vertex 6.70048 -1.67838 0
      vertex 7.36324 -1.46464 0.599991
    endloop
  endfacet
  facet normal -0.578196 -0.407215 -0.707012
    outer loop
      vertex -6.03007 -4.47221 0.599991
      vertex -6.24225 -4.17094 0.599991
      vertex -5.54814 -4.11478 0
    endloop
  endfacet
  facet normal -0.870079 -0.492912 0
    outer loop
      vertex -6.43939 -3.85962 0.599991
      vertex -6.62102 -3.53901 3.39999
      vertex -6.62102 -3.53901 0.599991
    endloop
  endfacet
  facet normal -0.870079 -0.492912 0
    outer loop
      vertex -6.62102 -3.53901 3.39999
      vertex -6.43939 -3.85962 0.599991
      vertex -6.43939 -3.85962 3.39999
    endloop
  endfacet
  facet normal 0.578196 -0.407213 -0.707012
    outer loop
      vertex 6.24225 -4.17094 0.599991
      vertex 5.54814 -4.11478 0
      vertex 5.74336 -3.83759 0
    endloop
  endfacet
  facet normal 0.646542 -0.286589 0.707001
    outer loop
      vertex 6.38168 -2.64338 4
      vertex 6.24429 -2.95333 4
      vertex 6.93602 -2.87299 3.39999
    endloop
  endfacet
  facet normal 0.578205 0.40722 0.707001
    outer loop
      vertex 6.24225 4.17094 3.39999
      vertex 5.54814 4.11478 4
      vertex 5.74336 3.83759 4
    endloop
  endfacet
  facet normal -0.615336 -0.348596 0.706995
    outer loop
      vertex -5.92475 -3.55116 4
      vertex -6.62102 -3.53901 3.39999
      vertex -6.43939 -3.85962 3.39999
    endloop
  endfacet
  facet normal -0.67152 0.221845 0.706997
    outer loop
      vertex -6.5037 2.32706 4
      vertex -7.18422 2.17931 3.39999
      vertex -6.61005 2.00514 4
    endloop
  endfacet
  facet normal -0.705296 -0.0520444 0.707
    outer loop
      vertex -6.89917 -0.338934 4
      vertex -7.47134 -0.735863 3.39999
      vertex -6.87422 -0.677052 4
    endloop
  endfacet
  facet normal -0.557539 -0.435092 0.706997
    outer loop
      vertex -5.54814 -4.11478 4
      vertex -5.80337 -4.7627 3.39999
      vertex -5.33956 -4.38206 4
    endloop
  endfacet
  facet normal -0.0520435 0.705285 -0.707011
    outer loop
      vertex -0.677052 6.87422 0
      vertex -0.735863 7.47134 0.599991
      vertex -0.338934 6.89917 0
    endloop
  endfacet
  facet normal -0.313687 -0.949527 0
    outer loop
      vertex -2.5292 -7.06863 0.599991
      vertex -2.17931 -7.18422 3.39999
      vertex -2.5292 -7.06863 3.39999
    endloop
  endfacet
  facet normal -0.313687 -0.949527 -0
    outer loop
      vertex -2.17931 -7.18422 3.39999
      vertex -2.5292 -7.06863 0.599991
      vertex -2.17931 -7.18422 0.599991
    endloop
  endfacet
  facet normal -0.949527 -0.313687 0
    outer loop
      vertex -7.06863 -2.5292 0.599991
      vertex -7.18422 -2.17931 3.39999
      vertex -7.18422 -2.17931 0.599991
    endloop
  endfacet
  facet normal -0.949527 -0.313687 0
    outer loop
      vertex -7.18422 -2.17931 3.39999
      vertex -7.06863 -2.5292 0.599991
      vertex -7.06863 -2.5292 3.39999
    endloop
  endfacet
  facet normal -0.0865654 -0.701884 -0.707011
    outer loop
      vertex -0.735863 -7.47134 0.599991
      vertex -1.01354 -6.83272 0
      vertex -0.677052 -6.87422 0
    endloop
  endfacet
  facet normal -0.512202 0.487636 -0.707007
    outer loop
      vertex -5.11811 4.63878 0
      vertex -5.56268 5.04172 0.599991
      vertex -5.3086 5.3086 0.599991
    endloop
  endfacet
  facet normal 0.67152 0.221845 0.706997
    outer loop
      vertex 7.18422 2.17931 3.39999
      vertex 6.5037 2.32706 4
      vertex 6.61005 2.00514 4
    endloop
  endfacet
  facet normal 0.120904 0.696802 0.707
    outer loop
      vertex 1.46464 7.36324 3.39999
      vertex 1.01354 6.83272 4
      vertex 1.34758 6.77476 4
    endloop
  endfacet
  facet normal -0.653182 -0.757201 0
    outer loop
      vertex -5.04172 -5.56268 0.599991
      vertex -4.7627 -5.80337 3.39999
      vertex -5.04172 -5.56268 3.39999
    endloop
  endfacet
  facet normal -0.653182 -0.757201 -0
    outer loop
      vertex -4.7627 -5.80337 3.39999
      vertex -5.04172 -5.56268 0.599991
      vertex -4.7627 -5.80337 0.599991
    endloop
  endfacet
  facet normal 0.681596 -0.18863 0.706998
    outer loop
      vertex 6.70048 -1.67838 4
      vertex 6.61005 -2.00514 4
      vertex 7.18422 -2.17931 3.39999
    endloop
  endfacet
  facet normal -0.69002 0.154942 -0.707011
    outer loop
      vertex -6.77476 1.34758 0
      vertex -7.36324 1.46464 0.599991
      vertex -6.70048 1.67838 0
    endloop
  endfacet
  facet normal 0.286595 -0.646541 0.707
    outer loop
      vertex 2.95333 -6.24429 4
      vertex 2.87299 -6.93602 3.39999
      vertex 3.20987 -6.78669 3.39999
    endloop
  endfacet
  facet normal 0.0865654 -0.701884 -0.707011
    outer loop
      vertex 0.735863 -7.47134 0.599991
      vertex 0.677052 -6.87422 0
      vertex 1.01354 -6.83272 0
    endloop
  endfacet
  facet normal 0.706995 0.017355 -0.707006
    outer loop
      vertex 6.90749 0 0
      vertex 6.89917 0.338934 0
      vertex 7.50749 0 0.599991
    endloop
  endfacet
  facet normal 0.615336 -0.348596 0.706995
    outer loop
      vertex 6.62102 -3.53901 3.39999
      vertex 5.92475 -3.55116 4
      vertex 6.43939 -3.85962 3.39999
    endloop
  endfacet
  facet normal -0.120894 -0.696807 0.706997
    outer loop
      vertex -1.01354 -6.83272 4
      vertex -1.46464 -7.36324 3.39999
      vertex -1.10158 -7.42623 3.39999
    endloop
  endfacet
  facet normal 0.219114 -0.975699 0
    outer loop
      vertex 1.46464 -7.36324 0.599991
      vertex 1.82417 -7.2825 3.39999
      vertex 1.46464 -7.36324 3.39999
    endloop
  endfacet
  facet normal 0.219114 -0.975699 0
    outer loop
      vertex 1.82417 -7.2825 3.39999
      vertex 1.46464 -7.36324 0.599991
      vertex 1.82417 -7.2825 0.599991
    endloop
  endfacet
  facet normal 0.154944 -0.690031 0.707
    outer loop
      vertex 1.67838 -6.70048 4
      vertex 1.34758 -6.77476 4
      vertex 1.46464 -7.36324 3.39999
    endloop
  endfacet
  facet normal 0.221845 0.67152 0.706997
    outer loop
      vertex 2.17931 7.18422 3.39999
      vertex 2.00514 6.61005 4
      vertex 2.32706 6.5037 4
    endloop
  endfacet
  facet normal -0.221841 -0.67151 -0.707009
    outer loop
      vertex -2.17931 -7.18422 0.599991
      vertex -2.32706 -6.5037 0
      vertex -2.00514 -6.61005 0
    endloop
  endfacet
  facet normal 0.46193 -0.535501 -0.707007
    outer loop
      vertex 5.04172 -5.56268 0.599991
      vertex 4.38206 -5.33956 0
      vertex 4.63878 -5.11811 0
    endloop
  endfacet
  facet normal -0.317955 0.631697 -0.70701
    outer loop
      vertex -3.25617 6.09186 0
      vertex -3.53901 6.62102 0.599991
      vertex -2.95333 6.24429 0
    endloop
  endfacet
  facet normal -0.705301 0.0520308 0.706996
    outer loop
      vertex -7.47134 0.735863 3.39999
      vertex -7.49845 0.368375 3.39999
      vertex -6.89917 0.338934 4
    endloop
  endfacet
  facet normal -0.707005 0.01735 0.706996
    outer loop
      vertex -7.49845 0.368375 3.39999
      vertex -7.50749 0 3.39999
      vertex -6.89917 0.338934 4
    endloop
  endfacet
  facet normal -0.696807 0.120894 0.706997
    outer loop
      vertex -7.36324 1.46464 3.39999
      vertex -7.42623 1.10158 3.39999
      vertex -6.83272 1.01354 4
    endloop
  endfacet
  facet normal -0.65983 -0.254516 0.706998
    outer loop
      vertex -6.5037 -2.32706 4
      vertex -7.06863 -2.5292 3.39999
      vertex -6.93602 -2.87299 3.39999
    endloop
  endfacet
  facet normal -0.55752 0.435092 -0.707012
    outer loop
      vertex -5.54814 4.11478 0
      vertex -6.03007 4.47221 0.599991
      vertex -5.80337 4.7627 0.599991
    endloop
  endfacet
  facet normal 0.67152 0.221844 0.706998
    outer loop
      vertex 7.06863 2.5292 3.39999
      vertex 6.5037 2.32706 4
      vertex 7.18422 2.17931 3.39999
    endloop
  endfacet
  facet normal 0.597486 0.378375 0.706995
    outer loop
      vertex 6.43939 3.85962 3.39999
      vertex 5.74336 3.83759 4
      vertex 5.92475 3.55116 4
    endloop
  endfacet
  facet normal 0.67152 -0.221845 0.706997
    outer loop
      vertex 6.61005 -2.00514 4
      vertex 6.5037 -2.32706 4
      vertex 7.18422 -2.17931 3.39999
    endloop
  endfacet
  facet normal 0.492912 -0.870079 0
    outer loop
      vertex 3.53901 -6.62102 0.599991
      vertex 3.85962 -6.43939 3.39999
      vertex 3.53901 -6.62102 3.39999
    endloop
  endfacet
  facet normal 0.492912 -0.870079 0
    outer loop
      vertex 3.85962 -6.43939 3.39999
      vertex 3.53901 -6.62102 0.599991
      vertex 3.85962 -6.43939 0.599991
    endloop
  endfacet
  facet normal 0.188623 0.6816 0.706995
    outer loop
      vertex 1.82417 7.2825 3.39999
      vertex 1.67838 6.70048 4
      vertex 2.17931 7.18422 3.39999
    endloop
  endfacet
  facet normal 0.0865667 -0.701896 0.707
    outer loop
      vertex 1.01354 -6.83272 4
      vertex 0.677052 -6.87422 4
      vertex 0.735863 -7.47134 3.39999
    endloop
  endfacet
  facet normal -0.696802 0.120904 0.707
    outer loop
      vertex -6.77476 1.34758 4
      vertex -7.36324 1.46464 3.39999
      vertex -6.83272 1.01354 4
    endloop
  endfacet
  facet normal -0.0735712 0.99729 0
    outer loop
      vertex -0.368375 7.49845 0.599991
      vertex -0.735863 7.47134 3.39999
      vertex -0.368375 7.49845 3.39999
    endloop
  endfacet
  facet normal -0.0735712 0.99729 0
    outer loop
      vertex -0.735863 7.47134 3.39999
      vertex -0.368375 7.49845 0.599991
      vertex -0.735863 7.47134 0.599991
    endloop
  endfacet
  facet normal -0.512201 -0.48765 0.706999
    outer loop
      vertex -5.11811 -4.63878 4
      vertex -5.3086 -5.3086 3.39999
      vertex -4.88433 -4.88433 4
    endloop
  endfacet
  facet normal 0.705301 -0.0520308 0.706996
    outer loop
      vertex 7.49845 -0.368375 3.39999
      vertex 6.89917 -0.338934 4
      vertex 7.47134 -0.735863 3.39999
    endloop
  endfacet
  facet normal 0.696807 0.120894 0.706997
    outer loop
      vertex 7.36324 1.46464 3.39999
      vertex 6.83272 1.01354 4
      vertex 7.42623 1.10158 3.39999
    endloop
  endfacet
  facet normal -0.681596 -0.18863 0.706998
    outer loop
      vertex -6.70048 -1.67838 4
      vertex -7.18422 -2.17931 3.39999
      vertex -6.61005 -2.00514 4
    endloop
  endfacet
  facet normal -0.696807 -0.120894 0.706997
    outer loop
      vertex -6.83272 -1.01354 4
      vertex -7.42623 -1.10158 3.39999
      vertex -7.36324 -1.46464 3.39999
    endloop
  endfacet
  facet normal -0.975699 -0.219114 0
    outer loop
      vertex -7.2825 -1.82417 0.599991
      vertex -7.36324 -1.46464 3.39999
      vertex -7.36324 -1.46464 0.599991
    endloop
  endfacet
  facet normal -0.975699 -0.219114 0
    outer loop
      vertex -7.36324 -1.46464 3.39999
      vertex -7.2825 -1.82417 0.599991
      vertex -7.2825 -1.82417 3.39999
    endloop
  endfacet
  facet normal -0.67152 -0.221845 0.706997
    outer loop
      vertex -6.61005 -2.00514 4
      vertex -7.18422 -2.17931 3.39999
      vertex -6.5037 -2.32706 4
    endloop
  endfacet
  facet normal -0.435099 0.557529 0.707001
    outer loop
      vertex -4.47221 6.03007 3.39999
      vertex -4.7627 5.80337 3.39999
      vertex -4.11478 5.54814 4
    endloop
  endfacet
  facet normal 0.597483 0.378349 -0.707012
    outer loop
      vertex 6.43939 3.85962 0.599991
      vertex 5.74336 3.83759 0
      vertex 6.24225 4.17094 0.599991
    endloop
  endfacet
  facet normal 0.435092 -0.557539 0.706997
    outer loop
      vertex 4.38206 -5.33956 4
      vertex 4.11478 -5.54814 4
      vertex 4.7627 -5.80337 3.39999
    endloop
  endfacet
  facet normal -0.597492 -0.378355 0.707001
    outer loop
      vertex -5.74336 -3.83759 4
      vertex -6.43939 -3.85962 3.39999
      vertex -6.24225 -4.17094 3.39999
    endloop
  endfacet
  facet normal 0.154961 -0.690032 0.706995
    outer loop
      vertex 1.67838 -6.70048 4
      vertex 1.46464 -7.36324 3.39999
      vertex 1.82417 -7.2825 3.39999
    endloop
  endfacet
  facet normal 0.534995 0.844855 -0
    outer loop
      vertex 4.17094 6.24225 0.599991
      vertex 3.85962 6.43939 3.39999
      vertex 4.17094 6.24225 3.39999
    endloop
  endfacet
  facet normal 0.534995 0.844855 0
    outer loop
      vertex 3.85962 6.43939 3.39999
      vertex 4.17094 6.24225 0.599991
      vertex 3.85962 6.43939 0.599991
    endloop
  endfacet
  facet normal 0.120894 -0.696807 0.706997
    outer loop
      vertex 1.46464 -7.36324 3.39999
      vertex 1.01354 -6.83272 4
      vertex 1.10158 -7.42623 3.39999
    endloop
  endfacet
  facet normal 0.378355 0.597492 0.707001
    outer loop
      vertex 3.85962 6.43939 3.39999
      vertex 3.83759 5.74336 4
      vertex 4.17094 6.24225 3.39999
    endloop
  endfacet
  facet normal 0.705296 0.0520444 0.707
    outer loop
      vertex 7.47134 0.735863 3.39999
      vertex 6.87422 0.677052 4
      vertex 6.89917 0.338934 4
    endloop
  endfacet
  facet normal -0.597486 0.378375 0.706995
    outer loop
      vertex -5.74336 3.83759 4
      vertex -6.43939 3.85962 3.39999
      vertex -5.92475 3.55116 4
    endloop
  endfacet
  facet normal -0.407221 -0.578205 0.707001
    outer loop
      vertex -4.11478 -5.54814 4
      vertex -4.47221 -6.03007 3.39999
      vertex -4.17094 -6.24225 3.39999
    endloop
  endfacet
  facet normal -0.435092 -0.55752 -0.707012
    outer loop
      vertex -4.47221 -6.03007 0.599991
      vertex -4.7627 -5.80337 0.599991
      vertex -4.11478 -5.54814 0
    endloop
  endfacet
  facet normal -0.578205 -0.407221 0.707001
    outer loop
      vertex -5.54814 -4.11478 4
      vertex -6.24225 -4.17094 3.39999
      vertex -6.03007 -4.47221 3.39999
    endloop
  endfacet
  facet normal 0.932997 -0.359885 0
    outer loop
      vertex 6.93602 -2.87299 3.39999
      vertex 7.06863 -2.5292 0.599991
      vertex 7.06863 -2.5292 3.39999
    endloop
  endfacet
  facet normal 0.932997 -0.359885 0
    outer loop
      vertex 7.06863 -2.5292 0.599991
      vertex 6.93602 -2.87299 3.39999
      vertex 6.93602 -2.87299 0.599991
    endloop
  endfacet
  facet normal -0.487644 0.512211 0.706996
    outer loop
      vertex -5.04172 5.56268 3.39999
      vertex -5.3086 5.3086 3.39999
      vertex -4.63878 5.11811 4
    endloop
  endfacet
  facet normal 0.254526 -0.659823 0.707001
    outer loop
      vertex 2.64338 -6.38168 4
      vertex 2.32706 -6.5037 4
      vertex 2.87299 -6.93602 3.39999
    endloop
  endfacet
  facet normal 0.28659 0.646531 -0.707011
    outer loop
      vertex 2.95333 6.24429 0
      vertex 2.87299 6.93602 0.599991
      vertex 3.20987 6.78669 0.599991
    endloop
  endfacet
  facet normal -0.348591 0.615326 -0.707007
    outer loop
      vertex -3.55116 5.92475 0
      vertex -3.85962 6.43939 0.599991
      vertex -3.53901 6.62102 0.599991
    endloop
  endfacet
  facet normal -0.844855 -0.534995 0
    outer loop
      vertex -6.24225 -4.17094 0.599991
      vertex -6.43939 -3.85962 3.39999
      vertex -6.43939 -3.85962 0.599991
    endloop
  endfacet
  facet normal -0.844855 -0.534995 0
    outer loop
      vertex -6.43939 -3.85962 3.39999
      vertex -6.24225 -4.17094 0.599991
      vertex -6.24225 -4.17094 3.39999
    endloop
  endfacet
  facet normal -0.914208 -0.405244 0
    outer loop
      vertex -6.78669 -3.20987 0.599991
      vertex -6.93602 -2.87299 3.39999
      vertex -6.93602 -2.87299 0.599991
    endloop
  endfacet
  facet normal -0.914208 -0.405244 0
    outer loop
      vertex -6.93602 -2.87299 3.39999
      vertex -6.78669 -3.20987 0.599991
      vertex -6.78669 -3.20987 3.39999
    endloop
  endfacet
  facet normal 0.701896 0.0865667 0.707
    outer loop
      vertex 7.47134 0.735863 3.39999
      vertex 6.83272 1.01354 4
      vertex 6.87422 0.677052 4
    endloop
  endfacet
  facet normal -0.631707 -0.31796 0.706999
    outer loop
      vertex -6.24429 -2.95333 4
      vertex -6.62102 -3.53901 3.39999
      vertex -6.09186 -3.25617 4
    endloop
  endfacet
  facet normal -0.188627 -0.681585 -0.707009
    outer loop
      vertex -1.67838 -6.70048 0
      vertex -2.17931 -7.18422 0.599991
      vertex -2.00514 -6.61005 0
    endloop
  endfacet
  facet normal 0.99729 -0.0735712 0
    outer loop
      vertex 7.47134 -0.735863 3.39999
      vertex 7.49845 -0.368375 0.599991
      vertex 7.49845 -0.368375 3.39999
    endloop
  endfacet
  facet normal 0.99729 -0.0735712 0
    outer loop
      vertex 7.49845 -0.368375 0.599991
      vertex 7.47134 -0.735863 3.39999
      vertex 7.47134 -0.735863 0.599991
    endloop
  endfacet
  facet normal -0.757201 0.653182 0
    outer loop
      vertex -5.80337 4.7627 0.599991
      vertex -5.56268 5.04172 3.39999
      vertex -5.56268 5.04172 0.599991
    endloop
  endfacet
  facet normal -0.757201 0.653182 0
    outer loop
      vertex -5.56268 5.04172 3.39999
      vertex -5.80337 4.7627 0.599991
      vertex -5.80337 4.7627 3.39999
    endloop
  endfacet
  facet normal 0.999699 -0.0245328 0
    outer loop
      vertex 7.49845 -0.368375 3.39999
      vertex 7.50749 0 0.599991
      vertex 7.50749 0 3.39999
    endloop
  endfacet
  facet normal 0.999699 -0.0245328 0
    outer loop
      vertex 7.50749 0 0.599991
      vertex 7.49845 -0.368375 3.39999
      vertex 7.49845 -0.368375 0.599991
    endloop
  endfacet
  facet normal -0.154961 0.690032 0.706995
    outer loop
      vertex -1.46464 7.36324 3.39999
      vertex -1.82417 7.2825 3.39999
      vertex -1.67838 6.70048 4
    endloop
  endfacet
  facet normal 0.34858 -0.615329 -0.70701
    outer loop
      vertex 3.53901 -6.62102 0.599991
      vertex 3.25617 -6.09186 0
      vertex 3.55116 -5.92475 0
    endloop
  endfacet
  facet normal 0.597483 -0.378349 -0.707012
    outer loop
      vertex 6.24225 -4.17094 0.599991
      vertex 5.74336 -3.83759 0
      vertex 6.43939 -3.85962 0.599991
    endloop
  endfacet
  facet normal -0.407213 -0.578196 -0.707012
    outer loop
      vertex -3.83759 -5.74336 0
      vertex -4.17094 -6.24225 0.599991
      vertex -4.11478 -5.54814 0
    endloop
  endfacet
  facet normal -0.681585 0.188627 -0.707009
    outer loop
      vertex -6.70048 1.67838 0
      vertex -7.18422 2.17931 0.599991
      vertex -6.61005 2.00514 0
    endloop
  endfacet
  facet normal 0.949527 0.313687 0
    outer loop
      vertex 7.18422 2.17931 3.39999
      vertex 7.06863 2.5292 0.599991
      vertex 7.06863 2.5292 3.39999
    endloop
  endfacet
  facet normal 0.949527 0.313687 0
    outer loop
      vertex 7.06863 2.5292 0.599991
      vertex 7.18422 2.17931 3.39999
      vertex 7.18422 2.17931 0.599991
    endloop
  endfacet
  facet normal 0.67151 0.221841 -0.707009
    outer loop
      vertex 7.18422 2.17931 0.599991
      vertex 6.5037 2.32706 0
      vertex 7.06863 2.5292 0.599991
    endloop
  endfacet
  facet normal -0.0865754 -0.701886 -0.707008
    outer loop
      vertex -0.735863 -7.47134 0.599991
      vertex -1.10158 -7.42623 0.599991
      vertex -1.01354 -6.83272 0
    endloop
  endfacet
  facet normal -0.219114 -0.975699 0
    outer loop
      vertex -1.82417 -7.2825 0.599991
      vertex -1.46464 -7.36324 3.39999
      vertex -1.82417 -7.2825 3.39999
    endloop
  endfacet
  facet normal -0.219114 -0.975699 -0
    outer loop
      vertex -1.46464 -7.36324 3.39999
      vertex -1.82417 -7.2825 0.599991
      vertex -1.46464 -7.36324 0.599991
    endloop
  endfacet
  facet normal 0.05203 -0.70529 -0.707007
    outer loop
      vertex 0.368375 -7.49845 0.599991
      vertex 0.338934 -6.89917 0
      vertex 0.735863 -7.47134 0.599991
    endloop
  endfacet
  facet normal 0.0173498 -0.706994 -0.707007
    outer loop
      vertex 0.368375 -7.49845 0.599991
      vertex 0 -7.50749 0.599991
      vertex 0.338934 -6.89917 0
    endloop
  endfacet
  facet normal -0.535505 0.461941 0.706997
    outer loop
      vertex -5.56268 5.04172 3.39999
      vertex -5.80337 4.7627 3.39999
      vertex -5.33956 4.38206 4
    endloop
  endfacet
  facet normal 0.757201 -0.653182 0
    outer loop
      vertex 5.56268 -5.04172 3.39999
      vertex 5.80337 -4.7627 0.599991
      vertex 5.80337 -4.7627 3.39999
    endloop
  endfacet
  facet normal 0.757201 -0.653182 0
    outer loop
      vertex 5.80337 -4.7627 0.599991
      vertex 5.56268 -5.04172 3.39999
      vertex 5.56268 -5.04172 0.599991
    endloop
  endfacet
  facet normal 0.6816 -0.188623 0.706995
    outer loop
      vertex 7.2825 -1.82417 3.39999
      vertex 6.70048 -1.67838 4
      vertex 7.18422 -2.17931 3.39999
    endloop
  endfacet
  facet normal 0.4496 -0.89323 0
    outer loop
      vertex 3.20987 -6.78669 0.599991
      vertex 3.53901 -6.62102 3.39999
      vertex 3.20987 -6.78669 3.39999
    endloop
  endfacet
  facet normal 0.4496 -0.89323 0
    outer loop
      vertex 3.53901 -6.62102 3.39999
      vertex 3.20987 -6.78669 0.599991
      vertex 3.53901 -6.62102 0.599991
    endloop
  endfacet
  facet normal -0.681585 -0.188627 -0.707009
    outer loop
      vertex -6.61005 -2.00514 0
      vertex -7.18422 -2.17931 0.599991
      vertex -6.70048 -1.67838 0
    endloop
  endfacet
  facet normal 0.65982 -0.254512 -0.707009
    outer loop
      vertex 6.93602 -2.87299 0.599991
      vertex 6.5037 -2.32706 0
      vertex 7.06863 -2.5292 0.599991
    endloop
  endfacet
  facet normal 0.405244 -0.914208 0
    outer loop
      vertex 2.87299 -6.93602 0.599991
      vertex 3.20987 -6.78669 3.39999
      vertex 2.87299 -6.93602 3.39999
    endloop
  endfacet
  facet normal 0.405244 -0.914208 0
    outer loop
      vertex 3.20987 -6.78669 3.39999
      vertex 2.87299 -6.93602 0.599991
      vertex 3.20987 -6.78669 0.599991
    endloop
  endfacet
  facet normal -0.696796 -0.120892 -0.707008
    outer loop
      vertex -7.36324 -1.46464 0.599991
      vertex -7.42623 -1.10158 0.599991
      vertex -6.83272 -1.01354 0
    endloop
  endfacet
  facet normal -0.646542 -0.286589 0.707001
    outer loop
      vertex -6.38168 -2.64338 4
      vertex -6.93602 -2.87299 3.39999
      vertex -6.24429 -2.95333 4
    endloop
  endfacet
  facet normal -0.6816 0.188623 0.706995
    outer loop
      vertex -7.18422 2.17931 3.39999
      vertex -7.2825 1.82417 3.39999
      vertex -6.70048 1.67838 4
    endloop
  endfacet
  facet normal -0.963776 0.266712 0
    outer loop
      vertex -7.2825 1.82417 0.599991
      vertex -7.18422 2.17931 3.39999
      vertex -7.18422 2.17931 0.599991
    endloop
  endfacet
  facet normal -0.963776 0.266712 0
    outer loop
      vertex -7.18422 2.17931 3.39999
      vertex -7.2825 1.82417 0.599991
      vertex -7.2825 1.82417 3.39999
    endloop
  endfacet
  facet normal 0.01735 0.707005 0.706996
    outer loop
      vertex 0.368375 7.49845 3.39999
      vertex 0 7.50749 3.39999
      vertex 0.338934 6.89917 4
    endloop
  endfacet
  facet normal 0.659823 -0.254526 0.707001
    outer loop
      vertex 6.5037 -2.32706 4
      vertex 6.38168 -2.64338 4
      vertex 6.93602 -2.87299 3.39999
    endloop
  endfacet
  facet normal -0.578196 0.407215 -0.707012
    outer loop
      vertex -5.54814 4.11478 0
      vertex -6.24225 4.17094 0.599991
      vertex -6.03007 4.47221 0.599991
    endloop
  endfacet
  facet normal -0.914208 0.405244 0
    outer loop
      vertex -6.93602 2.87299 0.599991
      vertex -6.78669 3.20987 3.39999
      vertex -6.78669 3.20987 0.599991
    endloop
  endfacet
  facet normal -0.914208 0.405244 0
    outer loop
      vertex -6.78669 3.20987 3.39999
      vertex -6.93602 2.87299 0.599991
      vertex -6.93602 2.87299 3.39999
    endloop
  endfacet
  facet normal -0.01735 0.707005 0.706996
    outer loop
      vertex 0 7.50749 3.39999
      vertex -0.368375 7.49845 3.39999
      vertex -0.338934 6.89917 4
    endloop
  endfacet
  facet normal -0.578205 0.407221 0.707001
    outer loop
      vertex -6.03007 4.47221 3.39999
      vertex -6.24225 4.17094 3.39999
      vertex -5.54814 4.11478 4
    endloop
  endfacet
  facet normal 0.696791 0.120902 -0.707011
    outer loop
      vertex 6.83272 1.01354 0
      vertex 6.77476 1.34758 0
      vertex 7.36324 1.46464 0.599991
    endloop
  endfacet
  facet normal 0.817583 0.575811 0
    outer loop
      vertex 6.24225 4.17094 3.39999
      vertex 6.03007 4.47221 0.599991
      vertex 6.03007 4.47221 3.39999
    endloop
  endfacet
  facet normal 0.817583 0.575811 0
    outer loop
      vertex 6.03007 4.47221 0.599991
      vertex 6.24225 4.17094 3.39999
      vertex 6.24225 4.17094 0.599991
    endloop
  endfacet
  facet normal -0.48765 -0.512201 0.706999
    outer loop
      vertex -4.88433 -4.88433 4
      vertex -5.3086 -5.3086 3.39999
      vertex -4.63878 -5.11811 4
    endloop
  endfacet
  facet normal 0.0173553 0.707006 0.706994
    outer loop
      vertex 0 7.50749 3.39999
      vertex 0 6.90749 4
      vertex 0.338934 6.89917 4
    endloop
  endfacet
  facet normal 0.597492 0.378355 0.707001
    outer loop
      vertex 6.24225 4.17094 3.39999
      vertex 5.74336 3.83759 4
      vertex 6.43939 3.85962 3.39999
    endloop
  endfacet
  facet normal 0.188627 0.681585 -0.707009
    outer loop
      vertex 2.00514 6.61005 0
      vertex 1.67838 6.70048 0
      vertex 2.17931 7.18422 0.599991
    endloop
  endfacet
  facet normal -0.557529 -0.435099 0.707001
    outer loop
      vertex -5.54814 -4.11478 4
      vertex -6.03007 -4.47221 3.39999
      vertex -5.80337 -4.7627 3.39999
    endloop
  endfacet
  facet normal -0.378369 0.597477 -0.707006
    outer loop
      vertex -3.83759 5.74336 0
      vertex -3.85962 6.43939 0.599991
      vertex -3.55116 5.92475 0
    endloop
  endfacet
  facet normal -0.461941 -0.535505 0.706997
    outer loop
      vertex -4.38206 -5.33956 4
      vertex -5.04172 -5.56268 3.39999
      vertex -4.7627 -5.80337 3.39999
    endloop
  endfacet
  facet normal 0.0865754 -0.701886 -0.707008
    outer loop
      vertex 1.10158 -7.42623 0.599991
      vertex 0.735863 -7.47134 0.599991
      vertex 1.01354 -6.83272 0
    endloop
  endfacet
  facet normal -0.254526 0.659823 0.707001
    outer loop
      vertex -2.32706 6.5037 4
      vertex -2.87299 6.93602 3.39999
      vertex -2.64338 6.38168 4
    endloop
  endfacet
  facet normal 0.615336 0.348596 0.706995
    outer loop
      vertex 6.43939 3.85962 3.39999
      vertex 5.92475 3.55116 4
      vertex 6.62102 3.53901 3.39999
    endloop
  endfacet
  facet normal -0.512201 0.48765 0.706999
    outer loop
      vertex -4.88433 4.88433 4
      vertex -5.3086 5.3086 3.39999
      vertex -5.11811 4.63878 4
    endloop
  endfacet
  facet normal -0.154944 -0.690031 0.707
    outer loop
      vertex -1.34758 -6.77476 4
      vertex -1.67838 -6.70048 4
      vertex -1.46464 -7.36324 3.39999
    endloop
  endfacet
  facet normal -0.690032 -0.154961 0.706995
    outer loop
      vertex -6.70048 -1.67838 4
      vertex -7.36324 -1.46464 3.39999
      vertex -7.2825 -1.82417 3.39999
    endloop
  endfacet
  facet normal -0.221841 0.67151 -0.707009
    outer loop
      vertex -2.32706 6.5037 0
      vertex -2.5292 7.06863 0.599991
      vertex -2.17931 7.18422 0.599991
    endloop
  endfacet
  facet normal -0.154959 0.690021 -0.707007
    outer loop
      vertex -1.67838 6.70048 0
      vertex -1.82417 7.2825 0.599991
      vertex -1.46464 7.36324 0.599991
    endloop
  endfacet
  facet normal -0.985281 -0.170944 0
    outer loop
      vertex -7.36324 -1.46464 0.599991
      vertex -7.42623 -1.10158 3.39999
      vertex -7.42623 -1.10158 0.599991
    endloop
  endfacet
  facet normal -0.985281 -0.170944 0
    outer loop
      vertex -7.42623 -1.10158 3.39999
      vertex -7.36324 -1.46464 0.599991
      vertex -7.36324 -1.46464 3.39999
    endloop
  endfacet
  facet normal 0.705285 -0.0520435 -0.707011
    outer loop
      vertex 7.47134 -0.735863 0.599991
      vertex 6.87422 -0.677052 0
      vertex 6.89917 -0.338934 0
    endloop
  endfacet
  facet normal -0.6816 -0.188623 0.706995
    outer loop
      vertex -6.70048 -1.67838 4
      vertex -7.2825 -1.82417 3.39999
      vertex -7.18422 -2.17931 3.39999
    endloop
  endfacet
  facet normal -0.286589 0.646542 0.707001
    outer loop
      vertex -2.87299 6.93602 3.39999
      vertex -2.95333 6.24429 4
      vertex -2.64338 6.38168 4
    endloop
  endfacet
  facet normal -0.949527 0.313687 0
    outer loop
      vertex -7.18422 2.17931 0.599991
      vertex -7.06863 2.5292 3.39999
      vertex -7.06863 2.5292 0.599991
    endloop
  endfacet
  facet normal -0.949527 0.313687 0
    outer loop
      vertex -7.06863 2.5292 3.39999
      vertex -7.18422 2.17931 0.599991
      vertex -7.18422 2.17931 3.39999
    endloop
  endfacet
  facet normal -0.492912 -0.870079 0
    outer loop
      vertex -3.85962 -6.43939 0.599991
      vertex -3.53901 -6.62102 3.39999
      vertex -3.85962 -6.43939 3.39999
    endloop
  endfacet
  facet normal -0.492912 -0.870079 -0
    outer loop
      vertex -3.53901 -6.62102 3.39999
      vertex -3.85962 -6.43939 0.599991
      vertex -3.53901 -6.62102 0.599991
    endloop
  endfacet
  facet normal 0.597477 0.378369 -0.707006
    outer loop
      vertex 5.92475 3.55116 0
      vertex 5.74336 3.83759 0
      vertex 6.43939 3.85962 0.599991
    endloop
  endfacet
  facet normal 0.378355 -0.597492 0.707001
    outer loop
      vertex 4.17094 -6.24225 3.39999
      vertex 3.83759 -5.74336 4
      vertex 3.85962 -6.43939 3.39999
    endloop
  endfacet
  facet normal -0.788347 -0.615231 0
    outer loop
      vertex -5.80337 -4.7627 0.599991
      vertex -6.03007 -4.47221 3.39999
      vertex -6.03007 -4.47221 0.599991
    endloop
  endfacet
  facet normal -0.788347 -0.615231 0
    outer loop
      vertex -6.03007 -4.47221 3.39999
      vertex -5.80337 -4.7627 0.599991
      vertex -5.80337 -4.7627 3.39999
    endloop
  endfacet
  facet normal -0.359885 0.932997 0
    outer loop
      vertex -2.5292 7.06863 0.599991
      vertex -2.87299 6.93602 3.39999
      vertex -2.5292 7.06863 3.39999
    endloop
  endfacet
  facet normal -0.359885 0.932997 0
    outer loop
      vertex -2.87299 6.93602 3.39999
      vertex -2.5292 7.06863 0.599991
      vertex -2.87299 6.93602 0.599991
    endloop
  endfacet
  facet normal -0.89323 -0.4496 0
    outer loop
      vertex -6.62102 -3.53901 0.599991
      vertex -6.78669 -3.20987 3.39999
      vertex -6.78669 -3.20987 0.599991
    endloop
  endfacet
  facet normal -0.89323 -0.4496 0
    outer loop
      vertex -6.78669 -3.20987 3.39999
      vertex -6.62102 -3.53901 0.599991
      vertex -6.62102 -3.53901 3.39999
    endloop
  endfacet
  facet normal -0.707006 -0.0173553 0.706994
    outer loop
      vertex -6.90749 0 4
      vertex -7.50749 0 3.39999
      vertex -6.89917 -0.338934 4
    endloop
  endfacet
  facet normal 0.0520444 0.705296 0.707
    outer loop
      vertex 0.735863 7.47134 3.39999
      vertex 0.338934 6.89917 4
      vertex 0.677052 6.87422 4
    endloop
  endfacet
  facet normal 0.557539 -0.435092 0.706997
    outer loop
      vertex 5.54814 -4.11478 4
      vertex 5.33956 -4.38206 4
      vertex 5.80337 -4.7627 3.39999
    endloop
  endfacet
  facet normal 0.170944 -0.985281 0
    outer loop
      vertex 1.10158 -7.42623 0.599991
      vertex 1.46464 -7.36324 3.39999
      vertex 1.10158 -7.42623 3.39999
    endloop
  endfacet
  facet normal 0.170944 -0.985281 0
    outer loop
      vertex 1.46464 -7.36324 3.39999
      vertex 1.10158 -7.42623 0.599991
      vertex 1.46464 -7.36324 0.599991
    endloop
  endfacet
  facet normal -0.31796 0.631707 0.706999
    outer loop
      vertex -2.95333 6.24429 4
      vertex -3.53901 6.62102 3.39999
      vertex -3.25617 6.09186 4
    endloop
  endfacet
  facet normal -0.67151 0.221841 -0.707009
    outer loop
      vertex -6.5037 2.32706 0
      vertex -7.18422 2.17931 0.599991
      vertex -7.06863 2.5292 0.599991
    endloop
  endfacet
  facet normal -0.701896 -0.0865667 0.707
    outer loop
      vertex -6.87422 -0.677052 4
      vertex -7.47134 -0.735863 3.39999
      vertex -6.83272 -1.01354 4
    endloop
  endfacet
  facet normal -0.681596 0.18863 0.706998
    outer loop
      vertex -6.61005 2.00514 4
      vertex -7.18422 2.17931 3.39999
      vertex -6.70048 1.67838 4
    endloop
  endfacet
  facet normal 0.40722 0.578205 0.707001
    outer loop
      vertex 4.17094 6.24225 3.39999
      vertex 3.83759 5.74336 4
      vertex 4.11478 5.54814 4
    endloop
  endfacet
  facet normal 0.435092 0.557539 0.706997
    outer loop
      vertex 4.7627 5.80337 3.39999
      vertex 4.11478 5.54814 4
      vertex 4.38206 5.33956 4
    endloop
  endfacet
  facet normal 0.646541 0.286595 0.707
    outer loop
      vertex 6.78669 3.20987 3.39999
      vertex 6.24429 2.95333 4
      vertex 6.93602 2.87299 3.39999
    endloop
  endfacet
  facet normal -0.348596 -0.615336 0.706995
    outer loop
      vertex -3.55116 -5.92475 4
      vertex -3.85962 -6.43939 3.39999
      vertex -3.53901 -6.62102 3.39999
    endloop
  endfacet
  facet normal 0.690031 0.154944 0.707
    outer loop
      vertex 7.36324 1.46464 3.39999
      vertex 6.70048 1.67838 4
      vertex 6.77476 1.34758 4
    endloop
  endfacet
  facet normal -0.0865767 -0.701897 0.706997
    outer loop
      vertex -1.01354 -6.83272 4
      vertex -1.10158 -7.42623 3.39999
      vertex -0.735863 -7.47134 3.39999
    endloop
  endfacet
  facet normal -0.18863 -0.681596 0.706998
    outer loop
      vertex -2.00514 -6.61005 4
      vertex -2.17931 -7.18422 3.39999
      vertex -1.67838 -6.70048 4
    endloop
  endfacet
  facet normal -0.615338 -0.348585 0.706999
    outer loop
      vertex -6.09186 -3.25617 4
      vertex -6.62102 -3.53901 3.39999
      vertex -5.92475 -3.55116 4
    endloop
  endfacet
  facet normal 0.557539 0.435092 0.706997
    outer loop
      vertex 5.80337 4.7627 3.39999
      vertex 5.33956 4.38206 4
      vertex 5.54814 4.11478 4
    endloop
  endfacet
  facet normal -0.120904 0.696802 0.707
    outer loop
      vertex -1.01354 6.83272 4
      vertex -1.46464 7.36324 3.39999
      vertex -1.34758 6.77476 4
    endloop
  endfacet
  facet normal 0.378375 -0.597486 0.706995
    outer loop
      vertex 3.83759 -5.74336 4
      vertex 3.55116 -5.92475 4
      vertex 3.85962 -6.43939 3.39999
    endloop
  endfacet
  facet normal -0.681589 0.18862 -0.707007
    outer loop
      vertex -6.70048 1.67838 0
      vertex -7.2825 1.82417 0.599991
      vertex -7.18422 2.17931 0.599991
    endloop
  endfacet
  facet normal -0.646531 0.28659 -0.707011
    outer loop
      vertex -6.24429 2.95333 0
      vertex -6.93602 2.87299 0.599991
      vertex -6.78669 3.20987 0.599991
    endloop
  endfacet
  facet normal -0.512193 -0.487642 -0.70701
    outer loop
      vertex -4.88433 -4.88433 0
      vertex -5.3086 -5.3086 0.599991
      vertex -5.11811 -4.63878 0
    endloop
  endfacet
  facet normal -0.631705 -0.317963 0.707
    outer loop
      vertex -6.24429 -2.95333 4
      vertex -6.78669 -3.20987 3.39999
      vertex -6.62102 -3.53901 3.39999
    endloop
  endfacet
  facet normal -0.646541 -0.286595 0.707
    outer loop
      vertex -6.24429 -2.95333 4
      vertex -6.93602 -2.87299 3.39999
      vertex -6.78669 -3.20987 3.39999
    endloop
  endfacet
  facet normal -0.0520308 0.705301 0.706996
    outer loop
      vertex -0.368375 7.49845 3.39999
      vertex -0.735863 7.47134 3.39999
      vertex -0.338934 6.89917 4
    endloop
  endfacet
  facet normal -0.05203 0.70529 -0.707007
    outer loop
      vertex -0.338934 6.89917 0
      vertex -0.735863 7.47134 0.599991
      vertex -0.368375 7.49845 0.599991
    endloop
  endfacet
  facet normal -0.286585 0.646531 -0.707012
    outer loop
      vertex -2.64338 6.38168 0
      vertex -2.95333 6.24429 0
      vertex -2.87299 6.93602 0.599991
    endloop
  endfacet
  facet normal -0.615329 0.34858 -0.70701
    outer loop
      vertex -6.09186 3.25617 0
      vertex -6.62102 3.53901 0.599991
      vertex -5.92475 3.55116 0
    endloop
  endfacet
  facet normal -0.254512 0.65982 -0.707009
    outer loop
      vertex -2.32706 6.5037 0
      vertex -2.87299 6.93602 0.599991
      vertex -2.5292 7.06863 0.599991
    endloop
  endfacet
  facet normal -0.689525 -0.724262 0
    outer loop
      vertex -5.3086 -5.3086 0.599991
      vertex -5.04172 -5.56268 3.39999
      vertex -5.3086 -5.3086 3.39999
    endloop
  endfacet
  facet normal -0.689525 -0.724262 -0
    outer loop
      vertex -5.04172 -5.56268 3.39999
      vertex -5.3086 -5.3086 0.599991
      vertex -5.04172 -5.56268 0.599991
    endloop
  endfacet
  facet normal -0.512202 -0.487636 -0.707007
    outer loop
      vertex -5.3086 -5.3086 0.599991
      vertex -5.56268 -5.04172 0.599991
      vertex -5.11811 -4.63878 0
    endloop
  endfacet
  facet normal 0.512201 -0.48765 0.706999
    outer loop
      vertex 5.11811 -4.63878 4
      vertex 4.88433 -4.88433 4
      vertex 5.3086 -5.3086 3.39999
    endloop
  endfacet
  facet normal -0.378349 0.597483 -0.707012
    outer loop
      vertex -3.83759 5.74336 0
      vertex -4.17094 6.24225 0.599991
      vertex -3.85962 6.43939 0.599991
    endloop
  endfacet
  facet normal -0.701896 0.0865667 0.707
    outer loop
      vertex -6.83272 1.01354 4
      vertex -7.47134 0.735863 3.39999
      vertex -6.87422 0.677052 4
    endloop
  endfacet
  facet normal -0.286595 0.646541 0.707
    outer loop
      vertex -2.87299 6.93602 3.39999
      vertex -3.20987 6.78669 3.39999
      vertex -2.95333 6.24429 4
    endloop
  endfacet
  facet normal -0.221844 0.67152 0.706998
    outer loop
      vertex -2.17931 7.18422 3.39999
      vertex -2.5292 7.06863 3.39999
      vertex -2.32706 6.5037 4
    endloop
  endfacet
  facet normal -0.659823 -0.254526 0.707001
    outer loop
      vertex -6.5037 -2.32706 4
      vertex -6.93602 -2.87299 3.39999
      vertex -6.38168 -2.64338 4
    endloop
  endfacet
  facet normal -0.18863 0.681596 0.706998
    outer loop
      vertex -1.67838 6.70048 4
      vertex -2.17931 7.18422 3.39999
      vertex -2.00514 6.61005 4
    endloop
  endfacet
  facet normal -0.0520444 -0.705296 0.707
    outer loop
      vertex -0.677052 -6.87422 4
      vertex -0.735863 -7.47134 3.39999
      vertex -0.338934 -6.89917 4
    endloop
  endfacet
  facet normal 0.914208 0.405244 0
    outer loop
      vertex 6.93602 2.87299 3.39999
      vertex 6.78669 3.20987 0.599991
      vertex 6.78669 3.20987 3.39999
    endloop
  endfacet
  facet normal 0.914208 0.405244 0
    outer loop
      vertex 6.78669 3.20987 0.599991
      vertex 6.93602 2.87299 3.39999
      vertex 6.93602 2.87299 0.599991
    endloop
  endfacet
  facet normal 0.348591 -0.615326 -0.707007
    outer loop
      vertex 3.85962 -6.43939 0.599991
      vertex 3.53901 -6.62102 0.599991
      vertex 3.55116 -5.92475 0
    endloop
  endfacet
  facet normal 0.017355 0.706995 -0.707006
    outer loop
      vertex 0.338934 6.89917 0
      vertex 0 6.90749 0
      vertex 0 7.50749 0.599991
    endloop
  endfacet
  facet normal -0.254512 -0.65982 -0.707009
    outer loop
      vertex -2.5292 -7.06863 0.599991
      vertex -2.87299 -6.93602 0.599991
      vertex -2.32706 -6.5037 0
    endloop
  endfacet
  facet normal -0.120902 -0.696791 -0.707011
    outer loop
      vertex -1.01354 -6.83272 0
      vertex -1.46464 -7.36324 0.599991
      vertex -1.34758 -6.77476 0
    endloop
  endfacet
  facet normal 0.707005 0.01735 0.706996
    outer loop
      vertex 7.49845 0.368375 3.39999
      vertex 6.89917 0.338934 4
      vertex 7.50749 0 3.39999
    endloop
  endfacet
  facet normal 0.99729 0.0735712 0
    outer loop
      vertex 7.49845 0.368375 3.39999
      vertex 7.47134 0.735863 0.599991
      vertex 7.47134 0.735863 3.39999
    endloop
  endfacet
  facet normal 0.99729 0.0735712 0
    outer loop
      vertex 7.47134 0.735863 0.599991
      vertex 7.49845 0.368375 3.39999
      vertex 7.49845 0.368375 0.599991
    endloop
  endfacet
  facet normal -0.188623 -0.6816 0.706995
    outer loop
      vertex -1.67838 -6.70048 4
      vertex -2.17931 -7.18422 3.39999
      vertex -1.82417 -7.2825 3.39999
    endloop
  endfacet
  facet normal -0.221841 -0.67151 -0.707009
    outer loop
      vertex -2.17931 -7.18422 0.599991
      vertex -2.5292 -7.06863 0.599991
      vertex -2.32706 -6.5037 0
    endloop
  endfacet
  facet normal -0.170944 -0.985281 0
    outer loop
      vertex -1.46464 -7.36324 0.599991
      vertex -1.10158 -7.42623 3.39999
      vertex -1.46464 -7.36324 3.39999
    endloop
  endfacet
  facet normal -0.170944 -0.985281 -0
    outer loop
      vertex -1.10158 -7.42623 3.39999
      vertex -1.46464 -7.36324 0.599991
      vertex -1.10158 -7.42623 0.599991
    endloop
  endfacet
  facet normal -0.120892 -0.696796 -0.707008
    outer loop
      vertex -1.10158 -7.42623 0.599991
      vertex -1.46464 -7.36324 0.599991
      vertex -1.01354 -6.83272 0
    endloop
  endfacet
  facet normal 0.120892 -0.696796 -0.707008
    outer loop
      vertex 1.10158 -7.42623 0.599991
      vertex 1.01354 -6.83272 0
      vertex 1.46464 -7.36324 0.599991
    endloop
  endfacet
  facet normal -0.578196 0.407213 -0.707012
    outer loop
      vertex -5.74336 3.83759 0
      vertex -6.24225 4.17094 0.599991
      vertex -5.54814 4.11478 0
    endloop
  endfacet
  facet normal 0.120904 -0.696802 0.707
    outer loop
      vertex 1.34758 -6.77476 4
      vertex 1.01354 -6.83272 4
      vertex 1.46464 -7.36324 3.39999
    endloop
  endfacet
  facet normal 0.578205 -0.407221 0.707001
    outer loop
      vertex 6.24225 -4.17094 3.39999
      vertex 5.54814 -4.11478 4
      vertex 6.03007 -4.47221 3.39999
    endloop
  endfacet
  facet normal 0.188623 -0.6816 0.706995
    outer loop
      vertex 2.17931 -7.18422 3.39999
      vertex 1.67838 -6.70048 4
      vertex 1.82417 -7.2825 3.39999
    endloop
  endfacet
  facet normal 0.313687 -0.949527 0
    outer loop
      vertex 2.17931 -7.18422 0.599991
      vertex 2.5292 -7.06863 3.39999
      vertex 2.17931 -7.18422 3.39999
    endloop
  endfacet
  facet normal 0.313687 -0.949527 0
    outer loop
      vertex 2.5292 -7.06863 3.39999
      vertex 2.17931 -7.18422 0.599991
      vertex 2.5292 -7.06863 0.599991
    endloop
  endfacet
  facet normal -0.631697 0.317955 -0.70701
    outer loop
      vertex -6.24429 2.95333 0
      vertex -6.62102 3.53901 0.599991
      vertex -6.09186 3.25617 0
    endloop
  endfacet
  facet normal 0.67151 -0.221841 -0.707009
    outer loop
      vertex 7.06863 -2.5292 0.599991
      vertex 6.5037 -2.32706 0
      vertex 7.18422 -2.17931 0.599991
    endloop
  endfacet
  facet normal -0.348585 -0.615338 0.706999
    outer loop
      vertex -3.25617 -6.09186 4
      vertex -3.55116 -5.92475 4
      vertex -3.53901 -6.62102 3.39999
    endloop
  endfacet
  facet normal 0.487644 -0.512211 0.706996
    outer loop
      vertex 5.3086 -5.3086 3.39999
      vertex 4.63878 -5.11811 4
      vertex 5.04172 -5.56268 3.39999
    endloop
  endfacet
  facet normal -0.55752 -0.435092 -0.707012
    outer loop
      vertex -5.80337 -4.7627 0.599991
      vertex -6.03007 -4.47221 0.599991
      vertex -5.54814 -4.11478 0
    endloop
  endfacet
  facet normal -0.705296 0.0520444 0.707
    outer loop
      vertex -6.87422 0.677052 4
      vertex -7.47134 0.735863 3.39999
      vertex -6.89917 0.338934 4
    endloop
  endfacet
  facet normal -0.557539 0.435092 0.706997
    outer loop
      vertex -5.33956 4.38206 4
      vertex -5.80337 4.7627 3.39999
      vertex -5.54814 4.11478 4
    endloop
  endfacet
  facet normal -0.701897 0.0865767 0.706997
    outer loop
      vertex -7.42623 1.10158 3.39999
      vertex -7.47134 0.735863 3.39999
      vertex -6.83272 1.01354 4
    endloop
  endfacet
  facet normal -0.266712 -0.963776 0
    outer loop
      vertex -2.17931 -7.18422 0.599991
      vertex -1.82417 -7.2825 3.39999
      vertex -2.17931 -7.18422 3.39999
    endloop
  endfacet
  facet normal -0.266712 -0.963776 -0
    outer loop
      vertex -1.82417 -7.2825 3.39999
      vertex -2.17931 -7.18422 0.599991
      vertex -1.82417 -7.2825 0.599991
    endloop
  endfacet
  facet normal -0.690032 0.154961 0.706995
    outer loop
      vertex -7.2825 1.82417 3.39999
      vertex -7.36324 1.46464 3.39999
      vertex -6.70048 1.67838 4
    endloop
  endfacet
  facet normal -0.646541 0.286595 0.707
    outer loop
      vertex -6.78669 3.20987 3.39999
      vertex -6.93602 2.87299 3.39999
      vertex -6.24429 2.95333 4
    endloop
  endfacet
  facet normal -0.557529 0.435099 0.707001
    outer loop
      vertex -5.80337 4.7627 3.39999
      vertex -6.03007 4.47221 3.39999
      vertex -5.54814 4.11478 4
    endloop
  endfacet
  facet normal 0.696802 0.120904 0.707
    outer loop
      vertex 7.36324 1.46464 3.39999
      vertex 6.77476 1.34758 4
      vertex 6.83272 1.01354 4
    endloop
  endfacet
  facet normal 0.89323 0.4496 0
    outer loop
      vertex 6.78669 3.20987 3.39999
      vertex 6.62102 3.53901 0.599991
      vertex 6.62102 3.53901 3.39999
    endloop
  endfacet
  facet normal 0.89323 0.4496 0
    outer loop
      vertex 6.62102 3.53901 0.599991
      vertex 6.78669 3.20987 3.39999
      vertex 6.78669 3.20987 0.599991
    endloop
  endfacet
  facet normal 0.870079 0.492912 0
    outer loop
      vertex 6.62102 3.53901 3.39999
      vertex 6.43939 3.85962 0.599991
      vertex 6.43939 3.85962 3.39999
    endloop
  endfacet
  facet normal 0.870079 0.492912 0
    outer loop
      vertex 6.43939 3.85962 0.599991
      vertex 6.62102 3.53901 3.39999
      vertex 6.62102 3.53901 0.599991
    endloop
  endfacet
  facet normal 0.631695 -0.317958 -0.707011
    outer loop
      vertex 6.62102 -3.53901 0.599991
      vertex 6.24429 -2.95333 0
      vertex 6.78669 -3.20987 0.599991
    endloop
  endfacet
  facet normal -0.535496 -0.461933 -0.707009
    outer loop
      vertex -5.56268 -5.04172 0.599991
      vertex -5.80337 -4.7627 0.599991
      vertex -5.33956 -4.38206 0
    endloop
  endfacet
  facet normal 0.120894 0.696807 0.706997
    outer loop
      vertex 1.10158 7.42623 3.39999
      vertex 1.01354 6.83272 4
      vertex 1.46464 7.36324 3.39999
    endloop
  endfacet
  facet normal 0.0865767 0.701897 0.706997
    outer loop
      vertex 1.10158 7.42623 3.39999
      vertex 0.735863 7.47134 3.39999
      vertex 1.01354 6.83272 4
    endloop
  endfacet
  facet normal 0.689525 0.724262 -0
    outer loop
      vertex 5.3086 5.3086 0.599991
      vertex 5.04172 5.56268 3.39999
      vertex 5.3086 5.3086 3.39999
    endloop
  endfacet
  facet normal 0.689525 0.724262 0
    outer loop
      vertex 5.04172 5.56268 3.39999
      vertex 5.3086 5.3086 0.599991
      vertex 5.04172 5.56268 0.599991
    endloop
  endfacet
  facet normal -0.286589 -0.646542 0.707001
    outer loop
      vertex -2.64338 -6.38168 4
      vertex -2.95333 -6.24429 4
      vertex -2.87299 -6.93602 3.39999
    endloop
  endfacet
  facet normal 0.0245328 0.999699 -0
    outer loop
      vertex 0.368375 7.49845 0.599991
      vertex 0 7.50749 3.39999
      vertex 0.368375 7.49845 3.39999
    endloop
  endfacet
  facet normal 0.0245328 0.999699 0
    outer loop
      vertex 0 7.50749 3.39999
      vertex 0.368375 7.49845 0.599991
      vertex 0 7.50749 0.599991
    endloop
  endfacet
  facet normal 0.122419 0.992479 -0
    outer loop
      vertex 1.10158 7.42623 0.599991
      vertex 0.735863 7.47134 3.39999
      vertex 1.10158 7.42623 3.39999
    endloop
  endfacet
  facet normal 0.122419 0.992479 0
    outer loop
      vertex 0.735863 7.47134 3.39999
      vertex 1.10158 7.42623 0.599991
      vertex 0.735863 7.47134 0.599991
    endloop
  endfacet
  facet normal 0.359885 0.932997 -0
    outer loop
      vertex 2.87299 6.93602 0.599991
      vertex 2.5292 7.06863 3.39999
      vertex 2.87299 6.93602 3.39999
    endloop
  endfacet
  facet normal 0.359885 0.932997 0
    outer loop
      vertex 2.5292 7.06863 3.39999
      vertex 2.87299 6.93602 0.599991
      vertex 2.5292 7.06863 0.599991
    endloop
  endfacet
  facet normal -0.53551 -0.461938 0.706996
    outer loop
      vertex -5.33956 -4.38206 4
      vertex -5.56268 -5.04172 3.39999
      vertex -5.11811 -4.63878 4
    endloop
  endfacet
  facet normal 0.597492 -0.378355 0.707001
    outer loop
      vertex 6.43939 -3.85962 3.39999
      vertex 5.74336 -3.83759 4
      vertex 6.24225 -4.17094 3.39999
    endloop
  endfacet
  facet normal 0.254512 0.65982 -0.707009
    outer loop
      vertex 2.87299 6.93602 0.599991
      vertex 2.32706 6.5037 0
      vertex 2.5292 7.06863 0.599991
    endloop
  endfacet
  facet normal 0.405244 0.914208 -0
    outer loop
      vertex 3.20987 6.78669 0.599991
      vertex 2.87299 6.93602 3.39999
      vertex 3.20987 6.78669 3.39999
    endloop
  endfacet
  facet normal 0.405244 0.914208 0
    outer loop
      vertex 2.87299 6.93602 3.39999
      vertex 3.20987 6.78669 0.599991
      vertex 2.87299 6.93602 0.599991
    endloop
  endfacet
  facet normal -0.286585 -0.646531 -0.707012
    outer loop
      vertex -2.87299 -6.93602 0.599991
      vertex -2.95333 -6.24429 0
      vertex -2.64338 -6.38168 0
    endloop
  endfacet
  facet normal -0.690031 -0.154944 0.707
    outer loop
      vertex -6.77476 -1.34758 4
      vertex -7.36324 -1.46464 3.39999
      vertex -6.70048 -1.67838 4
    endloop
  endfacet
  facet normal -0.512211 0.487644 0.706996
    outer loop
      vertex -5.3086 5.3086 3.39999
      vertex -5.56268 5.04172 3.39999
      vertex -5.11811 4.63878 4
    endloop
  endfacet
  facet normal -0.40722 0.578205 0.707001
    outer loop
      vertex -3.83759 5.74336 4
      vertex -4.17094 6.24225 3.39999
      vertex -4.11478 5.54814 4
    endloop
  endfacet
  facet normal 0.578205 0.407221 0.707001
    outer loop
      vertex 6.03007 4.47221 3.39999
      vertex 5.54814 4.11478 4
      vertex 6.24225 4.17094 3.39999
    endloop
  endfacet
  facet normal 0.788347 0.615231 0
    outer loop
      vertex 6.03007 4.47221 3.39999
      vertex 5.80337 4.7627 0.599991
      vertex 5.80337 4.7627 3.39999
    endloop
  endfacet
  facet normal 0.788347 0.615231 0
    outer loop
      vertex 5.80337 4.7627 0.599991
      vertex 6.03007 4.47221 3.39999
      vertex 6.03007 4.47221 0.599991
    endloop
  endfacet
  facet normal 0.40722 -0.578205 0.707001
    outer loop
      vertex 4.11478 -5.54814 4
      vertex 3.83759 -5.74336 4
      vertex 4.17094 -6.24225 3.39999
    endloop
  endfacet
  facet normal 0.0865667 0.701896 0.707
    outer loop
      vertex 0.735863 7.47134 3.39999
      vertex 0.677052 6.87422 4
      vertex 1.01354 6.83272 4
    endloop
  endfacet
  facet normal 0.578205 -0.40722 0.707001
    outer loop
      vertex 5.74336 -3.83759 4
      vertex 5.54814 -4.11478 4
      vertex 6.24225 -4.17094 3.39999
    endloop
  endfacet
  facet normal -0.05203 -0.70529 -0.707007
    outer loop
      vertex -0.368375 -7.49845 0.599991
      vertex -0.735863 -7.47134 0.599991
      vertex -0.338934 -6.89917 0
    endloop
  endfacet
  facet normal 0.646541 -0.286595 0.707
    outer loop
      vertex 6.93602 -2.87299 3.39999
      vertex 6.24429 -2.95333 4
      vertex 6.78669 -3.20987 3.39999
    endloop
  endfacet
  facet normal 0.631705 -0.317963 0.707
    outer loop
      vertex 6.78669 -3.20987 3.39999
      vertex 6.24429 -2.95333 4
      vertex 6.62102 -3.53901 3.39999
    endloop
  endfacet
  facet normal -0.696802 -0.120904 0.707
    outer loop
      vertex -6.83272 -1.01354 4
      vertex -7.36324 -1.46464 3.39999
      vertex -6.77476 -1.34758 4
    endloop
  endfacet
  facet normal 0.975699 -0.219114 0
    outer loop
      vertex 7.2825 -1.82417 3.39999
      vertex 7.36324 -1.46464 0.599991
      vertex 7.36324 -1.46464 3.39999
    endloop
  endfacet
  facet normal 0.975699 -0.219114 0
    outer loop
      vertex 7.36324 -1.46464 0.599991
      vertex 7.2825 -1.82417 3.39999
      vertex 7.2825 -1.82417 0.599991
    endloop
  endfacet
  facet normal -0.659812 -0.254522 -0.707012
    outer loop
      vertex -6.38168 -2.64338 0
      vertex -6.93602 -2.87299 0.599991
      vertex -6.5037 -2.32706 0
    endloop
  endfacet
  facet normal -0.992479 -0.122419 0
    outer loop
      vertex -7.42623 -1.10158 0.599991
      vertex -7.47134 -0.735863 3.39999
      vertex -7.47134 -0.735863 0.599991
    endloop
  endfacet
  facet normal -0.992479 -0.122419 0
    outer loop
      vertex -7.47134 -0.735863 3.39999
      vertex -7.42623 -1.10158 0.599991
      vertex -7.42623 -1.10158 3.39999
    endloop
  endfacet
  facet normal -0.487636 0.512202 -0.707007
    outer loop
      vertex -4.63878 5.11811 0
      vertex -5.3086 5.3086 0.599991
      vertex -5.04172 5.56268 0.599991
    endloop
  endfacet
  facet normal -0.631695 0.317958 -0.707011
    outer loop
      vertex -6.24429 2.95333 0
      vertex -6.78669 3.20987 0.599991
      vertex -6.62102 3.53901 0.599991
    endloop
  endfacet
  facet normal 0.378369 0.597477 -0.707006
    outer loop
      vertex 3.83759 5.74336 0
      vertex 3.55116 5.92475 0
      vertex 3.85962 6.43939 0.599991
    endloop
  endfacet
  facet normal 0.914208 -0.405244 0
    outer loop
      vertex 6.78669 -3.20987 3.39999
      vertex 6.93602 -2.87299 0.599991
      vertex 6.93602 -2.87299 3.39999
    endloop
  endfacet
  facet normal 0.914208 -0.405244 0
    outer loop
      vertex 6.93602 -2.87299 0.599991
      vertex 6.78669 -3.20987 3.39999
      vertex 6.78669 -3.20987 0.599991
    endloop
  endfacet
  facet normal -0.254522 0.659812 -0.707012
    outer loop
      vertex -2.64338 6.38168 0
      vertex -2.87299 6.93602 0.599991
      vertex -2.32706 6.5037 0
    endloop
  endfacet
  facet normal -0.286595 -0.646541 0.707
    outer loop
      vertex -2.95333 -6.24429 4
      vertex -3.20987 -6.78669 3.39999
      vertex -2.87299 -6.93602 3.39999
    endloop
  endfacet
  facet normal 0.701897 0.0865767 0.706997
    outer loop
      vertex 7.42623 1.10158 3.39999
      vertex 6.83272 1.01354 4
      vertex 7.47134 0.735863 3.39999
    endloop
  endfacet
  facet normal -0.575811 0.817583 0
    outer loop
      vertex -4.17094 6.24225 0.599991
      vertex -4.47221 6.03007 3.39999
      vertex -4.17094 6.24225 3.39999
    endloop
  endfacet
  facet normal -0.575811 0.817583 0
    outer loop
      vertex -4.47221 6.03007 3.39999
      vertex -4.17094 6.24225 0.599991
      vertex -4.47221 6.03007 0.599991
    endloop
  endfacet
  facet normal 0.512211 0.487644 0.706996
    outer loop
      vertex 5.3086 5.3086 3.39999
      vertex 5.11811 4.63878 4
      vertex 5.56268 5.04172 3.39999
    endloop
  endfacet
  facet normal -0.534995 -0.844855 0
    outer loop
      vertex -4.17094 -6.24225 0.599991
      vertex -3.85962 -6.43939 3.39999
      vertex -4.17094 -6.24225 3.39999
    endloop
  endfacet
  facet normal -0.534995 -0.844855 -0
    outer loop
      vertex -3.85962 -6.43939 3.39999
      vertex -4.17094 -6.24225 0.599991
      vertex -3.85962 -6.43939 0.599991
    endloop
  endfacet
  facet normal 0.48765 -0.512201 0.706999
    outer loop
      vertex 4.88433 -4.88433 4
      vertex 4.63878 -5.11811 4
      vertex 5.3086 -5.3086 3.39999
    endloop
  endfacet
  facet normal -0.615338 0.348585 0.706999
    outer loop
      vertex -5.92475 3.55116 4
      vertex -6.62102 3.53901 3.39999
      vertex -6.09186 3.25617 4
    endloop
  endfacet
  facet normal -0.724262 -0.689525 0
    outer loop
      vertex -5.3086 -5.3086 0.599991
      vertex -5.56268 -5.04172 3.39999
      vertex -5.56268 -5.04172 0.599991
    endloop
  endfacet
  facet normal -0.724262 -0.689525 0
    outer loop
      vertex -5.56268 -5.04172 3.39999
      vertex -5.3086 -5.3086 0.599991
      vertex -5.3086 -5.3086 3.39999
    endloop
  endfacet
  facet normal 0.557529 -0.435099 0.707001
    outer loop
      vertex 6.03007 -4.47221 3.39999
      vertex 5.54814 -4.11478 4
      vertex 5.80337 -4.7627 3.39999
    endloop
  endfacet
  facet normal 0.31796 -0.631707 0.706999
    outer loop
      vertex 3.25617 -6.09186 4
      vertex 2.95333 -6.24429 4
      vertex 3.53901 -6.62102 3.39999
    endloop
  endfacet
  facet normal -0.0173553 0.707006 0.706994
    outer loop
      vertex 0 7.50749 3.39999
      vertex -0.338934 6.89917 4
      vertex 0 6.90749 4
    endloop
  endfacet
  facet normal -0.01735 -0.707005 0.706996
    outer loop
      vertex -0.338934 -6.89917 4
      vertex -0.368375 -7.49845 3.39999
      vertex 0 -7.50749 3.39999
    endloop
  endfacet
  facet normal -0.254516 -0.65983 0.706998
    outer loop
      vertex -2.32706 -6.5037 4
      vertex -2.87299 -6.93602 3.39999
      vertex -2.5292 -7.06863 3.39999
    endloop
  endfacet
  facet normal -0.254526 -0.659823 0.707001
    outer loop
      vertex -2.64338 -6.38168 4
      vertex -2.87299 -6.93602 3.39999
      vertex -2.32706 -6.5037 4
    endloop
  endfacet
  facet normal 0.631705 0.317963 0.707
    outer loop
      vertex 6.62102 3.53901 3.39999
      vertex 6.24429 2.95333 4
      vertex 6.78669 3.20987 3.39999
    endloop
  endfacet
  facet normal -0.0735712 -0.99729 0
    outer loop
      vertex -0.735863 -7.47134 0.599991
      vertex -0.368375 -7.49845 3.39999
      vertex -0.735863 -7.47134 3.39999
    endloop
  endfacet
  facet normal -0.0735712 -0.99729 -0
    outer loop
      vertex -0.368375 -7.49845 3.39999
      vertex -0.735863 -7.47134 0.599991
      vertex -0.368375 -7.49845 0.599991
    endloop
  endfacet
  facet normal 0.154944 0.690031 0.707
    outer loop
      vertex 1.46464 7.36324 3.39999
      vertex 1.34758 6.77476 4
      vertex 1.67838 6.70048 4
    endloop
  endfacet
  facet normal -0.221845 -0.67152 0.706997
    outer loop
      vertex -2.00514 -6.61005 4
      vertex -2.32706 -6.5037 4
      vertex -2.17931 -7.18422 3.39999
    endloop
  endfacet
  facet normal -0.221844 -0.67152 0.706998
    outer loop
      vertex -2.32706 -6.5037 4
      vertex -2.5292 -7.06863 3.39999
      vertex -2.17931 -7.18422 3.39999
    endloop
  endfacet
  facet normal 0.65983 0.254516 0.706998
    outer loop
      vertex 6.93602 2.87299 3.39999
      vertex 6.5037 2.32706 4
      vertex 7.06863 2.5292 3.39999
    endloop
  endfacet
  facet normal 0.348596 -0.615336 0.706995
    outer loop
      vertex 3.55116 -5.92475 4
      vertex 3.53901 -6.62102 3.39999
      vertex 3.85962 -6.43939 3.39999
    endloop
  endfacet
  facet normal 0.487644 0.512211 0.706996
    outer loop
      vertex 5.04172 5.56268 3.39999
      vertex 4.63878 5.11811 4
      vertex 5.3086 5.3086 3.39999
    endloop
  endfacet
  facet normal 0.461938 0.53551 0.706996
    outer loop
      vertex 5.04172 5.56268 3.39999
      vertex 4.38206 5.33956 4
      vertex 4.63878 5.11811 4
    endloop
  endfacet
  facet normal 0.188627 -0.681585 -0.707009
    outer loop
      vertex 2.17931 -7.18422 0.599991
      vertex 1.67838 -6.70048 0
      vertex 2.00514 -6.61005 0
    endloop
  endfacet
  facet normal -0.631707 0.31796 0.706999
    outer loop
      vertex -6.09186 3.25617 4
      vertex -6.62102 3.53901 3.39999
      vertex -6.24429 2.95333 4
    endloop
  endfacet
  facet normal 0.646531 0.286585 -0.707012
    outer loop
      vertex 6.38168 2.64338 0
      vertex 6.24429 2.95333 0
      vertex 6.93602 2.87299 0.599991
    endloop
  endfacet
  facet normal -0.317958 0.631695 -0.707011
    outer loop
      vertex -2.95333 6.24429 0
      vertex -3.53901 6.62102 0.599991
      vertex -3.20987 6.78669 0.599991
    endloop
  endfacet
  facet normal 0.615329 0.34858 -0.70701
    outer loop
      vertex 6.09186 3.25617 0
      vertex 5.92475 3.55116 0
      vertex 6.62102 3.53901 0.599991
    endloop
  endfacet
  facet normal 0.286585 -0.646531 -0.707012
    outer loop
      vertex 2.87299 -6.93602 0.599991
      vertex 2.64338 -6.38168 0
      vertex 2.95333 -6.24429 0
    endloop
  endfacet
  facet normal -0.122419 0.992479 0
    outer loop
      vertex -0.735863 7.47134 0.599991
      vertex -1.10158 7.42623 3.39999
      vertex -0.735863 7.47134 3.39999
    endloop
  endfacet
  facet normal -0.122419 0.992479 0
    outer loop
      vertex -1.10158 7.42623 3.39999
      vertex -0.735863 7.47134 0.599991
      vertex -1.10158 7.42623 0.599991
    endloop
  endfacet
  facet normal 0.55752 -0.435092 -0.707012
    outer loop
      vertex 5.80337 -4.7627 0.599991
      vertex 5.54814 -4.11478 0
      vertex 6.03007 -4.47221 0.599991
    endloop
  endfacet
  facet normal -0.219114 0.975699 0
    outer loop
      vertex -1.46464 7.36324 0.599991
      vertex -1.82417 7.2825 3.39999
      vertex -1.46464 7.36324 3.39999
    endloop
  endfacet
  facet normal -0.219114 0.975699 0
    outer loop
      vertex -1.82417 7.2825 3.39999
      vertex -1.46464 7.36324 0.599991
      vertex -1.82417 7.2825 0.599991
    endloop
  endfacet
  facet normal 0.017355 -0.706995 -0.707006
    outer loop
      vertex 0.338934 -6.89917 0
      vertex 0 -7.50749 0.599991
      vertex 0 -6.90749 0
    endloop
  endfacet
  facet normal -0.788347 0.615231 0
    outer loop
      vertex -6.03007 4.47221 0.599991
      vertex -5.80337 4.7627 3.39999
      vertex -5.80337 4.7627 0.599991
    endloop
  endfacet
  facet normal -0.788347 0.615231 0
    outer loop
      vertex -5.80337 4.7627 3.39999
      vertex -6.03007 4.47221 0.599991
      vertex -6.03007 4.47221 3.39999
    endloop
  endfacet
  facet normal 0.317955 0.631697 -0.70701
    outer loop
      vertex 3.25617 6.09186 0
      vertex 2.95333 6.24429 0
      vertex 3.53901 6.62102 0.599991
    endloop
  endfacet
  facet normal 0.631697 0.317955 -0.70701
    outer loop
      vertex 6.24429 2.95333 0
      vertex 6.09186 3.25617 0
      vertex 6.62102 3.53901 0.599991
    endloop
  endfacet
  facet normal 0.706994 -0.0173498 -0.707007
    outer loop
      vertex 7.49845 -0.368375 0.599991
      vertex 6.89917 -0.338934 0
      vertex 7.50749 0 0.599991
    endloop
  endfacet
  facet normal 0.254522 0.659812 -0.707012
    outer loop
      vertex 2.64338 6.38168 0
      vertex 2.32706 6.5037 0
      vertex 2.87299 6.93602 0.599991
    endloop
  endfacet
  facet normal -0.653182 0.757201 0
    outer loop
      vertex -4.7627 5.80337 0.599991
      vertex -5.04172 5.56268 3.39999
      vertex -4.7627 5.80337 3.39999
    endloop
  endfacet
  facet normal -0.653182 0.757201 0
    outer loop
      vertex -5.04172 5.56268 3.39999
      vertex -4.7627 5.80337 0.599991
      vertex -5.04172 5.56268 0.599991
    endloop
  endfacet
  facet normal -0.535496 0.461933 -0.707009
    outer loop
      vertex -5.33956 4.38206 0
      vertex -5.80337 4.7627 0.599991
      vertex -5.56268 5.04172 0.599991
    endloop
  endfacet
  facet normal -0.844855 0.534995 0
    outer loop
      vertex -6.43939 3.85962 0.599991
      vertex -6.24225 4.17094 3.39999
      vertex -6.24225 4.17094 0.599991
    endloop
  endfacet
  facet normal -0.844855 0.534995 0
    outer loop
      vertex -6.24225 4.17094 3.39999
      vertex -6.43939 3.85962 0.599991
      vertex -6.43939 3.85962 3.39999
    endloop
  endfacet
  facet normal -0.407215 0.578196 -0.707012
    outer loop
      vertex -4.11478 5.54814 0
      vertex -4.47221 6.03007 0.599991
      vertex -4.17094 6.24225 0.599991
    endloop
  endfacet
  facet normal 0.348585 -0.615338 0.706999
    outer loop
      vertex 3.55116 -5.92475 4
      vertex 3.25617 -6.09186 4
      vertex 3.53901 -6.62102 3.39999
    endloop
  endfacet
  facet normal -0.0520444 0.705296 0.707
    outer loop
      vertex -0.338934 6.89917 4
      vertex -0.735863 7.47134 3.39999
      vertex -0.677052 6.87422 4
    endloop
  endfacet
  facet normal -0.266712 0.963776 0
    outer loop
      vertex -1.82417 7.2825 0.599991
      vertex -2.17931 7.18422 3.39999
      vertex -1.82417 7.2825 3.39999
    endloop
  endfacet
  facet normal -0.266712 0.963776 0
    outer loop
      vertex -2.17931 7.18422 3.39999
      vertex -1.82417 7.2825 0.599991
      vertex -2.17931 7.18422 0.599991
    endloop
  endfacet
  facet normal -0.254516 0.65983 0.706998
    outer loop
      vertex -2.5292 7.06863 3.39999
      vertex -2.87299 6.93602 3.39999
      vertex -2.32706 6.5037 4
    endloop
  endfacet
  facet normal -0.154944 0.690031 0.707
    outer loop
      vertex -1.46464 7.36324 3.39999
      vertex -1.67838 6.70048 4
      vertex -1.34758 6.77476 4
    endloop
  endfacet
  facet normal 0.788347 -0.615231 0
    outer loop
      vertex 5.80337 -4.7627 3.39999
      vertex 6.03007 -4.47221 0.599991
      vertex 6.03007 -4.47221 3.39999
    endloop
  endfacet
  facet normal 0.788347 -0.615231 0
    outer loop
      vertex 6.03007 -4.47221 0.599991
      vertex 5.80337 -4.7627 3.39999
      vertex 5.80337 -4.7627 0.599991
    endloop
  endfacet
  facet normal 0.757201 0.653182 0
    outer loop
      vertex 5.80337 4.7627 3.39999
      vertex 5.56268 5.04172 0.599991
      vertex 5.56268 5.04172 3.39999
    endloop
  endfacet
  facet normal 0.757201 0.653182 0
    outer loop
      vertex 5.56268 5.04172 0.599991
      vertex 5.80337 4.7627 3.39999
      vertex 5.80337 4.7627 0.599991
    endloop
  endfacet
  facet normal -0.55753 0.435085 -0.707009
    outer loop
      vertex -5.54814 4.11478 0
      vertex -5.80337 4.7627 0.599991
      vertex -5.33956 4.38206 0
    endloop
  endfacet
  facet normal -0.0173498 0.706994 -0.707007
    outer loop
      vertex -0.338934 6.89917 0
      vertex -0.368375 7.49845 0.599991
      vertex 0 7.50749 0.599991
    endloop
  endfacet
  facet normal -0.597477 -0.378369 -0.707006
    outer loop
      vertex -5.74336 -3.83759 0
      vertex -6.43939 -3.85962 0.599991
      vertex -5.92475 -3.55116 0
    endloop
  endfacet
  facet normal 0.646531 0.28659 -0.707011
    outer loop
      vertex 6.93602 2.87299 0.599991
      vertex 6.24429 2.95333 0
      vertex 6.78669 3.20987 0.599991
    endloop
  endfacet
  facet normal -0.631697 -0.317955 -0.70701
    outer loop
      vertex -6.09186 -3.25617 0
      vertex -6.62102 -3.53901 0.599991
      vertex -6.24429 -2.95333 0
    endloop
  endfacet
  facet normal 0.705301 0.0520308 0.706996
    outer loop
      vertex 7.47134 0.735863 3.39999
      vertex 6.89917 0.338934 4
      vertex 7.49845 0.368375 3.39999
    endloop
  endfacet
  facet normal 0.992479 0.122419 0
    outer loop
      vertex 7.47134 0.735863 3.39999
      vertex 7.42623 1.10158 0.599991
      vertex 7.42623 1.10158 3.39999
    endloop
  endfacet
  facet normal 0.992479 0.122419 0
    outer loop
      vertex 7.42623 1.10158 0.599991
      vertex 7.47134 0.735863 3.39999
      vertex 7.47134 0.735863 0.599991
    endloop
  endfacet
  facet normal 0.681589 0.18862 -0.707007
    outer loop
      vertex 7.2825 1.82417 0.599991
      vertex 6.70048 1.67838 0
      vertex 7.18422 2.17931 0.599991
    endloop
  endfacet
  facet normal 0.18863 0.681596 0.706998
    outer loop
      vertex 2.17931 7.18422 3.39999
      vertex 1.67838 6.70048 4
      vertex 2.00514 6.61005 4
    endloop
  endfacet
  facet normal 0.707006 0.0173553 0.706994
    outer loop
      vertex 7.50749 0 3.39999
      vertex 6.89917 0.338934 4
      vertex 6.90749 0 4
    endloop
  endfacet
  facet normal 0.120902 0.696791 -0.707011
    outer loop
      vertex 1.34758 6.77476 0
      vertex 1.01354 6.83272 0
      vertex 1.46464 7.36324 0.599991
    endloop
  endfacet
  facet normal 0.154959 -0.690021 -0.707007
    outer loop
      vertex 1.82417 -7.2825 0.599991
      vertex 1.46464 -7.36324 0.599991
      vertex 1.67838 -6.70048 0
    endloop
  endfacet
  facet normal 0.55753 0.435085 -0.707009
    outer loop
      vertex 5.54814 4.11478 0
      vertex 5.33956 4.38206 0
      vertex 5.80337 4.7627 0.599991
    endloop
  endfacet
  facet normal 0.0520444 -0.705296 0.707
    outer loop
      vertex 0.677052 -6.87422 4
      vertex 0.338934 -6.89917 4
      vertex 0.735863 -7.47134 3.39999
    endloop
  endfacet
  facet normal -0.221845 0.67152 0.706997
    outer loop
      vertex -2.17931 7.18422 3.39999
      vertex -2.32706 6.5037 4
      vertex -2.00514 6.61005 4
    endloop
  endfacet
  facet normal -0.120904 -0.696802 0.707
    outer loop
      vertex -1.34758 -6.77476 4
      vertex -1.46464 -7.36324 3.39999
      vertex -1.01354 -6.83272 4
    endloop
  endfacet
  facet normal 0.221844 -0.67152 0.706998
    outer loop
      vertex 2.32706 -6.5037 4
      vertex 2.17931 -7.18422 3.39999
      vertex 2.5292 -7.06863 3.39999
    endloop
  endfacet
  facet normal 0.317958 -0.631695 -0.707011
    outer loop
      vertex 3.20987 -6.78669 0.599991
      vertex 2.95333 -6.24429 0
      vertex 3.53901 -6.62102 0.599991
    endloop
  endfacet
  facet normal -0.615326 -0.348591 -0.707007
    outer loop
      vertex -6.43939 -3.85962 0.599991
      vertex -6.62102 -3.53901 0.599991
      vertex -5.92475 -3.55116 0
    endloop
  endfacet
  facet normal 0.615326 -0.348591 -0.707007
    outer loop
      vertex 6.43939 -3.85962 0.599991
      vertex 5.92475 -3.55116 0
      vertex 6.62102 -3.53901 0.599991
    endloop
  endfacet
  facet normal 0.646531 -0.286585 -0.707012
    outer loop
      vertex 6.93602 -2.87299 0.599991
      vertex 6.24429 -2.95333 0
      vertex 6.38168 -2.64338 0
    endloop
  endfacet
  facet normal 0.844855 -0.534995 0
    outer loop
      vertex 6.24225 -4.17094 3.39999
      vertex 6.43939 -3.85962 0.599991
      vertex 6.43939 -3.85962 3.39999
    endloop
  endfacet
  facet normal 0.844855 -0.534995 0
    outer loop
      vertex 6.43939 -3.85962 0.599991
      vertex 6.24225 -4.17094 3.39999
      vertex 6.24225 -4.17094 0.599991
    endloop
  endfacet
  facet normal 0.659812 -0.254522 -0.707012
    outer loop
      vertex 6.93602 -2.87299 0.599991
      vertex 6.38168 -2.64338 0
      vertex 6.5037 -2.32706 0
    endloop
  endfacet
  facet normal -0.0865754 0.701886 -0.707008
    outer loop
      vertex -1.01354 6.83272 0
      vertex -1.10158 7.42623 0.599991
      vertex -0.735863 7.47134 0.599991
    endloop
  endfacet
  facet normal 0.963776 -0.266712 0
    outer loop
      vertex 7.18422 -2.17931 3.39999
      vertex 7.2825 -1.82417 0.599991
      vertex 7.2825 -1.82417 3.39999
    endloop
  endfacet
  facet normal 0.963776 -0.266712 0
    outer loop
      vertex 7.2825 -1.82417 0.599991
      vertex 7.18422 -2.17931 3.39999
      vertex 7.18422 -2.17931 0.599991
    endloop
  endfacet
  facet normal 0.646531 -0.28659 -0.707011
    outer loop
      vertex 6.78669 -3.20987 0.599991
      vertex 6.24429 -2.95333 0
      vertex 6.93602 -2.87299 0.599991
    endloop
  endfacet
  facet normal -0.696796 0.120892 -0.707008
    outer loop
      vertex -6.83272 1.01354 0
      vertex -7.42623 1.10158 0.599991
      vertex -7.36324 1.46464 0.599991
    endloop
  endfacet
  facet normal 0.435092 -0.55752 -0.707012
    outer loop
      vertex 4.47221 -6.03007 0.599991
      vertex 4.11478 -5.54814 0
      vertex 4.7627 -5.80337 0.599991
    endloop
  endfacet
  facet normal 0.28659 -0.646531 -0.707011
    outer loop
      vertex 3.20987 -6.78669 0.599991
      vertex 2.87299 -6.93602 0.599991
      vertex 2.95333 -6.24429 0
    endloop
  endfacet
  facet normal 0.575811 -0.817583 0
    outer loop
      vertex 4.17094 -6.24225 0.599991
      vertex 4.47221 -6.03007 3.39999
      vertex 4.17094 -6.24225 3.39999
    endloop
  endfacet
  facet normal 0.575811 -0.817583 0
    outer loop
      vertex 4.47221 -6.03007 3.39999
      vertex 4.17094 -6.24225 0.599991
      vertex 4.47221 -6.03007 0.599991
    endloop
  endfacet
  facet normal -0.690021 -0.154959 -0.707007
    outer loop
      vertex -7.2825 -1.82417 0.599991
      vertex -7.36324 -1.46464 0.599991
      vertex -6.70048 -1.67838 0
    endloop
  endfacet
  facet normal 0.378349 -0.597483 -0.707012
    outer loop
      vertex 3.85962 -6.43939 0.599991
      vertex 3.83759 -5.74336 0
      vertex 4.17094 -6.24225 0.599991
    endloop
  endfacet
  facet normal -0.985281 0.170944 0
    outer loop
      vertex -7.42623 1.10158 0.599991
      vertex -7.36324 1.46464 3.39999
      vertex -7.36324 1.46464 0.599991
    endloop
  endfacet
  facet normal -0.985281 0.170944 0
    outer loop
      vertex -7.36324 1.46464 3.39999
      vertex -7.42623 1.10158 0.599991
      vertex -7.42623 1.10158 3.39999
    endloop
  endfacet
  facet normal -0.992479 0.122419 0
    outer loop
      vertex -7.47134 0.735863 0.599991
      vertex -7.42623 1.10158 3.39999
      vertex -7.42623 1.10158 0.599991
    endloop
  endfacet
  facet normal -0.992479 0.122419 0
    outer loop
      vertex -7.42623 1.10158 3.39999
      vertex -7.47134 0.735863 0.599991
      vertex -7.47134 0.735863 3.39999
    endloop
  endfacet
  facet normal -0.67152 0.221844 0.706998
    outer loop
      vertex -7.06863 2.5292 3.39999
      vertex -7.18422 2.17931 3.39999
      vertex -6.5037 2.32706 4
    endloop
  endfacet
  facet normal -0.65983 0.254516 0.706998
    outer loop
      vertex -6.93602 2.87299 3.39999
      vertex -7.06863 2.5292 3.39999
      vertex -6.5037 2.32706 4
    endloop
  endfacet
  facet normal 0.615338 0.348585 0.706999
    outer loop
      vertex 6.62102 3.53901 3.39999
      vertex 5.92475 3.55116 4
      vertex 6.09186 3.25617 4
    endloop
  endfacet
  facet normal -0.615336 0.348596 0.706995
    outer loop
      vertex -6.43939 3.85962 3.39999
      vertex -6.62102 3.53901 3.39999
      vertex -5.92475 3.55116 4
    endloop
  endfacet
  facet normal -0.631705 0.317963 0.707
    outer loop
      vertex -6.62102 3.53901 3.39999
      vertex -6.78669 3.20987 3.39999
      vertex -6.24429 2.95333 4
    endloop
  endfacet
  facet normal -0.597492 0.378355 0.707001
    outer loop
      vertex -6.24225 4.17094 3.39999
      vertex -6.43939 3.85962 3.39999
      vertex -5.74336 3.83759 4
    endloop
  endfacet
  facet normal -0.461938 0.53551 0.706996
    outer loop
      vertex -4.38206 5.33956 4
      vertex -5.04172 5.56268 3.39999
      vertex -4.63878 5.11811 4
    endloop
  endfacet
  facet normal -0.65982 -0.254512 -0.707009
    outer loop
      vertex -6.93602 -2.87299 0.599991
      vertex -7.06863 -2.5292 0.599991
      vertex -6.5037 -2.32706 0
    endloop
  endfacet
  facet normal 0.578196 0.407213 -0.707012
    outer loop
      vertex 5.74336 3.83759 0
      vertex 5.54814 4.11478 0
      vertex 6.24225 4.17094 0.599991
    endloop
  endfacet
  facet normal -0.407213 0.578196 -0.707012
    outer loop
      vertex -4.11478 5.54814 0
      vertex -4.17094 6.24225 0.599991
      vertex -3.83759 5.74336 0
    endloop
  endfacet
  facet normal 0.286585 0.646531 -0.707012
    outer loop
      vertex 2.95333 6.24429 0
      vertex 2.64338 6.38168 0
      vertex 2.87299 6.93602 0.599991
    endloop
  endfacet
  facet normal 0.6816 0.188623 0.706995
    outer loop
      vertex 7.18422 2.17931 3.39999
      vertex 6.70048 1.67838 4
      vertex 7.2825 1.82417 3.39999
    endloop
  endfacet
  facet normal 0.690032 0.154961 0.706995
    outer loop
      vertex 7.2825 1.82417 3.39999
      vertex 6.70048 1.67838 4
      vertex 7.36324 1.46464 3.39999
    endloop
  endfacet
  facet normal 0.575811 0.817583 -0
    outer loop
      vertex 4.47221 6.03007 0.599991
      vertex 4.17094 6.24225 3.39999
      vertex 4.47221 6.03007 3.39999
    endloop
  endfacet
  facet normal 0.575811 0.817583 0
    outer loop
      vertex 4.17094 6.24225 3.39999
      vertex 4.47221 6.03007 0.599991
      vertex 4.17094 6.24225 0.599991
    endloop
  endfacet
  facet normal 0.512201 0.48765 0.706999
    outer loop
      vertex 5.3086 5.3086 3.39999
      vertex 4.88433 4.88433 4
      vertex 5.11811 4.63878 4
    endloop
  endfacet
  facet normal 0.0520308 0.705301 0.706996
    outer loop
      vertex 0.368375 7.49845 3.39999
      vertex 0.338934 6.89917 4
      vertex 0.735863 7.47134 3.39999
    endloop
  endfacet
  facet normal -0.34858 -0.615329 -0.70701
    outer loop
      vertex -3.53901 -6.62102 0.599991
      vertex -3.55116 -5.92475 0
      vertex -3.25617 -6.09186 0
    endloop
  endfacet
  facet normal 0.154961 0.690032 0.706995
    outer loop
      vertex 1.82417 7.2825 3.39999
      vertex 1.46464 7.36324 3.39999
      vertex 1.67838 6.70048 4
    endloop
  endfacet
  facet normal 0.348596 0.615336 0.706995
    outer loop
      vertex 3.85962 6.43939 3.39999
      vertex 3.53901 6.62102 3.39999
      vertex 3.55116 5.92475 4
    endloop
  endfacet
  facet normal 0.221841 0.67151 -0.707009
    outer loop
      vertex 2.32706 6.5037 0
      vertex 2.00514 6.61005 0
      vertex 2.17931 7.18422 0.599991
    endloop
  endfacet
  facet normal 0.696802 -0.120904 0.707
    outer loop
      vertex 6.83272 -1.01354 4
      vertex 6.77476 -1.34758 4
      vertex 7.36324 -1.46464 3.39999
    endloop
  endfacet
  facet normal -0.435085 -0.55753 -0.707009
    outer loop
      vertex -4.11478 -5.54814 0
      vertex -4.7627 -5.80337 0.599991
      vertex -4.38206 -5.33956 0
    endloop
  endfacet
  facet normal -0.154942 -0.69002 -0.707011
    outer loop
      vertex -1.46464 -7.36324 0.599991
      vertex -1.67838 -6.70048 0
      vertex -1.34758 -6.77476 0
    endloop
  endfacet
  facet normal 0.286589 -0.646542 0.707001
    outer loop
      vertex 2.95333 -6.24429 4
      vertex 2.64338 -6.38168 4
      vertex 2.87299 -6.93602 3.39999
    endloop
  endfacet
  facet normal 0.31796 0.631707 0.706999
    outer loop
      vertex 3.53901 6.62102 3.39999
      vertex 2.95333 6.24429 4
      vertex 3.25617 6.09186 4
    endloop
  endfacet
  facet normal -0.0865767 0.701897 0.706997
    outer loop
      vertex -0.735863 7.47134 3.39999
      vertex -1.10158 7.42623 3.39999
      vertex -1.01354 6.83272 4
    endloop
  endfacet
  facet normal -0.378355 0.597492 0.707001
    outer loop
      vertex -3.85962 6.43939 3.39999
      vertex -4.17094 6.24225 3.39999
      vertex -3.83759 5.74336 4
    endloop
  endfacet
  facet normal 0.221844 0.67152 0.706998
    outer loop
      vertex 2.5292 7.06863 3.39999
      vertex 2.17931 7.18422 3.39999
      vertex 2.32706 6.5037 4
    endloop
  endfacet
  facet normal -0.0173553 -0.707006 0.706994
    outer loop
      vertex 0 -6.90749 4
      vertex -0.338934 -6.89917 4
      vertex 0 -7.50749 3.39999
    endloop
  endfacet
  facet normal -0.48765 0.512201 0.706999
    outer loop
      vertex -4.63878 5.11811 4
      vertex -5.3086 5.3086 3.39999
      vertex -4.88433 4.88433 4
    endloop
  endfacet
  facet normal 0.435099 0.557529 0.707001
    outer loop
      vertex 4.47221 6.03007 3.39999
      vertex 4.11478 5.54814 4
      vertex 4.7627 5.80337 3.39999
    endloop
  endfacet
  facet normal 0.992479 -0.122419 0
    outer loop
      vertex 7.42623 -1.10158 3.39999
      vertex 7.47134 -0.735863 0.599991
      vertex 7.47134 -0.735863 3.39999
    endloop
  endfacet
  facet normal 0.992479 -0.122419 0
    outer loop
      vertex 7.47134 -0.735863 0.599991
      vertex 7.42623 -1.10158 3.39999
      vertex 7.42623 -1.10158 0.599991
    endloop
  endfacet
  facet normal -0.701884 0.0865654 -0.707011
    outer loop
      vertex -6.87422 0.677052 0
      vertex -7.47134 0.735863 0.599991
      vertex -6.83272 1.01354 0
    endloop
  endfacet
  facet normal -0.254522 -0.659812 -0.707012
    outer loop
      vertex -2.32706 -6.5037 0
      vertex -2.87299 -6.93602 0.599991
      vertex -2.64338 -6.38168 0
    endloop
  endfacet
  facet normal -0.461933 0.535496 -0.707009
    outer loop
      vertex -4.38206 5.33956 0
      vertex -5.04172 5.56268 0.599991
      vertex -4.7627 5.80337 0.599991
    endloop
  endfacet
  facet normal -0.18862 -0.681589 -0.707007
    outer loop
      vertex -1.82417 -7.2825 0.599991
      vertex -2.17931 -7.18422 0.599991
      vertex -1.67838 -6.70048 0
    endloop
  endfacet
  facet normal -0.154959 -0.690021 -0.707007
    outer loop
      vertex -1.46464 -7.36324 0.599991
      vertex -1.82417 -7.2825 0.599991
      vertex -1.67838 -6.70048 0
    endloop
  endfacet
  facet normal -0.359885 -0.932997 0
    outer loop
      vertex -2.87299 -6.93602 0.599991
      vertex -2.5292 -7.06863 3.39999
      vertex -2.87299 -6.93602 3.39999
    endloop
  endfacet
  facet normal -0.359885 -0.932997 -0
    outer loop
      vertex -2.5292 -7.06863 3.39999
      vertex -2.87299 -6.93602 0.599991
      vertex -2.5292 -7.06863 0.599991
    endloop
  endfacet
  facet normal -0.221841 0.67151 -0.707009
    outer loop
      vertex -2.00514 6.61005 0
      vertex -2.32706 6.5037 0
      vertex -2.17931 7.18422 0.599991
    endloop
  endfacet
  facet normal -0.659812 0.254522 -0.707012
    outer loop
      vertex -6.5037 2.32706 0
      vertex -6.93602 2.87299 0.599991
      vertex -6.38168 2.64338 0
    endloop
  endfacet
  facet normal 0.615326 0.348591 -0.707007
    outer loop
      vertex 6.62102 3.53901 0.599991
      vertex 5.92475 3.55116 0
      vertex 6.43939 3.85962 0.599991
    endloop
  endfacet
  facet normal -0.317963 -0.631705 0.707
    outer loop
      vertex -2.95333 -6.24429 4
      vertex -3.53901 -6.62102 3.39999
      vertex -3.20987 -6.78669 3.39999
    endloop
  endfacet
  facet normal -0.46193 0.535501 -0.707007
    outer loop
      vertex -4.63878 5.11811 0
      vertex -5.04172 5.56268 0.599991
      vertex -4.38206 5.33956 0
    endloop
  endfacet
  facet normal -0.461938 -0.53551 0.706996
    outer loop
      vertex -4.63878 -5.11811 4
      vertex -5.04172 -5.56268 3.39999
      vertex -4.38206 -5.33956 4
    endloop
  endfacet
  facet normal -0.487644 -0.512211 0.706996
    outer loop
      vertex -4.63878 -5.11811 4
      vertex -5.3086 -5.3086 3.39999
      vertex -5.04172 -5.56268 3.39999
    endloop
  endfacet
  facet normal -0.487636 -0.512202 -0.707007
    outer loop
      vertex -5.04172 -5.56268 0.599991
      vertex -5.3086 -5.3086 0.599991
      vertex -4.63878 -5.11811 0
    endloop
  endfacet
  facet normal -0.46193 -0.535501 -0.707007
    outer loop
      vertex -4.38206 -5.33956 0
      vertex -5.04172 -5.56268 0.599991
      vertex -4.63878 -5.11811 0
    endloop
  endfacet
  facet normal -0.461933 -0.535496 -0.707009
    outer loop
      vertex -4.7627 -5.80337 0.599991
      vertex -5.04172 -5.56268 0.599991
      vertex -4.38206 -5.33956 0
    endloop
  endfacet
  facet normal 0.512211 -0.487644 0.706996
    outer loop
      vertex 5.56268 -5.04172 3.39999
      vertex 5.11811 -4.63878 4
      vertex 5.3086 -5.3086 3.39999
    endloop
  endfacet
  facet normal -0.378375 -0.597486 0.706995
    outer loop
      vertex -3.83759 -5.74336 4
      vertex -3.85962 -6.43939 3.39999
      vertex -3.55116 -5.92475 4
    endloop
  endfacet
  facet normal -0.378355 -0.597492 0.707001
    outer loop
      vertex -3.83759 -5.74336 4
      vertex -4.17094 -6.24225 3.39999
      vertex -3.85962 -6.43939 3.39999
    endloop
  endfacet
  facet normal 0.597486 -0.378375 0.706995
    outer loop
      vertex 5.92475 -3.55116 4
      vertex 5.74336 -3.83759 4
      vertex 6.43939 -3.85962 3.39999
    endloop
  endfacet
  facet normal 0.435099 -0.557529 0.707001
    outer loop
      vertex 4.7627 -5.80337 3.39999
      vertex 4.11478 -5.54814 4
      vertex 4.47221 -6.03007 3.39999
    endloop
  endfacet
  facet normal 0.659823 0.254526 0.707001
    outer loop
      vertex 6.93602 2.87299 3.39999
      vertex 6.38168 2.64338 4
      vertex 6.5037 2.32706 4
    endloop
  endfacet
  facet normal -0.122419 -0.992479 0
    outer loop
      vertex -1.10158 -7.42623 0.599991
      vertex -0.735863 -7.47134 3.39999
      vertex -1.10158 -7.42623 3.39999
    endloop
  endfacet
  facet normal -0.122419 -0.992479 -0
    outer loop
      vertex -0.735863 -7.47134 3.39999
      vertex -1.10158 -7.42623 0.599991
      vertex -0.735863 -7.47134 0.599991
    endloop
  endfacet
  facet normal 0.221845 -0.67152 0.706997
    outer loop
      vertex 2.32706 -6.5037 4
      vertex 2.00514 -6.61005 4
      vertex 2.17931 -7.18422 3.39999
    endloop
  endfacet
  facet normal -0.0520308 -0.705301 0.706996
    outer loop
      vertex -0.338934 -6.89917 4
      vertex -0.735863 -7.47134 3.39999
      vertex -0.368375 -7.49845 3.39999
    endloop
  endfacet
  facet normal -0.89323 0.4496 0
    outer loop
      vertex -6.78669 3.20987 0.599991
      vertex -6.62102 3.53901 3.39999
      vertex -6.62102 3.53901 0.599991
    endloop
  endfacet
  facet normal -0.89323 0.4496 0
    outer loop
      vertex -6.62102 3.53901 3.39999
      vertex -6.78669 3.20987 0.599991
      vertex -6.78669 3.20987 3.39999
    endloop
  endfacet
  facet normal -0.696791 -0.120902 -0.707011
    outer loop
      vertex -6.77476 -1.34758 0
      vertex -7.36324 -1.46464 0.599991
      vertex -6.83272 -1.01354 0
    endloop
  endfacet
  facet normal 0.705285 0.0520435 -0.707011
    outer loop
      vertex 6.89917 0.338934 0
      vertex 6.87422 0.677052 0
      vertex 7.47134 0.735863 0.599991
    endloop
  endfacet
  facet normal 0.696791 -0.120902 -0.707011
    outer loop
      vertex 7.36324 -1.46464 0.599991
      vertex 6.77476 -1.34758 0
      vertex 6.83272 -1.01354 0
    endloop
  endfacet
  facet normal 0.69002 -0.154942 -0.707011
    outer loop
      vertex 7.36324 -1.46464 0.599991
      vertex 6.70048 -1.67838 0
      vertex 6.77476 -1.34758 0
    endloop
  endfacet
  facet normal 0.615329 -0.34858 -0.70701
    outer loop
      vertex 6.62102 -3.53901 0.599991
      vertex 5.92475 -3.55116 0
      vertex 6.09186 -3.25617 0
    endloop
  endfacet
  facet normal -0.597483 0.378349 -0.707012
    outer loop
      vertex -5.74336 3.83759 0
      vertex -6.43939 3.85962 0.599991
      vertex -6.24225 4.17094 0.599991
    endloop
  endfacet
  facet normal 0.435085 0.55753 -0.707009
    outer loop
      vertex 4.38206 5.33956 0
      vertex 4.11478 5.54814 0
      vertex 4.7627 5.80337 0.599991
    endloop
  endfacet
  facet normal 0.659812 0.254522 -0.707012
    outer loop
      vertex 6.5037 2.32706 0
      vertex 6.38168 2.64338 0
      vertex 6.93602 2.87299 0.599991
    endloop
  endfacet
  facet normal -0.28659 0.646531 -0.707011
    outer loop
      vertex -2.95333 6.24429 0
      vertex -3.20987 6.78669 0.599991
      vertex -2.87299 6.93602 0.599991
    endloop
  endfacet
  facet normal -0.4496 0.89323 0
    outer loop
      vertex -3.20987 6.78669 0.599991
      vertex -3.53901 6.62102 3.39999
      vertex -3.20987 6.78669 3.39999
    endloop
  endfacet
  facet normal -0.4496 0.89323 0
    outer loop
      vertex -3.53901 6.62102 3.39999
      vertex -3.20987 6.78669 0.599991
      vertex -3.53901 6.62102 0.599991
    endloop
  endfacet
  facet normal -0.615231 0.788347 0
    outer loop
      vertex -4.47221 6.03007 0.599991
      vertex -4.7627 5.80337 3.39999
      vertex -4.47221 6.03007 3.39999
    endloop
  endfacet
  facet normal -0.615231 0.788347 0
    outer loop
      vertex -4.7627 5.80337 3.39999
      vertex -4.47221 6.03007 0.599991
      vertex -4.7627 5.80337 0.599991
    endloop
  endfacet
  facet normal -0.0520435 -0.705285 -0.707011
    outer loop
      vertex -0.338934 -6.89917 0
      vertex -0.735863 -7.47134 0.599991
      vertex -0.677052 -6.87422 0
    endloop
  endfacet
  facet normal -0.55753 -0.435085 -0.707009
    outer loop
      vertex -5.33956 -4.38206 0
      vertex -5.80337 -4.7627 0.599991
      vertex -5.54814 -4.11478 0
    endloop
  endfacet
  facet normal -0.017355 -0.706995 -0.707006
    outer loop
      vertex 0 -7.50749 0.599991
      vertex -0.338934 -6.89917 0
      vertex 0 -6.90749 0
    endloop
  endfacet
  facet normal -0.689525 0.724262 0
    outer loop
      vertex -5.04172 5.56268 0.599991
      vertex -5.3086 5.3086 3.39999
      vertex -5.04172 5.56268 3.39999
    endloop
  endfacet
  facet normal -0.689525 0.724262 0
    outer loop
      vertex -5.3086 5.3086 3.39999
      vertex -5.04172 5.56268 0.599991
      vertex -5.3086 5.3086 0.599991
    endloop
  endfacet
  facet normal -0.435092 -0.557539 0.706997
    outer loop
      vertex -4.38206 -5.33956 4
      vertex -4.7627 -5.80337 3.39999
      vertex -4.11478 -5.54814 4
    endloop
  endfacet
  facet normal -0.313687 0.949527 0
    outer loop
      vertex -2.17931 7.18422 0.599991
      vertex -2.5292 7.06863 3.39999
      vertex -2.17931 7.18422 3.39999
    endloop
  endfacet
  facet normal -0.313687 0.949527 0
    outer loop
      vertex -2.5292 7.06863 3.39999
      vertex -2.17931 7.18422 0.599991
      vertex -2.5292 7.06863 0.599991
    endloop
  endfacet
  facet normal 0.18863 -0.681596 0.706998
    outer loop
      vertex 2.00514 -6.61005 4
      vertex 1.67838 -6.70048 4
      vertex 2.17931 -7.18422 3.39999
    endloop
  endfacet
  facet normal 0.631707 0.31796 0.706999
    outer loop
      vertex 6.62102 3.53901 3.39999
      vertex 6.09186 3.25617 4
      vertex 6.24429 2.95333 4
    endloop
  endfacet
  facet normal 0.701897 -0.0865767 0.706997
    outer loop
      vertex 7.47134 -0.735863 3.39999
      vertex 6.83272 -1.01354 4
      vertex 7.42623 -1.10158 3.39999
    endloop
  endfacet
  facet normal 0.631707 -0.31796 0.706999
    outer loop
      vertex 6.24429 -2.95333 4
      vertex 6.09186 -3.25617 4
      vertex 6.62102 -3.53901 3.39999
    endloop
  endfacet
  facet normal 0.67151 -0.221841 -0.707009
    outer loop
      vertex 7.18422 -2.17931 0.599991
      vertex 6.5037 -2.32706 0
      vertex 6.61005 -2.00514 0
    endloop
  endfacet
  facet normal -0.120902 0.696791 -0.707011
    outer loop
      vertex -1.34758 6.77476 0
      vertex -1.46464 7.36324 0.599991
      vertex -1.01354 6.83272 0
    endloop
  endfacet
  facet normal -0.646531 -0.286585 -0.707012
    outer loop
      vertex -6.24429 -2.95333 0
      vertex -6.93602 -2.87299 0.599991
      vertex -6.38168 -2.64338 0
    endloop
  endfacet
  facet normal 0.0520435 -0.705285 -0.707011
    outer loop
      vertex 0.735863 -7.47134 0.599991
      vertex 0.338934 -6.89917 0
      vertex 0.677052 -6.87422 0
    endloop
  endfacet
  facet normal 0.348591 0.615326 -0.707007
    outer loop
      vertex 3.55116 5.92475 0
      vertex 3.53901 6.62102 0.599991
      vertex 3.85962 6.43939 0.599991
    endloop
  endfacet
  facet normal -0.017355 0.706995 -0.707006
    outer loop
      vertex 0 6.90749 0
      vertex -0.338934 6.89917 0
      vertex 0 7.50749 0.599991
    endloop
  endfacet
  facet normal -0.67151 -0.221841 -0.707009
    outer loop
      vertex -6.5037 -2.32706 0
      vertex -7.18422 -2.17931 0.599991
      vertex -6.61005 -2.00514 0
    endloop
  endfacet
  facet normal -0.0245328 0.999699 0
    outer loop
      vertex 0 7.50749 0.599991
      vertex -0.368375 7.49845 3.39999
      vertex 0 7.50749 3.39999
    endloop
  endfacet
  facet normal -0.0245328 0.999699 0
    outer loop
      vertex -0.368375 7.49845 3.39999
      vertex 0 7.50749 0.599991
      vertex -0.368375 7.49845 0.599991
    endloop
  endfacet
  facet normal 0.932997 0.359885 0
    outer loop
      vertex 7.06863 2.5292 3.39999
      vertex 6.93602 2.87299 0.599991
      vertex 6.93602 2.87299 3.39999
    endloop
  endfacet
  facet normal 0.932997 0.359885 0
    outer loop
      vertex 6.93602 2.87299 0.599991
      vertex 7.06863 2.5292 3.39999
      vertex 7.06863 2.5292 0.599991
    endloop
  endfacet
  facet normal 0.487642 0.512193 -0.70701
    outer loop
      vertex 4.88433 4.88433 0
      vertex 4.63878 5.11811 0
      vertex 5.3086 5.3086 0.599991
    endloop
  endfacet
  facet normal 0.348585 0.615338 0.706999
    outer loop
      vertex 3.53901 6.62102 3.39999
      vertex 3.25617 6.09186 4
      vertex 3.55116 5.92475 4
    endloop
  endfacet
  facet normal 0.707006 -0.0173553 0.706994
    outer loop
      vertex 6.90749 0 4
      vertex 6.89917 -0.338934 4
      vertex 7.50749 0 3.39999
    endloop
  endfacet
  facet normal 0.120902 -0.696791 -0.707011
    outer loop
      vertex 1.46464 -7.36324 0.599991
      vertex 1.01354 -6.83272 0
      vertex 1.34758 -6.77476 0
    endloop
  endfacet
  facet normal 0.154942 -0.69002 -0.707011
    outer loop
      vertex 1.46464 -7.36324 0.599991
      vertex 1.34758 -6.77476 0
      vertex 1.67838 -6.70048 0
    endloop
  endfacet
  facet normal 0.701886 -0.0865754 -0.707008
    outer loop
      vertex 7.42623 -1.10158 0.599991
      vertex 6.83272 -1.01354 0
      vertex 7.47134 -0.735863 0.599991
    endloop
  endfacet
  facet normal -0.348591 -0.615326 -0.707007
    outer loop
      vertex -3.53901 -6.62102 0.599991
      vertex -3.85962 -6.43939 0.599991
      vertex -3.55116 -5.92475 0
    endloop
  endfacet
  facet normal 0.18862 0.681589 -0.707007
    outer loop
      vertex 2.17931 7.18422 0.599991
      vertex 1.67838 6.70048 0
      vertex 1.82417 7.2825 0.599991
    endloop
  endfacet
  facet normal 0.0735712 -0.99729 0
    outer loop
      vertex 0.368375 -7.49845 0.599991
      vertex 0.735863 -7.47134 3.39999
      vertex 0.368375 -7.49845 3.39999
    endloop
  endfacet
  facet normal 0.0735712 -0.99729 0
    outer loop
      vertex 0.735863 -7.47134 3.39999
      vertex 0.368375 -7.49845 0.599991
      vertex 0.735863 -7.47134 0.599991
    endloop
  endfacet
  facet normal 0.0245328 -0.999699 0
    outer loop
      vertex 0 -7.50749 0.599991
      vertex 0.368375 -7.49845 3.39999
      vertex 0 -7.50749 3.39999
    endloop
  endfacet
  facet normal 0.0245328 -0.999699 0
    outer loop
      vertex 0.368375 -7.49845 3.39999
      vertex 0 -7.50749 0.599991
      vertex 0.368375 -7.49845 0.599991
    endloop
  endfacet
  facet normal 0.0865754 0.701886 -0.707008
    outer loop
      vertex 1.01354 6.83272 0
      vertex 0.735863 7.47134 0.599991
      vertex 1.10158 7.42623 0.599991
    endloop
  endfacet
  facet normal -0.696791 0.120902 -0.707011
    outer loop
      vertex -6.83272 1.01354 0
      vertex -7.36324 1.46464 0.599991
      vertex -6.77476 1.34758 0
    endloop
  endfacet
  facet normal 0.0865767 -0.701897 0.706997
    outer loop
      vertex 1.01354 -6.83272 4
      vertex 0.735863 -7.47134 3.39999
      vertex 1.10158 -7.42623 3.39999
    endloop
  endfacet
  facet normal -0.435092 0.557539 0.706997
    outer loop
      vertex -4.11478 5.54814 4
      vertex -4.7627 5.80337 3.39999
      vertex -4.38206 5.33956 4
    endloop
  endfacet
  facet normal -0.578205 0.40722 0.707001
    outer loop
      vertex -5.54814 4.11478 4
      vertex -6.24225 4.17094 3.39999
      vertex -5.74336 3.83759 4
    endloop
  endfacet
  facet normal -0.53551 0.461938 0.706996
    outer loop
      vertex -5.11811 4.63878 4
      vertex -5.56268 5.04172 3.39999
      vertex -5.33956 4.38206 4
    endloop
  endfacet
  facet normal 0.681596 0.18863 0.706998
    outer loop
      vertex 7.18422 2.17931 3.39999
      vertex 6.61005 2.00514 4
      vertex 6.70048 1.67838 4
    endloop
  endfacet
  facet normal 0.221841 -0.67151 -0.707009
    outer loop
      vertex 2.17931 -7.18422 0.599991
      vertex 2.00514 -6.61005 0
      vertex 2.32706 -6.5037 0
    endloop
  endfacet
  facet normal 0.817583 -0.575811 0
    outer loop
      vertex 6.03007 -4.47221 3.39999
      vertex 6.24225 -4.17094 0.599991
      vertex 6.24225 -4.17094 3.39999
    endloop
  endfacet
  facet normal 0.817583 -0.575811 0
    outer loop
      vertex 6.24225 -4.17094 0.599991
      vertex 6.03007 -4.47221 3.39999
      vertex 6.03007 -4.47221 0.599991
    endloop
  endfacet
  facet normal 0.870079 -0.492912 0
    outer loop
      vertex 6.43939 -3.85962 3.39999
      vertex 6.62102 -3.53901 0.599991
      vertex 6.62102 -3.53901 3.39999
    endloop
  endfacet
  facet normal 0.870079 -0.492912 0
    outer loop
      vertex 6.62102 -3.53901 0.599991
      vertex 6.43939 -3.85962 3.39999
      vertex 6.43939 -3.85962 0.599991
    endloop
  endfacet
  facet normal 0.597477 -0.378369 -0.707006
    outer loop
      vertex 6.43939 -3.85962 0.599991
      vertex 5.74336 -3.83759 0
      vertex 5.92475 -3.55116 0
    endloop
  endfacet
  facet normal -0.67151 0.221841 -0.707009
    outer loop
      vertex -6.61005 2.00514 0
      vertex -7.18422 2.17931 0.599991
      vertex -6.5037 2.32706 0
    endloop
  endfacet
  facet normal 0.696807 -0.120894 0.706997
    outer loop
      vertex 7.42623 -1.10158 3.39999
      vertex 6.83272 -1.01354 4
      vertex 7.36324 -1.46464 3.39999
    endloop
  endfacet
  facet normal 0.67152 -0.221844 0.706998
    outer loop
      vertex 7.18422 -2.17931 3.39999
      vertex 6.5037 -2.32706 4
      vertex 7.06863 -2.5292 3.39999
    endloop
  endfacet
  facet normal 0.65983 -0.254516 0.706998
    outer loop
      vertex 7.06863 -2.5292 3.39999
      vertex 6.5037 -2.32706 4
      vertex 6.93602 -2.87299 3.39999
    endloop
  endfacet
  facet normal 0.681589 -0.18862 -0.707007
    outer loop
      vertex 7.18422 -2.17931 0.599991
      vertex 6.70048 -1.67838 0
      vertex 7.2825 -1.82417 0.599991
    endloop
  endfacet
  facet normal 0.681585 -0.188627 -0.707009
    outer loop
      vertex 7.18422 -2.17931 0.599991
      vertex 6.61005 -2.00514 0
      vertex 6.70048 -1.67838 0
    endloop
  endfacet
  facet normal 0.535496 -0.461933 -0.707009
    outer loop
      vertex 5.56268 -5.04172 0.599991
      vertex 5.33956 -4.38206 0
      vertex 5.80337 -4.7627 0.599991
    endloop
  endfacet
  facet normal 0.724262 -0.689525 0
    outer loop
      vertex 5.3086 -5.3086 3.39999
      vertex 5.56268 -5.04172 0.599991
      vertex 5.56268 -5.04172 3.39999
    endloop
  endfacet
  facet normal 0.724262 -0.689525 0
    outer loop
      vertex 5.56268 -5.04172 0.599991
      vertex 5.3086 -5.3086 3.39999
      vertex 5.3086 -5.3086 0.599991
    endloop
  endfacet
  facet normal 0.407215 -0.578196 -0.707012
    outer loop
      vertex 4.17094 -6.24225 0.599991
      vertex 4.11478 -5.54814 0
      vertex 4.47221 -6.03007 0.599991
    endloop
  endfacet
  facet normal 0.461938 -0.53551 0.706996
    outer loop
      vertex 4.63878 -5.11811 4
      vertex 4.38206 -5.33956 4
      vertex 5.04172 -5.56268 3.39999
    endloop
  endfacet
  facet normal 0.487636 -0.512202 -0.707007
    outer loop
      vertex 5.04172 -5.56268 0.599991
      vertex 4.63878 -5.11811 0
      vertex 5.3086 -5.3086 0.599991
    endloop
  endfacet
  facet normal 0.653182 -0.757201 0
    outer loop
      vertex 4.7627 -5.80337 0.599991
      vertex 5.04172 -5.56268 3.39999
      vertex 4.7627 -5.80337 3.39999
    endloop
  endfacet
  facet normal 0.653182 -0.757201 0
    outer loop
      vertex 5.04172 -5.56268 3.39999
      vertex 4.7627 -5.80337 0.599991
      vertex 5.04172 -5.56268 0.599991
    endloop
  endfacet
  facet normal 0.461941 -0.535505 0.706997
    outer loop
      vertex 5.04172 -5.56268 3.39999
      vertex 4.38206 -5.33956 4
      vertex 4.7627 -5.80337 3.39999
    endloop
  endfacet
  facet normal 0.615231 -0.788347 0
    outer loop
      vertex 4.47221 -6.03007 0.599991
      vertex 4.7627 -5.80337 3.39999
      vertex 4.47221 -6.03007 3.39999
    endloop
  endfacet
  facet normal 0.615231 -0.788347 0
    outer loop
      vertex 4.7627 -5.80337 3.39999
      vertex 4.47221 -6.03007 0.599991
      vertex 4.7627 -5.80337 0.599991
    endloop
  endfacet
  facet normal -0.317955 -0.631697 -0.70701
    outer loop
      vertex -2.95333 -6.24429 0
      vertex -3.53901 -6.62102 0.599991
      vertex -3.25617 -6.09186 0
    endloop
  endfacet
  facet normal 0.534995 -0.844855 0
    outer loop
      vertex 3.85962 -6.43939 0.599991
      vertex 4.17094 -6.24225 3.39999
      vertex 3.85962 -6.43939 3.39999
    endloop
  endfacet
  facet normal 0.534995 -0.844855 0
    outer loop
      vertex 4.17094 -6.24225 3.39999
      vertex 3.85962 -6.43939 0.599991
      vertex 4.17094 -6.24225 0.599991
    endloop
  endfacet
  facet normal 0.254522 -0.659812 -0.707012
    outer loop
      vertex 2.87299 -6.93602 0.599991
      vertex 2.32706 -6.5037 0
      vertex 2.64338 -6.38168 0
    endloop
  endfacet
  facet normal -0.975699 0.219114 0
    outer loop
      vertex -7.36324 1.46464 0.599991
      vertex -7.2825 1.82417 3.39999
      vertex -7.2825 1.82417 0.599991
    endloop
  endfacet
  facet normal -0.975699 0.219114 0
    outer loop
      vertex -7.2825 1.82417 3.39999
      vertex -7.36324 1.46464 0.599991
      vertex -7.36324 1.46464 3.39999
    endloop
  endfacet
  facet normal -0.690021 0.154959 -0.707007
    outer loop
      vertex -6.70048 1.67838 0
      vertex -7.36324 1.46464 0.599991
      vertex -7.2825 1.82417 0.599991
    endloop
  endfacet
  facet normal -0.932997 0.359885 0
    outer loop
      vertex -7.06863 2.5292 0.599991
      vertex -6.93602 2.87299 3.39999
      vertex -6.93602 2.87299 0.599991
    endloop
  endfacet
  facet normal -0.932997 0.359885 0
    outer loop
      vertex -6.93602 2.87299 3.39999
      vertex -7.06863 2.5292 0.599991
      vertex -7.06863 2.5292 3.39999
    endloop
  endfacet
  facet normal -0.597477 0.378369 -0.707006
    outer loop
      vertex -5.92475 3.55116 0
      vertex -6.43939 3.85962 0.599991
      vertex -5.74336 3.83759 0
    endloop
  endfacet
  facet normal -0.615326 0.348591 -0.707007
    outer loop
      vertex -5.92475 3.55116 0
      vertex -6.62102 3.53901 0.599991
      vertex -6.43939 3.85962 0.599991
    endloop
  endfacet
  facet normal -0.817583 0.575811 0
    outer loop
      vertex -6.24225 4.17094 0.599991
      vertex -6.03007 4.47221 3.39999
      vertex -6.03007 4.47221 0.599991
    endloop
  endfacet
  facet normal -0.817583 0.575811 0
    outer loop
      vertex -6.03007 4.47221 3.39999
      vertex -6.24225 4.17094 0.599991
      vertex -6.24225 4.17094 3.39999
    endloop
  endfacet
  facet normal 0.70529 -0.05203 -0.707007
    outer loop
      vertex 7.47134 -0.735863 0.599991
      vertex 6.89917 -0.338934 0
      vertex 7.49845 -0.368375 0.599991
    endloop
  endfacet
  facet normal 0.706995 -0.017355 -0.707006
    outer loop
      vertex 7.50749 0 0.599991
      vertex 6.89917 -0.338934 0
      vertex 6.90749 0 0
    endloop
  endfacet
  facet normal -0.724262 0.689525 0
    outer loop
      vertex -5.56268 5.04172 0.599991
      vertex -5.3086 5.3086 3.39999
      vertex -5.3086 5.3086 0.599991
    endloop
  endfacet
  facet normal -0.724262 0.689525 0
    outer loop
      vertex -5.3086 5.3086 3.39999
      vertex -5.56268 5.04172 0.599991
      vertex -5.56268 5.04172 3.39999
    endloop
  endfacet
  facet normal -0.461941 0.535505 0.706997
    outer loop
      vertex -4.7627 5.80337 3.39999
      vertex -5.04172 5.56268 3.39999
      vertex -4.38206 5.33956 4
    endloop
  endfacet
  facet normal 0.46193 0.535501 -0.707007
    outer loop
      vertex 4.63878 5.11811 0
      vertex 4.38206 5.33956 0
      vertex 5.04172 5.56268 0.599991
    endloop
  endfacet
  facet normal 0.724262 0.689525 0
    outer loop
      vertex 5.56268 5.04172 3.39999
      vertex 5.3086 5.3086 0.599991
      vertex 5.3086 5.3086 3.39999
    endloop
  endfacet
  facet normal 0.724262 0.689525 0
    outer loop
      vertex 5.3086 5.3086 0.599991
      vertex 5.56268 5.04172 3.39999
      vertex 5.56268 5.04172 0.599991
    endloop
  endfacet
  facet normal 0.55752 0.435092 -0.707012
    outer loop
      vertex 6.03007 4.47221 0.599991
      vertex 5.54814 4.11478 0
      vertex 5.80337 4.7627 0.599991
    endloop
  endfacet
  facet normal 0.578196 0.407215 -0.707012
    outer loop
      vertex 6.24225 4.17094 0.599991
      vertex 5.54814 4.11478 0
      vertex 6.03007 4.47221 0.599991
    endloop
  endfacet
  facet normal -0.535501 -0.46193 -0.707007
    outer loop
      vertex -5.11811 -4.63878 0
      vertex -5.56268 -5.04172 0.599991
      vertex -5.33956 -4.38206 0
    endloop
  endfacet
  facet normal -0.487642 -0.512193 -0.70701
    outer loop
      vertex -4.63878 -5.11811 0
      vertex -5.3086 -5.3086 0.599991
      vertex -4.88433 -4.88433 0
    endloop
  endfacet
  facet normal 0.34858 0.615329 -0.70701
    outer loop
      vertex 3.55116 5.92475 0
      vertex 3.25617 6.09186 0
      vertex 3.53901 6.62102 0.599991
    endloop
  endfacet
  facet normal 0.317958 0.631695 -0.707011
    outer loop
      vertex 3.53901 6.62102 0.599991
      vertex 2.95333 6.24429 0
      vertex 3.20987 6.78669 0.599991
    endloop
  endfacet
  facet normal -0.378369 -0.597477 -0.707006
    outer loop
      vertex -3.55116 -5.92475 0
      vertex -3.85962 -6.43939 0.599991
      vertex -3.83759 -5.74336 0
    endloop
  endfacet
  facet normal 0.407215 0.578196 -0.707012
    outer loop
      vertex 4.47221 6.03007 0.599991
      vertex 4.11478 5.54814 0
      vertex 4.17094 6.24225 0.599991
    endloop
  endfacet
  facet normal 0.48765 0.512201 0.706999
    outer loop
      vertex 5.3086 5.3086 3.39999
      vertex 4.63878 5.11811 4
      vertex 4.88433 4.88433 4
    endloop
  endfacet
  facet normal 0.461941 0.535505 0.706997
    outer loop
      vertex 4.7627 5.80337 3.39999
      vertex 4.38206 5.33956 4
      vertex 5.04172 5.56268 3.39999
    endloop
  endfacet
  facet normal 0.05203 0.70529 -0.707007
    outer loop
      vertex 0.735863 7.47134 0.599991
      vertex 0.338934 6.89917 0
      vertex 0.368375 7.49845 0.599991
    endloop
  endfacet
  facet normal 0.0173498 0.706994 -0.707007
    outer loop
      vertex 0.338934 6.89917 0
      vertex 0 7.50749 0.599991
      vertex 0.368375 7.49845 0.599991
    endloop
  endfacet
  facet normal 0.154959 0.690021 -0.707007
    outer loop
      vertex 1.67838 6.70048 0
      vertex 1.46464 7.36324 0.599991
      vertex 1.82417 7.2825 0.599991
    endloop
  endfacet
  facet normal -0.706995 -0.017355 -0.707006
    outer loop
      vertex -6.89917 -0.338934 0
      vertex -7.50749 0 0.599991
      vertex -6.90749 0 0
    endloop
  endfacet
  facet normal -0.615329 -0.34858 -0.70701
    outer loop
      vertex -5.92475 -3.55116 0
      vertex -6.62102 -3.53901 0.599991
      vertex -6.09186 -3.25617 0
    endloop
  endfacet
  facet normal 0.317963 0.631705 0.707
    outer loop
      vertex 3.20987 6.78669 3.39999
      vertex 2.95333 6.24429 4
      vertex 3.53901 6.62102 3.39999
    endloop
  endfacet
  facet normal 0.4496 0.89323 -0
    outer loop
      vertex 3.53901 6.62102 0.599991
      vertex 3.20987 6.78669 3.39999
      vertex 3.53901 6.62102 3.39999
    endloop
  endfacet
  facet normal 0.4496 0.89323 0
    outer loop
      vertex 3.20987 6.78669 3.39999
      vertex 3.53901 6.62102 0.599991
      vertex 3.20987 6.78669 0.599991
    endloop
  endfacet
  facet normal -0.40722 -0.578205 0.707001
    outer loop
      vertex -4.11478 -5.54814 4
      vertex -4.17094 -6.24225 3.39999
      vertex -3.83759 -5.74336 4
    endloop
  endfacet
  facet normal 0.535505 -0.461941 0.706997
    outer loop
      vertex 5.80337 -4.7627 3.39999
      vertex 5.33956 -4.38206 4
      vertex 5.56268 -5.04172 3.39999
    endloop
  endfacet
  facet normal 0.701896 -0.0865667 0.707
    outer loop
      vertex 6.87422 -0.677052 4
      vertex 6.83272 -1.01354 4
      vertex 7.47134 -0.735863 3.39999
    endloop
  endfacet
  facet normal -0.170944 0.985281 0
    outer loop
      vertex -1.10158 7.42623 0.599991
      vertex -1.46464 7.36324 3.39999
      vertex -1.10158 7.42623 3.39999
    endloop
  endfacet
  facet normal -0.170944 0.985281 0
    outer loop
      vertex -1.46464 7.36324 3.39999
      vertex -1.10158 7.42623 0.599991
      vertex -1.46464 7.36324 0.599991
    endloop
  endfacet
  facet normal -0.120894 0.696807 0.706997
    outer loop
      vertex -1.10158 7.42623 3.39999
      vertex -1.46464 7.36324 3.39999
      vertex -1.01354 6.83272 4
    endloop
  endfacet
  facet normal 0.53551 -0.461938 0.706996
    outer loop
      vertex 5.33956 -4.38206 4
      vertex 5.11811 -4.63878 4
      vertex 5.56268 -5.04172 3.39999
    endloop
  endfacet
  facet normal -0.31796 -0.631707 0.706999
    outer loop
      vertex -3.25617 -6.09186 4
      vertex -3.53901 -6.62102 3.39999
      vertex -2.95333 -6.24429 4
    endloop
  endfacet
  facet normal 0.985281 -0.170944 0
    outer loop
      vertex 7.36324 -1.46464 3.39999
      vertex 7.42623 -1.10158 0.599991
      vertex 7.42623 -1.10158 3.39999
    endloop
  endfacet
  facet normal 0.985281 -0.170944 0
    outer loop
      vertex 7.42623 -1.10158 0.599991
      vertex 7.36324 -1.46464 3.39999
      vertex 7.36324 -1.46464 0.599991
    endloop
  endfacet
  facet normal 0.512202 0.487636 -0.707007
    outer loop
      vertex 5.56268 5.04172 0.599991
      vertex 5.11811 4.63878 0
      vertex 5.3086 5.3086 0.599991
    endloop
  endfacet
  facet normal 0.706994 0.0173498 -0.707007
    outer loop
      vertex 7.50749 0 0.599991
      vertex 6.89917 0.338934 0
      vertex 7.49845 0.368375 0.599991
    endloop
  endfacet
  facet normal 0.70529 0.05203 -0.707007
    outer loop
      vertex 7.49845 0.368375 0.599991
      vertex 6.89917 0.338934 0
      vertex 7.47134 0.735863 0.599991
    endloop
  endfacet
  facet normal -0.631695 -0.317958 -0.707011
    outer loop
      vertex -6.62102 -3.53901 0.599991
      vertex -6.78669 -3.20987 0.599991
      vertex -6.24429 -2.95333 0
    endloop
  endfacet
  facet normal -0.154961 -0.690032 0.706995
    outer loop
      vertex -1.67838 -6.70048 4
      vertex -1.82417 -7.2825 3.39999
      vertex -1.46464 -7.36324 3.39999
    endloop
  endfacet
  facet normal -0.535501 0.46193 -0.707007
    outer loop
      vertex -5.33956 4.38206 0
      vertex -5.56268 5.04172 0.599991
      vertex -5.11811 4.63878 0
    endloop
  endfacet
  facet normal -0.487642 0.512193 -0.70701
    outer loop
      vertex -4.88433 4.88433 0
      vertex -5.3086 5.3086 0.599991
      vertex -4.63878 5.11811 0
    endloop
  endfacet
  facet normal -0.69002 -0.154942 -0.707011
    outer loop
      vertex -6.70048 -1.67838 0
      vertex -7.36324 -1.46464 0.599991
      vertex -6.77476 -1.34758 0
    endloop
  endfacet
  facet normal -0.317958 -0.631695 -0.707011
    outer loop
      vertex -3.20987 -6.78669 0.599991
      vertex -3.53901 -6.62102 0.599991
      vertex -2.95333 -6.24429 0
    endloop
  endfacet
  facet normal -0.28659 -0.646531 -0.707011
    outer loop
      vertex -2.87299 -6.93602 0.599991
      vertex -3.20987 -6.78669 0.599991
      vertex -2.95333 -6.24429 0
    endloop
  endfacet
  facet normal -0.407215 -0.578196 -0.707012
    outer loop
      vertex -4.17094 -6.24225 0.599991
      vertex -4.47221 -6.03007 0.599991
      vertex -4.11478 -5.54814 0
    endloop
  endfacet
  facet normal -0.615231 -0.788347 0
    outer loop
      vertex -4.7627 -5.80337 0.599991
      vertex -4.47221 -6.03007 3.39999
      vertex -4.7627 -5.80337 3.39999
    endloop
  endfacet
  facet normal -0.615231 -0.788347 -0
    outer loop
      vertex -4.47221 -6.03007 3.39999
      vertex -4.7627 -5.80337 0.599991
      vertex -4.47221 -6.03007 0.599991
    endloop
  endfacet
  facet normal -0.817583 -0.575811 0
    outer loop
      vertex -6.03007 -4.47221 0.599991
      vertex -6.24225 -4.17094 3.39999
      vertex -6.24225 -4.17094 0.599991
    endloop
  endfacet
  facet normal -0.817583 -0.575811 0
    outer loop
      vertex -6.24225 -4.17094 3.39999
      vertex -6.03007 -4.47221 0.599991
      vertex -6.03007 -4.47221 3.39999
    endloop
  endfacet
  facet normal -0.646531 0.286585 -0.707012
    outer loop
      vertex -6.38168 2.64338 0
      vertex -6.93602 2.87299 0.599991
      vertex -6.24429 2.95333 0
    endloop
  endfacet
  facet normal 0.696796 -0.120892 -0.707008
    outer loop
      vertex 7.36324 -1.46464 0.599991
      vertex 6.83272 -1.01354 0
      vertex 7.42623 -1.10158 0.599991
    endloop
  endfacet
  facet normal -0.405244 -0.914208 0
    outer loop
      vertex -3.20987 -6.78669 0.599991
      vertex -2.87299 -6.93602 3.39999
      vertex -3.20987 -6.78669 3.39999
    endloop
  endfacet
  facet normal -0.405244 -0.914208 -0
    outer loop
      vertex -2.87299 -6.93602 3.39999
      vertex -3.20987 -6.78669 0.599991
      vertex -2.87299 -6.93602 0.599991
    endloop
  endfacet
  facet normal 0.615338 -0.348585 0.706999
    outer loop
      vertex 6.09186 -3.25617 4
      vertex 5.92475 -3.55116 4
      vertex 6.62102 -3.53901 3.39999
    endloop
  endfacet
  facet normal -0.0173498 -0.706994 -0.707007
    outer loop
      vertex 0 -7.50749 0.599991
      vertex -0.368375 -7.49845 0.599991
      vertex -0.338934 -6.89917 0
    endloop
  endfacet
  facet normal -0.0245328 -0.999699 0
    outer loop
      vertex -0.368375 -7.49845 0.599991
      vertex 0 -7.50749 3.39999
      vertex -0.368375 -7.49845 3.39999
    endloop
  endfacet
  facet normal -0.0245328 -0.999699 -0
    outer loop
      vertex 0 -7.50749 3.39999
      vertex -0.368375 -7.49845 0.599991
      vertex 0 -7.50749 0.599991
    endloop
  endfacet
  facet normal -0.512193 0.487642 -0.70701
    outer loop
      vertex -5.11811 4.63878 0
      vertex -5.3086 5.3086 0.599991
      vertex -4.88433 4.88433 0
    endloop
  endfacet
  facet normal -0.0865654 0.701884 -0.707011
    outer loop
      vertex -0.677052 6.87422 0
      vertex -1.01354 6.83272 0
      vertex -0.735863 7.47134 0.599991
    endloop
  endfacet
  facet normal -0.701886 -0.0865754 -0.707008
    outer loop
      vertex -7.42623 -1.10158 0.599991
      vertex -7.47134 -0.735863 0.599991
      vertex -6.83272 -1.01354 0
    endloop
  endfacet
  facet normal 0.55753 -0.435085 -0.707009
    outer loop
      vertex 5.80337 -4.7627 0.599991
      vertex 5.33956 -4.38206 0
      vertex 5.54814 -4.11478 0
    endloop
  endfacet
  facet normal 0.631697 -0.317955 -0.70701
    outer loop
      vertex 6.62102 -3.53901 0.599991
      vertex 6.09186 -3.25617 0
      vertex 6.24429 -2.95333 0
    endloop
  endfacet
  facet normal -0.317963 0.631705 0.707
    outer loop
      vertex -3.20987 6.78669 3.39999
      vertex -3.53901 6.62102 3.39999
      vertex -2.95333 6.24429 4
    endloop
  endfacet
  facet normal -0.492912 0.870079 0
    outer loop
      vertex -3.53901 6.62102 0.599991
      vertex -3.85962 6.43939 3.39999
      vertex -3.53901 6.62102 3.39999
    endloop
  endfacet
  facet normal -0.492912 0.870079 0
    outer loop
      vertex -3.85962 6.43939 3.39999
      vertex -3.53901 6.62102 0.599991
      vertex -3.85962 6.43939 0.599991
    endloop
  endfacet
  facet normal 0.0520435 0.705285 -0.707011
    outer loop
      vertex 0.677052 6.87422 0
      vertex 0.338934 6.89917 0
      vertex 0.735863 7.47134 0.599991
    endloop
  endfacet
  facet normal -0.348596 0.615336 0.706995
    outer loop
      vertex -3.53901 6.62102 3.39999
      vertex -3.85962 6.43939 3.39999
      vertex -3.55116 5.92475 4
    endloop
  endfacet
  facet normal -0.348585 0.615338 0.706999
    outer loop
      vertex -3.53901 6.62102 3.39999
      vertex -3.55116 5.92475 4
      vertex -3.25617 6.09186 4
    endloop
  endfacet
  facet normal -0.534995 0.844855 0
    outer loop
      vertex -3.85962 6.43939 0.599991
      vertex -4.17094 6.24225 3.39999
      vertex -3.85962 6.43939 3.39999
    endloop
  endfacet
  facet normal -0.534995 0.844855 0
    outer loop
      vertex -4.17094 6.24225 3.39999
      vertex -3.85962 6.43939 0.599991
      vertex -4.17094 6.24225 0.599991
    endloop
  endfacet
  facet normal 0.705296 -0.0520444 0.707
    outer loop
      vertex 6.89917 -0.338934 4
      vertex 6.87422 -0.677052 4
      vertex 7.47134 -0.735863 3.39999
    endloop
  endfacet
  facet normal -0.378375 0.597486 0.706995
    outer loop
      vertex -3.55116 5.92475 4
      vertex -3.85962 6.43939 3.39999
      vertex -3.83759 5.74336 4
    endloop
  endfacet
  facet normal 0.646542 0.286589 0.707001
    outer loop
      vertex 6.93602 2.87299 3.39999
      vertex 6.24429 2.95333 4
      vertex 6.38168 2.64338 4
    endloop
  endfacet
  facet normal 0.286589 0.646542 0.707001
    outer loop
      vertex 2.87299 6.93602 3.39999
      vertex 2.64338 6.38168 4
      vertex 2.95333 6.24429 4
    endloop
  endfacet
  facet normal 0.701884 -0.0865654 -0.707011
    outer loop
      vertex 7.47134 -0.735863 0.599991
      vertex 6.83272 -1.01354 0
      vertex 6.87422 -0.677052 0
    endloop
  endfacet
  facet normal 0.512193 0.487642 -0.70701
    outer loop
      vertex 5.11811 4.63878 0
      vertex 4.88433 4.88433 0
      vertex 5.3086 5.3086 0.599991
    endloop
  endfacet
  facet normal 0.963776 0.266712 0
    outer loop
      vertex 7.2825 1.82417 3.39999
      vertex 7.18422 2.17931 0.599991
      vertex 7.18422 2.17931 3.39999
    endloop
  endfacet
  facet normal 0.963776 0.266712 0
    outer loop
      vertex 7.18422 2.17931 0.599991
      vertex 7.2825 1.82417 3.39999
      vertex 7.2825 1.82417 0.599991
    endloop
  endfacet
  facet normal 0.690021 0.154959 -0.707007
    outer loop
      vertex 7.36324 1.46464 0.599991
      vertex 6.70048 1.67838 0
      vertex 7.2825 1.82417 0.599991
    endloop
  endfacet
  facet normal 0.535501 -0.46193 -0.707007
    outer loop
      vertex 5.56268 -5.04172 0.599991
      vertex 5.11811 -4.63878 0
      vertex 5.33956 -4.38206 0
    endloop
  endfacet
  facet normal 0.690031 -0.154944 0.707
    outer loop
      vertex 6.77476 -1.34758 4
      vertex 6.70048 -1.67838 4
      vertex 7.36324 -1.46464 3.39999
    endloop
  endfacet
  facet normal 0.0520308 -0.705301 0.706996
    outer loop
      vertex 0.735863 -7.47134 3.39999
      vertex 0.338934 -6.89917 4
      vertex 0.368375 -7.49845 3.39999
    endloop
  endfacet
  facet normal 0.01735 -0.707005 0.706996
    outer loop
      vertex 0.338934 -6.89917 4
      vertex 0 -7.50749 3.39999
      vertex 0.368375 -7.49845 3.39999
    endloop
  endfacet
  facet normal 0.122419 -0.992479 0
    outer loop
      vertex 0.735863 -7.47134 0.599991
      vertex 1.10158 -7.42623 3.39999
      vertex 0.735863 -7.47134 3.39999
    endloop
  endfacet
  facet normal 0.122419 -0.992479 0
    outer loop
      vertex 1.10158 -7.42623 3.39999
      vertex 0.735863 -7.47134 0.599991
      vertex 1.10158 -7.42623 0.599991
    endloop
  endfacet
  facet normal 0.266712 -0.963776 0
    outer loop
      vertex 1.82417 -7.2825 0.599991
      vertex 2.17931 -7.18422 3.39999
      vertex 1.82417 -7.2825 3.39999
    endloop
  endfacet
  facet normal 0.266712 -0.963776 0
    outer loop
      vertex 2.17931 -7.18422 3.39999
      vertex 1.82417 -7.2825 0.599991
      vertex 2.17931 -7.18422 0.599991
    endloop
  endfacet
  facet normal -0.578196 -0.407213 -0.707012
    outer loop
      vertex -5.54814 -4.11478 0
      vertex -6.24225 -4.17094 0.599991
      vertex -5.74336 -3.83759 0
    endloop
  endfacet
  facet normal 0.378369 -0.597477 -0.707006
    outer loop
      vertex 3.85962 -6.43939 0.599991
      vertex 3.55116 -5.92475 0
      vertex 3.83759 -5.74336 0
    endloop
  endfacet
  facet normal 0.407213 -0.578196 -0.707012
    outer loop
      vertex 4.17094 -6.24225 0.599991
      vertex 3.83759 -5.74336 0
      vertex 4.11478 -5.54814 0
    endloop
  endfacet
  facet normal 0.461933 -0.535496 -0.707009
    outer loop
      vertex 4.7627 -5.80337 0.599991
      vertex 4.38206 -5.33956 0
      vertex 5.04172 -5.56268 0.599991
    endloop
  endfacet
  facet normal 0.435085 -0.55753 -0.707009
    outer loop
      vertex 4.7627 -5.80337 0.599991
      vertex 4.11478 -5.54814 0
      vertex 4.38206 -5.33956 0
    endloop
  endfacet
  facet normal 0.512202 -0.487636 -0.707007
    outer loop
      vertex 5.3086 -5.3086 0.599991
      vertex 5.11811 -4.63878 0
      vertex 5.56268 -5.04172 0.599991
    endloop
  endfacet
  facet normal 0.512193 -0.487642 -0.70701
    outer loop
      vertex 5.3086 -5.3086 0.599991
      vertex 4.88433 -4.88433 0
      vertex 5.11811 -4.63878 0
    endloop
  endfacet
  facet normal 0.701884 0.0865654 -0.707011
    outer loop
      vertex 6.87422 0.677052 0
      vertex 6.83272 1.01354 0
      vertex 7.47134 0.735863 0.599991
    endloop
  endfacet
  facet normal 0.689525 -0.724262 0
    outer loop
      vertex 5.04172 -5.56268 0.599991
      vertex 5.3086 -5.3086 3.39999
      vertex 5.04172 -5.56268 3.39999
    endloop
  endfacet
  facet normal 0.689525 -0.724262 0
    outer loop
      vertex 5.3086 -5.3086 3.39999
      vertex 5.04172 -5.56268 0.599991
      vertex 5.3086 -5.3086 0.599991
    endloop
  endfacet
  facet normal 0.487636 0.512202 -0.707007
    outer loop
      vertex 5.3086 5.3086 0.599991
      vertex 4.63878 5.11811 0
      vertex 5.04172 5.56268 0.599991
    endloop
  endfacet
  facet normal 0.359885 -0.932997 0
    outer loop
      vertex 2.5292 -7.06863 0.599991
      vertex 2.87299 -6.93602 3.39999
      vertex 2.5292 -7.06863 3.39999
    endloop
  endfacet
  facet normal 0.359885 -0.932997 0
    outer loop
      vertex 2.87299 -6.93602 3.39999
      vertex 2.5292 -7.06863 0.599991
      vertex 2.87299 -6.93602 0.599991
    endloop
  endfacet
  facet normal 0.254512 -0.65982 -0.707009
    outer loop
      vertex 2.5292 -7.06863 0.599991
      vertex 2.32706 -6.5037 0
      vertex 2.87299 -6.93602 0.599991
    endloop
  endfacet
  facet normal 0.254526 0.659823 0.707001
    outer loop
      vertex 2.87299 6.93602 3.39999
      vertex 2.32706 6.5037 4
      vertex 2.64338 6.38168 4
    endloop
  endfacet
  facet normal 0.578196 -0.407215 -0.707012
    outer loop
      vertex 6.03007 -4.47221 0.599991
      vertex 5.54814 -4.11478 0
      vertex 6.24225 -4.17094 0.599991
    endloop
  endfacet
  facet normal 0.535496 0.461933 -0.707009
    outer loop
      vertex 5.80337 4.7627 0.599991
      vertex 5.33956 4.38206 0
      vertex 5.56268 5.04172 0.599991
    endloop
  endfacet
  facet normal 0.557529 0.435099 0.707001
    outer loop
      vertex 5.80337 4.7627 3.39999
      vertex 5.54814 4.11478 4
      vertex 6.03007 4.47221 3.39999
    endloop
  endfacet
  facet normal 0.844855 0.534995 0
    outer loop
      vertex 6.43939 3.85962 3.39999
      vertex 6.24225 4.17094 0.599991
      vertex 6.24225 4.17094 3.39999
    endloop
  endfacet
  facet normal 0.844855 0.534995 0
    outer loop
      vertex 6.24225 4.17094 0.599991
      vertex 6.43939 3.85962 3.39999
      vertex 6.43939 3.85962 0.599991
    endloop
  endfacet
  facet normal 0.378349 0.597483 -0.707012
    outer loop
      vertex 4.17094 6.24225 0.599991
      vertex 3.83759 5.74336 0
      vertex 3.85962 6.43939 0.599991
    endloop
  endfacet
  facet normal 0.317955 -0.631697 -0.70701
    outer loop
      vertex 3.53901 -6.62102 0.599991
      vertex 2.95333 -6.24429 0
      vertex 3.25617 -6.09186 0
    endloop
  endfacet
  facet normal 0.615231 0.788347 -0
    outer loop
      vertex 4.7627 5.80337 0.599991
      vertex 4.47221 6.03007 3.39999
      vertex 4.7627 5.80337 3.39999
    endloop
  endfacet
  facet normal 0.615231 0.788347 0
    outer loop
      vertex 4.47221 6.03007 3.39999
      vertex 4.7627 5.80337 0.599991
      vertex 4.47221 6.03007 0.599991
    endloop
  endfacet
  facet normal 0.435092 0.55752 -0.707012
    outer loop
      vertex 4.7627 5.80337 0.599991
      vertex 4.11478 5.54814 0
      vertex 4.47221 6.03007 0.599991
    endloop
  endfacet
  facet normal 0.154942 0.69002 -0.707011
    outer loop
      vertex 1.67838 6.70048 0
      vertex 1.34758 6.77476 0
      vertex 1.46464 7.36324 0.599991
    endloop
  endfacet
  facet normal 0.219114 0.975699 -0
    outer loop
      vertex 1.82417 7.2825 0.599991
      vertex 1.46464 7.36324 3.39999
      vertex 1.82417 7.2825 3.39999
    endloop
  endfacet
  facet normal 0.219114 0.975699 0
    outer loop
      vertex 1.46464 7.36324 3.39999
      vertex 1.82417 7.2825 0.599991
      vertex 1.46464 7.36324 0.599991
    endloop
  endfacet
  facet normal 0 0 -1
    outer loop
      vertex 6.89917 -0.338934 0
      vertex 6.89917 0.338934 0
      vertex 6.90749 0 0
    endloop
  endfacet
  facet normal 0 0 -1
    outer loop
      vertex 6.87422 -0.677052 0
      vertex 6.89917 0.338934 0
      vertex 6.89917 -0.338934 0
    endloop
  endfacet
  facet normal 0 0 -1
    outer loop
      vertex 6.87422 -0.677052 0
      vertex 6.87422 0.677052 0
      vertex 6.89917 0.338934 0
    endloop
  endfacet
  facet normal 0 0 -1
    outer loop
      vertex 6.83272 -1.01354 0
      vertex 6.87422 0.677052 0
      vertex 6.87422 -0.677052 0
    endloop
  endfacet
  facet normal 0 0 -1
    outer loop
      vertex 6.83272 -1.01354 0
      vertex 6.83272 1.01354 0
      vertex 6.87422 0.677052 0
    endloop
  endfacet
  facet normal 0 0 -1
    outer loop
      vertex 6.77476 -1.34758 0
      vertex 6.83272 1.01354 0
      vertex 6.83272 -1.01354 0
    endloop
  endfacet
  facet normal 0 0 -1
    outer loop
      vertex 6.77476 -1.34758 0
      vertex 6.77476 1.34758 0
      vertex 6.83272 1.01354 0
    endloop
  endfacet
  facet normal 0 0 -1
    outer loop
      vertex 6.70048 -1.67838 0
      vertex 6.77476 1.34758 0
      vertex 6.77476 -1.34758 0
    endloop
  endfacet
  facet normal 0 0 -1
    outer loop
      vertex 6.70048 -1.67838 0
      vertex 6.70048 1.67838 0
      vertex 6.77476 1.34758 0
    endloop
  endfacet
  facet normal 0 0 -1
    outer loop
      vertex 6.61005 -2.00514 0
      vertex 6.70048 1.67838 0
      vertex 6.70048 -1.67838 0
    endloop
  endfacet
  facet normal 0 0 -1
    outer loop
      vertex 6.61005 -2.00514 0
      vertex 6.61005 2.00514 0
      vertex 6.70048 1.67838 0
    endloop
  endfacet
  facet normal 0 0 -1
    outer loop
      vertex 6.5037 -2.32706 0
      vertex 6.61005 2.00514 0
      vertex 6.61005 -2.00514 0
    endloop
  endfacet
  facet normal 0 0 -1
    outer loop
      vertex 6.5037 -2.32706 0
      vertex 6.5037 2.32706 0
      vertex 6.61005 2.00514 0
    endloop
  endfacet
  facet normal 0 0 -1
    outer loop
      vertex 6.38168 -2.64338 0
      vertex 6.5037 2.32706 0
      vertex 6.5037 -2.32706 0
    endloop
  endfacet
  facet normal 0 0 -1
    outer loop
      vertex 6.38168 -2.64338 0
      vertex 6.38168 2.64338 0
      vertex 6.5037 2.32706 0
    endloop
  endfacet
  facet normal 0 0 -1
    outer loop
      vertex 6.24429 -2.95333 0
      vertex 6.38168 2.64338 0
      vertex 6.38168 -2.64338 0
    endloop
  endfacet
  facet normal 0 0 -1
    outer loop
      vertex 6.24429 -2.95333 0
      vertex 6.24429 2.95333 0
      vertex 6.38168 2.64338 0
    endloop
  endfacet
  facet normal 0 0 -1
    outer loop
      vertex 6.09186 -3.25617 0
      vertex 6.24429 2.95333 0
      vertex 6.24429 -2.95333 0
    endloop
  endfacet
  facet normal 0 0 -1
    outer loop
      vertex 6.09186 -3.25617 0
      vertex 6.09186 3.25617 0
      vertex 6.24429 2.95333 0
    endloop
  endfacet
  facet normal 0 0 -1
    outer loop
      vertex 5.92475 -3.55116 0
      vertex 6.09186 3.25617 0
      vertex 6.09186 -3.25617 0
    endloop
  endfacet
  facet normal 0 0 -1
    outer loop
      vertex 5.92475 -3.55116 0
      vertex 5.92475 3.55116 0
      vertex 6.09186 3.25617 0
    endloop
  endfacet
  facet normal 0 0 -1
    outer loop
      vertex 5.74336 -3.83759 0
      vertex 5.92475 3.55116 0
      vertex 5.92475 -3.55116 0
    endloop
  endfacet
  facet normal 0 0 -1
    outer loop
      vertex 5.74336 -3.83759 0
      vertex 5.74336 3.83759 0
      vertex 5.92475 3.55116 0
    endloop
  endfacet
  facet normal 0 0 -1
    outer loop
      vertex 5.54814 -4.11478 0
      vertex 5.74336 3.83759 0
      vertex 5.74336 -3.83759 0
    endloop
  endfacet
  facet normal 0 0 -1
    outer loop
      vertex 5.54814 -4.11478 0
      vertex 5.54814 4.11478 0
      vertex 5.74336 3.83759 0
    endloop
  endfacet
  facet normal 0 0 -1
    outer loop
      vertex 5.33956 -4.38206 0
      vertex 5.54814 4.11478 0
      vertex 5.54814 -4.11478 0
    endloop
  endfacet
  facet normal 0 0 -1
    outer loop
      vertex 5.33956 -4.38206 0
      vertex 5.33956 4.38206 0
      vertex 5.54814 4.11478 0
    endloop
  endfacet
  facet normal 0 0 -1
    outer loop
      vertex 5.11811 -4.63878 0
      vertex 5.33956 4.38206 0
      vertex 5.33956 -4.38206 0
    endloop
  endfacet
  facet normal 0 0 -1
    outer loop
      vertex 5.11811 -4.63878 0
      vertex 5.11811 4.63878 0
      vertex 5.33956 4.38206 0
    endloop
  endfacet
  facet normal 0 0 -1
    outer loop
      vertex 4.88433 -4.88433 0
      vertex 5.11811 4.63878 0
      vertex 5.11811 -4.63878 0
    endloop
  endfacet
  facet normal 0 0 -1
    outer loop
      vertex 4.88433 -4.88433 0
      vertex 4.88433 4.88433 0
      vertex 5.11811 4.63878 0
    endloop
  endfacet
  facet normal 0 0 -1
    outer loop
      vertex 4.63878 -5.11811 0
      vertex 4.88433 4.88433 0
      vertex 4.88433 -4.88433 0
    endloop
  endfacet
  facet normal 0 0 -1
    outer loop
      vertex 4.63878 -5.11811 0
      vertex 4.63878 5.11811 0
      vertex 4.88433 4.88433 0
    endloop
  endfacet
  facet normal 0 0 -1
    outer loop
      vertex 4.38206 -5.33956 0
      vertex 4.63878 5.11811 0
      vertex 4.63878 -5.11811 0
    endloop
  endfacet
  facet normal 0 0 -1
    outer loop
      vertex 4.38206 -5.33956 0
      vertex 4.38206 5.33956 0
      vertex 4.63878 5.11811 0
    endloop
  endfacet
  facet normal 0 0 -1
    outer loop
      vertex 4.11478 -5.54814 0
      vertex 4.38206 5.33956 0
      vertex 4.38206 -5.33956 0
    endloop
  endfacet
  facet normal 0 0 -1
    outer loop
      vertex 4.11478 -5.54814 0
      vertex 4.11478 5.54814 0
      vertex 4.38206 5.33956 0
    endloop
  endfacet
  facet normal 0 0 -1
    outer loop
      vertex 3.83759 -5.74336 0
      vertex 4.11478 5.54814 0
      vertex 4.11478 -5.54814 0
    endloop
  endfacet
  facet normal 0 0 -1
    outer loop
      vertex 3.83759 -5.74336 0
      vertex 3.83759 5.74336 0
      vertex 4.11478 5.54814 0
    endloop
  endfacet
  facet normal 0 0 -1
    outer loop
      vertex 3.55116 -5.92475 0
      vertex 3.83759 5.74336 0
      vertex 3.83759 -5.74336 0
    endloop
  endfacet
  facet normal 0 0 -1
    outer loop
      vertex 3.55116 -5.92475 0
      vertex 3.55116 5.92475 0
      vertex 3.83759 5.74336 0
    endloop
  endfacet
  facet normal 0 0 -1
    outer loop
      vertex 3.25617 -6.09186 0
      vertex 3.55116 5.92475 0
      vertex 3.55116 -5.92475 0
    endloop
  endfacet
  facet normal 0 0 -1
    outer loop
      vertex 3.25617 -6.09186 0
      vertex 3.25617 6.09186 0
      vertex 3.55116 5.92475 0
    endloop
  endfacet
  facet normal 0 0 -1
    outer loop
      vertex 2.95333 -6.24429 0
      vertex 3.25617 6.09186 0
      vertex 3.25617 -6.09186 0
    endloop
  endfacet
  facet normal 0 0 -1
    outer loop
      vertex 2.95333 -6.24429 0
      vertex 2.95333 6.24429 0
      vertex 3.25617 6.09186 0
    endloop
  endfacet
  facet normal 0 0 -1
    outer loop
      vertex 2.64338 -6.38168 0
      vertex 2.95333 6.24429 0
      vertex 2.95333 -6.24429 0
    endloop
  endfacet
  facet normal 0 0 -1
    outer loop
      vertex 2.64338 -6.38168 0
      vertex 2.64338 6.38168 0
      vertex 2.95333 6.24429 0
    endloop
  endfacet
  facet normal 0 0 -1
    outer loop
      vertex 2.32706 -6.5037 0
      vertex 2.64338 6.38168 0
      vertex 2.64338 -6.38168 0
    endloop
  endfacet
  facet normal 0 0 -1
    outer loop
      vertex 2.32706 -6.5037 0
      vertex 2.32706 6.5037 0
      vertex 2.64338 6.38168 0
    endloop
  endfacet
  facet normal 0 0 -1
    outer loop
      vertex 2.00514 -6.61005 0
      vertex 2.32706 6.5037 0
      vertex 2.32706 -6.5037 0
    endloop
  endfacet
  facet normal 0 0 -1
    outer loop
      vertex 2.00514 -6.61005 0
      vertex 2.00514 6.61005 0
      vertex 2.32706 6.5037 0
    endloop
  endfacet
  facet normal 0 0 -1
    outer loop
      vertex 1.67838 -6.70048 0
      vertex 2.00514 6.61005 0
      vertex 2.00514 -6.61005 0
    endloop
  endfacet
  facet normal 0 0 -1
    outer loop
      vertex 1.67838 -6.70048 0
      vertex 1.67838 6.70048 0
      vertex 2.00514 6.61005 0
    endloop
  endfacet
  facet normal 0 0 -1
    outer loop
      vertex 1.34758 -6.77476 0
      vertex 1.67838 6.70048 0
      vertex 1.67838 -6.70048 0
    endloop
  endfacet
  facet normal 0 0 -1
    outer loop
      vertex 1.34758 -6.77476 0
      vertex 1.34758 6.77476 0
      vertex 1.67838 6.70048 0
    endloop
  endfacet
  facet normal 0 0 -1
    outer loop
      vertex 1.01354 -6.83272 0
      vertex 1.34758 6.77476 0
      vertex 1.34758 -6.77476 0
    endloop
  endfacet
  facet normal 0 0 -1
    outer loop
      vertex 1.01354 -6.83272 0
      vertex 1.01354 6.83272 0
      vertex 1.34758 6.77476 0
    endloop
  endfacet
  facet normal 0 0 -1
    outer loop
      vertex 0.677052 -6.87422 0
      vertex 1.01354 6.83272 0
      vertex 1.01354 -6.83272 0
    endloop
  endfacet
  facet normal 0 0 -1
    outer loop
      vertex 0.677052 -6.87422 0
      vertex 0.677052 6.87422 0
      vertex 1.01354 6.83272 0
    endloop
  endfacet
  facet normal 0 0 -1
    outer loop
      vertex 0.338934 -6.89917 0
      vertex 0.677052 6.87422 0
      vertex 0.677052 -6.87422 0
    endloop
  endfacet
  facet normal 0 0 -1
    outer loop
      vertex 0.338934 -6.89917 0
      vertex 0.338934 6.89917 0
      vertex 0.677052 6.87422 0
    endloop
  endfacet
  facet normal 0 0 -1
    outer loop
      vertex 0 -6.90749 0
      vertex 0.338934 6.89917 0
      vertex 0.338934 -6.89917 0
    endloop
  endfacet
  facet normal 0 0 -1
    outer loop
      vertex 0 -6.90749 0
      vertex 0 6.90749 0
      vertex 0.338934 6.89917 0
    endloop
  endfacet
  facet normal 0 0 -1
    outer loop
      vertex -0.338934 -6.89917 0
      vertex 0 6.90749 0
      vertex 0 -6.90749 0
    endloop
  endfacet
  facet normal 0 0 -1
    outer loop
      vertex -0.338934 -6.89917 0
      vertex -0.338934 6.89917 0
      vertex 0 6.90749 0
    endloop
  endfacet
  facet normal 0 0 -1
    outer loop
      vertex -0.677052 -6.87422 0
      vertex -0.338934 6.89917 0
      vertex -0.338934 -6.89917 0
    endloop
  endfacet
  facet normal 0 0 -1
    outer loop
      vertex -0.677052 -6.87422 0
      vertex -0.677052 6.87422 0
      vertex -0.338934 6.89917 0
    endloop
  endfacet
  facet normal 0 0 -1
    outer loop
      vertex -1.01354 -6.83272 0
      vertex -0.677052 6.87422 0
      vertex -0.677052 -6.87422 0
    endloop
  endfacet
  facet normal 0 0 -1
    outer loop
      vertex -1.01354 -6.83272 0
      vertex -1.01354 6.83272 0
      vertex -0.677052 6.87422 0
    endloop
  endfacet
  facet normal 0 0 -1
    outer loop
      vertex -1.34758 -6.77476 0
      vertex -1.01354 6.83272 0
      vertex -1.01354 -6.83272 0
    endloop
  endfacet
  facet normal 0 0 -1
    outer loop
      vertex -1.34758 -6.77476 0
      vertex -1.34758 6.77476 0
      vertex -1.01354 6.83272 0
    endloop
  endfacet
  facet normal 0 0 -1
    outer loop
      vertex -1.67838 -6.70048 0
      vertex -1.34758 6.77476 0
      vertex -1.34758 -6.77476 0
    endloop
  endfacet
  facet normal 0 0 -1
    outer loop
      vertex -1.67838 -6.70048 0
      vertex -1.67838 6.70048 0
      vertex -1.34758 6.77476 0
    endloop
  endfacet
  facet normal 0 0 -1
    outer loop
      vertex -2.00514 -6.61005 0
      vertex -1.67838 6.70048 0
      vertex -1.67838 -6.70048 0
    endloop
  endfacet
  facet normal 0 0 -1
    outer loop
      vertex -2.00514 -6.61005 0
      vertex -2.00514 6.61005 0
      vertex -1.67838 6.70048 0
    endloop
  endfacet
  facet normal 0 0 -1
    outer loop
      vertex -2.32706 -6.5037 0
      vertex -2.00514 6.61005 0
      vertex -2.00514 -6.61005 0
    endloop
  endfacet
  facet normal 0 0 -1
    outer loop
      vertex -2.32706 -6.5037 0
      vertex -2.32706 6.5037 0
      vertex -2.00514 6.61005 0
    endloop
  endfacet
  facet normal 0 0 -1
    outer loop
      vertex -2.64338 -6.38168 0
      vertex -2.32706 6.5037 0
      vertex -2.32706 -6.5037 0
    endloop
  endfacet
  facet normal 0 0 -1
    outer loop
      vertex -2.64338 -6.38168 0
      vertex -2.64338 6.38168 0
      vertex -2.32706 6.5037 0
    endloop
  endfacet
  facet normal 0 0 -1
    outer loop
      vertex -2.95333 -6.24429 0
      vertex -2.64338 6.38168 0
      vertex -2.64338 -6.38168 0
    endloop
  endfacet
  facet normal 0 0 -1
    outer loop
      vertex -2.95333 -6.24429 0
      vertex -2.95333 6.24429 0
      vertex -2.64338 6.38168 0
    endloop
  endfacet
  facet normal 0 0 -1
    outer loop
      vertex -3.25617 -6.09186 0
      vertex -2.95333 6.24429 0
      vertex -2.95333 -6.24429 0
    endloop
  endfacet
  facet normal 0 0 -1
    outer loop
      vertex -3.25617 -6.09186 0
      vertex -3.25617 6.09186 0
      vertex -2.95333 6.24429 0
    endloop
  endfacet
  facet normal 0 0 -1
    outer loop
      vertex -3.55116 -5.92475 0
      vertex -3.25617 6.09186 0
      vertex -3.25617 -6.09186 0
    endloop
  endfacet
  facet normal 0 0 -1
    outer loop
      vertex -3.55116 -5.92475 0
      vertex -3.55116 5.92475 0
      vertex -3.25617 6.09186 0
    endloop
  endfacet
  facet normal 0 0 -1
    outer loop
      vertex -3.83759 -5.74336 0
      vertex -3.55116 5.92475 0
      vertex -3.55116 -5.92475 0
    endloop
  endfacet
  facet normal 0 0 -1
    outer loop
      vertex -3.83759 -5.74336 0
      vertex -3.83759 5.74336 0
      vertex -3.55116 5.92475 0
    endloop
  endfacet
  facet normal 0 0 -1
    outer loop
      vertex -4.11478 -5.54814 0
      vertex -3.83759 5.74336 0
      vertex -3.83759 -5.74336 0
    endloop
  endfacet
  facet normal 0 0 -1
    outer loop
      vertex -4.11478 -5.54814 0
      vertex -4.11478 5.54814 0
      vertex -3.83759 5.74336 0
    endloop
  endfacet
  facet normal 0 0 -1
    outer loop
      vertex -4.38206 -5.33956 0
      vertex -4.11478 5.54814 0
      vertex -4.11478 -5.54814 0
    endloop
  endfacet
  facet normal 0 0 -1
    outer loop
      vertex -4.38206 -5.33956 0
      vertex -4.38206 5.33956 0
      vertex -4.11478 5.54814 0
    endloop
  endfacet
  facet normal 0 0 -1
    outer loop
      vertex -4.63878 -5.11811 0
      vertex -4.38206 5.33956 0
      vertex -4.38206 -5.33956 0
    endloop
  endfacet
  facet normal 0 0 -1
    outer loop
      vertex -4.63878 -5.11811 0
      vertex -4.63878 5.11811 0
      vertex -4.38206 5.33956 0
    endloop
  endfacet
  facet normal 0 0 -1
    outer loop
      vertex -4.88433 -4.88433 0
      vertex -4.63878 5.11811 0
      vertex -4.63878 -5.11811 0
    endloop
  endfacet
  facet normal 0 0 -1
    outer loop
      vertex -4.88433 -4.88433 0
      vertex -4.88433 4.88433 0
      vertex -4.63878 5.11811 0
    endloop
  endfacet
  facet normal 0 0 -1
    outer loop
      vertex -5.11811 -4.63878 0
      vertex -4.88433 4.88433 0
      vertex -4.88433 -4.88433 0
    endloop
  endfacet
  facet normal 0 0 -1
    outer loop
      vertex -5.11811 -4.63878 0
      vertex -5.11811 4.63878 0
      vertex -4.88433 4.88433 0
    endloop
  endfacet
  facet normal 0 0 -1
    outer loop
      vertex -5.33956 -4.38206 0
      vertex -5.11811 4.63878 0
      vertex -5.11811 -4.63878 0
    endloop
  endfacet
  facet normal 0 0 -1
    outer loop
      vertex -5.33956 -4.38206 0
      vertex -5.33956 4.38206 0
      vertex -5.11811 4.63878 0
    endloop
  endfacet
  facet normal 0 0 -1
    outer loop
      vertex -5.54814 -4.11478 0
      vertex -5.33956 4.38206 0
      vertex -5.33956 -4.38206 0
    endloop
  endfacet
  facet normal 0 0 -1
    outer loop
      vertex -5.54814 -4.11478 0
      vertex -5.54814 4.11478 0
      vertex -5.33956 4.38206 0
    endloop
  endfacet
  facet normal 0 0 -1
    outer loop
      vertex -5.74336 -3.83759 0
      vertex -5.54814 4.11478 0
      vertex -5.54814 -4.11478 0
    endloop
  endfacet
  facet normal 0 0 -1
    outer loop
      vertex -5.74336 -3.83759 0
      vertex -5.74336 3.83759 0
      vertex -5.54814 4.11478 0
    endloop
  endfacet
  facet normal 0 0 -1
    outer loop
      vertex -5.92475 -3.55116 0
      vertex -5.74336 3.83759 0
      vertex -5.74336 -3.83759 0
    endloop
  endfacet
  facet normal 0 0 -1
    outer loop
      vertex -5.92475 -3.55116 0
      vertex -5.92475 3.55116 0
      vertex -5.74336 3.83759 0
    endloop
  endfacet
  facet normal 0 0 -1
    outer loop
      vertex -6.09186 -3.25617 0
      vertex -5.92475 3.55116 0
      vertex -5.92475 -3.55116 0
    endloop
  endfacet
  facet normal 0 0 -1
    outer loop
      vertex -6.09186 -3.25617 0
      vertex -6.09186 3.25617 0
      vertex -5.92475 3.55116 0
    endloop
  endfacet
  facet normal 0 0 -1
    outer loop
      vertex -6.24429 -2.95333 0
      vertex -6.09186 3.25617 0
      vertex -6.09186 -3.25617 0
    endloop
  endfacet
  facet normal 0 0 -1
    outer loop
      vertex -6.24429 -2.95333 0
      vertex -6.24429 2.95333 0
      vertex -6.09186 3.25617 0
    endloop
  endfacet
  facet normal 0 0 -1
    outer loop
      vertex -6.38168 -2.64338 0
      vertex -6.24429 2.95333 0
      vertex -6.24429 -2.95333 0
    endloop
  endfacet
  facet normal 0 0 -1
    outer loop
      vertex -6.38168 -2.64338 0
      vertex -6.38168 2.64338 0
      vertex -6.24429 2.95333 0
    endloop
  endfacet
  facet normal 0 0 -1
    outer loop
      vertex -6.5037 -2.32706 0
      vertex -6.38168 2.64338 0
      vertex -6.38168 -2.64338 0
    endloop
  endfacet
  facet normal 0 0 -1
    outer loop
      vertex -6.5037 -2.32706 0
      vertex -6.5037 2.32706 0
      vertex -6.38168 2.64338 0
    endloop
  endfacet
  facet normal 0 0 -1
    outer loop
      vertex -6.61005 -2.00514 0
      vertex -6.5037 2.32706 0
      vertex -6.5037 -2.32706 0
    endloop
  endfacet
  facet normal 0 0 -1
    outer loop
      vertex -6.61005 -2.00514 0
      vertex -6.61005 2.00514 0
      vertex -6.5037 2.32706 0
    endloop
  endfacet
  facet normal 0 0 -1
    outer loop
      vertex -6.70048 -1.67838 0
      vertex -6.61005 2.00514 0
      vertex -6.61005 -2.00514 0
    endloop
  endfacet
  facet normal 0 0 -1
    outer loop
      vertex -6.70048 -1.67838 0
      vertex -6.70048 1.67838 0
      vertex -6.61005 2.00514 0
    endloop
  endfacet
  facet normal 0 0 -1
    outer loop
      vertex -6.77476 -1.34758 0
      vertex -6.70048 1.67838 0
      vertex -6.70048 -1.67838 0
    endloop
  endfacet
  facet normal 0 0 -1
    outer loop
      vertex -6.77476 -1.34758 0
      vertex -6.77476 1.34758 0
      vertex -6.70048 1.67838 0
    endloop
  endfacet
  facet normal 0 0 -1
    outer loop
      vertex -6.83272 -1.01354 0
      vertex -6.77476 1.34758 0
      vertex -6.77476 -1.34758 0
    endloop
  endfacet
  facet normal 0 0 -1
    outer loop
      vertex -6.83272 -1.01354 0
      vertex -6.83272 1.01354 0
      vertex -6.77476 1.34758 0
    endloop
  endfacet
  facet normal 0 0 -1
    outer loop
      vertex -6.87422 -0.677052 0
      vertex -6.83272 1.01354 0
      vertex -6.83272 -1.01354 0
    endloop
  endfacet
  facet normal 0 0 -1
    outer loop
      vertex -6.87422 -0.677052 0
      vertex -6.87422 0.677052 0
      vertex -6.83272 1.01354 0
    endloop
  endfacet
  facet normal 0 0 -1
    outer loop
      vertex -6.89917 -0.338934 0
      vertex -6.87422 0.677052 0
      vertex -6.87422 -0.677052 0
    endloop
  endfacet
  facet normal 0 0 -1
    outer loop
      vertex -6.89917 -0.338934 0
      vertex -6.89917 0.338934 0
      vertex -6.87422 0.677052 0
    endloop
  endfacet
  facet normal 0 -0 -1
    outer loop
      vertex -6.89917 0.338934 0
      vertex -6.89917 -0.338934 0
      vertex -6.90749 0 0
    endloop
  endfacet
  facet normal -0.597483 -0.378349 -0.707012
    outer loop
      vertex -6.24225 -4.17094 0.599991
      vertex -6.43939 -3.85962 0.599991
      vertex -5.74336 -3.83759 0
    endloop
  endfacet
  facet normal -0.67151 -0.221841 -0.707009
    outer loop
      vertex -7.06863 -2.5292 0.599991
      vertex -7.18422 -2.17931 0.599991
      vertex -6.5037 -2.32706 0
    endloop
  endfacet
  facet normal -0.378349 -0.597483 -0.707012
    outer loop
      vertex -3.85962 -6.43939 0.599991
      vertex -4.17094 -6.24225 0.599991
      vertex -3.83759 -5.74336 0
    endloop
  endfacet
  facet normal 0.999699 0.0245328 0
    outer loop
      vertex 7.50749 0 3.39999
      vertex 7.49845 0.368375 0.599991
      vertex 7.49845 0.368375 3.39999
    endloop
  endfacet
  facet normal 0.999699 0.0245328 0
    outer loop
      vertex 7.49845 0.368375 0.599991
      vertex 7.50749 0 3.39999
      vertex 7.50749 0 0.599991
    endloop
  endfacet
  facet normal 0.535501 0.46193 -0.707007
    outer loop
      vertex 5.33956 4.38206 0
      vertex 5.11811 4.63878 0
      vertex 5.56268 5.04172 0.599991
    endloop
  endfacet
  facet normal -0.70529 0.05203 -0.707007
    outer loop
      vertex -6.89917 0.338934 0
      vertex -7.49845 0.368375 0.599991
      vertex -7.47134 0.735863 0.599991
    endloop
  endfacet
  facet normal -0.999699 0.0245328 0
    outer loop
      vertex -7.50749 0 0.599991
      vertex -7.49845 0.368375 3.39999
      vertex -7.49845 0.368375 0.599991
    endloop
  endfacet
  facet normal -0.999699 0.0245328 0
    outer loop
      vertex -7.49845 0.368375 3.39999
      vertex -7.50749 0 0.599991
      vertex -7.50749 0 3.39999
    endloop
  endfacet
  facet normal -0.575811 -0.817583 0
    outer loop
      vertex -4.47221 -6.03007 0.599991
      vertex -4.17094 -6.24225 3.39999
      vertex -4.47221 -6.03007 3.39999
    endloop
  endfacet
  facet normal -0.575811 -0.817583 -0
    outer loop
      vertex -4.17094 -6.24225 3.39999
      vertex -4.47221 -6.03007 0.599991
      vertex -4.17094 -6.24225 0.599991
    endloop
  endfacet
  facet normal 0.69002 0.154942 -0.707011
    outer loop
      vertex 6.77476 1.34758 0
      vertex 6.70048 1.67838 0
      vertex 7.36324 1.46464 0.599991
    endloop
  endfacet
  facet normal 0.681585 0.188627 -0.707009
    outer loop
      vertex 6.70048 1.67838 0
      vertex 6.61005 2.00514 0
      vertex 7.18422 2.17931 0.599991
    endloop
  endfacet
  facet normal -0.435092 0.55752 -0.707012
    outer loop
      vertex -4.11478 5.54814 0
      vertex -4.7627 5.80337 0.599991
      vertex -4.47221 6.03007 0.599991
    endloop
  endfacet
  facet normal -0.435085 0.55753 -0.707009
    outer loop
      vertex -4.38206 5.33956 0
      vertex -4.7627 5.80337 0.599991
      vertex -4.11478 5.54814 0
    endloop
  endfacet
  facet normal -0.405244 0.914208 0
    outer loop
      vertex -2.87299 6.93602 0.599991
      vertex -3.20987 6.78669 3.39999
      vertex -2.87299 6.93602 3.39999
    endloop
  endfacet
  facet normal -0.405244 0.914208 0
    outer loop
      vertex -3.20987 6.78669 3.39999
      vertex -2.87299 6.93602 0.599991
      vertex -3.20987 6.78669 0.599991
    endloop
  endfacet
  facet normal -0.407221 0.578205 0.707001
    outer loop
      vertex -4.17094 6.24225 3.39999
      vertex -4.47221 6.03007 3.39999
      vertex -4.11478 5.54814 4
    endloop
  endfacet
  facet normal 0 0 1
    outer loop
      vertex 2.59229 1.76581 4
      vertex 0.878326 3.01108 4
      vertex 2.56021 1.72711 4
    endloop
  endfacet
  facet normal 0 0 1
    outer loop
      vertex 2.36636 1.32242 4
      vertex 1.02278 0.0502319 4
      vertex 1.02402 0 4
    endloop
  endfacet
  facet normal -0 0 1
    outer loop
      vertex 0.85144 2.96861 4
      vertex 2.56021 1.72711 4
      vertex 0.878326 3.01108 4
    endloop
  endfacet
  facet normal 0 0 1
    outer loop
      vertex 2.36636 1.32242 4
      vertex 1.01909 0.100357 4
      vertex 1.02278 0.0502319 4
    endloop
  endfacet
  facet normal 0 0 1
    outer loop
      vertex 2.56021 1.72711 4
      vertex 0.85144 2.96861 4
      vertex 2.53006 1.68689 4
    endloop
  endfacet
  facet normal 0 0 1
    outer loop
      vertex 2.36636 1.32242 4
      vertex 1.01294 0.150253 4
      vertex 1.01909 0.100357 4
    endloop
  endfacet
  facet normal -0 0 1
    outer loop
      vertex 0.822495 2.92752 4
      vertex 2.53006 1.68689 4
      vertex 0.85144 2.96861 4
    endloop
  endfacet
  facet normal 0 0 1
    outer loop
      vertex 2.36636 1.32242 4
      vertex 1.00433 0.199768 4
      vertex 1.01294 0.150253 4
    endloop
  endfacet
  facet normal 0 0 1
    outer loop
      vertex 2.53006 1.68689 4
      vertex 0.822495 2.92752 4
      vertex 2.50194 1.64523 4
    endloop
  endfacet
  facet normal 0 0 1
    outer loop
      vertex 2.36636 1.32242 4
      vertex 0.993332 0.24881 4
      vertex 1.00433 0.199768 4
    endloop
  endfacet
  facet normal -0 0 1
    outer loop
      vertex 0.79158 2.88789 4
      vertex 2.50194 1.64523 4
      vertex 0.822495 2.92752 4
    endloop
  endfacet
  facet normal 0 0 1
    outer loop
      vertex 2.36636 1.32242 4
      vertex 0.979919 0.297256 4
      vertex 0.993332 0.24881 4
    endloop
  endfacet
  facet normal 0 0 1
    outer loop
      vertex 2.50194 1.64523 4
      vertex 0.79158 2.88789 4
      vertex 2.47589 1.60226 4
    endloop
  endfacet
  facet normal 0 0 1
    outer loop
      vertex 2.36636 1.32242 4
      vertex 0.964157 0.344971 4
      vertex 0.979919 0.297256 4
    endloop
  endfacet
  facet normal -0 0 1
    outer loop
      vertex 0.758743 2.84984 4
      vertex 2.47589 1.60226 4
      vertex 0.79158 2.88789 4
    endloop
  endfacet
  facet normal 0 0 1
    outer loop
      vertex 2.36636 1.32242 4
      vertex 0.94606 0.391876 4
      vertex 0.964157 0.344971 4
    endloop
  endfacet
  facet normal 0 0 1
    outer loop
      vertex 2.47589 1.60226 4
      vertex 0.758743 2.84984 4
      vertex 2.45198 1.55804 4
    endloop
  endfacet
  facet normal 0 0 1
    outer loop
      vertex 2.36636 1.32242 4
      vertex 0.925705 0.43782 4
      vertex 0.94606 0.391876 4
    endloop
  endfacet
  facet normal -0 0 1
    outer loop
      vertex 0.724091 2.81343 4
      vertex 2.45198 1.55804 4
      vertex 0.758743 2.84984 4
    endloop
  endfacet
  facet normal 0 0 1
    outer loop
      vertex 2.36636 1.32242 4
      vertex 0.903107 0.482712 4
      vertex 0.925705 0.43782 4
    endloop
  endfacet
  facet normal 0 0 1
    outer loop
      vertex 2.45198 1.55804 4
      vertex 0.724091 2.81343 4
      vertex 2.43027 1.51271 4
    endloop
  endfacet
  facet normal 0 0 1
    outer loop
      vertex 2.36636 1.32242 4
      vertex 0.878326 0.526443 4
      vertex 0.903107 0.482712 4
    endloop
  endfacet
  facet normal -0 0 1
    outer loop
      vertex 0.687683 2.77878 4
      vertex 2.43027 1.51271 4
      vertex 0.724091 2.81343 4
    endloop
  endfacet
  facet normal 0 0 1
    outer loop
      vertex 2.36636 1.32242 4
      vertex 0.85144 0.568909 4
      vertex 0.878326 0.526443 4
    endloop
  endfacet
  facet normal 0 0 1
    outer loop
      vertex 2.43027 1.51271 4
      vertex 0.687683 2.77878 4
      vertex 2.4108 1.46637 4
    endloop
  endfacet
  facet normal 0 0 1
    outer loop
      vertex 2.36636 1.32242 4
      vertex 0.822495 0.610001 4
      vertex 0.85144 0.568909 4
    endloop
  endfacet
  facet normal -0 0 1
    outer loop
      vertex 0.649628 2.74594 4
      vertex 2.4108 1.46637 4
      vertex 0.687683 2.77878 4
    endloop
  endfacet
  facet normal 0 0 1
    outer loop
      vertex 2.36636 1.32242 4
      vertex 0.79158 0.649628 4
      vertex 0.822495 0.610001 4
    endloop
  endfacet
  facet normal 0 0 1
    outer loop
      vertex 2.4108 1.46637 4
      vertex 0.649628 2.74594 4
      vertex 2.39363 1.41914 4
    endloop
  endfacet
  facet normal 0 0 1
    outer loop
      vertex 2.36636 1.32242 4
      vertex 0.758743 0.687683 4
      vertex 0.79158 0.649628 4
    endloop
  endfacet
  facet normal -0 0 1
    outer loop
      vertex 0.610001 2.71503 4
      vertex 2.39363 1.41914 4
      vertex 0.649628 2.74594 4
    endloop
  endfacet
  facet normal 0 0 1
    outer loop
      vertex 2.36636 1.32242 4
      vertex 0.724091 0.724091 4
      vertex 0.758743 0.687683 4
    endloop
  endfacet
  facet normal 0 0 1
    outer loop
      vertex 0.610001 0.822495 4
      vertex 2.39363 1.41914 4
      vertex 0.610001 2.71503 4
    endloop
  endfacet
  facet normal 0 0 1
    outer loop
      vertex 2.36636 1.32242 4
      vertex 0.687683 0.758743 4
      vertex 0.724091 0.724091 4
    endloop
  endfacet
  facet normal 0 0 1
    outer loop
      vertex 2.39363 1.41914 4
      vertex 0.610001 0.822495 4
      vertex 2.37881 1.37111 4
    endloop
  endfacet
  facet normal 0 0 1
    outer loop
      vertex 2.36636 1.32242 4
      vertex 0.649628 0.79158 4
      vertex 0.687683 0.758743 4
    endloop
  endfacet
  facet normal 0 -0 1
    outer loop
      vertex 0.649628 0.79158 4
      vertex 2.37881 1.37111 4
      vertex 0.610001 0.822495 4
    endloop
  endfacet
  facet normal 0 0 1
    outer loop
      vertex 2.37881 1.37111 4
      vertex 0.649628 0.79158 4
      vertex 2.36636 1.32242 4
    endloop
  endfacet
  facet normal -0 0 1
    outer loop
      vertex 0.568909 2.68608 4
      vertex 0.610001 0.822495 4
      vertex 0.610001 2.71503 4
    endloop
  endfacet
  facet normal 0 0 1
    outer loop
      vertex 0.568909 2.68608 4
      vertex 0.568909 0.85144 4
      vertex 0.610001 0.822495 4
    endloop
  endfacet
  facet normal -0 0 1
    outer loop
      vertex 0.526443 2.65919 4
      vertex 0.568909 0.85144 4
      vertex 0.568909 2.68608 4
    endloop
  endfacet
  facet normal 0 0 1
    outer loop
      vertex 0.526443 2.65919 4
      vertex 0.526443 0.878326 4
      vertex 0.568909 0.85144 4
    endloop
  endfacet
  facet normal -0 0 1
    outer loop
      vertex 0.482712 2.63441 4
      vertex 0.526443 0.878326 4
      vertex 0.526443 2.65919 4
    endloop
  endfacet
  facet normal 0 0 1
    outer loop
      vertex 0.482712 2.63441 4
      vertex 0.482712 0.903107 4
      vertex 0.526443 0.878326 4
    endloop
  endfacet
  facet normal -0 0 1
    outer loop
      vertex 0.43782 2.61182 4
      vertex 0.482712 0.903107 4
      vertex 0.482712 2.63441 4
    endloop
  endfacet
  facet normal 0 0 1
    outer loop
      vertex 0.43782 2.61182 4
      vertex 0.43782 0.925705 4
      vertex 0.482712 0.903107 4
    endloop
  endfacet
  facet normal -0 0 1
    outer loop
      vertex 0.391876 2.59145 4
      vertex 0.43782 0.925705 4
      vertex 0.43782 2.61182 4
    endloop
  endfacet
  facet normal 0 0 1
    outer loop
      vertex 0.391876 2.59145 4
      vertex 0.391876 0.94606 4
      vertex 0.43782 0.925705 4
    endloop
  endfacet
  facet normal -0 0 1
    outer loop
      vertex 0.344971 2.57336 4
      vertex 0.391876 0.94606 4
      vertex 0.391876 2.59145 4
    endloop
  endfacet
  facet normal 0 0 1
    outer loop
      vertex 0.344971 2.57336 4
      vertex 0.344971 0.964157 4
      vertex 0.391876 0.94606 4
    endloop
  endfacet
  facet normal -0 0 1
    outer loop
      vertex 0.297256 2.5576 4
      vertex 0.344971 0.964157 4
      vertex 0.344971 2.57336 4
    endloop
  endfacet
  facet normal 0 0 1
    outer loop
      vertex 0.297256 2.5576 4
      vertex 0.297256 0.979919 4
      vertex 0.344971 0.964157 4
    endloop
  endfacet
  facet normal -0 0 1
    outer loop
      vertex 0.24881 2.54419 4
      vertex 0.297256 0.979919 4
      vertex 0.297256 2.5576 4
    endloop
  endfacet
  facet normal 0 0 1
    outer loop
      vertex 0.24881 2.54419 4
      vertex 0.24881 0.993332 4
      vertex 0.297256 0.979919 4
    endloop
  endfacet
  facet normal -0 0 1
    outer loop
      vertex 0.199768 2.53317 4
      vertex 0.24881 0.993332 4
      vertex 0.24881 2.54419 4
    endloop
  endfacet
  facet normal 0 0 1
    outer loop
      vertex 0.199768 2.53317 4
      vertex 0.199768 1.00433 4
      vertex 0.24881 0.993332 4
    endloop
  endfacet
  facet normal -0 0 1
    outer loop
      vertex 0.150253 2.52458 4
      vertex 0.199768 1.00433 4
      vertex 0.199768 2.53317 4
    endloop
  endfacet
  facet normal 0 0 1
    outer loop
      vertex 0.150253 2.52458 4
      vertex 0.150253 1.01294 4
      vertex 0.199768 1.00433 4
    endloop
  endfacet
  facet normal -0 0 1
    outer loop
      vertex 0.100357 2.51843 4
      vertex 0.150253 1.01294 4
      vertex 0.150253 2.52458 4
    endloop
  endfacet
  facet normal 0 0 1
    outer loop
      vertex 0.100357 2.51843 4
      vertex 0.100357 1.01909 4
      vertex 0.150253 1.01294 4
    endloop
  endfacet
  facet normal -0 0 1
    outer loop
      vertex 0.0502319 2.51474 4
      vertex 0.100357 1.01909 4
      vertex 0.100357 2.51843 4
    endloop
  endfacet
  facet normal 0 0 1
    outer loop
      vertex 0.0502319 2.51474 4
      vertex 0.0502319 1.02278 4
      vertex 0.100357 1.01909 4
    endloop
  endfacet
  facet normal -0 0 1
    outer loop
      vertex 0 2.5135 4
      vertex 0.0502319 1.02278 4
      vertex 0.0502319 2.51474 4
    endloop
  endfacet
  facet normal 0 0 1
    outer loop
      vertex 0 2.5135 4
      vertex 0 1.02402 4
      vertex 0.0502319 1.02278 4
    endloop
  endfacet
  facet normal 0 0 1
    outer loop
      vertex -0.0502319 2.51474 4
      vertex 0 1.02402 4
      vertex 0 2.5135 4
    endloop
  endfacet
  facet normal 0 0 1
    outer loop
      vertex -0.0502319 2.51474 4
      vertex -0.0502319 1.02278 4
      vertex 0 1.02402 4
    endloop
  endfacet
  facet normal 0 0 1
    outer loop
      vertex -0.100357 2.51843 4
      vertex -0.0502319 1.02278 4
      vertex -0.0502319 2.51474 4
    endloop
  endfacet
  facet normal 0 0 1
    outer loop
      vertex -0.100357 2.51843 4
      vertex -0.100357 1.01909 4
      vertex -0.0502319 1.02278 4
    endloop
  endfacet
  facet normal 0 0 1
    outer loop
      vertex -0.150253 2.52458 4
      vertex -0.100357 1.01909 4
      vertex -0.100357 2.51843 4
    endloop
  endfacet
  facet normal 0 0 1
    outer loop
      vertex -0.150253 2.52458 4
      vertex -0.150253 1.01294 4
      vertex -0.100357 1.01909 4
    endloop
  endfacet
  facet normal 0 0 1
    outer loop
      vertex -0.199768 2.53317 4
      vertex -0.150253 1.01294 4
      vertex -0.150253 2.52458 4
    endloop
  endfacet
  facet normal 0 0 1
    outer loop
      vertex -0.199768 2.53317 4
      vertex -0.199768 1.00433 4
      vertex -0.150253 1.01294 4
    endloop
  endfacet
  facet normal 0 0 1
    outer loop
      vertex -0.24881 2.54419 4
      vertex -0.199768 1.00433 4
      vertex -0.199768 2.53317 4
    endloop
  endfacet
  facet normal 0 0 1
    outer loop
      vertex -0.24881 2.54419 4
      vertex -0.24881 0.993332 4
      vertex -0.199768 1.00433 4
    endloop
  endfacet
  facet normal 0 0 1
    outer loop
      vertex -0.297256 2.5576 4
      vertex -0.24881 0.993332 4
      vertex -0.24881 2.54419 4
    endloop
  endfacet
  facet normal 0 0 1
    outer loop
      vertex -0.297256 2.5576 4
      vertex -0.297256 0.979919 4
      vertex -0.24881 0.993332 4
    endloop
  endfacet
  facet normal 0 0 1
    outer loop
      vertex -0.344971 2.57336 4
      vertex -0.297256 0.979919 4
      vertex -0.297256 2.5576 4
    endloop
  endfacet
  facet normal 0 0 1
    outer loop
      vertex -0.344971 2.57336 4
      vertex -0.344971 0.964157 4
      vertex -0.297256 0.979919 4
    endloop
  endfacet
  facet normal 0 0 1
    outer loop
      vertex -0.391876 2.59145 4
      vertex -0.344971 0.964157 4
      vertex -0.344971 2.57336 4
    endloop
  endfacet
  facet normal 0 0 1
    outer loop
      vertex -0.391876 2.59145 4
      vertex -0.391876 0.94606 4
      vertex -0.344971 0.964157 4
    endloop
  endfacet
  facet normal 0 0 1
    outer loop
      vertex -0.43782 2.61182 4
      vertex -0.391876 0.94606 4
      vertex -0.391876 2.59145 4
    endloop
  endfacet
  facet normal 0 0 1
    outer loop
      vertex -0.43782 2.61182 4
      vertex -0.43782 0.925705 4
      vertex -0.391876 0.94606 4
    endloop
  endfacet
  facet normal 0 0 1
    outer loop
      vertex -0.482712 2.63441 4
      vertex -0.43782 0.925705 4
      vertex -0.43782 2.61182 4
    endloop
  endfacet
  facet normal 0 0 1
    outer loop
      vertex -0.482712 2.63441 4
      vertex -0.482712 0.903107 4
      vertex -0.43782 0.925705 4
    endloop
  endfacet
  facet normal 0 0 1
    outer loop
      vertex -0.526443 2.65919 4
      vertex -0.482712 0.903107 4
      vertex -0.482712 2.63441 4
    endloop
  endfacet
  facet normal 0 0 1
    outer loop
      vertex -0.526443 2.65919 4
      vertex -0.526443 0.878326 4
      vertex -0.482712 0.903107 4
    endloop
  endfacet
  facet normal 0 0 1
    outer loop
      vertex -0.568909 2.68608 4
      vertex -0.526443 0.878326 4
      vertex -0.526443 2.65919 4
    endloop
  endfacet
  facet normal 0 0 1
    outer loop
      vertex -0.568909 2.68608 4
      vertex -0.568909 0.85144 4
      vertex -0.526443 0.878326 4
    endloop
  endfacet
  facet normal 0 0 1
    outer loop
      vertex -0.610001 2.71503 4
      vertex -0.568909 0.85144 4
      vertex -0.568909 2.68608 4
    endloop
  endfacet
  facet normal 0 0 1
    outer loop
      vertex -0.610001 2.71503 4
      vertex -0.610001 0.822495 4
      vertex -0.568909 0.85144 4
    endloop
  endfacet
  facet normal 0 0 1
    outer loop
      vertex -2.39363 1.41914 4
      vertex -0.610001 2.71503 4
      vertex -0.649628 2.74594 4
    endloop
  endfacet
  facet normal 0 0 1
    outer loop
      vertex -0.610001 2.71503 4
      vertex -2.39363 1.41914 4
      vertex -0.610001 0.822495 4
    endloop
  endfacet
  facet normal 0 0 1
    outer loop
      vertex -2.4108 1.46637 4
      vertex -0.649628 2.74594 4
      vertex -0.687683 2.77878 4
    endloop
  endfacet
  facet normal -0 -0 1
    outer loop
      vertex -2.37881 1.37111 4
      vertex -0.610001 0.822495 4
      vertex -2.39363 1.41914 4
    endloop
  endfacet
  facet normal 0 0 1
    outer loop
      vertex -2.43027 1.51271 4
      vertex -0.687683 2.77878 4
      vertex -0.724091 2.81343 4
    endloop
  endfacet
  facet normal 0 0 1
    outer loop
      vertex -0.610001 0.822495 4
      vertex -2.37881 1.37111 4
      vertex -0.649628 0.79158 4
    endloop
  endfacet
  facet normal 0 0 1
    outer loop
      vertex -2.45198 1.55804 4
      vertex -0.724091 2.81343 4
      vertex -0.758743 2.84984 4
    endloop
  endfacet
  facet normal -0 -0 1
    outer loop
      vertex -2.36636 1.32242 4
      vertex -0.649628 0.79158 4
      vertex -2.37881 1.37111 4
    endloop
  endfacet
  facet normal 0 0 1
    outer loop
      vertex -2.47589 1.60226 4
      vertex -0.758743 2.84984 4
      vertex -0.79158 2.88789 4
    endloop
  endfacet
  facet normal 0 0 1
    outer loop
      vertex -0.649628 0.79158 4
      vertex -2.36636 1.32242 4
      vertex -0.687683 0.758743 4
    endloop
  endfacet
  facet normal 0 0 1
    outer loop
      vertex -2.50194 1.64523 4
      vertex -0.79158 2.88789 4
      vertex -0.822495 2.92752 4
    endloop
  endfacet
  facet normal -0 -0 1
    outer loop
      vertex -2.35631 1.27316 4
      vertex -0.687683 0.758743 4
      vertex -2.36636 1.32242 4
    endloop
  endfacet
  facet normal 0 0 1
    outer loop
      vertex -2.53006 1.68689 4
      vertex -0.822495 2.92752 4
      vertex -0.85144 2.96861 4
    endloop
  endfacet
  facet normal 0 0 1
    outer loop
      vertex -0.687683 0.758743 4
      vertex -2.35631 1.27316 4
      vertex -0.724091 0.724091 4
    endloop
  endfacet
  facet normal 0 0 1
    outer loop
      vertex -2.56021 1.72711 4
      vertex -0.85144 2.96861 4
      vertex -0.878326 3.01108 4
    endloop
  endfacet
  facet normal -0 -0 1
    outer loop
      vertex -2.34869 1.2235 4
      vertex -0.724091 0.724091 4
      vertex -2.35631 1.27316 4
    endloop
  endfacet
  facet normal 0 0 1
    outer loop
      vertex -2.59229 1.76581 4
      vertex -0.878326 3.01108 4
      vertex -0.903107 3.05481 4
    endloop
  endfacet
  facet normal 0 0 1
    outer loop
      vertex -0.724091 0.724091 4
      vertex -2.34869 1.2235 4
      vertex -0.758743 0.687683 4
    endloop
  endfacet
  facet normal 0 0 1
    outer loop
      vertex -2.62622 1.80289 4
      vertex -0.903107 3.05481 4
      vertex -0.925705 3.0997 4
    endloop
  endfacet
  facet normal 0 0 1
    outer loop
      vertex -0.758743 0.687683 4
      vertex -2.34352 1.17349 4
      vertex -0.79158 0.649628 4
    endloop
  endfacet
  facet normal 0 0 1
    outer loop
      vertex -2.66193 1.83826 4
      vertex -0.925705 3.0997 4
      vertex -0.94606 3.14565 4
    endloop
  endfacet
  facet normal -0 -0 1
    outer loop
      vertex -2.34081 1.12331 4
      vertex -0.79158 0.649628 4
      vertex -2.34352 1.17349 4
    endloop
  endfacet
  facet normal 0 0 1
    outer loop
      vertex -2.69934 1.87183 4
      vertex -0.94606 3.14565 4
      vertex -0.964157 3.19255 4
    endloop
  endfacet
  facet normal 0 0 1
    outer loop
      vertex -0.79158 0.649628 4
      vertex -2.34081 1.12331 4
      vertex -0.822495 0.610001 4
    endloop
  endfacet
  facet normal 0 0 1
    outer loop
      vertex -2.73834 1.90352 4
      vertex -0.964157 3.19255 4
      vertex -0.979919 3.24026 4
    endloop
  endfacet
  facet normal -0 -0 1
    outer loop
      vertex -2.34056 1.07304 4
      vertex -0.822495 0.610001 4
      vertex -2.34081 1.12331 4
    endloop
  endfacet
  facet normal 0 0 1
    outer loop
      vertex -2.77887 1.93326 4
      vertex -0.979919 3.24026 4
      vertex -0.993332 3.28871 4
    endloop
  endfacet
  facet normal 0 0 1
    outer loop
      vertex -0.822495 0.610001 4
      vertex -2.34056 1.07304 4
      vertex -0.85144 0.568909 4
    endloop
  endfacet
  facet normal 0 0 1
    outer loop
      vertex -2.82079 1.96098 4
      vertex -0.993332 3.28871 4
      vertex -1.00433 3.33775 4
    endloop
  endfacet
  facet normal -0 0 1
    outer loop
      vertex -2.34279 1.02283 4
      vertex -0.85144 0.568909 4
      vertex -2.34056 1.07304 4
    endloop
  endfacet
  facet normal 0 0 1
    outer loop
      vertex -2.86403 1.9866 4
      vertex -1.00433 3.33775 4
      vertex -1.01294 3.38727 4
    endloop
  endfacet
  facet normal 0 0 1
    outer loop
      vertex -0.85144 0.568909 4
      vertex -2.34279 1.02283 4
      vertex -0.878326 0.526443 4
    endloop
  endfacet
  facet normal 0 0 1
    outer loop
      vertex -2.90848 2.01009 4
      vertex -1.01294 3.38727 4
      vertex -1.01909 3.43715 4
    endloop
  endfacet
  facet normal -0 0 1
    outer loop
      vertex -2.34746 0.972794 4
      vertex -0.878326 0.526443 4
      vertex -2.34279 1.02283 4
    endloop
  endfacet
  facet normal 0 0 1
    outer loop
      vertex -2.95401 2.03134 4
      vertex -1.01909 3.43715 4
      vertex -1.02278 3.48727 4
    endloop
  endfacet
  facet normal 0 0 1
    outer loop
      vertex -0.878326 0.526443 4
      vertex -2.34746 0.972794 4
      vertex -0.903107 0.482712 4
    endloop
  endfacet
  facet normal 0 0 1
    outer loop
      vertex -3.00053 2.05035 4
      vertex -1.02278 3.48727 4
      vertex -1.02402 3.53752 4
    endloop
  endfacet
  facet normal 0 0 1
    outer loop
      vertex -0.903107 0.482712 4
      vertex -2.3546 0.923035 4
      vertex -0.925705 0.43782 4
    endloop
  endfacet
  facet normal 0 0 1
    outer loop
      vertex 5.92475 -3.55116 4
      vertex 3.10254 -2.82172 4
      vertex 3.10327 -2.87196 4
    endloop
  endfacet
  facet normal 0 0 1
    outer loop
      vertex 3.18437 0.0850677 4
      vertex 3.09933 -2.77156 4
      vertex 3.10254 -2.82172 4
    endloop
  endfacet
  facet normal 0 0 1
    outer loop
      vertex 3.18437 0.0850677 4
      vertex 3.09367 -2.72162 4
      vertex 3.09933 -2.77156 4
    endloop
  endfacet
  facet normal 0 0 1
    outer loop
      vertex 2.48045 -1.91974 4
      vertex 3.13512 0.0951233 4
      vertex 3.08643 0.107574 4
    endloop
  endfacet
  facet normal 0 0 1
    outer loop
      vertex 3.18437 0.0850677 4
      vertex 3.08556 -2.67201 4
      vertex 3.09367 -2.72162 4
    endloop
  endfacet
  facet normal 0 0 1
    outer loop
      vertex 3.18437 0.0850677 4
      vertex 3.07503 -2.62286 4
      vertex 3.08556 -2.67201 4
    endloop
  endfacet
  facet normal 0 0 1
    outer loop
      vertex 3.18437 0.0850677 4
      vertex 3.0621 -2.5743 4
      vertex 3.07503 -2.62286 4
    endloop
  endfacet
  facet normal 0 0 1
    outer loop
      vertex 3.18437 0.0850677 4
      vertex 3.0468 -2.52641 4
      vertex 3.0621 -2.5743 4
    endloop
  endfacet
  facet normal 0 0 1
    outer loop
      vertex 2.43373 -1.90118 4
      vertex 3.08643 0.107574 4
      vertex 3.03841 0.122406 4
    endloop
  endfacet
  facet normal 0 0 1
    outer loop
      vertex 3.18437 0.0850677 4
      vertex 3.02917 -2.47935 4
      vertex 3.0468 -2.52641 4
    endloop
  endfacet
  facet normal 0 0 1
    outer loop
      vertex 3.18437 0.0850677 4
      vertex 3.00926 -2.4332 4
      vertex 3.02917 -2.47935 4
    endloop
  endfacet
  facet normal 0 0 1
    outer loop
      vertex 2.38617 -1.88495 4
      vertex 3.03841 0.122406 4
      vertex 2.99117 0.139572 4
    endloop
  endfacet
  facet normal 0 0 1
    outer loop
      vertex 3.18437 0.0850677 4
      vertex 2.98711 -2.38809 4
      vertex 3.00926 -2.4332 4
    endloop
  endfacet
  facet normal 0 0 1
    outer loop
      vertex 3.18437 0.0850677 4
      vertex 2.96277 -2.34412 4
      vertex 2.98711 -2.38809 4
    endloop
  endfacet
  facet normal 0 0 1
    outer loop
      vertex 2.33786 -1.87108 4
      vertex 2.99117 0.139572 4
      vertex 2.94482 0.159027 4
    endloop
  endfacet
  facet normal 0 0 1
    outer loop
      vertex 3.18437 0.0850677 4
      vertex 2.93629 -2.30139 4
      vertex 2.96277 -2.34412 4
    endloop
  endfacet
  facet normal 0 0 1
    outer loop
      vertex 3.18437 0.0850677 4
      vertex 2.90776 -2.26001 4
      vertex 2.93629 -2.30139 4
    endloop
  endfacet
  facet normal 0 0 1
    outer loop
      vertex 2.28893 -1.85957 4
      vertex 2.94482 0.159027 4
      vertex 2.89949 0.18074 4
    endloop
  endfacet
  facet normal 0 0 1
    outer loop
      vertex 3.18437 0.0850677 4
      vertex 2.87723 -2.22009 4
      vertex 2.90776 -2.26001 4
    endloop
  endfacet
  facet normal 0 0 1
    outer loop
      vertex 2.2395 -1.85049 4
      vertex 2.89949 0.18074 4
      vertex 2.85529 0.204651 4
    endloop
  endfacet
  facet normal 0 0 1
    outer loop
      vertex 3.18437 0.0850677 4
      vertex 2.84477 -2.1817 4
      vertex 2.87723 -2.22009 4
    endloop
  endfacet
  facet normal 0 0 1
    outer loop
      vertex 2.18968 -1.84386 4
      vertex 2.85529 0.204651 4
      vertex 2.8123 0.230698 4
    endloop
  endfacet
  facet normal 0 0 1
    outer loop
      vertex 3.18437 0.0850677 4
      vertex 2.81047 -2.14497 4
      vertex 2.84477 -2.1817 4
    endloop
  endfacet
  facet normal 0 0 1
    outer loop
      vertex 3.18437 0.0850677 4
      vertex 2.77441 -2.10995 4
      vertex 2.81047 -2.14497 4
    endloop
  endfacet
  facet normal 0 0 1
    outer loop
      vertex 2.13959 -1.83968 4
      vertex 2.8123 0.230698 4
      vertex 2.77065 0.258835 4
    endloop
  endfacet
  facet normal 0 0 1
    outer loop
      vertex 3.18437 0.0850677 4
      vertex 2.73668 -2.07675 4
      vertex 2.77441 -2.10995 4
    endloop
  endfacet
  facet normal 0 0 1
    outer loop
      vertex 0.979919 -0.297256 4
      vertex 2.77065 0.258835 4
      vertex 2.73042 0.288971 4
    endloop
  endfacet
  facet normal 0 0 1
    outer loop
      vertex 3.18437 0.0850677 4
      vertex 2.69736 -2.04544 4
      vertex 2.73668 -2.07675 4
    endloop
  endfacet
  facet normal 0 0 1
    outer loop
      vertex 0.993332 -0.24881 4
      vertex 2.73042 0.288971 4
      vertex 2.69173 0.321045 4
    endloop
  endfacet
  facet normal 0 0 1
    outer loop
      vertex 3.18437 0.0850677 4
      vertex 2.65656 -2.0161 4
      vertex 2.69736 -2.04544 4
    endloop
  endfacet
  facet normal 0 0 1
    outer loop
      vertex 1.00433 -0.199768 4
      vertex 2.69173 0.321045 4
      vertex 2.65465 0.35498 4
    endloop
  endfacet
  facet normal 0 0 1
    outer loop
      vertex 1.01294 -0.150253 4
      vertex 2.65465 0.35498 4
      vertex 2.61928 0.390701 4
    endloop
  endfacet
  facet normal 0 0 1
    outer loop
      vertex 3.18437 0.0850677 4
      vertex 2.61435 -1.9888 4
      vertex 2.65656 -2.0161 4
    endloop
  endfacet
  facet normal 0 0 1
    outer loop
      vertex 1.01909 -0.100357 4
      vertex 2.61928 0.390701 4
      vertex 2.58571 0.428101 4
    endloop
  endfacet
  facet normal 0 0 1
    outer loop
      vertex 3.18437 0.0850677 4
      vertex 2.57086 -1.96359 4
      vertex 2.61435 -1.9888 4
    endloop
  endfacet
  facet normal 0 0 1
    outer loop
      vertex 1.02278 -0.0502319 4
      vertex 2.58571 0.428101 4
      vertex 2.55402 0.467102 4
    endloop
  endfacet
  facet normal 0 0 1
    outer loop
      vertex 3.18437 0.0850677 4
      vertex 2.5262 -1.94055 4
      vertex 2.57086 -1.96359 4
    endloop
  endfacet
  facet normal 0 0 1
    outer loop
      vertex 1.02402 0 4
      vertex 2.55402 0.467102 4
      vertex 2.52428 0.507629 4
    endloop
  endfacet
  facet normal 0 0 1
    outer loop
      vertex 1.02402 0 4
      vertex 2.52428 0.507629 4
      vertex 2.49655 0.549561 4
    endloop
  endfacet
  facet normal 0 0 1
    outer loop
      vertex 3.13512 0.0951233 4
      vertex 2.48045 -1.91974 4
      vertex 2.5262 -1.94055 4
    endloop
  endfacet
  facet normal 0 0 1
    outer loop
      vertex 1.02402 0 4
      vertex 2.49655 0.549561 4
      vertex 2.47093 0.592789 4
    endloop
  endfacet
  facet normal 0 0 1
    outer loop
      vertex 1.02402 0 4
      vertex 2.47093 0.592789 4
      vertex 2.44745 0.637238 4
    endloop
  endfacet
  facet normal 0 0 1
    outer loop
      vertex 3.08643 0.107574 4
      vertex 2.43373 -1.90118 4
      vertex 2.48045 -1.91974 4
    endloop
  endfacet
  facet normal 0 0 1
    outer loop
      vertex 1.02402 0 4
      vertex 2.44745 0.637238 4
      vertex 2.42619 0.68277 4
    endloop
  endfacet
  facet normal 0 0 1
    outer loop
      vertex 1.02402 0 4
      vertex 2.42619 0.68277 4
      vertex 2.40718 0.729309 4
    endloop
  endfacet
  facet normal 0 0 1
    outer loop
      vertex 1.02402 0 4
      vertex 2.40718 0.729309 4
      vertex 2.39049 0.776703 4
    endloop
  endfacet
  facet normal 0 0 1
    outer loop
      vertex 3.03841 0.122406 4
      vertex 2.38617 -1.88495 4
      vertex 2.43373 -1.90118 4
    endloop
  endfacet
  facet normal 0 0 1
    outer loop
      vertex 1.02402 0 4
      vertex 2.39049 0.776703 4
      vertex 2.37613 0.824875 4
    endloop
  endfacet
  facet normal 0 0 1
    outer loop
      vertex 1.02402 0 4
      vertex 2.37613 0.824875 4
      vertex 2.36415 0.873688 4
    endloop
  endfacet
  facet normal 0 0 1
    outer loop
      vertex 1.02402 0 4
      vertex 2.36415 0.873688 4
      vertex 2.3546 0.923035 4
    endloop
  endfacet
  facet normal 0 0 1
    outer loop
      vertex 1.02402 0 4
      vertex 2.3546 0.923035 4
      vertex 2.34746 0.972794 4
    endloop
  endfacet
  facet normal 0 0 1
    outer loop
      vertex 1.02402 0 4
      vertex 2.34746 0.972794 4
      vertex 2.34279 1.02283 4
    endloop
  endfacet
  facet normal 0 0 1
    outer loop
      vertex 1.02402 0 4
      vertex 2.34279 1.02283 4
      vertex 2.34056 1.07304 4
    endloop
  endfacet
  facet normal 0 0 1
    outer loop
      vertex 2.99117 0.139572 4
      vertex 2.33786 -1.87108 4
      vertex 2.38617 -1.88495 4
    endloop
  endfacet
  facet normal 0 0 1
    outer loop
      vertex 4.29851 0.673584 4
      vertex 6.90749 0 4
      vertex 6.89917 0.338934 4
    endloop
  endfacet
  facet normal 0 0 1
    outer loop
      vertex 4.33514 0.767166 4
      vertex 6.89917 0.338934 4
      vertex 6.87422 0.677052 4
    endloop
  endfacet
  facet normal 0 0 1
    outer loop
      vertex 6.90749 0 4
      vertex 4.29851 0.673584 4
      vertex 4.27679 0.62825 4
    endloop
  endfacet
  facet normal -0 0 1
    outer loop
      vertex 4.37247 0.913132 4
      vertex 6.87422 0.677052 4
      vertex 6.83272 1.01354 4
    endloop
  endfacet
  facet normal -0 0 1
    outer loop
      vertex 4.25288 0.584045 4
      vertex 6.90749 0 4
      vertex 4.27679 0.62825 4
    endloop
  endfacet
  facet normal 0 0 1
    outer loop
      vertex 4.38525 1.0128 4
      vertex 6.83272 1.01354 4
      vertex 6.77476 1.34758 4
    endloop
  endfacet
  facet normal 0 0 1
    outer loop
      vertex 6.89917 0.338934 4
      vertex 4.31798 0.719925 4
      vertex 4.29851 0.673584 4
    endloop
  endfacet
  facet normal 0 0 1
    outer loop
      vertex 4.38599 1.16347 4
      vertex 6.77476 1.34758 4
      vertex 6.70048 1.67838 4
    endloop
  endfacet
  facet normal 0 0 1
    outer loop
      vertex 6.90749 0 4
      vertex 4.25288 0.584045 4
      vertex 6.89917 -0.338934 4
    endloop
  endfacet
  facet normal 0 0 1
    outer loop
      vertex 4.36462 1.31261 4
      vertex 6.70048 1.67838 4
      vertex 6.61005 2.00514 4
    endloop
  endfacet
  facet normal 0 0 1
    outer loop
      vertex 6.89917 0.338934 4
      vertex 4.33514 0.767166 4
      vertex 4.31798 0.719925 4
    endloop
  endfacet
  facet normal 0 0 1
    outer loop
      vertex 4.33829 1.40959 4
      vertex 6.61005 2.00514 4
      vertex 6.5037 2.32706 4
    endloop
  endfacet
  facet normal -0 0 1
    outer loop
      vertex 4.22684 0.541061 4
      vertex 6.89917 -0.338934 4
      vertex 4.25288 0.584045 4
    endloop
  endfacet
  facet normal 0 0 1
    outer loop
      vertex 4.28131 1.54907 4
      vertex 6.5037 2.32706 4
      vertex 6.38168 2.64338 4
    endloop
  endfacet
  facet normal 0 0 1
    outer loop
      vertex 6.87422 0.677052 4
      vertex 4.34996 0.815186 4
      vertex 4.33514 0.767166 4
    endloop
  endfacet
  facet normal 0 0 1
    outer loop
      vertex 4.23221 1.63675 4
      vertex 6.38168 2.64338 4
      vertex 6.24429 2.95333 4
    endloop
  endfacet
  facet normal 0 0 1
    outer loop
      vertex 6.87422 0.677052 4
      vertex 4.36241 0.863892 4
      vertex 4.34996 0.815186 4
    endloop
  endfacet
  facet normal 0 0 1
    outer loop
      vertex 4.14307 1.75819 4
      vertex 6.24429 2.95333 4
      vertex 6.09186 3.25617 4
    endloop
  endfacet
  facet normal -0 0 1
    outer loop
      vertex 4.19872 0.499405 4
      vertex 6.89917 -0.338934 4
      vertex 4.22684 0.541061 4
    endloop
  endfacet
  facet normal 0 0 1
    outer loop
      vertex 4.07413 1.83131 4
      vertex 6.09186 3.25617 4
      vertex 5.92475 3.55116 4
    endloop
  endfacet
  facet normal 0 0 1
    outer loop
      vertex 6.87422 0.677052 4
      vertex 4.37247 0.913132 4
      vertex 4.36241 0.863892 4
    endloop
  endfacet
  facet normal 0 0 1
    outer loop
      vertex 3.95813 1.92747 4
      vertex 5.92475 3.55116 4
      vertex 5.74336 3.83759 4
    endloop
  endfacet
  facet normal 0 0 1
    outer loop
      vertex 6.83272 1.01354 4
      vertex 4.38008 0.962814 4
      vertex 4.37247 0.913132 4
    endloop
  endfacet
  facet normal 0 0 1
    outer loop
      vertex 3.87349 1.98164 4
      vertex 5.74336 3.83759 4
      vertex 5.54814 4.11478 4
    endloop
  endfacet
  facet normal 0 0 1
    outer loop
      vertex 6.89917 -0.338934 4
      vertex 4.19872 0.499405 4
      vertex 6.87422 -0.677052 4
    endloop
  endfacet
  facet normal 0 0 1
    outer loop
      vertex 3.78395 2.02727 4
      vertex 5.54814 4.11478 4
      vertex 5.33956 4.38206 4
    endloop
  endfacet
  facet normal 0 0 1
    outer loop
      vertex 6.83272 1.01354 4
      vertex 4.38525 1.0128 4
      vertex 4.38008 0.962814 4
    endloop
  endfacet
  facet normal 0 0 1
    outer loop
      vertex 3.64235 2.07872 4
      vertex 5.33956 4.38206 4
      vertex 5.11811 4.63878 4
    endloop
  endfacet
  facet normal -0 0 1
    outer loop
      vertex 4.16856 0.459183 4
      vertex 6.87422 -0.677052 4
      vertex 4.19872 0.499405 4
    endloop
  endfacet
  facet normal 0 0 1
    outer loop
      vertex 3.5444 2.10123 4
      vertex 5.11811 4.63878 4
      vertex 4.88433 4.88433 4
    endloop
  endfacet
  facet normal 0 0 1
    outer loop
      vertex 6.77476 1.34758 4
      vertex 4.38797 1.06299 4
      vertex 4.38525 1.0128 4
    endloop
  endfacet
  facet normal 0 0 1
    outer loop
      vertex 3.44473 2.11401 4
      vertex 4.88433 4.88433 4
      vertex 4.63878 5.11811 4
    endloop
  endfacet
  facet normal -0 0 1
    outer loop
      vertex 4.13649 0.420486 4
      vertex 6.87422 -0.677052 4
      vertex 4.16856 0.459183 4
    endloop
  endfacet
  facet normal 0 0 1
    outer loop
      vertex 6.77476 1.34758 4
      vertex 4.38821 1.11325 4
      vertex 4.38797 1.06299 4
    endloop
  endfacet
  facet normal 0 0 1
    outer loop
      vertex 6.77476 1.34758 4
      vertex 4.38599 1.16347 4
      vertex 4.38821 1.11325 4
    endloop
  endfacet
  facet normal 0 0 1
    outer loop
      vertex 3.34428 2.11697 4
      vertex 4.63878 5.11811 4
      vertex 4.38206 5.33956 4
    endloop
  endfacet
  facet normal 0 0 1
    outer loop
      vertex 6.70048 1.67838 4
      vertex 4.38132 1.21352 4
      vertex 4.38599 1.16347 4
    endloop
  endfacet
  facet normal 0 0 1
    outer loop
      vertex 6.70048 1.67838 4
      vertex 4.37418 1.26326 4
      vertex 4.38132 1.21352 4
    endloop
  endfacet
  facet normal 0 0 1
    outer loop
      vertex 6.70048 1.67838 4
      vertex 4.36462 1.31261 4
      vertex 4.37418 1.26326 4
    endloop
  endfacet
  facet normal 0 0 1
    outer loop
      vertex 6.61005 2.00514 4
      vertex 4.35265 1.36142 4
      vertex 4.36462 1.31261 4
    endloop
  endfacet
  facet normal 0 0 1
    outer loop
      vertex 6.61005 2.00514 4
      vertex 4.33829 1.40959 4
      vertex 4.35265 1.36142 4
    endloop
  endfacet
  facet normal 0 0 1
    outer loop
      vertex 6.5037 2.32706 4
      vertex 4.32159 1.457 4
      vertex 4.33829 1.40959 4
    endloop
  endfacet
  facet normal 0 0 1
    outer loop
      vertex 6.5037 2.32706 4
      vertex 4.30258 1.50352 4
      vertex 4.32159 1.457 4
    endloop
  endfacet
  facet normal 0 0 1
    outer loop
      vertex 6.5037 2.32706 4
      vertex 4.28131 1.54907 4
      vertex 4.30258 1.50352 4
    endloop
  endfacet
  facet normal 0 0 1
    outer loop
      vertex 6.38168 2.64338 4
      vertex 4.25784 1.59351 4
      vertex 4.28131 1.54907 4
    endloop
  endfacet
  facet normal 0 0 1
    outer loop
      vertex 6.38168 2.64338 4
      vertex 4.23221 1.63675 4
      vertex 4.25784 1.59351 4
    endloop
  endfacet
  facet normal 0 0 1
    outer loop
      vertex 6.24429 2.95333 4
      vertex 4.2045 1.67868 4
      vertex 4.23221 1.63675 4
    endloop
  endfacet
  facet normal 0 0 1
    outer loop
      vertex 6.24429 2.95333 4
      vertex 4.17476 1.71919 4
      vertex 4.2045 1.67868 4
    endloop
  endfacet
  facet normal 0 0 1
    outer loop
      vertex 6.24429 2.95333 4
      vertex 4.14307 1.75819 4
      vertex 4.17476 1.71919 4
    endloop
  endfacet
  facet normal 0 0 1
    outer loop
      vertex 3.29407 2.11476 4
      vertex 4.38206 5.33956 4
      vertex 4.11478 5.54814 4
    endloop
  endfacet
  facet normal 0 0 1
    outer loop
      vertex 6.09186 3.25617 4
      vertex 4.1095 1.79561 4
      vertex 4.14307 1.75819 4
    endloop
  endfacet
  facet normal 0 0 1
    outer loop
      vertex 6.09186 3.25617 4
      vertex 4.07413 1.83131 4
      vertex 4.1095 1.79561 4
    endloop
  endfacet
  facet normal 0 0 1
    outer loop
      vertex 5.92475 3.55116 4
      vertex 4.03705 1.86525 4
      vertex 4.07413 1.83131 4
    endloop
  endfacet
  facet normal 0 0 1
    outer loop
      vertex 5.92475 3.55116 4
      vertex 3.99835 1.89734 4
      vertex 4.03705 1.86525 4
    endloop
  endfacet
  facet normal 0 0 1
    outer loop
      vertex 5.92475 3.55116 4
      vertex 3.95813 1.92747 4
      vertex 3.99835 1.89734 4
    endloop
  endfacet
  facet normal 0 0 1
    outer loop
      vertex 5.74336 3.83759 4
      vertex 3.91647 1.9556 4
      vertex 3.95813 1.92747 4
    endloop
  endfacet
  facet normal 0 0 1
    outer loop
      vertex 5.74336 3.83759 4
      vertex 3.87349 1.98164 4
      vertex 3.91647 1.9556 4
    endloop
  endfacet
  facet normal 0 0 1
    outer loop
      vertex 1.00433 3.7373 4
      vertex 4.11478 5.54814 4
      vertex 3.83759 5.74336 4
    endloop
  endfacet
  facet normal 0 0 1
    outer loop
      vertex 5.54814 4.11478 4
      vertex 3.82928 2.00555 4
      vertex 3.87349 1.98164 4
    endloop
  endfacet
  facet normal 0 0 1
    outer loop
      vertex 5.54814 4.11478 4
      vertex 3.78395 2.02727 4
      vertex 3.82928 2.00555 4
    endloop
  endfacet
  facet normal 0 0 1
    outer loop
      vertex 5.33956 4.38206 4
      vertex 3.73761 2.04674 4
      vertex 3.78395 2.02727 4
    endloop
  endfacet
  facet normal 0 0 1
    outer loop
      vertex 5.33956 4.38206 4
      vertex 3.69037 2.0639 4
      vertex 3.73761 2.04674 4
    endloop
  endfacet
  facet normal 0 0 1
    outer loop
      vertex 5.33956 4.38206 4
      vertex 3.64235 2.07872 4
      vertex 3.69037 2.0639 4
    endloop
  endfacet
  facet normal 0 0 1
    outer loop
      vertex 5.11811 4.63878 4
      vertex 3.59366 2.09117 4
      vertex 3.64235 2.07872 4
    endloop
  endfacet
  facet normal 0 0 1
    outer loop
      vertex 0.993332 3.78635 4
      vertex 3.83759 5.74336 4
      vertex 3.55116 5.92475 4
    endloop
  endfacet
  facet normal 0 0 1
    outer loop
      vertex 5.11811 4.63878 4
      vertex 3.5444 2.10123 4
      vertex 3.59366 2.09117 4
    endloop
  endfacet
  facet normal 0 0 1
    outer loop
      vertex 4.88433 4.88433 4
      vertex 3.49472 2.10884 4
      vertex 3.5444 2.10123 4
    endloop
  endfacet
  facet normal 0 0 1
    outer loop
      vertex 4.88433 4.88433 4
      vertex 3.44473 2.11401 4
      vertex 3.49472 2.10884 4
    endloop
  endfacet
  facet normal 0 0 1
    outer loop
      vertex 4.63878 5.11811 4
      vertex 3.39455 2.11673 4
      vertex 3.44473 2.11401 4
    endloop
  endfacet
  facet normal 0 0 1
    outer loop
      vertex 4.63878 5.11811 4
      vertex 3.34428 2.11697 4
      vertex 3.39455 2.11673 4
    endloop
  endfacet
  facet normal 0 0 1
    outer loop
      vertex 4.38206 5.33956 4
      vertex 3.29407 2.11476 4
      vertex 3.34428 2.11697 4
    endloop
  endfacet
  facet normal 0 0 1
    outer loop
      vertex 0.964157 3.88251 4
      vertex 3.55116 5.92475 4
      vertex 3.25617 6.09186 4
    endloop
  endfacet
  facet normal 0 0 1
    outer loop
      vertex 4.11478 5.54814 4
      vertex 3.24402 2.11008 4
      vertex 3.29407 2.11476 4
    endloop
  endfacet
  facet normal 0 -0 1
    outer loop
      vertex 1.01294 3.68777 4
      vertex 4.11478 5.54814 4
      vertex 1.00433 3.7373 4
    endloop
  endfacet
  facet normal 0 0 1
    outer loop
      vertex 4.11478 5.54814 4
      vertex 3.19427 2.10295 4
      vertex 3.24402 2.11008 4
    endloop
  endfacet
  facet normal 0 0 1
    outer loop
      vertex 4.11478 5.54814 4
      vertex 1.01294 3.68777 4
      vertex 3.19427 2.10295 4
    endloop
  endfacet
  facet normal 0 0 1
    outer loop
      vertex 3.19427 2.10295 4
      vertex 1.01294 3.68777 4
      vertex 3.14493 2.09338 4
    endloop
  endfacet
  facet normal -0 -0 1
    outer loop
      vertex 1.01909 3.63789 4
      vertex 3.14493 2.09338 4
      vertex 1.01294 3.68777 4
    endloop
  endfacet
  facet normal 0 0 1
    outer loop
      vertex 3.14493 2.09338 4
      vertex 1.01909 3.63789 4
      vertex 3.09612 2.08141 4
    endloop
  endfacet
  facet normal 0 0 1
    outer loop
      vertex 0.925705 3.97536 4
      vertex 3.25617 6.09186 4
      vertex 2.95333 6.24429 4
    endloop
  endfacet
  facet normal -0 -0 1
    outer loop
      vertex 1.02278 3.58777 4
      vertex 3.09612 2.08141 4
      vertex 1.01909 3.63789 4
    endloop
  endfacet
  facet normal 0 0 1
    outer loop
      vertex 3.09612 2.08141 4
      vertex 1.02278 3.58777 4
      vertex 3.04794 2.06705 4
    endloop
  endfacet
  facet normal -0 -0 1
    outer loop
      vertex 1.02402 3.53752 4
      vertex 3.04794 2.06705 4
      vertex 1.02278 3.58777 4
    endloop
  endfacet
  facet normal -0 0 1
    outer loop
      vertex 1.02278 3.48727 4
      vertex 3.00053 2.05035 4
      vertex 1.02402 3.53752 4
    endloop
  endfacet
  facet normal 0 0 1
    outer loop
      vertex 3.00053 2.05035 4
      vertex 1.02278 3.48727 4
      vertex 2.95401 2.03134 4
    endloop
  endfacet
  facet normal -0 0 1
    outer loop
      vertex 1.01909 3.43715 4
      vertex 2.95401 2.03134 4
      vertex 1.02278 3.48727 4
    endloop
  endfacet
  facet normal 0 0 1
    outer loop
      vertex 2.95401 2.03134 4
      vertex 1.01909 3.43715 4
      vertex 2.90848 2.01009 4
    endloop
  endfacet
  facet normal 0 0 1
    outer loop
      vertex 0.878326 4.06398 4
      vertex 2.95333 6.24429 4
      vertex 2.64338 6.38168 4
    endloop
  endfacet
  facet normal -0 0 1
    outer loop
      vertex 1.01294 3.38727 4
      vertex 2.90848 2.01009 4
      vertex 1.01909 3.43715 4
    endloop
  endfacet
  facet normal 0 0 1
    outer loop
      vertex 2.90848 2.01009 4
      vertex 1.01294 3.38727 4
      vertex 2.86403 1.9866 4
    endloop
  endfacet
  facet normal -0 0 1
    outer loop
      vertex 1.00433 3.33775 4
      vertex 2.86403 1.9866 4
      vertex 1.01294 3.38727 4
    endloop
  endfacet
  facet normal 0 0 1
    outer loop
      vertex 2.86403 1.9866 4
      vertex 1.00433 3.33775 4
      vertex 2.82079 1.96098 4
    endloop
  endfacet
  facet normal -0 0 1
    outer loop
      vertex 0.993332 3.28871 4
      vertex 2.82079 1.96098 4
      vertex 1.00433 3.33775 4
    endloop
  endfacet
  facet normal -0 0 1
    outer loop
      vertex 0.979919 3.24026 4
      vertex 2.77887 1.93326 4
      vertex 0.993332 3.28871 4
    endloop
  endfacet
  facet normal 0 0 1
    outer loop
      vertex 2.77887 1.93326 4
      vertex 0.979919 3.24026 4
      vertex 2.73834 1.90352 4
    endloop
  endfacet
  facet normal -0 0 1
    outer loop
      vertex 0.964157 3.19255 4
      vertex 2.73834 1.90352 4
      vertex 0.979919 3.24026 4
    endloop
  endfacet
  facet normal 0 0 1
    outer loop
      vertex 2.73834 1.90352 4
      vertex 0.964157 3.19255 4
      vertex 2.69934 1.87183 4
    endloop
  endfacet
  facet normal -0 0 1
    outer loop
      vertex 0.94606 3.14565 4
      vertex 2.69934 1.87183 4
      vertex 0.964157 3.19255 4
    endloop
  endfacet
  facet normal -0 0 1
    outer loop
      vertex 0.925705 3.0997 4
      vertex 2.66193 1.83826 4
      vertex 0.94606 3.14565 4
    endloop
  endfacet
  facet normal 0 0 1
    outer loop
      vertex 2.66193 1.83826 4
      vertex 0.925705 3.0997 4
      vertex 2.62622 1.80289 4
    endloop
  endfacet
  facet normal -0 0 1
    outer loop
      vertex 0.903107 3.05481 4
      vertex 2.62622 1.80289 4
      vertex 0.925705 3.0997 4
    endloop
  endfacet
  facet normal 0 0 1
    outer loop
      vertex 2.62622 1.80289 4
      vertex 0.903107 3.05481 4
      vertex 2.59229 1.76581 4
    endloop
  endfacet
  facet normal -0 0 1
    outer loop
      vertex 0.878326 3.01108 4
      vertex 2.59229 1.76581 4
      vertex 0.903107 3.05481 4
    endloop
  endfacet
  facet normal 0 0 1
    outer loop
      vertex 0.822495 4.14754 4
      vertex 2.64338 6.38168 4
      vertex 2.32706 6.5037 4
    endloop
  endfacet
  facet normal 0 0 1
    outer loop
      vertex 2.36636 1.32242 4
      vertex 1.02402 0 4
      vertex 2.35631 1.27316 4
    endloop
  endfacet
  facet normal 0 0 1
    outer loop
      vertex 2.35631 1.27316 4
      vertex 1.02402 0 4
      vertex 2.34869 1.2235 4
    endloop
  endfacet
  facet normal 0 0 1
    outer loop
      vertex 2.34869 1.2235 4
      vertex 1.02402 0 4
      vertex 2.34352 1.17349 4
    endloop
  endfacet
  facet normal 0 0 1
    outer loop
      vertex 2.34081 1.12331 4
      vertex 1.02402 0 4
      vertex 2.34056 1.07304 4
    endloop
  endfacet
  facet normal 0 0 1
    outer loop
      vertex 2.55402 0.467102 4
      vertex 1.02402 0 4
      vertex 1.02278 -0.0502319 4
    endloop
  endfacet
  facet normal 0 0 1
    outer loop
      vertex 2.58571 0.428101 4
      vertex 1.02278 -0.0502319 4
      vertex 1.01909 -0.100357 4
    endloop
  endfacet
  facet normal 0 0 1
    outer loop
      vertex 2.61928 0.390701 4
      vertex 1.01909 -0.100357 4
      vertex 1.01294 -0.150253 4
    endloop
  endfacet
  facet normal 0 0 1
    outer loop
      vertex 2.94482 0.159027 4
      vertex 2.28893 -1.85957 4
      vertex 2.33786 -1.87108 4
    endloop
  endfacet
  facet normal 0 0 1
    outer loop
      vertex 2.65465 0.35498 4
      vertex 1.01294 -0.150253 4
      vertex 1.00433 -0.199768 4
    endloop
  endfacet
  facet normal 0 0 1
    outer loop
      vertex 0.724091 4.26163 4
      vertex 2.32706 6.5037 4
      vertex 2.00514 6.61005 4
    endloop
  endfacet
  facet normal 0 0 1
    outer loop
      vertex 2.89949 0.18074 4
      vertex 2.2395 -1.85049 4
      vertex 2.28893 -1.85957 4
    endloop
  endfacet
  facet normal 0 0 1
    outer loop
      vertex 2.69173 0.321045 4
      vertex 1.00433 -0.199768 4
      vertex 0.993332 -0.24881 4
    endloop
  endfacet
  facet normal 0 0 1
    outer loop
      vertex 2.85529 0.204651 4
      vertex 2.18968 -1.84386 4
      vertex 2.2395 -1.85049 4
    endloop
  endfacet
  facet normal 0 0 1
    outer loop
      vertex 2.73042 0.288971 4
      vertex 0.993332 -0.24881 4
      vertex 0.979919 -0.297256 4
    endloop
  endfacet
  facet normal 0 0 1
    outer loop
      vertex 2.8123 0.230698 4
      vertex 2.13959 -1.83968 4
      vertex 2.18968 -1.84386 4
    endloop
  endfacet
  facet normal 0 0 1
    outer loop
      vertex 2.77065 0.258835 4
      vertex 0.979919 -0.297256 4
      vertex 2.08936 -1.83794 4
    endloop
  endfacet
  facet normal 0 0 1
    outer loop
      vertex 2.77065 0.258835 4
      vertex 2.08936 -1.83794 4
      vertex 2.13959 -1.83968 4
    endloop
  endfacet
  facet normal 0 0 1
    outer loop
      vertex 0.649628 4.3291 4
      vertex 2.00514 6.61005 4
      vertex 1.67838 6.70048 4
    endloop
  endfacet
  facet normal -0 0 1
    outer loop
      vertex 0.964157 -0.344971 4
      vertex 2.08936 -1.83794 4
      vertex 0.979919 -0.297256 4
    endloop
  endfacet
  facet normal 0 0 1
    outer loop
      vertex 2.08936 -1.83794 4
      vertex 0.964157 -0.344971 4
      vertex 2.03909 -1.83868 4
    endloop
  endfacet
  facet normal -0 0 1
    outer loop
      vertex 0.94606 -0.391876 4
      vertex 2.03909 -1.83868 4
      vertex 0.964157 -0.344971 4
    endloop
  endfacet
  facet normal 0 0 1
    outer loop
      vertex 2.03909 -1.83868 4
      vertex 0.94606 -0.391876 4
      vertex 1.98894 -1.84189 4
    endloop
  endfacet
  facet normal -0 0 1
    outer loop
      vertex 0.925705 -0.43782 4
      vertex 1.98894 -1.84189 4
      vertex 0.94606 -0.391876 4
    endloop
  endfacet
  facet normal 0 0 1
    outer loop
      vertex 1.98894 -1.84189 4
      vertex 0.925705 -0.43782 4
      vertex 1.939 -1.84755 4
    endloop
  endfacet
  facet normal -0 0 1
    outer loop
      vertex 0.903107 -0.482712 4
      vertex 1.939 -1.84755 4
      vertex 0.925705 -0.43782 4
    endloop
  endfacet
  facet normal -0 0 1
    outer loop
      vertex 0.878326 -0.526443 4
      vertex 1.88939 -1.85565 4
      vertex 0.903107 -0.482712 4
    endloop
  endfacet
  facet normal 0 0 1
    outer loop
      vertex 0.568909 4.38898 4
      vertex 1.67838 6.70048 4
      vertex 1.34758 6.77476 4
    endloop
  endfacet
  facet normal 0 0 1
    outer loop
      vertex 1.939 -1.84755 4
      vertex 0.903107 -0.482712 4
      vertex 1.88939 -1.85565 4
    endloop
  endfacet
  facet normal 0 0 1
    outer loop
      vertex 1.88939 -1.85565 4
      vertex 0.878326 -0.526443 4
      vertex 1.84026 -1.8662 4
    endloop
  endfacet
  facet normal -0 0 1
    outer loop
      vertex 0.85144 -0.568909 4
      vertex 1.84026 -1.8662 4
      vertex 0.878326 -0.526443 4
    endloop
  endfacet
  facet normal 0 0 1
    outer loop
      vertex 1.84026 -1.8662 4
      vertex 0.85144 -0.568909 4
      vertex 1.79167 -1.87912 4
    endloop
  endfacet
  facet normal 0 0 1
    outer loop
      vertex 1.79167 -1.87912 4
      vertex 0.822495 -0.610001 4
      vertex 1.7438 -1.89441 4
    endloop
  endfacet
  facet normal -0 0 1
    outer loop
      vertex 0.79158 -0.649628 4
      vertex 1.7438 -1.89441 4
      vertex 0.822495 -0.610001 4
    endloop
  endfacet
  facet normal 0 0 1
    outer loop
      vertex 1.7438 -1.89441 4
      vertex 0.79158 -0.649628 4
      vertex 1.69673 -1.91205 4
    endloop
  endfacet
  facet normal -0 0 1
    outer loop
      vertex 0.758743 -0.687683 4
      vertex 1.69673 -1.91205 4
      vertex 0.79158 -0.649628 4
    endloop
  endfacet
  facet normal 0 0 1
    outer loop
      vertex 1.69673 -1.91205 4
      vertex 0.758743 -0.687683 4
      vertex 1.65059 -1.93196 4
    endloop
  endfacet
  facet normal -0 0 1
    outer loop
      vertex 0.724091 -0.724091 4
      vertex 1.65059 -1.93196 4
      vertex 0.758743 -0.687683 4
    endloop
  endfacet
  facet normal 0 0 1
    outer loop
      vertex 1.65059 -1.93196 4
      vertex 0.724091 -0.724091 4
      vertex 1.60547 -1.95412 4
    endloop
  endfacet
  facet normal -0 0 1
    outer loop
      vertex 0.687683 -0.758743 4
      vertex 1.60547 -1.95412 4
      vertex 0.724091 -0.724091 4
    endloop
  endfacet
  facet normal 0 0 1
    outer loop
      vertex 1.60547 -1.95412 4
      vertex 0.687683 -0.758743 4
      vertex 1.56149 -1.97845 4
    endloop
  endfacet
  facet normal -0 0 1
    outer loop
      vertex 0.649628 -0.79158 4
      vertex 1.56149 -1.97845 4
      vertex 0.687683 -0.758743 4
    endloop
  endfacet
  facet normal 0 0 1
    outer loop
      vertex 1.56149 -1.97845 4
      vertex 0.649628 -0.79158 4
      vertex 1.51877 -2.00493 4
    endloop
  endfacet
  facet normal -0 0 1
    outer loop
      vertex 0.610001 -0.822495 4
      vertex 1.51877 -2.00493 4
      vertex 0.649628 -0.79158 4
    endloop
  endfacet
  facet normal -0 0 1
    outer loop
      vertex 0.822495 -0.610001 4
      vertex 1.79167 -1.87912 4
      vertex 0.85144 -0.568909 4
    endloop
  endfacet
  facet normal 0 0 1
    outer loop
      vertex 2.34352 1.17349 4
      vertex 1.02402 0 4
      vertex 2.34081 1.12331 4
    endloop
  endfacet
  facet normal 0 0 1
    outer loop
      vertex 2.69934 1.87183 4
      vertex 0.94606 3.14565 4
      vertex 2.66193 1.83826 4
    endloop
  endfacet
  facet normal 0 0 1
    outer loop
      vertex 0.43782 4.46323 4
      vertex 1.34758 6.77476 4
      vertex 1.01354 6.83272 4
    endloop
  endfacet
  facet normal 0 0 1
    outer loop
      vertex 2.82079 1.96098 4
      vertex 0.993332 3.28871 4
      vertex 2.77887 1.93326 4
    endloop
  endfacet
  facet normal 0 0 1
    outer loop
      vertex 3.04794 2.06705 4
      vertex 1.02402 3.53752 4
      vertex 3.00053 2.05035 4
    endloop
  endfacet
  facet normal 0 0 1
    outer loop
      vertex 3.83759 5.74336 4
      vertex 0.993332 3.78635 4
      vertex 1.00433 3.7373 4
    endloop
  endfacet
  facet normal 0 0 1
    outer loop
      vertex 3.55116 5.92475 4
      vertex 0.979919 3.83478 4
      vertex 0.993332 3.78635 4
    endloop
  endfacet
  facet normal 0 0 1
    outer loop
      vertex 3.55116 5.92475 4
      vertex 0.964157 3.88251 4
      vertex 0.979919 3.83478 4
    endloop
  endfacet
  facet normal 0 0 1
    outer loop
      vertex 3.25617 6.09186 4
      vertex 0.94606 3.9294 4
      vertex 0.964157 3.88251 4
    endloop
  endfacet
  facet normal 0 0 1
    outer loop
      vertex 3.25617 6.09186 4
      vertex 0.925705 3.97536 4
      vertex 0.94606 3.9294 4
    endloop
  endfacet
  facet normal 0 0 1
    outer loop
      vertex 2.95333 6.24429 4
      vertex 0.903107 4.02025 4
      vertex 0.925705 3.97536 4
    endloop
  endfacet
  facet normal 0 0 1
    outer loop
      vertex 2.95333 6.24429 4
      vertex 0.878326 4.06398 4
      vertex 0.903107 4.02025 4
    endloop
  endfacet
  facet normal 0 0 1
    outer loop
      vertex 2.64338 6.38168 4
      vertex 0.85144 4.10645 4
      vertex 0.878326 4.06398 4
    endloop
  endfacet
  facet normal 0 0 1
    outer loop
      vertex 2.64338 6.38168 4
      vertex 0.822495 4.14754 4
      vertex 0.85144 4.10645 4
    endloop
  endfacet
  facet normal 0 0 1
    outer loop
      vertex 2.32706 6.5037 4
      vertex 0.79158 4.18716 4
      vertex 0.822495 4.14754 4
    endloop
  endfacet
  facet normal 0 0 1
    outer loop
      vertex 2.32706 6.5037 4
      vertex 0.758743 4.22522 4
      vertex 0.79158 4.18716 4
    endloop
  endfacet
  facet normal 0 0 1
    outer loop
      vertex 2.32706 6.5037 4
      vertex 0.724091 4.26163 4
      vertex 0.758743 4.22522 4
    endloop
  endfacet
  facet normal 0 0 1
    outer loop
      vertex 2.00514 6.61005 4
      vertex 0.687683 4.29628 4
      vertex 0.724091 4.26163 4
    endloop
  endfacet
  facet normal 0 0 1
    outer loop
      vertex 0.344971 4.50169 4
      vertex 1.01354 6.83272 4
      vertex 0.677052 6.87422 4
    endloop
  endfacet
  facet normal 0 0 1
    outer loop
      vertex 2.00514 6.61005 4
      vertex 0.649628 4.3291 4
      vertex 0.687683 4.29628 4
    endloop
  endfacet
  facet normal 0 0 1
    outer loop
      vertex 1.67838 6.70048 4
      vertex 0.610001 4.36003 4
      vertex 0.649628 4.3291 4
    endloop
  endfacet
  facet normal 0 0 1
    outer loop
      vertex 1.67838 6.70048 4
      vertex 0.568909 4.38898 4
      vertex 0.610001 4.36003 4
    endloop
  endfacet
  facet normal 0 0 1
    outer loop
      vertex 1.34758 6.77476 4
      vertex 0.526443 4.41586 4
      vertex 0.568909 4.38898 4
    endloop
  endfacet
  facet normal 0 0 1
    outer loop
      vertex 1.34758 6.77476 4
      vertex 0.482712 4.44063 4
      vertex 0.526443 4.41586 4
    endloop
  endfacet
  facet normal 0 0 1
    outer loop
      vertex 1.34758 6.77476 4
      vertex 0.43782 4.46323 4
      vertex 0.482712 4.44063 4
    endloop
  endfacet
  facet normal 0 0 1
    outer loop
      vertex 1.01354 6.83272 4
      vertex 0.391876 4.4836 4
      vertex 0.43782 4.46323 4
    endloop
  endfacet
  facet normal 0 0 1
    outer loop
      vertex 1.01354 6.83272 4
      vertex 0.344971 4.50169 4
      vertex 0.391876 4.4836 4
    endloop
  endfacet
  facet normal 0 0 1
    outer loop
      vertex 0.199768 4.54187 4
      vertex 0.677052 6.87422 4
      vertex 0.338934 6.89917 4
    endloop
  endfacet
  facet normal 0 0 1
    outer loop
      vertex 0.677052 6.87422 4
      vertex 0.297256 4.51746 4
      vertex 0.344971 4.50169 4
    endloop
  endfacet
  facet normal 0 0 1
    outer loop
      vertex 0.677052 6.87422 4
      vertex 0.24881 4.53085 4
      vertex 0.297256 4.51746 4
    endloop
  endfacet
  facet normal 0 0 1
    outer loop
      vertex 0.677052 6.87422 4
      vertex 0.199768 4.54187 4
      vertex 0.24881 4.53085 4
    endloop
  endfacet
  facet normal 0 0 1
    outer loop
      vertex 0.338934 6.89917 4
      vertex 0.150253 4.55046 4
      vertex 0.199768 4.54187 4
    endloop
  endfacet
  facet normal 0 0 1
    outer loop
      vertex 0.338934 6.89917 4
      vertex 0.100357 4.55663 4
      vertex 0.150253 4.55046 4
    endloop
  endfacet
  facet normal 0 0 1
    outer loop
      vertex 0.338934 6.89917 4
      vertex 0.0502319 4.56032 4
      vertex 0.100357 4.55663 4
    endloop
  endfacet
  facet normal 0 0 1
    outer loop
      vertex 0 6.90749 4
      vertex 0.0502319 4.56032 4
      vertex 0.338934 6.89917 4
    endloop
  endfacet
  facet normal 0 0 1
    outer loop
      vertex 0 6.90749 4
      vertex 0 4.56155 4
      vertex 0.0502319 4.56032 4
    endloop
  endfacet
  facet normal 0 0 1
    outer loop
      vertex 0 6.90749 4
      vertex -0.0502319 4.56032 4
      vertex 0 4.56155 4
    endloop
  endfacet
  facet normal -0 0 1
    outer loop
      vertex -0.338934 6.89917 4
      vertex -0.0502319 4.56032 4
      vertex 0 6.90749 4
    endloop
  endfacet
  facet normal 0 0 1
    outer loop
      vertex -0.0502319 4.56032 4
      vertex -0.338934 6.89917 4
      vertex -0.100357 4.55663 4
    endloop
  endfacet
  facet normal 0 0 1
    outer loop
      vertex -0.100357 4.55663 4
      vertex -0.338934 6.89917 4
      vertex -0.150253 4.55046 4
    endloop
  endfacet
  facet normal 0 0 1
    outer loop
      vertex -0.150253 4.55046 4
      vertex -0.338934 6.89917 4
      vertex -0.199768 4.54187 4
    endloop
  endfacet
  facet normal -0 0 1
    outer loop
      vertex -0.677052 6.87422 4
      vertex -0.199768 4.54187 4
      vertex -0.338934 6.89917 4
    endloop
  endfacet
  facet normal 0 0 1
    outer loop
      vertex -0.199768 4.54187 4
      vertex -0.677052 6.87422 4
      vertex -0.24881 4.53085 4
    endloop
  endfacet
  facet normal 0 0 1
    outer loop
      vertex -0.24881 4.53085 4
      vertex -0.677052 6.87422 4
      vertex -0.297256 4.51746 4
    endloop
  endfacet
  facet normal 0 0 1
    outer loop
      vertex -0.297256 4.51746 4
      vertex -0.677052 6.87422 4
      vertex -0.344971 4.50169 4
    endloop
  endfacet
  facet normal -0 0 1
    outer loop
      vertex -1.01354 6.83272 4
      vertex -0.344971 4.50169 4
      vertex -0.677052 6.87422 4
    endloop
  endfacet
  facet normal 0 0 1
    outer loop
      vertex -0.344971 4.50169 4
      vertex -1.01354 6.83272 4
      vertex -0.391876 4.4836 4
    endloop
  endfacet
  facet normal 0 0 1
    outer loop
      vertex -0.391876 4.4836 4
      vertex -1.01354 6.83272 4
      vertex -0.43782 4.46323 4
    endloop
  endfacet
  facet normal -0 0 1
    outer loop
      vertex -1.34758 6.77476 4
      vertex -0.43782 4.46323 4
      vertex -1.01354 6.83272 4
    endloop
  endfacet
  facet normal 0 0 1
    outer loop
      vertex -0.43782 4.46323 4
      vertex -1.34758 6.77476 4
      vertex -0.482712 4.44063 4
    endloop
  endfacet
  facet normal 0 0 1
    outer loop
      vertex -0.482712 4.44063 4
      vertex -1.34758 6.77476 4
      vertex -0.526443 4.41586 4
    endloop
  endfacet
  facet normal 0 0 1
    outer loop
      vertex -0.526443 4.41586 4
      vertex -1.34758 6.77476 4
      vertex -0.568909 4.38898 4
    endloop
  endfacet
  facet normal -0 0 1
    outer loop
      vertex -1.67838 6.70048 4
      vertex -0.568909 4.38898 4
      vertex -1.34758 6.77476 4
    endloop
  endfacet
  facet normal 0 0 1
    outer loop
      vertex -0.568909 4.38898 4
      vertex -1.67838 6.70048 4
      vertex -0.610001 4.36003 4
    endloop
  endfacet
  facet normal 0 0 1
    outer loop
      vertex -0.610001 4.36003 4
      vertex -1.67838 6.70048 4
      vertex -0.649628 4.3291 4
    endloop
  endfacet
  facet normal -0 0 1
    outer loop
      vertex -2.00514 6.61005 4
      vertex -0.649628 4.3291 4
      vertex -1.67838 6.70048 4
    endloop
  endfacet
  facet normal 0 0 1
    outer loop
      vertex -0.649628 4.3291 4
      vertex -2.00514 6.61005 4
      vertex -0.687683 4.29628 4
    endloop
  endfacet
  facet normal 0 0 1
    outer loop
      vertex -0.687683 4.29628 4
      vertex -2.00514 6.61005 4
      vertex -0.724091 4.26163 4
    endloop
  endfacet
  facet normal -0 0 1
    outer loop
      vertex -2.32706 6.5037 4
      vertex -0.724091 4.26163 4
      vertex -2.00514 6.61005 4
    endloop
  endfacet
  facet normal 0 0 1
    outer loop
      vertex -0.724091 4.26163 4
      vertex -2.32706 6.5037 4
      vertex -0.758743 4.22522 4
    endloop
  endfacet
  facet normal 0 0 1
    outer loop
      vertex -0.758743 4.22522 4
      vertex -2.32706 6.5037 4
      vertex -0.79158 4.18716 4
    endloop
  endfacet
  facet normal 0 0 1
    outer loop
      vertex -0.79158 4.18716 4
      vertex -2.32706 6.5037 4
      vertex -0.822495 4.14754 4
    endloop
  endfacet
  facet normal -0 0 1
    outer loop
      vertex -2.64338 6.38168 4
      vertex -0.822495 4.14754 4
      vertex -2.32706 6.5037 4
    endloop
  endfacet
  facet normal 0 0 1
    outer loop
      vertex -0.822495 4.14754 4
      vertex -2.64338 6.38168 4
      vertex -0.85144 4.10645 4
    endloop
  endfacet
  facet normal 0 0 1
    outer loop
      vertex -0.85144 4.10645 4
      vertex -2.64338 6.38168 4
      vertex -0.878326 4.06398 4
    endloop
  endfacet
  facet normal -0 0 1
    outer loop
      vertex -2.95333 6.24429 4
      vertex -0.878326 4.06398 4
      vertex -2.64338 6.38168 4
    endloop
  endfacet
  facet normal 0 0 1
    outer loop
      vertex -0.878326 4.06398 4
      vertex -2.95333 6.24429 4
      vertex -0.903107 4.02025 4
    endloop
  endfacet
  facet normal 0 0 1
    outer loop
      vertex -0.903107 4.02025 4
      vertex -2.95333 6.24429 4
      vertex -0.925705 3.97536 4
    endloop
  endfacet
  facet normal -0 0 1
    outer loop
      vertex -3.25617 6.09186 4
      vertex -0.925705 3.97536 4
      vertex -2.95333 6.24429 4
    endloop
  endfacet
  facet normal 0 0 1
    outer loop
      vertex -0.925705 3.97536 4
      vertex -3.25617 6.09186 4
      vertex -0.94606 3.9294 4
    endloop
  endfacet
  facet normal 0 0 1
    outer loop
      vertex -0.94606 3.9294 4
      vertex -3.25617 6.09186 4
      vertex -0.964157 3.88251 4
    endloop
  endfacet
  facet normal -0 0 1
    outer loop
      vertex -2.36415 0.873688 4
      vertex -0.925705 0.43782 4
      vertex -2.3546 0.923035 4
    endloop
  endfacet
  facet normal -0 0 1
    outer loop
      vertex -3.55116 5.92475 4
      vertex -0.964157 3.88251 4
      vertex -3.25617 6.09186 4
    endloop
  endfacet
  facet normal 0 0 1
    outer loop
      vertex -1.02402 0 4
      vertex -1.05705 -2.80164 4
      vertex -1.05533 -2.85187 4
    endloop
  endfacet
  facet normal 0 0 1
    outer loop
      vertex -1.02402 0 4
      vertex -1.06125 -2.75154 4
      vertex -1.05705 -2.80164 4
    endloop
  endfacet
  facet normal 0 0 1
    outer loop
      vertex -1.02402 0 4
      vertex -1.06789 -2.70172 4
      vertex -1.06125 -2.75154 4
    endloop
  endfacet
  facet normal 0 0 1
    outer loop
      vertex -1.02402 0 4
      vertex -1.07697 -2.65228 4
      vertex -1.06789 -2.70172 4
    endloop
  endfacet
  facet normal 0 0 1
    outer loop
      vertex -1.02402 0 4
      vertex -1.08846 -2.60336 4
      vertex -1.07697 -2.65228 4
    endloop
  endfacet
  facet normal 0 0 1
    outer loop
      vertex -1.02402 0 4
      vertex -1.10234 -2.55505 4
      vertex -1.08846 -2.60336 4
    endloop
  endfacet
  facet normal 0 0 1
    outer loop
      vertex -1.02402 0 4
      vertex -1.11858 -2.50749 4
      vertex -1.10234 -2.55505 4
    endloop
  endfacet
  facet normal 0 0 1
    outer loop
      vertex -1.02402 0 4
      vertex -1.13712 -2.46077 4
      vertex -1.11858 -2.50749 4
    endloop
  endfacet
  facet normal 0 0 1
    outer loop
      vertex -1.02402 0 4
      vertex -1.15794 -2.41502 4
      vertex -1.13712 -2.46077 4
    endloop
  endfacet
  facet normal 0 0 1
    outer loop
      vertex -1.02402 0 4
      vertex -1.18098 -2.37035 4
      vertex -1.15794 -2.41502 4
    endloop
  endfacet
  facet normal 0 0 1
    outer loop
      vertex -1.02402 0 4
      vertex -1.20618 -2.32687 4
      vertex -1.18098 -2.37035 4
    endloop
  endfacet
  facet normal 0 0 1
    outer loop
      vertex -0.94606 0.391876 4
      vertex -2.37613 0.824875 4
      vertex -0.964157 0.344971 4
    endloop
  endfacet
  facet normal -0 0 1
    outer loop
      vertex -2.39049 0.776703 4
      vertex -0.964157 0.344971 4
      vertex -2.37613 0.824875 4
    endloop
  endfacet
  facet normal 0 0 1
    outer loop
      vertex -1.02402 0 4
      vertex -1.23349 -2.28467 4
      vertex -1.20618 -2.32687 4
    endloop
  endfacet
  facet normal 0 0 1
    outer loop
      vertex -0.964157 0.344971 4
      vertex -2.39049 0.776703 4
      vertex -0.979919 0.297256 4
    endloop
  endfacet
  facet normal 0 0 1
    outer loop
      vertex -0.964157 3.88251 4
      vertex -3.55116 5.92475 4
      vertex -0.979919 3.83478 4
    endloop
  endfacet
  facet normal 0 0 1
    outer loop
      vertex -1.02402 0 4
      vertex -1.26283 -2.24387 4
      vertex -1.23349 -2.28467 4
    endloop
  endfacet
  facet normal 0 0 1
    outer loop
      vertex -1.02402 0 4
      vertex -1.29414 -2.20454 4
      vertex -1.26283 -2.24387 4
    endloop
  endfacet
  facet normal 0 0 1
    outer loop
      vertex -0.979919 0.297256 4
      vertex -2.40718 0.729309 4
      vertex -0.993332 0.24881 4
    endloop
  endfacet
  facet normal 0 0 1
    outer loop
      vertex -1.02402 0 4
      vertex -1.32735 -2.16681 4
      vertex -1.29414 -2.20454 4
    endloop
  endfacet
  facet normal -0 0 1
    outer loop
      vertex -2.42619 0.68277 4
      vertex -0.993332 0.24881 4
      vertex -2.40718 0.729309 4
    endloop
  endfacet
  facet normal 0 0 1
    outer loop
      vertex -1.02402 0 4
      vertex -1.36235 -2.13075 4
      vertex -1.32735 -2.16681 4
    endloop
  endfacet
  facet normal 0 0 1
    outer loop
      vertex -0.993332 0.24881 4
      vertex -2.42619 0.68277 4
      vertex -1.00433 0.199768 4
    endloop
  endfacet
  facet normal 0 0 1
    outer loop
      vertex -1.02402 0 4
      vertex -1.39909 -2.09645 4
      vertex -1.36235 -2.13075 4
    endloop
  endfacet
  facet normal 0 0 1
    outer loop
      vertex -0.979919 3.83478 4
      vertex -3.55116 5.92475 4
      vertex -0.993332 3.78635 4
    endloop
  endfacet
  facet normal -0 0 1
    outer loop
      vertex -2.44745 0.637238 4
      vertex -1.00433 0.199768 4
      vertex -2.42619 0.68277 4
    endloop
  endfacet
  facet normal 0 0 1
    outer loop
      vertex -1.02402 0 4
      vertex -1.43747 -2.064 4
      vertex -1.39909 -2.09645 4
    endloop
  endfacet
  facet normal 0 0 1
    outer loop
      vertex -1.00433 0.199768 4
      vertex -2.44745 0.637238 4
      vertex -1.01294 0.150253 4
    endloop
  endfacet
  facet normal 0 0 1
    outer loop
      vertex -1.02402 0 4
      vertex -1.4774 -2.03346 4
      vertex -1.43747 -2.064 4
    endloop
  endfacet
  facet normal -0 0 1
    outer loop
      vertex -2.47093 0.592789 4
      vertex -1.01294 0.150253 4
      vertex -2.44745 0.637238 4
    endloop
  endfacet
  facet normal 0 0 1
    outer loop
      vertex -1.01294 0.150253 4
      vertex -2.47093 0.592789 4
      vertex -1.01909 0.100357 4
    endloop
  endfacet
  facet normal 0 0 1
    outer loop
      vertex -1.02402 0 4
      vertex -1.56149 -1.97845 4
      vertex -1.51877 -2.00493 4
    endloop
  endfacet
  facet normal -0 0 1
    outer loop
      vertex -3.83759 5.74336 4
      vertex -0.993332 3.78635 4
      vertex -3.55116 5.92475 4
    endloop
  endfacet
  facet normal -0 0 1
    outer loop
      vertex -2.49655 0.549561 4
      vertex -1.01909 0.100357 4
      vertex -2.47093 0.592789 4
    endloop
  endfacet
  facet normal 0 0 1
    outer loop
      vertex -1.02402 0 4
      vertex -1.60547 -1.95412 4
      vertex -1.56149 -1.97845 4
    endloop
  endfacet
  facet normal 0 0 1
    outer loop
      vertex -1.01909 0.100357 4
      vertex -2.49655 0.549561 4
      vertex -1.02278 0.0502319 4
    endloop
  endfacet
  facet normal 0 0 1
    outer loop
      vertex -1.02402 0 4
      vertex -1.65059 -1.93196 4
      vertex -1.60547 -1.95412 4
    endloop
  endfacet
  facet normal 0 0 1
    outer loop
      vertex -1.02402 0 4
      vertex -1.69673 -1.91205 4
      vertex -1.65059 -1.93196 4
    endloop
  endfacet
  facet normal 0 0 1
    outer loop
      vertex -1.02278 0.0502319 4
      vertex -2.52428 0.507629 4
      vertex -1.02402 0 4
    endloop
  endfacet
  facet normal 0 0 1
    outer loop
      vertex -0.993332 3.78635 4
      vertex -3.83759 5.74336 4
      vertex -1.00433 3.7373 4
    endloop
  endfacet
  facet normal 0 0 1
    outer loop
      vertex -1.02402 0 4
      vertex -1.7438 -1.89441 4
      vertex -1.69673 -1.91205 4
    endloop
  endfacet
  facet normal -0 0 1
    outer loop
      vertex -2.55402 0.467102 4
      vertex -1.02402 0 4
      vertex -2.52428 0.507629 4
    endloop
  endfacet
  facet normal -0 0 1
    outer loop
      vertex -2.52428 0.507629 4
      vertex -1.02278 0.0502319 4
      vertex -2.49655 0.549561 4
    endloop
  endfacet
  facet normal 0 0 1
    outer loop
      vertex -1.02402 0 4
      vertex -1.51877 -2.00493 4
      vertex -1.4774 -2.03346 4
    endloop
  endfacet
  facet normal -0 0 1
    outer loop
      vertex -2.40718 0.729309 4
      vertex -0.979919 0.297256 4
      vertex -2.39049 0.776703 4
    endloop
  endfacet
  facet normal -0 0 1
    outer loop
      vertex -2.37613 0.824875 4
      vertex -0.94606 0.391876 4
      vertex -2.36415 0.873688 4
    endloop
  endfacet
  facet normal 0 0 1
    outer loop
      vertex -0.925705 0.43782 4
      vertex -2.36415 0.873688 4
      vertex -0.94606 0.391876 4
    endloop
  endfacet
  facet normal -0 0 1
    outer loop
      vertex -2.3546 0.923035 4
      vertex -0.903107 0.482712 4
      vertex -2.34746 0.972794 4
    endloop
  endfacet
  facet normal -0 -0 1
    outer loop
      vertex -2.34352 1.17349 4
      vertex -0.758743 0.687683 4
      vertex -2.34869 1.2235 4
    endloop
  endfacet
  facet normal 0 0 1
    outer loop
      vertex -0.649628 2.74594 4
      vertex -2.4108 1.46637 4
      vertex -2.39363 1.41914 4
    endloop
  endfacet
  facet normal 0 0 1
    outer loop
      vertex -0.687683 2.77878 4
      vertex -2.43027 1.51271 4
      vertex -2.4108 1.46637 4
    endloop
  endfacet
  facet normal 0 0 1
    outer loop
      vertex -0.724091 2.81343 4
      vertex -2.45198 1.55804 4
      vertex -2.43027 1.51271 4
    endloop
  endfacet
  facet normal 0 0 1
    outer loop
      vertex -0.758743 2.84984 4
      vertex -2.47589 1.60226 4
      vertex -2.45198 1.55804 4
    endloop
  endfacet
  facet normal 0 0 1
    outer loop
      vertex -0.79158 2.88789 4
      vertex -2.50194 1.64523 4
      vertex -2.47589 1.60226 4
    endloop
  endfacet
  facet normal 0 0 1
    outer loop
      vertex -0.822495 2.92752 4
      vertex -2.53006 1.68689 4
      vertex -2.50194 1.64523 4
    endloop
  endfacet
  facet normal 0 0 1
    outer loop
      vertex -0.85144 2.96861 4
      vertex -2.56021 1.72711 4
      vertex -2.53006 1.68689 4
    endloop
  endfacet
  facet normal 0 0 1
    outer loop
      vertex -0.878326 3.01108 4
      vertex -2.59229 1.76581 4
      vertex -2.56021 1.72711 4
    endloop
  endfacet
  facet normal 0 0 1
    outer loop
      vertex -0.903107 3.05481 4
      vertex -2.62622 1.80289 4
      vertex -2.59229 1.76581 4
    endloop
  endfacet
  facet normal -0 0 1
    outer loop
      vertex -4.11478 5.54814 4
      vertex -1.00433 3.7373 4
      vertex -3.83759 5.74336 4
    endloop
  endfacet
  facet normal 0 0 1
    outer loop
      vertex -0.925705 3.0997 4
      vertex -2.66193 1.83826 4
      vertex -2.62622 1.80289 4
    endloop
  endfacet
  facet normal 0 0 1
    outer loop
      vertex -0.94606 3.14565 4
      vertex -2.69934 1.87183 4
      vertex -2.66193 1.83826 4
    endloop
  endfacet
  facet normal 0 0 1
    outer loop
      vertex -0.964157 3.19255 4
      vertex -2.73834 1.90352 4
      vertex -2.69934 1.87183 4
    endloop
  endfacet
  facet normal 0 0 1
    outer loop
      vertex -0.979919 3.24026 4
      vertex -2.77887 1.93326 4
      vertex -2.73834 1.90352 4
    endloop
  endfacet
  facet normal 0 0 1
    outer loop
      vertex -0.993332 3.28871 4
      vertex -2.82079 1.96098 4
      vertex -2.77887 1.93326 4
    endloop
  endfacet
  facet normal 0 0 1
    outer loop
      vertex -1.00433 3.33775 4
      vertex -2.86403 1.9866 4
      vertex -2.82079 1.96098 4
    endloop
  endfacet
  facet normal 0 0 1
    outer loop
      vertex -1.01294 3.38727 4
      vertex -2.90848 2.01009 4
      vertex -2.86403 1.9866 4
    endloop
  endfacet
  facet normal 0 0 1
    outer loop
      vertex -1.00433 3.7373 4
      vertex -4.11478 5.54814 4
      vertex -1.01294 3.68777 4
    endloop
  endfacet
  facet normal 0 0 1
    outer loop
      vertex -1.01909 3.43715 4
      vertex -2.95401 2.03134 4
      vertex -2.90848 2.01009 4
    endloop
  endfacet
  facet normal 0 -0 1
    outer loop
      vertex -3.19427 2.10295 4
      vertex -1.01294 3.68777 4
      vertex -4.11478 5.54814 4
    endloop
  endfacet
  facet normal 0 0 1
    outer loop
      vertex -1.02278 3.48727 4
      vertex -3.00053 2.05035 4
      vertex -2.95401 2.03134 4
    endloop
  endfacet
  facet normal 0 0 1
    outer loop
      vertex -1.02402 3.53752 4
      vertex -3.04794 2.06705 4
      vertex -3.00053 2.05035 4
    endloop
  endfacet
  facet normal 0 0 1
    outer loop
      vertex -1.01294 3.68777 4
      vertex -3.19427 2.10295 4
      vertex -1.01909 3.63789 4
    endloop
  endfacet
  facet normal 0 0 1
    outer loop
      vertex -1.02402 3.53752 4
      vertex -3.09612 2.08141 4
      vertex -3.04794 2.06705 4
    endloop
  endfacet
  facet normal 0 -0 1
    outer loop
      vertex -3.14493 2.09338 4
      vertex -1.01909 3.63789 4
      vertex -3.19427 2.10295 4
    endloop
  endfacet
  facet normal 0 0 1
    outer loop
      vertex -1.02278 3.58777 4
      vertex -3.09612 2.08141 4
      vertex -1.02402 3.53752 4
    endloop
  endfacet
  facet normal 0 -0 1
    outer loop
      vertex -3.09612 2.08141 4
      vertex -1.02278 3.58777 4
      vertex -3.14493 2.09338 4
    endloop
  endfacet
  facet normal 0 0 1
    outer loop
      vertex -1.01909 3.63789 4
      vertex -3.14493 2.09338 4
      vertex -1.02278 3.58777 4
    endloop
  endfacet
  facet normal 0 0 1
    outer loop
      vertex -3.19427 2.10295 4
      vertex -4.11478 5.54814 4
      vertex -3.24402 2.11008 4
    endloop
  endfacet
  facet normal 0 0 1
    outer loop
      vertex -3.24402 2.11008 4
      vertex -4.11478 5.54814 4
      vertex -3.29407 2.11476 4
    endloop
  endfacet
  facet normal -0 0 1
    outer loop
      vertex -4.38206 5.33956 4
      vertex -3.29407 2.11476 4
      vertex -4.11478 5.54814 4
    endloop
  endfacet
  facet normal 0 0 1
    outer loop
      vertex -3.29407 2.11476 4
      vertex -4.38206 5.33956 4
      vertex -3.34428 2.11697 4
    endloop
  endfacet
  facet normal -0 0 1
    outer loop
      vertex -4.63878 5.11811 4
      vertex -3.34428 2.11697 4
      vertex -4.38206 5.33956 4
    endloop
  endfacet
  facet normal 0 0 1
    outer loop
      vertex -3.34428 2.11697 4
      vertex -4.63878 5.11811 4
      vertex -3.39455 2.11673 4
    endloop
  endfacet
  facet normal 0 0 1
    outer loop
      vertex -3.39455 2.11673 4
      vertex -4.63878 5.11811 4
      vertex -3.44473 2.11401 4
    endloop
  endfacet
  facet normal -0 0 1
    outer loop
      vertex -4.88433 4.88433 4
      vertex -3.44473 2.11401 4
      vertex -4.63878 5.11811 4
    endloop
  endfacet
  facet normal 0 0 1
    outer loop
      vertex -3.44473 2.11401 4
      vertex -4.88433 4.88433 4
      vertex -3.49472 2.10884 4
    endloop
  endfacet
  facet normal 0 0 1
    outer loop
      vertex -3.49472 2.10884 4
      vertex -4.88433 4.88433 4
      vertex -3.5444 2.10123 4
    endloop
  endfacet
  facet normal -0 0 1
    outer loop
      vertex -5.11811 4.63878 4
      vertex -3.5444 2.10123 4
      vertex -4.88433 4.88433 4
    endloop
  endfacet
  facet normal 0 0 1
    outer loop
      vertex -3.5444 2.10123 4
      vertex -5.11811 4.63878 4
      vertex -3.59366 2.09117 4
    endloop
  endfacet
  facet normal 0 0 1
    outer loop
      vertex -3.59366 2.09117 4
      vertex -5.11811 4.63878 4
      vertex -3.64235 2.07872 4
    endloop
  endfacet
  facet normal -0 0 1
    outer loop
      vertex -5.33956 4.38206 4
      vertex -3.64235 2.07872 4
      vertex -5.11811 4.63878 4
    endloop
  endfacet
  facet normal 0 0 1
    outer loop
      vertex -3.64235 2.07872 4
      vertex -5.33956 4.38206 4
      vertex -3.69037 2.0639 4
    endloop
  endfacet
  facet normal 0 0 1
    outer loop
      vertex -3.69037 2.0639 4
      vertex -5.33956 4.38206 4
      vertex -3.73761 2.04674 4
    endloop
  endfacet
  facet normal 0 0 1
    outer loop
      vertex -3.73761 2.04674 4
      vertex -5.33956 4.38206 4
      vertex -3.78395 2.02727 4
    endloop
  endfacet
  facet normal -0 0 1
    outer loop
      vertex -5.54814 4.11478 4
      vertex -3.78395 2.02727 4
      vertex -5.33956 4.38206 4
    endloop
  endfacet
  facet normal 0 0 1
    outer loop
      vertex -3.78395 2.02727 4
      vertex -5.54814 4.11478 4
      vertex -3.82928 2.00555 4
    endloop
  endfacet
  facet normal 0 0 1
    outer loop
      vertex -3.82928 2.00555 4
      vertex -5.54814 4.11478 4
      vertex -3.87349 1.98164 4
    endloop
  endfacet
  facet normal -0 0 1
    outer loop
      vertex -5.74336 3.83759 4
      vertex -3.87349 1.98164 4
      vertex -5.54814 4.11478 4
    endloop
  endfacet
  facet normal 0 0 1
    outer loop
      vertex -3.87349 1.98164 4
      vertex -5.74336 3.83759 4
      vertex -3.91647 1.9556 4
    endloop
  endfacet
  facet normal 0 0 1
    outer loop
      vertex -3.91647 1.9556 4
      vertex -5.74336 3.83759 4
      vertex -3.95813 1.92747 4
    endloop
  endfacet
  facet normal -0 0 1
    outer loop
      vertex -5.92475 3.55116 4
      vertex -3.95813 1.92747 4
      vertex -5.74336 3.83759 4
    endloop
  endfacet
  facet normal 0 0 1
    outer loop
      vertex -3.95813 1.92747 4
      vertex -5.92475 3.55116 4
      vertex -3.99835 1.89734 4
    endloop
  endfacet
  facet normal 0 0 1
    outer loop
      vertex -3.99835 1.89734 4
      vertex -5.92475 3.55116 4
      vertex -4.03705 1.86525 4
    endloop
  endfacet
  facet normal 0 0 1
    outer loop
      vertex -4.03705 1.86525 4
      vertex -5.92475 3.55116 4
      vertex -4.07413 1.83131 4
    endloop
  endfacet
  facet normal -0 0 1
    outer loop
      vertex -6.09186 3.25617 4
      vertex -4.07413 1.83131 4
      vertex -5.92475 3.55116 4
    endloop
  endfacet
  facet normal 0 0 1
    outer loop
      vertex -4.07413 1.83131 4
      vertex -6.09186 3.25617 4
      vertex -4.1095 1.79561 4
    endloop
  endfacet
  facet normal 0 0 1
    outer loop
      vertex -4.1095 1.79561 4
      vertex -6.09186 3.25617 4
      vertex -4.14307 1.75819 4
    endloop
  endfacet
  facet normal -0 0 1
    outer loop
      vertex -6.24429 2.95333 4
      vertex -4.14307 1.75819 4
      vertex -6.09186 3.25617 4
    endloop
  endfacet
  facet normal 0 0 1
    outer loop
      vertex -4.14307 1.75819 4
      vertex -6.24429 2.95333 4
      vertex -4.17476 1.71919 4
    endloop
  endfacet
  facet normal 0 0 1
    outer loop
      vertex -4.17476 1.71919 4
      vertex -6.24429 2.95333 4
      vertex -4.2045 1.67868 4
    endloop
  endfacet
  facet normal 0 0 1
    outer loop
      vertex -4.2045 1.67868 4
      vertex -6.24429 2.95333 4
      vertex -4.23221 1.63675 4
    endloop
  endfacet
  facet normal -0 0 1
    outer loop
      vertex -6.38168 2.64338 4
      vertex -4.23221 1.63675 4
      vertex -6.24429 2.95333 4
    endloop
  endfacet
  facet normal 0 0 1
    outer loop
      vertex -4.23221 1.63675 4
      vertex -6.38168 2.64338 4
      vertex -4.25784 1.59351 4
    endloop
  endfacet
  facet normal 0 0 1
    outer loop
      vertex -4.25784 1.59351 4
      vertex -6.38168 2.64338 4
      vertex -4.28131 1.54907 4
    endloop
  endfacet
  facet normal 0 0 1
    outer loop
      vertex 6.87422 -0.677052 4
      vertex 4.13649 0.420486 4
      vertex 6.83272 -1.01354 4
    endloop
  endfacet
  facet normal -0 0 1
    outer loop
      vertex 4.10255 0.383408 4
      vertex 6.83272 -1.01354 4
      vertex 4.13649 0.420486 4
    endloop
  endfacet
  facet normal -0 0 1
    outer loop
      vertex 4.06685 0.348053 4
      vertex 6.83272 -1.01354 4
      vertex 4.10255 0.383408 4
    endloop
  endfacet
  facet normal 0 0 1
    outer loop
      vertex 6.83272 -1.01354 4
      vertex 4.06685 0.348053 4
      vertex 6.77476 -1.34758 4
    endloop
  endfacet
  facet normal -0 0 1
    outer loop
      vertex 4.02943 0.314484 4
      vertex 6.77476 -1.34758 4
      vertex 4.06685 0.348053 4
    endloop
  endfacet
  facet normal -0 0 1
    outer loop
      vertex 3.99043 0.282776 4
      vertex 6.77476 -1.34758 4
      vertex 4.02943 0.314484 4
    endloop
  endfacet
  facet normal 0 0 1
    outer loop
      vertex 6.77476 -1.34758 4
      vertex 3.99043 0.282776 4
      vertex 6.70048 -1.67838 4
    endloop
  endfacet
  facet normal -0 0 1
    outer loop
      vertex 3.94991 0.253036 4
      vertex 6.70048 -1.67838 4
      vertex 3.99043 0.282776 4
    endloop
  endfacet
  facet normal -0 0 1
    outer loop
      vertex 3.90799 0.225327 4
      vertex 6.70048 -1.67838 4
      vertex 3.94991 0.253036 4
    endloop
  endfacet
  facet normal 0 0 1
    outer loop
      vertex 6.70048 -1.67838 4
      vertex 3.90799 0.225327 4
      vertex 6.61005 -2.00514 4
    endloop
  endfacet
  facet normal -0 0 1
    outer loop
      vertex 3.86475 0.199692 4
      vertex 6.61005 -2.00514 4
      vertex 3.90799 0.225327 4
    endloop
  endfacet
  facet normal -0 0 1
    outer loop
      vertex 3.8203 0.176224 4
      vertex 6.61005 -2.00514 4
      vertex 3.86475 0.199692 4
    endloop
  endfacet
  facet normal 0 0 1
    outer loop
      vertex 6.61005 -2.00514 4
      vertex 3.8203 0.176224 4
      vertex 6.5037 -2.32706 4
    endloop
  endfacet
  facet normal 0 0 1
    outer loop
      vertex 3.10254 -2.82172 4
      vertex 6.5037 -2.32706 4
      vertex 3.8203 0.176224 4
    endloop
  endfacet
  facet normal 0 0 1
    outer loop
      vertex 3.10254 -2.82172 4
      vertex 6.38168 -2.64338 4
      vertex 6.5037 -2.32706 4
    endloop
  endfacet
  facet normal -0 0 1
    outer loop
      vertex 3.10254 -2.82172 4
      vertex 6.24429 -2.95333 4
      vertex 6.38168 -2.64338 4
    endloop
  endfacet
  facet normal -0 0 1
    outer loop
      vertex 3.07014 -3.12047 4
      vertex 5.54814 -4.11478 4
      vertex 3.08163 -3.07155 4
    endloop
  endfacet
  facet normal -0 0 1
    outer loop
      vertex 3.08163 -3.07155 4
      vertex 5.54814 -4.11478 4
      vertex 3.09071 -3.02211 4
    endloop
  endfacet
  facet normal 0 0 1
    outer loop
      vertex 5.92475 -3.55116 4
      vertex 3.10327 -2.87196 4
      vertex 5.74336 -3.83759 4
    endloop
  endfacet
  facet normal -0 0 1
    outer loop
      vertex 3.09071 -3.02211 4
      vertex 5.54814 -4.11478 4
      vertex 3.09737 -2.97229 4
    endloop
  endfacet
  facet normal 0 0 1
    outer loop
      vertex 5.74336 -3.83759 4
      vertex 3.09737 -2.97229 4
      vertex 5.54814 -4.11478 4
    endloop
  endfacet
  facet normal -0 0 1
    outer loop
      vertex 3.09737 -2.97229 4
      vertex 5.74336 -3.83759 4
      vertex 3.10155 -2.9222 4
    endloop
  endfacet
  facet normal -0 0 1
    outer loop
      vertex 3.10155 -2.9222 4
      vertex 5.74336 -3.83759 4
      vertex 3.10327 -2.87196 4
    endloop
  endfacet
  facet normal 0 0 1
    outer loop
      vertex 3.10254 -2.82172 4
      vertex 5.92475 -3.55116 4
      vertex 6.09186 -3.25617 4
    endloop
  endfacet
  facet normal 0 0 1
    outer loop
      vertex 5.54814 -4.11478 4
      vertex 3.07014 -3.12047 4
      vertex 5.33956 -4.38206 4
    endloop
  endfacet
  facet normal 0 0 1
    outer loop
      vertex 3.10254 -2.82172 4
      vertex 6.09186 -3.25617 4
      vertex 6.24429 -2.95333 4
    endloop
  endfacet
  facet normal 0 0 1
    outer loop
      vertex 3.10254 -2.82172 4
      vertex 3.8203 0.176224 4
      vertex 3.77477 0.154953 4
    endloop
  endfacet
  facet normal 0 0 1
    outer loop
      vertex 3.10254 -2.82172 4
      vertex 3.77477 0.154953 4
      vertex 3.72824 0.135941 4
    endloop
  endfacet
  facet normal 0 0 1
    outer loop
      vertex 3.10254 -2.82172 4
      vertex 3.72824 0.135941 4
      vertex 3.68083 0.119247 4
    endloop
  endfacet
  facet normal 0 0 1
    outer loop
      vertex 3.10254 -2.82172 4
      vertex 3.68083 0.119247 4
      vertex 3.63266 0.104889 4
    endloop
  endfacet
  facet normal 0 0 1
    outer loop
      vertex 3.10254 -2.82172 4
      vertex 3.63266 0.104889 4
      vertex 3.58385 0.092926 4
    endloop
  endfacet
  facet normal -0 0 1
    outer loop
      vertex 3.05626 -3.16878 4
      vertex 5.33956 -4.38206 4
      vertex 3.07014 -3.12047 4
    endloop
  endfacet
  facet normal 0 0 1
    outer loop
      vertex 3.10254 -2.82172 4
      vertex 3.58385 0.092926 4
      vertex 3.5345 0.0833588 4
    endloop
  endfacet
  facet normal 0 0 1
    outer loop
      vertex 3.10254 -2.82172 4
      vertex 3.5345 0.0833588 4
      vertex 3.48474 0.0762329 4
    endloop
  endfacet
  facet normal 0 0 1
    outer loop
      vertex 3.10254 -2.82172 4
      vertex 3.48474 0.0762329 4
      vertex 3.43471 0.0715485 4
    endloop
  endfacet
  facet normal 0 0 1
    outer loop
      vertex 3.10254 -2.82172 4
      vertex 3.43471 0.0715485 4
      vertex 3.38449 0.0693207 4
    endloop
  endfacet
  facet normal 0 0 1
    outer loop
      vertex 3.10254 -2.82172 4
      vertex 3.38449 0.0693207 4
      vertex 3.33423 0.0695648 4
    endloop
  endfacet
  facet normal 0 0 1
    outer loop
      vertex 3.10254 -2.82172 4
      vertex 3.33423 0.0695648 4
      vertex 3.28404 0.0722809 4
    endloop
  endfacet
  facet normal -0 0 1
    outer loop
      vertex 3.04004 -3.21635 4
      vertex 5.33956 -4.38206 4
      vertex 3.05626 -3.16878 4
    endloop
  endfacet
  facet normal 0 0 1
    outer loop
      vertex 3.10254 -2.82172 4
      vertex 3.28404 0.0722809 4
      vertex 3.23405 0.0774536 4
    endloop
  endfacet
  facet normal 0 0 1
    outer loop
      vertex 3.10254 -2.82172 4
      vertex 3.23405 0.0774536 4
      vertex 3.18437 0.0850677 4
    endloop
  endfacet
  facet normal 0 0 1
    outer loop
      vertex 2.5262 -1.94055 4
      vertex 3.18437 0.0850677 4
      vertex 3.13512 0.0951233 4
    endloop
  endfacet
  facet normal 0 0 1
    outer loop
      vertex 5.33956 -4.38206 4
      vertex 3.04004 -3.21635 4
      vertex 5.11811 -4.63878 4
    endloop
  endfacet
  facet normal -0 0 1
    outer loop
      vertex 3.02148 -3.26306 4
      vertex 5.11811 -4.63878 4
      vertex 3.04004 -3.21635 4
    endloop
  endfacet
  facet normal -0 0 1
    outer loop
      vertex 3.00067 -3.30881 4
      vertex 5.11811 -4.63878 4
      vertex 3.02148 -3.26306 4
    endloop
  endfacet
  facet normal 0 0 1
    outer loop
      vertex 5.11811 -4.63878 4
      vertex 3.00067 -3.30881 4
      vertex 4.88433 -4.88433 4
    endloop
  endfacet
  facet normal -0 0 1
    outer loop
      vertex 2.97763 -3.35349 4
      vertex 4.88433 -4.88433 4
      vertex 3.00067 -3.30881 4
    endloop
  endfacet
  facet normal -0 0 1
    outer loop
      vertex 2.95242 -3.39697 4
      vertex 4.88433 -4.88433 4
      vertex 2.97763 -3.35349 4
    endloop
  endfacet
  facet normal -0 0 1
    outer loop
      vertex 2.92513 -3.43916 4
      vertex 4.88433 -4.88433 4
      vertex 2.95242 -3.39697 4
    endloop
  endfacet
  facet normal 0 0 1
    outer loop
      vertex 4.88433 -4.88433 4
      vertex 2.92513 -3.43916 4
      vertex 4.63878 -5.11811 4
    endloop
  endfacet
  facet normal -0 0 1
    outer loop
      vertex 2.89578 -3.47997 4
      vertex 4.63878 -5.11811 4
      vertex 2.92513 -3.43916 4
    endloop
  endfacet
  facet normal -0 0 1
    outer loop
      vertex 2.86447 -3.51929 4
      vertex 4.63878 -5.11811 4
      vertex 2.89578 -3.47997 4
    endloop
  endfacet
  facet normal 0 0 1
    outer loop
      vertex 4.63878 -5.11811 4
      vertex 2.86447 -3.51929 4
      vertex 4.38206 -5.33956 4
    endloop
  endfacet
  facet normal -0 0 1
    outer loop
      vertex 2.83127 -3.55702 4
      vertex 4.38206 -5.33956 4
      vertex 2.86447 -3.51929 4
    endloop
  endfacet
  facet normal -0 0 1
    outer loop
      vertex 2.79625 -3.59308 4
      vertex 4.38206 -5.33956 4
      vertex 2.83127 -3.55702 4
    endloop
  endfacet
  facet normal -0 0 1
    outer loop
      vertex 2.75951 -3.62738 4
      vertex 4.38206 -5.33956 4
      vertex 2.79625 -3.59308 4
    endloop
  endfacet
  facet normal 0 0 1
    outer loop
      vertex 4.38206 -5.33956 4
      vertex 2.75951 -3.62738 4
      vertex 4.11478 -5.54814 4
    endloop
  endfacet
  facet normal -0 0 1
    outer loop
      vertex 2.72113 -3.65984 4
      vertex 4.11478 -5.54814 4
      vertex 2.75951 -3.62738 4
    endloop
  endfacet
  facet normal -0 0 1
    outer loop
      vertex 2.68121 -3.69037 4
      vertex 4.11478 -5.54814 4
      vertex 2.72113 -3.65984 4
    endloop
  endfacet
  facet normal -0 0 1
    outer loop
      vertex 2.63983 -3.7189 4
      vertex 4.11478 -5.54814 4
      vertex 2.68121 -3.69037 4
    endloop
  endfacet
  facet normal 0 0 1
    outer loop
      vertex 4.11478 -5.54814 4
      vertex 2.63983 -3.7189 4
      vertex 3.83759 -5.74336 4
    endloop
  endfacet
  facet normal -0 0 1
    outer loop
      vertex 2.59711 -3.74538 4
      vertex 3.83759 -5.74336 4
      vertex 2.63983 -3.7189 4
    endloop
  endfacet
  facet normal -0 0 1
    outer loop
      vertex 2.55313 -3.76971 4
      vertex 3.83759 -5.74336 4
      vertex 2.59711 -3.74538 4
    endloop
  endfacet
  facet normal 0 0 1
    outer loop
      vertex 3.83759 -5.74336 4
      vertex 2.55313 -3.76971 4
      vertex 3.55116 -5.92475 4
    endloop
  endfacet
  facet normal -0 0 1
    outer loop
      vertex 2.50803 -3.79187 4
      vertex 3.55116 -5.92475 4
      vertex 2.55313 -3.76971 4
    endloop
  endfacet
  facet normal -0 0 1
    outer loop
      vertex 2.46187 -3.8118 4
      vertex 3.55116 -5.92475 4
      vertex 2.50803 -3.79187 4
    endloop
  endfacet
  facet normal -0 0 1
    outer loop
      vertex 2.41481 -3.82942 4
      vertex 3.55116 -5.92475 4
      vertex 2.46187 -3.8118 4
    endloop
  endfacet
  facet normal 0 0 1
    outer loop
      vertex 3.55116 -5.92475 4
      vertex 2.41481 -3.82942 4
      vertex 3.25617 -6.09186 4
    endloop
  endfacet
  facet normal -0 0 1
    outer loop
      vertex 2.36693 -3.84471 4
      vertex 3.25617 -6.09186 4
      vertex 2.41481 -3.82942 4
    endloop
  endfacet
  facet normal -0 0 1
    outer loop
      vertex 2.31836 -3.85765 4
      vertex 3.25617 -6.09186 4
      vertex 2.36693 -3.84471 4
    endloop
  endfacet
  facet normal 0 0 1
    outer loop
      vertex 3.25617 -6.09186 4
      vertex 2.31836 -3.85765 4
      vertex 2.95333 -6.24429 4
    endloop
  endfacet
  facet normal -0 0 1
    outer loop
      vertex 2.26921 -3.86818 4
      vertex 2.95333 -6.24429 4
      vertex 2.31836 -3.85765 4
    endloop
  endfacet
  facet normal -0 0 1
    outer loop
      vertex 2.2196 -3.87628 4
      vertex 2.95333 -6.24429 4
      vertex 2.26921 -3.86818 4
    endloop
  endfacet
  facet normal -0 0 1
    outer loop
      vertex 2.16966 -3.88194 4
      vertex 2.95333 -6.24429 4
      vertex 2.2196 -3.87628 4
    endloop
  endfacet
  facet normal 0 0 1
    outer loop
      vertex 2.95333 -6.24429 4
      vertex 2.16966 -3.88194 4
      vertex 2.64338 -6.38168 4
    endloop
  endfacet
  facet normal -0 0 1
    outer loop
      vertex 2.11951 -3.88515 4
      vertex 2.64338 -6.38168 4
      vertex 2.16966 -3.88194 4
    endloop
  endfacet
  facet normal -0 0 1
    outer loop
      vertex 2.06924 -3.88589 4
      vertex 2.64338 -6.38168 4
      vertex 2.11951 -3.88515 4
    endloop
  endfacet
  facet normal 0 0 1
    outer loop
      vertex 2.64338 -6.38168 4
      vertex 2.06924 -3.88589 4
      vertex 2.32706 -6.5037 4
    endloop
  endfacet
  facet normal 0 0 1
    outer loop
      vertex 2.01901 -3.88417 4
      vertex 2.32706 -6.5037 4
      vertex 2.06924 -3.88589 4
    endloop
  endfacet
  facet normal 0 0 1
    outer loop
      vertex 1.96893 -3.87997 4
      vertex 2.32706 -6.5037 4
      vertex 2.01901 -3.88417 4
    endloop
  endfacet
  facet normal 0 0 1
    outer loop
      vertex 1.91911 -3.87334 4
      vertex 2.32706 -6.5037 4
      vertex 1.96893 -3.87997 4
    endloop
  endfacet
  facet normal 0 0 1
    outer loop
      vertex 2.32706 -6.5037 4
      vertex 1.91911 -3.87334 4
      vertex 2.00514 -6.61005 4
    endloop
  endfacet
  facet normal 0 0 1
    outer loop
      vertex 1.86967 -3.86426 4
      vertex 2.00514 -6.61005 4
      vertex 1.91911 -3.87334 4
    endloop
  endfacet
  facet normal 0 0 1
    outer loop
      vertex 1.82074 -3.85277 4
      vertex 2.00514 -6.61005 4
      vertex 1.86967 -3.86426 4
    endloop
  endfacet
  facet normal 0 0 1
    outer loop
      vertex 1.67838 -6.70048 4
      vertex 1.82074 -3.85277 4
      vertex 1.77245 -3.83888 4
    endloop
  endfacet
  facet normal 0 0 1
    outer loop
      vertex 1.67838 -6.70048 4
      vertex 1.77245 -3.83888 4
      vertex 1.72487 -3.82265 4
    endloop
  endfacet
  facet normal 0 0 1
    outer loop
      vertex 1.82074 -3.85277 4
      vertex 1.67838 -6.70048 4
      vertex 2.00514 -6.61005 4
    endloop
  endfacet
  facet normal 0 0 1
    outer loop
      vertex 1.34758 -6.77476 4
      vertex 1.72487 -3.82265 4
      vertex 1.67816 -3.80409 4
    endloop
  endfacet
  facet normal 0 0 1
    outer loop
      vertex 1.34758 -6.77476 4
      vertex 1.67816 -3.80409 4
      vertex 1.63242 -3.78328 4
    endloop
  endfacet
  facet normal 0 0 1
    outer loop
      vertex 1.01354 -6.83272 4
      vertex 1.63242 -3.78328 4
      vertex 1.58774 -3.76024 4
    endloop
  endfacet
  facet normal 0 0 1
    outer loop
      vertex 1.01354 -6.83272 4
      vertex 1.58774 -3.76024 4
      vertex 1.54425 -3.73505 4
    endloop
  endfacet
  facet normal 0 0 1
    outer loop
      vertex 0.677052 -6.87422 4
      vertex 1.54425 -3.73505 4
      vertex 1.50206 -3.70773 4
    endloop
  endfacet
  facet normal 0 0 1
    outer loop
      vertex 0.677052 -6.87422 4
      vertex 1.50206 -3.70773 4
      vertex 1.46124 -3.67839 4
    endloop
  endfacet
  facet normal 0 0 1
    outer loop
      vertex 0.338934 -6.89917 4
      vertex 1.46124 -3.67839 4
      vertex 1.42194 -3.64708 4
    endloop
  endfacet
  facet normal 0 0 1
    outer loop
      vertex 0.338934 -6.89917 4
      vertex 1.42194 -3.64708 4
      vertex 1.3842 -3.61388 4
    endloop
  endfacet
  facet normal 0 0 1
    outer loop
      vertex 0 -6.90749 4
      vertex 1.3842 -3.61388 4
      vertex 1.34813 -3.57887 4
    endloop
  endfacet
  facet normal 0 0 1
    outer loop
      vertex 1.72487 -3.82265 4
      vertex 1.34758 -6.77476 4
      vertex 1.67838 -6.70048 4
    endloop
  endfacet
  facet normal 0 0 1
    outer loop
      vertex -1.34813 -3.57887 4
      vertex 1.34813 -3.57887 4
      vertex 1.31384 -3.54213 4
    endloop
  endfacet
  facet normal 0 0 1
    outer loop
      vertex -1.31384 -3.54213 4
      vertex 1.31384 -3.54213 4
      vertex 1.28139 -3.50375 4
    endloop
  endfacet
  facet normal 0 0 1
    outer loop
      vertex -1.28139 -3.50375 4
      vertex 1.28139 -3.50375 4
      vertex 1.25085 -3.46382 4
    endloop
  endfacet
  facet normal 0 0 1
    outer loop
      vertex -1.25085 -3.46382 4
      vertex 1.25085 -3.46382 4
      vertex 1.22232 -3.42245 4
    endloop
  endfacet
  facet normal 0 0 1
    outer loop
      vertex -1.22232 -3.42245 4
      vertex 1.22232 -3.42245 4
      vertex 1.19585 -3.37971 4
    endloop
  endfacet
  facet normal 0 0 1
    outer loop
      vertex -1.19585 -3.37971 4
      vertex 1.19585 -3.37971 4
      vertex 1.17149 -3.33575 4
    endloop
  endfacet
  facet normal 0 0 1
    outer loop
      vertex -1.17149 -3.33575 4
      vertex 1.17149 -3.33575 4
      vertex 1.14934 -3.29063 4
    endloop
  endfacet
  facet normal 0 0 1
    outer loop
      vertex -1.14934 -3.29063 4
      vertex 1.14934 -3.29063 4
      vertex 1.12943 -3.24449 4
    endloop
  endfacet
  facet normal 0 0 1
    outer loop
      vertex -1.12943 -3.24449 4
      vertex 1.12943 -3.24449 4
      vertex 1.1118 -3.19742 4
    endloop
  endfacet
  facet normal 0 0 1
    outer loop
      vertex -1.1118 -3.19742 4
      vertex 1.1118 -3.19742 4
      vertex 1.0965 -3.14954 4
    endloop
  endfacet
  facet normal 0 0 1
    outer loop
      vertex -1.0965 -3.14954 4
      vertex 1.0965 -3.14954 4
      vertex 1.08357 -3.10097 4
    endloop
  endfacet
  facet normal 0 0 1
    outer loop
      vertex -1.08357 -3.10097 4
      vertex 1.08357 -3.10097 4
      vertex 1.07304 -3.05182 4
    endloop
  endfacet
  facet normal 0 0 1
    outer loop
      vertex -1.07304 -3.05182 4
      vertex 1.07304 -3.05182 4
      vertex 1.06494 -3.00223 4
    endloop
  endfacet
  facet normal 0 0 1
    outer loop
      vertex -1.06494 -3.00223 4
      vertex 1.06494 -3.00223 4
      vertex 1.05928 -2.95229 4
    endloop
  endfacet
  facet normal 0 0 1
    outer loop
      vertex 1.51877 -2.00493 4
      vertex 0.610001 -0.822495 4
      vertex 1.4774 -2.03346 4
    endloop
  endfacet
  facet normal -0 0 1
    outer loop
      vertex 0.568909 -0.85144 4
      vertex 1.4774 -2.03346 4
      vertex 0.610001 -0.822495 4
    endloop
  endfacet
  facet normal 0 0 1
    outer loop
      vertex 1.4774 -2.03346 4
      vertex 0.568909 -0.85144 4
      vertex 1.43747 -2.064 4
    endloop
  endfacet
  facet normal 0 0 1
    outer loop
      vertex 1.63242 -3.78328 4
      vertex 1.01354 -6.83272 4
      vertex 1.34758 -6.77476 4
    endloop
  endfacet
  facet normal 0 0 1
    outer loop
      vertex -1.05928 -2.95229 4
      vertex 1.05928 -2.95229 4
      vertex 1.05608 -2.90211 4
    endloop
  endfacet
  facet normal 0 0 1
    outer loop
      vertex -1.05608 -2.90211 4
      vertex 1.05608 -2.90211 4
      vertex 1.05533 -2.85187 4
    endloop
  endfacet
  facet normal -0 0 1
    outer loop
      vertex 0.526443 -0.878326 4
      vertex 1.43747 -2.064 4
      vertex 0.568909 -0.85144 4
    endloop
  endfacet
  facet normal 0 0 1
    outer loop
      vertex 1.43747 -2.064 4
      vertex 0.526443 -0.878326 4
      vertex 1.39909 -2.09645 4
    endloop
  endfacet
  facet normal -0 0 1
    outer loop
      vertex 0.482712 -0.903107 4
      vertex 1.39909 -2.09645 4
      vertex 0.526443 -0.878326 4
    endloop
  endfacet
  facet normal 0 0 1
    outer loop
      vertex 1.39909 -2.09645 4
      vertex 0.482712 -0.903107 4
      vertex 1.36235 -2.13075 4
    endloop
  endfacet
  facet normal -0 0 1
    outer loop
      vertex 0.43782 -0.925705 4
      vertex 1.36235 -2.13075 4
      vertex 0.482712 -0.903107 4
    endloop
  endfacet
  facet normal 0 0 1
    outer loop
      vertex 1.36235 -2.13075 4
      vertex 0.43782 -0.925705 4
      vertex 1.32735 -2.16681 4
    endloop
  endfacet
  facet normal -0 0 1
    outer loop
      vertex 0.391876 -0.94606 4
      vertex 1.32735 -2.16681 4
      vertex 0.43782 -0.925705 4
    endloop
  endfacet
  facet normal 0 0 1
    outer loop
      vertex 1.32735 -2.16681 4
      vertex 0.391876 -0.94606 4
      vertex 1.29414 -2.20454 4
    endloop
  endfacet
  facet normal -0 0 1
    outer loop
      vertex 0.344971 -0.964157 4
      vertex 1.29414 -2.20454 4
      vertex 0.391876 -0.94606 4
    endloop
  endfacet
  facet normal 0 0 1
    outer loop
      vertex 1.29414 -2.20454 4
      vertex 0.344971 -0.964157 4
      vertex 1.26283 -2.24387 4
    endloop
  endfacet
  facet normal -0 0 1
    outer loop
      vertex 0.297256 -0.979919 4
      vertex 1.26283 -2.24387 4
      vertex 0.344971 -0.964157 4
    endloop
  endfacet
  facet normal 0 0 1
    outer loop
      vertex 1.26283 -2.24387 4
      vertex 0.297256 -0.979919 4
      vertex 1.23349 -2.28467 4
    endloop
  endfacet
  facet normal -0 0 1
    outer loop
      vertex 0.24881 -0.993332 4
      vertex 1.23349 -2.28467 4
      vertex 0.297256 -0.979919 4
    endloop
  endfacet
  facet normal 0 0 1
    outer loop
      vertex 1.23349 -2.28467 4
      vertex 0.24881 -0.993332 4
      vertex 1.20618 -2.32687 4
    endloop
  endfacet
  facet normal -0 0 1
    outer loop
      vertex 0.199768 -1.00433 4
      vertex 1.20618 -2.32687 4
      vertex 0.24881 -0.993332 4
    endloop
  endfacet
  facet normal 0 0 1
    outer loop
      vertex 1.20618 -2.32687 4
      vertex 0.199768 -1.00433 4
      vertex 1.18098 -2.37035 4
    endloop
  endfacet
  facet normal -0 0 1
    outer loop
      vertex 0.150253 -1.01294 4
      vertex 1.18098 -2.37035 4
      vertex 0.199768 -1.00433 4
    endloop
  endfacet
  facet normal 0 0 1
    outer loop
      vertex 1.18098 -2.37035 4
      vertex 0.150253 -1.01294 4
      vertex 1.15794 -2.41502 4
    endloop
  endfacet
  facet normal -0 0 1
    outer loop
      vertex 0.100357 -1.01909 4
      vertex 1.15794 -2.41502 4
      vertex 0.150253 -1.01294 4
    endloop
  endfacet
  facet normal 0 0 1
    outer loop
      vertex 1.15794 -2.41502 4
      vertex 0.100357 -1.01909 4
      vertex 1.13712 -2.46077 4
    endloop
  endfacet
  facet normal 0 0 1
    outer loop
      vertex 1.08357 -3.10097 4
      vertex -1.08357 -3.10097 4
      vertex -1.0965 -3.14954 4
    endloop
  endfacet
  facet normal -0 0 1
    outer loop
      vertex 0.0502319 -1.02278 4
      vertex 1.13712 -2.46077 4
      vertex 0.100357 -1.01909 4
    endloop
  endfacet
  facet normal 0 0 1
    outer loop
      vertex 1.13712 -2.46077 4
      vertex 0.0502319 -1.02278 4
      vertex 1.11858 -2.50749 4
    endloop
  endfacet
  facet normal -0 0 1
    outer loop
      vertex 0 -1.02402 4
      vertex 1.11858 -2.50749 4
      vertex 0.0502319 -1.02278 4
    endloop
  endfacet
  facet normal 0 0 1
    outer loop
      vertex 1.11858 -2.50749 4
      vertex 0 -1.02402 4
      vertex 1.10234 -2.55505 4
    endloop
  endfacet
  facet normal 0 0 1
    outer loop
      vertex 1.0965 -3.14954 4
      vertex -1.0965 -3.14954 4
      vertex -1.1118 -3.19742 4
    endloop
  endfacet
  facet normal 0 0 1
    outer loop
      vertex -1.05533 -2.85187 4
      vertex 1.10234 -2.55505 4
      vertex 0 -1.02402 4
    endloop
  endfacet
  facet normal 0 0 1
    outer loop
      vertex 1.10234 -2.55505 4
      vertex -1.05533 -2.85187 4
      vertex 1.08846 -2.60336 4
    endloop
  endfacet
  facet normal 0 0 1
    outer loop
      vertex 1.08846 -2.60336 4
      vertex -1.05533 -2.85187 4
      vertex 1.07697 -2.65228 4
    endloop
  endfacet
  facet normal 0 0 1
    outer loop
      vertex 1.07697 -2.65228 4
      vertex -1.05533 -2.85187 4
      vertex 1.06789 -2.70172 4
    endloop
  endfacet
  facet normal 0 0 1
    outer loop
      vertex 1.06789 -2.70172 4
      vertex -1.05533 -2.85187 4
      vertex 1.06125 -2.75154 4
    endloop
  endfacet
  facet normal 0 0 1
    outer loop
      vertex 1.06125 -2.75154 4
      vertex -1.05533 -2.85187 4
      vertex 1.05705 -2.80164 4
    endloop
  endfacet
  facet normal 0 0 1
    outer loop
      vertex 1.05705 -2.80164 4
      vertex -1.05533 -2.85187 4
      vertex 1.05533 -2.85187 4
    endloop
  endfacet
  facet normal 0 0 1
    outer loop
      vertex 1.07304 -3.05182 4
      vertex -1.07304 -3.05182 4
      vertex -1.08357 -3.10097 4
    endloop
  endfacet
  facet normal 0 0 1
    outer loop
      vertex -1.05533 -2.85187 4
      vertex 0 -1.02402 4
      vertex -0.0502319 -1.02278 4
    endloop
  endfacet
  facet normal 0 0 1
    outer loop
      vertex -1.05533 -2.85187 4
      vertex -0.0502319 -1.02278 4
      vertex -0.100357 -1.01909 4
    endloop
  endfacet
  facet normal 0 0 1
    outer loop
      vertex -1.05533 -2.85187 4
      vertex -0.100357 -1.01909 4
      vertex -0.150253 -1.01294 4
    endloop
  endfacet
  facet normal 0 0 1
    outer loop
      vertex -1.05533 -2.85187 4
      vertex -0.150253 -1.01294 4
      vertex -0.199768 -1.00433 4
    endloop
  endfacet
  facet normal 0 0 1
    outer loop
      vertex -1.05533 -2.85187 4
      vertex -0.199768 -1.00433 4
      vertex -0.24881 -0.993332 4
    endloop
  endfacet
  facet normal 0 0 1
    outer loop
      vertex -1.05533 -2.85187 4
      vertex -0.24881 -0.993332 4
      vertex -0.297256 -0.979919 4
    endloop
  endfacet
  facet normal 0 0 1
    outer loop
      vertex 1.06494 -3.00223 4
      vertex -1.06494 -3.00223 4
      vertex -1.07304 -3.05182 4
    endloop
  endfacet
  facet normal 0 0 1
    outer loop
      vertex -1.05533 -2.85187 4
      vertex -0.297256 -0.979919 4
      vertex -0.344971 -0.964157 4
    endloop
  endfacet
  facet normal 0 0 1
    outer loop
      vertex -1.05533 -2.85187 4
      vertex -0.344971 -0.964157 4
      vertex -0.391876 -0.94606 4
    endloop
  endfacet
  facet normal 0 0 1
    outer loop
      vertex -1.05533 -2.85187 4
      vertex -0.391876 -0.94606 4
      vertex -0.43782 -0.925705 4
    endloop
  endfacet
  facet normal 0 0 1
    outer loop
      vertex -1.05533 -2.85187 4
      vertex -0.43782 -0.925705 4
      vertex -0.482712 -0.903107 4
    endloop
  endfacet
  facet normal 0 0 1
    outer loop
      vertex -1.05533 -2.85187 4
      vertex -0.482712 -0.903107 4
      vertex -0.526443 -0.878326 4
    endloop
  endfacet
  facet normal 0 0 1
    outer loop
      vertex -1.05533 -2.85187 4
      vertex -0.526443 -0.878326 4
      vertex -0.568909 -0.85144 4
    endloop
  endfacet
  facet normal 0 0 1
    outer loop
      vertex -1.05533 -2.85187 4
      vertex -0.568909 -0.85144 4
      vertex -0.610001 -0.822495 4
    endloop
  endfacet
  facet normal 0 0 1
    outer loop
      vertex -1.05533 -2.85187 4
      vertex -0.610001 -0.822495 4
      vertex -0.649628 -0.79158 4
    endloop
  endfacet
  facet normal 0 0 1
    outer loop
      vertex 1.05928 -2.95229 4
      vertex -1.05928 -2.95229 4
      vertex -1.06494 -3.00223 4
    endloop
  endfacet
  facet normal 0 0 1
    outer loop
      vertex -1.05533 -2.85187 4
      vertex -0.649628 -0.79158 4
      vertex -0.687683 -0.758743 4
    endloop
  endfacet
  facet normal 0 0 1
    outer loop
      vertex -1.05533 -2.85187 4
      vertex -0.687683 -0.758743 4
      vertex -0.724091 -0.724091 4
    endloop
  endfacet
  facet normal 0 0 1
    outer loop
      vertex -1.05533 -2.85187 4
      vertex -0.724091 -0.724091 4
      vertex -0.758743 -0.687683 4
    endloop
  endfacet
  facet normal 0 0 1
    outer loop
      vertex -1.05533 -2.85187 4
      vertex -0.758743 -0.687683 4
      vertex -0.79158 -0.649628 4
    endloop
  endfacet
  facet normal 0 0 1
    outer loop
      vertex -1.05533 -2.85187 4
      vertex -0.79158 -0.649628 4
      vertex -0.822495 -0.610001 4
    endloop
  endfacet
  facet normal 0 0 1
    outer loop
      vertex -1.05533 -2.85187 4
      vertex -0.822495 -0.610001 4
      vertex -0.85144 -0.568909 4
    endloop
  endfacet
  facet normal 0 0 1
    outer loop
      vertex -1.05533 -2.85187 4
      vertex -0.85144 -0.568909 4
      vertex -0.878326 -0.526443 4
    endloop
  endfacet
  facet normal 0 0 1
    outer loop
      vertex -1.05533 -2.85187 4
      vertex -0.878326 -0.526443 4
      vertex -0.903107 -0.482712 4
    endloop
  endfacet
  facet normal 0 0 1
    outer loop
      vertex -1.05533 -2.85187 4
      vertex -0.903107 -0.482712 4
      vertex -0.925705 -0.43782 4
    endloop
  endfacet
  facet normal 0 0 1
    outer loop
      vertex -1.05533 -2.85187 4
      vertex -0.925705 -0.43782 4
      vertex -0.94606 -0.391876 4
    endloop
  endfacet
  facet normal 0 0 1
    outer loop
      vertex -1.05533 -2.85187 4
      vertex -0.94606 -0.391876 4
      vertex -0.964157 -0.344971 4
    endloop
  endfacet
  facet normal 0 0 1
    outer loop
      vertex -1.05533 -2.85187 4
      vertex -0.964157 -0.344971 4
      vertex -0.979919 -0.297256 4
    endloop
  endfacet
  facet normal 0 0 1
    outer loop
      vertex -1.05533 -2.85187 4
      vertex -0.979919 -0.297256 4
      vertex -0.993332 -0.24881 4
    endloop
  endfacet
  facet normal 0 0 1
    outer loop
      vertex -1.05533 -2.85187 4
      vertex -0.993332 -0.24881 4
      vertex -1.00433 -0.199768 4
    endloop
  endfacet
  facet normal 0 0 1
    outer loop
      vertex -1.05533 -2.85187 4
      vertex -1.00433 -0.199768 4
      vertex -1.01294 -0.150253 4
    endloop
  endfacet
  facet normal 0 0 1
    outer loop
      vertex 1.05533 -2.85187 4
      vertex -1.05533 -2.85187 4
      vertex -1.05608 -2.90211 4
    endloop
  endfacet
  facet normal 0 0 1
    outer loop
      vertex -1.05533 -2.85187 4
      vertex -1.01294 -0.150253 4
      vertex -1.01909 -0.100357 4
    endloop
  endfacet
  facet normal 0 0 1
    outer loop
      vertex -1.05533 -2.85187 4
      vertex -1.01909 -0.100357 4
      vertex -1.02278 -0.0502319 4
    endloop
  endfacet
  facet normal 0 0 1
    outer loop
      vertex -1.05533 -2.85187 4
      vertex -1.02278 -0.0502319 4
      vertex -1.02402 0 4
    endloop
  endfacet
  facet normal 0 0 1
    outer loop
      vertex 1.05608 -2.90211 4
      vertex -1.05608 -2.90211 4
      vertex -1.05928 -2.95229 4
    endloop
  endfacet
  facet normal 0 0 1
    outer loop
      vertex 1.1118 -3.19742 4
      vertex -1.1118 -3.19742 4
      vertex -1.12943 -3.24449 4
    endloop
  endfacet
  facet normal 0 0 1
    outer loop
      vertex 1.12943 -3.24449 4
      vertex -1.12943 -3.24449 4
      vertex -1.14934 -3.29063 4
    endloop
  endfacet
  facet normal 0 0 1
    outer loop
      vertex 1.14934 -3.29063 4
      vertex -1.14934 -3.29063 4
      vertex -1.17149 -3.33575 4
    endloop
  endfacet
  facet normal 0 0 1
    outer loop
      vertex 1.17149 -3.33575 4
      vertex -1.17149 -3.33575 4
      vertex -1.19585 -3.37971 4
    endloop
  endfacet
  facet normal 0 0 1
    outer loop
      vertex 1.19585 -3.37971 4
      vertex -1.19585 -3.37971 4
      vertex -1.22232 -3.42245 4
    endloop
  endfacet
  facet normal 0 0 1
    outer loop
      vertex 1.22232 -3.42245 4
      vertex -1.22232 -3.42245 4
      vertex -1.25085 -3.46382 4
    endloop
  endfacet
  facet normal 0 0 1
    outer loop
      vertex 1.54425 -3.73505 4
      vertex 0.677052 -6.87422 4
      vertex 1.01354 -6.83272 4
    endloop
  endfacet
  facet normal 0 0 1
    outer loop
      vertex 1.25085 -3.46382 4
      vertex -1.25085 -3.46382 4
      vertex -1.28139 -3.50375 4
    endloop
  endfacet
  facet normal 0 0 1
    outer loop
      vertex 1.28139 -3.50375 4
      vertex -1.28139 -3.50375 4
      vertex -1.31384 -3.54213 4
    endloop
  endfacet
  facet normal 0 0 1
    outer loop
      vertex 1.46124 -3.67839 4
      vertex 0.338934 -6.89917 4
      vertex 0.677052 -6.87422 4
    endloop
  endfacet
  facet normal 0 0 1
    outer loop
      vertex 1.31384 -3.54213 4
      vertex -1.31384 -3.54213 4
      vertex -1.34813 -3.57887 4
    endloop
  endfacet
  facet normal 0 0 1
    outer loop
      vertex 1.3842 -3.61388 4
      vertex 0 -6.90749 4
      vertex 0.338934 -6.89917 4
    endloop
  endfacet
  facet normal 0 0 1
    outer loop
      vertex 1.34813 -3.57887 4
      vertex -1.34813 -3.57887 4
      vertex 0 -6.90749 4
    endloop
  endfacet
  facet normal -0 0 1
    outer loop
      vertex -1.3842 -3.61388 4
      vertex 0 -6.90749 4
      vertex -1.34813 -3.57887 4
    endloop
  endfacet
  facet normal 0 0 1
    outer loop
      vertex 0 -6.90749 4
      vertex -1.3842 -3.61388 4
      vertex -0.338934 -6.89917 4
    endloop
  endfacet
  facet normal -0 0 1
    outer loop
      vertex -1.42194 -3.64708 4
      vertex -0.338934 -6.89917 4
      vertex -1.3842 -3.61388 4
    endloop
  endfacet
  facet normal -0 0 1
    outer loop
      vertex -1.46124 -3.67839 4
      vertex -0.338934 -6.89917 4
      vertex -1.42194 -3.64708 4
    endloop
  endfacet
  facet normal 0 0 1
    outer loop
      vertex -0.338934 -6.89917 4
      vertex -1.46124 -3.67839 4
      vertex -0.677052 -6.87422 4
    endloop
  endfacet
  facet normal -0 0 1
    outer loop
      vertex -1.50206 -3.70773 4
      vertex -0.677052 -6.87422 4
      vertex -1.46124 -3.67839 4
    endloop
  endfacet
  facet normal -0 0 1
    outer loop
      vertex -1.54425 -3.73505 4
      vertex -0.677052 -6.87422 4
      vertex -1.50206 -3.70773 4
    endloop
  endfacet
  facet normal 0 0 1
    outer loop
      vertex -0.677052 -6.87422 4
      vertex -1.54425 -3.73505 4
      vertex -1.01354 -6.83272 4
    endloop
  endfacet
  facet normal -0 0 1
    outer loop
      vertex -1.58774 -3.76024 4
      vertex -1.01354 -6.83272 4
      vertex -1.54425 -3.73505 4
    endloop
  endfacet
  facet normal -0 0 1
    outer loop
      vertex -1.63242 -3.78328 4
      vertex -1.01354 -6.83272 4
      vertex -1.58774 -3.76024 4
    endloop
  endfacet
  facet normal 0 0 1
    outer loop
      vertex -1.01354 -6.83272 4
      vertex -1.63242 -3.78328 4
      vertex -1.34758 -6.77476 4
    endloop
  endfacet
  facet normal -0 0 1
    outer loop
      vertex -1.67816 -3.80409 4
      vertex -1.34758 -6.77476 4
      vertex -1.63242 -3.78328 4
    endloop
  endfacet
  facet normal -0 0 1
    outer loop
      vertex -1.72487 -3.82265 4
      vertex -1.34758 -6.77476 4
      vertex -1.67816 -3.80409 4
    endloop
  endfacet
  facet normal 0 0 1
    outer loop
      vertex -1.34758 -6.77476 4
      vertex -1.72487 -3.82265 4
      vertex -1.67838 -6.70048 4
    endloop
  endfacet
  facet normal -0 0 1
    outer loop
      vertex -1.77245 -3.83888 4
      vertex -1.67838 -6.70048 4
      vertex -1.72487 -3.82265 4
    endloop
  endfacet
  facet normal -0 0 1
    outer loop
      vertex -1.82074 -3.85277 4
      vertex -1.67838 -6.70048 4
      vertex -1.77245 -3.83888 4
    endloop
  endfacet
  facet normal 0 0 1
    outer loop
      vertex -2.00514 -6.61005 4
      vertex -1.82074 -3.85277 4
      vertex -1.86967 -3.86426 4
    endloop
  endfacet
  facet normal 0 0 1
    outer loop
      vertex -2.00514 -6.61005 4
      vertex -1.86967 -3.86426 4
      vertex -1.91911 -3.87334 4
    endloop
  endfacet
  facet normal 0 0 1
    outer loop
      vertex -2.32706 -6.5037 4
      vertex -1.91911 -3.87334 4
      vertex -1.96893 -3.87997 4
    endloop
  endfacet
  facet normal 0 0 1
    outer loop
      vertex -1.82074 -3.85277 4
      vertex -2.00514 -6.61005 4
      vertex -1.67838 -6.70048 4
    endloop
  endfacet
  facet normal 0 0 1
    outer loop
      vertex -2.32706 -6.5037 4
      vertex -1.96893 -3.87997 4
      vertex -2.01901 -3.88417 4
    endloop
  endfacet
  facet normal 0 0 1
    outer loop
      vertex -2.32706 -6.5037 4
      vertex -2.01901 -3.88417 4
      vertex -2.06924 -3.88589 4
    endloop
  endfacet
  facet normal 0 0 1
    outer loop
      vertex -2.64338 -6.38168 4
      vertex -2.06924 -3.88589 4
      vertex -2.11951 -3.88515 4
    endloop
  endfacet
  facet normal 0 0 1
    outer loop
      vertex -2.64338 -6.38168 4
      vertex -2.11951 -3.88515 4
      vertex -2.16966 -3.88194 4
    endloop
  endfacet
  facet normal 0 0 1
    outer loop
      vertex -2.95333 -6.24429 4
      vertex -2.16966 -3.88194 4
      vertex -2.2196 -3.87628 4
    endloop
  endfacet
  facet normal 0 0 1
    outer loop
      vertex -2.95333 -6.24429 4
      vertex -2.2196 -3.87628 4
      vertex -2.26921 -3.86818 4
    endloop
  endfacet
  facet normal 0 0 1
    outer loop
      vertex -2.95333 -6.24429 4
      vertex -2.26921 -3.86818 4
      vertex -2.31836 -3.85765 4
    endloop
  endfacet
  facet normal 0 0 1
    outer loop
      vertex -1.91911 -3.87334 4
      vertex -2.32706 -6.5037 4
      vertex -2.00514 -6.61005 4
    endloop
  endfacet
  facet normal 0 0 1
    outer loop
      vertex -3.25617 -6.09186 4
      vertex -2.31836 -3.85765 4
      vertex -2.36693 -3.84471 4
    endloop
  endfacet
  facet normal 0 0 1
    outer loop
      vertex -3.25617 -6.09186 4
      vertex -2.36693 -3.84471 4
      vertex -2.41481 -3.82942 4
    endloop
  endfacet
  facet normal 0 0 1
    outer loop
      vertex -3.55116 -5.92475 4
      vertex -2.41481 -3.82942 4
      vertex -2.46187 -3.8118 4
    endloop
  endfacet
  facet normal 0 0 1
    outer loop
      vertex -3.55116 -5.92475 4
      vertex -2.46187 -3.8118 4
      vertex -2.50803 -3.79187 4
    endloop
  endfacet
  facet normal 0 0 1
    outer loop
      vertex -3.55116 -5.92475 4
      vertex -2.50803 -3.79187 4
      vertex -2.55313 -3.76971 4
    endloop
  endfacet
  facet normal 0 0 1
    outer loop
      vertex -3.83759 -5.74336 4
      vertex -2.55313 -3.76971 4
      vertex -2.59711 -3.74538 4
    endloop
  endfacet
  facet normal 0 0 1
    outer loop
      vertex -3.83759 -5.74336 4
      vertex -2.59711 -3.74538 4
      vertex -2.63983 -3.7189 4
    endloop
  endfacet
  facet normal 0 0 1
    outer loop
      vertex -2.06924 -3.88589 4
      vertex -2.64338 -6.38168 4
      vertex -2.32706 -6.5037 4
    endloop
  endfacet
  facet normal 0 0 1
    outer loop
      vertex -4.11478 -5.54814 4
      vertex -2.63983 -3.7189 4
      vertex -2.68121 -3.69037 4
    endloop
  endfacet
  facet normal 0 0 1
    outer loop
      vertex -4.11478 -5.54814 4
      vertex -2.68121 -3.69037 4
      vertex -2.72113 -3.65984 4
    endloop
  endfacet
  facet normal 0 0 1
    outer loop
      vertex -4.11478 -5.54814 4
      vertex -2.72113 -3.65984 4
      vertex -2.75951 -3.62738 4
    endloop
  endfacet
  facet normal 0 0 1
    outer loop
      vertex -4.38206 -5.33956 4
      vertex -2.75951 -3.62738 4
      vertex -2.79625 -3.59308 4
    endloop
  endfacet
  facet normal 0 0 1
    outer loop
      vertex -4.38206 -5.33956 4
      vertex -2.79625 -3.59308 4
      vertex -2.83127 -3.55702 4
    endloop
  endfacet
  facet normal 0 0 1
    outer loop
      vertex -4.38206 -5.33956 4
      vertex -2.83127 -3.55702 4
      vertex -2.86447 -3.51929 4
    endloop
  endfacet
  facet normal 0 0 1
    outer loop
      vertex -4.63878 -5.11811 4
      vertex -2.86447 -3.51929 4
      vertex -2.89578 -3.47997 4
    endloop
  endfacet
  facet normal 0 0 1
    outer loop
      vertex -4.63878 -5.11811 4
      vertex -2.89578 -3.47997 4
      vertex -2.92513 -3.43916 4
    endloop
  endfacet
  facet normal 0 0 1
    outer loop
      vertex -4.88433 -4.88433 4
      vertex -2.92513 -3.43916 4
      vertex -2.95242 -3.39697 4
    endloop
  endfacet
  facet normal 0 0 1
    outer loop
      vertex -2.16966 -3.88194 4
      vertex -2.95333 -6.24429 4
      vertex -2.64338 -6.38168 4
    endloop
  endfacet
  facet normal 0 0 1
    outer loop
      vertex -4.88433 -4.88433 4
      vertex -2.95242 -3.39697 4
      vertex -2.97763 -3.35349 4
    endloop
  endfacet
  facet normal 0 0 1
    outer loop
      vertex -4.88433 -4.88433 4
      vertex -2.97763 -3.35349 4
      vertex -3.00067 -3.30881 4
    endloop
  endfacet
  facet normal 0 0 1
    outer loop
      vertex -5.11811 -4.63878 4
      vertex -3.00067 -3.30881 4
      vertex -3.02148 -3.26306 4
    endloop
  endfacet
  facet normal 0 0 1
    outer loop
      vertex -5.11811 -4.63878 4
      vertex -3.02148 -3.26306 4
      vertex -3.04004 -3.21635 4
    endloop
  endfacet
  facet normal 0 0 1
    outer loop
      vertex -5.33956 -4.38206 4
      vertex -3.04004 -3.21635 4
      vertex -3.05626 -3.16878 4
    endloop
  endfacet
  facet normal 0 0 1
    outer loop
      vertex -5.33956 -4.38206 4
      vertex -3.05626 -3.16878 4
      vertex -3.07014 -3.12047 4
    endloop
  endfacet
  facet normal 0 0 1
    outer loop
      vertex -5.54814 -4.11478 4
      vertex -3.07014 -3.12047 4
      vertex -3.08163 -3.07155 4
    endloop
  endfacet
  facet normal 0 0 1
    outer loop
      vertex -5.54814 -4.11478 4
      vertex -3.08163 -3.07155 4
      vertex -3.09071 -3.02211 4
    endloop
  endfacet
  facet normal 0 0 1
    outer loop
      vertex -5.54814 -4.11478 4
      vertex -3.09071 -3.02211 4
      vertex -3.09737 -2.97229 4
    endloop
  endfacet
  facet normal 0 0 1
    outer loop
      vertex -5.74336 -3.83759 4
      vertex -3.09737 -2.97229 4
      vertex -3.10155 -2.9222 4
    endloop
  endfacet
  facet normal 0 0 1
    outer loop
      vertex -2.93629 -2.30139 4
      vertex -3.72824 0.135941 4
      vertex -2.96277 -2.34412 4
    endloop
  endfacet
  facet normal 0 0 1
    outer loop
      vertex -3.77477 0.154953 4
      vertex -2.96277 -2.34412 4
      vertex -3.72824 0.135941 4
    endloop
  endfacet
  facet normal 0 0 1
    outer loop
      vertex -2.96277 -2.34412 4
      vertex -3.77477 0.154953 4
      vertex -2.98711 -2.38809 4
    endloop
  endfacet
  facet normal 0 0 1
    outer loop
      vertex -2.31836 -3.85765 4
      vertex -3.25617 -6.09186 4
      vertex -2.95333 -6.24429 4
    endloop
  endfacet
  facet normal 0 0 1
    outer loop
      vertex -3.8203 0.176224 4
      vertex -2.98711 -2.38809 4
      vertex -3.77477 0.154953 4
    endloop
  endfacet
  facet normal -0 0 1
    outer loop
      vertex -6.61005 -2.00514 4
      vertex -2.98711 -2.38809 4
      vertex -3.8203 0.176224 4
    endloop
  endfacet
  facet normal 0 0 1
    outer loop
      vertex -2.98711 -2.38809 4
      vertex -6.61005 -2.00514 4
      vertex -3.00926 -2.4332 4
    endloop
  endfacet
  facet normal -0 -0 1
    outer loop
      vertex -6.5037 -2.32706 4
      vertex -3.00926 -2.4332 4
      vertex -6.61005 -2.00514 4
    endloop
  endfacet
  facet normal 0 -0 1
    outer loop
      vertex -6.38168 -2.64338 4
      vertex -3.02917 -2.47935 4
      vertex -6.5037 -2.32706 4
    endloop
  endfacet
  facet normal 0 0 1
    outer loop
      vertex -3.02917 -2.47935 4
      vertex -6.38168 -2.64338 4
      vertex -3.0468 -2.52641 4
    endloop
  endfacet
  facet normal 0 0 1
    outer loop
      vertex -3.0468 -2.52641 4
      vertex -6.38168 -2.64338 4
      vertex -3.0621 -2.5743 4
    endloop
  endfacet
  facet normal 0 0 1
    outer loop
      vertex -2.41481 -3.82942 4
      vertex -3.55116 -5.92475 4
      vertex -3.25617 -6.09186 4
    endloop
  endfacet
  facet normal 0 -0 1
    outer loop
      vertex -6.24429 -2.95333 4
      vertex -3.0621 -2.5743 4
      vertex -6.38168 -2.64338 4
    endloop
  endfacet
  facet normal 0 0 1
    outer loop
      vertex -3.0621 -2.5743 4
      vertex -6.24429 -2.95333 4
      vertex -3.07503 -2.62286 4
    endloop
  endfacet
  facet normal 0 0 1
    outer loop
      vertex -3.07503 -2.62286 4
      vertex -6.24429 -2.95333 4
      vertex -3.08556 -2.67201 4
    endloop
  endfacet
  facet normal 0 0 1
    outer loop
      vertex -3.08556 -2.67201 4
      vertex -6.09186 -3.25617 4
      vertex -3.09367 -2.72162 4
    endloop
  endfacet
  facet normal 0 0 1
    outer loop
      vertex -3.09367 -2.72162 4
      vertex -6.09186 -3.25617 4
      vertex -3.09933 -2.77156 4
    endloop
  endfacet
  facet normal 0 -0 1
    outer loop
      vertex -6.09186 -3.25617 4
      vertex -3.08556 -2.67201 4
      vertex -6.24429 -2.95333 4
    endloop
  endfacet
  facet normal 0 0 1
    outer loop
      vertex -2.55313 -3.76971 4
      vertex -3.83759 -5.74336 4
      vertex -3.55116 -5.92475 4
    endloop
  endfacet
  facet normal 0 0 1
    outer loop
      vertex -6.61005 -2.00514 4
      vertex -3.8203 0.176224 4
      vertex -3.86475 0.199692 4
    endloop
  endfacet
  facet normal 0 0 1
    outer loop
      vertex -6.61005 -2.00514 4
      vertex -3.86475 0.199692 4
      vertex -3.90799 0.225327 4
    endloop
  endfacet
  facet normal 0 0 1
    outer loop
      vertex -6.70048 -1.67838 4
      vertex -3.90799 0.225327 4
      vertex -3.94991 0.253036 4
    endloop
  endfacet
  facet normal 0 0 1
    outer loop
      vertex -6.70048 -1.67838 4
      vertex -3.94991 0.253036 4
      vertex -3.99043 0.282776 4
    endloop
  endfacet
  facet normal 0 0 1
    outer loop
      vertex -6.77476 -1.34758 4
      vertex -3.99043 0.282776 4
      vertex -4.02943 0.314484 4
    endloop
  endfacet
  facet normal 0 0 1
    outer loop
      vertex -6.77476 -1.34758 4
      vertex -4.02943 0.314484 4
      vertex -4.06685 0.348053 4
    endloop
  endfacet
  facet normal 0 0 1
    outer loop
      vertex -6.83272 -1.01354 4
      vertex -4.06685 0.348053 4
      vertex -4.10255 0.383408 4
    endloop
  endfacet
  facet normal 0 0 1
    outer loop
      vertex -2.63983 -3.7189 4
      vertex -4.11478 -5.54814 4
      vertex -3.83759 -5.74336 4
    endloop
  endfacet
  facet normal 0 0 1
    outer loop
      vertex -6.83272 -1.01354 4
      vertex -4.10255 0.383408 4
      vertex -4.13649 0.420486 4
    endloop
  endfacet
  facet normal 0 0 1
    outer loop
      vertex -6.87422 -0.677052 4
      vertex -4.13649 0.420486 4
      vertex -4.16856 0.459183 4
    endloop
  endfacet
  facet normal 0 0 1
    outer loop
      vertex -6.87422 -0.677052 4
      vertex -4.16856 0.459183 4
      vertex -4.19872 0.499405 4
    endloop
  endfacet
  facet normal 0 0 1
    outer loop
      vertex -6.89917 -0.338934 4
      vertex -4.19872 0.499405 4
      vertex -4.22684 0.541061 4
    endloop
  endfacet
  facet normal 0 0 1
    outer loop
      vertex -6.89917 -0.338934 4
      vertex -4.22684 0.541061 4
      vertex -4.25288 0.584045 4
    endloop
  endfacet
  facet normal 0 0 1
    outer loop
      vertex -6.90749 0 4
      vertex -4.25288 0.584045 4
      vertex -4.27679 0.62825 4
    endloop
  endfacet
  facet normal 0 0 1
    outer loop
      vertex -6.90749 0 4
      vertex -4.27679 0.62825 4
      vertex -4.29851 0.673584 4
    endloop
  endfacet
  facet normal 0 0 1
    outer loop
      vertex -6.89917 0.338934 4
      vertex -4.29851 0.673584 4
      vertex -4.31798 0.719925 4
    endloop
  endfacet
  facet normal 0 0 1
    outer loop
      vertex -6.89917 0.338934 4
      vertex -4.31798 0.719925 4
      vertex -4.33514 0.767166 4
    endloop
  endfacet
  facet normal 0 0 1
    outer loop
      vertex -6.89917 0.338934 4
      vertex -4.33514 0.767166 4
      vertex -4.34996 0.815186 4
    endloop
  endfacet
  facet normal 0 0 1
    outer loop
      vertex -6.87422 0.677052 4
      vertex -4.34996 0.815186 4
      vertex -4.36241 0.863892 4
    endloop
  endfacet
  facet normal 0 0 1
    outer loop
      vertex -6.87422 0.677052 4
      vertex -4.36241 0.863892 4
      vertex -4.37247 0.913132 4
    endloop
  endfacet
  facet normal 0 0 1
    outer loop
      vertex -6.83272 1.01354 4
      vertex -4.37247 0.913132 4
      vertex -4.38008 0.962814 4
    endloop
  endfacet
  facet normal 0 0 1
    outer loop
      vertex -2.75951 -3.62738 4
      vertex -4.38206 -5.33956 4
      vertex -4.11478 -5.54814 4
    endloop
  endfacet
  facet normal 0 0 1
    outer loop
      vertex -6.83272 1.01354 4
      vertex -4.38008 0.962814 4
      vertex -4.38525 1.0128 4
    endloop
  endfacet
  facet normal -0 0 1
    outer loop
      vertex -6.83272 1.01354 4
      vertex -4.38525 1.0128 4
      vertex -4.38797 1.06299 4
    endloop
  endfacet
  facet normal 0 0 1
    outer loop
      vertex -6.77476 1.34758 4
      vertex -4.38797 1.06299 4
      vertex -4.38821 1.11325 4
    endloop
  endfacet
  facet normal -0 0 1
    outer loop
      vertex -6.5037 2.32706 4
      vertex -4.28131 1.54907 4
      vertex -6.38168 2.64338 4
    endloop
  endfacet
  facet normal 0 0 1
    outer loop
      vertex -2.86447 -3.51929 4
      vertex -4.63878 -5.11811 4
      vertex -4.38206 -5.33956 4
    endloop
  endfacet
  facet normal 0 0 1
    outer loop
      vertex -4.28131 1.54907 4
      vertex -6.5037 2.32706 4
      vertex -4.30258 1.50352 4
    endloop
  endfacet
  facet normal 0 0 1
    outer loop
      vertex -2.92513 -3.43916 4
      vertex -4.88433 -4.88433 4
      vertex -4.63878 -5.11811 4
    endloop
  endfacet
  facet normal 0 0 1
    outer loop
      vertex -4.30258 1.50352 4
      vertex -6.5037 2.32706 4
      vertex -4.32159 1.457 4
    endloop
  endfacet
  facet normal 0 0 1
    outer loop
      vertex -3.00067 -3.30881 4
      vertex -5.11811 -4.63878 4
      vertex -4.88433 -4.88433 4
    endloop
  endfacet
  facet normal 0 0 1
    outer loop
      vertex -4.32159 1.457 4
      vertex -6.5037 2.32706 4
      vertex -4.33829 1.40959 4
    endloop
  endfacet
  facet normal 0 0 1
    outer loop
      vertex -3.04004 -3.21635 4
      vertex -5.33956 -4.38206 4
      vertex -5.11811 -4.63878 4
    endloop
  endfacet
  facet normal -0 0 1
    outer loop
      vertex -6.61005 2.00514 4
      vertex -4.33829 1.40959 4
      vertex -6.5037 2.32706 4
    endloop
  endfacet
  facet normal 0 0 1
    outer loop
      vertex -3.07014 -3.12047 4
      vertex -5.54814 -4.11478 4
      vertex -5.33956 -4.38206 4
    endloop
  endfacet
  facet normal 0 0 1
    outer loop
      vertex -4.33829 1.40959 4
      vertex -6.61005 2.00514 4
      vertex -4.35265 1.36142 4
    endloop
  endfacet
  facet normal 0 0 1
    outer loop
      vertex -3.09737 -2.97229 4
      vertex -5.74336 -3.83759 4
      vertex -5.54814 -4.11478 4
    endloop
  endfacet
  facet normal 0 0 1
    outer loop
      vertex -4.35265 1.36142 4
      vertex -6.61005 2.00514 4
      vertex -4.36462 1.31261 4
    endloop
  endfacet
  facet normal 0 0 1
    outer loop
      vertex -3.10327 -2.87196 4
      vertex -5.74336 -3.83759 4
      vertex -3.10155 -2.9222 4
    endloop
  endfacet
  facet normal -0 0 1
    outer loop
      vertex -6.70048 1.67838 4
      vertex -4.36462 1.31261 4
      vertex -6.61005 2.00514 4
    endloop
  endfacet
  facet normal 0 -0 1
    outer loop
      vertex -5.74336 -3.83759 4
      vertex -3.10327 -2.87196 4
      vertex -5.92475 -3.55116 4
    endloop
  endfacet
  facet normal 0 0 1
    outer loop
      vertex -4.36462 1.31261 4
      vertex -6.70048 1.67838 4
      vertex -4.37418 1.26326 4
    endloop
  endfacet
  facet normal 0 0 1
    outer loop
      vertex -3.10254 -2.82172 4
      vertex -5.92475 -3.55116 4
      vertex -3.10327 -2.87196 4
    endloop
  endfacet
  facet normal 0 0 1
    outer loop
      vertex -4.37418 1.26326 4
      vertex -6.70048 1.67838 4
      vertex -4.38132 1.21352 4
    endloop
  endfacet
  facet normal 0 0 1
    outer loop
      vertex -3.09933 -2.77156 4
      vertex -5.92475 -3.55116 4
      vertex -3.10254 -2.82172 4
    endloop
  endfacet
  facet normal 0 0 1
    outer loop
      vertex -4.38132 1.21352 4
      vertex -6.70048 1.67838 4
      vertex -4.38599 1.16347 4
    endloop
  endfacet
  facet normal 0 -0 1
    outer loop
      vertex -5.92475 -3.55116 4
      vertex -3.09933 -2.77156 4
      vertex -6.09186 -3.25617 4
    endloop
  endfacet
  facet normal -0 0 1
    outer loop
      vertex -6.77476 1.34758 4
      vertex -4.38599 1.16347 4
      vertex -6.70048 1.67838 4
    endloop
  endfacet
  facet normal 0 0 1
    outer loop
      vertex -3.00926 -2.4332 4
      vertex -6.5037 -2.32706 4
      vertex -3.02917 -2.47935 4
    endloop
  endfacet
  facet normal 0 0 1
    outer loop
      vertex -4.38599 1.16347 4
      vertex -6.77476 1.34758 4
      vertex -4.38821 1.11325 4
    endloop
  endfacet
  facet normal 0 0 1
    outer loop
      vertex -3.90799 0.225327 4
      vertex -6.70048 -1.67838 4
      vertex -6.61005 -2.00514 4
    endloop
  endfacet
  facet normal 0 0 1
    outer loop
      vertex -4.38797 1.06299 4
      vertex -6.77476 1.34758 4
      vertex -6.83272 1.01354 4
    endloop
  endfacet
  facet normal 0 0 1
    outer loop
      vertex -3.99043 0.282776 4
      vertex -6.77476 -1.34758 4
      vertex -6.70048 -1.67838 4
    endloop
  endfacet
  facet normal 0 0 1
    outer loop
      vertex -4.37247 0.913132 4
      vertex -6.83272 1.01354 4
      vertex -6.87422 0.677052 4
    endloop
  endfacet
  facet normal 0 0 1
    outer loop
      vertex -4.06685 0.348053 4
      vertex -6.83272 -1.01354 4
      vertex -6.77476 -1.34758 4
    endloop
  endfacet
  facet normal 0 0 1
    outer loop
      vertex -4.34996 0.815186 4
      vertex -6.87422 0.677052 4
      vertex -6.89917 0.338934 4
    endloop
  endfacet
  facet normal 0 0 1
    outer loop
      vertex -4.13649 0.420486 4
      vertex -6.87422 -0.677052 4
      vertex -6.83272 -1.01354 4
    endloop
  endfacet
  facet normal 0 0 1
    outer loop
      vertex -4.29851 0.673584 4
      vertex -6.89917 0.338934 4
      vertex -6.90749 0 4
    endloop
  endfacet
  facet normal 0 0 1
    outer loop
      vertex -4.19872 0.499405 4
      vertex -6.89917 -0.338934 4
      vertex -6.87422 -0.677052 4
    endloop
  endfacet
  facet normal 0 0 1
    outer loop
      vertex -4.25288 0.584045 4
      vertex -6.90749 0 4
      vertex -6.89917 -0.338934 4
    endloop
  endfacet
  facet normal 0 0 1
    outer loop
      vertex -1.02402 0 4
      vertex -1.79167 -1.87912 4
      vertex -1.7438 -1.89441 4
    endloop
  endfacet
  facet normal -0 0 1
    outer loop
      vertex -2.58571 0.428101 4
      vertex -1.02402 0 4
      vertex -2.55402 0.467102 4
    endloop
  endfacet
  facet normal 0 0 1
    outer loop
      vertex -1.02402 0 4
      vertex -1.84026 -1.8662 4
      vertex -1.79167 -1.87912 4
    endloop
  endfacet
  facet normal -0 0 1
    outer loop
      vertex -2.61928 0.390701 4
      vertex -1.02402 0 4
      vertex -2.58571 0.428101 4
    endloop
  endfacet
  facet normal 0 0 1
    outer loop
      vertex -1.02402 0 4
      vertex -1.88939 -1.85565 4
      vertex -1.84026 -1.8662 4
    endloop
  endfacet
  facet normal -0 0 1
    outer loop
      vertex -2.65465 0.35498 4
      vertex -1.02402 0 4
      vertex -2.61928 0.390701 4
    endloop
  endfacet
  facet normal 0 0 1
    outer loop
      vertex -1.02402 0 4
      vertex -1.939 -1.84755 4
      vertex -1.88939 -1.85565 4
    endloop
  endfacet
  facet normal -0 0 1
    outer loop
      vertex -2.69173 0.321045 4
      vertex -1.02402 0 4
      vertex -2.65465 0.35498 4
    endloop
  endfacet
  facet normal 0 0 1
    outer loop
      vertex -1.02402 0 4
      vertex -1.98894 -1.84189 4
      vertex -1.939 -1.84755 4
    endloop
  endfacet
  facet normal -0 0 1
    outer loop
      vertex -2.73042 0.288971 4
      vertex -1.02402 0 4
      vertex -2.69173 0.321045 4
    endloop
  endfacet
  facet normal 0 0 1
    outer loop
      vertex -1.02402 0 4
      vertex -2.03909 -1.83868 4
      vertex -1.98894 -1.84189 4
    endloop
  endfacet
  facet normal 0 0 1
    outer loop
      vertex -1.02402 0 4
      vertex -2.73042 0.288971 4
      vertex -2.03909 -1.83868 4
    endloop
  endfacet
  facet normal 0 0 1
    outer loop
      vertex -2.03909 -1.83868 4
      vertex -2.73042 0.288971 4
      vertex -2.08936 -1.83794 4
    endloop
  endfacet
  facet normal -0 0 1
    outer loop
      vertex -2.77065 0.258835 4
      vertex -2.08936 -1.83794 4
      vertex -2.73042 0.288971 4
    endloop
  endfacet
  facet normal 0 0 1
    outer loop
      vertex -2.08936 -1.83794 4
      vertex -2.77065 0.258835 4
      vertex -2.13959 -1.83968 4
    endloop
  endfacet
  facet normal -0 0 1
    outer loop
      vertex -2.8123 0.230698 4
      vertex -2.13959 -1.83968 4
      vertex -2.77065 0.258835 4
    endloop
  endfacet
  facet normal 0 0 1
    outer loop
      vertex -2.13959 -1.83968 4
      vertex -2.8123 0.230698 4
      vertex -2.18968 -1.84386 4
    endloop
  endfacet
  facet normal -0 0 1
    outer loop
      vertex -2.85529 0.204651 4
      vertex -2.18968 -1.84386 4
      vertex -2.8123 0.230698 4
    endloop
  endfacet
  facet normal 0 0 1
    outer loop
      vertex -2.18968 -1.84386 4
      vertex -2.85529 0.204651 4
      vertex -2.2395 -1.85049 4
    endloop
  endfacet
  facet normal -0 0 1
    outer loop
      vertex -2.89949 0.18074 4
      vertex -2.2395 -1.85049 4
      vertex -2.85529 0.204651 4
    endloop
  endfacet
  facet normal 0 0 1
    outer loop
      vertex -2.2395 -1.85049 4
      vertex -2.89949 0.18074 4
      vertex -2.28893 -1.85957 4
    endloop
  endfacet
  facet normal -0 0 1
    outer loop
      vertex -2.94482 0.159027 4
      vertex -2.28893 -1.85957 4
      vertex -2.89949 0.18074 4
    endloop
  endfacet
  facet normal 0 0 1
    outer loop
      vertex -2.28893 -1.85957 4
      vertex -2.94482 0.159027 4
      vertex -2.33786 -1.87108 4
    endloop
  endfacet
  facet normal -0 0 1
    outer loop
      vertex -2.99117 0.139572 4
      vertex -2.33786 -1.87108 4
      vertex -2.94482 0.159027 4
    endloop
  endfacet
  facet normal 0 0 1
    outer loop
      vertex -2.33786 -1.87108 4
      vertex -2.99117 0.139572 4
      vertex -2.38617 -1.88495 4
    endloop
  endfacet
  facet normal -0 0 1
    outer loop
      vertex -3.03841 0.122406 4
      vertex -2.38617 -1.88495 4
      vertex -2.99117 0.139572 4
    endloop
  endfacet
  facet normal 0 0 1
    outer loop
      vertex -2.38617 -1.88495 4
      vertex -3.03841 0.122406 4
      vertex -2.43373 -1.90118 4
    endloop
  endfacet
  facet normal -0 0 1
    outer loop
      vertex -3.08643 0.107574 4
      vertex -2.43373 -1.90118 4
      vertex -3.03841 0.122406 4
    endloop
  endfacet
  facet normal 0 0 1
    outer loop
      vertex -2.43373 -1.90118 4
      vertex -3.08643 0.107574 4
      vertex -2.48045 -1.91974 4
    endloop
  endfacet
  facet normal -0 0 1
    outer loop
      vertex -3.13512 0.0951233 4
      vertex -2.48045 -1.91974 4
      vertex -3.08643 0.107574 4
    endloop
  endfacet
  facet normal 0 0 1
    outer loop
      vertex -2.48045 -1.91974 4
      vertex -3.13512 0.0951233 4
      vertex -2.5262 -1.94055 4
    endloop
  endfacet
  facet normal -0 0 1
    outer loop
      vertex -3.18437 0.0850677 4
      vertex -2.5262 -1.94055 4
      vertex -3.13512 0.0951233 4
    endloop
  endfacet
  facet normal 0 0 1
    outer loop
      vertex -2.5262 -1.94055 4
      vertex -3.18437 0.0850677 4
      vertex -2.57086 -1.96359 4
    endloop
  endfacet
  facet normal -0 0 1
    outer loop
      vertex -3.23405 0.0774536 4
      vertex -2.57086 -1.96359 4
      vertex -3.18437 0.0850677 4
    endloop
  endfacet
  facet normal 0 0 1
    outer loop
      vertex -2.57086 -1.96359 4
      vertex -3.23405 0.0774536 4
      vertex -2.61435 -1.9888 4
    endloop
  endfacet
  facet normal -0 0 1
    outer loop
      vertex -3.28404 0.0722809 4
      vertex -2.61435 -1.9888 4
      vertex -3.23405 0.0774536 4
    endloop
  endfacet
  facet normal 0 0 1
    outer loop
      vertex -2.61435 -1.9888 4
      vertex -3.28404 0.0722809 4
      vertex -2.65656 -2.0161 4
    endloop
  endfacet
  facet normal -0 0 1
    outer loop
      vertex -3.33423 0.0695648 4
      vertex -2.65656 -2.0161 4
      vertex -3.28404 0.0722809 4
    endloop
  endfacet
  facet normal 0 0 1
    outer loop
      vertex -2.65656 -2.0161 4
      vertex -3.33423 0.0695648 4
      vertex -2.69736 -2.04544 4
    endloop
  endfacet
  facet normal -0 0 1
    outer loop
      vertex -3.38449 0.0693207 4
      vertex -2.69736 -2.04544 4
      vertex -3.33423 0.0695648 4
    endloop
  endfacet
  facet normal 0 0 1
    outer loop
      vertex -2.69736 -2.04544 4
      vertex -3.38449 0.0693207 4
      vertex -2.73668 -2.07675 4
    endloop
  endfacet
  facet normal 0 0 1
    outer loop
      vertex -3.43471 0.0715485 4
      vertex -2.73668 -2.07675 4
      vertex -3.38449 0.0693207 4
    endloop
  endfacet
  facet normal 0 0 1
    outer loop
      vertex -2.73668 -2.07675 4
      vertex -3.43471 0.0715485 4
      vertex -2.77441 -2.10995 4
    endloop
  endfacet
  facet normal 0 0 1
    outer loop
      vertex -3.48474 0.0762329 4
      vertex -2.77441 -2.10995 4
      vertex -3.43471 0.0715485 4
    endloop
  endfacet
  facet normal 0 0 1
    outer loop
      vertex -2.77441 -2.10995 4
      vertex -3.48474 0.0762329 4
      vertex -2.81047 -2.14497 4
    endloop
  endfacet
  facet normal 0 0 1
    outer loop
      vertex -3.5345 0.0833588 4
      vertex -2.81047 -2.14497 4
      vertex -3.48474 0.0762329 4
    endloop
  endfacet
  facet normal 0 0 1
    outer loop
      vertex -2.81047 -2.14497 4
      vertex -3.5345 0.0833588 4
      vertex -2.84477 -2.1817 4
    endloop
  endfacet
  facet normal 0 0 1
    outer loop
      vertex -3.58385 0.092926 4
      vertex -2.84477 -2.1817 4
      vertex -3.5345 0.0833588 4
    endloop
  endfacet
  facet normal 0 0 1
    outer loop
      vertex -2.84477 -2.1817 4
      vertex -3.58385 0.092926 4
      vertex -2.87723 -2.22009 4
    endloop
  endfacet
  facet normal 0 0 1
    outer loop
      vertex -3.63266 0.104889 4
      vertex -2.87723 -2.22009 4
      vertex -3.58385 0.092926 4
    endloop
  endfacet
  facet normal 0 0 1
    outer loop
      vertex -2.87723 -2.22009 4
      vertex -3.63266 0.104889 4
      vertex -2.90776 -2.26001 4
    endloop
  endfacet
  facet normal 0 0 1
    outer loop
      vertex -3.68083 0.119247 4
      vertex -2.90776 -2.26001 4
      vertex -3.63266 0.104889 4
    endloop
  endfacet
  facet normal 0 0 1
    outer loop
      vertex -2.90776 -2.26001 4
      vertex -3.68083 0.119247 4
      vertex -2.93629 -2.30139 4
    endloop
  endfacet
  facet normal 0 0 1
    outer loop
      vertex -3.72824 0.135941 4
      vertex -2.93629 -2.30139 4
      vertex -3.68083 0.119247 4
    endloop
  endfacet
  facet normal 0.696796 0.120892 -0.707008
    outer loop
      vertex 7.42623 1.10158 0.599991
      vertex 6.83272 1.01354 0
      vertex 7.36324 1.46464 0.599991
    endloop
  endfacet
  facet normal 0.985281 0.170944 0
    outer loop
      vertex 7.42623 1.10158 3.39999
      vertex 7.36324 1.46464 0.599991
      vertex 7.36324 1.46464 3.39999
    endloop
  endfacet
  facet normal 0.985281 0.170944 0
    outer loop
      vertex 7.36324 1.46464 0.599991
      vertex 7.42623 1.10158 3.39999
      vertex 7.42623 1.10158 0.599991
    endloop
  endfacet
  facet normal -0.681589 -0.18862 -0.707007
    outer loop
      vertex -7.18422 -2.17931 0.599991
      vertex -7.2825 -1.82417 0.599991
      vertex -6.70048 -1.67838 0
    endloop
  endfacet
  facet normal 0.53551 0.461938 0.706996
    outer loop
      vertex 5.56268 5.04172 3.39999
      vertex 5.11811 4.63878 4
      vertex 5.33956 4.38206 4
    endloop
  endfacet
  facet normal 0.535505 0.461941 0.706997
    outer loop
      vertex 5.56268 5.04172 3.39999
      vertex 5.33956 4.38206 4
      vertex 5.80337 4.7627 3.39999
    endloop
  endfacet
  facet normal 0.492912 0.870079 -0
    outer loop
      vertex 3.85962 6.43939 0.599991
      vertex 3.53901 6.62102 3.39999
      vertex 3.85962 6.43939 3.39999
    endloop
  endfacet
  facet normal 0.492912 0.870079 0
    outer loop
      vertex 3.53901 6.62102 3.39999
      vertex 3.85962 6.43939 0.599991
      vertex 3.53901 6.62102 0.599991
    endloop
  endfacet
  facet normal 0.653182 0.757201 -0
    outer loop
      vertex 5.04172 5.56268 0.599991
      vertex 4.7627 5.80337 3.39999
      vertex 5.04172 5.56268 3.39999
    endloop
  endfacet
  facet normal 0.653182 0.757201 0
    outer loop
      vertex 4.7627 5.80337 3.39999
      vertex 5.04172 5.56268 0.599991
      vertex 4.7627 5.80337 0.599991
    endloop
  endfacet
  facet normal 0.221841 0.67151 -0.707009
    outer loop
      vertex 2.32706 6.5037 0
      vertex 2.17931 7.18422 0.599991
      vertex 2.5292 7.06863 0.599991
    endloop
  endfacet
  facet normal 0.313687 0.949527 -0
    outer loop
      vertex 2.5292 7.06863 0.599991
      vertex 2.17931 7.18422 3.39999
      vertex 2.5292 7.06863 3.39999
    endloop
  endfacet
  facet normal 0.313687 0.949527 0
    outer loop
      vertex 2.17931 7.18422 3.39999
      vertex 2.5292 7.06863 0.599991
      vertex 2.17931 7.18422 0.599991
    endloop
  endfacet
  facet normal 0.120892 0.696796 -0.707008
    outer loop
      vertex 1.46464 7.36324 0.599991
      vertex 1.01354 6.83272 0
      vertex 1.10158 7.42623 0.599991
    endloop
  endfacet
  facet normal 0.170944 0.985281 -0
    outer loop
      vertex 1.46464 7.36324 0.599991
      vertex 1.10158 7.42623 3.39999
      vertex 1.46464 7.36324 3.39999
    endloop
  endfacet
  facet normal 0.170944 0.985281 0
    outer loop
      vertex 1.10158 7.42623 3.39999
      vertex 1.46464 7.36324 0.599991
      vertex 1.10158 7.42623 0.599991
    endloop
  endfacet
  facet normal -0.706995 0.017355 -0.707006
    outer loop
      vertex -6.90749 0 0
      vertex -7.50749 0 0.599991
      vertex -6.89917 0.338934 0
    endloop
  endfacet
  facet normal -0.70529 -0.05203 -0.707007
    outer loop
      vertex -7.47134 -0.735863 0.599991
      vertex -7.49845 -0.368375 0.599991
      vertex -6.89917 -0.338934 0
    endloop
  endfacet
  facet normal -0.706994 -0.0173498 -0.707007
    outer loop
      vertex -7.49845 -0.368375 0.599991
      vertex -7.50749 0 0.599991
      vertex -6.89917 -0.338934 0
    endloop
  endfacet
  facet normal -0.705285 0.0520435 -0.707011
    outer loop
      vertex -6.89917 0.338934 0
      vertex -7.47134 0.735863 0.599991
      vertex -6.87422 0.677052 0
    endloop
  endfacet
  facet normal -0.705285 -0.0520435 -0.707011
    outer loop
      vertex -6.87422 -0.677052 0
      vertex -7.47134 -0.735863 0.599991
      vertex -6.89917 -0.338934 0
    endloop
  endfacet
  facet normal -0.701884 -0.0865654 -0.707011
    outer loop
      vertex -6.83272 -1.01354 0
      vertex -7.47134 -0.735863 0.599991
      vertex -6.87422 -0.677052 0
    endloop
  endfacet
  facet normal 0.701886 0.0865754 -0.707008
    outer loop
      vertex 7.47134 0.735863 0.599991
      vertex 6.83272 1.01354 0
      vertex 7.42623 1.10158 0.599991
    endloop
  endfacet
  facet normal 0.975699 0.219114 0
    outer loop
      vertex 7.36324 1.46464 3.39999
      vertex 7.2825 1.82417 0.599991
      vertex 7.2825 1.82417 3.39999
    endloop
  endfacet
  facet normal 0.975699 0.219114 0
    outer loop
      vertex 7.2825 1.82417 0.599991
      vertex 7.36324 1.46464 3.39999
      vertex 7.36324 1.46464 0.599991
    endloop
  endfacet
  facet normal 0.266712 0.963776 -0
    outer loop
      vertex 2.17931 7.18422 0.599991
      vertex 1.82417 7.2825 3.39999
      vertex 2.17931 7.18422 3.39999
    endloop
  endfacet
  facet normal 0.266712 0.963776 0
    outer loop
      vertex 1.82417 7.2825 3.39999
      vertex 2.17931 7.18422 0.599991
      vertex 1.82417 7.2825 0.599991
    endloop
  endfacet
  facet normal 0 0 1
    outer loop
      vertex 1.02278 3.58777 3
      vertex 1.02278 3.48727 3
      vertex 1.02402 3.53752 3
    endloop
  endfacet
  facet normal 0 0 1
    outer loop
      vertex 1.01909 3.63789 3
      vertex 1.02278 3.48727 3
      vertex 1.02278 3.58777 3
    endloop
  endfacet
  facet normal 0 0 1
    outer loop
      vertex 1.01909 3.63789 3
      vertex 1.01909 3.43715 3
      vertex 1.02278 3.48727 3
    endloop
  endfacet
  facet normal 0 0 1
    outer loop
      vertex 1.01294 3.68777 3
      vertex 1.01909 3.43715 3
      vertex 1.01909 3.63789 3
    endloop
  endfacet
  facet normal 0 0 1
    outer loop
      vertex 1.01294 3.68777 3
      vertex 1.01294 3.38727 3
      vertex 1.01909 3.43715 3
    endloop
  endfacet
  facet normal 0 0 1
    outer loop
      vertex 1.00433 3.7373 3
      vertex 1.01294 3.38727 3
      vertex 1.01294 3.68777 3
    endloop
  endfacet
  facet normal 0 0 1
    outer loop
      vertex 1.00433 3.7373 3
      vertex 1.00433 3.33775 3
      vertex 1.01294 3.38727 3
    endloop
  endfacet
  facet normal 0 0 1
    outer loop
      vertex 0.993332 3.78635 3
      vertex 1.00433 3.33775 3
      vertex 1.00433 3.7373 3
    endloop
  endfacet
  facet normal 0 0 1
    outer loop
      vertex 0.993332 3.78635 3
      vertex 0.993332 3.28871 3
      vertex 1.00433 3.33775 3
    endloop
  endfacet
  facet normal 0 0 1
    outer loop
      vertex 0.979919 3.83478 3
      vertex 0.993332 3.28871 3
      vertex 0.993332 3.78635 3
    endloop
  endfacet
  facet normal 0 0 1
    outer loop
      vertex 0.979919 3.83478 3
      vertex 0.979919 3.24026 3
      vertex 0.993332 3.28871 3
    endloop
  endfacet
  facet normal 0 0 1
    outer loop
      vertex 0.964157 3.88251 3
      vertex 0.979919 3.24026 3
      vertex 0.979919 3.83478 3
    endloop
  endfacet
  facet normal 0 0 1
    outer loop
      vertex 0.964157 3.88251 3
      vertex 0.964157 3.19255 3
      vertex 0.979919 3.24026 3
    endloop
  endfacet
  facet normal 0 0 1
    outer loop
      vertex 0.94606 3.9294 3
      vertex 0.964157 3.19255 3
      vertex 0.964157 3.88251 3
    endloop
  endfacet
  facet normal 0 0 1
    outer loop
      vertex 0.94606 3.9294 3
      vertex 0.94606 3.14565 3
      vertex 0.964157 3.19255 3
    endloop
  endfacet
  facet normal 0 0 1
    outer loop
      vertex 0.925705 3.97536 3
      vertex 0.94606 3.14565 3
      vertex 0.94606 3.9294 3
    endloop
  endfacet
  facet normal 0 0 1
    outer loop
      vertex 0.925705 3.97536 3
      vertex 0.925705 3.0997 3
      vertex 0.94606 3.14565 3
    endloop
  endfacet
  facet normal 0 0 1
    outer loop
      vertex 0.903107 4.02025 3
      vertex 0.925705 3.0997 3
      vertex 0.925705 3.97536 3
    endloop
  endfacet
  facet normal 0 0 1
    outer loop
      vertex 0.903107 4.02025 3
      vertex 0.903107 3.05481 3
      vertex 0.925705 3.0997 3
    endloop
  endfacet
  facet normal 0 0 1
    outer loop
      vertex 0.878326 4.06398 3
      vertex 0.903107 3.05481 3
      vertex 0.903107 4.02025 3
    endloop
  endfacet
  facet normal 0 0 1
    outer loop
      vertex 0.878326 4.06398 3
      vertex 0.878326 3.01108 3
      vertex 0.903107 3.05481 3
    endloop
  endfacet
  facet normal 0 0 1
    outer loop
      vertex 0.85144 4.10645 3
      vertex 0.878326 3.01108 3
      vertex 0.878326 4.06398 3
    endloop
  endfacet
  facet normal 0 0 1
    outer loop
      vertex 0.85144 4.10645 3
      vertex 0.85144 2.96861 3
      vertex 0.878326 3.01108 3
    endloop
  endfacet
  facet normal 0 0 1
    outer loop
      vertex 0.822495 4.14754 3
      vertex 0.85144 2.96861 3
      vertex 0.85144 4.10645 3
    endloop
  endfacet
  facet normal 0 0 1
    outer loop
      vertex 0.822495 4.14754 3
      vertex 0.822495 2.92752 3
      vertex 0.85144 2.96861 3
    endloop
  endfacet
  facet normal 0 0 1
    outer loop
      vertex 0.79158 4.18716 3
      vertex 0.822495 2.92752 3
      vertex 0.822495 4.14754 3
    endloop
  endfacet
  facet normal 0 0 1
    outer loop
      vertex 0.79158 4.18716 3
      vertex 0.79158 2.88789 3
      vertex 0.822495 2.92752 3
    endloop
  endfacet
  facet normal 0 0 1
    outer loop
      vertex 0.758743 4.22522 3
      vertex 0.79158 2.88789 3
      vertex 0.79158 4.18716 3
    endloop
  endfacet
  facet normal 0 0 1
    outer loop
      vertex 0.758743 4.22522 3
      vertex 0.758743 2.84984 3
      vertex 0.79158 2.88789 3
    endloop
  endfacet
  facet normal 0 0 1
    outer loop
      vertex 0.724091 4.26163 3
      vertex 0.758743 2.84984 3
      vertex 0.758743 4.22522 3
    endloop
  endfacet
  facet normal 0 0 1
    outer loop
      vertex 0.724091 4.26163 3
      vertex 0.724091 2.81343 3
      vertex 0.758743 2.84984 3
    endloop
  endfacet
  facet normal 0 0 1
    outer loop
      vertex 0.687683 4.29628 3
      vertex 0.724091 2.81343 3
      vertex 0.724091 4.26163 3
    endloop
  endfacet
  facet normal 0 0 1
    outer loop
      vertex 0.687683 4.29628 3
      vertex 0.687683 2.77878 3
      vertex 0.724091 2.81343 3
    endloop
  endfacet
  facet normal 0 0 1
    outer loop
      vertex 0.649628 4.3291 3
      vertex 0.687683 2.77878 3
      vertex 0.687683 4.29628 3
    endloop
  endfacet
  facet normal 0 0 1
    outer loop
      vertex 0.649628 4.3291 3
      vertex 0.649628 2.74594 3
      vertex 0.687683 2.77878 3
    endloop
  endfacet
  facet normal 0 0 1
    outer loop
      vertex 0.610001 4.36003 3
      vertex 0.649628 2.74594 3
      vertex 0.649628 4.3291 3
    endloop
  endfacet
  facet normal 0 0 1
    outer loop
      vertex 0.610001 4.36003 3
      vertex 0.610001 2.71503 3
      vertex 0.649628 2.74594 3
    endloop
  endfacet
  facet normal 0 0 1
    outer loop
      vertex 0.568909 4.38898 3
      vertex 0.610001 2.71503 3
      vertex 0.610001 4.36003 3
    endloop
  endfacet
  facet normal 0 0 1
    outer loop
      vertex 0.568909 4.38898 3
      vertex 0.568909 2.68608 3
      vertex 0.610001 2.71503 3
    endloop
  endfacet
  facet normal 0 0 1
    outer loop
      vertex 0.526443 4.41586 3
      vertex 0.568909 2.68608 3
      vertex 0.568909 4.38898 3
    endloop
  endfacet
  facet normal 0 0 1
    outer loop
      vertex 0.526443 4.41586 3
      vertex 0.526443 2.65919 3
      vertex 0.568909 2.68608 3
    endloop
  endfacet
  facet normal 0 0 1
    outer loop
      vertex 0.482712 4.44063 3
      vertex 0.526443 2.65919 3
      vertex 0.526443 4.41586 3
    endloop
  endfacet
  facet normal 0 0 1
    outer loop
      vertex 0.482712 4.44063 3
      vertex 0.482712 2.63441 3
      vertex 0.526443 2.65919 3
    endloop
  endfacet
  facet normal 0 0 1
    outer loop
      vertex 0.43782 4.46323 3
      vertex 0.482712 2.63441 3
      vertex 0.482712 4.44063 3
    endloop
  endfacet
  facet normal 0 0 1
    outer loop
      vertex 0.43782 4.46323 3
      vertex 0.43782 2.61182 3
      vertex 0.482712 2.63441 3
    endloop
  endfacet
  facet normal 0 0 1
    outer loop
      vertex 0.391876 4.4836 3
      vertex 0.43782 2.61182 3
      vertex 0.43782 4.46323 3
    endloop
  endfacet
  facet normal 0 0 1
    outer loop
      vertex 0.391876 4.4836 3
      vertex 0.391876 2.59145 3
      vertex 0.43782 2.61182 3
    endloop
  endfacet
  facet normal 0 0 1
    outer loop
      vertex 0.344971 4.50169 3
      vertex 0.391876 2.59145 3
      vertex 0.391876 4.4836 3
    endloop
  endfacet
  facet normal 0 0 1
    outer loop
      vertex 0.344971 4.50169 3
      vertex 0.344971 2.57336 3
      vertex 0.391876 2.59145 3
    endloop
  endfacet
  facet normal 0 0 1
    outer loop
      vertex 0.297256 4.51746 3
      vertex 0.344971 2.57336 3
      vertex 0.344971 4.50169 3
    endloop
  endfacet
  facet normal 0 0 1
    outer loop
      vertex 0.297256 4.51746 3
      vertex 0.297256 2.5576 3
      vertex 0.344971 2.57336 3
    endloop
  endfacet
  facet normal 0 0 1
    outer loop
      vertex 0.24881 4.53085 3
      vertex 0.297256 2.5576 3
      vertex 0.297256 4.51746 3
    endloop
  endfacet
  facet normal 0 0 1
    outer loop
      vertex 0.24881 4.53085 3
      vertex 0.24881 2.54419 3
      vertex 0.297256 2.5576 3
    endloop
  endfacet
  facet normal 0 0 1
    outer loop
      vertex 0.199768 4.54187 3
      vertex 0.24881 2.54419 3
      vertex 0.24881 4.53085 3
    endloop
  endfacet
  facet normal 0 0 1
    outer loop
      vertex 0.199768 4.54187 3
      vertex 0.199768 2.53317 3
      vertex 0.24881 2.54419 3
    endloop
  endfacet
  facet normal 0 0 1
    outer loop
      vertex 0.150253 4.55046 3
      vertex 0.199768 2.53317 3
      vertex 0.199768 4.54187 3
    endloop
  endfacet
  facet normal 0 0 1
    outer loop
      vertex 0.150253 4.55046 3
      vertex 0.150253 2.52458 3
      vertex 0.199768 2.53317 3
    endloop
  endfacet
  facet normal 0 0 1
    outer loop
      vertex 0.100357 4.55663 3
      vertex 0.150253 2.52458 3
      vertex 0.150253 4.55046 3
    endloop
  endfacet
  facet normal 0 0 1
    outer loop
      vertex 0.100357 4.55663 3
      vertex 0.100357 2.51843 3
      vertex 0.150253 2.52458 3
    endloop
  endfacet
  facet normal 0 0 1
    outer loop
      vertex 0.0502319 4.56032 3
      vertex 0.100357 2.51843 3
      vertex 0.100357 4.55663 3
    endloop
  endfacet
  facet normal 0 0 1
    outer loop
      vertex 0.0502319 4.56032 3
      vertex 0.0502319 2.51474 3
      vertex 0.100357 2.51843 3
    endloop
  endfacet
  facet normal 0 0 1
    outer loop
      vertex 0 4.56155 3
      vertex 0.0502319 2.51474 3
      vertex 0.0502319 4.56032 3
    endloop
  endfacet
  facet normal 0 0 1
    outer loop
      vertex 0 4.56155 3
      vertex 0 2.5135 3
      vertex 0.0502319 2.51474 3
    endloop
  endfacet
  facet normal -0 0 1
    outer loop
      vertex -0.0502319 4.56032 3
      vertex 0 2.5135 3
      vertex 0 4.56155 3
    endloop
  endfacet
  facet normal 0 0 1
    outer loop
      vertex -0.0502319 4.56032 3
      vertex -0.0502319 2.51474 3
      vertex 0 2.5135 3
    endloop
  endfacet
  facet normal -0 0 1
    outer loop
      vertex -0.100357 4.55663 3
      vertex -0.0502319 2.51474 3
      vertex -0.0502319 4.56032 3
    endloop
  endfacet
  facet normal 0 0 1
    outer loop
      vertex -0.100357 4.55663 3
      vertex -0.100357 2.51843 3
      vertex -0.0502319 2.51474 3
    endloop
  endfacet
  facet normal -0 0 1
    outer loop
      vertex -0.150253 4.55046 3
      vertex -0.100357 2.51843 3
      vertex -0.100357 4.55663 3
    endloop
  endfacet
  facet normal 0 0 1
    outer loop
      vertex -0.150253 4.55046 3
      vertex -0.150253 2.52458 3
      vertex -0.100357 2.51843 3
    endloop
  endfacet
  facet normal -0 0 1
    outer loop
      vertex -0.199768 4.54187 3
      vertex -0.150253 2.52458 3
      vertex -0.150253 4.55046 3
    endloop
  endfacet
  facet normal 0 0 1
    outer loop
      vertex -0.199768 4.54187 3
      vertex -0.199768 2.53317 3
      vertex -0.150253 2.52458 3
    endloop
  endfacet
  facet normal -0 0 1
    outer loop
      vertex -0.24881 4.53085 3
      vertex -0.199768 2.53317 3
      vertex -0.199768 4.54187 3
    endloop
  endfacet
  facet normal 0 0 1
    outer loop
      vertex -0.24881 4.53085 3
      vertex -0.24881 2.54419 3
      vertex -0.199768 2.53317 3
    endloop
  endfacet
  facet normal -0 0 1
    outer loop
      vertex -0.297256 4.51746 3
      vertex -0.24881 2.54419 3
      vertex -0.24881 4.53085 3
    endloop
  endfacet
  facet normal 0 0 1
    outer loop
      vertex -0.297256 4.51746 3
      vertex -0.297256 2.5576 3
      vertex -0.24881 2.54419 3
    endloop
  endfacet
  facet normal -0 0 1
    outer loop
      vertex -0.344971 4.50169 3
      vertex -0.297256 2.5576 3
      vertex -0.297256 4.51746 3
    endloop
  endfacet
  facet normal 0 0 1
    outer loop
      vertex -0.344971 4.50169 3
      vertex -0.344971 2.57336 3
      vertex -0.297256 2.5576 3
    endloop
  endfacet
  facet normal -0 0 1
    outer loop
      vertex -0.391876 4.4836 3
      vertex -0.344971 2.57336 3
      vertex -0.344971 4.50169 3
    endloop
  endfacet
  facet normal 0 0 1
    outer loop
      vertex -0.391876 4.4836 3
      vertex -0.391876 2.59145 3
      vertex -0.344971 2.57336 3
    endloop
  endfacet
  facet normal -0 0 1
    outer loop
      vertex -0.43782 4.46323 3
      vertex -0.391876 2.59145 3
      vertex -0.391876 4.4836 3
    endloop
  endfacet
  facet normal 0 0 1
    outer loop
      vertex -0.43782 4.46323 3
      vertex -0.43782 2.61182 3
      vertex -0.391876 2.59145 3
    endloop
  endfacet
  facet normal -0 0 1
    outer loop
      vertex -0.482712 4.44063 3
      vertex -0.43782 2.61182 3
      vertex -0.43782 4.46323 3
    endloop
  endfacet
  facet normal 0 0 1
    outer loop
      vertex -0.482712 4.44063 3
      vertex -0.482712 2.63441 3
      vertex -0.43782 2.61182 3
    endloop
  endfacet
  facet normal -0 0 1
    outer loop
      vertex -0.526443 4.41586 3
      vertex -0.482712 2.63441 3
      vertex -0.482712 4.44063 3
    endloop
  endfacet
  facet normal 0 0 1
    outer loop
      vertex -0.526443 4.41586 3
      vertex -0.526443 2.65919 3
      vertex -0.482712 2.63441 3
    endloop
  endfacet
  facet normal -0 0 1
    outer loop
      vertex -0.568909 4.38898 3
      vertex -0.526443 2.65919 3
      vertex -0.526443 4.41586 3
    endloop
  endfacet
  facet normal 0 0 1
    outer loop
      vertex -0.568909 4.38898 3
      vertex -0.568909 2.68608 3
      vertex -0.526443 2.65919 3
    endloop
  endfacet
  facet normal -0 0 1
    outer loop
      vertex -0.610001 4.36003 3
      vertex -0.568909 2.68608 3
      vertex -0.568909 4.38898 3
    endloop
  endfacet
  facet normal 0 0 1
    outer loop
      vertex -0.610001 4.36003 3
      vertex -0.610001 2.71503 3
      vertex -0.568909 2.68608 3
    endloop
  endfacet
  facet normal -0 0 1
    outer loop
      vertex -0.649628 4.3291 3
      vertex -0.610001 2.71503 3
      vertex -0.610001 4.36003 3
    endloop
  endfacet
  facet normal 0 0 1
    outer loop
      vertex -0.649628 4.3291 3
      vertex -0.649628 2.74594 3
      vertex -0.610001 2.71503 3
    endloop
  endfacet
  facet normal -0 0 1
    outer loop
      vertex -0.687683 4.29628 3
      vertex -0.649628 2.74594 3
      vertex -0.649628 4.3291 3
    endloop
  endfacet
  facet normal 0 0 1
    outer loop
      vertex -0.687683 4.29628 3
      vertex -0.687683 2.77878 3
      vertex -0.649628 2.74594 3
    endloop
  endfacet
  facet normal -0 0 1
    outer loop
      vertex -0.724091 4.26163 3
      vertex -0.687683 2.77878 3
      vertex -0.687683 4.29628 3
    endloop
  endfacet
  facet normal 0 0 1
    outer loop
      vertex -0.724091 4.26163 3
      vertex -0.724091 2.81343 3
      vertex -0.687683 2.77878 3
    endloop
  endfacet
  facet normal -0 0 1
    outer loop
      vertex -0.758743 4.22522 3
      vertex -0.724091 2.81343 3
      vertex -0.724091 4.26163 3
    endloop
  endfacet
  facet normal 0 0 1
    outer loop
      vertex -0.758743 4.22522 3
      vertex -0.758743 2.84984 3
      vertex -0.724091 2.81343 3
    endloop
  endfacet
  facet normal -0 0 1
    outer loop
      vertex -0.79158 4.18716 3
      vertex -0.758743 2.84984 3
      vertex -0.758743 4.22522 3
    endloop
  endfacet
  facet normal 0 0 1
    outer loop
      vertex -0.79158 4.18716 3
      vertex -0.79158 2.88789 3
      vertex -0.758743 2.84984 3
    endloop
  endfacet
  facet normal -0 0 1
    outer loop
      vertex -0.822495 4.14754 3
      vertex -0.79158 2.88789 3
      vertex -0.79158 4.18716 3
    endloop
  endfacet
  facet normal 0 0 1
    outer loop
      vertex -0.822495 4.14754 3
      vertex -0.822495 2.92752 3
      vertex -0.79158 2.88789 3
    endloop
  endfacet
  facet normal -0 0 1
    outer loop
      vertex -0.85144 4.10645 3
      vertex -0.822495 2.92752 3
      vertex -0.822495 4.14754 3
    endloop
  endfacet
  facet normal 0 0 1
    outer loop
      vertex -0.85144 4.10645 3
      vertex -0.85144 2.96861 3
      vertex -0.822495 2.92752 3
    endloop
  endfacet
  facet normal -0 0 1
    outer loop
      vertex -0.878326 4.06398 3
      vertex -0.85144 2.96861 3
      vertex -0.85144 4.10645 3
    endloop
  endfacet
  facet normal 0 0 1
    outer loop
      vertex -0.878326 4.06398 3
      vertex -0.878326 3.01108 3
      vertex -0.85144 2.96861 3
    endloop
  endfacet
  facet normal -0 0 1
    outer loop
      vertex -0.903107 4.02025 3
      vertex -0.878326 3.01108 3
      vertex -0.878326 4.06398 3
    endloop
  endfacet
  facet normal 0 0 1
    outer loop
      vertex -0.903107 4.02025 3
      vertex -0.903107 3.05481 3
      vertex -0.878326 3.01108 3
    endloop
  endfacet
  facet normal -0 0 1
    outer loop
      vertex -0.925705 3.97536 3
      vertex -0.903107 3.05481 3
      vertex -0.903107 4.02025 3
    endloop
  endfacet
  facet normal 0 0 1
    outer loop
      vertex -0.925705 3.97536 3
      vertex -0.925705 3.0997 3
      vertex -0.903107 3.05481 3
    endloop
  endfacet
  facet normal -0 0 1
    outer loop
      vertex -0.94606 3.9294 3
      vertex -0.925705 3.0997 3
      vertex -0.925705 3.97536 3
    endloop
  endfacet
  facet normal 0 0 1
    outer loop
      vertex -0.94606 3.9294 3
      vertex -0.94606 3.14565 3
      vertex -0.925705 3.0997 3
    endloop
  endfacet
  facet normal -0 0 1
    outer loop
      vertex -0.964157 3.88251 3
      vertex -0.94606 3.14565 3
      vertex -0.94606 3.9294 3
    endloop
  endfacet
  facet normal 0 0 1
    outer loop
      vertex -0.964157 3.88251 3
      vertex -0.964157 3.19255 3
      vertex -0.94606 3.14565 3
    endloop
  endfacet
  facet normal -0 0 1
    outer loop
      vertex -0.979919 3.83478 3
      vertex -0.964157 3.19255 3
      vertex -0.964157 3.88251 3
    endloop
  endfacet
  facet normal 0 0 1
    outer loop
      vertex -0.979919 3.83478 3
      vertex -0.979919 3.24026 3
      vertex -0.964157 3.19255 3
    endloop
  endfacet
  facet normal -0 0 1
    outer loop
      vertex -0.993332 3.78635 3
      vertex -0.979919 3.24026 3
      vertex -0.979919 3.83478 3
    endloop
  endfacet
  facet normal 0 0 1
    outer loop
      vertex -0.993332 3.78635 3
      vertex -0.993332 3.28871 3
      vertex -0.979919 3.24026 3
    endloop
  endfacet
  facet normal -0 0 1
    outer loop
      vertex -1.00433 3.7373 3
      vertex -0.993332 3.28871 3
      vertex -0.993332 3.78635 3
    endloop
  endfacet
  facet normal 0 0 1
    outer loop
      vertex -1.00433 3.7373 3
      vertex -1.00433 3.33775 3
      vertex -0.993332 3.28871 3
    endloop
  endfacet
  facet normal -0 0 1
    outer loop
      vertex -1.01294 3.68777 3
      vertex -1.00433 3.33775 3
      vertex -1.00433 3.7373 3
    endloop
  endfacet
  facet normal 0 0 1
    outer loop
      vertex -1.01294 3.68777 3
      vertex -1.01294 3.38727 3
      vertex -1.00433 3.33775 3
    endloop
  endfacet
  facet normal -0 0 1
    outer loop
      vertex -1.01909 3.63789 3
      vertex -1.01294 3.38727 3
      vertex -1.01294 3.68777 3
    endloop
  endfacet
  facet normal 0 0 1
    outer loop
      vertex -1.01909 3.63789 3
      vertex -1.01909 3.43715 3
      vertex -1.01294 3.38727 3
    endloop
  endfacet
  facet normal -0 0 1
    outer loop
      vertex -1.02278 3.58777 3
      vertex -1.01909 3.43715 3
      vertex -1.01909 3.63789 3
    endloop
  endfacet
  facet normal 0 0 1
    outer loop
      vertex -1.02278 3.58777 3
      vertex -1.02278 3.48727 3
      vertex -1.01909 3.43715 3
    endloop
  endfacet
  facet normal 0 -0 1
    outer loop
      vertex -1.02278 3.48727 3
      vertex -1.02278 3.58777 3
      vertex -1.02402 3.53752 3
    endloop
  endfacet
  facet normal 0 0 1
    outer loop
      vertex -2.34081 1.12331 3
      vertex -2.34279 1.02283 3
      vertex -2.34056 1.07304 3
    endloop
  endfacet
  facet normal 0 0 1
    outer loop
      vertex -2.34352 1.17349 3
      vertex -2.34279 1.02283 3
      vertex -2.34081 1.12331 3
    endloop
  endfacet
  facet normal 0 0 1
    outer loop
      vertex -2.34352 1.17349 3
      vertex -2.34746 0.972794 3
      vertex -2.34279 1.02283 3
    endloop
  endfacet
  facet normal 0 0 1
    outer loop
      vertex -2.34869 1.2235 3
      vertex -2.34746 0.972794 3
      vertex -2.34352 1.17349 3
    endloop
  endfacet
  facet normal 0 0 1
    outer loop
      vertex -2.34869 1.2235 3
      vertex -2.3546 0.923035 3
      vertex -2.34746 0.972794 3
    endloop
  endfacet
  facet normal 0 0 1
    outer loop
      vertex -2.35631 1.27316 3
      vertex -2.3546 0.923035 3
      vertex -2.34869 1.2235 3
    endloop
  endfacet
  facet normal 0 0 1
    outer loop
      vertex -2.35631 1.27316 3
      vertex -2.36415 0.873688 3
      vertex -2.3546 0.923035 3
    endloop
  endfacet
  facet normal 0 0 1
    outer loop
      vertex -2.36636 1.32242 3
      vertex -2.36415 0.873688 3
      vertex -2.35631 1.27316 3
    endloop
  endfacet
  facet normal 0 0 1
    outer loop
      vertex -2.36636 1.32242 3
      vertex -2.37613 0.824875 3
      vertex -2.36415 0.873688 3
    endloop
  endfacet
  facet normal 0 0 1
    outer loop
      vertex -2.37881 1.37111 3
      vertex -2.37613 0.824875 3
      vertex -2.36636 1.32242 3
    endloop
  endfacet
  facet normal 0 0 1
    outer loop
      vertex -2.37881 1.37111 3
      vertex -2.39049 0.776703 3
      vertex -2.37613 0.824875 3
    endloop
  endfacet
  facet normal 0 0 1
    outer loop
      vertex -2.39363 1.41914 3
      vertex -2.39049 0.776703 3
      vertex -2.37881 1.37111 3
    endloop
  endfacet
  facet normal 0 0 1
    outer loop
      vertex -2.39363 1.41914 3
      vertex -2.40718 0.729309 3
      vertex -2.39049 0.776703 3
    endloop
  endfacet
  facet normal 0 0 1
    outer loop
      vertex -2.4108 1.46637 3
      vertex -2.40718 0.729309 3
      vertex -2.39363 1.41914 3
    endloop
  endfacet
  facet normal 0 0 1
    outer loop
      vertex -2.4108 1.46637 3
      vertex -2.42619 0.68277 3
      vertex -2.40718 0.729309 3
    endloop
  endfacet
  facet normal 0 0 1
    outer loop
      vertex -2.43027 1.51271 3
      vertex -2.42619 0.68277 3
      vertex -2.4108 1.46637 3
    endloop
  endfacet
  facet normal 0 0 1
    outer loop
      vertex -2.43027 1.51271 3
      vertex -2.44745 0.637238 3
      vertex -2.42619 0.68277 3
    endloop
  endfacet
  facet normal 0 0 1
    outer loop
      vertex -2.45198 1.55804 3
      vertex -2.44745 0.637238 3
      vertex -2.43027 1.51271 3
    endloop
  endfacet
  facet normal 0 0 1
    outer loop
      vertex -2.45198 1.55804 3
      vertex -2.47093 0.592789 3
      vertex -2.44745 0.637238 3
    endloop
  endfacet
  facet normal 0 0 1
    outer loop
      vertex -2.47589 1.60226 3
      vertex -2.47093 0.592789 3
      vertex -2.45198 1.55804 3
    endloop
  endfacet
  facet normal 0 0 1
    outer loop
      vertex -2.47589 1.60226 3
      vertex -2.49655 0.549561 3
      vertex -2.47093 0.592789 3
    endloop
  endfacet
  facet normal 0 0 1
    outer loop
      vertex -2.50194 1.64523 3
      vertex -2.49655 0.549561 3
      vertex -2.47589 1.60226 3
    endloop
  endfacet
  facet normal 0 0 1
    outer loop
      vertex -2.50194 1.64523 3
      vertex -2.52428 0.507629 3
      vertex -2.49655 0.549561 3
    endloop
  endfacet
  facet normal 0 0 1
    outer loop
      vertex -2.53006 1.68689 3
      vertex -2.52428 0.507629 3
      vertex -2.50194 1.64523 3
    endloop
  endfacet
  facet normal 0 0 1
    outer loop
      vertex -2.53006 1.68689 3
      vertex -2.55402 0.467102 3
      vertex -2.52428 0.507629 3
    endloop
  endfacet
  facet normal 0 0 1
    outer loop
      vertex -2.56021 1.72711 3
      vertex -2.55402 0.467102 3
      vertex -2.53006 1.68689 3
    endloop
  endfacet
  facet normal 0 0 1
    outer loop
      vertex -2.56021 1.72711 3
      vertex -2.58571 0.428101 3
      vertex -2.55402 0.467102 3
    endloop
  endfacet
  facet normal 0 0 1
    outer loop
      vertex -2.59229 1.76581 3
      vertex -2.58571 0.428101 3
      vertex -2.56021 1.72711 3
    endloop
  endfacet
  facet normal 0 0 1
    outer loop
      vertex -2.59229 1.76581 3
      vertex -2.61928 0.390701 3
      vertex -2.58571 0.428101 3
    endloop
  endfacet
  facet normal 0 0 1
    outer loop
      vertex -2.62622 1.80289 3
      vertex -2.61928 0.390701 3
      vertex -2.59229 1.76581 3
    endloop
  endfacet
  facet normal 0 0 1
    outer loop
      vertex -2.62622 1.80289 3
      vertex -2.65465 0.35498 3
      vertex -2.61928 0.390701 3
    endloop
  endfacet
  facet normal 0 0 1
    outer loop
      vertex -2.66193 1.83826 3
      vertex -2.65465 0.35498 3
      vertex -2.62622 1.80289 3
    endloop
  endfacet
  facet normal 0 0 1
    outer loop
      vertex -2.66193 1.83826 3
      vertex -2.69173 0.321045 3
      vertex -2.65465 0.35498 3
    endloop
  endfacet
  facet normal 0 0 1
    outer loop
      vertex -2.69934 1.87183 3
      vertex -2.69173 0.321045 3
      vertex -2.66193 1.83826 3
    endloop
  endfacet
  facet normal 0 0 1
    outer loop
      vertex -2.69934 1.87183 3
      vertex -2.73042 0.288971 3
      vertex -2.69173 0.321045 3
    endloop
  endfacet
  facet normal 0 0 1
    outer loop
      vertex -2.73834 1.90352 3
      vertex -2.73042 0.288971 3
      vertex -2.69934 1.87183 3
    endloop
  endfacet
  facet normal 0 0 1
    outer loop
      vertex -2.73834 1.90352 3
      vertex -2.77065 0.258835 3
      vertex -2.73042 0.288971 3
    endloop
  endfacet
  facet normal 0 0 1
    outer loop
      vertex -2.77887 1.93326 3
      vertex -2.77065 0.258835 3
      vertex -2.73834 1.90352 3
    endloop
  endfacet
  facet normal 0 0 1
    outer loop
      vertex -2.77887 1.93326 3
      vertex -2.8123 0.230698 3
      vertex -2.77065 0.258835 3
    endloop
  endfacet
  facet normal 0 0 1
    outer loop
      vertex -2.82079 1.96098 3
      vertex -2.8123 0.230698 3
      vertex -2.77887 1.93326 3
    endloop
  endfacet
  facet normal 0 0 1
    outer loop
      vertex -2.82079 1.96098 3
      vertex -2.85529 0.204651 3
      vertex -2.8123 0.230698 3
    endloop
  endfacet
  facet normal 0 0 1
    outer loop
      vertex -2.86403 1.9866 3
      vertex -2.85529 0.204651 3
      vertex -2.82079 1.96098 3
    endloop
  endfacet
  facet normal 0 0 1
    outer loop
      vertex -2.86403 1.9866 3
      vertex -2.89949 0.18074 3
      vertex -2.85529 0.204651 3
    endloop
  endfacet
  facet normal 0 0 1
    outer loop
      vertex -2.90848 2.01009 3
      vertex -2.89949 0.18074 3
      vertex -2.86403 1.9866 3
    endloop
  endfacet
  facet normal 0 0 1
    outer loop
      vertex -2.90848 2.01009 3
      vertex -2.94482 0.159027 3
      vertex -2.89949 0.18074 3
    endloop
  endfacet
  facet normal 0 0 1
    outer loop
      vertex -2.95401 2.03134 3
      vertex -2.94482 0.159027 3
      vertex -2.90848 2.01009 3
    endloop
  endfacet
  facet normal 0 0 1
    outer loop
      vertex -2.95401 2.03134 3
      vertex -2.99117 0.139572 3
      vertex -2.94482 0.159027 3
    endloop
  endfacet
  facet normal 0 0 1
    outer loop
      vertex -3.00053 2.05035 3
      vertex -2.99117 0.139572 3
      vertex -2.95401 2.03134 3
    endloop
  endfacet
  facet normal 0 0 1
    outer loop
      vertex -3.00053 2.05035 3
      vertex -3.03841 0.122406 3
      vertex -2.99117 0.139572 3
    endloop
  endfacet
  facet normal 0 0 1
    outer loop
      vertex -3.04794 2.06705 3
      vertex -3.03841 0.122406 3
      vertex -3.00053 2.05035 3
    endloop
  endfacet
  facet normal 0 0 1
    outer loop
      vertex -3.04794 2.06705 3
      vertex -3.08643 0.107574 3
      vertex -3.03841 0.122406 3
    endloop
  endfacet
  facet normal 0 0 1
    outer loop
      vertex -3.09612 2.08141 3
      vertex -3.08643 0.107574 3
      vertex -3.04794 2.06705 3
    endloop
  endfacet
  facet normal 0 0 1
    outer loop
      vertex -3.09612 2.08141 3
      vertex -3.13512 0.0951233 3
      vertex -3.08643 0.107574 3
    endloop
  endfacet
  facet normal 0 0 1
    outer loop
      vertex -3.14493 2.09338 3
      vertex -3.13512 0.0951233 3
      vertex -3.09612 2.08141 3
    endloop
  endfacet
  facet normal 0 0 1
    outer loop
      vertex -3.14493 2.09338 3
      vertex -3.18437 0.0850677 3
      vertex -3.13512 0.0951233 3
    endloop
  endfacet
  facet normal 0 0 1
    outer loop
      vertex -3.19427 2.10295 3
      vertex -3.18437 0.0850677 3
      vertex -3.14493 2.09338 3
    endloop
  endfacet
  facet normal 0 0 1
    outer loop
      vertex -3.19427 2.10295 3
      vertex -3.23405 0.0774536 3
      vertex -3.18437 0.0850677 3
    endloop
  endfacet
  facet normal 0 0 1
    outer loop
      vertex -3.24402 2.11008 3
      vertex -3.23405 0.0774536 3
      vertex -3.19427 2.10295 3
    endloop
  endfacet
  facet normal 0 0 1
    outer loop
      vertex -3.24402 2.11008 3
      vertex -3.28404 0.0722809 3
      vertex -3.23405 0.0774536 3
    endloop
  endfacet
  facet normal 0 0 1
    outer loop
      vertex -3.29407 2.11476 3
      vertex -3.28404 0.0722809 3
      vertex -3.24402 2.11008 3
    endloop
  endfacet
  facet normal 0 0 1
    outer loop
      vertex -3.29407 2.11476 3
      vertex -3.33423 0.0695648 3
      vertex -3.28404 0.0722809 3
    endloop
  endfacet
  facet normal 0 0 1
    outer loop
      vertex -3.34428 2.11697 3
      vertex -3.33423 0.0695648 3
      vertex -3.29407 2.11476 3
    endloop
  endfacet
  facet normal 0 0 1
    outer loop
      vertex -3.34428 2.11697 3
      vertex -3.38449 0.0693207 3
      vertex -3.33423 0.0695648 3
    endloop
  endfacet
  facet normal -0 0 1
    outer loop
      vertex -3.39455 2.11673 3
      vertex -3.38449 0.0693207 3
      vertex -3.34428 2.11697 3
    endloop
  endfacet
  facet normal 0 0 1
    outer loop
      vertex -3.39455 2.11673 3
      vertex -3.43471 0.0715485 3
      vertex -3.38449 0.0693207 3
    endloop
  endfacet
  facet normal -0 0 1
    outer loop
      vertex -3.44473 2.11401 3
      vertex -3.43471 0.0715485 3
      vertex -3.39455 2.11673 3
    endloop
  endfacet
  facet normal 0 0 1
    outer loop
      vertex -3.44473 2.11401 3
      vertex -3.48474 0.0762329 3
      vertex -3.43471 0.0715485 3
    endloop
  endfacet
  facet normal -0 0 1
    outer loop
      vertex -3.49472 2.10884 3
      vertex -3.48474 0.0762329 3
      vertex -3.44473 2.11401 3
    endloop
  endfacet
  facet normal 0 0 1
    outer loop
      vertex -3.49472 2.10884 3
      vertex -3.5345 0.0833588 3
      vertex -3.48474 0.0762329 3
    endloop
  endfacet
  facet normal -0 0 1
    outer loop
      vertex -3.5444 2.10123 3
      vertex -3.5345 0.0833588 3
      vertex -3.49472 2.10884 3
    endloop
  endfacet
  facet normal 0 0 1
    outer loop
      vertex -3.5444 2.10123 3
      vertex -3.58385 0.092926 3
      vertex -3.5345 0.0833588 3
    endloop
  endfacet
  facet normal -0 0 1
    outer loop
      vertex -3.59366 2.09117 3
      vertex -3.58385 0.092926 3
      vertex -3.5444 2.10123 3
    endloop
  endfacet
  facet normal 0 0 1
    outer loop
      vertex -3.59366 2.09117 3
      vertex -3.63266 0.104889 3
      vertex -3.58385 0.092926 3
    endloop
  endfacet
  facet normal -0 0 1
    outer loop
      vertex -3.64235 2.07872 3
      vertex -3.63266 0.104889 3
      vertex -3.59366 2.09117 3
    endloop
  endfacet
  facet normal 0 0 1
    outer loop
      vertex -3.64235 2.07872 3
      vertex -3.68083 0.119247 3
      vertex -3.63266 0.104889 3
    endloop
  endfacet
  facet normal -0 0 1
    outer loop
      vertex -3.69037 2.0639 3
      vertex -3.68083 0.119247 3
      vertex -3.64235 2.07872 3
    endloop
  endfacet
  facet normal 0 0 1
    outer loop
      vertex -3.69037 2.0639 3
      vertex -3.72824 0.135941 3
      vertex -3.68083 0.119247 3
    endloop
  endfacet
  facet normal -0 0 1
    outer loop
      vertex -3.73761 2.04674 3
      vertex -3.72824 0.135941 3
      vertex -3.69037 2.0639 3
    endloop
  endfacet
  facet normal 0 0 1
    outer loop
      vertex -3.73761 2.04674 3
      vertex -3.77477 0.154953 3
      vertex -3.72824 0.135941 3
    endloop
  endfacet
  facet normal -0 0 1
    outer loop
      vertex -3.78395 2.02727 3
      vertex -3.77477 0.154953 3
      vertex -3.73761 2.04674 3
    endloop
  endfacet
  facet normal 0 0 1
    outer loop
      vertex -3.78395 2.02727 3
      vertex -3.8203 0.176224 3
      vertex -3.77477 0.154953 3
    endloop
  endfacet
  facet normal -0 0 1
    outer loop
      vertex -3.82928 2.00555 3
      vertex -3.8203 0.176224 3
      vertex -3.78395 2.02727 3
    endloop
  endfacet
  facet normal 0 0 1
    outer loop
      vertex -3.82928 2.00555 3
      vertex -3.86475 0.199692 3
      vertex -3.8203 0.176224 3
    endloop
  endfacet
  facet normal -0 0 1
    outer loop
      vertex -3.87349 1.98164 3
      vertex -3.86475 0.199692 3
      vertex -3.82928 2.00555 3
    endloop
  endfacet
  facet normal 0 0 1
    outer loop
      vertex -3.87349 1.98164 3
      vertex -3.90799 0.225327 3
      vertex -3.86475 0.199692 3
    endloop
  endfacet
  facet normal -0 0 1
    outer loop
      vertex -3.91647 1.9556 3
      vertex -3.90799 0.225327 3
      vertex -3.87349 1.98164 3
    endloop
  endfacet
  facet normal 0 0 1
    outer loop
      vertex -3.91647 1.9556 3
      vertex -3.94991 0.253036 3
      vertex -3.90799 0.225327 3
    endloop
  endfacet
  facet normal -0 0 1
    outer loop
      vertex -3.95813 1.92747 3
      vertex -3.94991 0.253036 3
      vertex -3.91647 1.9556 3
    endloop
  endfacet
  facet normal 0 0 1
    outer loop
      vertex -3.95813 1.92747 3
      vertex -3.99043 0.282776 3
      vertex -3.94991 0.253036 3
    endloop
  endfacet
  facet normal -0 0 1
    outer loop
      vertex -3.99835 1.89734 3
      vertex -3.99043 0.282776 3
      vertex -3.95813 1.92747 3
    endloop
  endfacet
  facet normal 0 0 1
    outer loop
      vertex -3.99835 1.89734 3
      vertex -4.02943 0.314484 3
      vertex -3.99043 0.282776 3
    endloop
  endfacet
  facet normal -0 0 1
    outer loop
      vertex -4.03705 1.86525 3
      vertex -4.02943 0.314484 3
      vertex -3.99835 1.89734 3
    endloop
  endfacet
  facet normal 0 0 1
    outer loop
      vertex -4.03705 1.86525 3
      vertex -4.06685 0.348053 3
      vertex -4.02943 0.314484 3
    endloop
  endfacet
  facet normal -0 0 1
    outer loop
      vertex -4.07413 1.83131 3
      vertex -4.06685 0.348053 3
      vertex -4.03705 1.86525 3
    endloop
  endfacet
  facet normal 0 0 1
    outer loop
      vertex -4.07413 1.83131 3
      vertex -4.10255 0.383408 3
      vertex -4.06685 0.348053 3
    endloop
  endfacet
  facet normal -0 0 1
    outer loop
      vertex -4.1095 1.79561 3
      vertex -4.10255 0.383408 3
      vertex -4.07413 1.83131 3
    endloop
  endfacet
  facet normal 0 0 1
    outer loop
      vertex -4.1095 1.79561 3
      vertex -4.13649 0.420486 3
      vertex -4.10255 0.383408 3
    endloop
  endfacet
  facet normal -0 0 1
    outer loop
      vertex -4.14307 1.75819 3
      vertex -4.13649 0.420486 3
      vertex -4.1095 1.79561 3
    endloop
  endfacet
  facet normal 0 0 1
    outer loop
      vertex -4.14307 1.75819 3
      vertex -4.16856 0.459183 3
      vertex -4.13649 0.420486 3
    endloop
  endfacet
  facet normal -0 0 1
    outer loop
      vertex -4.17476 1.71919 3
      vertex -4.16856 0.459183 3
      vertex -4.14307 1.75819 3
    endloop
  endfacet
  facet normal 0 0 1
    outer loop
      vertex -4.17476 1.71919 3
      vertex -4.19872 0.499405 3
      vertex -4.16856 0.459183 3
    endloop
  endfacet
  facet normal -0 0 1
    outer loop
      vertex -4.2045 1.67868 3
      vertex -4.19872 0.499405 3
      vertex -4.17476 1.71919 3
    endloop
  endfacet
  facet normal 0 0 1
    outer loop
      vertex -4.2045 1.67868 3
      vertex -4.22684 0.541061 3
      vertex -4.19872 0.499405 3
    endloop
  endfacet
  facet normal -0 0 1
    outer loop
      vertex -4.23221 1.63675 3
      vertex -4.22684 0.541061 3
      vertex -4.2045 1.67868 3
    endloop
  endfacet
  facet normal 0 0 1
    outer loop
      vertex -4.23221 1.63675 3
      vertex -4.25288 0.584045 3
      vertex -4.22684 0.541061 3
    endloop
  endfacet
  facet normal -0 0 1
    outer loop
      vertex -4.25784 1.59351 3
      vertex -4.25288 0.584045 3
      vertex -4.23221 1.63675 3
    endloop
  endfacet
  facet normal 0 0 1
    outer loop
      vertex -4.25784 1.59351 3
      vertex -4.27679 0.62825 3
      vertex -4.25288 0.584045 3
    endloop
  endfacet
  facet normal -0 0 1
    outer loop
      vertex -4.28131 1.54907 3
      vertex -4.27679 0.62825 3
      vertex -4.25784 1.59351 3
    endloop
  endfacet
  facet normal 0 0 1
    outer loop
      vertex -4.28131 1.54907 3
      vertex -4.29851 0.673584 3
      vertex -4.27679 0.62825 3
    endloop
  endfacet
  facet normal -0 0 1
    outer loop
      vertex -4.30258 1.50352 3
      vertex -4.29851 0.673584 3
      vertex -4.28131 1.54907 3
    endloop
  endfacet
  facet normal 0 0 1
    outer loop
      vertex -4.30258 1.50352 3
      vertex -4.31798 0.719925 3
      vertex -4.29851 0.673584 3
    endloop
  endfacet
  facet normal -0 0 1
    outer loop
      vertex -4.32159 1.457 3
      vertex -4.31798 0.719925 3
      vertex -4.30258 1.50352 3
    endloop
  endfacet
  facet normal 0 0 1
    outer loop
      vertex -4.32159 1.457 3
      vertex -4.33514 0.767166 3
      vertex -4.31798 0.719925 3
    endloop
  endfacet
  facet normal -0 0 1
    outer loop
      vertex -4.33829 1.40959 3
      vertex -4.33514 0.767166 3
      vertex -4.32159 1.457 3
    endloop
  endfacet
  facet normal 0 0 1
    outer loop
      vertex -4.33829 1.40959 3
      vertex -4.34996 0.815186 3
      vertex -4.33514 0.767166 3
    endloop
  endfacet
  facet normal -0 0 1
    outer loop
      vertex -4.35265 1.36142 3
      vertex -4.34996 0.815186 3
      vertex -4.33829 1.40959 3
    endloop
  endfacet
  facet normal 0 0 1
    outer loop
      vertex -4.35265 1.36142 3
      vertex -4.36241 0.863892 3
      vertex -4.34996 0.815186 3
    endloop
  endfacet
  facet normal -0 0 1
    outer loop
      vertex -4.36462 1.31261 3
      vertex -4.36241 0.863892 3
      vertex -4.35265 1.36142 3
    endloop
  endfacet
  facet normal 0 0 1
    outer loop
      vertex -4.36462 1.31261 3
      vertex -4.37247 0.913132 3
      vertex -4.36241 0.863892 3
    endloop
  endfacet
  facet normal -0 0 1
    outer loop
      vertex -4.37418 1.26326 3
      vertex -4.37247 0.913132 3
      vertex -4.36462 1.31261 3
    endloop
  endfacet
  facet normal 0 0 1
    outer loop
      vertex -4.37418 1.26326 3
      vertex -4.38008 0.962814 3
      vertex -4.37247 0.913132 3
    endloop
  endfacet
  facet normal -0 0 1
    outer loop
      vertex -4.38132 1.21352 3
      vertex -4.38008 0.962814 3
      vertex -4.37418 1.26326 3
    endloop
  endfacet
  facet normal 0 0 1
    outer loop
      vertex -4.38132 1.21352 3
      vertex -4.38525 1.0128 3
      vertex -4.38008 0.962814 3
    endloop
  endfacet
  facet normal -0 0 1
    outer loop
      vertex -4.38599 1.16347 3
      vertex -4.38525 1.0128 3
      vertex -4.38132 1.21352 3
    endloop
  endfacet
  facet normal 0 0 1
    outer loop
      vertex -4.38599 1.16347 3
      vertex -4.38797 1.06299 3
      vertex -4.38525 1.0128 3
    endloop
  endfacet
  facet normal 0 -0 1
    outer loop
      vertex -4.38797 1.06299 3
      vertex -4.38599 1.16347 3
      vertex -4.38821 1.11325 3
    endloop
  endfacet
  facet normal 0 0 1
    outer loop
      vertex 4.38599 1.16347 3
      vertex 4.38797 1.06299 3
      vertex 4.38821 1.11325 3
    endloop
  endfacet
  facet normal 0 0 1
    outer loop
      vertex 4.38599 1.16347 3
      vertex 4.38525 1.0128 3
      vertex 4.38797 1.06299 3
    endloop
  endfacet
  facet normal 0 0 1
    outer loop
      vertex 4.38132 1.21352 3
      vertex 4.38525 1.0128 3
      vertex 4.38599 1.16347 3
    endloop
  endfacet
  facet normal 0 0 1
    outer loop
      vertex 4.38132 1.21352 3
      vertex 4.38008 0.962814 3
      vertex 4.38525 1.0128 3
    endloop
  endfacet
  facet normal 0 0 1
    outer loop
      vertex 4.37418 1.26326 3
      vertex 4.38008 0.962814 3
      vertex 4.38132 1.21352 3
    endloop
  endfacet
  facet normal 0 0 1
    outer loop
      vertex 4.37418 1.26326 3
      vertex 4.37247 0.913132 3
      vertex 4.38008 0.962814 3
    endloop
  endfacet
  facet normal 0 0 1
    outer loop
      vertex 4.36462 1.31261 3
      vertex 4.37247 0.913132 3
      vertex 4.37418 1.26326 3
    endloop
  endfacet
  facet normal 0 0 1
    outer loop
      vertex 4.36462 1.31261 3
      vertex 4.36241 0.863892 3
      vertex 4.37247 0.913132 3
    endloop
  endfacet
  facet normal 0 0 1
    outer loop
      vertex 4.35265 1.36142 3
      vertex 4.36241 0.863892 3
      vertex 4.36462 1.31261 3
    endloop
  endfacet
  facet normal 0 0 1
    outer loop
      vertex 4.35265 1.36142 3
      vertex 4.34996 0.815186 3
      vertex 4.36241 0.863892 3
    endloop
  endfacet
  facet normal 0 0 1
    outer loop
      vertex 4.33829 1.40959 3
      vertex 4.34996 0.815186 3
      vertex 4.35265 1.36142 3
    endloop
  endfacet
  facet normal 0 0 1
    outer loop
      vertex 4.33829 1.40959 3
      vertex 4.33514 0.767166 3
      vertex 4.34996 0.815186 3
    endloop
  endfacet
  facet normal 0 0 1
    outer loop
      vertex 4.32159 1.457 3
      vertex 4.33514 0.767166 3
      vertex 4.33829 1.40959 3
    endloop
  endfacet
  facet normal 0 0 1
    outer loop
      vertex 4.32159 1.457 3
      vertex 4.31798 0.719925 3
      vertex 4.33514 0.767166 3
    endloop
  endfacet
  facet normal 0 0 1
    outer loop
      vertex 4.30258 1.50352 3
      vertex 4.31798 0.719925 3
      vertex 4.32159 1.457 3
    endloop
  endfacet
  facet normal 0 0 1
    outer loop
      vertex 4.30258 1.50352 3
      vertex 4.29851 0.673584 3
      vertex 4.31798 0.719925 3
    endloop
  endfacet
  facet normal 0 0 1
    outer loop
      vertex 4.28131 1.54907 3
      vertex 4.29851 0.673584 3
      vertex 4.30258 1.50352 3
    endloop
  endfacet
  facet normal 0 0 1
    outer loop
      vertex 4.28131 1.54907 3
      vertex 4.27679 0.62825 3
      vertex 4.29851 0.673584 3
    endloop
  endfacet
  facet normal 0 0 1
    outer loop
      vertex 4.25784 1.59351 3
      vertex 4.27679 0.62825 3
      vertex 4.28131 1.54907 3
    endloop
  endfacet
  facet normal 0 0 1
    outer loop
      vertex 4.25784 1.59351 3
      vertex 4.25288 0.584045 3
      vertex 4.27679 0.62825 3
    endloop
  endfacet
  facet normal 0 0 1
    outer loop
      vertex 4.23221 1.63675 3
      vertex 4.25288 0.584045 3
      vertex 4.25784 1.59351 3
    endloop
  endfacet
  facet normal 0 0 1
    outer loop
      vertex 4.23221 1.63675 3
      vertex 4.22684 0.541061 3
      vertex 4.25288 0.584045 3
    endloop
  endfacet
  facet normal 0 0 1
    outer loop
      vertex 4.2045 1.67868 3
      vertex 4.22684 0.541061 3
      vertex 4.23221 1.63675 3
    endloop
  endfacet
  facet normal 0 0 1
    outer loop
      vertex 4.2045 1.67868 3
      vertex 4.19872 0.499405 3
      vertex 4.22684 0.541061 3
    endloop
  endfacet
  facet normal 0 0 1
    outer loop
      vertex 4.17476 1.71919 3
      vertex 4.19872 0.499405 3
      vertex 4.2045 1.67868 3
    endloop
  endfacet
  facet normal 0 0 1
    outer loop
      vertex 4.17476 1.71919 3
      vertex 4.16856 0.459183 3
      vertex 4.19872 0.499405 3
    endloop
  endfacet
  facet normal 0 0 1
    outer loop
      vertex 4.14307 1.75819 3
      vertex 4.16856 0.459183 3
      vertex 4.17476 1.71919 3
    endloop
  endfacet
  facet normal 0 0 1
    outer loop
      vertex 4.14307 1.75819 3
      vertex 4.13649 0.420486 3
      vertex 4.16856 0.459183 3
    endloop
  endfacet
  facet normal 0 0 1
    outer loop
      vertex 4.1095 1.79561 3
      vertex 4.13649 0.420486 3
      vertex 4.14307 1.75819 3
    endloop
  endfacet
  facet normal 0 0 1
    outer loop
      vertex 4.1095 1.79561 3
      vertex 4.10255 0.383408 3
      vertex 4.13649 0.420486 3
    endloop
  endfacet
  facet normal 0 0 1
    outer loop
      vertex 4.07413 1.83131 3
      vertex 4.10255 0.383408 3
      vertex 4.1095 1.79561 3
    endloop
  endfacet
  facet normal 0 0 1
    outer loop
      vertex 4.07413 1.83131 3
      vertex 4.06685 0.348053 3
      vertex 4.10255 0.383408 3
    endloop
  endfacet
  facet normal 0 0 1
    outer loop
      vertex 4.03705 1.86525 3
      vertex 4.06685 0.348053 3
      vertex 4.07413 1.83131 3
    endloop
  endfacet
  facet normal 0 0 1
    outer loop
      vertex 4.03705 1.86525 3
      vertex 4.02943 0.314484 3
      vertex 4.06685 0.348053 3
    endloop
  endfacet
  facet normal 0 0 1
    outer loop
      vertex 3.99835 1.89734 3
      vertex 4.02943 0.314484 3
      vertex 4.03705 1.86525 3
    endloop
  endfacet
  facet normal 0 0 1
    outer loop
      vertex 3.99835 1.89734 3
      vertex 3.99043 0.282776 3
      vertex 4.02943 0.314484 3
    endloop
  endfacet
  facet normal 0 0 1
    outer loop
      vertex 3.95813 1.92747 3
      vertex 3.99043 0.282776 3
      vertex 3.99835 1.89734 3
    endloop
  endfacet
  facet normal 0 0 1
    outer loop
      vertex 3.95813 1.92747 3
      vertex 3.94991 0.253036 3
      vertex 3.99043 0.282776 3
    endloop
  endfacet
  facet normal 0 0 1
    outer loop
      vertex 3.91647 1.9556 3
      vertex 3.94991 0.253036 3
      vertex 3.95813 1.92747 3
    endloop
  endfacet
  facet normal 0 0 1
    outer loop
      vertex 3.91647 1.9556 3
      vertex 3.90799 0.225327 3
      vertex 3.94991 0.253036 3
    endloop
  endfacet
  facet normal 0 0 1
    outer loop
      vertex 3.87349 1.98164 3
      vertex 3.90799 0.225327 3
      vertex 3.91647 1.9556 3
    endloop
  endfacet
  facet normal 0 0 1
    outer loop
      vertex 3.87349 1.98164 3
      vertex 3.86475 0.199692 3
      vertex 3.90799 0.225327 3
    endloop
  endfacet
  facet normal 0 0 1
    outer loop
      vertex 3.82928 2.00555 3
      vertex 3.86475 0.199692 3
      vertex 3.87349 1.98164 3
    endloop
  endfacet
  facet normal 0 0 1
    outer loop
      vertex 3.82928 2.00555 3
      vertex 3.8203 0.176224 3
      vertex 3.86475 0.199692 3
    endloop
  endfacet
  facet normal 0 0 1
    outer loop
      vertex 3.78395 2.02727 3
      vertex 3.8203 0.176224 3
      vertex 3.82928 2.00555 3
    endloop
  endfacet
  facet normal 0 0 1
    outer loop
      vertex 3.78395 2.02727 3
      vertex 3.77477 0.154953 3
      vertex 3.8203 0.176224 3
    endloop
  endfacet
  facet normal 0 0 1
    outer loop
      vertex 3.73761 2.04674 3
      vertex 3.77477 0.154953 3
      vertex 3.78395 2.02727 3
    endloop
  endfacet
  facet normal 0 0 1
    outer loop
      vertex 3.73761 2.04674 3
      vertex 3.72824 0.135941 3
      vertex 3.77477 0.154953 3
    endloop
  endfacet
  facet normal 0 0 1
    outer loop
      vertex 3.69037 2.0639 3
      vertex 3.72824 0.135941 3
      vertex 3.73761 2.04674 3
    endloop
  endfacet
  facet normal 0 0 1
    outer loop
      vertex 3.69037 2.0639 3
      vertex 3.68083 0.119247 3
      vertex 3.72824 0.135941 3
    endloop
  endfacet
  facet normal 0 0 1
    outer loop
      vertex 3.64235 2.07872 3
      vertex 3.68083 0.119247 3
      vertex 3.69037 2.0639 3
    endloop
  endfacet
  facet normal 0 0 1
    outer loop
      vertex 3.64235 2.07872 3
      vertex 3.63266 0.104889 3
      vertex 3.68083 0.119247 3
    endloop
  endfacet
  facet normal 0 0 1
    outer loop
      vertex 3.59366 2.09117 3
      vertex 3.63266 0.104889 3
      vertex 3.64235 2.07872 3
    endloop
  endfacet
  facet normal 0 0 1
    outer loop
      vertex 3.59366 2.09117 3
      vertex 3.58385 0.092926 3
      vertex 3.63266 0.104889 3
    endloop
  endfacet
  facet normal 0 0 1
    outer loop
      vertex 3.5444 2.10123 3
      vertex 3.58385 0.092926 3
      vertex 3.59366 2.09117 3
    endloop
  endfacet
  facet normal 0 0 1
    outer loop
      vertex 3.5444 2.10123 3
      vertex 3.5345 0.0833588 3
      vertex 3.58385 0.092926 3
    endloop
  endfacet
  facet normal 0 0 1
    outer loop
      vertex 3.49472 2.10884 3
      vertex 3.5345 0.0833588 3
      vertex 3.5444 2.10123 3
    endloop
  endfacet
  facet normal 0 0 1
    outer loop
      vertex 3.49472 2.10884 3
      vertex 3.48474 0.0762329 3
      vertex 3.5345 0.0833588 3
    endloop
  endfacet
  facet normal 0 0 1
    outer loop
      vertex 3.44473 2.11401 3
      vertex 3.48474 0.0762329 3
      vertex 3.49472 2.10884 3
    endloop
  endfacet
  facet normal 0 0 1
    outer loop
      vertex 3.44473 2.11401 3
      vertex 3.43471 0.0715485 3
      vertex 3.48474 0.0762329 3
    endloop
  endfacet
  facet normal 0 0 1
    outer loop
      vertex 3.39455 2.11673 3
      vertex 3.43471 0.0715485 3
      vertex 3.44473 2.11401 3
    endloop
  endfacet
  facet normal 0 0 1
    outer loop
      vertex 3.39455 2.11673 3
      vertex 3.38449 0.0693207 3
      vertex 3.43471 0.0715485 3
    endloop
  endfacet
  facet normal 0 0 1
    outer loop
      vertex 3.34428 2.11697 3
      vertex 3.38449 0.0693207 3
      vertex 3.39455 2.11673 3
    endloop
  endfacet
  facet normal 0 0 1
    outer loop
      vertex 3.34428 2.11697 3
      vertex 3.33423 0.0695648 3
      vertex 3.38449 0.0693207 3
    endloop
  endfacet
  facet normal -0 0 1
    outer loop
      vertex 3.29407 2.11476 3
      vertex 3.33423 0.0695648 3
      vertex 3.34428 2.11697 3
    endloop
  endfacet
  facet normal 0 0 1
    outer loop
      vertex 3.29407 2.11476 3
      vertex 3.28404 0.0722809 3
      vertex 3.33423 0.0695648 3
    endloop
  endfacet
  facet normal -0 0 1
    outer loop
      vertex 3.24402 2.11008 3
      vertex 3.28404 0.0722809 3
      vertex 3.29407 2.11476 3
    endloop
  endfacet
  facet normal 0 0 1
    outer loop
      vertex 3.24402 2.11008 3
      vertex 3.23405 0.0774536 3
      vertex 3.28404 0.0722809 3
    endloop
  endfacet
  facet normal -0 0 1
    outer loop
      vertex 3.19427 2.10295 3
      vertex 3.23405 0.0774536 3
      vertex 3.24402 2.11008 3
    endloop
  endfacet
  facet normal 0 0 1
    outer loop
      vertex 3.19427 2.10295 3
      vertex 3.18437 0.0850677 3
      vertex 3.23405 0.0774536 3
    endloop
  endfacet
  facet normal -0 0 1
    outer loop
      vertex 3.14493 2.09338 3
      vertex 3.18437 0.0850677 3
      vertex 3.19427 2.10295 3
    endloop
  endfacet
  facet normal 0 0 1
    outer loop
      vertex 3.14493 2.09338 3
      vertex 3.13512 0.0951233 3
      vertex 3.18437 0.0850677 3
    endloop
  endfacet
  facet normal -0 0 1
    outer loop
      vertex 3.09612 2.08141 3
      vertex 3.13512 0.0951233 3
      vertex 3.14493 2.09338 3
    endloop
  endfacet
  facet normal 0 0 1
    outer loop
      vertex 3.09612 2.08141 3
      vertex 3.08643 0.107574 3
      vertex 3.13512 0.0951233 3
    endloop
  endfacet
  facet normal -0 0 1
    outer loop
      vertex 3.04794 2.06705 3
      vertex 3.08643 0.107574 3
      vertex 3.09612 2.08141 3
    endloop
  endfacet
  facet normal 0 0 1
    outer loop
      vertex 3.04794 2.06705 3
      vertex 3.03841 0.122406 3
      vertex 3.08643 0.107574 3
    endloop
  endfacet
  facet normal -0 0 1
    outer loop
      vertex 3.00053 2.05035 3
      vertex 3.03841 0.122406 3
      vertex 3.04794 2.06705 3
    endloop
  endfacet
  facet normal 0 0 1
    outer loop
      vertex 3.00053 2.05035 3
      vertex 2.99117 0.139572 3
      vertex 3.03841 0.122406 3
    endloop
  endfacet
  facet normal -0 0 1
    outer loop
      vertex 2.95401 2.03134 3
      vertex 2.99117 0.139572 3
      vertex 3.00053 2.05035 3
    endloop
  endfacet
  facet normal 0 0 1
    outer loop
      vertex 2.95401 2.03134 3
      vertex 2.94482 0.159027 3
      vertex 2.99117 0.139572 3
    endloop
  endfacet
  facet normal -0 0 1
    outer loop
      vertex 2.90848 2.01009 3
      vertex 2.94482 0.159027 3
      vertex 2.95401 2.03134 3
    endloop
  endfacet
  facet normal 0 0 1
    outer loop
      vertex 2.90848 2.01009 3
      vertex 2.89949 0.18074 3
      vertex 2.94482 0.159027 3
    endloop
  endfacet
  facet normal -0 0 1
    outer loop
      vertex 2.86403 1.9866 3
      vertex 2.89949 0.18074 3
      vertex 2.90848 2.01009 3
    endloop
  endfacet
  facet normal 0 0 1
    outer loop
      vertex 2.86403 1.9866 3
      vertex 2.85529 0.204651 3
      vertex 2.89949 0.18074 3
    endloop
  endfacet
  facet normal -0 0 1
    outer loop
      vertex 2.82079 1.96098 3
      vertex 2.85529 0.204651 3
      vertex 2.86403 1.9866 3
    endloop
  endfacet
  facet normal 0 0 1
    outer loop
      vertex 2.82079 1.96098 3
      vertex 2.8123 0.230698 3
      vertex 2.85529 0.204651 3
    endloop
  endfacet
  facet normal -0 0 1
    outer loop
      vertex 2.77887 1.93326 3
      vertex 2.8123 0.230698 3
      vertex 2.82079 1.96098 3
    endloop
  endfacet
  facet normal 0 0 1
    outer loop
      vertex 2.77887 1.93326 3
      vertex 2.77065 0.258835 3
      vertex 2.8123 0.230698 3
    endloop
  endfacet
  facet normal -0 0 1
    outer loop
      vertex 2.73834 1.90352 3
      vertex 2.77065 0.258835 3
      vertex 2.77887 1.93326 3
    endloop
  endfacet
  facet normal 0 0 1
    outer loop
      vertex 2.73834 1.90352 3
      vertex 2.73042 0.288971 3
      vertex 2.77065 0.258835 3
    endloop
  endfacet
  facet normal -0 0 1
    outer loop
      vertex 2.69934 1.87183 3
      vertex 2.73042 0.288971 3
      vertex 2.73834 1.90352 3
    endloop
  endfacet
  facet normal 0 0 1
    outer loop
      vertex 2.69934 1.87183 3
      vertex 2.69173 0.321045 3
      vertex 2.73042 0.288971 3
    endloop
  endfacet
  facet normal -0 0 1
    outer loop
      vertex 2.66193 1.83826 3
      vertex 2.69173 0.321045 3
      vertex 2.69934 1.87183 3
    endloop
  endfacet
  facet normal 0 0 1
    outer loop
      vertex 2.66193 1.83826 3
      vertex 2.65465 0.35498 3
      vertex 2.69173 0.321045 3
    endloop
  endfacet
  facet normal -0 0 1
    outer loop
      vertex 2.62622 1.80289 3
      vertex 2.65465 0.35498 3
      vertex 2.66193 1.83826 3
    endloop
  endfacet
  facet normal 0 0 1
    outer loop
      vertex 2.62622 1.80289 3
      vertex 2.61928 0.390701 3
      vertex 2.65465 0.35498 3
    endloop
  endfacet
  facet normal -0 0 1
    outer loop
      vertex 2.59229 1.76581 3
      vertex 2.61928 0.390701 3
      vertex 2.62622 1.80289 3
    endloop
  endfacet
  facet normal 0 0 1
    outer loop
      vertex 2.59229 1.76581 3
      vertex 2.58571 0.428101 3
      vertex 2.61928 0.390701 3
    endloop
  endfacet
  facet normal -0 0 1
    outer loop
      vertex 2.56021 1.72711 3
      vertex 2.58571 0.428101 3
      vertex 2.59229 1.76581 3
    endloop
  endfacet
  facet normal 0 0 1
    outer loop
      vertex 2.56021 1.72711 3
      vertex 2.55402 0.467102 3
      vertex 2.58571 0.428101 3
    endloop
  endfacet
  facet normal -0 0 1
    outer loop
      vertex 2.53006 1.68689 3
      vertex 2.55402 0.467102 3
      vertex 2.56021 1.72711 3
    endloop
  endfacet
  facet normal 0 0 1
    outer loop
      vertex 2.53006 1.68689 3
      vertex 2.52428 0.507629 3
      vertex 2.55402 0.467102 3
    endloop
  endfacet
  facet normal -0 0 1
    outer loop
      vertex 2.50194 1.64523 3
      vertex 2.52428 0.507629 3
      vertex 2.53006 1.68689 3
    endloop
  endfacet
  facet normal 0 0 1
    outer loop
      vertex 2.50194 1.64523 3
      vertex 2.49655 0.549561 3
      vertex 2.52428 0.507629 3
    endloop
  endfacet
  facet normal -0 0 1
    outer loop
      vertex 2.47589 1.60226 3
      vertex 2.49655 0.549561 3
      vertex 2.50194 1.64523 3
    endloop
  endfacet
  facet normal 0 0 1
    outer loop
      vertex 2.47589 1.60226 3
      vertex 2.47093 0.592789 3
      vertex 2.49655 0.549561 3
    endloop
  endfacet
  facet normal -0 0 1
    outer loop
      vertex 2.45198 1.55804 3
      vertex 2.47093 0.592789 3
      vertex 2.47589 1.60226 3
    endloop
  endfacet
  facet normal 0 0 1
    outer loop
      vertex 2.45198 1.55804 3
      vertex 2.44745 0.637238 3
      vertex 2.47093 0.592789 3
    endloop
  endfacet
  facet normal -0 0 1
    outer loop
      vertex 2.43027 1.51271 3
      vertex 2.44745 0.637238 3
      vertex 2.45198 1.55804 3
    endloop
  endfacet
  facet normal 0 0 1
    outer loop
      vertex 2.43027 1.51271 3
      vertex 2.42619 0.68277 3
      vertex 2.44745 0.637238 3
    endloop
  endfacet
  facet normal -0 0 1
    outer loop
      vertex 2.4108 1.46637 3
      vertex 2.42619 0.68277 3
      vertex 2.43027 1.51271 3
    endloop
  endfacet
  facet normal 0 0 1
    outer loop
      vertex 2.4108 1.46637 3
      vertex 2.40718 0.729309 3
      vertex 2.42619 0.68277 3
    endloop
  endfacet
  facet normal -0 0 1
    outer loop
      vertex 2.39363 1.41914 3
      vertex 2.40718 0.729309 3
      vertex 2.4108 1.46637 3
    endloop
  endfacet
  facet normal 0 0 1
    outer loop
      vertex 2.39363 1.41914 3
      vertex 2.39049 0.776703 3
      vertex 2.40718 0.729309 3
    endloop
  endfacet
  facet normal -0 0 1
    outer loop
      vertex 2.37881 1.37111 3
      vertex 2.39049 0.776703 3
      vertex 2.39363 1.41914 3
    endloop
  endfacet
  facet normal 0 0 1
    outer loop
      vertex 2.37881 1.37111 3
      vertex 2.37613 0.824875 3
      vertex 2.39049 0.776703 3
    endloop
  endfacet
  facet normal -0 0 1
    outer loop
      vertex 2.36636 1.32242 3
      vertex 2.37613 0.824875 3
      vertex 2.37881 1.37111 3
    endloop
  endfacet
  facet normal 0 0 1
    outer loop
      vertex 2.36636 1.32242 3
      vertex 2.36415 0.873688 3
      vertex 2.37613 0.824875 3
    endloop
  endfacet
  facet normal -0 0 1
    outer loop
      vertex 2.35631 1.27316 3
      vertex 2.36415 0.873688 3
      vertex 2.36636 1.32242 3
    endloop
  endfacet
  facet normal 0 0 1
    outer loop
      vertex 2.35631 1.27316 3
      vertex 2.3546 0.923035 3
      vertex 2.36415 0.873688 3
    endloop
  endfacet
  facet normal -0 0 1
    outer loop
      vertex 2.34869 1.2235 3
      vertex 2.3546 0.923035 3
      vertex 2.35631 1.27316 3
    endloop
  endfacet
  facet normal 0 0 1
    outer loop
      vertex 2.34869 1.2235 3
      vertex 2.34746 0.972794 3
      vertex 2.3546 0.923035 3
    endloop
  endfacet
  facet normal -0 0 1
    outer loop
      vertex 2.34352 1.17349 3
      vertex 2.34746 0.972794 3
      vertex 2.34869 1.2235 3
    endloop
  endfacet
  facet normal 0 0 1
    outer loop
      vertex 2.34352 1.17349 3
      vertex 2.34279 1.02283 3
      vertex 2.34746 0.972794 3
    endloop
  endfacet
  facet normal -0 0 1
    outer loop
      vertex 2.34081 1.12331 3
      vertex 2.34279 1.02283 3
      vertex 2.34352 1.17349 3
    endloop
  endfacet
  facet normal 0 0 1
    outer loop
      vertex 2.34279 1.02283 3
      vertex 2.34081 1.12331 3
      vertex 2.34056 1.07304 3
    endloop
  endfacet
  facet normal 0 0 1
    outer loop
      vertex 1.02278 0.0502319 3
      vertex 1.02278 -0.0502319 3
      vertex 1.02402 0 3
    endloop
  endfacet
  facet normal 0 0 1
    outer loop
      vertex 1.01909 0.100357 3
      vertex 1.02278 -0.0502319 3
      vertex 1.02278 0.0502319 3
    endloop
  endfacet
  facet normal 0 0 1
    outer loop
      vertex 1.01909 0.100357 3
      vertex 1.01909 -0.100357 3
      vertex 1.02278 -0.0502319 3
    endloop
  endfacet
  facet normal 0 0 1
    outer loop
      vertex 1.01294 0.150253 3
      vertex 1.01909 -0.100357 3
      vertex 1.01909 0.100357 3
    endloop
  endfacet
  facet normal 0 0 1
    outer loop
      vertex 1.01294 0.150253 3
      vertex 1.01294 -0.150253 3
      vertex 1.01909 -0.100357 3
    endloop
  endfacet
  facet normal 0 0 1
    outer loop
      vertex 1.00433 0.199768 3
      vertex 1.01294 -0.150253 3
      vertex 1.01294 0.150253 3
    endloop
  endfacet
  facet normal 0 0 1
    outer loop
      vertex 1.00433 0.199768 3
      vertex 1.00433 -0.199768 3
      vertex 1.01294 -0.150253 3
    endloop
  endfacet
  facet normal 0 0 1
    outer loop
      vertex 0.993332 0.24881 3
      vertex 1.00433 -0.199768 3
      vertex 1.00433 0.199768 3
    endloop
  endfacet
  facet normal 0 0 1
    outer loop
      vertex 0.993332 0.24881 3
      vertex 0.993332 -0.24881 3
      vertex 1.00433 -0.199768 3
    endloop
  endfacet
  facet normal 0 0 1
    outer loop
      vertex 0.979919 0.297256 3
      vertex 0.993332 -0.24881 3
      vertex 0.993332 0.24881 3
    endloop
  endfacet
  facet normal 0 0 1
    outer loop
      vertex 0.979919 0.297256 3
      vertex 0.979919 -0.297256 3
      vertex 0.993332 -0.24881 3
    endloop
  endfacet
  facet normal 0 0 1
    outer loop
      vertex 0.964157 0.344971 3
      vertex 0.979919 -0.297256 3
      vertex 0.979919 0.297256 3
    endloop
  endfacet
  facet normal 0 0 1
    outer loop
      vertex 0.964157 0.344971 3
      vertex 0.964157 -0.344971 3
      vertex 0.979919 -0.297256 3
    endloop
  endfacet
  facet normal 0 0 1
    outer loop
      vertex 0.94606 0.391876 3
      vertex 0.964157 -0.344971 3
      vertex 0.964157 0.344971 3
    endloop
  endfacet
  facet normal 0 0 1
    outer loop
      vertex 0.94606 0.391876 3
      vertex 0.94606 -0.391876 3
      vertex 0.964157 -0.344971 3
    endloop
  endfacet
  facet normal 0 0 1
    outer loop
      vertex 0.925705 0.43782 3
      vertex 0.94606 -0.391876 3
      vertex 0.94606 0.391876 3
    endloop
  endfacet
  facet normal 0 0 1
    outer loop
      vertex 0.925705 0.43782 3
      vertex 0.925705 -0.43782 3
      vertex 0.94606 -0.391876 3
    endloop
  endfacet
  facet normal 0 0 1
    outer loop
      vertex 0.903107 0.482712 3
      vertex 0.925705 -0.43782 3
      vertex 0.925705 0.43782 3
    endloop
  endfacet
  facet normal 0 0 1
    outer loop
      vertex 0.903107 0.482712 3
      vertex 0.903107 -0.482712 3
      vertex 0.925705 -0.43782 3
    endloop
  endfacet
  facet normal 0 0 1
    outer loop
      vertex 0.878326 0.526443 3
      vertex 0.903107 -0.482712 3
      vertex 0.903107 0.482712 3
    endloop
  endfacet
  facet normal 0 0 1
    outer loop
      vertex 0.878326 0.526443 3
      vertex 0.878326 -0.526443 3
      vertex 0.903107 -0.482712 3
    endloop
  endfacet
  facet normal 0 0 1
    outer loop
      vertex 0.85144 0.568909 3
      vertex 0.878326 -0.526443 3
      vertex 0.878326 0.526443 3
    endloop
  endfacet
  facet normal 0 0 1
    outer loop
      vertex 0.85144 0.568909 3
      vertex 0.85144 -0.568909 3
      vertex 0.878326 -0.526443 3
    endloop
  endfacet
  facet normal 0 0 1
    outer loop
      vertex 0.822495 0.610001 3
      vertex 0.85144 -0.568909 3
      vertex 0.85144 0.568909 3
    endloop
  endfacet
  facet normal 0 0 1
    outer loop
      vertex 0.822495 0.610001 3
      vertex 0.822495 -0.610001 3
      vertex 0.85144 -0.568909 3
    endloop
  endfacet
  facet normal 0 0 1
    outer loop
      vertex 0.79158 0.649628 3
      vertex 0.822495 -0.610001 3
      vertex 0.822495 0.610001 3
    endloop
  endfacet
  facet normal 0 0 1
    outer loop
      vertex 0.79158 0.649628 3
      vertex 0.79158 -0.649628 3
      vertex 0.822495 -0.610001 3
    endloop
  endfacet
  facet normal 0 0 1
    outer loop
      vertex 0.758743 0.687683 3
      vertex 0.79158 -0.649628 3
      vertex 0.79158 0.649628 3
    endloop
  endfacet
  facet normal 0 0 1
    outer loop
      vertex 0.758743 0.687683 3
      vertex 0.758743 -0.687683 3
      vertex 0.79158 -0.649628 3
    endloop
  endfacet
  facet normal 0 0 1
    outer loop
      vertex 0.724091 0.724091 3
      vertex 0.758743 -0.687683 3
      vertex 0.758743 0.687683 3
    endloop
  endfacet
  facet normal 0 0 1
    outer loop
      vertex 0.724091 0.724091 3
      vertex 0.724091 -0.724091 3
      vertex 0.758743 -0.687683 3
    endloop
  endfacet
  facet normal 0 0 1
    outer loop
      vertex 0.687683 0.758743 3
      vertex 0.724091 -0.724091 3
      vertex 0.724091 0.724091 3
    endloop
  endfacet
  facet normal 0 0 1
    outer loop
      vertex 0.687683 0.758743 3
      vertex 0.687683 -0.758743 3
      vertex 0.724091 -0.724091 3
    endloop
  endfacet
  facet normal 0 0 1
    outer loop
      vertex 0.649628 0.79158 3
      vertex 0.687683 -0.758743 3
      vertex 0.687683 0.758743 3
    endloop
  endfacet
  facet normal 0 0 1
    outer loop
      vertex 0.649628 0.79158 3
      vertex 0.649628 -0.79158 3
      vertex 0.687683 -0.758743 3
    endloop
  endfacet
  facet normal 0 0 1
    outer loop
      vertex 0.610001 0.822495 3
      vertex 0.649628 -0.79158 3
      vertex 0.649628 0.79158 3
    endloop
  endfacet
  facet normal 0 0 1
    outer loop
      vertex 0.610001 0.822495 3
      vertex 0.610001 -0.822495 3
      vertex 0.649628 -0.79158 3
    endloop
  endfacet
  facet normal 0 0 1
    outer loop
      vertex 0.568909 0.85144 3
      vertex 0.610001 -0.822495 3
      vertex 0.610001 0.822495 3
    endloop
  endfacet
  facet normal 0 0 1
    outer loop
      vertex 0.568909 0.85144 3
      vertex 0.568909 -0.85144 3
      vertex 0.610001 -0.822495 3
    endloop
  endfacet
  facet normal 0 0 1
    outer loop
      vertex 0.526443 0.878326 3
      vertex 0.568909 -0.85144 3
      vertex 0.568909 0.85144 3
    endloop
  endfacet
  facet normal 0 0 1
    outer loop
      vertex 0.526443 0.878326 3
      vertex 0.526443 -0.878326 3
      vertex 0.568909 -0.85144 3
    endloop
  endfacet
  facet normal 0 0 1
    outer loop
      vertex 0.482712 0.903107 3
      vertex 0.526443 -0.878326 3
      vertex 0.526443 0.878326 3
    endloop
  endfacet
  facet normal 0 0 1
    outer loop
      vertex 0.482712 0.903107 3
      vertex 0.482712 -0.903107 3
      vertex 0.526443 -0.878326 3
    endloop
  endfacet
  facet normal 0 0 1
    outer loop
      vertex 0.43782 0.925705 3
      vertex 0.482712 -0.903107 3
      vertex 0.482712 0.903107 3
    endloop
  endfacet
  facet normal 0 0 1
    outer loop
      vertex 0.43782 0.925705 3
      vertex 0.43782 -0.925705 3
      vertex 0.482712 -0.903107 3
    endloop
  endfacet
  facet normal 0 0 1
    outer loop
      vertex 0.391876 0.94606 3
      vertex 0.43782 -0.925705 3
      vertex 0.43782 0.925705 3
    endloop
  endfacet
  facet normal 0 0 1
    outer loop
      vertex 0.391876 0.94606 3
      vertex 0.391876 -0.94606 3
      vertex 0.43782 -0.925705 3
    endloop
  endfacet
  facet normal 0 0 1
    outer loop
      vertex 0.344971 0.964157 3
      vertex 0.391876 -0.94606 3
      vertex 0.391876 0.94606 3
    endloop
  endfacet
  facet normal 0 0 1
    outer loop
      vertex 0.344971 0.964157 3
      vertex 0.344971 -0.964157 3
      vertex 0.391876 -0.94606 3
    endloop
  endfacet
  facet normal 0 0 1
    outer loop
      vertex 0.297256 0.979919 3
      vertex 0.344971 -0.964157 3
      vertex 0.344971 0.964157 3
    endloop
  endfacet
  facet normal 0 0 1
    outer loop
      vertex 0.297256 0.979919 3
      vertex 0.297256 -0.979919 3
      vertex 0.344971 -0.964157 3
    endloop
  endfacet
  facet normal 0 0 1
    outer loop
      vertex 0.24881 0.993332 3
      vertex 0.297256 -0.979919 3
      vertex 0.297256 0.979919 3
    endloop
  endfacet
  facet normal 0 0 1
    outer loop
      vertex 0.24881 0.993332 3
      vertex 0.24881 -0.993332 3
      vertex 0.297256 -0.979919 3
    endloop
  endfacet
  facet normal 0 0 1
    outer loop
      vertex 0.199768 1.00433 3
      vertex 0.24881 -0.993332 3
      vertex 0.24881 0.993332 3
    endloop
  endfacet
  facet normal 0 0 1
    outer loop
      vertex 0.199768 1.00433 3
      vertex 0.199768 -1.00433 3
      vertex 0.24881 -0.993332 3
    endloop
  endfacet
  facet normal 0 0 1
    outer loop
      vertex 0.150253 1.01294 3
      vertex 0.199768 -1.00433 3
      vertex 0.199768 1.00433 3
    endloop
  endfacet
  facet normal 0 0 1
    outer loop
      vertex 0.150253 1.01294 3
      vertex 0.150253 -1.01294 3
      vertex 0.199768 -1.00433 3
    endloop
  endfacet
  facet normal 0 0 1
    outer loop
      vertex 0.100357 1.01909 3
      vertex 0.150253 -1.01294 3
      vertex 0.150253 1.01294 3
    endloop
  endfacet
  facet normal 0 0 1
    outer loop
      vertex 0.100357 1.01909 3
      vertex 0.100357 -1.01909 3
      vertex 0.150253 -1.01294 3
    endloop
  endfacet
  facet normal 0 0 1
    outer loop
      vertex 0.0502319 1.02278 3
      vertex 0.100357 -1.01909 3
      vertex 0.100357 1.01909 3
    endloop
  endfacet
  facet normal 0 0 1
    outer loop
      vertex 0.0502319 1.02278 3
      vertex 0.0502319 -1.02278 3
      vertex 0.100357 -1.01909 3
    endloop
  endfacet
  facet normal 0 0 1
    outer loop
      vertex 0 1.02402 3
      vertex 0.0502319 -1.02278 3
      vertex 0.0502319 1.02278 3
    endloop
  endfacet
  facet normal 0 0 1
    outer loop
      vertex 0 1.02402 3
      vertex 0 -1.02402 3
      vertex 0.0502319 -1.02278 3
    endloop
  endfacet
  facet normal -0 0 1
    outer loop
      vertex -0.0502319 1.02278 3
      vertex 0 -1.02402 3
      vertex 0 1.02402 3
    endloop
  endfacet
  facet normal 0 0 1
    outer loop
      vertex -0.0502319 1.02278 3
      vertex -0.0502319 -1.02278 3
      vertex 0 -1.02402 3
    endloop
  endfacet
  facet normal -0 0 1
    outer loop
      vertex -0.100357 1.01909 3
      vertex -0.0502319 -1.02278 3
      vertex -0.0502319 1.02278 3
    endloop
  endfacet
  facet normal 0 0 1
    outer loop
      vertex -0.100357 1.01909 3
      vertex -0.100357 -1.01909 3
      vertex -0.0502319 -1.02278 3
    endloop
  endfacet
  facet normal -0 0 1
    outer loop
      vertex -0.150253 1.01294 3
      vertex -0.100357 -1.01909 3
      vertex -0.100357 1.01909 3
    endloop
  endfacet
  facet normal 0 0 1
    outer loop
      vertex -0.150253 1.01294 3
      vertex -0.150253 -1.01294 3
      vertex -0.100357 -1.01909 3
    endloop
  endfacet
  facet normal -0 0 1
    outer loop
      vertex -0.199768 1.00433 3
      vertex -0.150253 -1.01294 3
      vertex -0.150253 1.01294 3
    endloop
  endfacet
  facet normal 0 0 1
    outer loop
      vertex -0.199768 1.00433 3
      vertex -0.199768 -1.00433 3
      vertex -0.150253 -1.01294 3
    endloop
  endfacet
  facet normal -0 0 1
    outer loop
      vertex -0.24881 0.993332 3
      vertex -0.199768 -1.00433 3
      vertex -0.199768 1.00433 3
    endloop
  endfacet
  facet normal 0 0 1
    outer loop
      vertex -0.24881 0.993332 3
      vertex -0.24881 -0.993332 3
      vertex -0.199768 -1.00433 3
    endloop
  endfacet
  facet normal -0 0 1
    outer loop
      vertex -0.297256 0.979919 3
      vertex -0.24881 -0.993332 3
      vertex -0.24881 0.993332 3
    endloop
  endfacet
  facet normal 0 0 1
    outer loop
      vertex -0.297256 0.979919 3
      vertex -0.297256 -0.979919 3
      vertex -0.24881 -0.993332 3
    endloop
  endfacet
  facet normal -0 0 1
    outer loop
      vertex -0.344971 0.964157 3
      vertex -0.297256 -0.979919 3
      vertex -0.297256 0.979919 3
    endloop
  endfacet
  facet normal 0 0 1
    outer loop
      vertex -0.344971 0.964157 3
      vertex -0.344971 -0.964157 3
      vertex -0.297256 -0.979919 3
    endloop
  endfacet
  facet normal -0 0 1
    outer loop
      vertex -0.391876 0.94606 3
      vertex -0.344971 -0.964157 3
      vertex -0.344971 0.964157 3
    endloop
  endfacet
  facet normal 0 0 1
    outer loop
      vertex -0.391876 0.94606 3
      vertex -0.391876 -0.94606 3
      vertex -0.344971 -0.964157 3
    endloop
  endfacet
  facet normal -0 0 1
    outer loop
      vertex -0.43782 0.925705 3
      vertex -0.391876 -0.94606 3
      vertex -0.391876 0.94606 3
    endloop
  endfacet
  facet normal 0 0 1
    outer loop
      vertex -0.43782 0.925705 3
      vertex -0.43782 -0.925705 3
      vertex -0.391876 -0.94606 3
    endloop
  endfacet
  facet normal -0 0 1
    outer loop
      vertex -0.482712 0.903107 3
      vertex -0.43782 -0.925705 3
      vertex -0.43782 0.925705 3
    endloop
  endfacet
  facet normal 0 0 1
    outer loop
      vertex -0.482712 0.903107 3
      vertex -0.482712 -0.903107 3
      vertex -0.43782 -0.925705 3
    endloop
  endfacet
  facet normal -0 0 1
    outer loop
      vertex -0.526443 0.878326 3
      vertex -0.482712 -0.903107 3
      vertex -0.482712 0.903107 3
    endloop
  endfacet
  facet normal 0 0 1
    outer loop
      vertex -0.526443 0.878326 3
      vertex -0.526443 -0.878326 3
      vertex -0.482712 -0.903107 3
    endloop
  endfacet
  facet normal -0 0 1
    outer loop
      vertex -0.568909 0.85144 3
      vertex -0.526443 -0.878326 3
      vertex -0.526443 0.878326 3
    endloop
  endfacet
  facet normal 0 0 1
    outer loop
      vertex -0.568909 0.85144 3
      vertex -0.568909 -0.85144 3
      vertex -0.526443 -0.878326 3
    endloop
  endfacet
  facet normal -0 0 1
    outer loop
      vertex -0.610001 0.822495 3
      vertex -0.568909 -0.85144 3
      vertex -0.568909 0.85144 3
    endloop
  endfacet
  facet normal 0 0 1
    outer loop
      vertex -0.610001 0.822495 3
      vertex -0.610001 -0.822495 3
      vertex -0.568909 -0.85144 3
    endloop
  endfacet
  facet normal -0 0 1
    outer loop
      vertex -0.649628 0.79158 3
      vertex -0.610001 -0.822495 3
      vertex -0.610001 0.822495 3
    endloop
  endfacet
  facet normal 0 0 1
    outer loop
      vertex -0.649628 0.79158 3
      vertex -0.649628 -0.79158 3
      vertex -0.610001 -0.822495 3
    endloop
  endfacet
  facet normal -0 0 1
    outer loop
      vertex -0.687683 0.758743 3
      vertex -0.649628 -0.79158 3
      vertex -0.649628 0.79158 3
    endloop
  endfacet
  facet normal 0 0 1
    outer loop
      vertex -0.687683 0.758743 3
      vertex -0.687683 -0.758743 3
      vertex -0.649628 -0.79158 3
    endloop
  endfacet
  facet normal -0 0 1
    outer loop
      vertex -0.724091 0.724091 3
      vertex -0.687683 -0.758743 3
      vertex -0.687683 0.758743 3
    endloop
  endfacet
  facet normal 0 0 1
    outer loop
      vertex -0.724091 0.724091 3
      vertex -0.724091 -0.724091 3
      vertex -0.687683 -0.758743 3
    endloop
  endfacet
  facet normal -0 0 1
    outer loop
      vertex -0.758743 0.687683 3
      vertex -0.724091 -0.724091 3
      vertex -0.724091 0.724091 3
    endloop
  endfacet
  facet normal 0 0 1
    outer loop
      vertex -0.758743 0.687683 3
      vertex -0.758743 -0.687683 3
      vertex -0.724091 -0.724091 3
    endloop
  endfacet
  facet normal -0 0 1
    outer loop
      vertex -0.79158 0.649628 3
      vertex -0.758743 -0.687683 3
      vertex -0.758743 0.687683 3
    endloop
  endfacet
  facet normal 0 0 1
    outer loop
      vertex -0.79158 0.649628 3
      vertex -0.79158 -0.649628 3
      vertex -0.758743 -0.687683 3
    endloop
  endfacet
  facet normal -0 0 1
    outer loop
      vertex -0.822495 0.610001 3
      vertex -0.79158 -0.649628 3
      vertex -0.79158 0.649628 3
    endloop
  endfacet
  facet normal 0 0 1
    outer loop
      vertex -0.822495 0.610001 3
      vertex -0.822495 -0.610001 3
      vertex -0.79158 -0.649628 3
    endloop
  endfacet
  facet normal -0 0 1
    outer loop
      vertex -0.85144 0.568909 3
      vertex -0.822495 -0.610001 3
      vertex -0.822495 0.610001 3
    endloop
  endfacet
  facet normal 0 0 1
    outer loop
      vertex -0.85144 0.568909 3
      vertex -0.85144 -0.568909 3
      vertex -0.822495 -0.610001 3
    endloop
  endfacet
  facet normal -0 0 1
    outer loop
      vertex -0.878326 0.526443 3
      vertex -0.85144 -0.568909 3
      vertex -0.85144 0.568909 3
    endloop
  endfacet
  facet normal 0 0 1
    outer loop
      vertex -0.878326 0.526443 3
      vertex -0.878326 -0.526443 3
      vertex -0.85144 -0.568909 3
    endloop
  endfacet
  facet normal -0 0 1
    outer loop
      vertex -0.903107 0.482712 3
      vertex -0.878326 -0.526443 3
      vertex -0.878326 0.526443 3
    endloop
  endfacet
  facet normal 0 0 1
    outer loop
      vertex -0.903107 0.482712 3
      vertex -0.903107 -0.482712 3
      vertex -0.878326 -0.526443 3
    endloop
  endfacet
  facet normal -0 0 1
    outer loop
      vertex -0.925705 0.43782 3
      vertex -0.903107 -0.482712 3
      vertex -0.903107 0.482712 3
    endloop
  endfacet
  facet normal 0 0 1
    outer loop
      vertex -0.925705 0.43782 3
      vertex -0.925705 -0.43782 3
      vertex -0.903107 -0.482712 3
    endloop
  endfacet
  facet normal -0 0 1
    outer loop
      vertex -0.94606 0.391876 3
      vertex -0.925705 -0.43782 3
      vertex -0.925705 0.43782 3
    endloop
  endfacet
  facet normal 0 0 1
    outer loop
      vertex -0.94606 0.391876 3
      vertex -0.94606 -0.391876 3
      vertex -0.925705 -0.43782 3
    endloop
  endfacet
  facet normal -0 0 1
    outer loop
      vertex -0.964157 0.344971 3
      vertex -0.94606 -0.391876 3
      vertex -0.94606 0.391876 3
    endloop
  endfacet
  facet normal 0 0 1
    outer loop
      vertex -0.964157 0.344971 3
      vertex -0.964157 -0.344971 3
      vertex -0.94606 -0.391876 3
    endloop
  endfacet
  facet normal -0 0 1
    outer loop
      vertex -0.979919 0.297256 3
      vertex -0.964157 -0.344971 3
      vertex -0.964157 0.344971 3
    endloop
  endfacet
  facet normal 0 0 1
    outer loop
      vertex -0.979919 0.297256 3
      vertex -0.979919 -0.297256 3
      vertex -0.964157 -0.344971 3
    endloop
  endfacet
  facet normal -0 0 1
    outer loop
      vertex -0.993332 0.24881 3
      vertex -0.979919 -0.297256 3
      vertex -0.979919 0.297256 3
    endloop
  endfacet
  facet normal 0 0 1
    outer loop
      vertex -0.993332 0.24881 3
      vertex -0.993332 -0.24881 3
      vertex -0.979919 -0.297256 3
    endloop
  endfacet
  facet normal -0 0 1
    outer loop
      vertex -1.00433 0.199768 3
      vertex -0.993332 -0.24881 3
      vertex -0.993332 0.24881 3
    endloop
  endfacet
  facet normal 0 0 1
    outer loop
      vertex -1.00433 0.199768 3
      vertex -1.00433 -0.199768 3
      vertex -0.993332 -0.24881 3
    endloop
  endfacet
  facet normal -0 0 1
    outer loop
      vertex -1.01294 0.150253 3
      vertex -1.00433 -0.199768 3
      vertex -1.00433 0.199768 3
    endloop
  endfacet
  facet normal 0 0 1
    outer loop
      vertex -1.01294 0.150253 3
      vertex -1.01294 -0.150253 3
      vertex -1.00433 -0.199768 3
    endloop
  endfacet
  facet normal -0 0 1
    outer loop
      vertex -1.01909 0.100357 3
      vertex -1.01294 -0.150253 3
      vertex -1.01294 0.150253 3
    endloop
  endfacet
  facet normal 0 0 1
    outer loop
      vertex -1.01909 0.100357 3
      vertex -1.01909 -0.100357 3
      vertex -1.01294 -0.150253 3
    endloop
  endfacet
  facet normal -0 0 1
    outer loop
      vertex -1.02278 0.0502319 3
      vertex -1.01909 -0.100357 3
      vertex -1.01909 0.100357 3
    endloop
  endfacet
  facet normal 0 0 1
    outer loop
      vertex -1.02278 0.0502319 3
      vertex -1.02278 -0.0502319 3
      vertex -1.01909 -0.100357 3
    endloop
  endfacet
  facet normal 0 -0 1
    outer loop
      vertex -1.02278 -0.0502319 3
      vertex -1.02278 0.0502319 3
      vertex -1.02402 0 3
    endloop
  endfacet
  facet normal 0 0 1
    outer loop
      vertex -1.05705 -2.80164 3
      vertex -1.05608 -2.90211 3
      vertex -1.05533 -2.85187 3
    endloop
  endfacet
  facet normal 0 0 1
    outer loop
      vertex -1.05705 -2.80164 3
      vertex -1.05928 -2.95229 3
      vertex -1.05608 -2.90211 3
    endloop
  endfacet
  facet normal 0 0 1
    outer loop
      vertex -1.06125 -2.75154 3
      vertex -1.05928 -2.95229 3
      vertex -1.05705 -2.80164 3
    endloop
  endfacet
  facet normal 0 0 1
    outer loop
      vertex -1.06125 -2.75154 3
      vertex -1.06494 -3.00223 3
      vertex -1.05928 -2.95229 3
    endloop
  endfacet
  facet normal 0 0 1
    outer loop
      vertex -1.06789 -2.70172 3
      vertex -1.06494 -3.00223 3
      vertex -1.06125 -2.75154 3
    endloop
  endfacet
  facet normal 0 0 1
    outer loop
      vertex -1.06789 -2.70172 3
      vertex -1.07304 -3.05182 3
      vertex -1.06494 -3.00223 3
    endloop
  endfacet
  facet normal 0 0 1
    outer loop
      vertex -1.07697 -2.65228 3
      vertex -1.07304 -3.05182 3
      vertex -1.06789 -2.70172 3
    endloop
  endfacet
  facet normal 0 0 1
    outer loop
      vertex -1.07697 -2.65228 3
      vertex -1.08357 -3.10097 3
      vertex -1.07304 -3.05182 3
    endloop
  endfacet
  facet normal 0 0 1
    outer loop
      vertex -1.08846 -2.60336 3
      vertex -1.08357 -3.10097 3
      vertex -1.07697 -2.65228 3
    endloop
  endfacet
  facet normal 0 0 1
    outer loop
      vertex -1.08846 -2.60336 3
      vertex -1.0965 -3.14954 3
      vertex -1.08357 -3.10097 3
    endloop
  endfacet
  facet normal 0 0 1
    outer loop
      vertex -1.10234 -2.55505 3
      vertex -1.0965 -3.14954 3
      vertex -1.08846 -2.60336 3
    endloop
  endfacet
  facet normal 0 0 1
    outer loop
      vertex -1.10234 -2.55505 3
      vertex -1.1118 -3.19742 3
      vertex -1.0965 -3.14954 3
    endloop
  endfacet
  facet normal 0 0 1
    outer loop
      vertex -1.11858 -2.50749 3
      vertex -1.1118 -3.19742 3
      vertex -1.10234 -2.55505 3
    endloop
  endfacet
  facet normal 0 0 1
    outer loop
      vertex -1.11858 -2.50749 3
      vertex -1.12943 -3.24449 3
      vertex -1.1118 -3.19742 3
    endloop
  endfacet
  facet normal 0 0 1
    outer loop
      vertex -1.13712 -2.46077 3
      vertex -1.12943 -3.24449 3
      vertex -1.11858 -2.50749 3
    endloop
  endfacet
  facet normal 0 0 1
    outer loop
      vertex -1.13712 -2.46077 3
      vertex -1.14934 -3.29063 3
      vertex -1.12943 -3.24449 3
    endloop
  endfacet
  facet normal 0 0 1
    outer loop
      vertex -1.15794 -2.41502 3
      vertex -1.14934 -3.29063 3
      vertex -1.13712 -2.46077 3
    endloop
  endfacet
  facet normal 0 0 1
    outer loop
      vertex -1.15794 -2.41502 3
      vertex -1.17149 -3.33575 3
      vertex -1.14934 -3.29063 3
    endloop
  endfacet
  facet normal 0 0 1
    outer loop
      vertex -1.18098 -2.37035 3
      vertex -1.17149 -3.33575 3
      vertex -1.15794 -2.41502 3
    endloop
  endfacet
  facet normal 0 0 1
    outer loop
      vertex -1.18098 -2.37035 3
      vertex -1.19585 -3.37971 3
      vertex -1.17149 -3.33575 3
    endloop
  endfacet
  facet normal 0 0 1
    outer loop
      vertex -1.20618 -2.32687 3
      vertex -1.19585 -3.37971 3
      vertex -1.18098 -2.37035 3
    endloop
  endfacet
  facet normal 0 0 1
    outer loop
      vertex -1.20618 -2.32687 3
      vertex -1.22232 -3.42245 3
      vertex -1.19585 -3.37971 3
    endloop
  endfacet
  facet normal 0 0 1
    outer loop
      vertex -1.23349 -2.28467 3
      vertex -1.22232 -3.42245 3
      vertex -1.20618 -2.32687 3
    endloop
  endfacet
  facet normal 0 0 1
    outer loop
      vertex -1.23349 -2.28467 3
      vertex -1.25085 -3.46382 3
      vertex -1.22232 -3.42245 3
    endloop
  endfacet
  facet normal 0 0 1
    outer loop
      vertex -1.26283 -2.24387 3
      vertex -1.25085 -3.46382 3
      vertex -1.23349 -2.28467 3
    endloop
  endfacet
  facet normal 0 0 1
    outer loop
      vertex -1.26283 -2.24387 3
      vertex -1.28139 -3.50375 3
      vertex -1.25085 -3.46382 3
    endloop
  endfacet
  facet normal 0 0 1
    outer loop
      vertex -1.29414 -2.20454 3
      vertex -1.28139 -3.50375 3
      vertex -1.26283 -2.24387 3
    endloop
  endfacet
  facet normal 0 0 1
    outer loop
      vertex -1.29414 -2.20454 3
      vertex -1.31384 -3.54213 3
      vertex -1.28139 -3.50375 3
    endloop
  endfacet
  facet normal 0 0 1
    outer loop
      vertex -1.32735 -2.16681 3
      vertex -1.31384 -3.54213 3
      vertex -1.29414 -2.20454 3
    endloop
  endfacet
  facet normal 0 0 1
    outer loop
      vertex -1.32735 -2.16681 3
      vertex -1.34813 -3.57887 3
      vertex -1.31384 -3.54213 3
    endloop
  endfacet
  facet normal 0 0 1
    outer loop
      vertex -1.36235 -2.13075 3
      vertex -1.34813 -3.57887 3
      vertex -1.32735 -2.16681 3
    endloop
  endfacet
  facet normal 0 0 1
    outer loop
      vertex -1.36235 -2.13075 3
      vertex -1.3842 -3.61388 3
      vertex -1.34813 -3.57887 3
    endloop
  endfacet
  facet normal 0 0 1
    outer loop
      vertex -1.39909 -2.09645 3
      vertex -1.3842 -3.61388 3
      vertex -1.36235 -2.13075 3
    endloop
  endfacet
  facet normal 0 0 1
    outer loop
      vertex -1.39909 -2.09645 3
      vertex -1.42194 -3.64708 3
      vertex -1.3842 -3.61388 3
    endloop
  endfacet
  facet normal 0 0 1
    outer loop
      vertex -1.43747 -2.064 3
      vertex -1.42194 -3.64708 3
      vertex -1.39909 -2.09645 3
    endloop
  endfacet
  facet normal 0 0 1
    outer loop
      vertex -1.43747 -2.064 3
      vertex -1.46124 -3.67839 3
      vertex -1.42194 -3.64708 3
    endloop
  endfacet
  facet normal 0 0 1
    outer loop
      vertex -1.4774 -2.03346 3
      vertex -1.46124 -3.67839 3
      vertex -1.43747 -2.064 3
    endloop
  endfacet
  facet normal 0 0 1
    outer loop
      vertex -1.4774 -2.03346 3
      vertex -1.50206 -3.70773 3
      vertex -1.46124 -3.67839 3
    endloop
  endfacet
  facet normal 0 0 1
    outer loop
      vertex -1.51877 -2.00493 3
      vertex -1.50206 -3.70773 3
      vertex -1.4774 -2.03346 3
    endloop
  endfacet
  facet normal 0 0 1
    outer loop
      vertex -1.51877 -2.00493 3
      vertex -1.54425 -3.73505 3
      vertex -1.50206 -3.70773 3
    endloop
  endfacet
  facet normal 0 0 1
    outer loop
      vertex -1.56149 -1.97845 3
      vertex -1.54425 -3.73505 3
      vertex -1.51877 -2.00493 3
    endloop
  endfacet
  facet normal 0 0 1
    outer loop
      vertex -1.56149 -1.97845 3
      vertex -1.58774 -3.76024 3
      vertex -1.54425 -3.73505 3
    endloop
  endfacet
  facet normal 0 0 1
    outer loop
      vertex -1.60547 -1.95412 3
      vertex -1.58774 -3.76024 3
      vertex -1.56149 -1.97845 3
    endloop
  endfacet
  facet normal 0 0 1
    outer loop
      vertex -1.60547 -1.95412 3
      vertex -1.63242 -3.78328 3
      vertex -1.58774 -3.76024 3
    endloop
  endfacet
  facet normal 0 0 1
    outer loop
      vertex -1.65059 -1.93196 3
      vertex -1.63242 -3.78328 3
      vertex -1.60547 -1.95412 3
    endloop
  endfacet
  facet normal 0 0 1
    outer loop
      vertex -1.65059 -1.93196 3
      vertex -1.67816 -3.80409 3
      vertex -1.63242 -3.78328 3
    endloop
  endfacet
  facet normal 0 0 1
    outer loop
      vertex -1.69673 -1.91205 3
      vertex -1.67816 -3.80409 3
      vertex -1.65059 -1.93196 3
    endloop
  endfacet
  facet normal 0 0 1
    outer loop
      vertex -1.69673 -1.91205 3
      vertex -1.72487 -3.82265 3
      vertex -1.67816 -3.80409 3
    endloop
  endfacet
  facet normal 0 0 1
    outer loop
      vertex -1.7438 -1.89441 3
      vertex -1.72487 -3.82265 3
      vertex -1.69673 -1.91205 3
    endloop
  endfacet
  facet normal 0 0 1
    outer loop
      vertex -1.7438 -1.89441 3
      vertex -1.77245 -3.83888 3
      vertex -1.72487 -3.82265 3
    endloop
  endfacet
  facet normal 0 0 1
    outer loop
      vertex -1.79167 -1.87912 3
      vertex -1.77245 -3.83888 3
      vertex -1.7438 -1.89441 3
    endloop
  endfacet
  facet normal 0 0 1
    outer loop
      vertex -1.79167 -1.87912 3
      vertex -1.82074 -3.85277 3
      vertex -1.77245 -3.83888 3
    endloop
  endfacet
  facet normal 0 0 1
    outer loop
      vertex -1.84026 -1.8662 3
      vertex -1.82074 -3.85277 3
      vertex -1.79167 -1.87912 3
    endloop
  endfacet
  facet normal 0 0 1
    outer loop
      vertex -1.84026 -1.8662 3
      vertex -1.86967 -3.86426 3
      vertex -1.82074 -3.85277 3
    endloop
  endfacet
  facet normal 0 0 1
    outer loop
      vertex -1.88939 -1.85565 3
      vertex -1.86967 -3.86426 3
      vertex -1.84026 -1.8662 3
    endloop
  endfacet
  facet normal 0 0 1
    outer loop
      vertex -1.88939 -1.85565 3
      vertex -1.91911 -3.87334 3
      vertex -1.86967 -3.86426 3
    endloop
  endfacet
  facet normal 0 0 1
    outer loop
      vertex -1.939 -1.84755 3
      vertex -1.91911 -3.87334 3
      vertex -1.88939 -1.85565 3
    endloop
  endfacet
  facet normal 0 0 1
    outer loop
      vertex -1.939 -1.84755 3
      vertex -1.96893 -3.87997 3
      vertex -1.91911 -3.87334 3
    endloop
  endfacet
  facet normal 0 0 1
    outer loop
      vertex -1.98894 -1.84189 3
      vertex -1.96893 -3.87997 3
      vertex -1.939 -1.84755 3
    endloop
  endfacet
  facet normal 0 0 1
    outer loop
      vertex -1.98894 -1.84189 3
      vertex -2.01901 -3.88417 3
      vertex -1.96893 -3.87997 3
    endloop
  endfacet
  facet normal 0 0 1
    outer loop
      vertex -2.03909 -1.83868 3
      vertex -2.01901 -3.88417 3
      vertex -1.98894 -1.84189 3
    endloop
  endfacet
  facet normal 0 0 1
    outer loop
      vertex -2.03909 -1.83868 3
      vertex -2.06924 -3.88589 3
      vertex -2.01901 -3.88417 3
    endloop
  endfacet
  facet normal 0 0 1
    outer loop
      vertex -2.08936 -1.83794 3
      vertex -2.06924 -3.88589 3
      vertex -2.03909 -1.83868 3
    endloop
  endfacet
  facet normal 0 0 1
    outer loop
      vertex -2.08936 -1.83794 3
      vertex -2.11951 -3.88515 3
      vertex -2.06924 -3.88589 3
    endloop
  endfacet
  facet normal -0 0 1
    outer loop
      vertex -2.13959 -1.83968 3
      vertex -2.11951 -3.88515 3
      vertex -2.08936 -1.83794 3
    endloop
  endfacet
  facet normal 0 0 1
    outer loop
      vertex -2.13959 -1.83968 3
      vertex -2.16966 -3.88194 3
      vertex -2.11951 -3.88515 3
    endloop
  endfacet
  facet normal -0 0 1
    outer loop
      vertex -2.18968 -1.84386 3
      vertex -2.16966 -3.88194 3
      vertex -2.13959 -1.83968 3
    endloop
  endfacet
  facet normal 0 0 1
    outer loop
      vertex -2.18968 -1.84386 3
      vertex -2.2196 -3.87628 3
      vertex -2.16966 -3.88194 3
    endloop
  endfacet
  facet normal -0 0 1
    outer loop
      vertex -2.2395 -1.85049 3
      vertex -2.2196 -3.87628 3
      vertex -2.18968 -1.84386 3
    endloop
  endfacet
  facet normal 0 0 1
    outer loop
      vertex -2.2395 -1.85049 3
      vertex -2.26921 -3.86818 3
      vertex -2.2196 -3.87628 3
    endloop
  endfacet
  facet normal -0 0 1
    outer loop
      vertex -2.28893 -1.85957 3
      vertex -2.26921 -3.86818 3
      vertex -2.2395 -1.85049 3
    endloop
  endfacet
  facet normal 0 0 1
    outer loop
      vertex -2.28893 -1.85957 3
      vertex -2.31836 -3.85765 3
      vertex -2.26921 -3.86818 3
    endloop
  endfacet
  facet normal -0 0 1
    outer loop
      vertex -2.33786 -1.87108 3
      vertex -2.31836 -3.85765 3
      vertex -2.28893 -1.85957 3
    endloop
  endfacet
  facet normal 0 0 1
    outer loop
      vertex -2.33786 -1.87108 3
      vertex -2.36693 -3.84471 3
      vertex -2.31836 -3.85765 3
    endloop
  endfacet
  facet normal -0 0 1
    outer loop
      vertex -2.38617 -1.88495 3
      vertex -2.36693 -3.84471 3
      vertex -2.33786 -1.87108 3
    endloop
  endfacet
  facet normal 0 0 1
    outer loop
      vertex -2.38617 -1.88495 3
      vertex -2.41481 -3.82942 3
      vertex -2.36693 -3.84471 3
    endloop
  endfacet
  facet normal -0 0 1
    outer loop
      vertex -2.43373 -1.90118 3
      vertex -2.41481 -3.82942 3
      vertex -2.38617 -1.88495 3
    endloop
  endfacet
  facet normal 0 0 1
    outer loop
      vertex -2.43373 -1.90118 3
      vertex -2.46187 -3.8118 3
      vertex -2.41481 -3.82942 3
    endloop
  endfacet
  facet normal -0 0 1
    outer loop
      vertex -2.48045 -1.91974 3
      vertex -2.46187 -3.8118 3
      vertex -2.43373 -1.90118 3
    endloop
  endfacet
  facet normal 0 0 1
    outer loop
      vertex -2.48045 -1.91974 3
      vertex -2.50803 -3.79187 3
      vertex -2.46187 -3.8118 3
    endloop
  endfacet
  facet normal -0 0 1
    outer loop
      vertex -2.5262 -1.94055 3
      vertex -2.50803 -3.79187 3
      vertex -2.48045 -1.91974 3
    endloop
  endfacet
  facet normal 0 0 1
    outer loop
      vertex -2.5262 -1.94055 3
      vertex -2.55313 -3.76971 3
      vertex -2.50803 -3.79187 3
    endloop
  endfacet
  facet normal -0 0 1
    outer loop
      vertex -2.57086 -1.96359 3
      vertex -2.55313 -3.76971 3
      vertex -2.5262 -1.94055 3
    endloop
  endfacet
  facet normal 0 0 1
    outer loop
      vertex -2.57086 -1.96359 3
      vertex -2.59711 -3.74538 3
      vertex -2.55313 -3.76971 3
    endloop
  endfacet
  facet normal -0 0 1
    outer loop
      vertex -2.61435 -1.9888 3
      vertex -2.59711 -3.74538 3
      vertex -2.57086 -1.96359 3
    endloop
  endfacet
  facet normal 0 0 1
    outer loop
      vertex -2.61435 -1.9888 3
      vertex -2.63983 -3.7189 3
      vertex -2.59711 -3.74538 3
    endloop
  endfacet
  facet normal -0 0 1
    outer loop
      vertex -2.65656 -2.0161 3
      vertex -2.63983 -3.7189 3
      vertex -2.61435 -1.9888 3
    endloop
  endfacet
  facet normal 0 0 1
    outer loop
      vertex -2.65656 -2.0161 3
      vertex -2.68121 -3.69037 3
      vertex -2.63983 -3.7189 3
    endloop
  endfacet
  facet normal -0 0 1
    outer loop
      vertex -2.69736 -2.04544 3
      vertex -2.68121 -3.69037 3
      vertex -2.65656 -2.0161 3
    endloop
  endfacet
  facet normal 0 0 1
    outer loop
      vertex -2.69736 -2.04544 3
      vertex -2.72113 -3.65984 3
      vertex -2.68121 -3.69037 3
    endloop
  endfacet
  facet normal -0 0 1
    outer loop
      vertex -2.73668 -2.07675 3
      vertex -2.72113 -3.65984 3
      vertex -2.69736 -2.04544 3
    endloop
  endfacet
  facet normal 0 0 1
    outer loop
      vertex -2.73668 -2.07675 3
      vertex -2.75951 -3.62738 3
      vertex -2.72113 -3.65984 3
    endloop
  endfacet
  facet normal -0 0 1
    outer loop
      vertex -2.77441 -2.10995 3
      vertex -2.75951 -3.62738 3
      vertex -2.73668 -2.07675 3
    endloop
  endfacet
  facet normal 0 0 1
    outer loop
      vertex -2.77441 -2.10995 3
      vertex -2.79625 -3.59308 3
      vertex -2.75951 -3.62738 3
    endloop
  endfacet
  facet normal -0 0 1
    outer loop
      vertex -2.81047 -2.14497 3
      vertex -2.79625 -3.59308 3
      vertex -2.77441 -2.10995 3
    endloop
  endfacet
  facet normal 0 0 1
    outer loop
      vertex -2.81047 -2.14497 3
      vertex -2.83127 -3.55702 3
      vertex -2.79625 -3.59308 3
    endloop
  endfacet
  facet normal -0 0 1
    outer loop
      vertex -2.84477 -2.1817 3
      vertex -2.83127 -3.55702 3
      vertex -2.81047 -2.14497 3
    endloop
  endfacet
  facet normal 0 0 1
    outer loop
      vertex -2.84477 -2.1817 3
      vertex -2.86447 -3.51929 3
      vertex -2.83127 -3.55702 3
    endloop
  endfacet
  facet normal -0 0 1
    outer loop
      vertex -2.87723 -2.22009 3
      vertex -2.86447 -3.51929 3
      vertex -2.84477 -2.1817 3
    endloop
  endfacet
  facet normal 0 0 1
    outer loop
      vertex -2.87723 -2.22009 3
      vertex -2.89578 -3.47997 3
      vertex -2.86447 -3.51929 3
    endloop
  endfacet
  facet normal -0 0 1
    outer loop
      vertex -2.90776 -2.26001 3
      vertex -2.89578 -3.47997 3
      vertex -2.87723 -2.22009 3
    endloop
  endfacet
  facet normal 0 0 1
    outer loop
      vertex -2.90776 -2.26001 3
      vertex -2.92513 -3.43916 3
      vertex -2.89578 -3.47997 3
    endloop
  endfacet
  facet normal -0 0 1
    outer loop
      vertex -2.93629 -2.30139 3
      vertex -2.92513 -3.43916 3
      vertex -2.90776 -2.26001 3
    endloop
  endfacet
  facet normal 0 0 1
    outer loop
      vertex -2.93629 -2.30139 3
      vertex -2.95242 -3.39697 3
      vertex -2.92513 -3.43916 3
    endloop
  endfacet
  facet normal -0 0 1
    outer loop
      vertex -2.96277 -2.34412 3
      vertex -2.95242 -3.39697 3
      vertex -2.93629 -2.30139 3
    endloop
  endfacet
  facet normal 0 0 1
    outer loop
      vertex -2.96277 -2.34412 3
      vertex -2.97763 -3.35349 3
      vertex -2.95242 -3.39697 3
    endloop
  endfacet
  facet normal -0 0 1
    outer loop
      vertex -2.98711 -2.38809 3
      vertex -2.97763 -3.35349 3
      vertex -2.96277 -2.34412 3
    endloop
  endfacet
  facet normal 0 0 1
    outer loop
      vertex -2.98711 -2.38809 3
      vertex -3.00067 -3.30881 3
      vertex -2.97763 -3.35349 3
    endloop
  endfacet
  facet normal -0 0 1
    outer loop
      vertex -3.00926 -2.4332 3
      vertex -3.00067 -3.30881 3
      vertex -2.98711 -2.38809 3
    endloop
  endfacet
  facet normal 0 0 1
    outer loop
      vertex -3.00926 -2.4332 3
      vertex -3.02148 -3.26306 3
      vertex -3.00067 -3.30881 3
    endloop
  endfacet
  facet normal -0 0 1
    outer loop
      vertex -3.02917 -2.47935 3
      vertex -3.02148 -3.26306 3
      vertex -3.00926 -2.4332 3
    endloop
  endfacet
  facet normal 0 0 1
    outer loop
      vertex -3.02917 -2.47935 3
      vertex -3.04004 -3.21635 3
      vertex -3.02148 -3.26306 3
    endloop
  endfacet
  facet normal -0 0 1
    outer loop
      vertex -3.0468 -2.52641 3
      vertex -3.04004 -3.21635 3
      vertex -3.02917 -2.47935 3
    endloop
  endfacet
  facet normal 0 0 1
    outer loop
      vertex -3.0468 -2.52641 3
      vertex -3.05626 -3.16878 3
      vertex -3.04004 -3.21635 3
    endloop
  endfacet
  facet normal -0 0 1
    outer loop
      vertex -3.0621 -2.5743 3
      vertex -3.05626 -3.16878 3
      vertex -3.0468 -2.52641 3
    endloop
  endfacet
  facet normal 0 0 1
    outer loop
      vertex -3.0621 -2.5743 3
      vertex -3.07014 -3.12047 3
      vertex -3.05626 -3.16878 3
    endloop
  endfacet
  facet normal -0 0 1
    outer loop
      vertex -3.07503 -2.62286 3
      vertex -3.07014 -3.12047 3
      vertex -3.0621 -2.5743 3
    endloop
  endfacet
  facet normal 0 0 1
    outer loop
      vertex -3.07503 -2.62286 3
      vertex -3.08163 -3.07155 3
      vertex -3.07014 -3.12047 3
    endloop
  endfacet
  facet normal -0 0 1
    outer loop
      vertex -3.08556 -2.67201 3
      vertex -3.08163 -3.07155 3
      vertex -3.07503 -2.62286 3
    endloop
  endfacet
  facet normal 0 0 1
    outer loop
      vertex -3.08556 -2.67201 3
      vertex -3.09071 -3.02211 3
      vertex -3.08163 -3.07155 3
    endloop
  endfacet
  facet normal -0 0 1
    outer loop
      vertex -3.09367 -2.72162 3
      vertex -3.09071 -3.02211 3
      vertex -3.08556 -2.67201 3
    endloop
  endfacet
  facet normal 0 0 1
    outer loop
      vertex -3.09367 -2.72162 3
      vertex -3.09737 -2.97229 3
      vertex -3.09071 -3.02211 3
    endloop
  endfacet
  facet normal -0 0 1
    outer loop
      vertex -3.09933 -2.77156 3
      vertex -3.09737 -2.97229 3
      vertex -3.09367 -2.72162 3
    endloop
  endfacet
  facet normal 0 0 1
    outer loop
      vertex -3.09933 -2.77156 3
      vertex -3.10155 -2.9222 3
      vertex -3.09737 -2.97229 3
    endloop
  endfacet
  facet normal -0 0 1
    outer loop
      vertex -3.10254 -2.82172 3
      vertex -3.10155 -2.9222 3
      vertex -3.09933 -2.77156 3
    endloop
  endfacet
  facet normal 0 0 1
    outer loop
      vertex -3.10155 -2.9222 3
      vertex -3.10254 -2.82172 3
      vertex -3.10327 -2.87196 3
    endloop
  endfacet
  facet normal 0 0 1
    outer loop
      vertex 3.10254 -2.82172 3
      vertex 3.10155 -2.9222 3
      vertex 3.10327 -2.87196 3
    endloop
  endfacet
  facet normal 0 0 1
    outer loop
      vertex 3.09933 -2.77156 3
      vertex 3.10155 -2.9222 3
      vertex 3.10254 -2.82172 3
    endloop
  endfacet
  facet normal 0 0 1
    outer loop
      vertex 3.09933 -2.77156 3
      vertex 3.09737 -2.97229 3
      vertex 3.10155 -2.9222 3
    endloop
  endfacet
  facet normal 0 0 1
    outer loop
      vertex 3.09367 -2.72162 3
      vertex 3.09737 -2.97229 3
      vertex 3.09933 -2.77156 3
    endloop
  endfacet
  facet normal 0 0 1
    outer loop
      vertex 3.09367 -2.72162 3
      vertex 3.09071 -3.02211 3
      vertex 3.09737 -2.97229 3
    endloop
  endfacet
  facet normal 0 0 1
    outer loop
      vertex 3.08556 -2.67201 3
      vertex 3.09071 -3.02211 3
      vertex 3.09367 -2.72162 3
    endloop
  endfacet
  facet normal 0 0 1
    outer loop
      vertex 3.08556 -2.67201 3
      vertex 3.08163 -3.07155 3
      vertex 3.09071 -3.02211 3
    endloop
  endfacet
  facet normal 0 0 1
    outer loop
      vertex 3.07503 -2.62286 3
      vertex 3.08163 -3.07155 3
      vertex 3.08556 -2.67201 3
    endloop
  endfacet
  facet normal 0 0 1
    outer loop
      vertex 3.07503 -2.62286 3
      vertex 3.07014 -3.12047 3
      vertex 3.08163 -3.07155 3
    endloop
  endfacet
  facet normal 0 0 1
    outer loop
      vertex 3.0621 -2.5743 3
      vertex 3.07014 -3.12047 3
      vertex 3.07503 -2.62286 3
    endloop
  endfacet
  facet normal 0 0 1
    outer loop
      vertex 3.0621 -2.5743 3
      vertex 3.05626 -3.16878 3
      vertex 3.07014 -3.12047 3
    endloop
  endfacet
  facet normal 0 0 1
    outer loop
      vertex 3.0468 -2.52641 3
      vertex 3.05626 -3.16878 3
      vertex 3.0621 -2.5743 3
    endloop
  endfacet
  facet normal 0 0 1
    outer loop
      vertex 3.0468 -2.52641 3
      vertex 3.04004 -3.21635 3
      vertex 3.05626 -3.16878 3
    endloop
  endfacet
  facet normal 0 0 1
    outer loop
      vertex 3.02917 -2.47935 3
      vertex 3.04004 -3.21635 3
      vertex 3.0468 -2.52641 3
    endloop
  endfacet
  facet normal 0 0 1
    outer loop
      vertex 3.02917 -2.47935 3
      vertex 3.02148 -3.26306 3
      vertex 3.04004 -3.21635 3
    endloop
  endfacet
  facet normal 0 0 1
    outer loop
      vertex 3.00926 -2.4332 3
      vertex 3.02148 -3.26306 3
      vertex 3.02917 -2.47935 3
    endloop
  endfacet
  facet normal 0 0 1
    outer loop
      vertex 3.00926 -2.4332 3
      vertex 3.00067 -3.30881 3
      vertex 3.02148 -3.26306 3
    endloop
  endfacet
  facet normal 0 0 1
    outer loop
      vertex 2.98711 -2.38809 3
      vertex 3.00067 -3.30881 3
      vertex 3.00926 -2.4332 3
    endloop
  endfacet
  facet normal 0 0 1
    outer loop
      vertex 2.98711 -2.38809 3
      vertex 2.97763 -3.35349 3
      vertex 3.00067 -3.30881 3
    endloop
  endfacet
  facet normal 0 0 1
    outer loop
      vertex 2.96277 -2.34412 3
      vertex 2.97763 -3.35349 3
      vertex 2.98711 -2.38809 3
    endloop
  endfacet
  facet normal 0 0 1
    outer loop
      vertex 2.96277 -2.34412 3
      vertex 2.95242 -3.39697 3
      vertex 2.97763 -3.35349 3
    endloop
  endfacet
  facet normal 0 0 1
    outer loop
      vertex 2.93629 -2.30139 3
      vertex 2.95242 -3.39697 3
      vertex 2.96277 -2.34412 3
    endloop
  endfacet
  facet normal 0 0 1
    outer loop
      vertex 2.93629 -2.30139 3
      vertex 2.92513 -3.43916 3
      vertex 2.95242 -3.39697 3
    endloop
  endfacet
  facet normal 0 0 1
    outer loop
      vertex 2.90776 -2.26001 3
      vertex 2.92513 -3.43916 3
      vertex 2.93629 -2.30139 3
    endloop
  endfacet
  facet normal 0 0 1
    outer loop
      vertex 2.90776 -2.26001 3
      vertex 2.89578 -3.47997 3
      vertex 2.92513 -3.43916 3
    endloop
  endfacet
  facet normal 0 0 1
    outer loop
      vertex 2.87723 -2.22009 3
      vertex 2.89578 -3.47997 3
      vertex 2.90776 -2.26001 3
    endloop
  endfacet
  facet normal 0 0 1
    outer loop
      vertex 2.87723 -2.22009 3
      vertex 2.86447 -3.51929 3
      vertex 2.89578 -3.47997 3
    endloop
  endfacet
  facet normal 0 0 1
    outer loop
      vertex 2.84477 -2.1817 3
      vertex 2.86447 -3.51929 3
      vertex 2.87723 -2.22009 3
    endloop
  endfacet
  facet normal 0 0 1
    outer loop
      vertex 2.84477 -2.1817 3
      vertex 2.83127 -3.55702 3
      vertex 2.86447 -3.51929 3
    endloop
  endfacet
  facet normal 0 0 1
    outer loop
      vertex 2.81047 -2.14497 3
      vertex 2.83127 -3.55702 3
      vertex 2.84477 -2.1817 3
    endloop
  endfacet
  facet normal 0 0 1
    outer loop
      vertex 2.81047 -2.14497 3
      vertex 2.79625 -3.59308 3
      vertex 2.83127 -3.55702 3
    endloop
  endfacet
  facet normal 0 0 1
    outer loop
      vertex 2.77441 -2.10995 3
      vertex 2.79625 -3.59308 3
      vertex 2.81047 -2.14497 3
    endloop
  endfacet
  facet normal 0 0 1
    outer loop
      vertex 2.77441 -2.10995 3
      vertex 2.75951 -3.62738 3
      vertex 2.79625 -3.59308 3
    endloop
  endfacet
  facet normal 0 0 1
    outer loop
      vertex 2.73668 -2.07675 3
      vertex 2.75951 -3.62738 3
      vertex 2.77441 -2.10995 3
    endloop
  endfacet
  facet normal 0 0 1
    outer loop
      vertex 2.73668 -2.07675 3
      vertex 2.72113 -3.65984 3
      vertex 2.75951 -3.62738 3
    endloop
  endfacet
  facet normal 0 0 1
    outer loop
      vertex 2.69736 -2.04544 3
      vertex 2.72113 -3.65984 3
      vertex 2.73668 -2.07675 3
    endloop
  endfacet
  facet normal 0 0 1
    outer loop
      vertex 2.69736 -2.04544 3
      vertex 2.68121 -3.69037 3
      vertex 2.72113 -3.65984 3
    endloop
  endfacet
  facet normal 0 0 1
    outer loop
      vertex 2.65656 -2.0161 3
      vertex 2.68121 -3.69037 3
      vertex 2.69736 -2.04544 3
    endloop
  endfacet
  facet normal 0 0 1
    outer loop
      vertex 2.65656 -2.0161 3
      vertex 2.63983 -3.7189 3
      vertex 2.68121 -3.69037 3
    endloop
  endfacet
  facet normal 0 0 1
    outer loop
      vertex 2.61435 -1.9888 3
      vertex 2.63983 -3.7189 3
      vertex 2.65656 -2.0161 3
    endloop
  endfacet
  facet normal 0 0 1
    outer loop
      vertex 2.61435 -1.9888 3
      vertex 2.59711 -3.74538 3
      vertex 2.63983 -3.7189 3
    endloop
  endfacet
  facet normal 0 0 1
    outer loop
      vertex 2.57086 -1.96359 3
      vertex 2.59711 -3.74538 3
      vertex 2.61435 -1.9888 3
    endloop
  endfacet
  facet normal 0 0 1
    outer loop
      vertex 2.57086 -1.96359 3
      vertex 2.55313 -3.76971 3
      vertex 2.59711 -3.74538 3
    endloop
  endfacet
  facet normal 0 0 1
    outer loop
      vertex 2.5262 -1.94055 3
      vertex 2.55313 -3.76971 3
      vertex 2.57086 -1.96359 3
    endloop
  endfacet
  facet normal 0 0 1
    outer loop
      vertex 2.5262 -1.94055 3
      vertex 2.50803 -3.79187 3
      vertex 2.55313 -3.76971 3
    endloop
  endfacet
  facet normal 0 0 1
    outer loop
      vertex 2.48045 -1.91974 3
      vertex 2.50803 -3.79187 3
      vertex 2.5262 -1.94055 3
    endloop
  endfacet
  facet normal 0 0 1
    outer loop
      vertex 2.48045 -1.91974 3
      vertex 2.46187 -3.8118 3
      vertex 2.50803 -3.79187 3
    endloop
  endfacet
  facet normal 0 0 1
    outer loop
      vertex 2.43373 -1.90118 3
      vertex 2.46187 -3.8118 3
      vertex 2.48045 -1.91974 3
    endloop
  endfacet
  facet normal 0 0 1
    outer loop
      vertex 2.43373 -1.90118 3
      vertex 2.41481 -3.82942 3
      vertex 2.46187 -3.8118 3
    endloop
  endfacet
  facet normal 0 0 1
    outer loop
      vertex 2.38617 -1.88495 3
      vertex 2.41481 -3.82942 3
      vertex 2.43373 -1.90118 3
    endloop
  endfacet
  facet normal 0 0 1
    outer loop
      vertex 2.38617 -1.88495 3
      vertex 2.36693 -3.84471 3
      vertex 2.41481 -3.82942 3
    endloop
  endfacet
  facet normal 0 0 1
    outer loop
      vertex 2.33786 -1.87108 3
      vertex 2.36693 -3.84471 3
      vertex 2.38617 -1.88495 3
    endloop
  endfacet
  facet normal 0 0 1
    outer loop
      vertex 2.33786 -1.87108 3
      vertex 2.31836 -3.85765 3
      vertex 2.36693 -3.84471 3
    endloop
  endfacet
  facet normal 0 0 1
    outer loop
      vertex 2.28893 -1.85957 3
      vertex 2.31836 -3.85765 3
      vertex 2.33786 -1.87108 3
    endloop
  endfacet
  facet normal 0 0 1
    outer loop
      vertex 2.28893 -1.85957 3
      vertex 2.26921 -3.86818 3
      vertex 2.31836 -3.85765 3
    endloop
  endfacet
  facet normal 0 0 1
    outer loop
      vertex 2.2395 -1.85049 3
      vertex 2.26921 -3.86818 3
      vertex 2.28893 -1.85957 3
    endloop
  endfacet
  facet normal 0 0 1
    outer loop
      vertex 2.2395 -1.85049 3
      vertex 2.2196 -3.87628 3
      vertex 2.26921 -3.86818 3
    endloop
  endfacet
  facet normal 0 0 1
    outer loop
      vertex 2.18968 -1.84386 3
      vertex 2.2196 -3.87628 3
      vertex 2.2395 -1.85049 3
    endloop
  endfacet
  facet normal 0 0 1
    outer loop
      vertex 2.18968 -1.84386 3
      vertex 2.16966 -3.88194 3
      vertex 2.2196 -3.87628 3
    endloop
  endfacet
  facet normal 0 0 1
    outer loop
      vertex 2.13959 -1.83968 3
      vertex 2.16966 -3.88194 3
      vertex 2.18968 -1.84386 3
    endloop
  endfacet
  facet normal 0 0 1
    outer loop
      vertex 2.13959 -1.83968 3
      vertex 2.11951 -3.88515 3
      vertex 2.16966 -3.88194 3
    endloop
  endfacet
  facet normal 0 0 1
    outer loop
      vertex 2.08936 -1.83794 3
      vertex 2.11951 -3.88515 3
      vertex 2.13959 -1.83968 3
    endloop
  endfacet
  facet normal 0 0 1
    outer loop
      vertex 2.08936 -1.83794 3
      vertex 2.06924 -3.88589 3
      vertex 2.11951 -3.88515 3
    endloop
  endfacet
  facet normal -0 0 1
    outer loop
      vertex 2.03909 -1.83868 3
      vertex 2.06924 -3.88589 3
      vertex 2.08936 -1.83794 3
    endloop
  endfacet
  facet normal 0 0 1
    outer loop
      vertex 2.03909 -1.83868 3
      vertex 2.01901 -3.88417 3
      vertex 2.06924 -3.88589 3
    endloop
  endfacet
  facet normal -0 0 1
    outer loop
      vertex 1.98894 -1.84189 3
      vertex 2.01901 -3.88417 3
      vertex 2.03909 -1.83868 3
    endloop
  endfacet
  facet normal 0 0 1
    outer loop
      vertex 1.98894 -1.84189 3
      vertex 1.96893 -3.87997 3
      vertex 2.01901 -3.88417 3
    endloop
  endfacet
  facet normal -0 0 1
    outer loop
      vertex 1.939 -1.84755 3
      vertex 1.96893 -3.87997 3
      vertex 1.98894 -1.84189 3
    endloop
  endfacet
  facet normal 0 0 1
    outer loop
      vertex 1.939 -1.84755 3
      vertex 1.91911 -3.87334 3
      vertex 1.96893 -3.87997 3
    endloop
  endfacet
  facet normal -0 0 1
    outer loop
      vertex 1.88939 -1.85565 3
      vertex 1.91911 -3.87334 3
      vertex 1.939 -1.84755 3
    endloop
  endfacet
  facet normal 0 0 1
    outer loop
      vertex 1.88939 -1.85565 3
      vertex 1.86967 -3.86426 3
      vertex 1.91911 -3.87334 3
    endloop
  endfacet
  facet normal -0 0 1
    outer loop
      vertex 1.84026 -1.8662 3
      vertex 1.86967 -3.86426 3
      vertex 1.88939 -1.85565 3
    endloop
  endfacet
  facet normal 0 0 1
    outer loop
      vertex 1.84026 -1.8662 3
      vertex 1.82074 -3.85277 3
      vertex 1.86967 -3.86426 3
    endloop
  endfacet
  facet normal -0 0 1
    outer loop
      vertex 1.79167 -1.87912 3
      vertex 1.82074 -3.85277 3
      vertex 1.84026 -1.8662 3
    endloop
  endfacet
  facet normal 0 0 1
    outer loop
      vertex 1.79167 -1.87912 3
      vertex 1.77245 -3.83888 3
      vertex 1.82074 -3.85277 3
    endloop
  endfacet
  facet normal -0 0 1
    outer loop
      vertex 1.7438 -1.89441 3
      vertex 1.77245 -3.83888 3
      vertex 1.79167 -1.87912 3
    endloop
  endfacet
  facet normal 0 0 1
    outer loop
      vertex 1.7438 -1.89441 3
      vertex 1.72487 -3.82265 3
      vertex 1.77245 -3.83888 3
    endloop
  endfacet
  facet normal -0 0 1
    outer loop
      vertex 1.69673 -1.91205 3
      vertex 1.72487 -3.82265 3
      vertex 1.7438 -1.89441 3
    endloop
  endfacet
  facet normal 0 0 1
    outer loop
      vertex 1.69673 -1.91205 3
      vertex 1.67816 -3.80409 3
      vertex 1.72487 -3.82265 3
    endloop
  endfacet
  facet normal -0 0 1
    outer loop
      vertex 1.65059 -1.93196 3
      vertex 1.67816 -3.80409 3
      vertex 1.69673 -1.91205 3
    endloop
  endfacet
  facet normal 0 0 1
    outer loop
      vertex 1.65059 -1.93196 3
      vertex 1.63242 -3.78328 3
      vertex 1.67816 -3.80409 3
    endloop
  endfacet
  facet normal -0 0 1
    outer loop
      vertex 1.60547 -1.95412 3
      vertex 1.63242 -3.78328 3
      vertex 1.65059 -1.93196 3
    endloop
  endfacet
  facet normal 0 0 1
    outer loop
      vertex 1.60547 -1.95412 3
      vertex 1.58774 -3.76024 3
      vertex 1.63242 -3.78328 3
    endloop
  endfacet
  facet normal -0 0 1
    outer loop
      vertex 1.56149 -1.97845 3
      vertex 1.58774 -3.76024 3
      vertex 1.60547 -1.95412 3
    endloop
  endfacet
  facet normal 0 0 1
    outer loop
      vertex 1.56149 -1.97845 3
      vertex 1.54425 -3.73505 3
      vertex 1.58774 -3.76024 3
    endloop
  endfacet
  facet normal -0 0 1
    outer loop
      vertex 1.51877 -2.00493 3
      vertex 1.54425 -3.73505 3
      vertex 1.56149 -1.97845 3
    endloop
  endfacet
  facet normal 0 0 1
    outer loop
      vertex 1.51877 -2.00493 3
      vertex 1.50206 -3.70773 3
      vertex 1.54425 -3.73505 3
    endloop
  endfacet
  facet normal -0 0 1
    outer loop
      vertex 1.4774 -2.03346 3
      vertex 1.50206 -3.70773 3
      vertex 1.51877 -2.00493 3
    endloop
  endfacet
  facet normal 0 0 1
    outer loop
      vertex 1.4774 -2.03346 3
      vertex 1.46124 -3.67839 3
      vertex 1.50206 -3.70773 3
    endloop
  endfacet
  facet normal -0 0 1
    outer loop
      vertex 1.43747 -2.064 3
      vertex 1.46124 -3.67839 3
      vertex 1.4774 -2.03346 3
    endloop
  endfacet
  facet normal 0 0 1
    outer loop
      vertex 1.43747 -2.064 3
      vertex 1.42194 -3.64708 3
      vertex 1.46124 -3.67839 3
    endloop
  endfacet
  facet normal -0 0 1
    outer loop
      vertex 1.39909 -2.09645 3
      vertex 1.42194 -3.64708 3
      vertex 1.43747 -2.064 3
    endloop
  endfacet
  facet normal 0 0 1
    outer loop
      vertex 1.39909 -2.09645 3
      vertex 1.3842 -3.61388 3
      vertex 1.42194 -3.64708 3
    endloop
  endfacet
  facet normal -0 0 1
    outer loop
      vertex 1.36235 -2.13075 3
      vertex 1.3842 -3.61388 3
      vertex 1.39909 -2.09645 3
    endloop
  endfacet
  facet normal 0 0 1
    outer loop
      vertex 1.36235 -2.13075 3
      vertex 1.34813 -3.57887 3
      vertex 1.3842 -3.61388 3
    endloop
  endfacet
  facet normal -0 0 1
    outer loop
      vertex 1.32735 -2.16681 3
      vertex 1.34813 -3.57887 3
      vertex 1.36235 -2.13075 3
    endloop
  endfacet
  facet normal 0 0 1
    outer loop
      vertex 1.32735 -2.16681 3
      vertex 1.31384 -3.54213 3
      vertex 1.34813 -3.57887 3
    endloop
  endfacet
  facet normal -0 0 1
    outer loop
      vertex 1.29414 -2.20454 3
      vertex 1.31384 -3.54213 3
      vertex 1.32735 -2.16681 3
    endloop
  endfacet
  facet normal 0 0 1
    outer loop
      vertex 1.29414 -2.20454 3
      vertex 1.28139 -3.50375 3
      vertex 1.31384 -3.54213 3
    endloop
  endfacet
  facet normal -0 0 1
    outer loop
      vertex 1.26283 -2.24387 3
      vertex 1.28139 -3.50375 3
      vertex 1.29414 -2.20454 3
    endloop
  endfacet
  facet normal 0 0 1
    outer loop
      vertex 1.26283 -2.24387 3
      vertex 1.25085 -3.46382 3
      vertex 1.28139 -3.50375 3
    endloop
  endfacet
  facet normal -0 0 1
    outer loop
      vertex 1.23349 -2.28467 3
      vertex 1.25085 -3.46382 3
      vertex 1.26283 -2.24387 3
    endloop
  endfacet
  facet normal 0 0 1
    outer loop
      vertex 1.23349 -2.28467 3
      vertex 1.22232 -3.42245 3
      vertex 1.25085 -3.46382 3
    endloop
  endfacet
  facet normal -0 0 1
    outer loop
      vertex 1.20618 -2.32687 3
      vertex 1.22232 -3.42245 3
      vertex 1.23349 -2.28467 3
    endloop
  endfacet
  facet normal 0 0 1
    outer loop
      vertex 1.20618 -2.32687 3
      vertex 1.19585 -3.37971 3
      vertex 1.22232 -3.42245 3
    endloop
  endfacet
  facet normal -0 0 1
    outer loop
      vertex 1.18098 -2.37035 3
      vertex 1.19585 -3.37971 3
      vertex 1.20618 -2.32687 3
    endloop
  endfacet
  facet normal 0 0 1
    outer loop
      vertex 1.18098 -2.37035 3
      vertex 1.17149 -3.33575 3
      vertex 1.19585 -3.37971 3
    endloop
  endfacet
  facet normal -0 0 1
    outer loop
      vertex 1.15794 -2.41502 3
      vertex 1.17149 -3.33575 3
      vertex 1.18098 -2.37035 3
    endloop
  endfacet
  facet normal 0 0 1
    outer loop
      vertex 1.15794 -2.41502 3
      vertex 1.14934 -3.29063 3
      vertex 1.17149 -3.33575 3
    endloop
  endfacet
  facet normal -0 0 1
    outer loop
      vertex 1.13712 -2.46077 3
      vertex 1.14934 -3.29063 3
      vertex 1.15794 -2.41502 3
    endloop
  endfacet
  facet normal 0 0 1
    outer loop
      vertex 1.13712 -2.46077 3
      vertex 1.12943 -3.24449 3
      vertex 1.14934 -3.29063 3
    endloop
  endfacet
  facet normal -0 0 1
    outer loop
      vertex 1.11858 -2.50749 3
      vertex 1.12943 -3.24449 3
      vertex 1.13712 -2.46077 3
    endloop
  endfacet
  facet normal 0 0 1
    outer loop
      vertex 1.11858 -2.50749 3
      vertex 1.1118 -3.19742 3
      vertex 1.12943 -3.24449 3
    endloop
  endfacet
  facet normal -0 0 1
    outer loop
      vertex 1.10234 -2.55505 3
      vertex 1.1118 -3.19742 3
      vertex 1.11858 -2.50749 3
    endloop
  endfacet
  facet normal 0 0 1
    outer loop
      vertex 1.10234 -2.55505 3
      vertex 1.0965 -3.14954 3
      vertex 1.1118 -3.19742 3
    endloop
  endfacet
  facet normal -0 0 1
    outer loop
      vertex 1.08846 -2.60336 3
      vertex 1.0965 -3.14954 3
      vertex 1.10234 -2.55505 3
    endloop
  endfacet
  facet normal 0 0 1
    outer loop
      vertex 1.08846 -2.60336 3
      vertex 1.08357 -3.10097 3
      vertex 1.0965 -3.14954 3
    endloop
  endfacet
  facet normal -0 0 1
    outer loop
      vertex 1.07697 -2.65228 3
      vertex 1.08357 -3.10097 3
      vertex 1.08846 -2.60336 3
    endloop
  endfacet
  facet normal 0 0 1
    outer loop
      vertex 1.07697 -2.65228 3
      vertex 1.07304 -3.05182 3
      vertex 1.08357 -3.10097 3
    endloop
  endfacet
  facet normal -0 0 1
    outer loop
      vertex 1.06789 -2.70172 3
      vertex 1.07304 -3.05182 3
      vertex 1.07697 -2.65228 3
    endloop
  endfacet
  facet normal 0 0 1
    outer loop
      vertex 1.06789 -2.70172 3
      vertex 1.06494 -3.00223 3
      vertex 1.07304 -3.05182 3
    endloop
  endfacet
  facet normal -0 0 1
    outer loop
      vertex 1.06125 -2.75154 3
      vertex 1.06494 -3.00223 3
      vertex 1.06789 -2.70172 3
    endloop
  endfacet
  facet normal 0 0 1
    outer loop
      vertex 1.06125 -2.75154 3
      vertex 1.05928 -2.95229 3
      vertex 1.06494 -3.00223 3
    endloop
  endfacet
  facet normal -0 0 1
    outer loop
      vertex 1.05705 -2.80164 3
      vertex 1.05928 -2.95229 3
      vertex 1.06125 -2.75154 3
    endloop
  endfacet
  facet normal 0 0 1
    outer loop
      vertex 1.05705 -2.80164 3
      vertex 1.05608 -2.90211 3
      vertex 1.05928 -2.95229 3
    endloop
  endfacet
  facet normal 0 -0 1
    outer loop
      vertex 1.05608 -2.90211 3
      vertex 1.05705 -2.80164 3
      vertex 1.05533 -2.85187 3
    endloop
  endfacet
  facet normal -0.0734171 0.997301 0
    outer loop
      vertex 0.100357 2.51843 3
      vertex 0.0502319 2.51474 4
      vertex 0.100357 2.51843 4
    endloop
  endfacet
  facet normal -0.0734171 0.997301 0
    outer loop
      vertex 0.0502319 2.51474 4
      vertex 0.100357 2.51843 3
      vertex 0.0502319 2.51474 3
    endloop
  endfacet
  facet normal -0.122331 0.992489 0
    outer loop
      vertex 0.150253 2.52458 3
      vertex 0.100357 2.51843 4
      vertex 0.150253 2.52458 4
    endloop
  endfacet
  facet normal -0.122331 0.992489 0
    outer loop
      vertex 0.100357 2.51843 4
      vertex 0.150253 2.52458 3
      vertex 0.100357 2.51843 3
    endloop
  endfacet
  facet normal -0.17093 0.985283 0
    outer loop
      vertex 0.199768 2.53317 3
      vertex 0.150253 2.52458 4
      vertex 0.199768 2.53317 4
    endloop
  endfacet
  facet normal -0.17093 0.985283 0
    outer loop
      vertex 0.150253 2.52458 4
      vertex 0.199768 2.53317 3
      vertex 0.150253 2.52458 3
    endloop
  endfacet
  facet normal -0.219239 0.975671 0
    outer loop
      vertex 0.24881 2.54419 3
      vertex 0.199768 2.53317 4
      vertex 0.24881 2.54419 4
    endloop
  endfacet
  facet normal -0.219239 0.975671 0
    outer loop
      vertex 0.199768 2.53317 4
      vertex 0.24881 2.54419 3
      vertex 0.199768 2.53317 3
    endloop
  endfacet
  facet normal -0.266772 0.96376 0
    outer loop
      vertex 0.297256 2.5576 3
      vertex 0.24881 2.54419 4
      vertex 0.297256 2.5576 4
    endloop
  endfacet
  facet normal -0.266772 0.96376 0
    outer loop
      vertex 0.24881 2.54419 4
      vertex 0.297256 2.5576 3
      vertex 0.24881 2.54419 3
    endloop
  endfacet
  facet normal -0.31363 0.949545 0
    outer loop
      vertex 0.344971 2.57336 3
      vertex 0.297256 2.5576 4
      vertex 0.344971 2.57336 4
    endloop
  endfacet
  facet normal -0.31363 0.949545 0
    outer loop
      vertex 0.297256 2.5576 4
      vertex 0.344971 2.57336 3
      vertex 0.297256 2.5576 3
    endloop
  endfacet
  facet normal -0.359839 0.933015 0
    outer loop
      vertex 0.391876 2.59145 3
      vertex 0.344971 2.57336 4
      vertex 0.391876 2.59145 4
    endloop
  endfacet
  facet normal -0.359839 0.933015 0
    outer loop
      vertex 0.344971 2.57336 4
      vertex 0.391876 2.59145 3
      vertex 0.344971 2.57336 3
    endloop
  endfacet
  facet normal -0.405315 0.914177 0
    outer loop
      vertex 0.43782 2.61182 3
      vertex 0.391876 2.59145 4
      vertex 0.43782 2.61182 4
    endloop
  endfacet
  facet normal -0.405315 0.914177 0
    outer loop
      vertex 0.391876 2.59145 4
      vertex 0.43782 2.61182 3
      vertex 0.391876 2.59145 3
    endloop
  endfacet
  facet normal -0.449504 0.893278 0
    outer loop
      vertex 0.482712 2.63441 3
      vertex 0.43782 2.61182 4
      vertex 0.482712 2.63441 4
    endloop
  endfacet
  facet normal -0.449504 0.893278 0
    outer loop
      vertex 0.43782 2.61182 4
      vertex 0.482712 2.63441 3
      vertex 0.43782 2.61182 3
    endloop
  endfacet
  facet normal -0.492999 0.87003 0
    outer loop
      vertex 0.526443 2.65919 3
      vertex 0.482712 2.63441 4
      vertex 0.526443 2.65919 4
    endloop
  endfacet
  facet normal -0.492999 0.87003 0
    outer loop
      vertex 0.482712 2.63441 4
      vertex 0.526443 2.65919 3
      vertex 0.482712 2.63441 3
    endloop
  endfacet
  facet normal -0.534979 0.844865 0
    outer loop
      vertex 0.568909 2.68608 3
      vertex 0.526443 2.65919 4
      vertex 0.568909 2.68608 4
    endloop
  endfacet
  facet normal -0.534979 0.844865 0
    outer loop
      vertex 0.526443 2.65919 4
      vertex 0.568909 2.68608 3
      vertex 0.526443 2.65919 3
    endloop
  endfacet
  facet normal -0.575938 0.817494 0
    outer loop
      vertex 0.610001 2.71503 3
      vertex 0.568909 2.68608 4
      vertex 0.610001 2.71503 4
    endloop
  endfacet
  facet normal -0.575938 0.817494 0
    outer loop
      vertex 0.568909 2.68608 4
      vertex 0.610001 2.71503 3
      vertex 0.568909 2.68608 3
    endloop
  endfacet
  facet normal -0.615043 0.788493 0
    outer loop
      vertex 0.649628 2.74594 3
      vertex 0.610001 2.71503 4
      vertex 0.649628 2.74594 4
    endloop
  endfacet
  facet normal -0.615043 0.788493 0
    outer loop
      vertex 0.610001 2.71503 4
      vertex 0.649628 2.74594 3
      vertex 0.610001 2.71503 3
    endloop
  endfacet
  facet normal -0.653327 0.757076 0
    outer loop
      vertex 0.687683 2.77878 3
      vertex 0.649628 2.74594 4
      vertex 0.687683 2.77878 4
    endloop
  endfacet
  facet normal -0.653327 0.757076 0
    outer loop
      vertex 0.649628 2.74594 4
      vertex 0.687683 2.77878 3
      vertex 0.649628 2.74594 3
    endloop
  endfacet
  facet normal -0.689402 0.724379 0
    outer loop
      vertex 0.724091 2.81343 3
      vertex 0.687683 2.77878 4
      vertex 0.724091 2.81343 4
    endloop
  endfacet
  facet normal -0.689402 0.724379 0
    outer loop
      vertex 0.687683 2.77878 4
      vertex 0.724091 2.81343 3
      vertex 0.687683 2.77878 3
    endloop
  endfacet
  facet normal -0.724378 0.689403 0
    outer loop
      vertex 0.724091 2.81343 3
      vertex 0.758743 2.84984 4
      vertex 0.758743 2.84984 3
    endloop
  endfacet
  facet normal -0.724378 0.689403 0
    outer loop
      vertex 0.758743 2.84984 4
      vertex 0.724091 2.81343 3
      vertex 0.724091 2.81343 4
    endloop
  endfacet
  facet normal -0.757063 0.653342 0
    outer loop
      vertex 0.758743 2.84984 3
      vertex 0.79158 2.88789 4
      vertex 0.79158 2.88789 3
    endloop
  endfacet
  facet normal -0.757063 0.653342 0
    outer loop
      vertex 0.79158 2.88789 4
      vertex 0.758743 2.84984 3
      vertex 0.758743 2.84984 4
    endloop
  endfacet
  facet normal -0.788468 0.615076 0
    outer loop
      vertex 0.79158 2.88789 3
      vertex 0.822495 2.92752 4
      vertex 0.822495 2.92752 3
    endloop
  endfacet
  facet normal -0.788468 0.615076 0
    outer loop
      vertex 0.822495 2.92752 4
      vertex 0.79158 2.88789 3
      vertex 0.79158 2.88789 4
    endloop
  endfacet
  facet normal -0.817527 0.57589 0
    outer loop
      vertex 0.822495 2.92752 3
      vertex 0.85144 2.96861 4
      vertex 0.85144 2.96861 3
    endloop
  endfacet
  facet normal -0.817527 0.57589 0
    outer loop
      vertex 0.85144 2.96861 4
      vertex 0.822495 2.92752 3
      vertex 0.822495 2.92752 4
    endloop
  endfacet
  facet normal -0.844924 0.534886 0
    outer loop
      vertex 0.85144 2.96861 3
      vertex 0.878326 3.01108 4
      vertex 0.878326 3.01108 3
    endloop
  endfacet
  facet normal -0.844924 0.534886 0
    outer loop
      vertex 0.878326 3.01108 4
      vertex 0.85144 2.96861 3
      vertex 0.85144 2.96861 4
    endloop
  endfacet
  facet normal -0.870016 0.493023 0
    outer loop
      vertex 0.878326 3.01108 3
      vertex 0.903107 3.05481 4
      vertex 0.903107 3.05481 3
    endloop
  endfacet
  facet normal -0.870016 0.493023 0
    outer loop
      vertex 0.903107 3.05481 4
      vertex 0.878326 3.01108 3
      vertex 0.878326 3.01108 4
    endloop
  endfacet
  facet normal -0.893206 0.449647 0
    outer loop
      vertex 0.903107 3.05481 3
      vertex 0.925705 3.0997 4
      vertex 0.925705 3.0997 3
    endloop
  endfacet
  facet normal -0.893206 0.449647 0
    outer loop
      vertex 0.925705 3.0997 4
      vertex 0.903107 3.05481 3
      vertex 0.903107 3.05481 4
    endloop
  endfacet
  facet normal -0.914307 0.405021 0
    outer loop
      vertex 0.925705 3.0997 3
      vertex 0.94606 3.14565 4
      vertex 0.94606 3.14565 3
    endloop
  endfacet
  facet normal -0.914307 0.405021 0
    outer loop
      vertex 0.94606 3.14565 4
      vertex 0.925705 3.0997 3
      vertex 0.925705 3.0997 4
    endloop
  endfacet
  facet normal -0.932955 0.359993 0
    outer loop
      vertex 0.94606 3.14565 3
      vertex 0.964157 3.19255 4
      vertex 0.964157 3.19255 3
    endloop
  endfacet
  facet normal -0.932955 0.359993 0
    outer loop
      vertex 0.964157 3.19255 4
      vertex 0.94606 3.14565 3
      vertex 0.94606 3.14565 4
    endloop
  endfacet
  facet normal -0.949524 0.313695 0
    outer loop
      vertex 0.964157 3.19255 3
      vertex 0.979919 3.24026 4
      vertex 0.979919 3.24026 3
    endloop
  endfacet
  facet normal -0.949524 0.313695 0
    outer loop
      vertex 0.979919 3.24026 4
      vertex 0.964157 3.19255 3
      vertex 0.964157 3.19255 4
    endloop
  endfacet
  facet normal -0.96375 0.266807 0
    outer loop
      vertex 0.979919 3.24026 3
      vertex 0.993332 3.28871 4
      vertex 0.993332 3.28871 3
    endloop
  endfacet
  facet normal -0.96375 0.266807 0
    outer loop
      vertex 0.993332 3.28871 4
      vertex 0.979919 3.24026 3
      vertex 0.979919 3.24026 4
    endloop
  endfacet
  facet normal -0.975763 0.21883 0
    outer loop
      vertex 0.993332 3.28871 3
      vertex 1.00433 3.33775 4
      vertex 1.00433 3.33775 3
    endloop
  endfacet
  facet normal -0.975763 0.21883 0
    outer loop
      vertex 1.00433 3.33775 4
      vertex 0.993332 3.28871 3
      vertex 0.993332 3.28871 4
    endloop
  endfacet
  facet normal -0.985219 0.171299 0
    outer loop
      vertex 1.00433 3.33775 3
      vertex 1.01294 3.38727 4
      vertex 1.01294 3.38727 3
    endloop
  endfacet
  facet normal -0.985219 0.171299 0
    outer loop
      vertex 1.01294 3.38727 4
      vertex 1.00433 3.33775 3
      vertex 1.00433 3.33775 4
    endloop
  endfacet
  facet normal -0.992485 0.122369 0
    outer loop
      vertex 1.01294 3.38727 3
      vertex 1.01909 3.43715 4
      vertex 1.01909 3.43715 3
    endloop
  endfacet
  facet normal -0.992485 0.122369 0
    outer loop
      vertex 1.01909 3.43715 4
      vertex 1.01294 3.38727 3
      vertex 1.01294 3.38727 4
    endloop
  endfacet
  facet normal -0.997301 0.0734246 0
    outer loop
      vertex 1.01909 3.43715 3
      vertex 1.02278 3.48727 4
      vertex 1.02278 3.48727 3
    endloop
  endfacet
  facet normal -0.997301 0.0734246 0
    outer loop
      vertex 1.02278 3.48727 4
      vertex 1.01909 3.43715 3
      vertex 1.01909 3.43715 4
    endloop
  endfacet
  facet normal -0.999696 0.0246691 0
    outer loop
      vertex 1.02278 3.48727 3
      vertex 1.02402 3.53752 4
      vertex 1.02402 3.53752 3
    endloop
  endfacet
  facet normal -0.999696 0.0246691 0
    outer loop
      vertex 1.02402 3.53752 4
      vertex 1.02278 3.48727 3
      vertex 1.02278 3.48727 4
    endloop
  endfacet
  facet normal -0.999696 -0.0246691 0
    outer loop
      vertex 1.02402 3.53752 3
      vertex 1.02278 3.58777 4
      vertex 1.02278 3.58777 3
    endloop
  endfacet
  facet normal -0.999696 -0.0246691 0
    outer loop
      vertex 1.02278 3.58777 4
      vertex 1.02402 3.53752 3
      vertex 1.02402 3.53752 4
    endloop
  endfacet
  facet normal -0.997301 -0.0734246 0
    outer loop
      vertex 1.02278 3.58777 3
      vertex 1.01909 3.63789 4
      vertex 1.01909 3.63789 3
    endloop
  endfacet
  facet normal -0.997301 -0.0734246 0
    outer loop
      vertex 1.01909 3.63789 4
      vertex 1.02278 3.58777 3
      vertex 1.02278 3.58777 4
    endloop
  endfacet
  facet normal -0.992485 -0.122369 0
    outer loop
      vertex 1.01909 3.63789 3
      vertex 1.01294 3.68777 4
      vertex 1.01294 3.68777 3
    endloop
  endfacet
  facet normal -0.992485 -0.122369 0
    outer loop
      vertex 1.01294 3.68777 4
      vertex 1.01909 3.63789 3
      vertex 1.01909 3.63789 4
    endloop
  endfacet
  facet normal -0.985225 -0.171266 0
    outer loop
      vertex 1.01294 3.68777 3
      vertex 1.00433 3.7373 4
      vertex 1.00433 3.7373 3
    endloop
  endfacet
  facet normal -0.985225 -0.171266 0
    outer loop
      vertex 1.00433 3.7373 4
      vertex 1.01294 3.68777 3
      vertex 1.01294 3.68777 4
    endloop
  endfacet
  facet normal -0.975772 -0.218788 0
    outer loop
      vertex 1.00433 3.7373 3
      vertex 0.993332 3.78635 4
      vertex 0.993332 3.78635 3
    endloop
  endfacet
  facet normal -0.975772 -0.218788 0
    outer loop
      vertex 0.993332 3.78635 4
      vertex 1.00433 3.7373 3
      vertex 1.00433 3.7373 4
    endloop
  endfacet
  facet normal -0.963722 -0.266909 0
    outer loop
      vertex 0.993332 3.78635 3
      vertex 0.979919 3.83478 4
      vertex 0.979919 3.83478 3
    endloop
  endfacet
  facet normal -0.963722 -0.266909 0
    outer loop
      vertex 0.979919 3.83478 4
      vertex 0.993332 3.78635 3
      vertex 0.993332 3.78635 4
    endloop
  endfacet
  facet normal -0.949563 -0.313577 0
    outer loop
      vertex 0.979919 3.83478 3
      vertex 0.964157 3.88251 4
      vertex 0.964157 3.88251 3
    endloop
  endfacet
  facet normal -0.949563 -0.313577 0
    outer loop
      vertex 0.964157 3.88251 4
      vertex 0.979919 3.83478 3
      vertex 0.979919 3.83478 4
    endloop
  endfacet
  facet normal -0.932929 -0.36006 0
    outer loop
      vertex 0.964157 3.88251 3
      vertex 0.94606 3.9294 4
      vertex 0.94606 3.9294 3
    endloop
  endfacet
  facet normal -0.932929 -0.36006 0
    outer loop
      vertex 0.94606 3.9294 4
      vertex 0.964157 3.88251 3
      vertex 0.964157 3.88251 4
    endloop
  endfacet
  facet normal -0.91434 -0.404948 0
    outer loop
      vertex 0.94606 3.9294 3
      vertex 0.925705 3.97536 4
      vertex 0.925705 3.97536 3
    endloop
  endfacet
  facet normal -0.91434 -0.404948 0
    outer loop
      vertex 0.925705 3.97536 4
      vertex 0.94606 3.9294 3
      vertex 0.94606 3.9294 4
    endloop
  endfacet
  facet normal -0.893206 -0.449647 0
    outer loop
      vertex 0.925705 3.97536 3
      vertex 0.903107 4.02025 4
      vertex 0.903107 4.02025 3
    endloop
  endfacet
  facet normal -0.893206 -0.449647 0
    outer loop
      vertex 0.903107 4.02025 4
      vertex 0.925705 3.97536 3
      vertex 0.925705 3.97536 4
    endloop
  endfacet
  facet normal -0.870016 -0.493023 0
    outer loop
      vertex 0.903107 4.02025 3
      vertex 0.878326 4.06398 4
      vertex 0.878326 4.06398 3
    endloop
  endfacet
  facet normal -0.870016 -0.493023 0
    outer loop
      vertex 0.878326 4.06398 4
      vertex 0.903107 4.02025 3
      vertex 0.903107 4.02025 4
    endloop
  endfacet
  facet normal -0.844924 -0.534886 0
    outer loop
      vertex 0.878326 4.06398 3
      vertex 0.85144 4.10645 4
      vertex 0.85144 4.10645 3
    endloop
  endfacet
  facet normal -0.844924 -0.534886 0
    outer loop
      vertex 0.85144 4.10645 4
      vertex 0.878326 4.06398 3
      vertex 0.878326 4.06398 4
    endloop
  endfacet
  facet normal -0.817527 -0.57589 0
    outer loop
      vertex 0.85144 4.10645 3
      vertex 0.822495 4.14754 4
      vertex 0.822495 4.14754 3
    endloop
  endfacet
  facet normal -0.817527 -0.57589 0
    outer loop
      vertex 0.822495 4.14754 4
      vertex 0.85144 4.10645 3
      vertex 0.85144 4.10645 4
    endloop
  endfacet
  facet normal -0.788392 -0.615173 0
    outer loop
      vertex 0.822495 4.14754 3
      vertex 0.79158 4.18716 4
      vertex 0.79158 4.18716 3
    endloop
  endfacet
  facet normal -0.788392 -0.615173 0
    outer loop
      vertex 0.79158 4.18716 4
      vertex 0.822495 4.14754 3
      vertex 0.822495 4.14754 4
    endloop
  endfacet
  facet normal -0.757148 -0.653244 0
    outer loop
      vertex 0.79158 4.18716 3
      vertex 0.758743 4.22522 4
      vertex 0.758743 4.22522 3
    endloop
  endfacet
  facet normal -0.757148 -0.653244 0
    outer loop
      vertex 0.758743 4.22522 4
      vertex 0.79158 4.18716 3
      vertex 0.79158 4.18716 4
    endloop
  endfacet
  facet normal -0.724378 -0.689403 0
    outer loop
      vertex 0.758743 4.22522 3
      vertex 0.724091 4.26163 4
      vertex 0.724091 4.26163 3
    endloop
  endfacet
  facet normal -0.724378 -0.689403 0
    outer loop
      vertex 0.724091 4.26163 4
      vertex 0.758743 4.22522 3
      vertex 0.758743 4.22522 4
    endloop
  endfacet
  facet normal -0.689402 -0.724379 0
    outer loop
      vertex 0.687683 4.29628 3
      vertex 0.724091 4.26163 4
      vertex 0.687683 4.29628 4
    endloop
  endfacet
  facet normal -0.689402 -0.724379 -0
    outer loop
      vertex 0.724091 4.26163 4
      vertex 0.687683 4.29628 3
      vertex 0.724091 4.26163 3
    endloop
  endfacet
  facet normal -0.653099 -0.757273 0
    outer loop
      vertex 0.649628 4.3291 3
      vertex 0.687683 4.29628 4
      vertex 0.649628 4.3291 4
    endloop
  endfacet
  facet normal -0.653099 -0.757273 -0
    outer loop
      vertex 0.687683 4.29628 4
      vertex 0.649628 4.3291 3
      vertex 0.687683 4.29628 3
    endloop
  endfacet
  facet normal -0.615291 -0.7883 0
    outer loop
      vertex 0.610001 4.36003 3
      vertex 0.649628 4.3291 4
      vertex 0.610001 4.36003 4
    endloop
  endfacet
  facet normal -0.615291 -0.7883 -0
    outer loop
      vertex 0.649628 4.3291 4
      vertex 0.610001 4.36003 3
      vertex 0.649628 4.3291 3
    endloop
  endfacet
  facet normal -0.575938 -0.817494 0
    outer loop
      vertex 0.568909 4.38898 3
      vertex 0.610001 4.36003 4
      vertex 0.568909 4.38898 4
    endloop
  endfacet
  facet normal -0.575938 -0.817494 -0
    outer loop
      vertex 0.610001 4.36003 4
      vertex 0.568909 4.38898 3
      vertex 0.610001 4.36003 3
    endloop
  endfacet
  facet normal -0.534837 -0.844955 0
    outer loop
      vertex 0.526443 4.41586 3
      vertex 0.568909 4.38898 4
      vertex 0.526443 4.41586 4
    endloop
  endfacet
  facet normal -0.534837 -0.844955 -0
    outer loop
      vertex 0.568909 4.38898 4
      vertex 0.526443 4.41586 3
      vertex 0.568909 4.38898 3
    endloop
  endfacet
  facet normal -0.492848 -0.870115 0
    outer loop
      vertex 0.482712 4.44063 3
      vertex 0.526443 4.41586 4
      vertex 0.482712 4.44063 4
    endloop
  endfacet
  facet normal -0.492848 -0.870115 -0
    outer loop
      vertex 0.526443 4.41586 4
      vertex 0.482712 4.44063 3
      vertex 0.526443 4.41586 3
    endloop
  endfacet
  facet normal -0.449663 -0.893198 0
    outer loop
      vertex 0.43782 4.46323 3
      vertex 0.482712 4.44063 4
      vertex 0.43782 4.46323 4
    endloop
  endfacet
  facet normal -0.449663 -0.893198 -0
    outer loop
      vertex 0.482712 4.44063 4
      vertex 0.43782 4.46323 3
      vertex 0.482712 4.44063 3
    endloop
  endfacet
  facet normal -0.405315 -0.914177 0
    outer loop
      vertex 0.391876 4.4836 3
      vertex 0.43782 4.46323 4
      vertex 0.391876 4.4836 4
    endloop
  endfacet
  facet normal -0.405315 -0.914177 -0
    outer loop
      vertex 0.43782 4.46323 4
      vertex 0.391876 4.4836 3
      vertex 0.43782 4.46323 3
    endloop
  endfacet
  facet normal -0.359839 -0.933015 0
    outer loop
      vertex 0.344971 4.50169 3
      vertex 0.391876 4.4836 4
      vertex 0.344971 4.50169 4
    endloop
  endfacet
  facet normal -0.359839 -0.933015 -0
    outer loop
      vertex 0.391876 4.4836 4
      vertex 0.344971 4.50169 3
      vertex 0.391876 4.4836 3
    endloop
  endfacet
  facet normal -0.313809 -0.949486 0
    outer loop
      vertex 0.297256 4.51746 3
      vertex 0.344971 4.50169 4
      vertex 0.297256 4.51746 4
    endloop
  endfacet
  facet normal -0.313809 -0.949486 -0
    outer loop
      vertex 0.344971 4.50169 4
      vertex 0.297256 4.51746 3
      vertex 0.344971 4.50169 3
    endloop
  endfacet
  facet normal -0.266402 -0.963862 0
    outer loop
      vertex 0.24881 4.53085 3
      vertex 0.297256 4.51746 4
      vertex 0.24881 4.53085 4
    endloop
  endfacet
  facet normal -0.266402 -0.963862 -0
    outer loop
      vertex 0.297256 4.51746 4
      vertex 0.24881 4.53085 3
      vertex 0.297256 4.51746 3
    endloop
  endfacet
  facet normal -0.219239 -0.975671 0
    outer loop
      vertex 0.199768 4.54187 3
      vertex 0.24881 4.53085 4
      vertex 0.199768 4.54187 4
    endloop
  endfacet
  facet normal -0.219239 -0.975671 -0
    outer loop
      vertex 0.24881 4.53085 4
      vertex 0.199768 4.54187 3
      vertex 0.24881 4.53085 3
    endloop
  endfacet
  facet normal -0.17093 -0.985283 0
    outer loop
      vertex 0.150253 4.55046 3
      vertex 0.199768 4.54187 4
      vertex 0.150253 4.55046 4
    endloop
  endfacet
  facet normal -0.17093 -0.985283 -0
    outer loop
      vertex 0.199768 4.54187 4
      vertex 0.150253 4.55046 3
      vertex 0.199768 4.54187 3
    endloop
  endfacet
  facet normal -0.122722 -0.992441 0
    outer loop
      vertex 0.100357 4.55663 3
      vertex 0.150253 4.55046 4
      vertex 0.100357 4.55663 4
    endloop
  endfacet
  facet normal -0.122722 -0.992441 -0
    outer loop
      vertex 0.150253 4.55046 4
      vertex 0.100357 4.55663 3
      vertex 0.150253 4.55046 3
    endloop
  endfacet
  facet normal -0.0734171 -0.997301 0
    outer loop
      vertex 0.0502319 4.56032 3
      vertex 0.100357 4.55663 4
      vertex 0.0502319 4.56032 4
    endloop
  endfacet
  facet normal -0.0734171 -0.997301 -0
    outer loop
      vertex 0.100357 4.55663 4
      vertex 0.0502319 4.56032 3
      vertex 0.100357 4.55663 3
    endloop
  endfacet
  facet normal -0.0244791 -0.9997 0
    outer loop
      vertex 0 4.56155 3
      vertex 0.0502319 4.56032 4
      vertex 0 4.56155 4
    endloop
  endfacet
  facet normal -0.0244791 -0.9997 -0
    outer loop
      vertex 0.0502319 4.56032 4
      vertex 0 4.56155 3
      vertex 0.0502319 4.56032 3
    endloop
  endfacet
  facet normal 0.0244791 -0.9997 0
    outer loop
      vertex -0.0502319 4.56032 3
      vertex 0 4.56155 4
      vertex -0.0502319 4.56032 4
    endloop
  endfacet
  facet normal 0.0244791 -0.9997 0
    outer loop
      vertex 0 4.56155 4
      vertex -0.0502319 4.56032 3
      vertex 0 4.56155 3
    endloop
  endfacet
  facet normal 0.0734171 -0.997301 0
    outer loop
      vertex -0.100357 4.55663 3
      vertex -0.0502319 4.56032 4
      vertex -0.100357 4.55663 4
    endloop
  endfacet
  facet normal 0.0734171 -0.997301 0
    outer loop
      vertex -0.0502319 4.56032 4
      vertex -0.100357 4.55663 3
      vertex -0.0502319 4.56032 3
    endloop
  endfacet
  facet normal 0.122722 -0.992441 0
    outer loop
      vertex -0.150253 4.55046 3
      vertex -0.100357 4.55663 4
      vertex -0.150253 4.55046 4
    endloop
  endfacet
  facet normal 0.122722 -0.992441 0
    outer loop
      vertex -0.100357 4.55663 4
      vertex -0.150253 4.55046 3
      vertex -0.100357 4.55663 3
    endloop
  endfacet
  facet normal 0.17093 -0.985283 0
    outer loop
      vertex -0.199768 4.54187 3
      vertex -0.150253 4.55046 4
      vertex -0.199768 4.54187 4
    endloop
  endfacet
  facet normal 0.17093 -0.985283 0
    outer loop
      vertex -0.150253 4.55046 4
      vertex -0.199768 4.54187 3
      vertex -0.150253 4.55046 3
    endloop
  endfacet
  facet normal 0.219239 -0.975671 0
    outer loop
      vertex -0.24881 4.53085 3
      vertex -0.199768 4.54187 4
      vertex -0.24881 4.53085 4
    endloop
  endfacet
  facet normal 0.219239 -0.975671 0
    outer loop
      vertex -0.199768 4.54187 4
      vertex -0.24881 4.53085 3
      vertex -0.199768 4.54187 3
    endloop
  endfacet
  facet normal 0.266402 -0.963862 0
    outer loop
      vertex -0.297256 4.51746 3
      vertex -0.24881 4.53085 4
      vertex -0.297256 4.51746 4
    endloop
  endfacet
  facet normal 0.266402 -0.963862 0
    outer loop
      vertex -0.24881 4.53085 4
      vertex -0.297256 4.51746 3
      vertex -0.24881 4.53085 3
    endloop
  endfacet
  facet normal 0.313809 -0.949486 0
    outer loop
      vertex -0.344971 4.50169 3
      vertex -0.297256 4.51746 4
      vertex -0.344971 4.50169 4
    endloop
  endfacet
  facet normal 0.313809 -0.949486 0
    outer loop
      vertex -0.297256 4.51746 4
      vertex -0.344971 4.50169 3
      vertex -0.297256 4.51746 3
    endloop
  endfacet
  facet normal 0.359839 -0.933015 0
    outer loop
      vertex -0.391876 4.4836 3
      vertex -0.344971 4.50169 4
      vertex -0.391876 4.4836 4
    endloop
  endfacet
  facet normal 0.359839 -0.933015 0
    outer loop
      vertex -0.344971 4.50169 4
      vertex -0.391876 4.4836 3
      vertex -0.344971 4.50169 3
    endloop
  endfacet
  facet normal 0.405315 -0.914177 0
    outer loop
      vertex -0.43782 4.46323 3
      vertex -0.391876 4.4836 4
      vertex -0.43782 4.46323 4
    endloop
  endfacet
  facet normal 0.405315 -0.914177 0
    outer loop
      vertex -0.391876 4.4836 4
      vertex -0.43782 4.46323 3
      vertex -0.391876 4.4836 3
    endloop
  endfacet
  facet normal 0.449663 -0.893198 0
    outer loop
      vertex -0.482712 4.44063 3
      vertex -0.43782 4.46323 4
      vertex -0.482712 4.44063 4
    endloop
  endfacet
  facet normal 0.449663 -0.893198 0
    outer loop
      vertex -0.43782 4.46323 4
      vertex -0.482712 4.44063 3
      vertex -0.43782 4.46323 3
    endloop
  endfacet
  facet normal 0.492848 -0.870115 0
    outer loop
      vertex -0.526443 4.41586 3
      vertex -0.482712 4.44063 4
      vertex -0.526443 4.41586 4
    endloop
  endfacet
  facet normal 0.492848 -0.870115 0
    outer loop
      vertex -0.482712 4.44063 4
      vertex -0.526443 4.41586 3
      vertex -0.482712 4.44063 3
    endloop
  endfacet
  facet normal 0.534837 -0.844955 0
    outer loop
      vertex -0.568909 4.38898 3
      vertex -0.526443 4.41586 4
      vertex -0.568909 4.38898 4
    endloop
  endfacet
  facet normal 0.534837 -0.844955 0
    outer loop
      vertex -0.526443 4.41586 4
      vertex -0.568909 4.38898 3
      vertex -0.526443 4.41586 3
    endloop
  endfacet
  facet normal 0.575938 -0.817494 0
    outer loop
      vertex -0.610001 4.36003 3
      vertex -0.568909 4.38898 4
      vertex -0.610001 4.36003 4
    endloop
  endfacet
  facet normal 0.575938 -0.817494 0
    outer loop
      vertex -0.568909 4.38898 4
      vertex -0.610001 4.36003 3
      vertex -0.568909 4.38898 3
    endloop
  endfacet
  facet normal 0.615291 -0.7883 0
    outer loop
      vertex -0.649628 4.3291 3
      vertex -0.610001 4.36003 4
      vertex -0.649628 4.3291 4
    endloop
  endfacet
  facet normal 0.615291 -0.7883 0
    outer loop
      vertex -0.610001 4.36003 4
      vertex -0.649628 4.3291 3
      vertex -0.610001 4.36003 3
    endloop
  endfacet
  facet normal 0.653099 -0.757273 0
    outer loop
      vertex -0.687683 4.29628 3
      vertex -0.649628 4.3291 4
      vertex -0.687683 4.29628 4
    endloop
  endfacet
  facet normal 0.653099 -0.757273 0
    outer loop
      vertex -0.649628 4.3291 4
      vertex -0.687683 4.29628 3
      vertex -0.649628 4.3291 3
    endloop
  endfacet
  facet normal 0.689402 -0.724379 0
    outer loop
      vertex -0.724091 4.26163 3
      vertex -0.687683 4.29628 4
      vertex -0.724091 4.26163 4
    endloop
  endfacet
  facet normal 0.689402 -0.724379 0
    outer loop
      vertex -0.687683 4.29628 4
      vertex -0.724091 4.26163 3
      vertex -0.687683 4.29628 3
    endloop
  endfacet
  facet normal 0.724378 -0.689403 0
    outer loop
      vertex -0.758743 4.22522 4
      vertex -0.724091 4.26163 3
      vertex -0.724091 4.26163 4
    endloop
  endfacet
  facet normal 0.724378 -0.689403 0
    outer loop
      vertex -0.724091 4.26163 3
      vertex -0.758743 4.22522 4
      vertex -0.758743 4.22522 3
    endloop
  endfacet
  facet normal 0.757148 -0.653244 0
    outer loop
      vertex -0.79158 4.18716 4
      vertex -0.758743 4.22522 3
      vertex -0.758743 4.22522 4
    endloop
  endfacet
  facet normal 0.757148 -0.653244 0
    outer loop
      vertex -0.758743 4.22522 3
      vertex -0.79158 4.18716 4
      vertex -0.79158 4.18716 3
    endloop
  endfacet
  facet normal 0.788392 -0.615173 0
    outer loop
      vertex -0.822495 4.14754 4
      vertex -0.79158 4.18716 3
      vertex -0.79158 4.18716 4
    endloop
  endfacet
  facet normal 0.788392 -0.615173 0
    outer loop
      vertex -0.79158 4.18716 3
      vertex -0.822495 4.14754 4
      vertex -0.822495 4.14754 3
    endloop
  endfacet
  facet normal 0.817527 -0.57589 0
    outer loop
      vertex -0.85144 4.10645 4
      vertex -0.822495 4.14754 3
      vertex -0.822495 4.14754 4
    endloop
  endfacet
  facet normal 0.817527 -0.57589 0
    outer loop
      vertex -0.822495 4.14754 3
      vertex -0.85144 4.10645 4
      vertex -0.85144 4.10645 3
    endloop
  endfacet
  facet normal 0.844924 -0.534886 0
    outer loop
      vertex -0.878326 4.06398 4
      vertex -0.85144 4.10645 3
      vertex -0.85144 4.10645 4
    endloop
  endfacet
  facet normal 0.844924 -0.534886 0
    outer loop
      vertex -0.85144 4.10645 3
      vertex -0.878326 4.06398 4
      vertex -0.878326 4.06398 3
    endloop
  endfacet
  facet normal 0.870016 -0.493023 0
    outer loop
      vertex -0.903107 4.02025 4
      vertex -0.878326 4.06398 3
      vertex -0.878326 4.06398 4
    endloop
  endfacet
  facet normal 0.870016 -0.493023 0
    outer loop
      vertex -0.878326 4.06398 3
      vertex -0.903107 4.02025 4
      vertex -0.903107 4.02025 3
    endloop
  endfacet
  facet normal 0.893206 -0.449647 0
    outer loop
      vertex -0.925705 3.97536 4
      vertex -0.903107 4.02025 3
      vertex -0.903107 4.02025 4
    endloop
  endfacet
  facet normal 0.893206 -0.449647 0
    outer loop
      vertex -0.903107 4.02025 3
      vertex -0.925705 3.97536 4
      vertex -0.925705 3.97536 3
    endloop
  endfacet
  facet normal 0.91434 -0.404948 0
    outer loop
      vertex -0.94606 3.9294 4
      vertex -0.925705 3.97536 3
      vertex -0.925705 3.97536 4
    endloop
  endfacet
  facet normal 0.91434 -0.404948 0
    outer loop
      vertex -0.925705 3.97536 3
      vertex -0.94606 3.9294 4
      vertex -0.94606 3.9294 3
    endloop
  endfacet
  facet normal 0.932929 -0.36006 0
    outer loop
      vertex -0.964157 3.88251 4
      vertex -0.94606 3.9294 3
      vertex -0.94606 3.9294 4
    endloop
  endfacet
  facet normal 0.932929 -0.36006 0
    outer loop
      vertex -0.94606 3.9294 3
      vertex -0.964157 3.88251 4
      vertex -0.964157 3.88251 3
    endloop
  endfacet
  facet normal 0.949563 -0.313577 0
    outer loop
      vertex -0.979919 3.83478 4
      vertex -0.964157 3.88251 3
      vertex -0.964157 3.88251 4
    endloop
  endfacet
  facet normal 0.949563 -0.313577 0
    outer loop
      vertex -0.964157 3.88251 3
      vertex -0.979919 3.83478 4
      vertex -0.979919 3.83478 3
    endloop
  endfacet
  facet normal 0.963722 -0.266909 0
    outer loop
      vertex -0.993332 3.78635 4
      vertex -0.979919 3.83478 3
      vertex -0.979919 3.83478 4
    endloop
  endfacet
  facet normal 0.963722 -0.266909 0
    outer loop
      vertex -0.979919 3.83478 3
      vertex -0.993332 3.78635 4
      vertex -0.993332 3.78635 3
    endloop
  endfacet
  facet normal 0.975772 -0.218788 0
    outer loop
      vertex -1.00433 3.7373 4
      vertex -0.993332 3.78635 3
      vertex -0.993332 3.78635 4
    endloop
  endfacet
  facet normal 0.975772 -0.218788 0
    outer loop
      vertex -0.993332 3.78635 3
      vertex -1.00433 3.7373 4
      vertex -1.00433 3.7373 3
    endloop
  endfacet
  facet normal 0.985225 -0.171266 0
    outer loop
      vertex -1.01294 3.68777 4
      vertex -1.00433 3.7373 3
      vertex -1.00433 3.7373 4
    endloop
  endfacet
  facet normal 0.985225 -0.171266 0
    outer loop
      vertex -1.00433 3.7373 3
      vertex -1.01294 3.68777 4
      vertex -1.01294 3.68777 3
    endloop
  endfacet
  facet normal 0.992485 -0.122369 0
    outer loop
      vertex -1.01909 3.63789 4
      vertex -1.01294 3.68777 3
      vertex -1.01294 3.68777 4
    endloop
  endfacet
  facet normal 0.992485 -0.122369 0
    outer loop
      vertex -1.01294 3.68777 3
      vertex -1.01909 3.63789 4
      vertex -1.01909 3.63789 3
    endloop
  endfacet
  facet normal 0.997301 -0.0734246 0
    outer loop
      vertex -1.02278 3.58777 4
      vertex -1.01909 3.63789 3
      vertex -1.01909 3.63789 4
    endloop
  endfacet
  facet normal 0.997301 -0.0734246 0
    outer loop
      vertex -1.01909 3.63789 3
      vertex -1.02278 3.58777 4
      vertex -1.02278 3.58777 3
    endloop
  endfacet
  facet normal 0.999696 -0.0246691 0
    outer loop
      vertex -1.02402 3.53752 4
      vertex -1.02278 3.58777 3
      vertex -1.02278 3.58777 4
    endloop
  endfacet
  facet normal 0.999696 -0.0246691 0
    outer loop
      vertex -1.02278 3.58777 3
      vertex -1.02402 3.53752 4
      vertex -1.02402 3.53752 3
    endloop
  endfacet
  facet normal 0.999696 0.0246691 0
    outer loop
      vertex -1.02278 3.48727 4
      vertex -1.02402 3.53752 3
      vertex -1.02402 3.53752 4
    endloop
  endfacet
  facet normal 0.999696 0.0246691 0
    outer loop
      vertex -1.02402 3.53752 3
      vertex -1.02278 3.48727 4
      vertex -1.02278 3.48727 3
    endloop
  endfacet
  facet normal 0.997301 0.0734246 0
    outer loop
      vertex -1.01909 3.43715 4
      vertex -1.02278 3.48727 3
      vertex -1.02278 3.48727 4
    endloop
  endfacet
  facet normal 0.997301 0.0734246 0
    outer loop
      vertex -1.02278 3.48727 3
      vertex -1.01909 3.43715 4
      vertex -1.01909 3.43715 3
    endloop
  endfacet
  facet normal 0.992485 0.122369 0
    outer loop
      vertex -1.01294 3.38727 4
      vertex -1.01909 3.43715 3
      vertex -1.01909 3.43715 4
    endloop
  endfacet
  facet normal 0.992485 0.122369 0
    outer loop
      vertex -1.01909 3.43715 3
      vertex -1.01294 3.38727 4
      vertex -1.01294 3.38727 3
    endloop
  endfacet
  facet normal 0.985219 0.171299 0
    outer loop
      vertex -1.00433 3.33775 4
      vertex -1.01294 3.38727 3
      vertex -1.01294 3.38727 4
    endloop
  endfacet
  facet normal 0.985219 0.171299 0
    outer loop
      vertex -1.01294 3.38727 3
      vertex -1.00433 3.33775 4
      vertex -1.00433 3.33775 3
    endloop
  endfacet
  facet normal 0.975763 0.21883 0
    outer loop
      vertex -0.993332 3.28871 4
      vertex -1.00433 3.33775 3
      vertex -1.00433 3.33775 4
    endloop
  endfacet
  facet normal 0.975763 0.21883 0
    outer loop
      vertex -1.00433 3.33775 3
      vertex -0.993332 3.28871 4
      vertex -0.993332 3.28871 3
    endloop
  endfacet
  facet normal 0.96375 0.266807 0
    outer loop
      vertex -0.979919 3.24026 4
      vertex -0.993332 3.28871 3
      vertex -0.993332 3.28871 4
    endloop
  endfacet
  facet normal 0.96375 0.266807 0
    outer loop
      vertex -0.993332 3.28871 3
      vertex -0.979919 3.24026 4
      vertex -0.979919 3.24026 3
    endloop
  endfacet
  facet normal 0.949524 0.313695 0
    outer loop
      vertex -0.964157 3.19255 4
      vertex -0.979919 3.24026 3
      vertex -0.979919 3.24026 4
    endloop
  endfacet
  facet normal 0.949524 0.313695 0
    outer loop
      vertex -0.979919 3.24026 3
      vertex -0.964157 3.19255 4
      vertex -0.964157 3.19255 3
    endloop
  endfacet
  facet normal 0.932955 0.359993 0
    outer loop
      vertex -0.94606 3.14565 4
      vertex -0.964157 3.19255 3
      vertex -0.964157 3.19255 4
    endloop
  endfacet
  facet normal 0.932955 0.359993 0
    outer loop
      vertex -0.964157 3.19255 3
      vertex -0.94606 3.14565 4
      vertex -0.94606 3.14565 3
    endloop
  endfacet
  facet normal 0.914307 0.405021 0
    outer loop
      vertex -0.925705 3.0997 4
      vertex -0.94606 3.14565 3
      vertex -0.94606 3.14565 4
    endloop
  endfacet
  facet normal 0.914307 0.405021 0
    outer loop
      vertex -0.94606 3.14565 3
      vertex -0.925705 3.0997 4
      vertex -0.925705 3.0997 3
    endloop
  endfacet
  facet normal 0.893206 0.449647 0
    outer loop
      vertex -0.903107 3.05481 4
      vertex -0.925705 3.0997 3
      vertex -0.925705 3.0997 4
    endloop
  endfacet
  facet normal 0.893206 0.449647 0
    outer loop
      vertex -0.925705 3.0997 3
      vertex -0.903107 3.05481 4
      vertex -0.903107 3.05481 3
    endloop
  endfacet
  facet normal 0.870016 0.493023 0
    outer loop
      vertex -0.878326 3.01108 4
      vertex -0.903107 3.05481 3
      vertex -0.903107 3.05481 4
    endloop
  endfacet
  facet normal 0.870016 0.493023 0
    outer loop
      vertex -0.903107 3.05481 3
      vertex -0.878326 3.01108 4
      vertex -0.878326 3.01108 3
    endloop
  endfacet
  facet normal 0.844924 0.534886 0
    outer loop
      vertex -0.85144 2.96861 4
      vertex -0.878326 3.01108 3
      vertex -0.878326 3.01108 4
    endloop
  endfacet
  facet normal 0.844924 0.534886 0
    outer loop
      vertex -0.878326 3.01108 3
      vertex -0.85144 2.96861 4
      vertex -0.85144 2.96861 3
    endloop
  endfacet
  facet normal 0.817527 0.57589 0
    outer loop
      vertex -0.822495 2.92752 4
      vertex -0.85144 2.96861 3
      vertex -0.85144 2.96861 4
    endloop
  endfacet
  facet normal 0.817527 0.57589 0
    outer loop
      vertex -0.85144 2.96861 3
      vertex -0.822495 2.92752 4
      vertex -0.822495 2.92752 3
    endloop
  endfacet
  facet normal 0.788468 0.615076 0
    outer loop
      vertex -0.79158 2.88789 4
      vertex -0.822495 2.92752 3
      vertex -0.822495 2.92752 4
    endloop
  endfacet
  facet normal 0.788468 0.615076 0
    outer loop
      vertex -0.822495 2.92752 3
      vertex -0.79158 2.88789 4
      vertex -0.79158 2.88789 3
    endloop
  endfacet
  facet normal 0.757063 0.653342 0
    outer loop
      vertex -0.758743 2.84984 4
      vertex -0.79158 2.88789 3
      vertex -0.79158 2.88789 4
    endloop
  endfacet
  facet normal 0.757063 0.653342 0
    outer loop
      vertex -0.79158 2.88789 3
      vertex -0.758743 2.84984 4
      vertex -0.758743 2.84984 3
    endloop
  endfacet
  facet normal 0.724378 0.689403 0
    outer loop
      vertex -0.724091 2.81343 4
      vertex -0.758743 2.84984 3
      vertex -0.758743 2.84984 4
    endloop
  endfacet
  facet normal 0.724378 0.689403 0
    outer loop
      vertex -0.758743 2.84984 3
      vertex -0.724091 2.81343 4
      vertex -0.724091 2.81343 3
    endloop
  endfacet
  facet normal 0.689402 0.724379 -0
    outer loop
      vertex -0.687683 2.77878 3
      vertex -0.724091 2.81343 4
      vertex -0.687683 2.77878 4
    endloop
  endfacet
  facet normal 0.689402 0.724379 0
    outer loop
      vertex -0.724091 2.81343 4
      vertex -0.687683 2.77878 3
      vertex -0.724091 2.81343 3
    endloop
  endfacet
  facet normal 0.653327 0.757076 -0
    outer loop
      vertex -0.649628 2.74594 3
      vertex -0.687683 2.77878 4
      vertex -0.649628 2.74594 4
    endloop
  endfacet
  facet normal 0.653327 0.757076 0
    outer loop
      vertex -0.687683 2.77878 4
      vertex -0.649628 2.74594 3
      vertex -0.687683 2.77878 3
    endloop
  endfacet
  facet normal 0.615043 0.788493 -0
    outer loop
      vertex -0.610001 2.71503 3
      vertex -0.649628 2.74594 4
      vertex -0.610001 2.71503 4
    endloop
  endfacet
  facet normal 0.615043 0.788493 0
    outer loop
      vertex -0.649628 2.74594 4
      vertex -0.610001 2.71503 3
      vertex -0.649628 2.74594 3
    endloop
  endfacet
  facet normal 0.575938 0.817494 -0
    outer loop
      vertex -0.568909 2.68608 3
      vertex -0.610001 2.71503 4
      vertex -0.568909 2.68608 4
    endloop
  endfacet
  facet normal 0.575938 0.817494 0
    outer loop
      vertex -0.610001 2.71503 4
      vertex -0.568909 2.68608 3
      vertex -0.610001 2.71503 3
    endloop
  endfacet
  facet normal 0.534979 0.844865 -0
    outer loop
      vertex -0.526443 2.65919 3
      vertex -0.568909 2.68608 4
      vertex -0.526443 2.65919 4
    endloop
  endfacet
  facet normal 0.534979 0.844865 0
    outer loop
      vertex -0.568909 2.68608 4
      vertex -0.526443 2.65919 3
      vertex -0.568909 2.68608 3
    endloop
  endfacet
  facet normal 0.492999 0.87003 -0
    outer loop
      vertex -0.482712 2.63441 3
      vertex -0.526443 2.65919 4
      vertex -0.482712 2.63441 4
    endloop
  endfacet
  facet normal 0.492999 0.87003 0
    outer loop
      vertex -0.526443 2.65919 4
      vertex -0.482712 2.63441 3
      vertex -0.526443 2.65919 3
    endloop
  endfacet
  facet normal 0.449504 0.893278 -0
    outer loop
      vertex -0.43782 2.61182 3
      vertex -0.482712 2.63441 4
      vertex -0.43782 2.61182 4
    endloop
  endfacet
  facet normal 0.449504 0.893278 0
    outer loop
      vertex -0.482712 2.63441 4
      vertex -0.43782 2.61182 3
      vertex -0.482712 2.63441 3
    endloop
  endfacet
  facet normal 0.405315 0.914177 -0
    outer loop
      vertex -0.391876 2.59145 3
      vertex -0.43782 2.61182 4
      vertex -0.391876 2.59145 4
    endloop
  endfacet
  facet normal 0.405315 0.914177 0
    outer loop
      vertex -0.43782 2.61182 4
      vertex -0.391876 2.59145 3
      vertex -0.43782 2.61182 3
    endloop
  endfacet
  facet normal 0.359839 0.933015 -0
    outer loop
      vertex -0.344971 2.57336 3
      vertex -0.391876 2.59145 4
      vertex -0.344971 2.57336 4
    endloop
  endfacet
  facet normal 0.359839 0.933015 0
    outer loop
      vertex -0.391876 2.59145 4
      vertex -0.344971 2.57336 3
      vertex -0.391876 2.59145 3
    endloop
  endfacet
  facet normal 0.31363 0.949545 -0
    outer loop
      vertex -0.297256 2.5576 3
      vertex -0.344971 2.57336 4
      vertex -0.297256 2.5576 4
    endloop
  endfacet
  facet normal 0.31363 0.949545 0
    outer loop
      vertex -0.344971 2.57336 4
      vertex -0.297256 2.5576 3
      vertex -0.344971 2.57336 3
    endloop
  endfacet
  facet normal 0.266772 0.96376 -0
    outer loop
      vertex -0.24881 2.54419 3
      vertex -0.297256 2.5576 4
      vertex -0.24881 2.54419 4
    endloop
  endfacet
  facet normal 0.266772 0.96376 0
    outer loop
      vertex -0.297256 2.5576 4
      vertex -0.24881 2.54419 3
      vertex -0.297256 2.5576 3
    endloop
  endfacet
  facet normal 0.219239 0.975671 -0
    outer loop
      vertex -0.199768 2.53317 3
      vertex -0.24881 2.54419 4
      vertex -0.199768 2.53317 4
    endloop
  endfacet
  facet normal 0.219239 0.975671 0
    outer loop
      vertex -0.24881 2.54419 4
      vertex -0.199768 2.53317 3
      vertex -0.24881 2.54419 3
    endloop
  endfacet
  facet normal 0.17093 0.985283 -0
    outer loop
      vertex -0.150253 2.52458 3
      vertex -0.199768 2.53317 4
      vertex -0.150253 2.52458 4
    endloop
  endfacet
  facet normal 0.17093 0.985283 0
    outer loop
      vertex -0.199768 2.53317 4
      vertex -0.150253 2.52458 3
      vertex -0.199768 2.53317 3
    endloop
  endfacet
  facet normal 0.122331 0.992489 -0
    outer loop
      vertex -0.100357 2.51843 3
      vertex -0.150253 2.52458 4
      vertex -0.100357 2.51843 4
    endloop
  endfacet
  facet normal 0.122331 0.992489 0
    outer loop
      vertex -0.150253 2.52458 4
      vertex -0.100357 2.51843 3
      vertex -0.150253 2.52458 3
    endloop
  endfacet
  facet normal 0.0734171 0.997301 -0
    outer loop
      vertex -0.0502319 2.51474 3
      vertex -0.100357 2.51843 4
      vertex -0.0502319 2.51474 4
    endloop
  endfacet
  facet normal 0.0734171 0.997301 0
    outer loop
      vertex -0.100357 2.51843 4
      vertex -0.0502319 2.51474 3
      vertex -0.100357 2.51843 3
    endloop
  endfacet
  facet normal 0.024678 0.999695 -0
    outer loop
      vertex 0 2.5135 3
      vertex -0.0502319 2.51474 4
      vertex 0 2.5135 4
    endloop
  endfacet
  facet normal 0.024678 0.999695 0
    outer loop
      vertex -0.0502319 2.51474 4
      vertex 0 2.5135 3
      vertex -0.0502319 2.51474 3
    endloop
  endfacet
  facet normal -0.024678 0.999695 0
    outer loop
      vertex 0.0502319 2.51474 3
      vertex 0 2.5135 4
      vertex 0.0502319 2.51474 4
    endloop
  endfacet
  facet normal -0.024678 0.999695 0
    outer loop
      vertex 0 2.5135 4
      vertex 0.0502319 2.51474 3
      vertex 0 2.5135 3
    endloop
  endfacet
  facet normal -0.0540373 0.998539 0
    outer loop
      vertex -3.28404 0.0722809 3
      vertex -3.33423 0.0695648 4
      vertex -3.28404 0.0722809 4
    endloop
  endfacet
  facet normal -0.0540373 0.998539 0
    outer loop
      vertex -3.33423 0.0695648 4
      vertex -3.28404 0.0722809 3
      vertex -3.33423 0.0695648 3
    endloop
  endfacet
  facet normal -0.102925 0.994689 0
    outer loop
      vertex -3.23405 0.0774536 3
      vertex -3.28404 0.0722809 4
      vertex -3.23405 0.0774536 4
    endloop
  endfacet
  facet normal -0.102925 0.994689 0
    outer loop
      vertex -3.28404 0.0722809 4
      vertex -3.23405 0.0774536 3
      vertex -3.28404 0.0722809 3
    endloop
  endfacet
  facet normal -0.151494 0.988458 0
    outer loop
      vertex -3.18437 0.0850677 3
      vertex -3.23405 0.0774536 4
      vertex -3.18437 0.0850677 4
    endloop
  endfacet
  facet normal -0.151494 0.988458 0
    outer loop
      vertex -3.23405 0.0774536 4
      vertex -3.18437 0.0850677 3
      vertex -3.23405 0.0774536 3
    endloop
  endfacet
  facet normal -0.200047 0.979786 0
    outer loop
      vertex -3.13512 0.0951233 3
      vertex -3.18437 0.0850677 4
      vertex -3.13512 0.0951233 4
    endloop
  endfacet
  facet normal -0.200047 0.979786 0
    outer loop
      vertex -3.18437 0.0850677 4
      vertex -3.13512 0.0951233 3
      vertex -3.18437 0.0850677 3
    endloop
  endfacet
  facet normal -0.247742 0.968826 0
    outer loop
      vertex -3.08643 0.107574 3
      vertex -3.13512 0.0951233 4
      vertex -3.08643 0.107574 4
    endloop
  endfacet
  facet normal -0.247742 0.968826 0
    outer loop
      vertex -3.13512 0.0951233 4
      vertex -3.08643 0.107574 3
      vertex -3.13512 0.0951233 3
    endloop
  endfacet
  facet normal -0.295115 0.955462 0
    outer loop
      vertex -3.03841 0.122406 3
      vertex -3.08643 0.107574 4
      vertex -3.03841 0.122406 4
    endloop
  endfacet
  facet normal -0.295115 0.955462 0
    outer loop
      vertex -3.08643 0.107574 4
      vertex -3.03841 0.122406 3
      vertex -3.08643 0.107574 3
    endloop
  endfacet
  facet normal -0.341529 0.939871 0
    outer loop
      vertex -2.99117 0.139572 3
      vertex -3.03841 0.122406 4
      vertex -2.99117 0.139572 4
    endloop
  endfacet
  facet normal -0.341529 0.939871 0
    outer loop
      vertex -3.03841 0.122406 4
      vertex -2.99117 0.139572 3
      vertex -3.03841 0.122406 3
    endloop
  endfacet
  facet normal -0.38703 0.922067 0
    outer loop
      vertex -2.94482 0.159027 3
      vertex -2.99117 0.139572 4
      vertex -2.94482 0.159027 4
    endloop
  endfacet
  facet normal -0.38703 0.922067 0
    outer loop
      vertex -2.99117 0.139572 4
      vertex -2.94482 0.159027 3
      vertex -2.99117 0.139572 3
    endloop
  endfacet
  facet normal -0.431997 0.901875 0
    outer loop
      vertex -2.89949 0.18074 3
      vertex -2.94482 0.159027 4
      vertex -2.89949 0.18074 4
    endloop
  endfacet
  facet normal -0.431997 0.901875 0
    outer loop
      vertex -2.94482 0.159027 4
      vertex -2.89949 0.18074 3
      vertex -2.94482 0.159027 3
    endloop
  endfacet
  facet normal -0.475811 0.879547 0
    outer loop
      vertex -2.85529 0.204651 3
      vertex -2.89949 0.18074 4
      vertex -2.85529 0.204651 4
    endloop
  endfacet
  facet normal -0.475811 0.879547 0
    outer loop
      vertex -2.89949 0.18074 4
      vertex -2.85529 0.204651 3
      vertex -2.89949 0.18074 3
    endloop
  endfacet
  facet normal -0.518192 0.855264 0
    outer loop
      vertex -2.8123 0.230698 3
      vertex -2.85529 0.204651 4
      vertex -2.8123 0.230698 4
    endloop
  endfacet
  facet normal -0.518192 0.855264 0
    outer loop
      vertex -2.85529 0.204651 4
      vertex -2.8123 0.230698 3
      vertex -2.85529 0.204651 3
    endloop
  endfacet
  facet normal -0.559791 0.828634 0
    outer loop
      vertex -2.77065 0.258835 3
      vertex -2.8123 0.230698 4
      vertex -2.77065 0.258835 4
    endloop
  endfacet
  facet normal -0.559791 0.828634 0
    outer loop
      vertex -2.8123 0.230698 4
      vertex -2.77065 0.258835 3
      vertex -2.8123 0.230698 3
    endloop
  endfacet
  facet normal -0.599535 0.800348 0
    outer loop
      vertex -2.73042 0.288971 3
      vertex -2.77065 0.258835 4
      vertex -2.73042 0.288971 4
    endloop
  endfacet
  facet normal -0.599535 0.800348 0
    outer loop
      vertex -2.77065 0.258835 4
      vertex -2.73042 0.288971 3
      vertex -2.77065 0.258835 3
    endloop
  endfacet
  facet normal -0.638213 0.76986 0
    outer loop
      vertex -2.69173 0.321045 3
      vertex -2.73042 0.288971 4
      vertex -2.69173 0.321045 4
    endloop
  endfacet
  facet normal -0.638213 0.76986 0
    outer loop
      vertex -2.73042 0.288971 4
      vertex -2.69173 0.321045 3
      vertex -2.73042 0.288971 3
    endloop
  endfacet
  facet normal -0.67513 0.737699 0
    outer loop
      vertex -2.65465 0.35498 3
      vertex -2.69173 0.321045 4
      vertex -2.65465 0.35498 4
    endloop
  endfacet
  facet normal -0.67513 0.737699 0
    outer loop
      vertex -2.69173 0.321045 4
      vertex -2.65465 0.35498 3
      vertex -2.69173 0.321045 3
    endloop
  endfacet
  facet normal -0.710589 0.703607 0
    outer loop
      vertex -2.65465 0.35498 3
      vertex -2.61928 0.390701 4
      vertex -2.61928 0.390701 3
    endloop
  endfacet
  facet normal -0.710589 0.703607 0
    outer loop
      vertex -2.61928 0.390701 4
      vertex -2.65465 0.35498 3
      vertex -2.65465 0.35498 4
    endloop
  endfacet
  facet normal -0.744184 0.667975 0
    outer loop
      vertex -2.61928 0.390701 3
      vertex -2.58571 0.428101 4
      vertex -2.58571 0.428101 3
    endloop
  endfacet
  facet normal -0.744184 0.667975 0
    outer loop
      vertex -2.58571 0.428101 4
      vertex -2.61928 0.390701 3
      vertex -2.61928 0.390701 4
    endloop
  endfacet
  facet normal -0.776098 0.630613 0
    outer loop
      vertex -2.58571 0.428101 3
      vertex -2.55402 0.467102 4
      vertex -2.55402 0.467102 3
    endloop
  endfacet
  facet normal -0.776098 0.630613 0
    outer loop
      vertex -2.55402 0.467102 4
      vertex -2.58571 0.428101 3
      vertex -2.58571 0.428101 4
    endloop
  endfacet
  facet normal -0.806213 0.591625 0
    outer loop
      vertex -2.55402 0.467102 3
      vertex -2.52428 0.507629 4
      vertex -2.52428 0.507629 3
    endloop
  endfacet
  facet normal -0.806213 0.591625 0
    outer loop
      vertex -2.52428 0.507629 4
      vertex -2.55402 0.467102 3
      vertex -2.55402 0.467102 4
    endloop
  endfacet
  facet normal -0.834107 0.551602 0
    outer loop
      vertex -2.52428 0.507629 3
      vertex -2.49655 0.549561 4
      vertex -2.49655 0.549561 3
    endloop
  endfacet
  facet normal -0.834107 0.551602 0
    outer loop
      vertex -2.49655 0.549561 4
      vertex -2.52428 0.507629 3
      vertex -2.52428 0.507629 4
    endloop
  endfacet
  facet normal -0.860262 0.509853 0
    outer loop
      vertex -2.49655 0.549561 3
      vertex -2.47093 0.592789 4
      vertex -2.47093 0.592789 3
    endloop
  endfacet
  facet normal -0.860262 0.509853 0
    outer loop
      vertex -2.47093 0.592789 4
      vertex -2.49655 0.549561 3
      vertex -2.49655 0.549561 4
    endloop
  endfacet
  facet normal -0.884214 0.467082 0
    outer loop
      vertex -2.47093 0.592789 3
      vertex -2.44745 0.637238 4
      vertex -2.44745 0.637238 3
    endloop
  endfacet
  facet normal -0.884214 0.467082 0
    outer loop
      vertex -2.44745 0.637238 4
      vertex -2.47093 0.592789 3
      vertex -2.47093 0.592789 4
    endloop
  endfacet
  facet normal -0.906094 0.423077 0
    outer loop
      vertex -2.44745 0.637238 3
      vertex -2.42619 0.68277 4
      vertex -2.42619 0.68277 3
    endloop
  endfacet
  facet normal -0.906094 0.423077 0
    outer loop
      vertex -2.42619 0.68277 4
      vertex -2.44745 0.637238 3
      vertex -2.44745 0.637238 4
    endloop
  endfacet
  facet normal -0.925747 0.378144 0
    outer loop
      vertex -2.42619 0.68277 3
      vertex -2.40718 0.729309 4
      vertex -2.40718 0.729309 3
    endloop
  endfacet
  facet normal -0.925747 0.378144 0
    outer loop
      vertex -2.40718 0.729309 4
      vertex -2.42619 0.68277 3
      vertex -2.42619 0.68277 4
    endloop
  endfacet
  facet normal -0.943223 0.33216 0
    outer loop
      vertex -2.40718 0.729309 3
      vertex -2.39049 0.776703 4
      vertex -2.39049 0.776703 3
    endloop
  endfacet
  facet normal -0.943223 0.33216 0
    outer loop
      vertex -2.39049 0.776703 4
      vertex -2.40718 0.729309 3
      vertex -2.40718 0.729309 4
    endloop
  endfacet
  facet normal -0.958326 0.285676 0
    outer loop
      vertex -2.39049 0.776703 3
      vertex -2.37613 0.824875 4
      vertex -2.37613 0.824875 3
    endloop
  endfacet
  facet normal -0.958326 0.285676 0
    outer loop
      vertex -2.37613 0.824875 4
      vertex -2.39049 0.776703 3
      vertex -2.39049 0.776703 4
    endloop
  endfacet
  facet normal -0.971179 0.238353 0
    outer loop
      vertex -2.37613 0.824875 3
      vertex -2.36415 0.873688 4
      vertex -2.36415 0.873688 3
    endloop
  endfacet
  facet normal -0.971179 0.238353 0
    outer loop
      vertex -2.36415 0.873688 4
      vertex -2.37613 0.824875 3
      vertex -2.37613 0.824875 4
    endloop
  endfacet
  facet normal -0.981784 0.190002 0
    outer loop
      vertex -2.36415 0.873688 3
      vertex -2.3546 0.923035 4
      vertex -2.3546 0.923035 3
    endloop
  endfacet
  facet normal -0.981784 0.190002 0
    outer loop
      vertex -2.3546 0.923035 4
      vertex -2.36415 0.873688 3
      vertex -2.36415 0.873688 4
    endloop
  endfacet
  facet normal -0.989861 0.142037 0
    outer loop
      vertex -2.3546 0.923035 3
      vertex -2.34746 0.972794 4
      vertex -2.34746 0.972794 3
    endloop
  endfacet
  facet normal -0.989861 0.142037 0
    outer loop
      vertex -2.34746 0.972794 4
      vertex -2.3546 0.923035 3
      vertex -2.3546 0.923035 4
    endloop
  endfacet
  facet normal -0.995673 0.0929289 0
    outer loop
      vertex -2.34746 0.972794 3
      vertex -2.34279 1.02283 4
      vertex -2.34279 1.02283 3
    endloop
  endfacet
  facet normal -0.995673 0.0929289 0
    outer loop
      vertex -2.34279 1.02283 4
      vertex -2.34746 0.972794 3
      vertex -2.34746 0.972794 4
    endloop
  endfacet
  facet normal -0.999015 0.0443697 0
    outer loop
      vertex -2.34279 1.02283 3
      vertex -2.34056 1.07304 4
      vertex -2.34056 1.07304 3
    endloop
  endfacet
  facet normal -0.999015 0.0443697 0
    outer loop
      vertex -2.34056 1.07304 4
      vertex -2.34279 1.02283 3
      vertex -2.34279 1.02283 4
    endloop
  endfacet
  facet normal -0.999988 -0.00497308 0
    outer loop
      vertex -2.34056 1.07304 3
      vertex -2.34081 1.12331 4
      vertex -2.34081 1.12331 3
    endloop
  endfacet
  facet normal -0.999988 -0.00497308 0
    outer loop
      vertex -2.34081 1.12331 4
      vertex -2.34056 1.07304 3
      vertex -2.34056 1.07304 4
    endloop
  endfacet
  facet normal -0.998545 -0.053927 0
    outer loop
      vertex -2.34081 1.12331 3
      vertex -2.34352 1.17349 4
      vertex -2.34352 1.17349 3
    endloop
  endfacet
  facet normal -0.998545 -0.053927 0
    outer loop
      vertex -2.34352 1.17349 4
      vertex -2.34081 1.12331 3
      vertex -2.34081 1.12331 4
    endloop
  endfacet
  facet normal -0.994699 -0.102831 0
    outer loop
      vertex -2.34352 1.17349 3
      vertex -2.34869 1.2235 4
      vertex -2.34869 1.2235 3
    endloop
  endfacet
  facet normal -0.994699 -0.102831 0
    outer loop
      vertex -2.34869 1.2235 4
      vertex -2.34352 1.17349 3
      vertex -2.34352 1.17349 4
    endloop
  endfacet
  facet normal -0.988431 -0.151668 0
    outer loop
      vertex -2.34869 1.2235 3
      vertex -2.35631 1.27316 4
      vertex -2.35631 1.27316 3
    endloop
  endfacet
  facet normal -0.988431 -0.151668 0
    outer loop
      vertex -2.35631 1.27316 4
      vertex -2.34869 1.2235 3
      vertex -2.34869 1.2235 4
    endloop
  endfacet
  facet normal -0.979816 -0.199902 0
    outer loop
      vertex -2.35631 1.27316 3
      vertex -2.36636 1.32242 4
      vertex -2.36636 1.32242 3
    endloop
  endfacet
  facet normal -0.979816 -0.199902 0
    outer loop
      vertex -2.36636 1.32242 4
      vertex -2.35631 1.27316 3
      vertex -2.35631 1.27316 4
    endloop
  endfacet
  facet normal -0.968829 -0.247729 0
    outer loop
      vertex -2.36636 1.32242 3
      vertex -2.37881 1.37111 4
      vertex -2.37881 1.37111 3
    endloop
  endfacet
  facet normal -0.968829 -0.247729 0
    outer loop
      vertex -2.37881 1.37111 4
      vertex -2.36636 1.32242 3
      vertex -2.36636 1.32242 4
    endloop
  endfacet
  facet normal -0.955546 -0.294841 0
    outer loop
      vertex -2.37881 1.37111 3
      vertex -2.39363 1.41914 4
      vertex -2.39363 1.41914 3
    endloop
  endfacet
  facet normal -0.955546 -0.294841 0
    outer loop
      vertex -2.39363 1.41914 4
      vertex -2.37881 1.37111 3
      vertex -2.37881 1.37111 4
    endloop
  endfacet
  facet normal -0.939822 -0.341663 0
    outer loop
      vertex -2.39363 1.41914 3
      vertex -2.4108 1.46637 4
      vertex -2.4108 1.46637 3
    endloop
  endfacet
  facet normal -0.939822 -0.341663 0
    outer loop
      vertex -2.4108 1.46637 4
      vertex -2.39363 1.41914 3
      vertex -2.39363 1.41914 4
    endloop
  endfacet
  facet normal -0.921931 -0.387354 0
    outer loop
      vertex -2.4108 1.46637 3
      vertex -2.43027 1.51271 4
      vertex -2.43027 1.51271 3
    endloop
  endfacet
  facet normal -0.921931 -0.387354 0
    outer loop
      vertex -2.43027 1.51271 4
      vertex -2.4108 1.46637 3
      vertex -2.4108 1.46637 4
    endloop
  endfacet
  facet normal -0.901898 -0.431948 0
    outer loop
      vertex -2.43027 1.51271 3
      vertex -2.45198 1.55804 4
      vertex -2.45198 1.55804 3
    endloop
  endfacet
  facet normal -0.901898 -0.431948 0
    outer loop
      vertex -2.45198 1.55804 4
      vertex -2.43027 1.51271 3
      vertex -2.43027 1.51271 4
    endloop
  endfacet
  facet normal -0.879646 -0.475629 0
    outer loop
      vertex -2.45198 1.55804 3
      vertex -2.47589 1.60226 4
      vertex -2.47589 1.60226 3
    endloop
  endfacet
  facet normal -0.879646 -0.475629 0
    outer loop
      vertex -2.47589 1.60226 4
      vertex -2.45198 1.55804 3
      vertex -2.45198 1.55804 4
    endloop
  endfacet
  facet normal -0.855131 -0.518412 0
    outer loop
      vertex -2.47589 1.60226 3
      vertex -2.50194 1.64523 4
      vertex -2.50194 1.64523 3
    endloop
  endfacet
  facet normal -0.855131 -0.518412 0
    outer loop
      vertex -2.50194 1.64523 4
      vertex -2.47589 1.60226 3
      vertex -2.47589 1.60226 4
    endloop
  endfacet
  facet normal -0.828853 -0.559466 0
    outer loop
      vertex -2.50194 1.64523 3
      vertex -2.53006 1.68689 4
      vertex -2.53006 1.68689 3
    endloop
  endfacet
  facet normal -0.828853 -0.559466 0
    outer loop
      vertex -2.53006 1.68689 4
      vertex -2.50194 1.64523 3
      vertex -2.50194 1.64523 4
    endloop
  endfacet
  facet normal -0.800143 -0.599809 0
    outer loop
      vertex -2.53006 1.68689 3
      vertex -2.56021 1.72711 4
      vertex -2.56021 1.72711 3
    endloop
  endfacet
  facet normal -0.800143 -0.599809 0
    outer loop
      vertex -2.56021 1.72711 4
      vertex -2.53006 1.68689 3
      vertex -2.53006 1.68689 4
    endloop
  endfacet
  facet normal -0.769882 -0.638186 0
    outer loop
      vertex -2.56021 1.72711 3
      vertex -2.59229 1.76581 4
      vertex -2.59229 1.76581 3
    endloop
  endfacet
  facet normal -0.769882 -0.638186 0
    outer loop
      vertex -2.59229 1.76581 4
      vertex -2.56021 1.72711 3
      vertex -2.56021 1.72711 4
    endloop
  endfacet
  facet normal -0.737748 -0.675076 0
    outer loop
      vertex -2.59229 1.76581 3
      vertex -2.62622 1.80289 4
      vertex -2.62622 1.80289 3
    endloop
  endfacet
  facet normal -0.737748 -0.675076 0
    outer loop
      vertex -2.62622 1.80289 4
      vertex -2.59229 1.76581 3
      vertex -2.59229 1.76581 4
    endloop
  endfacet
  facet normal -0.703716 -0.710481 0
    outer loop
      vertex -2.66193 1.83826 3
      vertex -2.62622 1.80289 4
      vertex -2.66193 1.83826 4
    endloop
  endfacet
  facet normal -0.703716 -0.710481 -0
    outer loop
      vertex -2.62622 1.80289 4
      vertex -2.66193 1.83826 3
      vertex -2.62622 1.80289 3
    endloop
  endfacet
  facet normal -0.667876 -0.744273 0
    outer loop
      vertex -2.69934 1.87183 3
      vertex -2.66193 1.83826 4
      vertex -2.69934 1.87183 4
    endloop
  endfacet
  facet normal -0.667876 -0.744273 -0
    outer loop
      vertex -2.66193 1.83826 4
      vertex -2.69934 1.87183 3
      vertex -2.66193 1.83826 3
    endloop
  endfacet
  facet normal -0.630623 -0.77609 0
    outer loop
      vertex -2.73834 1.90352 3
      vertex -2.69934 1.87183 4
      vertex -2.73834 1.90352 4
    endloop
  endfacet
  facet normal -0.630623 -0.77609 -0
    outer loop
      vertex -2.69934 1.87183 4
      vertex -2.73834 1.90352 3
      vertex -2.69934 1.87183 3
    endloop
  endfacet
  facet normal -0.591596 -0.806234 0
    outer loop
      vertex -2.77887 1.93326 3
      vertex -2.73834 1.90352 4
      vertex -2.77887 1.93326 4
    endloop
  endfacet
  facet normal -0.591596 -0.806234 -0
    outer loop
      vertex -2.73834 1.90352 4
      vertex -2.77887 1.93326 3
      vertex -2.73834 1.90352 3
    endloop
  endfacet
  facet normal -0.551574 -0.834126 0
    outer loop
      vertex -2.82079 1.96098 3
      vertex -2.77887 1.93326 4
      vertex -2.82079 1.96098 4
    endloop
  endfacet
  facet normal -0.551574 -0.834126 -0
    outer loop
      vertex -2.77887 1.93326 4
      vertex -2.82079 1.96098 3
      vertex -2.77887 1.93326 3
    endloop
  endfacet
  facet normal -0.509748 -0.860324 0
    outer loop
      vertex -2.86403 1.9866 3
      vertex -2.82079 1.96098 4
      vertex -2.86403 1.9866 4
    endloop
  endfacet
  facet normal -0.509748 -0.860324 -0
    outer loop
      vertex -2.82079 1.96098 4
      vertex -2.86403 1.9866 3
      vertex -2.82079 1.96098 3
    endloop
  endfacet
  facet normal -0.46723 -0.884136 0
    outer loop
      vertex -2.90848 2.01009 3
      vertex -2.86403 1.9866 4
      vertex -2.90848 2.01009 4
    endloop
  endfacet
  facet normal -0.46723 -0.884136 -0
    outer loop
      vertex -2.86403 1.9866 4
      vertex -2.90848 2.01009 3
      vertex -2.86403 1.9866 3
    endloop
  endfacet
  facet normal -0.422929 -0.906163 0
    outer loop
      vertex -2.95401 2.03134 3
      vertex -2.90848 2.01009 4
      vertex -2.95401 2.03134 4
    endloop
  endfacet
  facet normal -0.422929 -0.906163 -0
    outer loop
      vertex -2.90848 2.01009 4
      vertex -2.95401 2.03134 3
      vertex -2.90848 2.01009 3
    endloop
  endfacet
  facet normal -0.378276 -0.925693 0
    outer loop
      vertex -3.00053 2.05035 3
      vertex -2.95401 2.03134 4
      vertex -3.00053 2.05035 4
    endloop
  endfacet
  facet normal -0.378276 -0.925693 -0
    outer loop
      vertex -2.95401 2.03134 4
      vertex -3.00053 2.05035 3
      vertex -2.95401 2.03134 3
    endloop
  endfacet
  facet normal -0.332237 -0.943196 0
    outer loop
      vertex -3.04794 2.06705 3
      vertex -3.00053 2.05035 4
      vertex -3.04794 2.06705 4
    endloop
  endfacet
  facet normal -0.332237 -0.943196 -0
    outer loop
      vertex -3.00053 2.05035 4
      vertex -3.04794 2.06705 3
      vertex -3.00053 2.05035 3
    endloop
  endfacet
  facet normal -0.285632 -0.958339 0
    outer loop
      vertex -3.09612 2.08141 3
      vertex -3.04794 2.06705 4
      vertex -3.09612 2.08141 4
    endloop
  endfacet
  facet normal -0.285632 -0.958339 -0
    outer loop
      vertex -3.04794 2.06705 4
      vertex -3.09612 2.08141 3
      vertex -3.04794 2.06705 3
    endloop
  endfacet
  facet normal -0.238179 -0.971221 0
    outer loop
      vertex -3.14493 2.09338 3
      vertex -3.09612 2.08141 4
      vertex -3.14493 2.09338 4
    endloop
  endfacet
  facet normal -0.238179 -0.971221 -0
    outer loop
      vertex -3.09612 2.08141 4
      vertex -3.14493 2.09338 3
      vertex -3.09612 2.08141 3
    endloop
  endfacet
  facet normal -0.190412 -0.981704 0
    outer loop
      vertex -3.19427 2.10295 3
      vertex -3.14493 2.09338 4
      vertex -3.19427 2.10295 4
    endloop
  endfacet
  facet normal -0.190412 -0.981704 -0
    outer loop
      vertex -3.14493 2.09338 4
      vertex -3.19427 2.10295 3
      vertex -3.14493 2.09338 3
    endloop
  endfacet
  facet normal -0.141867 -0.989886 0
    outer loop
      vertex -3.24402 2.11008 3
      vertex -3.19427 2.10295 4
      vertex -3.24402 2.11008 4
    endloop
  endfacet
  facet normal -0.141867 -0.989886 -0
    outer loop
      vertex -3.19427 2.10295 4
      vertex -3.24402 2.11008 3
      vertex -3.19427 2.10295 3
    endloop
  endfacet
  facet normal -0.0931004 -0.995657 0
    outer loop
      vertex -3.29407 2.11476 3
      vertex -3.24402 2.11008 4
      vertex -3.29407 2.11476 4
    endloop
  endfacet
  facet normal -0.0931004 -0.995657 -0
    outer loop
      vertex -3.24402 2.11008 4
      vertex -3.29407 2.11476 3
      vertex -3.24402 2.11008 3
    endloop
  endfacet
  facet normal -0.0439726 -0.999033 0
    outer loop
      vertex -3.34428 2.11697 3
      vertex -3.29407 2.11476 4
      vertex -3.34428 2.11697 4
    endloop
  endfacet
  facet normal -0.0439726 -0.999033 -0
    outer loop
      vertex -3.29407 2.11476 4
      vertex -3.34428 2.11697 3
      vertex -3.29407 2.11476 3
    endloop
  endfacet
  facet normal 0.00477416 -0.999989 0
    outer loop
      vertex -3.39455 2.11673 3
      vertex -3.34428 2.11697 4
      vertex -3.39455 2.11673 4
    endloop
  endfacet
  facet normal 0.00477416 -0.999989 0
    outer loop
      vertex -3.34428 2.11697 4
      vertex -3.39455 2.11673 3
      vertex -3.34428 2.11697 3
    endloop
  endfacet
  facet normal 0.0541254 -0.998534 0
    outer loop
      vertex -3.44473 2.11401 3
      vertex -3.39455 2.11673 4
      vertex -3.44473 2.11401 4
    endloop
  endfacet
  facet normal 0.0541254 -0.998534 0
    outer loop
      vertex -3.39455 2.11673 4
      vertex -3.44473 2.11401 3
      vertex -3.39455 2.11673 3
    endloop
  endfacet
  facet normal 0.102872 -0.994695 0
    outer loop
      vertex -3.49472 2.10884 3
      vertex -3.44473 2.11401 4
      vertex -3.49472 2.10884 4
    endloop
  endfacet
  facet normal 0.102872 -0.994695 0
    outer loop
      vertex -3.44473 2.11401 4
      vertex -3.49472 2.10884 3
      vertex -3.44473 2.11401 3
    endloop
  endfacet
  facet normal 0.151414 -0.98847 0
    outer loop
      vertex -3.5444 2.10123 3
      vertex -3.49472 2.10884 4
      vertex -3.5444 2.10123 4
    endloop
  endfacet
  facet normal 0.151414 -0.98847 0
    outer loop
      vertex -3.49472 2.10884 4
      vertex -3.5444 2.10123 3
      vertex -3.49472 2.10884 3
    endloop
  endfacet
  facet normal 0.200093 -0.979777 0
    outer loop
      vertex -3.59366 2.09117 3
      vertex -3.5444 2.10123 4
      vertex -3.59366 2.09117 4
    endloop
  endfacet
  facet normal 0.200093 -0.979777 0
    outer loop
      vertex -3.5444 2.10123 4
      vertex -3.59366 2.09117 3
      vertex -3.5444 2.10123 3
    endloop
  endfacet
  facet normal 0.247729 -0.968829 0
    outer loop
      vertex -3.64235 2.07872 3
      vertex -3.59366 2.09117 4
      vertex -3.64235 2.07872 4
    endloop
  endfacet
  facet normal 0.247729 -0.968829 0
    outer loop
      vertex -3.59366 2.09117 4
      vertex -3.64235 2.07872 3
      vertex -3.59366 2.09117 3
    endloop
  endfacet
  facet normal 0.294897 -0.955529 0
    outer loop
      vertex -3.69037 2.0639 3
      vertex -3.64235 2.07872 4
      vertex -3.69037 2.0639 4
    endloop
  endfacet
  facet normal 0.294897 -0.955529 0
    outer loop
      vertex -3.64235 2.07872 4
      vertex -3.69037 2.0639 3
      vertex -3.64235 2.07872 3
    endloop
  endfacet
  facet normal 0.341424 -0.93991 0
    outer loop
      vertex -3.73761 2.04674 3
      vertex -3.69037 2.0639 4
      vertex -3.73761 2.04674 4
    endloop
  endfacet
  facet normal 0.341424 -0.93991 0
    outer loop
      vertex -3.69037 2.0639 4
      vertex -3.73761 2.04674 3
      vertex -3.69037 2.0639 3
    endloop
  endfacet
  facet normal 0.387354 -0.921931 0
    outer loop
      vertex -3.78395 2.02727 3
      vertex -3.73761 2.04674 4
      vertex -3.78395 2.02727 4
    endloop
  endfacet
  facet normal 0.387354 -0.921931 0
    outer loop
      vertex -3.73761 2.04674 4
      vertex -3.78395 2.02727 3
      vertex -3.73761 2.04674 3
    endloop
  endfacet
  facet normal 0.43211 -0.901821 0
    outer loop
      vertex -3.82928 2.00555 3
      vertex -3.78395 2.02727 4
      vertex -3.82928 2.00555 4
    endloop
  endfacet
  facet normal 0.43211 -0.901821 0
    outer loop
      vertex -3.78395 2.02727 4
      vertex -3.82928 2.00555 3
      vertex -3.78395 2.02727 3
    endloop
  endfacet
  facet normal 0.475713 -0.879601 0
    outer loop
      vertex -3.87349 1.98164 3
      vertex -3.82928 2.00555 4
      vertex -3.87349 1.98164 4
    endloop
  endfacet
  facet normal 0.475713 -0.879601 0
    outer loop
      vertex -3.82928 2.00555 4
      vertex -3.87349 1.98164 3
      vertex -3.82928 2.00555 3
    endloop
  endfacet
  facet normal 0.518178 -0.855273 0
    outer loop
      vertex -3.91647 1.9556 3
      vertex -3.87349 1.98164 4
      vertex -3.91647 1.9556 4
    endloop
  endfacet
  facet normal 0.518178 -0.855273 0
    outer loop
      vertex -3.87349 1.98164 4
      vertex -3.91647 1.9556 3
      vertex -3.87349 1.98164 3
    endloop
  endfacet
  facet normal 0.559603 -0.828761 0
    outer loop
      vertex -3.95813 1.92747 3
      vertex -3.91647 1.9556 4
      vertex -3.95813 1.92747 4
    endloop
  endfacet
  facet normal 0.559603 -0.828761 0
    outer loop
      vertex -3.91647 1.9556 4
      vertex -3.95813 1.92747 3
      vertex -3.91647 1.9556 3
    endloop
  endfacet
  facet normal 0.599554 -0.800334 0
    outer loop
      vertex -3.99835 1.89734 3
      vertex -3.95813 1.92747 4
      vertex -3.99835 1.89734 4
    endloop
  endfacet
  facet normal 0.599554 -0.800334 0
    outer loop
      vertex -3.95813 1.92747 4
      vertex -3.99835 1.89734 3
      vertex -3.95813 1.92747 3
    endloop
  endfacet
  facet normal 0.638304 -0.769784 0
    outer loop
      vertex -4.03705 1.86525 3
      vertex -3.99835 1.89734 4
      vertex -4.03705 1.86525 4
    endloop
  endfacet
  facet normal 0.638304 -0.769784 0
    outer loop
      vertex -3.99835 1.89734 4
      vertex -4.03705 1.86525 3
      vertex -3.99835 1.89734 3
    endloop
  endfacet
  facet normal 0.675184 -0.737649 0
    outer loop
      vertex -4.07413 1.83131 3
      vertex -4.03705 1.86525 4
      vertex -4.07413 1.83131 4
    endloop
  endfacet
  facet normal 0.675184 -0.737649 0
    outer loop
      vertex -4.03705 1.86525 4
      vertex -4.07413 1.83131 3
      vertex -4.03705 1.86525 3
    endloop
  endfacet
  facet normal 0.710382 -0.703816 0
    outer loop
      vertex -4.1095 1.79561 4
      vertex -4.07413 1.83131 3
      vertex -4.07413 1.83131 4
    endloop
  endfacet
  facet normal 0.710382 -0.703816 0
    outer loop
      vertex -4.07413 1.83131 3
      vertex -4.1095 1.79561 4
      vertex -4.1095 1.79561 3
    endloop
  endfacet
  facet normal 0.744361 -0.667777 0
    outer loop
      vertex -4.14307 1.75819 4
      vertex -4.1095 1.79561 3
      vertex -4.1095 1.79561 4
    endloop
  endfacet
  facet normal 0.744361 -0.667777 0
    outer loop
      vertex -4.1095 1.79561 3
      vertex -4.14307 1.75819 4
      vertex -4.14307 1.75819 3
    endloop
  endfacet
  facet normal 0.77609 -0.630623 0
    outer loop
      vertex -4.17476 1.71919 4
      vertex -4.14307 1.75819 3
      vertex -4.14307 1.75819 4
    endloop
  endfacet
  facet normal 0.77609 -0.630623 0
    outer loop
      vertex -4.14307 1.75819 3
      vertex -4.17476 1.71919 4
      vertex -4.17476 1.71919 3
    endloop
  endfacet
  facet normal 0.806095 -0.591786 0
    outer loop
      vertex -4.2045 1.67868 4
      vertex -4.17476 1.71919 3
      vertex -4.17476 1.71919 4
    endloop
  endfacet
  facet normal 0.806095 -0.591786 0
    outer loop
      vertex -4.17476 1.71919 3
      vertex -4.2045 1.67868 4
      vertex -4.2045 1.67868 3
    endloop
  endfacet
  facet normal 0.834278 -0.551344 0
    outer loop
      vertex -4.23221 1.63675 4
      vertex -4.2045 1.67868 3
      vertex -4.2045 1.67868 4
    endloop
  endfacet
  facet normal 0.834278 -0.551344 0
    outer loop
      vertex -4.2045 1.67868 3
      vertex -4.23221 1.63675 4
      vertex -4.23221 1.63675 3
    endloop
  endfacet
  facet normal 0.860237 -0.509895 0
    outer loop
      vertex -4.25784 1.59351 4
      vertex -4.23221 1.63675 3
      vertex -4.23221 1.63675 4
    endloop
  endfacet
  facet normal 0.860237 -0.509895 0
    outer loop
      vertex -4.23221 1.63675 3
      vertex -4.25784 1.59351 4
      vertex -4.25784 1.59351 3
    endloop
  endfacet
  facet normal 0.884257 -0.467001 0
    outer loop
      vertex -4.28131 1.54907 4
      vertex -4.25784 1.59351 3
      vertex -4.25784 1.59351 4
    endloop
  endfacet
  facet normal 0.884257 -0.467001 0
    outer loop
      vertex -4.25784 1.59351 3
      vertex -4.28131 1.54907 4
      vertex -4.28131 1.54907 3
    endloop
  endfacet
  facet normal 0.906081 -0.423103 0
    outer loop
      vertex -4.30258 1.50352 4
      vertex -4.28131 1.54907 3
      vertex -4.28131 1.54907 4
    endloop
  endfacet
  facet normal 0.906081 -0.423103 0
    outer loop
      vertex -4.28131 1.54907 3
      vertex -4.30258 1.50352 4
      vertex -4.30258 1.50352 3
    endloop
  endfacet
  facet normal 0.925693 -0.378276 0
    outer loop
      vertex -4.32159 1.457 4
      vertex -4.30258 1.50352 3
      vertex -4.30258 1.50352 4
    endloop
  endfacet
  facet normal 0.925693 -0.378276 0
    outer loop
      vertex -4.30258 1.50352 3
      vertex -4.32159 1.457 4
      vertex -4.32159 1.457 3
    endloop
  endfacet
  facet normal 0.943196 -0.332237 0
    outer loop
      vertex -4.33829 1.40959 4
      vertex -4.32159 1.457 3
      vertex -4.32159 1.457 4
    endloop
  endfacet
  facet normal 0.943196 -0.332237 0
    outer loop
      vertex -4.32159 1.457 3
      vertex -4.33829 1.40959 4
      vertex -4.33829 1.40959 3
    endloop
  endfacet
  facet normal 0.958323 -0.285687 0
    outer loop
      vertex -4.35265 1.36142 4
      vertex -4.33829 1.40959 3
      vertex -4.33829 1.40959 4
    endloop
  endfacet
  facet normal 0.958323 -0.285687 0
    outer loop
      vertex -4.33829 1.40959 3
      vertex -4.35265 1.36142 4
      vertex -4.35265 1.36142 3
    endloop
  endfacet
  facet normal 0.971221 -0.238179 0
    outer loop
      vertex -4.36462 1.31261 4
      vertex -4.35265 1.36142 3
      vertex -4.35265 1.36142 4
    endloop
  endfacet
  facet normal 0.971221 -0.238179 0
    outer loop
      vertex -4.35265 1.36142 3
      vertex -4.36462 1.31261 4
      vertex -4.36462 1.31261 3
    endloop
  endfacet
  facet normal 0.981749 -0.190183 0
    outer loop
      vertex -4.37418 1.26326 4
      vertex -4.36462 1.31261 3
      vertex -4.36462 1.31261 4
    endloop
  endfacet
  facet normal 0.981749 -0.190183 0
    outer loop
      vertex -4.36462 1.31261 3
      vertex -4.37418 1.26326 4
      vertex -4.37418 1.26326 3
    endloop
  endfacet
  facet normal 0.989854 -0.14209 0
    outer loop
      vertex -4.38132 1.21352 4
      vertex -4.37418 1.26326 3
      vertex -4.37418 1.26326 4
    endloop
  endfacet
  facet normal 0.989854 -0.14209 0
    outer loop
      vertex -4.37418 1.26326 3
      vertex -4.38132 1.21352 4
      vertex -4.38132 1.21352 3
    endloop
  endfacet
  facet normal 0.995675 -0.0929032 0
    outer loop
      vertex -4.38599 1.16347 4
      vertex -4.38132 1.21352 3
      vertex -4.38132 1.21352 4
    endloop
  endfacet
  facet normal 0.995675 -0.0929032 0
    outer loop
      vertex -4.38132 1.21352 3
      vertex -4.38599 1.16347 4
      vertex -4.38599 1.16347 3
    endloop
  endfacet
  facet normal 0.999024 -0.0441624 0
    outer loop
      vertex -4.38821 1.11325 4
      vertex -4.38599 1.16347 3
      vertex -4.38599 1.16347 4
    endloop
  endfacet
  facet normal 0.999024 -0.0441624 0
    outer loop
      vertex -4.38599 1.16347 3
      vertex -4.38821 1.11325 4
      vertex -4.38821 1.11325 3
    endloop
  endfacet
  facet normal 0.999989 0.00477511 0
    outer loop
      vertex -4.38797 1.06299 4
      vertex -4.38821 1.11325 3
      vertex -4.38821 1.11325 4
    endloop
  endfacet
  facet normal 0.999989 0.00477511 0
    outer loop
      vertex -4.38821 1.11325 3
      vertex -4.38797 1.06299 4
      vertex -4.38797 1.06299 3
    endloop
  endfacet
  facet normal 0.998535 0.0541147 0
    outer loop
      vertex -4.38525 1.0128 4
      vertex -4.38797 1.06299 3
      vertex -4.38797 1.06299 4
    endloop
  endfacet
  facet normal 0.998535 0.0541147 0
    outer loop
      vertex -4.38797 1.06299 3
      vertex -4.38525 1.0128 4
      vertex -4.38525 1.0128 3
    endloop
  endfacet
  facet normal 0.994694 0.10288 0
    outer loop
      vertex -4.38008 0.962814 4
      vertex -4.38525 1.0128 3
      vertex -4.38525 1.0128 4
    endloop
  endfacet
  facet normal 0.994694 0.10288 0
    outer loop
      vertex -4.38525 1.0128 3
      vertex -4.38008 0.962814 4
      vertex -4.38008 0.962814 3
    endloop
  endfacet
  facet normal 0.988471 0.151408 0
    outer loop
      vertex -4.37247 0.913132 4
      vertex -4.38008 0.962814 3
      vertex -4.38008 0.962814 4
    endloop
  endfacet
  facet normal 0.988471 0.151408 0
    outer loop
      vertex -4.38008 0.962814 3
      vertex -4.37247 0.913132 4
      vertex -4.37247 0.913132 3
    endloop
  endfacet
  facet normal 0.979761 0.200171 0
    outer loop
      vertex -4.36241 0.863892 4
      vertex -4.37247 0.913132 3
      vertex -4.37247 0.913132 4
    endloop
  endfacet
  facet normal 0.979761 0.200171 0
    outer loop
      vertex -4.37247 0.913132 3
      vertex -4.36241 0.863892 4
      vertex -4.36241 0.863892 3
    endloop
  endfacet
  facet normal 0.968849 0.247653 0
    outer loop
      vertex -4.34996 0.815186 4
      vertex -4.36241 0.863892 3
      vertex -4.36241 0.863892 4
    endloop
  endfacet
  facet normal 0.968849 0.247653 0
    outer loop
      vertex -4.36241 0.863892 3
      vertex -4.34996 0.815186 4
      vertex -4.34996 0.815186 3
    endloop
  endfacet
  facet normal 0.955529 0.294897 0
    outer loop
      vertex -4.33514 0.767166 4
      vertex -4.34996 0.815186 3
      vertex -4.34996 0.815186 4
    endloop
  endfacet
  facet normal 0.955529 0.294897 0
    outer loop
      vertex -4.34996 0.815186 3
      vertex -4.33514 0.767166 4
      vertex -4.33514 0.767166 3
    endloop
  endfacet
  facet normal 0.939912 0.341417 0
    outer loop
      vertex -4.31798 0.719925 4
      vertex -4.33514 0.767166 3
      vertex -4.33514 0.767166 4
    endloop
  endfacet
  facet normal 0.939912 0.341417 0
    outer loop
      vertex -4.33514 0.767166 3
      vertex -4.31798 0.719925 4
      vertex -4.31798 0.719925 3
    endloop
  endfacet
  facet normal 0.921934 0.387347 0
    outer loop
      vertex -4.29851 0.673584 4
      vertex -4.31798 0.719925 3
      vertex -4.31798 0.719925 4
    endloop
  endfacet
  facet normal 0.921934 0.387347 0
    outer loop
      vertex -4.31798 0.719925 3
      vertex -4.29851 0.673584 4
      vertex -4.29851 0.673584 3
    endloop
  endfacet
  facet normal 0.901836 0.432079 0
    outer loop
      vertex -4.27679 0.62825 4
      vertex -4.29851 0.673584 3
      vertex -4.29851 0.673584 4
    endloop
  endfacet
  facet normal 0.901836 0.432079 0
    outer loop
      vertex -4.29851 0.673584 3
      vertex -4.27679 0.62825 4
      vertex -4.27679 0.62825 3
    endloop
  endfacet
  facet normal 0.879578 0.475754 0
    outer loop
      vertex -4.25288 0.584045 4
      vertex -4.27679 0.62825 3
      vertex -4.27679 0.62825 4
    endloop
  endfacet
  facet normal 0.879578 0.475754 0
    outer loop
      vertex -4.27679 0.62825 3
      vertex -4.25288 0.584045 4
      vertex -4.25288 0.584045 3
    endloop
  endfacet
  facet normal 0.855294 0.518143 0
    outer loop
      vertex -4.22684 0.541061 4
      vertex -4.25288 0.584045 3
      vertex -4.25288 0.584045 4
    endloop
  endfacet
  facet normal 0.855294 0.518143 0
    outer loop
      vertex -4.25288 0.584045 3
      vertex -4.22684 0.541061 4
      vertex -4.22684 0.541061 3
    endloop
  endfacet
  facet normal 0.828828 0.559503 0
    outer loop
      vertex -4.19872 0.499405 4
      vertex -4.22684 0.541061 3
      vertex -4.22684 0.541061 4
    endloop
  endfacet
  facet normal 0.828828 0.559503 0
    outer loop
      vertex -4.22684 0.541061 3
      vertex -4.19872 0.499405 4
      vertex -4.19872 0.499405 3
    endloop
  endfacet
  facet normal 0.800062 0.599917 0
    outer loop
      vertex -4.16856 0.459183 4
      vertex -4.19872 0.499405 3
      vertex -4.19872 0.499405 4
    endloop
  endfacet
  facet normal 0.800062 0.599917 0
    outer loop
      vertex -4.19872 0.499405 3
      vertex -4.16856 0.459183 4
      vertex -4.16856 0.459183 3
    endloop
  endfacet
  facet normal 0.769955 0.638098 0
    outer loop
      vertex -4.13649 0.420486 4
      vertex -4.16856 0.459183 3
      vertex -4.16856 0.459183 4
    endloop
  endfacet
  facet normal 0.769955 0.638098 0
    outer loop
      vertex -4.16856 0.459183 3
      vertex -4.13649 0.420486 4
      vertex -4.13649 0.420486 3
    endloop
  endfacet
  facet normal 0.737631 0.675204 0
    outer loop
      vertex -4.10255 0.383408 4
      vertex -4.13649 0.420486 3
      vertex -4.13649 0.420486 4
    endloop
  endfacet
  facet normal 0.737631 0.675204 0
    outer loop
      vertex -4.13649 0.420486 3
      vertex -4.10255 0.383408 4
      vertex -4.10255 0.383408 3
    endloop
  endfacet
  facet normal 0.703665 0.710532 -0
    outer loop
      vertex -4.06685 0.348053 3
      vertex -4.10255 0.383408 4
      vertex -4.06685 0.348053 4
    endloop
  endfacet
  facet normal 0.703665 0.710532 0
    outer loop
      vertex -4.10255 0.383408 4
      vertex -4.06685 0.348053 3
      vertex -4.10255 0.383408 3
    endloop
  endfacet
  facet normal 0.667766 0.744371 -0
    outer loop
      vertex -4.02943 0.314484 3
      vertex -4.06685 0.348053 4
      vertex -4.02943 0.314484 4
    endloop
  endfacet
  facet normal 0.667766 0.744371 0
    outer loop
      vertex -4.06685 0.348053 4
      vertex -4.02943 0.314484 3
      vertex -4.06685 0.348053 3
    endloop
  endfacet
  facet normal 0.630838 0.775914 -0
    outer loop
      vertex -3.99043 0.282776 3
      vertex -4.02943 0.314484 4
      vertex -3.99043 0.282776 4
    endloop
  endfacet
  facet normal 0.630838 0.775914 0
    outer loop
      vertex -4.02943 0.314484 4
      vertex -3.99043 0.282776 3
      vertex -4.02943 0.314484 3
    endloop
  endfacet
  facet normal 0.591691 0.806165 -0
    outer loop
      vertex -3.94991 0.253036 3
      vertex -3.99043 0.282776 4
      vertex -3.94991 0.253036 4
    endloop
  endfacet
  facet normal 0.591691 0.806165 0
    outer loop
      vertex -3.99043 0.282776 4
      vertex -3.94991 0.253036 3
      vertex -3.99043 0.282776 3
    endloop
  endfacet
  facet normal 0.551422 0.834227 -0
    outer loop
      vertex -3.90799 0.225327 3
      vertex -3.94991 0.253036 4
      vertex -3.90799 0.225327 4
    endloop
  endfacet
  facet normal 0.551422 0.834227 0
    outer loop
      vertex -3.94991 0.253036 4
      vertex -3.90799 0.225327 3
      vertex -3.94991 0.253036 3
    endloop
  endfacet
  facet normal 0.509969 0.860193 -0
    outer loop
      vertex -3.86475 0.199692 3
      vertex -3.90799 0.225327 4
      vertex -3.86475 0.199692 4
    endloop
  endfacet
  facet normal 0.509969 0.860193 0
    outer loop
      vertex -3.90799 0.225327 4
      vertex -3.86475 0.199692 3
      vertex -3.90799 0.225327 3
    endloop
  endfacet
  facet normal 0.466887 0.884317 -0
    outer loop
      vertex -3.8203 0.176224 3
      vertex -3.86475 0.199692 4
      vertex -3.8203 0.176224 4
    endloop
  endfacet
  facet normal 0.466887 0.884317 0
    outer loop
      vertex -3.86475 0.199692 4
      vertex -3.8203 0.176224 3
      vertex -3.86475 0.199692 3
    endloop
  endfacet
  facet normal 0.423272 0.906003 -0
    outer loop
      vertex -3.77477 0.154953 3
      vertex -3.8203 0.176224 4
      vertex -3.77477 0.154953 4
    endloop
  endfacet
  facet normal 0.423272 0.906003 0
    outer loop
      vertex -3.8203 0.176224 4
      vertex -3.77477 0.154953 3
      vertex -3.8203 0.176224 3
    endloop
  endfacet
  facet normal 0.378241 0.925707 -0
    outer loop
      vertex -3.72824 0.135941 3
      vertex -3.77477 0.154953 4
      vertex -3.72824 0.135941 4
    endloop
  endfacet
  facet normal 0.378241 0.925707 0
    outer loop
      vertex -3.77477 0.154953 4
      vertex -3.72824 0.135941 3
      vertex -3.77477 0.154953 3
    endloop
  endfacet
  facet normal 0.332131 0.943233 -0
    outer loop
      vertex -3.68083 0.119247 3
      vertex -3.72824 0.135941 4
      vertex -3.68083 0.119247 4
    endloop
  endfacet
  facet normal 0.332131 0.943233 0
    outer loop
      vertex -3.72824 0.135941 4
      vertex -3.68083 0.119247 3
      vertex -3.72824 0.135941 3
    endloop
  endfacet
  facet normal 0.28565 0.958334 -0
    outer loop
      vertex -3.63266 0.104889 3
      vertex -3.68083 0.119247 4
      vertex -3.63266 0.104889 4
    endloop
  endfacet
  facet normal 0.28565 0.958334 0
    outer loop
      vertex -3.68083 0.119247 4
      vertex -3.63266 0.104889 3
      vertex -3.68083 0.119247 3
    endloop
  endfacet
  facet normal 0.238048 0.971253 -0
    outer loop
      vertex -3.58385 0.092926 3
      vertex -3.63266 0.104889 4
      vertex -3.58385 0.092926 4
    endloop
  endfacet
  facet normal 0.238048 0.971253 0
    outer loop
      vertex -3.63266 0.104889 4
      vertex -3.58385 0.092926 3
      vertex -3.63266 0.104889 3
    endloop
  endfacet
  facet normal 0.190321 0.981722 -0
    outer loop
      vertex -3.5345 0.0833588 3
      vertex -3.58385 0.092926 4
      vertex -3.5345 0.0833588 4
    endloop
  endfacet
  facet normal 0.190321 0.981722 0
    outer loop
      vertex -3.58385 0.092926 4
      vertex -3.5345 0.0833588 3
      vertex -3.58385 0.092926 3
    endloop
  endfacet
  facet normal 0.141759 0.989901 -0
    outer loop
      vertex -3.48474 0.0762329 3
      vertex -3.5345 0.0833588 4
      vertex -3.48474 0.0762329 4
    endloop
  endfacet
  facet normal 0.141759 0.989901 0
    outer loop
      vertex -3.5345 0.0833588 4
      vertex -3.48474 0.0762329 3
      vertex -3.5345 0.0833588 3
    endloop
  endfacet
  facet normal 0.0932241 0.995645 -0
    outer loop
      vertex -3.43471 0.0715485 3
      vertex -3.48474 0.0762329 4
      vertex -3.43471 0.0715485 4
    endloop
  endfacet
  facet normal 0.0932241 0.995645 0
    outer loop
      vertex -3.48474 0.0762329 4
      vertex -3.43471 0.0715485 3
      vertex -3.48474 0.0762329 3
    endloop
  endfacet
  facet normal 0.0443172 0.999018 -0
    outer loop
      vertex -3.38449 0.0693207 3
      vertex -3.43471 0.0715485 4
      vertex -3.38449 0.0693207 4
    endloop
  endfacet
  facet normal 0.0443172 0.999018 0
    outer loop
      vertex -3.43471 0.0715485 4
      vertex -3.38449 0.0693207 3
      vertex -3.43471 0.0715485 3
    endloop
  endfacet
  facet normal -0.00485669 0.999988 0
    outer loop
      vertex -3.33423 0.0695648 3
      vertex -3.38449 0.0693207 4
      vertex -3.33423 0.0695648 4
    endloop
  endfacet
  facet normal -0.00485669 0.999988 0
    outer loop
      vertex -3.38449 0.0693207 4
      vertex -3.33423 0.0695648 3
      vertex -3.38449 0.0693207 3
    endloop
  endfacet
  facet normal -0.0932241 0.995645 0
    outer loop
      vertex 3.48474 0.0762329 3
      vertex 3.43471 0.0715485 4
      vertex 3.48474 0.0762329 4
    endloop
  endfacet
  facet normal -0.0932241 0.995645 0
    outer loop
      vertex 3.43471 0.0715485 4
      vertex 3.48474 0.0762329 3
      vertex 3.43471 0.0715485 3
    endloop
  endfacet
  facet normal -0.141759 0.989901 0
    outer loop
      vertex 3.5345 0.0833588 3
      vertex 3.48474 0.0762329 4
      vertex 3.5345 0.0833588 4
    endloop
  endfacet
  facet normal -0.141759 0.989901 0
    outer loop
      vertex 3.48474 0.0762329 4
      vertex 3.5345 0.0833588 3
      vertex 3.48474 0.0762329 3
    endloop
  endfacet
  facet normal -0.190321 0.981722 0
    outer loop
      vertex 3.58385 0.092926 3
      vertex 3.5345 0.0833588 4
      vertex 3.58385 0.092926 4
    endloop
  endfacet
  facet normal -0.190321 0.981722 0
    outer loop
      vertex 3.5345 0.0833588 4
      vertex 3.58385 0.092926 3
      vertex 3.5345 0.0833588 3
    endloop
  endfacet
  facet normal -0.238048 0.971253 0
    outer loop
      vertex 3.63266 0.104889 3
      vertex 3.58385 0.092926 4
      vertex 3.63266 0.104889 4
    endloop
  endfacet
  facet normal -0.238048 0.971253 0
    outer loop
      vertex 3.58385 0.092926 4
      vertex 3.63266 0.104889 3
      vertex 3.58385 0.092926 3
    endloop
  endfacet
  facet normal -0.28565 0.958334 0
    outer loop
      vertex 3.68083 0.119247 3
      vertex 3.63266 0.104889 4
      vertex 3.68083 0.119247 4
    endloop
  endfacet
  facet normal -0.28565 0.958334 0
    outer loop
      vertex 3.63266 0.104889 4
      vertex 3.68083 0.119247 3
      vertex 3.63266 0.104889 3
    endloop
  endfacet
  facet normal -0.332131 0.943233 0
    outer loop
      vertex 3.72824 0.135941 3
      vertex 3.68083 0.119247 4
      vertex 3.72824 0.135941 4
    endloop
  endfacet
  facet normal -0.332131 0.943233 0
    outer loop
      vertex 3.68083 0.119247 4
      vertex 3.72824 0.135941 3
      vertex 3.68083 0.119247 3
    endloop
  endfacet
  facet normal -0.378241 0.925707 0
    outer loop
      vertex 3.77477 0.154953 3
      vertex 3.72824 0.135941 4
      vertex 3.77477 0.154953 4
    endloop
  endfacet
  facet normal -0.378241 0.925707 0
    outer loop
      vertex 3.72824 0.135941 4
      vertex 3.77477 0.154953 3
      vertex 3.72824 0.135941 3
    endloop
  endfacet
  facet normal -0.423272 0.906003 0
    outer loop
      vertex 3.8203 0.176224 3
      vertex 3.77477 0.154953 4
      vertex 3.8203 0.176224 4
    endloop
  endfacet
  facet normal -0.423272 0.906003 0
    outer loop
      vertex 3.77477 0.154953 4
      vertex 3.8203 0.176224 3
      vertex 3.77477 0.154953 3
    endloop
  endfacet
  facet normal -0.466887 0.884317 0
    outer loop
      vertex 3.86475 0.199692 3
      vertex 3.8203 0.176224 4
      vertex 3.86475 0.199692 4
    endloop
  endfacet
  facet normal -0.466887 0.884317 0
    outer loop
      vertex 3.8203 0.176224 4
      vertex 3.86475 0.199692 3
      vertex 3.8203 0.176224 3
    endloop
  endfacet
  facet normal -0.509969 0.860193 0
    outer loop
      vertex 3.90799 0.225327 3
      vertex 3.86475 0.199692 4
      vertex 3.90799 0.225327 4
    endloop
  endfacet
  facet normal -0.509969 0.860193 0
    outer loop
      vertex 3.86475 0.199692 4
      vertex 3.90799 0.225327 3
      vertex 3.86475 0.199692 3
    endloop
  endfacet
  facet normal -0.551422 0.834227 0
    outer loop
      vertex 3.94991 0.253036 3
      vertex 3.90799 0.225327 4
      vertex 3.94991 0.253036 4
    endloop
  endfacet
  facet normal -0.551422 0.834227 0
    outer loop
      vertex 3.90799 0.225327 4
      vertex 3.94991 0.253036 3
      vertex 3.90799 0.225327 3
    endloop
  endfacet
  facet normal -0.591691 0.806165 0
    outer loop
      vertex 3.99043 0.282776 3
      vertex 3.94991 0.253036 4
      vertex 3.99043 0.282776 4
    endloop
  endfacet
  facet normal -0.591691 0.806165 0
    outer loop
      vertex 3.94991 0.253036 4
      vertex 3.99043 0.282776 3
      vertex 3.94991 0.253036 3
    endloop
  endfacet
  facet normal -0.630838 0.775914 0
    outer loop
      vertex 4.02943 0.314484 3
      vertex 3.99043 0.282776 4
      vertex 4.02943 0.314484 4
    endloop
  endfacet
  facet normal -0.630838 0.775914 0
    outer loop
      vertex 3.99043 0.282776 4
      vertex 4.02943 0.314484 3
      vertex 3.99043 0.282776 3
    endloop
  endfacet
  facet normal -0.667766 0.744371 0
    outer loop
      vertex 4.06685 0.348053 3
      vertex 4.02943 0.314484 4
      vertex 4.06685 0.348053 4
    endloop
  endfacet
  facet normal -0.667766 0.744371 0
    outer loop
      vertex 4.02943 0.314484 4
      vertex 4.06685 0.348053 3
      vertex 4.02943 0.314484 3
    endloop
  endfacet
  facet normal -0.703665 0.710532 0
    outer loop
      vertex 4.10255 0.383408 3
      vertex 4.06685 0.348053 4
      vertex 4.10255 0.383408 4
    endloop
  endfacet
  facet normal -0.703665 0.710532 0
    outer loop
      vertex 4.06685 0.348053 4
      vertex 4.10255 0.383408 3
      vertex 4.06685 0.348053 3
    endloop
  endfacet
  facet normal -0.737631 0.675204 0
    outer loop
      vertex 4.10255 0.383408 3
      vertex 4.13649 0.420486 4
      vertex 4.13649 0.420486 3
    endloop
  endfacet
  facet normal -0.737631 0.675204 0
    outer loop
      vertex 4.13649 0.420486 4
      vertex 4.10255 0.383408 3
      vertex 4.10255 0.383408 4
    endloop
  endfacet
  facet normal -0.769955 0.638098 0
    outer loop
      vertex 4.13649 0.420486 3
      vertex 4.16856 0.459183 4
      vertex 4.16856 0.459183 3
    endloop
  endfacet
  facet normal -0.769955 0.638098 0
    outer loop
      vertex 4.16856 0.459183 4
      vertex 4.13649 0.420486 3
      vertex 4.13649 0.420486 4
    endloop
  endfacet
  facet normal -0.800062 0.599917 0
    outer loop
      vertex 4.16856 0.459183 3
      vertex 4.19872 0.499405 4
      vertex 4.19872 0.499405 3
    endloop
  endfacet
  facet normal -0.800062 0.599917 0
    outer loop
      vertex 4.19872 0.499405 4
      vertex 4.16856 0.459183 3
      vertex 4.16856 0.459183 4
    endloop
  endfacet
  facet normal -0.828828 0.559503 0
    outer loop
      vertex 4.19872 0.499405 3
      vertex 4.22684 0.541061 4
      vertex 4.22684 0.541061 3
    endloop
  endfacet
  facet normal -0.828828 0.559503 0
    outer loop
      vertex 4.22684 0.541061 4
      vertex 4.19872 0.499405 3
      vertex 4.19872 0.499405 4
    endloop
  endfacet
  facet normal -0.855294 0.518143 0
    outer loop
      vertex 4.22684 0.541061 3
      vertex 4.25288 0.584045 4
      vertex 4.25288 0.584045 3
    endloop
  endfacet
  facet normal -0.855294 0.518143 0
    outer loop
      vertex 4.25288 0.584045 4
      vertex 4.22684 0.541061 3
      vertex 4.22684 0.541061 4
    endloop
  endfacet
  facet normal -0.879578 0.475754 0
    outer loop
      vertex 4.25288 0.584045 3
      vertex 4.27679 0.62825 4
      vertex 4.27679 0.62825 3
    endloop
  endfacet
  facet normal -0.879578 0.475754 0
    outer loop
      vertex 4.27679 0.62825 4
      vertex 4.25288 0.584045 3
      vertex 4.25288 0.584045 4
    endloop
  endfacet
  facet normal -0.901836 0.432079 0
    outer loop
      vertex 4.27679 0.62825 3
      vertex 4.29851 0.673584 4
      vertex 4.29851 0.673584 3
    endloop
  endfacet
  facet normal -0.901836 0.432079 0
    outer loop
      vertex 4.29851 0.673584 4
      vertex 4.27679 0.62825 3
      vertex 4.27679 0.62825 4
    endloop
  endfacet
  facet normal -0.921934 0.387347 0
    outer loop
      vertex 4.29851 0.673584 3
      vertex 4.31798 0.719925 4
      vertex 4.31798 0.719925 3
    endloop
  endfacet
  facet normal -0.921934 0.387347 0
    outer loop
      vertex 4.31798 0.719925 4
      vertex 4.29851 0.673584 3
      vertex 4.29851 0.673584 4
    endloop
  endfacet
  facet normal -0.939912 0.341417 0
    outer loop
      vertex 4.31798 0.719925 3
      vertex 4.33514 0.767166 4
      vertex 4.33514 0.767166 3
    endloop
  endfacet
  facet normal -0.939912 0.341417 0
    outer loop
      vertex 4.33514 0.767166 4
      vertex 4.31798 0.719925 3
      vertex 4.31798 0.719925 4
    endloop
  endfacet
  facet normal -0.955529 0.294897 0
    outer loop
      vertex 4.33514 0.767166 3
      vertex 4.34996 0.815186 4
      vertex 4.34996 0.815186 3
    endloop
  endfacet
  facet normal -0.955529 0.294897 0
    outer loop
      vertex 4.34996 0.815186 4
      vertex 4.33514 0.767166 3
      vertex 4.33514 0.767166 4
    endloop
  endfacet
  facet normal -0.968849 0.247653 0
    outer loop
      vertex 4.34996 0.815186 3
      vertex 4.36241 0.863892 4
      vertex 4.36241 0.863892 3
    endloop
  endfacet
  facet normal -0.968849 0.247653 0
    outer loop
      vertex 4.36241 0.863892 4
      vertex 4.34996 0.815186 3
      vertex 4.34996 0.815186 4
    endloop
  endfacet
  facet normal -0.979761 0.200171 0
    outer loop
      vertex 4.36241 0.863892 3
      vertex 4.37247 0.913132 4
      vertex 4.37247 0.913132 3
    endloop
  endfacet
  facet normal -0.979761 0.200171 0
    outer loop
      vertex 4.37247 0.913132 4
      vertex 4.36241 0.863892 3
      vertex 4.36241 0.863892 4
    endloop
  endfacet
  facet normal -0.988471 0.151408 0
    outer loop
      vertex 4.37247 0.913132 3
      vertex 4.38008 0.962814 4
      vertex 4.38008 0.962814 3
    endloop
  endfacet
  facet normal -0.988471 0.151408 0
    outer loop
      vertex 4.38008 0.962814 4
      vertex 4.37247 0.913132 3
      vertex 4.37247 0.913132 4
    endloop
  endfacet
  facet normal -0.994694 0.10288 0
    outer loop
      vertex 4.38008 0.962814 3
      vertex 4.38525 1.0128 4
      vertex 4.38525 1.0128 3
    endloop
  endfacet
  facet normal -0.994694 0.10288 0
    outer loop
      vertex 4.38525 1.0128 4
      vertex 4.38008 0.962814 3
      vertex 4.38008 0.962814 4
    endloop
  endfacet
  facet normal -0.998535 0.0541147 0
    outer loop
      vertex 4.38525 1.0128 3
      vertex 4.38797 1.06299 4
      vertex 4.38797 1.06299 3
    endloop
  endfacet
  facet normal -0.998535 0.0541147 0
    outer loop
      vertex 4.38797 1.06299 4
      vertex 4.38525 1.0128 3
      vertex 4.38525 1.0128 4
    endloop
  endfacet
  facet normal -0.999989 0.00477511 0
    outer loop
      vertex 4.38797 1.06299 3
      vertex 4.38821 1.11325 4
      vertex 4.38821 1.11325 3
    endloop
  endfacet
  facet normal -0.999989 0.00477511 0
    outer loop
      vertex 4.38821 1.11325 4
      vertex 4.38797 1.06299 3
      vertex 4.38797 1.06299 4
    endloop
  endfacet
  facet normal -0.999024 -0.0441624 0
    outer loop
      vertex 4.38821 1.11325 3
      vertex 4.38599 1.16347 4
      vertex 4.38599 1.16347 3
    endloop
  endfacet
  facet normal -0.999024 -0.0441624 0
    outer loop
      vertex 4.38599 1.16347 4
      vertex 4.38821 1.11325 3
      vertex 4.38821 1.11325 4
    endloop
  endfacet
  facet normal -0.995675 -0.0929032 0
    outer loop
      vertex 4.38599 1.16347 3
      vertex 4.38132 1.21352 4
      vertex 4.38132 1.21352 3
    endloop
  endfacet
  facet normal -0.995675 -0.0929032 0
    outer loop
      vertex 4.38132 1.21352 4
      vertex 4.38599 1.16347 3
      vertex 4.38599 1.16347 4
    endloop
  endfacet
  facet normal -0.989854 -0.14209 0
    outer loop
      vertex 4.38132 1.21352 3
      vertex 4.37418 1.26326 4
      vertex 4.37418 1.26326 3
    endloop
  endfacet
  facet normal -0.989854 -0.14209 0
    outer loop
      vertex 4.37418 1.26326 4
      vertex 4.38132 1.21352 3
      vertex 4.38132 1.21352 4
    endloop
  endfacet
  facet normal -0.981749 -0.190183 0
    outer loop
      vertex 4.37418 1.26326 3
      vertex 4.36462 1.31261 4
      vertex 4.36462 1.31261 3
    endloop
  endfacet
  facet normal -0.981749 -0.190183 0
    outer loop
      vertex 4.36462 1.31261 4
      vertex 4.37418 1.26326 3
      vertex 4.37418 1.26326 4
    endloop
  endfacet
  facet normal -0.971221 -0.238179 0
    outer loop
      vertex 4.36462 1.31261 3
      vertex 4.35265 1.36142 4
      vertex 4.35265 1.36142 3
    endloop
  endfacet
  facet normal -0.971221 -0.238179 0
    outer loop
      vertex 4.35265 1.36142 4
      vertex 4.36462 1.31261 3
      vertex 4.36462 1.31261 4
    endloop
  endfacet
  facet normal -0.958323 -0.285687 0
    outer loop
      vertex 4.35265 1.36142 3
      vertex 4.33829 1.40959 4
      vertex 4.33829 1.40959 3
    endloop
  endfacet
  facet normal -0.958323 -0.285687 0
    outer loop
      vertex 4.33829 1.40959 4
      vertex 4.35265 1.36142 3
      vertex 4.35265 1.36142 4
    endloop
  endfacet
  facet normal -0.943196 -0.332237 0
    outer loop
      vertex 4.33829 1.40959 3
      vertex 4.32159 1.457 4
      vertex 4.32159 1.457 3
    endloop
  endfacet
  facet normal -0.943196 -0.332237 0
    outer loop
      vertex 4.32159 1.457 4
      vertex 4.33829 1.40959 3
      vertex 4.33829 1.40959 4
    endloop
  endfacet
  facet normal -0.925693 -0.378276 0
    outer loop
      vertex 4.32159 1.457 3
      vertex 4.30258 1.50352 4
      vertex 4.30258 1.50352 3
    endloop
  endfacet
  facet normal -0.925693 -0.378276 0
    outer loop
      vertex 4.30258 1.50352 4
      vertex 4.32159 1.457 3
      vertex 4.32159 1.457 4
    endloop
  endfacet
  facet normal -0.906081 -0.423103 0
    outer loop
      vertex 4.30258 1.50352 3
      vertex 4.28131 1.54907 4
      vertex 4.28131 1.54907 3
    endloop
  endfacet
  facet normal -0.906081 -0.423103 0
    outer loop
      vertex 4.28131 1.54907 4
      vertex 4.30258 1.50352 3
      vertex 4.30258 1.50352 4
    endloop
  endfacet
  facet normal -0.884257 -0.467001 0
    outer loop
      vertex 4.28131 1.54907 3
      vertex 4.25784 1.59351 4
      vertex 4.25784 1.59351 3
    endloop
  endfacet
  facet normal -0.884257 -0.467001 0
    outer loop
      vertex 4.25784 1.59351 4
      vertex 4.28131 1.54907 3
      vertex 4.28131 1.54907 4
    endloop
  endfacet
  facet normal -0.860237 -0.509895 0
    outer loop
      vertex 4.25784 1.59351 3
      vertex 4.23221 1.63675 4
      vertex 4.23221 1.63675 3
    endloop
  endfacet
  facet normal -0.860237 -0.509895 0
    outer loop
      vertex 4.23221 1.63675 4
      vertex 4.25784 1.59351 3
      vertex 4.25784 1.59351 4
    endloop
  endfacet
  facet normal -0.834278 -0.551344 0
    outer loop
      vertex 4.23221 1.63675 3
      vertex 4.2045 1.67868 4
      vertex 4.2045 1.67868 3
    endloop
  endfacet
  facet normal -0.834278 -0.551344 0
    outer loop
      vertex 4.2045 1.67868 4
      vertex 4.23221 1.63675 3
      vertex 4.23221 1.63675 4
    endloop
  endfacet
  facet normal -0.806095 -0.591786 0
    outer loop
      vertex 4.2045 1.67868 3
      vertex 4.17476 1.71919 4
      vertex 4.17476 1.71919 3
    endloop
  endfacet
  facet normal -0.806095 -0.591786 0
    outer loop
      vertex 4.17476 1.71919 4
      vertex 4.2045 1.67868 3
      vertex 4.2045 1.67868 4
    endloop
  endfacet
  facet normal -0.77609 -0.630623 0
    outer loop
      vertex 4.17476 1.71919 3
      vertex 4.14307 1.75819 4
      vertex 4.14307 1.75819 3
    endloop
  endfacet
  facet normal -0.77609 -0.630623 0
    outer loop
      vertex 4.14307 1.75819 4
      vertex 4.17476 1.71919 3
      vertex 4.17476 1.71919 4
    endloop
  endfacet
  facet normal -0.744361 -0.667777 0
    outer loop
      vertex 4.14307 1.75819 3
      vertex 4.1095 1.79561 4
      vertex 4.1095 1.79561 3
    endloop
  endfacet
  facet normal -0.744361 -0.667777 0
    outer loop
      vertex 4.1095 1.79561 4
      vertex 4.14307 1.75819 3
      vertex 4.14307 1.75819 4
    endloop
  endfacet
  facet normal -0.710382 -0.703816 0
    outer loop
      vertex 4.1095 1.79561 3
      vertex 4.07413 1.83131 4
      vertex 4.07413 1.83131 3
    endloop
  endfacet
  facet normal -0.710382 -0.703816 0
    outer loop
      vertex 4.07413 1.83131 4
      vertex 4.1095 1.79561 3
      vertex 4.1095 1.79561 4
    endloop
  endfacet
  facet normal -0.675184 -0.737649 0
    outer loop
      vertex 4.03705 1.86525 3
      vertex 4.07413 1.83131 4
      vertex 4.03705 1.86525 4
    endloop
  endfacet
  facet normal -0.675184 -0.737649 -0
    outer loop
      vertex 4.07413 1.83131 4
      vertex 4.03705 1.86525 3
      vertex 4.07413 1.83131 3
    endloop
  endfacet
  facet normal -0.638304 -0.769784 0
    outer loop
      vertex 3.99835 1.89734 3
      vertex 4.03705 1.86525 4
      vertex 3.99835 1.89734 4
    endloop
  endfacet
  facet normal -0.638304 -0.769784 -0
    outer loop
      vertex 4.03705 1.86525 4
      vertex 3.99835 1.89734 3
      vertex 4.03705 1.86525 3
    endloop
  endfacet
  facet normal -0.599554 -0.800334 0
    outer loop
      vertex 3.95813 1.92747 3
      vertex 3.99835 1.89734 4
      vertex 3.95813 1.92747 4
    endloop
  endfacet
  facet normal -0.599554 -0.800334 -0
    outer loop
      vertex 3.99835 1.89734 4
      vertex 3.95813 1.92747 3
      vertex 3.99835 1.89734 3
    endloop
  endfacet
  facet normal -0.559603 -0.828761 0
    outer loop
      vertex 3.91647 1.9556 3
      vertex 3.95813 1.92747 4
      vertex 3.91647 1.9556 4
    endloop
  endfacet
  facet normal -0.559603 -0.828761 -0
    outer loop
      vertex 3.95813 1.92747 4
      vertex 3.91647 1.9556 3
      vertex 3.95813 1.92747 3
    endloop
  endfacet
  facet normal -0.518178 -0.855273 0
    outer loop
      vertex 3.87349 1.98164 3
      vertex 3.91647 1.9556 4
      vertex 3.87349 1.98164 4
    endloop
  endfacet
  facet normal -0.518178 -0.855273 -0
    outer loop
      vertex 3.91647 1.9556 4
      vertex 3.87349 1.98164 3
      vertex 3.91647 1.9556 3
    endloop
  endfacet
  facet normal -0.475713 -0.879601 0
    outer loop
      vertex 3.82928 2.00555 3
      vertex 3.87349 1.98164 4
      vertex 3.82928 2.00555 4
    endloop
  endfacet
  facet normal -0.475713 -0.879601 -0
    outer loop
      vertex 3.87349 1.98164 4
      vertex 3.82928 2.00555 3
      vertex 3.87349 1.98164 3
    endloop
  endfacet
  facet normal -0.43211 -0.901821 0
    outer loop
      vertex 3.78395 2.02727 3
      vertex 3.82928 2.00555 4
      vertex 3.78395 2.02727 4
    endloop
  endfacet
  facet normal -0.43211 -0.901821 -0
    outer loop
      vertex 3.82928 2.00555 4
      vertex 3.78395 2.02727 3
      vertex 3.82928 2.00555 3
    endloop
  endfacet
  facet normal -0.387354 -0.921931 0
    outer loop
      vertex 3.73761 2.04674 3
      vertex 3.78395 2.02727 4
      vertex 3.73761 2.04674 4
    endloop
  endfacet
  facet normal -0.387354 -0.921931 -0
    outer loop
      vertex 3.78395 2.02727 4
      vertex 3.73761 2.04674 3
      vertex 3.78395 2.02727 3
    endloop
  endfacet
  facet normal -0.341424 -0.93991 0
    outer loop
      vertex 3.69037 2.0639 3
      vertex 3.73761 2.04674 4
      vertex 3.69037 2.0639 4
    endloop
  endfacet
  facet normal -0.341424 -0.93991 -0
    outer loop
      vertex 3.73761 2.04674 4
      vertex 3.69037 2.0639 3
      vertex 3.73761 2.04674 3
    endloop
  endfacet
  facet normal -0.294897 -0.955529 0
    outer loop
      vertex 3.64235 2.07872 3
      vertex 3.69037 2.0639 4
      vertex 3.64235 2.07872 4
    endloop
  endfacet
  facet normal -0.294897 -0.955529 -0
    outer loop
      vertex 3.69037 2.0639 4
      vertex 3.64235 2.07872 3
      vertex 3.69037 2.0639 3
    endloop
  endfacet
  facet normal -0.247729 -0.968829 0
    outer loop
      vertex 3.59366 2.09117 3
      vertex 3.64235 2.07872 4
      vertex 3.59366 2.09117 4
    endloop
  endfacet
  facet normal -0.247729 -0.968829 -0
    outer loop
      vertex 3.64235 2.07872 4
      vertex 3.59366 2.09117 3
      vertex 3.64235 2.07872 3
    endloop
  endfacet
  facet normal -0.200093 -0.979777 0
    outer loop
      vertex 3.5444 2.10123 3
      vertex 3.59366 2.09117 4
      vertex 3.5444 2.10123 4
    endloop
  endfacet
  facet normal -0.200093 -0.979777 -0
    outer loop
      vertex 3.59366 2.09117 4
      vertex 3.5444 2.10123 3
      vertex 3.59366 2.09117 3
    endloop
  endfacet
  facet normal -0.151414 -0.98847 0
    outer loop
      vertex 3.49472 2.10884 3
      vertex 3.5444 2.10123 4
      vertex 3.49472 2.10884 4
    endloop
  endfacet
  facet normal -0.151414 -0.98847 -0
    outer loop
      vertex 3.5444 2.10123 4
      vertex 3.49472 2.10884 3
      vertex 3.5444 2.10123 3
    endloop
  endfacet
  facet normal -0.102872 -0.994695 0
    outer loop
      vertex 3.44473 2.11401 3
      vertex 3.49472 2.10884 4
      vertex 3.44473 2.11401 4
    endloop
  endfacet
  facet normal -0.102872 -0.994695 -0
    outer loop
      vertex 3.49472 2.10884 4
      vertex 3.44473 2.11401 3
      vertex 3.49472 2.10884 3
    endloop
  endfacet
  facet normal -0.0541254 -0.998534 0
    outer loop
      vertex 3.39455 2.11673 3
      vertex 3.44473 2.11401 4
      vertex 3.39455 2.11673 4
    endloop
  endfacet
  facet normal -0.0541254 -0.998534 -0
    outer loop
      vertex 3.44473 2.11401 4
      vertex 3.39455 2.11673 3
      vertex 3.44473 2.11401 3
    endloop
  endfacet
  facet normal -0.00477416 -0.999989 0
    outer loop
      vertex 3.34428 2.11697 3
      vertex 3.39455 2.11673 4
      vertex 3.34428 2.11697 4
    endloop
  endfacet
  facet normal -0.00477416 -0.999989 -0
    outer loop
      vertex 3.39455 2.11673 4
      vertex 3.34428 2.11697 3
      vertex 3.39455 2.11673 3
    endloop
  endfacet
  facet normal 0.0439726 -0.999033 0
    outer loop
      vertex 3.29407 2.11476 3
      vertex 3.34428 2.11697 4
      vertex 3.29407 2.11476 4
    endloop
  endfacet
  facet normal 0.0439726 -0.999033 0
    outer loop
      vertex 3.34428 2.11697 4
      vertex 3.29407 2.11476 3
      vertex 3.34428 2.11697 3
    endloop
  endfacet
  facet normal 0.0931004 -0.995657 0
    outer loop
      vertex 3.24402 2.11008 3
      vertex 3.29407 2.11476 4
      vertex 3.24402 2.11008 4
    endloop
  endfacet
  facet normal 0.0931004 -0.995657 0
    outer loop
      vertex 3.29407 2.11476 4
      vertex 3.24402 2.11008 3
      vertex 3.29407 2.11476 3
    endloop
  endfacet
  facet normal 0.141867 -0.989886 0
    outer loop
      vertex 3.19427 2.10295 3
      vertex 3.24402 2.11008 4
      vertex 3.19427 2.10295 4
    endloop
  endfacet
  facet normal 0.141867 -0.989886 0
    outer loop
      vertex 3.24402 2.11008 4
      vertex 3.19427 2.10295 3
      vertex 3.24402 2.11008 3
    endloop
  endfacet
  facet normal 0.190412 -0.981704 0
    outer loop
      vertex 3.14493 2.09338 3
      vertex 3.19427 2.10295 4
      vertex 3.14493 2.09338 4
    endloop
  endfacet
  facet normal 0.190412 -0.981704 0
    outer loop
      vertex 3.19427 2.10295 4
      vertex 3.14493 2.09338 3
      vertex 3.19427 2.10295 3
    endloop
  endfacet
  facet normal 0.238179 -0.971221 0
    outer loop
      vertex 3.09612 2.08141 3
      vertex 3.14493 2.09338 4
      vertex 3.09612 2.08141 4
    endloop
  endfacet
  facet normal 0.238179 -0.971221 0
    outer loop
      vertex 3.14493 2.09338 4
      vertex 3.09612 2.08141 3
      vertex 3.14493 2.09338 3
    endloop
  endfacet
  facet normal 0.285632 -0.958339 0
    outer loop
      vertex 3.04794 2.06705 3
      vertex 3.09612 2.08141 4
      vertex 3.04794 2.06705 4
    endloop
  endfacet
  facet normal 0.285632 -0.958339 0
    outer loop
      vertex 3.09612 2.08141 4
      vertex 3.04794 2.06705 3
      vertex 3.09612 2.08141 3
    endloop
  endfacet
  facet normal 0.332237 -0.943196 0
    outer loop
      vertex 3.00053 2.05035 3
      vertex 3.04794 2.06705 4
      vertex 3.00053 2.05035 4
    endloop
  endfacet
  facet normal 0.332237 -0.943196 0
    outer loop
      vertex 3.04794 2.06705 4
      vertex 3.00053 2.05035 3
      vertex 3.04794 2.06705 3
    endloop
  endfacet
  facet normal 0.378276 -0.925693 0
    outer loop
      vertex 2.95401 2.03134 3
      vertex 3.00053 2.05035 4
      vertex 2.95401 2.03134 4
    endloop
  endfacet
  facet normal 0.378276 -0.925693 0
    outer loop
      vertex 3.00053 2.05035 4
      vertex 2.95401 2.03134 3
      vertex 3.00053 2.05035 3
    endloop
  endfacet
  facet normal 0.422929 -0.906163 0
    outer loop
      vertex 2.90848 2.01009 3
      vertex 2.95401 2.03134 4
      vertex 2.90848 2.01009 4
    endloop
  endfacet
  facet normal 0.422929 -0.906163 0
    outer loop
      vertex 2.95401 2.03134 4
      vertex 2.90848 2.01009 3
      vertex 2.95401 2.03134 3
    endloop
  endfacet
  facet normal 0.46723 -0.884136 0
    outer loop
      vertex 2.86403 1.9866 3
      vertex 2.90848 2.01009 4
      vertex 2.86403 1.9866 4
    endloop
  endfacet
  facet normal 0.46723 -0.884136 0
    outer loop
      vertex 2.90848 2.01009 4
      vertex 2.86403 1.9866 3
      vertex 2.90848 2.01009 3
    endloop
  endfacet
  facet normal 0.509748 -0.860324 0
    outer loop
      vertex 2.82079 1.96098 3
      vertex 2.86403 1.9866 4
      vertex 2.82079 1.96098 4
    endloop
  endfacet
  facet normal 0.509748 -0.860324 0
    outer loop
      vertex 2.86403 1.9866 4
      vertex 2.82079 1.96098 3
      vertex 2.86403 1.9866 3
    endloop
  endfacet
  facet normal 0.551574 -0.834126 0
    outer loop
      vertex 2.77887 1.93326 3
      vertex 2.82079 1.96098 4
      vertex 2.77887 1.93326 4
    endloop
  endfacet
  facet normal 0.551574 -0.834126 0
    outer loop
      vertex 2.82079 1.96098 4
      vertex 2.77887 1.93326 3
      vertex 2.82079 1.96098 3
    endloop
  endfacet
  facet normal 0.591596 -0.806234 0
    outer loop
      vertex 2.73834 1.90352 3
      vertex 2.77887 1.93326 4
      vertex 2.73834 1.90352 4
    endloop
  endfacet
  facet normal 0.591596 -0.806234 0
    outer loop
      vertex 2.77887 1.93326 4
      vertex 2.73834 1.90352 3
      vertex 2.77887 1.93326 3
    endloop
  endfacet
  facet normal 0.630623 -0.77609 0
    outer loop
      vertex 2.69934 1.87183 3
      vertex 2.73834 1.90352 4
      vertex 2.69934 1.87183 4
    endloop
  endfacet
  facet normal 0.630623 -0.77609 0
    outer loop
      vertex 2.73834 1.90352 4
      vertex 2.69934 1.87183 3
      vertex 2.73834 1.90352 3
    endloop
  endfacet
  facet normal 0.667876 -0.744273 0
    outer loop
      vertex 2.66193 1.83826 3
      vertex 2.69934 1.87183 4
      vertex 2.66193 1.83826 4
    endloop
  endfacet
  facet normal 0.667876 -0.744273 0
    outer loop
      vertex 2.69934 1.87183 4
      vertex 2.66193 1.83826 3
      vertex 2.69934 1.87183 3
    endloop
  endfacet
  facet normal 0.703716 -0.710481 0
    outer loop
      vertex 2.62622 1.80289 3
      vertex 2.66193 1.83826 4
      vertex 2.62622 1.80289 4
    endloop
  endfacet
  facet normal 0.703716 -0.710481 0
    outer loop
      vertex 2.66193 1.83826 4
      vertex 2.62622 1.80289 3
      vertex 2.66193 1.83826 3
    endloop
  endfacet
  facet normal 0.737748 -0.675076 0
    outer loop
      vertex 2.59229 1.76581 4
      vertex 2.62622 1.80289 3
      vertex 2.62622 1.80289 4
    endloop
  endfacet
  facet normal 0.737748 -0.675076 0
    outer loop
      vertex 2.62622 1.80289 3
      vertex 2.59229 1.76581 4
      vertex 2.59229 1.76581 3
    endloop
  endfacet
  facet normal 0.769882 -0.638186 0
    outer loop
      vertex 2.56021 1.72711 4
      vertex 2.59229 1.76581 3
      vertex 2.59229 1.76581 4
    endloop
  endfacet
  facet normal 0.769882 -0.638186 0
    outer loop
      vertex 2.59229 1.76581 3
      vertex 2.56021 1.72711 4
      vertex 2.56021 1.72711 3
    endloop
  endfacet
  facet normal 0.800143 -0.599809 0
    outer loop
      vertex 2.53006 1.68689 4
      vertex 2.56021 1.72711 3
      vertex 2.56021 1.72711 4
    endloop
  endfacet
  facet normal 0.800143 -0.599809 0
    outer loop
      vertex 2.56021 1.72711 3
      vertex 2.53006 1.68689 4
      vertex 2.53006 1.68689 3
    endloop
  endfacet
  facet normal 0.828853 -0.559466 0
    outer loop
      vertex 2.50194 1.64523 4
      vertex 2.53006 1.68689 3
      vertex 2.53006 1.68689 4
    endloop
  endfacet
  facet normal 0.828853 -0.559466 0
    outer loop
      vertex 2.53006 1.68689 3
      vertex 2.50194 1.64523 4
      vertex 2.50194 1.64523 3
    endloop
  endfacet
  facet normal 0.855131 -0.518412 0
    outer loop
      vertex 2.47589 1.60226 4
      vertex 2.50194 1.64523 3
      vertex 2.50194 1.64523 4
    endloop
  endfacet
  facet normal 0.855131 -0.518412 0
    outer loop
      vertex 2.50194 1.64523 3
      vertex 2.47589 1.60226 4
      vertex 2.47589 1.60226 3
    endloop
  endfacet
  facet normal 0.879646 -0.475629 0
    outer loop
      vertex 2.45198 1.55804 4
      vertex 2.47589 1.60226 3
      vertex 2.47589 1.60226 4
    endloop
  endfacet
  facet normal 0.879646 -0.475629 0
    outer loop
      vertex 2.47589 1.60226 3
      vertex 2.45198 1.55804 4
      vertex 2.45198 1.55804 3
    endloop
  endfacet
  facet normal 0.901898 -0.431948 0
    outer loop
      vertex 2.43027 1.51271 4
      vertex 2.45198 1.55804 3
      vertex 2.45198 1.55804 4
    endloop
  endfacet
  facet normal 0.901898 -0.431948 0
    outer loop
      vertex 2.45198 1.55804 3
      vertex 2.43027 1.51271 4
      vertex 2.43027 1.51271 3
    endloop
  endfacet
  facet normal 0.921931 -0.387354 0
    outer loop
      vertex 2.4108 1.46637 4
      vertex 2.43027 1.51271 3
      vertex 2.43027 1.51271 4
    endloop
  endfacet
  facet normal 0.921931 -0.387354 0
    outer loop
      vertex 2.43027 1.51271 3
      vertex 2.4108 1.46637 4
      vertex 2.4108 1.46637 3
    endloop
  endfacet
  facet normal 0.939822 -0.341663 0
    outer loop
      vertex 2.39363 1.41914 4
      vertex 2.4108 1.46637 3
      vertex 2.4108 1.46637 4
    endloop
  endfacet
  facet normal 0.939822 -0.341663 0
    outer loop
      vertex 2.4108 1.46637 3
      vertex 2.39363 1.41914 4
      vertex 2.39363 1.41914 3
    endloop
  endfacet
  facet normal 0.955546 -0.294841 0
    outer loop
      vertex 2.37881 1.37111 4
      vertex 2.39363 1.41914 3
      vertex 2.39363 1.41914 4
    endloop
  endfacet
  facet normal 0.955546 -0.294841 0
    outer loop
      vertex 2.39363 1.41914 3
      vertex 2.37881 1.37111 4
      vertex 2.37881 1.37111 3
    endloop
  endfacet
  facet normal 0.968829 -0.247729 0
    outer loop
      vertex 2.36636 1.32242 4
      vertex 2.37881 1.37111 3
      vertex 2.37881 1.37111 4
    endloop
  endfacet
  facet normal 0.968829 -0.247729 0
    outer loop
      vertex 2.37881 1.37111 3
      vertex 2.36636 1.32242 4
      vertex 2.36636 1.32242 3
    endloop
  endfacet
  facet normal 0.979816 -0.199902 0
    outer loop
      vertex 2.35631 1.27316 4
      vertex 2.36636 1.32242 3
      vertex 2.36636 1.32242 4
    endloop
  endfacet
  facet normal 0.979816 -0.199902 0
    outer loop
      vertex 2.36636 1.32242 3
      vertex 2.35631 1.27316 4
      vertex 2.35631 1.27316 3
    endloop
  endfacet
  facet normal 0.988431 -0.151668 0
    outer loop
      vertex 2.34869 1.2235 4
      vertex 2.35631 1.27316 3
      vertex 2.35631 1.27316 4
    endloop
  endfacet
  facet normal 0.988431 -0.151668 0
    outer loop
      vertex 2.35631 1.27316 3
      vertex 2.34869 1.2235 4
      vertex 2.34869 1.2235 3
    endloop
  endfacet
  facet normal 0.994699 -0.102831 0
    outer loop
      vertex 2.34352 1.17349 4
      vertex 2.34869 1.2235 3
      vertex 2.34869 1.2235 4
    endloop
  endfacet
  facet normal 0.994699 -0.102831 0
    outer loop
      vertex 2.34869 1.2235 3
      vertex 2.34352 1.17349 4
      vertex 2.34352 1.17349 3
    endloop
  endfacet
  facet normal 0.998545 -0.053927 0
    outer loop
      vertex 2.34081 1.12331 4
      vertex 2.34352 1.17349 3
      vertex 2.34352 1.17349 4
    endloop
  endfacet
  facet normal 0.998545 -0.053927 0
    outer loop
      vertex 2.34352 1.17349 3
      vertex 2.34081 1.12331 4
      vertex 2.34081 1.12331 3
    endloop
  endfacet
  facet normal 0.999988 -0.00497308 0
    outer loop
      vertex 2.34056 1.07304 4
      vertex 2.34081 1.12331 3
      vertex 2.34081 1.12331 4
    endloop
  endfacet
  facet normal 0.999988 -0.00497308 0
    outer loop
      vertex 2.34081 1.12331 3
      vertex 2.34056 1.07304 4
      vertex 2.34056 1.07304 3
    endloop
  endfacet
  facet normal 0.999015 0.0443697 0
    outer loop
      vertex 2.34279 1.02283 4
      vertex 2.34056 1.07304 3
      vertex 2.34056 1.07304 4
    endloop
  endfacet
  facet normal 0.999015 0.0443697 0
    outer loop
      vertex 2.34056 1.07304 3
      vertex 2.34279 1.02283 4
      vertex 2.34279 1.02283 3
    endloop
  endfacet
  facet normal 0.995673 0.0929289 0
    outer loop
      vertex 2.34746 0.972794 4
      vertex 2.34279 1.02283 3
      vertex 2.34279 1.02283 4
    endloop
  endfacet
  facet normal 0.995673 0.0929289 0
    outer loop
      vertex 2.34279 1.02283 3
      vertex 2.34746 0.972794 4
      vertex 2.34746 0.972794 3
    endloop
  endfacet
  facet normal 0.989861 0.142037 0
    outer loop
      vertex 2.3546 0.923035 4
      vertex 2.34746 0.972794 3
      vertex 2.34746 0.972794 4
    endloop
  endfacet
  facet normal 0.989861 0.142037 0
    outer loop
      vertex 2.34746 0.972794 3
      vertex 2.3546 0.923035 4
      vertex 2.3546 0.923035 3
    endloop
  endfacet
  facet normal 0.981784 0.190002 0
    outer loop
      vertex 2.36415 0.873688 4
      vertex 2.3546 0.923035 3
      vertex 2.3546 0.923035 4
    endloop
  endfacet
  facet normal 0.981784 0.190002 0
    outer loop
      vertex 2.3546 0.923035 3
      vertex 2.36415 0.873688 4
      vertex 2.36415 0.873688 3
    endloop
  endfacet
  facet normal 0.971179 0.238353 0
    outer loop
      vertex 2.37613 0.824875 4
      vertex 2.36415 0.873688 3
      vertex 2.36415 0.873688 4
    endloop
  endfacet
  facet normal 0.971179 0.238353 0
    outer loop
      vertex 2.36415 0.873688 3
      vertex 2.37613 0.824875 4
      vertex 2.37613 0.824875 3
    endloop
  endfacet
  facet normal 0.958326 0.285676 0
    outer loop
      vertex 2.39049 0.776703 4
      vertex 2.37613 0.824875 3
      vertex 2.37613 0.824875 4
    endloop
  endfacet
  facet normal 0.958326 0.285676 0
    outer loop
      vertex 2.37613 0.824875 3
      vertex 2.39049 0.776703 4
      vertex 2.39049 0.776703 3
    endloop
  endfacet
  facet normal 0.943223 0.33216 0
    outer loop
      vertex 2.40718 0.729309 4
      vertex 2.39049 0.776703 3
      vertex 2.39049 0.776703 4
    endloop
  endfacet
  facet normal 0.943223 0.33216 0
    outer loop
      vertex 2.39049 0.776703 3
      vertex 2.40718 0.729309 4
      vertex 2.40718 0.729309 3
    endloop
  endfacet
  facet normal 0.925747 0.378144 0
    outer loop
      vertex 2.42619 0.68277 4
      vertex 2.40718 0.729309 3
      vertex 2.40718 0.729309 4
    endloop
  endfacet
  facet normal 0.925747 0.378144 0
    outer loop
      vertex 2.40718 0.729309 3
      vertex 2.42619 0.68277 4
      vertex 2.42619 0.68277 3
    endloop
  endfacet
  facet normal 0.906094 0.423077 0
    outer loop
      vertex 2.44745 0.637238 4
      vertex 2.42619 0.68277 3
      vertex 2.42619 0.68277 4
    endloop
  endfacet
  facet normal 0.906094 0.423077 0
    outer loop
      vertex 2.42619 0.68277 3
      vertex 2.44745 0.637238 4
      vertex 2.44745 0.637238 3
    endloop
  endfacet
  facet normal 0.884214 0.467082 0
    outer loop
      vertex 2.47093 0.592789 4
      vertex 2.44745 0.637238 3
      vertex 2.44745 0.637238 4
    endloop
  endfacet
  facet normal 0.884214 0.467082 0
    outer loop
      vertex 2.44745 0.637238 3
      vertex 2.47093 0.592789 4
      vertex 2.47093 0.592789 3
    endloop
  endfacet
  facet normal 0.860262 0.509853 0
    outer loop
      vertex 2.49655 0.549561 4
      vertex 2.47093 0.592789 3
      vertex 2.47093 0.592789 4
    endloop
  endfacet
  facet normal 0.860262 0.509853 0
    outer loop
      vertex 2.47093 0.592789 3
      vertex 2.49655 0.549561 4
      vertex 2.49655 0.549561 3
    endloop
  endfacet
  facet normal 0.834107 0.551602 0
    outer loop
      vertex 2.52428 0.507629 4
      vertex 2.49655 0.549561 3
      vertex 2.49655 0.549561 4
    endloop
  endfacet
  facet normal 0.834107 0.551602 0
    outer loop
      vertex 2.49655 0.549561 3
      vertex 2.52428 0.507629 4
      vertex 2.52428 0.507629 3
    endloop
  endfacet
  facet normal 0.806213 0.591625 0
    outer loop
      vertex 2.55402 0.467102 4
      vertex 2.52428 0.507629 3
      vertex 2.52428 0.507629 4
    endloop
  endfacet
  facet normal 0.806213 0.591625 0
    outer loop
      vertex 2.52428 0.507629 3
      vertex 2.55402 0.467102 4
      vertex 2.55402 0.467102 3
    endloop
  endfacet
  facet normal 0.776098 0.630613 0
    outer loop
      vertex 2.58571 0.428101 4
      vertex 2.55402 0.467102 3
      vertex 2.55402 0.467102 4
    endloop
  endfacet
  facet normal 0.776098 0.630613 0
    outer loop
      vertex 2.55402 0.467102 3
      vertex 2.58571 0.428101 4
      vertex 2.58571 0.428101 3
    endloop
  endfacet
  facet normal 0.744184 0.667975 0
    outer loop
      vertex 2.61928 0.390701 4
      vertex 2.58571 0.428101 3
      vertex 2.58571 0.428101 4
    endloop
  endfacet
  facet normal 0.744184 0.667975 0
    outer loop
      vertex 2.58571 0.428101 3
      vertex 2.61928 0.390701 4
      vertex 2.61928 0.390701 3
    endloop
  endfacet
  facet normal 0.710589 0.703607 0
    outer loop
      vertex 2.65465 0.35498 4
      vertex 2.61928 0.390701 3
      vertex 2.61928 0.390701 4
    endloop
  endfacet
  facet normal 0.710589 0.703607 0
    outer loop
      vertex 2.61928 0.390701 3
      vertex 2.65465 0.35498 4
      vertex 2.65465 0.35498 3
    endloop
  endfacet
  facet normal 0.67513 0.737699 -0
    outer loop
      vertex 2.69173 0.321045 3
      vertex 2.65465 0.35498 4
      vertex 2.69173 0.321045 4
    endloop
  endfacet
  facet normal 0.67513 0.737699 0
    outer loop
      vertex 2.65465 0.35498 4
      vertex 2.69173 0.321045 3
      vertex 2.65465 0.35498 3
    endloop
  endfacet
  facet normal 0.638213 0.76986 -0
    outer loop
      vertex 2.73042 0.288971 3
      vertex 2.69173 0.321045 4
      vertex 2.73042 0.288971 4
    endloop
  endfacet
  facet normal 0.638213 0.76986 0
    outer loop
      vertex 2.69173 0.321045 4
      vertex 2.73042 0.288971 3
      vertex 2.69173 0.321045 3
    endloop
  endfacet
  facet normal 0.599535 0.800348 -0
    outer loop
      vertex 2.77065 0.258835 3
      vertex 2.73042 0.288971 4
      vertex 2.77065 0.258835 4
    endloop
  endfacet
  facet normal 0.599535 0.800348 0
    outer loop
      vertex 2.73042 0.288971 4
      vertex 2.77065 0.258835 3
      vertex 2.73042 0.288971 3
    endloop
  endfacet
  facet normal 0.559791 0.828634 -0
    outer loop
      vertex 2.8123 0.230698 3
      vertex 2.77065 0.258835 4
      vertex 2.8123 0.230698 4
    endloop
  endfacet
  facet normal 0.559791 0.828634 0
    outer loop
      vertex 2.77065 0.258835 4
      vertex 2.8123 0.230698 3
      vertex 2.77065 0.258835 3
    endloop
  endfacet
  facet normal 0.518192 0.855264 -0
    outer loop
      vertex 2.85529 0.204651 3
      vertex 2.8123 0.230698 4
      vertex 2.85529 0.204651 4
    endloop
  endfacet
  facet normal 0.518192 0.855264 0
    outer loop
      vertex 2.8123 0.230698 4
      vertex 2.85529 0.204651 3
      vertex 2.8123 0.230698 3
    endloop
  endfacet
  facet normal 0.475811 0.879547 -0
    outer loop
      vertex 2.89949 0.18074 3
      vertex 2.85529 0.204651 4
      vertex 2.89949 0.18074 4
    endloop
  endfacet
  facet normal 0.475811 0.879547 0
    outer loop
      vertex 2.85529 0.204651 4
      vertex 2.89949 0.18074 3
      vertex 2.85529 0.204651 3
    endloop
  endfacet
  facet normal 0.431997 0.901875 -0
    outer loop
      vertex 2.94482 0.159027 3
      vertex 2.89949 0.18074 4
      vertex 2.94482 0.159027 4
    endloop
  endfacet
  facet normal 0.431997 0.901875 0
    outer loop
      vertex 2.89949 0.18074 4
      vertex 2.94482 0.159027 3
      vertex 2.89949 0.18074 3
    endloop
  endfacet
  facet normal 0.38703 0.922067 -0
    outer loop
      vertex 2.99117 0.139572 3
      vertex 2.94482 0.159027 4
      vertex 2.99117 0.139572 4
    endloop
  endfacet
  facet normal 0.38703 0.922067 0
    outer loop
      vertex 2.94482 0.159027 4
      vertex 2.99117 0.139572 3
      vertex 2.94482 0.159027 3
    endloop
  endfacet
  facet normal 0.341529 0.939871 -0
    outer loop
      vertex 3.03841 0.122406 3
      vertex 2.99117 0.139572 4
      vertex 3.03841 0.122406 4
    endloop
  endfacet
  facet normal 0.341529 0.939871 0
    outer loop
      vertex 2.99117 0.139572 4
      vertex 3.03841 0.122406 3
      vertex 2.99117 0.139572 3
    endloop
  endfacet
  facet normal 0.295115 0.955462 -0
    outer loop
      vertex 3.08643 0.107574 3
      vertex 3.03841 0.122406 4
      vertex 3.08643 0.107574 4
    endloop
  endfacet
  facet normal 0.295115 0.955462 0
    outer loop
      vertex 3.03841 0.122406 4
      vertex 3.08643 0.107574 3
      vertex 3.03841 0.122406 3
    endloop
  endfacet
  facet normal 0.247742 0.968826 -0
    outer loop
      vertex 3.13512 0.0951233 3
      vertex 3.08643 0.107574 4
      vertex 3.13512 0.0951233 4
    endloop
  endfacet
  facet normal 0.247742 0.968826 0
    outer loop
      vertex 3.08643 0.107574 4
      vertex 3.13512 0.0951233 3
      vertex 3.08643 0.107574 3
    endloop
  endfacet
  facet normal 0.200047 0.979786 -0
    outer loop
      vertex 3.18437 0.0850677 3
      vertex 3.13512 0.0951233 4
      vertex 3.18437 0.0850677 4
    endloop
  endfacet
  facet normal 0.200047 0.979786 0
    outer loop
      vertex 3.13512 0.0951233 4
      vertex 3.18437 0.0850677 3
      vertex 3.13512 0.0951233 3
    endloop
  endfacet
  facet normal 0.151494 0.988458 -0
    outer loop
      vertex 3.23405 0.0774536 3
      vertex 3.18437 0.0850677 4
      vertex 3.23405 0.0774536 4
    endloop
  endfacet
  facet normal 0.151494 0.988458 0
    outer loop
      vertex 3.18437 0.0850677 4
      vertex 3.23405 0.0774536 3
      vertex 3.18437 0.0850677 3
    endloop
  endfacet
  facet normal 0.102925 0.994689 -0
    outer loop
      vertex 3.28404 0.0722809 3
      vertex 3.23405 0.0774536 4
      vertex 3.28404 0.0722809 4
    endloop
  endfacet
  facet normal 0.102925 0.994689 0
    outer loop
      vertex 3.23405 0.0774536 4
      vertex 3.28404 0.0722809 3
      vertex 3.23405 0.0774536 3
    endloop
  endfacet
  facet normal 0.0540373 0.998539 -0
    outer loop
      vertex 3.33423 0.0695648 3
      vertex 3.28404 0.0722809 4
      vertex 3.33423 0.0695648 4
    endloop
  endfacet
  facet normal 0.0540373 0.998539 0
    outer loop
      vertex 3.28404 0.0722809 4
      vertex 3.33423 0.0695648 3
      vertex 3.28404 0.0722809 3
    endloop
  endfacet
  facet normal 0.00485669 0.999988 -0
    outer loop
      vertex 3.38449 0.0693207 3
      vertex 3.33423 0.0695648 4
      vertex 3.38449 0.0693207 4
    endloop
  endfacet
  facet normal 0.00485669 0.999988 0
    outer loop
      vertex 3.33423 0.0695648 4
      vertex 3.38449 0.0693207 3
      vertex 3.33423 0.0695648 3
    endloop
  endfacet
  facet normal -0.0443172 0.999018 0
    outer loop
      vertex 3.43471 0.0715485 3
      vertex 3.38449 0.0693207 4
      vertex 3.43471 0.0715485 4
    endloop
  endfacet
  facet normal -0.0443172 0.999018 0
    outer loop
      vertex 3.38449 0.0693207 4
      vertex 3.43471 0.0715485 3
      vertex 3.38449 0.0693207 3
    endloop
  endfacet
  facet normal -0.0734171 0.997301 0
    outer loop
      vertex 0.100357 -1.01909 3
      vertex 0.0502319 -1.02278 4
      vertex 0.100357 -1.01909 4
    endloop
  endfacet
  facet normal -0.0734171 0.997301 0
    outer loop
      vertex 0.0502319 -1.02278 4
      vertex 0.100357 -1.01909 3
      vertex 0.0502319 -1.02278 3
    endloop
  endfacet
  facet normal -0.122331 0.992489 0
    outer loop
      vertex 0.150253 -1.01294 3
      vertex 0.100357 -1.01909 4
      vertex 0.150253 -1.01294 4
    endloop
  endfacet
  facet normal -0.122331 0.992489 0
    outer loop
      vertex 0.100357 -1.01909 4
      vertex 0.150253 -1.01294 3
      vertex 0.100357 -1.01909 3
    endloop
  endfacet
  facet normal -0.171316 0.985216 0
    outer loop
      vertex 0.199768 -1.00433 3
      vertex 0.150253 -1.01294 4
      vertex 0.199768 -1.00433 4
    endloop
  endfacet
  facet normal -0.171316 0.985216 0
    outer loop
      vertex 0.150253 -1.01294 4
      vertex 0.199768 -1.00433 3
      vertex 0.150253 -1.01294 3
    endloop
  endfacet
  facet normal -0.218822 0.975765 0
    outer loop
      vertex 0.24881 -0.993332 3
      vertex 0.199768 -1.00433 4
      vertex 0.24881 -0.993332 4
    endloop
  endfacet
  facet normal -0.218822 0.975765 0
    outer loop
      vertex 0.199768 -1.00433 4
      vertex 0.24881 -0.993332 3
      vertex 0.199768 -1.00433 3
    endloop
  endfacet
  facet normal -0.266827 0.963744 0
    outer loop
      vertex 0.297256 -0.979919 3
      vertex 0.24881 -0.993332 4
      vertex 0.297256 -0.979919 4
    endloop
  endfacet
  facet normal -0.266827 0.963744 0
    outer loop
      vertex 0.24881 -0.993332 4
      vertex 0.297256 -0.979919 3
      vertex 0.24881 -0.993332 3
    endloop
  endfacet
  facet normal -0.313665 0.949534 0
    outer loop
      vertex 0.344971 -0.964157 3
      vertex 0.297256 -0.979919 4
      vertex 0.344971 -0.964157 4
    endloop
  endfacet
  facet normal -0.313665 0.949534 0
    outer loop
      vertex 0.297256 -0.979919 4
      vertex 0.344971 -0.964157 3
      vertex 0.297256 -0.979919 3
    endloop
  endfacet
  facet normal -0.35996 0.932968 0
    outer loop
      vertex 0.391876 -0.94606 3
      vertex 0.344971 -0.964157 4
      vertex 0.391876 -0.94606 4
    endloop
  endfacet
  facet normal -0.35996 0.932968 0
    outer loop
      vertex 0.344971 -0.964157 4
      vertex 0.391876 -0.94606 3
      vertex 0.344971 -0.964157 3
    endloop
  endfacet
  facet normal -0.405065 0.914288 0
    outer loop
      vertex 0.43782 -0.925705 3
      vertex 0.391876 -0.94606 4
      vertex 0.43782 -0.925705 4
    endloop
  endfacet
  facet normal -0.405065 0.914288 0
    outer loop
      vertex 0.391876 -0.94606 4
      vertex 0.43782 -0.925705 3
      vertex 0.391876 -0.94606 3
    endloop
  endfacet
  facet normal -0.449631 0.893214 0
    outer loop
      vertex 0.482712 -0.903107 3
      vertex 0.43782 -0.925705 4
      vertex 0.482712 -0.903107 4
    endloop
  endfacet
  facet normal -0.449631 0.893214 0
    outer loop
      vertex 0.43782 -0.925705 4
      vertex 0.482712 -0.903107 3
      vertex 0.43782 -0.925705 3
    endloop
  endfacet
  facet normal -0.493014 0.870021 0
    outer loop
      vertex 0.526443 -0.878326 3
      vertex 0.482712 -0.903107 4
      vertex 0.526443 -0.878326 4
    endloop
  endfacet
  facet normal -0.493014 0.870021 0
    outer loop
      vertex 0.482712 -0.903107 4
      vertex 0.526443 -0.878326 3
      vertex 0.482712 -0.903107 3
    endloop
  endfacet
  facet normal -0.534922 0.844901 0
    outer loop
      vertex 0.568909 -0.85144 3
      vertex 0.526443 -0.878326 4
      vertex 0.568909 -0.85144 4
    endloop
  endfacet
  facet normal -0.534922 0.844901 0
    outer loop
      vertex 0.526443 -0.878326 4
      vertex 0.568909 -0.85144 3
      vertex 0.526443 -0.878326 3
    endloop
  endfacet
  facet normal -0.575871 0.81754 0
    outer loop
      vertex 0.610001 -0.822495 3
      vertex 0.568909 -0.85144 4
      vertex 0.610001 -0.822495 4
    endloop
  endfacet
  facet normal -0.575871 0.81754 0
    outer loop
      vertex 0.568909 -0.85144 4
      vertex 0.610001 -0.822495 3
      vertex 0.568909 -0.85144 3
    endloop
  endfacet
  facet normal -0.615105 0.788445 0
    outer loop
      vertex 0.649628 -0.79158 3
      vertex 0.610001 -0.822495 4
      vertex 0.649628 -0.79158 4
    endloop
  endfacet
  facet normal -0.615105 0.788445 0
    outer loop
      vertex 0.610001 -0.822495 4
      vertex 0.649628 -0.79158 3
      vertex 0.610001 -0.822495 3
    endloop
  endfacet
  facet normal -0.653293 0.757105 0
    outer loop
      vertex 0.687683 -0.758743 3
      vertex 0.649628 -0.79158 4
      vertex 0.687683 -0.758743 4
    endloop
  endfacet
  facet normal -0.653293 0.757105 0
    outer loop
      vertex 0.649628 -0.79158 4
      vertex 0.687683 -0.758743 3
      vertex 0.649628 -0.79158 3
    endloop
  endfacet
  facet normal -0.689423 0.724359 0
    outer loop
      vertex 0.724091 -0.724091 3
      vertex 0.687683 -0.758743 4
      vertex 0.724091 -0.724091 4
    endloop
  endfacet
  facet normal -0.689423 0.724359 0
    outer loop
      vertex 0.687683 -0.758743 4
      vertex 0.724091 -0.724091 3
      vertex 0.687683 -0.758743 3
    endloop
  endfacet
  facet normal -0.724359 0.689423 0
    outer loop
      vertex 0.724091 -0.724091 3
      vertex 0.758743 -0.687683 4
      vertex 0.758743 -0.687683 3
    endloop
  endfacet
  facet normal -0.724359 0.689423 0
    outer loop
      vertex 0.758743 -0.687683 4
      vertex 0.724091 -0.724091 3
      vertex 0.724091 -0.724091 4
    endloop
  endfacet
  facet normal -0.757105 0.653293 0
    outer loop
      vertex 0.758743 -0.687683 3
      vertex 0.79158 -0.649628 4
      vertex 0.79158 -0.649628 3
    endloop
  endfacet
  facet normal -0.757105 0.653293 0
    outer loop
      vertex 0.79158 -0.649628 4
      vertex 0.758743 -0.687683 3
      vertex 0.758743 -0.687683 4
    endloop
  endfacet
  facet normal -0.788445 0.615105 0
    outer loop
      vertex 0.79158 -0.649628 3
      vertex 0.822495 -0.610001 4
      vertex 0.822495 -0.610001 3
    endloop
  endfacet
  facet normal -0.788445 0.615105 0
    outer loop
      vertex 0.822495 -0.610001 4
      vertex 0.79158 -0.649628 3
      vertex 0.79158 -0.649628 4
    endloop
  endfacet
  facet normal -0.81754 0.575871 0
    outer loop
      vertex 0.822495 -0.610001 3
      vertex 0.85144 -0.568909 4
      vertex 0.85144 -0.568909 3
    endloop
  endfacet
  facet normal -0.81754 0.575871 0
    outer loop
      vertex 0.85144 -0.568909 4
      vertex 0.822495 -0.610001 3
      vertex 0.822495 -0.610001 4
    endloop
  endfacet
  facet normal -0.844901 0.534922 0
    outer loop
      vertex 0.85144 -0.568909 3
      vertex 0.878326 -0.526443 4
      vertex 0.878326 -0.526443 3
    endloop
  endfacet
  facet normal -0.844901 0.534922 0
    outer loop
      vertex 0.878326 -0.526443 4
      vertex 0.85144 -0.568909 3
      vertex 0.85144 -0.568909 4
    endloop
  endfacet
  facet normal -0.870021 0.493014 0
    outer loop
      vertex 0.878326 -0.526443 3
      vertex 0.903107 -0.482712 4
      vertex 0.903107 -0.482712 3
    endloop
  endfacet
  facet normal -0.870021 0.493014 0
    outer loop
      vertex 0.903107 -0.482712 4
      vertex 0.878326 -0.526443 3
      vertex 0.878326 -0.526443 4
    endloop
  endfacet
  facet normal -0.893214 0.449631 0
    outer loop
      vertex 0.903107 -0.482712 3
      vertex 0.925705 -0.43782 4
      vertex 0.925705 -0.43782 3
    endloop
  endfacet
  facet normal -0.893214 0.449631 0
    outer loop
      vertex 0.925705 -0.43782 4
      vertex 0.903107 -0.482712 3
      vertex 0.903107 -0.482712 4
    endloop
  endfacet
  facet normal -0.914288 0.405065 0
    outer loop
      vertex 0.925705 -0.43782 3
      vertex 0.94606 -0.391876 4
      vertex 0.94606 -0.391876 3
    endloop
  endfacet
  facet normal -0.914288 0.405065 0
    outer loop
      vertex 0.94606 -0.391876 4
      vertex 0.925705 -0.43782 3
      vertex 0.925705 -0.43782 4
    endloop
  endfacet
  facet normal -0.932968 0.35996 0
    outer loop
      vertex 0.94606 -0.391876 3
      vertex 0.964157 -0.344971 4
      vertex 0.964157 -0.344971 3
    endloop
  endfacet
  facet normal -0.932968 0.35996 0
    outer loop
      vertex 0.964157 -0.344971 4
      vertex 0.94606 -0.391876 3
      vertex 0.94606 -0.391876 4
    endloop
  endfacet
  facet normal -0.949534 0.313665 0
    outer loop
      vertex 0.964157 -0.344971 3
      vertex 0.979919 -0.297256 4
      vertex 0.979919 -0.297256 3
    endloop
  endfacet
  facet normal -0.949534 0.313665 0
    outer loop
      vertex 0.979919 -0.297256 4
      vertex 0.964157 -0.344971 3
      vertex 0.964157 -0.344971 4
    endloop
  endfacet
  facet normal -0.963744 0.266827 0
    outer loop
      vertex 0.979919 -0.297256 3
      vertex 0.993332 -0.24881 4
      vertex 0.993332 -0.24881 3
    endloop
  endfacet
  facet normal -0.963744 0.266827 0
    outer loop
      vertex 0.993332 -0.24881 4
      vertex 0.979919 -0.297256 3
      vertex 0.979919 -0.297256 4
    endloop
  endfacet
  facet normal -0.975765 0.218822 0
    outer loop
      vertex 0.993332 -0.24881 3
      vertex 1.00433 -0.199768 4
      vertex 1.00433 -0.199768 3
    endloop
  endfacet
  facet normal -0.975765 0.218822 0
    outer loop
      vertex 1.00433 -0.199768 4
      vertex 0.993332 -0.24881 3
      vertex 0.993332 -0.24881 4
    endloop
  endfacet
  facet normal -0.985216 0.171316 0
    outer loop
      vertex 1.00433 -0.199768 3
      vertex 1.01294 -0.150253 4
      vertex 1.01294 -0.150253 3
    endloop
  endfacet
  facet normal -0.985216 0.171316 0
    outer loop
      vertex 1.01294 -0.150253 4
      vertex 1.00433 -0.199768 3
      vertex 1.00433 -0.199768 4
    endloop
  endfacet
  facet normal -0.992489 0.122331 0
    outer loop
      vertex 1.01294 -0.150253 3
      vertex 1.01909 -0.100357 4
      vertex 1.01909 -0.100357 3
    endloop
  endfacet
  facet normal -0.992489 0.122331 0
    outer loop
      vertex 1.01909 -0.100357 4
      vertex 1.01294 -0.150253 3
      vertex 1.01294 -0.150253 4
    endloop
  endfacet
  facet normal -0.997301 0.0734171 0
    outer loop
      vertex 1.01909 -0.100357 3
      vertex 1.02278 -0.0502319 4
      vertex 1.02278 -0.0502319 3
    endloop
  endfacet
  facet normal -0.997301 0.0734171 0
    outer loop
      vertex 1.02278 -0.0502319 4
      vertex 1.01909 -0.100357 3
      vertex 1.01909 -0.100357 4
    endloop
  endfacet
  facet normal -0.999695 0.024678 0
    outer loop
      vertex 1.02278 -0.0502319 3
      vertex 1.02402 0 4
      vertex 1.02402 0 3
    endloop
  endfacet
  facet normal -0.999695 0.024678 0
    outer loop
      vertex 1.02402 0 4
      vertex 1.02278 -0.0502319 3
      vertex 1.02278 -0.0502319 4
    endloop
  endfacet
  facet normal -0.999695 -0.024678 0
    outer loop
      vertex 1.02402 0 3
      vertex 1.02278 0.0502319 4
      vertex 1.02278 0.0502319 3
    endloop
  endfacet
  facet normal -0.999695 -0.024678 0
    outer loop
      vertex 1.02278 0.0502319 4
      vertex 1.02402 0 3
      vertex 1.02402 0 4
    endloop
  endfacet
  facet normal -0.997301 -0.0734171 0
    outer loop
      vertex 1.02278 0.0502319 3
      vertex 1.01909 0.100357 4
      vertex 1.01909 0.100357 3
    endloop
  endfacet
  facet normal -0.997301 -0.0734171 0
    outer loop
      vertex 1.01909 0.100357 4
      vertex 1.02278 0.0502319 3
      vertex 1.02278 0.0502319 4
    endloop
  endfacet
  facet normal -0.992489 -0.122331 0
    outer loop
      vertex 1.01909 0.100357 3
      vertex 1.01294 0.150253 4
      vertex 1.01294 0.150253 3
    endloop
  endfacet
  facet normal -0.992489 -0.122331 0
    outer loop
      vertex 1.01294 0.150253 4
      vertex 1.01909 0.100357 3
      vertex 1.01909 0.100357 4
    endloop
  endfacet
  facet normal -0.985216 -0.171316 0
    outer loop
      vertex 1.01294 0.150253 3
      vertex 1.00433 0.199768 4
      vertex 1.00433 0.199768 3
    endloop
  endfacet
  facet normal -0.985216 -0.171316 0
    outer loop
      vertex 1.00433 0.199768 4
      vertex 1.01294 0.150253 3
      vertex 1.01294 0.150253 4
    endloop
  endfacet
  facet normal -0.975765 -0.218822 0
    outer loop
      vertex 1.00433 0.199768 3
      vertex 0.993332 0.24881 4
      vertex 0.993332 0.24881 3
    endloop
  endfacet
  facet normal -0.975765 -0.218822 0
    outer loop
      vertex 0.993332 0.24881 4
      vertex 1.00433 0.199768 3
      vertex 1.00433 0.199768 4
    endloop
  endfacet
  facet normal -0.963744 -0.266827 0
    outer loop
      vertex 0.993332 0.24881 3
      vertex 0.979919 0.297256 4
      vertex 0.979919 0.297256 3
    endloop
  endfacet
  facet normal -0.963744 -0.266827 0
    outer loop
      vertex 0.979919 0.297256 4
      vertex 0.993332 0.24881 3
      vertex 0.993332 0.24881 4
    endloop
  endfacet
  facet normal -0.949534 -0.313665 0
    outer loop
      vertex 0.979919 0.297256 3
      vertex 0.964157 0.344971 4
      vertex 0.964157 0.344971 3
    endloop
  endfacet
  facet normal -0.949534 -0.313665 0
    outer loop
      vertex 0.964157 0.344971 4
      vertex 0.979919 0.297256 3
      vertex 0.979919 0.297256 4
    endloop
  endfacet
  facet normal -0.932968 -0.35996 0
    outer loop
      vertex 0.964157 0.344971 3
      vertex 0.94606 0.391876 4
      vertex 0.94606 0.391876 3
    endloop
  endfacet
  facet normal -0.932968 -0.35996 0
    outer loop
      vertex 0.94606 0.391876 4
      vertex 0.964157 0.344971 3
      vertex 0.964157 0.344971 4
    endloop
  endfacet
  facet normal -0.914288 -0.405065 0
    outer loop
      vertex 0.94606 0.391876 3
      vertex 0.925705 0.43782 4
      vertex 0.925705 0.43782 3
    endloop
  endfacet
  facet normal -0.914288 -0.405065 0
    outer loop
      vertex 0.925705 0.43782 4
      vertex 0.94606 0.391876 3
      vertex 0.94606 0.391876 4
    endloop
  endfacet
  facet normal -0.893214 -0.449631 0
    outer loop
      vertex 0.925705 0.43782 3
      vertex 0.903107 0.482712 4
      vertex 0.903107 0.482712 3
    endloop
  endfacet
  facet normal -0.893214 -0.449631 0
    outer loop
      vertex 0.903107 0.482712 4
      vertex 0.925705 0.43782 3
      vertex 0.925705 0.43782 4
    endloop
  endfacet
  facet normal -0.870021 -0.493014 0
    outer loop
      vertex 0.903107 0.482712 3
      vertex 0.878326 0.526443 4
      vertex 0.878326 0.526443 3
    endloop
  endfacet
  facet normal -0.870021 -0.493014 0
    outer loop
      vertex 0.878326 0.526443 4
      vertex 0.903107 0.482712 3
      vertex 0.903107 0.482712 4
    endloop
  endfacet
  facet normal -0.844901 -0.534922 0
    outer loop
      vertex 0.878326 0.526443 3
      vertex 0.85144 0.568909 4
      vertex 0.85144 0.568909 3
    endloop
  endfacet
  facet normal -0.844901 -0.534922 0
    outer loop
      vertex 0.85144 0.568909 4
      vertex 0.878326 0.526443 3
      vertex 0.878326 0.526443 4
    endloop
  endfacet
  facet normal -0.81754 -0.575871 0
    outer loop
      vertex 0.85144 0.568909 3
      vertex 0.822495 0.610001 4
      vertex 0.822495 0.610001 3
    endloop
  endfacet
  facet normal -0.81754 -0.575871 0
    outer loop
      vertex 0.822495 0.610001 4
      vertex 0.85144 0.568909 3
      vertex 0.85144 0.568909 4
    endloop
  endfacet
  facet normal -0.788445 -0.615105 0
    outer loop
      vertex 0.822495 0.610001 3
      vertex 0.79158 0.649628 4
      vertex 0.79158 0.649628 3
    endloop
  endfacet
  facet normal -0.788445 -0.615105 0
    outer loop
      vertex 0.79158 0.649628 4
      vertex 0.822495 0.610001 3
      vertex 0.822495 0.610001 4
    endloop
  endfacet
  facet normal -0.757105 -0.653293 0
    outer loop
      vertex 0.79158 0.649628 3
      vertex 0.758743 0.687683 4
      vertex 0.758743 0.687683 3
    endloop
  endfacet
  facet normal -0.757105 -0.653293 0
    outer loop
      vertex 0.758743 0.687683 4
      vertex 0.79158 0.649628 3
      vertex 0.79158 0.649628 4
    endloop
  endfacet
  facet normal -0.724359 -0.689423 0
    outer loop
      vertex 0.758743 0.687683 3
      vertex 0.724091 0.724091 4
      vertex 0.724091 0.724091 3
    endloop
  endfacet
  facet normal -0.724359 -0.689423 0
    outer loop
      vertex 0.724091 0.724091 4
      vertex 0.758743 0.687683 3
      vertex 0.758743 0.687683 4
    endloop
  endfacet
  facet normal -0.689423 -0.724359 0
    outer loop
      vertex 0.687683 0.758743 3
      vertex 0.724091 0.724091 4
      vertex 0.687683 0.758743 4
    endloop
  endfacet
  facet normal -0.689423 -0.724359 -0
    outer loop
      vertex 0.724091 0.724091 4
      vertex 0.687683 0.758743 3
      vertex 0.724091 0.724091 3
    endloop
  endfacet
  facet normal -0.653293 -0.757105 0
    outer loop
      vertex 0.649628 0.79158 3
      vertex 0.687683 0.758743 4
      vertex 0.649628 0.79158 4
    endloop
  endfacet
  facet normal -0.653293 -0.757105 -0
    outer loop
      vertex 0.687683 0.758743 4
      vertex 0.649628 0.79158 3
      vertex 0.687683 0.758743 3
    endloop
  endfacet
  facet normal -0.615105 -0.788445 0
    outer loop
      vertex 0.610001 0.822495 3
      vertex 0.649628 0.79158 4
      vertex 0.610001 0.822495 4
    endloop
  endfacet
  facet normal -0.615105 -0.788445 -0
    outer loop
      vertex 0.649628 0.79158 4
      vertex 0.610001 0.822495 3
      vertex 0.649628 0.79158 3
    endloop
  endfacet
  facet normal -0.575871 -0.81754 0
    outer loop
      vertex 0.568909 0.85144 3
      vertex 0.610001 0.822495 4
      vertex 0.568909 0.85144 4
    endloop
  endfacet
  facet normal -0.575871 -0.81754 -0
    outer loop
      vertex 0.610001 0.822495 4
      vertex 0.568909 0.85144 3
      vertex 0.610001 0.822495 3
    endloop
  endfacet
  facet normal -0.534922 -0.844901 0
    outer loop
      vertex 0.526443 0.878326 3
      vertex 0.568909 0.85144 4
      vertex 0.526443 0.878326 4
    endloop
  endfacet
  facet normal -0.534922 -0.844901 -0
    outer loop
      vertex 0.568909 0.85144 4
      vertex 0.526443 0.878326 3
      vertex 0.568909 0.85144 3
    endloop
  endfacet
  facet normal -0.493014 -0.870021 0
    outer loop
      vertex 0.482712 0.903107 3
      vertex 0.526443 0.878326 4
      vertex 0.482712 0.903107 4
    endloop
  endfacet
  facet normal -0.493014 -0.870021 -0
    outer loop
      vertex 0.526443 0.878326 4
      vertex 0.482712 0.903107 3
      vertex 0.526443 0.878326 3
    endloop
  endfacet
  facet normal -0.449631 -0.893214 0
    outer loop
      vertex 0.43782 0.925705 3
      vertex 0.482712 0.903107 4
      vertex 0.43782 0.925705 4
    endloop
  endfacet
  facet normal -0.449631 -0.893214 -0
    outer loop
      vertex 0.482712 0.903107 4
      vertex 0.43782 0.925705 3
      vertex 0.482712 0.903107 3
    endloop
  endfacet
  facet normal -0.405065 -0.914288 0
    outer loop
      vertex 0.391876 0.94606 3
      vertex 0.43782 0.925705 4
      vertex 0.391876 0.94606 4
    endloop
  endfacet
  facet normal -0.405065 -0.914288 -0
    outer loop
      vertex 0.43782 0.925705 4
      vertex 0.391876 0.94606 3
      vertex 0.43782 0.925705 3
    endloop
  endfacet
  facet normal -0.35996 -0.932968 0
    outer loop
      vertex 0.344971 0.964157 3
      vertex 0.391876 0.94606 4
      vertex 0.344971 0.964157 4
    endloop
  endfacet
  facet normal -0.35996 -0.932968 -0
    outer loop
      vertex 0.391876 0.94606 4
      vertex 0.344971 0.964157 3
      vertex 0.391876 0.94606 3
    endloop
  endfacet
  facet normal -0.313665 -0.949534 0
    outer loop
      vertex 0.297256 0.979919 3
      vertex 0.344971 0.964157 4
      vertex 0.297256 0.979919 4
    endloop
  endfacet
  facet normal -0.313665 -0.949534 -0
    outer loop
      vertex 0.344971 0.964157 4
      vertex 0.297256 0.979919 3
      vertex 0.344971 0.964157 3
    endloop
  endfacet
  facet normal -0.266827 -0.963744 0
    outer loop
      vertex 0.24881 0.993332 3
      vertex 0.297256 0.979919 4
      vertex 0.24881 0.993332 4
    endloop
  endfacet
  facet normal -0.266827 -0.963744 -0
    outer loop
      vertex 0.297256 0.979919 4
      vertex 0.24881 0.993332 3
      vertex 0.297256 0.979919 3
    endloop
  endfacet
  facet normal -0.218822 -0.975765 0
    outer loop
      vertex 0.199768 1.00433 3
      vertex 0.24881 0.993332 4
      vertex 0.199768 1.00433 4
    endloop
  endfacet
  facet normal -0.218822 -0.975765 -0
    outer loop
      vertex 0.24881 0.993332 4
      vertex 0.199768 1.00433 3
      vertex 0.24881 0.993332 3
    endloop
  endfacet
  facet normal -0.171316 -0.985216 0
    outer loop
      vertex 0.150253 1.01294 3
      vertex 0.199768 1.00433 4
      vertex 0.150253 1.01294 4
    endloop
  endfacet
  facet normal -0.171316 -0.985216 -0
    outer loop
      vertex 0.199768 1.00433 4
      vertex 0.150253 1.01294 3
      vertex 0.199768 1.00433 3
    endloop
  endfacet
  facet normal -0.122331 -0.992489 0
    outer loop
      vertex 0.100357 1.01909 3
      vertex 0.150253 1.01294 4
      vertex 0.100357 1.01909 4
    endloop
  endfacet
  facet normal -0.122331 -0.992489 -0
    outer loop
      vertex 0.150253 1.01294 4
      vertex 0.100357 1.01909 3
      vertex 0.150253 1.01294 3
    endloop
  endfacet
  facet normal -0.0734171 -0.997301 0
    outer loop
      vertex 0.0502319 1.02278 3
      vertex 0.100357 1.01909 4
      vertex 0.0502319 1.02278 4
    endloop
  endfacet
  facet normal -0.0734171 -0.997301 -0
    outer loop
      vertex 0.100357 1.01909 4
      vertex 0.0502319 1.02278 3
      vertex 0.100357 1.01909 3
    endloop
  endfacet
  facet normal -0.024678 -0.999695 0
    outer loop
      vertex 0 1.02402 3
      vertex 0.0502319 1.02278 4
      vertex 0 1.02402 4
    endloop
  endfacet
  facet normal -0.024678 -0.999695 -0
    outer loop
      vertex 0.0502319 1.02278 4
      vertex 0 1.02402 3
      vertex 0.0502319 1.02278 3
    endloop
  endfacet
  facet normal 0.024678 -0.999695 0
    outer loop
      vertex -0.0502319 1.02278 3
      vertex 0 1.02402 4
      vertex -0.0502319 1.02278 4
    endloop
  endfacet
  facet normal 0.024678 -0.999695 0
    outer loop
      vertex 0 1.02402 4
      vertex -0.0502319 1.02278 3
      vertex 0 1.02402 3
    endloop
  endfacet
  facet normal 0.0734171 -0.997301 0
    outer loop
      vertex -0.100357 1.01909 3
      vertex -0.0502319 1.02278 4
      vertex -0.100357 1.01909 4
    endloop
  endfacet
  facet normal 0.0734171 -0.997301 0
    outer loop
      vertex -0.0502319 1.02278 4
      vertex -0.100357 1.01909 3
      vertex -0.0502319 1.02278 3
    endloop
  endfacet
  facet normal 0.122331 -0.992489 0
    outer loop
      vertex -0.150253 1.01294 3
      vertex -0.100357 1.01909 4
      vertex -0.150253 1.01294 4
    endloop
  endfacet
  facet normal 0.122331 -0.992489 0
    outer loop
      vertex -0.100357 1.01909 4
      vertex -0.150253 1.01294 3
      vertex -0.100357 1.01909 3
    endloop
  endfacet
  facet normal 0.171316 -0.985216 0
    outer loop
      vertex -0.199768 1.00433 3
      vertex -0.150253 1.01294 4
      vertex -0.199768 1.00433 4
    endloop
  endfacet
  facet normal 0.171316 -0.985216 0
    outer loop
      vertex -0.150253 1.01294 4
      vertex -0.199768 1.00433 3
      vertex -0.150253 1.01294 3
    endloop
  endfacet
  facet normal 0.218822 -0.975765 0
    outer loop
      vertex -0.24881 0.993332 3
      vertex -0.199768 1.00433 4
      vertex -0.24881 0.993332 4
    endloop
  endfacet
  facet normal 0.218822 -0.975765 0
    outer loop
      vertex -0.199768 1.00433 4
      vertex -0.24881 0.993332 3
      vertex -0.199768 1.00433 3
    endloop
  endfacet
  facet normal 0.266827 -0.963744 0
    outer loop
      vertex -0.297256 0.979919 3
      vertex -0.24881 0.993332 4
      vertex -0.297256 0.979919 4
    endloop
  endfacet
  facet normal 0.266827 -0.963744 0
    outer loop
      vertex -0.24881 0.993332 4
      vertex -0.297256 0.979919 3
      vertex -0.24881 0.993332 3
    endloop
  endfacet
  facet normal 0.313665 -0.949534 0
    outer loop
      vertex -0.344971 0.964157 3
      vertex -0.297256 0.979919 4
      vertex -0.344971 0.964157 4
    endloop
  endfacet
  facet normal 0.313665 -0.949534 0
    outer loop
      vertex -0.297256 0.979919 4
      vertex -0.344971 0.964157 3
      vertex -0.297256 0.979919 3
    endloop
  endfacet
  facet normal 0.35996 -0.932968 0
    outer loop
      vertex -0.391876 0.94606 3
      vertex -0.344971 0.964157 4
      vertex -0.391876 0.94606 4
    endloop
  endfacet
  facet normal 0.35996 -0.932968 0
    outer loop
      vertex -0.344971 0.964157 4
      vertex -0.391876 0.94606 3
      vertex -0.344971 0.964157 3
    endloop
  endfacet
  facet normal 0.405065 -0.914288 0
    outer loop
      vertex -0.43782 0.925705 3
      vertex -0.391876 0.94606 4
      vertex -0.43782 0.925705 4
    endloop
  endfacet
  facet normal 0.405065 -0.914288 0
    outer loop
      vertex -0.391876 0.94606 4
      vertex -0.43782 0.925705 3
      vertex -0.391876 0.94606 3
    endloop
  endfacet
  facet normal 0.449631 -0.893214 0
    outer loop
      vertex -0.482712 0.903107 3
      vertex -0.43782 0.925705 4
      vertex -0.482712 0.903107 4
    endloop
  endfacet
  facet normal 0.449631 -0.893214 0
    outer loop
      vertex -0.43782 0.925705 4
      vertex -0.482712 0.903107 3
      vertex -0.43782 0.925705 3
    endloop
  endfacet
  facet normal 0.493014 -0.870021 0
    outer loop
      vertex -0.526443 0.878326 3
      vertex -0.482712 0.903107 4
      vertex -0.526443 0.878326 4
    endloop
  endfacet
  facet normal 0.493014 -0.870021 0
    outer loop
      vertex -0.482712 0.903107 4
      vertex -0.526443 0.878326 3
      vertex -0.482712 0.903107 3
    endloop
  endfacet
  facet normal 0.534922 -0.844901 0
    outer loop
      vertex -0.568909 0.85144 3
      vertex -0.526443 0.878326 4
      vertex -0.568909 0.85144 4
    endloop
  endfacet
  facet normal 0.534922 -0.844901 0
    outer loop
      vertex -0.526443 0.878326 4
      vertex -0.568909 0.85144 3
      vertex -0.526443 0.878326 3
    endloop
  endfacet
  facet normal 0.575871 -0.81754 0
    outer loop
      vertex -0.610001 0.822495 3
      vertex -0.568909 0.85144 4
      vertex -0.610001 0.822495 4
    endloop
  endfacet
  facet normal 0.575871 -0.81754 0
    outer loop
      vertex -0.568909 0.85144 4
      vertex -0.610001 0.822495 3
      vertex -0.568909 0.85144 3
    endloop
  endfacet
  facet normal 0.615105 -0.788445 0
    outer loop
      vertex -0.649628 0.79158 3
      vertex -0.610001 0.822495 4
      vertex -0.649628 0.79158 4
    endloop
  endfacet
  facet normal 0.615105 -0.788445 0
    outer loop
      vertex -0.610001 0.822495 4
      vertex -0.649628 0.79158 3
      vertex -0.610001 0.822495 3
    endloop
  endfacet
  facet normal 0.653293 -0.757105 0
    outer loop
      vertex -0.687683 0.758743 3
      vertex -0.649628 0.79158 4
      vertex -0.687683 0.758743 4
    endloop
  endfacet
  facet normal 0.653293 -0.757105 0
    outer loop
      vertex -0.649628 0.79158 4
      vertex -0.687683 0.758743 3
      vertex -0.649628 0.79158 3
    endloop
  endfacet
  facet normal 0.689423 -0.724359 0
    outer loop
      vertex -0.724091 0.724091 3
      vertex -0.687683 0.758743 4
      vertex -0.724091 0.724091 4
    endloop
  endfacet
  facet normal 0.689423 -0.724359 0
    outer loop
      vertex -0.687683 0.758743 4
      vertex -0.724091 0.724091 3
      vertex -0.687683 0.758743 3
    endloop
  endfacet
  facet normal 0.724359 -0.689423 0
    outer loop
      vertex -0.758743 0.687683 4
      vertex -0.724091 0.724091 3
      vertex -0.724091 0.724091 4
    endloop
  endfacet
  facet normal 0.724359 -0.689423 0
    outer loop
      vertex -0.724091 0.724091 3
      vertex -0.758743 0.687683 4
      vertex -0.758743 0.687683 3
    endloop
  endfacet
  facet normal 0.757105 -0.653293 0
    outer loop
      vertex -0.79158 0.649628 4
      vertex -0.758743 0.687683 3
      vertex -0.758743 0.687683 4
    endloop
  endfacet
  facet normal 0.757105 -0.653293 0
    outer loop
      vertex -0.758743 0.687683 3
      vertex -0.79158 0.649628 4
      vertex -0.79158 0.649628 3
    endloop
  endfacet
  facet normal 0.788445 -0.615105 0
    outer loop
      vertex -0.822495 0.610001 4
      vertex -0.79158 0.649628 3
      vertex -0.79158 0.649628 4
    endloop
  endfacet
  facet normal 0.788445 -0.615105 0
    outer loop
      vertex -0.79158 0.649628 3
      vertex -0.822495 0.610001 4
      vertex -0.822495 0.610001 3
    endloop
  endfacet
  facet normal 0.81754 -0.575871 0
    outer loop
      vertex -0.85144 0.568909 4
      vertex -0.822495 0.610001 3
      vertex -0.822495 0.610001 4
    endloop
  endfacet
  facet normal 0.81754 -0.575871 0
    outer loop
      vertex -0.822495 0.610001 3
      vertex -0.85144 0.568909 4
      vertex -0.85144 0.568909 3
    endloop
  endfacet
  facet normal 0.844901 -0.534922 0
    outer loop
      vertex -0.878326 0.526443 4
      vertex -0.85144 0.568909 3
      vertex -0.85144 0.568909 4
    endloop
  endfacet
  facet normal 0.844901 -0.534922 0
    outer loop
      vertex -0.85144 0.568909 3
      vertex -0.878326 0.526443 4
      vertex -0.878326 0.526443 3
    endloop
  endfacet
  facet normal 0.870021 -0.493014 0
    outer loop
      vertex -0.903107 0.482712 4
      vertex -0.878326 0.526443 3
      vertex -0.878326 0.526443 4
    endloop
  endfacet
  facet normal 0.870021 -0.493014 0
    outer loop
      vertex -0.878326 0.526443 3
      vertex -0.903107 0.482712 4
      vertex -0.903107 0.482712 3
    endloop
  endfacet
  facet normal 0.893214 -0.449631 0
    outer loop
      vertex -0.925705 0.43782 4
      vertex -0.903107 0.482712 3
      vertex -0.903107 0.482712 4
    endloop
  endfacet
  facet normal 0.893214 -0.449631 0
    outer loop
      vertex -0.903107 0.482712 3
      vertex -0.925705 0.43782 4
      vertex -0.925705 0.43782 3
    endloop
  endfacet
  facet normal 0.914288 -0.405065 0
    outer loop
      vertex -0.94606 0.391876 4
      vertex -0.925705 0.43782 3
      vertex -0.925705 0.43782 4
    endloop
  endfacet
  facet normal 0.914288 -0.405065 0
    outer loop
      vertex -0.925705 0.43782 3
      vertex -0.94606 0.391876 4
      vertex -0.94606 0.391876 3
    endloop
  endfacet
  facet normal 0.932968 -0.35996 0
    outer loop
      vertex -0.964157 0.344971 4
      vertex -0.94606 0.391876 3
      vertex -0.94606 0.391876 4
    endloop
  endfacet
  facet normal 0.932968 -0.35996 0
    outer loop
      vertex -0.94606 0.391876 3
      vertex -0.964157 0.344971 4
      vertex -0.964157 0.344971 3
    endloop
  endfacet
  facet normal 0.949534 -0.313665 0
    outer loop
      vertex -0.979919 0.297256 4
      vertex -0.964157 0.344971 3
      vertex -0.964157 0.344971 4
    endloop
  endfacet
  facet normal 0.949534 -0.313665 0
    outer loop
      vertex -0.964157 0.344971 3
      vertex -0.979919 0.297256 4
      vertex -0.979919 0.297256 3
    endloop
  endfacet
  facet normal 0.963744 -0.266827 0
    outer loop
      vertex -0.993332 0.24881 4
      vertex -0.979919 0.297256 3
      vertex -0.979919 0.297256 4
    endloop
  endfacet
  facet normal 0.963744 -0.266827 0
    outer loop
      vertex -0.979919 0.297256 3
      vertex -0.993332 0.24881 4
      vertex -0.993332 0.24881 3
    endloop
  endfacet
  facet normal 0.975765 -0.218822 0
    outer loop
      vertex -1.00433 0.199768 4
      vertex -0.993332 0.24881 3
      vertex -0.993332 0.24881 4
    endloop
  endfacet
  facet normal 0.975765 -0.218822 0
    outer loop
      vertex -0.993332 0.24881 3
      vertex -1.00433 0.199768 4
      vertex -1.00433 0.199768 3
    endloop
  endfacet
  facet normal 0.985216 -0.171316 0
    outer loop
      vertex -1.01294 0.150253 4
      vertex -1.00433 0.199768 3
      vertex -1.00433 0.199768 4
    endloop
  endfacet
  facet normal 0.985216 -0.171316 0
    outer loop
      vertex -1.00433 0.199768 3
      vertex -1.01294 0.150253 4
      vertex -1.01294 0.150253 3
    endloop
  endfacet
  facet normal 0.992489 -0.122331 0
    outer loop
      vertex -1.01909 0.100357 4
      vertex -1.01294 0.150253 3
      vertex -1.01294 0.150253 4
    endloop
  endfacet
  facet normal 0.992489 -0.122331 0
    outer loop
      vertex -1.01294 0.150253 3
      vertex -1.01909 0.100357 4
      vertex -1.01909 0.100357 3
    endloop
  endfacet
  facet normal 0.997301 -0.0734171 0
    outer loop
      vertex -1.02278 0.0502319 4
      vertex -1.01909 0.100357 3
      vertex -1.01909 0.100357 4
    endloop
  endfacet
  facet normal 0.997301 -0.0734171 0
    outer loop
      vertex -1.01909 0.100357 3
      vertex -1.02278 0.0502319 4
      vertex -1.02278 0.0502319 3
    endloop
  endfacet
  facet normal 0.999695 -0.024678 0
    outer loop
      vertex -1.02402 0 4
      vertex -1.02278 0.0502319 3
      vertex -1.02278 0.0502319 4
    endloop
  endfacet
  facet normal 0.999695 -0.024678 0
    outer loop
      vertex -1.02278 0.0502319 3
      vertex -1.02402 0 4
      vertex -1.02402 0 3
    endloop
  endfacet
  facet normal 0.999695 0.024678 0
    outer loop
      vertex -1.02278 -0.0502319 4
      vertex -1.02402 0 3
      vertex -1.02402 0 4
    endloop
  endfacet
  facet normal 0.999695 0.024678 0
    outer loop
      vertex -1.02402 0 3
      vertex -1.02278 -0.0502319 4
      vertex -1.02278 -0.0502319 3
    endloop
  endfacet
  facet normal 0.997301 0.0734171 0
    outer loop
      vertex -1.01909 -0.100357 4
      vertex -1.02278 -0.0502319 3
      vertex -1.02278 -0.0502319 4
    endloop
  endfacet
  facet normal 0.997301 0.0734171 0
    outer loop
      vertex -1.02278 -0.0502319 3
      vertex -1.01909 -0.100357 4
      vertex -1.01909 -0.100357 3
    endloop
  endfacet
  facet normal 0.992489 0.122331 0
    outer loop
      vertex -1.01294 -0.150253 4
      vertex -1.01909 -0.100357 3
      vertex -1.01909 -0.100357 4
    endloop
  endfacet
  facet normal 0.992489 0.122331 0
    outer loop
      vertex -1.01909 -0.100357 3
      vertex -1.01294 -0.150253 4
      vertex -1.01294 -0.150253 3
    endloop
  endfacet
  facet normal 0.985216 0.171316 0
    outer loop
      vertex -1.00433 -0.199768 4
      vertex -1.01294 -0.150253 3
      vertex -1.01294 -0.150253 4
    endloop
  endfacet
  facet normal 0.985216 0.171316 0
    outer loop
      vertex -1.01294 -0.150253 3
      vertex -1.00433 -0.199768 4
      vertex -1.00433 -0.199768 3
    endloop
  endfacet
  facet normal 0.975765 0.218822 0
    outer loop
      vertex -0.993332 -0.24881 4
      vertex -1.00433 -0.199768 3
      vertex -1.00433 -0.199768 4
    endloop
  endfacet
  facet normal 0.975765 0.218822 0
    outer loop
      vertex -1.00433 -0.199768 3
      vertex -0.993332 -0.24881 4
      vertex -0.993332 -0.24881 3
    endloop
  endfacet
  facet normal 0.963744 0.266827 0
    outer loop
      vertex -0.979919 -0.297256 4
      vertex -0.993332 -0.24881 3
      vertex -0.993332 -0.24881 4
    endloop
  endfacet
  facet normal 0.963744 0.266827 0
    outer loop
      vertex -0.993332 -0.24881 3
      vertex -0.979919 -0.297256 4
      vertex -0.979919 -0.297256 3
    endloop
  endfacet
  facet normal 0.949534 0.313665 0
    outer loop
      vertex -0.964157 -0.344971 4
      vertex -0.979919 -0.297256 3
      vertex -0.979919 -0.297256 4
    endloop
  endfacet
  facet normal 0.949534 0.313665 0
    outer loop
      vertex -0.979919 -0.297256 3
      vertex -0.964157 -0.344971 4
      vertex -0.964157 -0.344971 3
    endloop
  endfacet
  facet normal 0.932968 0.35996 0
    outer loop
      vertex -0.94606 -0.391876 4
      vertex -0.964157 -0.344971 3
      vertex -0.964157 -0.344971 4
    endloop
  endfacet
  facet normal 0.932968 0.35996 0
    outer loop
      vertex -0.964157 -0.344971 3
      vertex -0.94606 -0.391876 4
      vertex -0.94606 -0.391876 3
    endloop
  endfacet
  facet normal 0.914288 0.405065 0
    outer loop
      vertex -0.925705 -0.43782 4
      vertex -0.94606 -0.391876 3
      vertex -0.94606 -0.391876 4
    endloop
  endfacet
  facet normal 0.914288 0.405065 0
    outer loop
      vertex -0.94606 -0.391876 3
      vertex -0.925705 -0.43782 4
      vertex -0.925705 -0.43782 3
    endloop
  endfacet
  facet normal 0.893214 0.449631 0
    outer loop
      vertex -0.903107 -0.482712 4
      vertex -0.925705 -0.43782 3
      vertex -0.925705 -0.43782 4
    endloop
  endfacet
  facet normal 0.893214 0.449631 0
    outer loop
      vertex -0.925705 -0.43782 3
      vertex -0.903107 -0.482712 4
      vertex -0.903107 -0.482712 3
    endloop
  endfacet
  facet normal 0.870021 0.493014 0
    outer loop
      vertex -0.878326 -0.526443 4
      vertex -0.903107 -0.482712 3
      vertex -0.903107 -0.482712 4
    endloop
  endfacet
  facet normal 0.870021 0.493014 0
    outer loop
      vertex -0.903107 -0.482712 3
      vertex -0.878326 -0.526443 4
      vertex -0.878326 -0.526443 3
    endloop
  endfacet
  facet normal 0.844901 0.534922 0
    outer loop
      vertex -0.85144 -0.568909 4
      vertex -0.878326 -0.526443 3
      vertex -0.878326 -0.526443 4
    endloop
  endfacet
  facet normal 0.844901 0.534922 0
    outer loop
      vertex -0.878326 -0.526443 3
      vertex -0.85144 -0.568909 4
      vertex -0.85144 -0.568909 3
    endloop
  endfacet
  facet normal 0.81754 0.575871 0
    outer loop
      vertex -0.822495 -0.610001 4
      vertex -0.85144 -0.568909 3
      vertex -0.85144 -0.568909 4
    endloop
  endfacet
  facet normal 0.81754 0.575871 0
    outer loop
      vertex -0.85144 -0.568909 3
      vertex -0.822495 -0.610001 4
      vertex -0.822495 -0.610001 3
    endloop
  endfacet
  facet normal 0.788445 0.615105 0
    outer loop
      vertex -0.79158 -0.649628 4
      vertex -0.822495 -0.610001 3
      vertex -0.822495 -0.610001 4
    endloop
  endfacet
  facet normal 0.788445 0.615105 0
    outer loop
      vertex -0.822495 -0.610001 3
      vertex -0.79158 -0.649628 4
      vertex -0.79158 -0.649628 3
    endloop
  endfacet
  facet normal 0.757105 0.653293 0
    outer loop
      vertex -0.758743 -0.687683 4
      vertex -0.79158 -0.649628 3
      vertex -0.79158 -0.649628 4
    endloop
  endfacet
  facet normal 0.757105 0.653293 0
    outer loop
      vertex -0.79158 -0.649628 3
      vertex -0.758743 -0.687683 4
      vertex -0.758743 -0.687683 3
    endloop
  endfacet
  facet normal 0.724359 0.689423 0
    outer loop
      vertex -0.724091 -0.724091 4
      vertex -0.758743 -0.687683 3
      vertex -0.758743 -0.687683 4
    endloop
  endfacet
  facet normal 0.724359 0.689423 0
    outer loop
      vertex -0.758743 -0.687683 3
      vertex -0.724091 -0.724091 4
      vertex -0.724091 -0.724091 3
    endloop
  endfacet
  facet normal 0.689423 0.724359 -0
    outer loop
      vertex -0.687683 -0.758743 3
      vertex -0.724091 -0.724091 4
      vertex -0.687683 -0.758743 4
    endloop
  endfacet
  facet normal 0.689423 0.724359 0
    outer loop
      vertex -0.724091 -0.724091 4
      vertex -0.687683 -0.758743 3
      vertex -0.724091 -0.724091 3
    endloop
  endfacet
  facet normal 0.653293 0.757105 -0
    outer loop
      vertex -0.649628 -0.79158 3
      vertex -0.687683 -0.758743 4
      vertex -0.649628 -0.79158 4
    endloop
  endfacet
  facet normal 0.653293 0.757105 0
    outer loop
      vertex -0.687683 -0.758743 4
      vertex -0.649628 -0.79158 3
      vertex -0.687683 -0.758743 3
    endloop
  endfacet
  facet normal 0.615105 0.788445 -0
    outer loop
      vertex -0.610001 -0.822495 3
      vertex -0.649628 -0.79158 4
      vertex -0.610001 -0.822495 4
    endloop
  endfacet
  facet normal 0.615105 0.788445 0
    outer loop
      vertex -0.649628 -0.79158 4
      vertex -0.610001 -0.822495 3
      vertex -0.649628 -0.79158 3
    endloop
  endfacet
  facet normal 0.575871 0.81754 -0
    outer loop
      vertex -0.568909 -0.85144 3
      vertex -0.610001 -0.822495 4
      vertex -0.568909 -0.85144 4
    endloop
  endfacet
  facet normal 0.575871 0.81754 0
    outer loop
      vertex -0.610001 -0.822495 4
      vertex -0.568909 -0.85144 3
      vertex -0.610001 -0.822495 3
    endloop
  endfacet
  facet normal 0.534922 0.844901 -0
    outer loop
      vertex -0.526443 -0.878326 3
      vertex -0.568909 -0.85144 4
      vertex -0.526443 -0.878326 4
    endloop
  endfacet
  facet normal 0.534922 0.844901 0
    outer loop
      vertex -0.568909 -0.85144 4
      vertex -0.526443 -0.878326 3
      vertex -0.568909 -0.85144 3
    endloop
  endfacet
  facet normal 0.493014 0.870021 -0
    outer loop
      vertex -0.482712 -0.903107 3
      vertex -0.526443 -0.878326 4
      vertex -0.482712 -0.903107 4
    endloop
  endfacet
  facet normal 0.493014 0.870021 0
    outer loop
      vertex -0.526443 -0.878326 4
      vertex -0.482712 -0.903107 3
      vertex -0.526443 -0.878326 3
    endloop
  endfacet
  facet normal 0.449631 0.893214 -0
    outer loop
      vertex -0.43782 -0.925705 3
      vertex -0.482712 -0.903107 4
      vertex -0.43782 -0.925705 4
    endloop
  endfacet
  facet normal 0.449631 0.893214 0
    outer loop
      vertex -0.482712 -0.903107 4
      vertex -0.43782 -0.925705 3
      vertex -0.482712 -0.903107 3
    endloop
  endfacet
  facet normal 0.405065 0.914288 -0
    outer loop
      vertex -0.391876 -0.94606 3
      vertex -0.43782 -0.925705 4
      vertex -0.391876 -0.94606 4
    endloop
  endfacet
  facet normal 0.405065 0.914288 0
    outer loop
      vertex -0.43782 -0.925705 4
      vertex -0.391876 -0.94606 3
      vertex -0.43782 -0.925705 3
    endloop
  endfacet
  facet normal 0.35996 0.932968 -0
    outer loop
      vertex -0.344971 -0.964157 3
      vertex -0.391876 -0.94606 4
      vertex -0.344971 -0.964157 4
    endloop
  endfacet
  facet normal 0.35996 0.932968 0
    outer loop
      vertex -0.391876 -0.94606 4
      vertex -0.344971 -0.964157 3
      vertex -0.391876 -0.94606 3
    endloop
  endfacet
  facet normal 0.313665 0.949534 -0
    outer loop
      vertex -0.297256 -0.979919 3
      vertex -0.344971 -0.964157 4
      vertex -0.297256 -0.979919 4
    endloop
  endfacet
  facet normal 0.313665 0.949534 0
    outer loop
      vertex -0.344971 -0.964157 4
      vertex -0.297256 -0.979919 3
      vertex -0.344971 -0.964157 3
    endloop
  endfacet
  facet normal 0.266827 0.963744 -0
    outer loop
      vertex -0.24881 -0.993332 3
      vertex -0.297256 -0.979919 4
      vertex -0.24881 -0.993332 4
    endloop
  endfacet
  facet normal 0.266827 0.963744 0
    outer loop
      vertex -0.297256 -0.979919 4
      vertex -0.24881 -0.993332 3
      vertex -0.297256 -0.979919 3
    endloop
  endfacet
  facet normal 0.218822 0.975765 -0
    outer loop
      vertex -0.199768 -1.00433 3
      vertex -0.24881 -0.993332 4
      vertex -0.199768 -1.00433 4
    endloop
  endfacet
  facet normal 0.218822 0.975765 0
    outer loop
      vertex -0.24881 -0.993332 4
      vertex -0.199768 -1.00433 3
      vertex -0.24881 -0.993332 3
    endloop
  endfacet
  facet normal 0.171316 0.985216 -0
    outer loop
      vertex -0.150253 -1.01294 3
      vertex -0.199768 -1.00433 4
      vertex -0.150253 -1.01294 4
    endloop
  endfacet
  facet normal 0.171316 0.985216 0
    outer loop
      vertex -0.199768 -1.00433 4
      vertex -0.150253 -1.01294 3
      vertex -0.199768 -1.00433 3
    endloop
  endfacet
  facet normal 0.122331 0.992489 -0
    outer loop
      vertex -0.100357 -1.01909 3
      vertex -0.150253 -1.01294 4
      vertex -0.100357 -1.01909 4
    endloop
  endfacet
  facet normal 0.122331 0.992489 0
    outer loop
      vertex -0.150253 -1.01294 4
      vertex -0.100357 -1.01909 3
      vertex -0.150253 -1.01294 3
    endloop
  endfacet
  facet normal 0.0734171 0.997301 -0
    outer loop
      vertex -0.0502319 -1.02278 3
      vertex -0.100357 -1.01909 4
      vertex -0.0502319 -1.02278 4
    endloop
  endfacet
  facet normal 0.0734171 0.997301 0
    outer loop
      vertex -0.100357 -1.01909 4
      vertex -0.0502319 -1.02278 3
      vertex -0.100357 -1.01909 3
    endloop
  endfacet
  facet normal 0.024678 0.999695 -0
    outer loop
      vertex 0 -1.02402 3
      vertex -0.0502319 -1.02278 4
      vertex 0 -1.02402 4
    endloop
  endfacet
  facet normal 0.024678 0.999695 0
    outer loop
      vertex -0.0502319 -1.02278 4
      vertex 0 -1.02402 3
      vertex -0.0502319 -1.02278 3
    endloop
  endfacet
  facet normal -0.024678 0.999695 0
    outer loop
      vertex 0.0502319 -1.02278 3
      vertex 0 -1.02402 4
      vertex 0.0502319 -1.02278 4
    endloop
  endfacet
  facet normal -0.024678 0.999695 0
    outer loop
      vertex 0 -1.02402 4
      vertex 0.0502319 -1.02278 3
      vertex 0 -1.02402 3
    endloop
  endfacet
  facet normal -0.0835724 0.996502 0
    outer loop
      vertex -1.96893 -3.87997 3
      vertex -2.01901 -3.88417 4
      vertex -1.96893 -3.87997 4
    endloop
  endfacet
  facet normal -0.0835724 0.996502 0
    outer loop
      vertex -2.01901 -3.88417 4
      vertex -1.96893 -3.87997 3
      vertex -2.01901 -3.88417 3
    endloop
  endfacet
  facet normal -0.131916 0.991261 0
    outer loop
      vertex -1.91911 -3.87334 3
      vertex -1.96893 -3.87997 4
      vertex -1.91911 -3.87334 4
    endloop
  endfacet
  facet normal -0.131916 0.991261 0
    outer loop
      vertex -1.96893 -3.87997 4
      vertex -1.91911 -3.87334 3
      vertex -1.96893 -3.87997 3
    endloop
  endfacet
  facet normal -0.180636 0.98355 0
    outer loop
      vertex -1.86967 -3.86426 3
      vertex -1.91911 -3.87334 4
      vertex -1.86967 -3.86426 4
    endloop
  endfacet
  facet normal -0.180636 0.98355 0
    outer loop
      vertex -1.91911 -3.87334 4
      vertex -1.86967 -3.86426 3
      vertex -1.91911 -3.87334 3
    endloop
  endfacet
  facet normal -0.228607 0.973519 0
    outer loop
      vertex -1.82074 -3.85277 3
      vertex -1.86967 -3.86426 4
      vertex -1.82074 -3.85277 4
    endloop
  endfacet
  facet normal -0.228607 0.973519 0
    outer loop
      vertex -1.86967 -3.86426 4
      vertex -1.82074 -3.85277 3
      vertex -1.86967 -3.86426 3
    endloop
  endfacet
  facet normal -0.276429 0.961034 0
    outer loop
      vertex -1.77245 -3.83888 3
      vertex -1.82074 -3.85277 4
      vertex -1.77245 -3.83888 4
    endloop
  endfacet
  facet normal -0.276429 0.961034 0
    outer loop
      vertex -1.82074 -3.85277 4
      vertex -1.77245 -3.83888 3
      vertex -1.82074 -3.85277 3
    endloop
  endfacet
  facet normal -0.322844 0.946452 0
    outer loop
      vertex -1.72487 -3.82265 3
      vertex -1.77245 -3.83888 4
      vertex -1.72487 -3.82265 4
    endloop
  endfacet
  facet normal -0.322844 0.946452 0
    outer loop
      vertex -1.77245 -3.83888 4
      vertex -1.72487 -3.82265 3
      vertex -1.77245 -3.83888 3
    endloop
  endfacet
  facet normal -0.369263 0.929325 0
    outer loop
      vertex -1.67816 -3.80409 3
      vertex -1.72487 -3.82265 4
      vertex -1.67816 -3.80409 4
    endloop
  endfacet
  facet normal -0.369263 0.929325 0
    outer loop
      vertex -1.72487 -3.82265 4
      vertex -1.67816 -3.80409 3
      vertex -1.72487 -3.82265 3
    endloop
  endfacet
  facet normal -0.414118 0.910223 0
    outer loop
      vertex -1.63242 -3.78328 3
      vertex -1.67816 -3.80409 4
      vertex -1.63242 -3.78328 4
    endloop
  endfacet
  facet normal -0.414118 0.910223 0
    outer loop
      vertex -1.67816 -3.80409 4
      vertex -1.63242 -3.78328 3
      vertex -1.67816 -3.80409 3
    endloop
  endfacet
  facet normal -0.458319 0.888788 0
    outer loop
      vertex -1.58774 -3.76024 3
      vertex -1.63242 -3.78328 4
      vertex -1.58774 -3.76024 4
    endloop
  endfacet
  facet normal -0.458319 0.888788 0
    outer loop
      vertex -1.63242 -3.78328 4
      vertex -1.58774 -3.76024 3
      vertex -1.63242 -3.78328 3
    endloop
  endfacet
  facet normal -0.501209 0.865326 0
    outer loop
      vertex -1.54425 -3.73505 3
      vertex -1.58774 -3.76024 4
      vertex -1.54425 -3.73505 4
    endloop
  endfacet
  facet normal -0.501209 0.865326 0
    outer loop
      vertex -1.58774 -3.76024 4
      vertex -1.54425 -3.73505 3
      vertex -1.58774 -3.76024 3
    endloop
  endfacet
  facet normal -0.54354 0.839383 0
    outer loop
      vertex -1.50206 -3.70773 3
      vertex -1.54425 -3.73505 4
      vertex -1.50206 -3.70773 4
    endloop
  endfacet
  facet normal -0.54354 0.839383 0
    outer loop
      vertex -1.54425 -3.73505 4
      vertex -1.50206 -3.70773 3
      vertex -1.54425 -3.73505 3
    endloop
  endfacet
  facet normal -0.583644 0.812009 0
    outer loop
      vertex -1.46124 -3.67839 3
      vertex -1.50206 -3.70773 4
      vertex -1.46124 -3.67839 4
    endloop
  endfacet
  facet normal -0.583644 0.812009 0
    outer loop
      vertex -1.50206 -3.70773 4
      vertex -1.46124 -3.67839 3
      vertex -1.50206 -3.70773 3
    endloop
  endfacet
  facet normal -0.623116 0.782129 0
    outer loop
      vertex -1.42194 -3.64708 3
      vertex -1.46124 -3.67839 4
      vertex -1.42194 -3.64708 4
    endloop
  endfacet
  facet normal -0.623116 0.782129 0
    outer loop
      vertex -1.46124 -3.67839 4
      vertex -1.42194 -3.64708 3
      vertex -1.46124 -3.67839 3
    endloop
  endfacet
  facet normal -0.660502 0.750824 0
    outer loop
      vertex -1.3842 -3.61388 3
      vertex -1.42194 -3.64708 4
      vertex -1.3842 -3.61388 4
    endloop
  endfacet
  facet normal -0.660502 0.750824 0
    outer loop
      vertex -1.42194 -3.64708 4
      vertex -1.3842 -3.61388 3
      vertex -1.42194 -3.64708 3
    endloop
  endfacet
  facet normal -0.696484 0.717572 0
    outer loop
      vertex -1.34813 -3.57887 3
      vertex -1.3842 -3.61388 4
      vertex -1.34813 -3.57887 4
    endloop
  endfacet
  facet normal -0.696484 0.717572 0
    outer loop
      vertex -1.3842 -3.61388 4
      vertex -1.34813 -3.57887 3
      vertex -1.3842 -3.61388 3
    endloop
  endfacet
  facet normal -0.731062 0.682311 0
    outer loop
      vertex -1.34813 -3.57887 3
      vertex -1.31384 -3.54213 4
      vertex -1.31384 -3.54213 3
    endloop
  endfacet
  facet normal -0.731062 0.682311 0
    outer loop
      vertex -1.31384 -3.54213 4
      vertex -1.34813 -3.57887 3
      vertex -1.34813 -3.57887 4
    endloop
  endfacet
  facet normal -0.763635 0.645648 0
    outer loop
      vertex -1.31384 -3.54213 3
      vertex -1.28139 -3.50375 4
      vertex -1.28139 -3.50375 3
    endloop
  endfacet
  facet normal -0.763635 0.645648 0
    outer loop
      vertex -1.28139 -3.50375 4
      vertex -1.31384 -3.54213 3
      vertex -1.31384 -3.54213 4
    endloop
  endfacet
  facet normal -0.794307 0.607517 0
    outer loop
      vertex -1.28139 -3.50375 3
      vertex -1.25085 -3.46382 4
      vertex -1.25085 -3.46382 3
    endloop
  endfacet
  facet normal -0.794307 0.607517 0
    outer loop
      vertex -1.25085 -3.46382 4
      vertex -1.28139 -3.50375 3
      vertex -1.28139 -3.50375 4
    endloop
  endfacet
  facet normal -0.823222 0.567719 0
    outer loop
      vertex -1.25085 -3.46382 3
      vertex -1.22232 -3.42245 4
      vertex -1.22232 -3.42245 3
    endloop
  endfacet
  facet normal -0.823222 0.567719 0
    outer loop
      vertex -1.22232 -3.42245 4
      vertex -1.25085 -3.46382 3
      vertex -1.25085 -3.46382 4
    endloop
  endfacet
  facet normal -0.850159 0.526526 0
    outer loop
      vertex -1.22232 -3.42245 3
      vertex -1.19585 -3.37971 4
      vertex -1.19585 -3.37971 3
    endloop
  endfacet
  facet normal -0.850159 0.526526 0
    outer loop
      vertex -1.19585 -3.37971 4
      vertex -1.22232 -3.42245 3
      vertex -1.22232 -3.42245 4
    endloop
  endfacet
  facet normal -0.874682 0.484697 0
    outer loop
      vertex -1.19585 -3.37971 3
      vertex -1.17149 -3.33575 4
      vertex -1.17149 -3.33575 3
    endloop
  endfacet
  facet normal -0.874682 0.484697 0
    outer loop
      vertex -1.17149 -3.33575 4
      vertex -1.19585 -3.37971 3
      vertex -1.19585 -3.37971 4
    endloop
  endfacet
  facet normal -0.897666 0.440676 0
    outer loop
      vertex -1.17149 -3.33575 3
      vertex -1.14934 -3.29063 4
      vertex -1.14934 -3.29063 3
    endloop
  endfacet
  facet normal -0.897666 0.440676 0
    outer loop
      vertex -1.14934 -3.29063 4
      vertex -1.17149 -3.33575 3
      vertex -1.17149 -3.33575 4
    endloop
  endfacet
  facet normal -0.918164 0.3962 0
    outer loop
      vertex -1.14934 -3.29063 3
      vertex -1.12943 -3.24449 4
      vertex -1.12943 -3.24449 3
    endloop
  endfacet
  facet normal -0.918164 0.3962 0
    outer loop
      vertex -1.12943 -3.24449 4
      vertex -1.14934 -3.29063 3
      vertex -1.14934 -3.29063 4
    endloop
  endfacet
  facet normal -0.936468 0.350753 0
    outer loop
      vertex -1.12943 -3.24449 3
      vertex -1.1118 -3.19742 4
      vertex -1.1118 -3.19742 3
    endloop
  endfacet
  facet normal -0.936468 0.350753 0
    outer loop
      vertex -1.1118 -3.19742 4
      vertex -1.12943 -3.24449 3
      vertex -1.12943 -3.24449 4
    endloop
  endfacet
  facet normal -0.952549 0.304386 0
    outer loop
      vertex -1.1118 -3.19742 3
      vertex -1.0965 -3.14954 4
      vertex -1.0965 -3.14954 3
    endloop
  endfacet
  facet normal -0.952549 0.304386 0
    outer loop
      vertex -1.0965 -3.14954 4
      vertex -1.1118 -3.19742 3
      vertex -1.1118 -3.19742 4
    endloop
  endfacet
  facet normal -0.966344 0.257254 0
    outer loop
      vertex -1.0965 -3.14954 3
      vertex -1.08357 -3.10097 4
      vertex -1.08357 -3.10097 3
    endloop
  endfacet
  facet normal -0.966344 0.257254 0
    outer loop
      vertex -1.08357 -3.10097 4
      vertex -1.0965 -3.14954 3
      vertex -1.0965 -3.14954 4
    endloop
  endfacet
  facet normal -0.977811 0.209488 0
    outer loop
      vertex -1.08357 -3.10097 3
      vertex -1.07304 -3.05182 4
      vertex -1.07304 -3.05182 3
    endloop
  endfacet
  facet normal -0.977811 0.209488 0
    outer loop
      vertex -1.07304 -3.05182 4
      vertex -1.08357 -3.10097 3
      vertex -1.08357 -3.10097 4
    endloop
  endfacet
  facet normal -0.986921 0.161203 0
    outer loop
      vertex -1.07304 -3.05182 3
      vertex -1.06494 -3.00223 4
      vertex -1.06494 -3.00223 3
    endloop
  endfacet
  facet normal -0.986921 0.161203 0
    outer loop
      vertex -1.06494 -3.00223 4
      vertex -1.07304 -3.05182 3
      vertex -1.07304 -3.05182 4
    endloop
  endfacet
  facet normal -0.993639 0.112615 0
    outer loop
      vertex -1.06494 -3.00223 3
      vertex -1.05928 -2.95229 4
      vertex -1.05928 -2.95229 3
    endloop
  endfacet
  facet normal -0.993639 0.112615 0
    outer loop
      vertex -1.05928 -2.95229 4
      vertex -1.06494 -3.00223 3
      vertex -1.06494 -3.00223 4
    endloop
  endfacet
  facet normal -0.997973 0.0636412 0
    outer loop
      vertex -1.05928 -2.95229 3
      vertex -1.05608 -2.90211 4
      vertex -1.05608 -2.90211 3
    endloop
  endfacet
  facet normal -0.997973 0.0636412 0
    outer loop
      vertex -1.05608 -2.90211 4
      vertex -1.05928 -2.95229 3
      vertex -1.05928 -2.95229 4
    endloop
  endfacet
  facet normal -0.999889 0.0149267 0
    outer loop
      vertex -1.05608 -2.90211 3
      vertex -1.05533 -2.85187 4
      vertex -1.05533 -2.85187 3
    endloop
  endfacet
  facet normal -0.999889 0.0149267 0
    outer loop
      vertex -1.05533 -2.85187 4
      vertex -1.05608 -2.90211 3
      vertex -1.05608 -2.90211 4
    endloop
  endfacet
  facet normal -0.999414 -0.0342224 0
    outer loop
      vertex -1.05533 -2.85187 3
      vertex -1.05705 -2.80164 4
      vertex -1.05705 -2.80164 3
    endloop
  endfacet
  facet normal -0.999414 -0.0342224 0
    outer loop
      vertex -1.05705 -2.80164 4
      vertex -1.05533 -2.85187 3
      vertex -1.05533 -2.85187 4
    endloop
  endfacet
  facet normal -0.996504 -0.0835393 0
    outer loop
      vertex -1.05705 -2.80164 3
      vertex -1.06125 -2.75154 4
      vertex -1.06125 -2.75154 3
    endloop
  endfacet
  facet normal -0.996504 -0.0835393 0
    outer loop
      vertex -1.06125 -2.75154 4
      vertex -1.05705 -2.80164 3
      vertex -1.05705 -2.80164 4
    endloop
  endfacet
  facet normal -0.991235 -0.132112 0
    outer loop
      vertex -1.06125 -2.75154 3
      vertex -1.06789 -2.70172 4
      vertex -1.06789 -2.70172 3
    endloop
  endfacet
  facet normal -0.991235 -0.132112 0
    outer loop
      vertex -1.06789 -2.70172 4
      vertex -1.06125 -2.75154 3
      vertex -1.06125 -2.75154 4
    endloop
  endfacet
  facet normal -0.98355 -0.180636 0
    outer loop
      vertex -1.06789 -2.70172 3
      vertex -1.07697 -2.65228 4
      vertex -1.07697 -2.65228 3
    endloop
  endfacet
  facet normal -0.98355 -0.180636 0
    outer loop
      vertex -1.07697 -2.65228 4
      vertex -1.06789 -2.70172 3
      vertex -1.06789 -2.70172 4
    endloop
  endfacet
  facet normal -0.973508 -0.228651 0
    outer loop
      vertex -1.07697 -2.65228 3
      vertex -1.08846 -2.60336 4
      vertex -1.08846 -2.60336 3
    endloop
  endfacet
  facet normal -0.973508 -0.228651 0
    outer loop
      vertex -1.08846 -2.60336 4
      vertex -1.07697 -2.65228 3
      vertex -1.07697 -2.65228 4
    endloop
  endfacet
  facet normal -0.961117 -0.27614 0
    outer loop
      vertex -1.08846 -2.60336 3
      vertex -1.10234 -2.55505 4
      vertex -1.10234 -2.55505 3
    endloop
  endfacet
  facet normal -0.961117 -0.27614 0
    outer loop
      vertex -1.10234 -2.55505 4
      vertex -1.08846 -2.60336 3
      vertex -1.08846 -2.60336 4
    endloop
  endfacet
  facet normal -0.94635 -0.323144 0
    outer loop
      vertex -1.10234 -2.55505 3
      vertex -1.11858 -2.50749 4
      vertex -1.11858 -2.50749 3
    endloop
  endfacet
  facet normal -0.94635 -0.323144 0
    outer loop
      vertex -1.11858 -2.50749 4
      vertex -1.10234 -2.55505 3
      vertex -1.10234 -2.55505 4
    endloop
  endfacet
  facet normal -0.929489 -0.368851 0
    outer loop
      vertex -1.11858 -2.50749 3
      vertex -1.13712 -2.46077 4
      vertex -1.13712 -2.46077 3
    endloop
  endfacet
  facet normal -0.929489 -0.368851 0
    outer loop
      vertex -1.13712 -2.46077 4
      vertex -1.11858 -2.50749 3
      vertex -1.11858 -2.50749 4
    endloop
  endfacet
  facet normal -0.910182 -0.414208 0
    outer loop
      vertex -1.13712 -2.46077 3
      vertex -1.15794 -2.41502 4
      vertex -1.15794 -2.41502 3
    endloop
  endfacet
  facet normal -0.910182 -0.414208 0
    outer loop
      vertex -1.15794 -2.41502 4
      vertex -1.13712 -2.46077 3
      vertex -1.13712 -2.46077 4
    endloop
  endfacet
  facet normal -0.888746 -0.4584 0
    outer loop
      vertex -1.15794 -2.41502 3
      vertex -1.18098 -2.37035 4
      vertex -1.18098 -2.37035 3
    endloop
  endfacet
  facet normal -0.888746 -0.4584 0
    outer loop
      vertex -1.18098 -2.37035 4
      vertex -1.15794 -2.41502 3
      vertex -1.15794 -2.41502 4
    endloop
  endfacet
  facet normal -0.86519 -0.501444 0
    outer loop
      vertex -1.18098 -2.37035 3
      vertex -1.20618 -2.32687 4
      vertex -1.20618 -2.32687 3
    endloop
  endfacet
  facet normal -0.86519 -0.501444 0
    outer loop
      vertex -1.20618 -2.32687 4
      vertex -1.18098 -2.37035 3
      vertex -1.18098 -2.37035 4
    endloop
  endfacet
  facet normal -0.839533 -0.543309 0
    outer loop
      vertex -1.20618 -2.32687 3
      vertex -1.23349 -2.28467 4
      vertex -1.23349 -2.28467 3
    endloop
  endfacet
  facet normal -0.839533 -0.543309 0
    outer loop
      vertex -1.23349 -2.28467 4
      vertex -1.20618 -2.32687 3
      vertex -1.20618 -2.32687 4
    endloop
  endfacet
  facet normal -0.811874 -0.583833 0
    outer loop
      vertex -1.23349 -2.28467 3
      vertex -1.26283 -2.24387 4
      vertex -1.26283 -2.24387 3
    endloop
  endfacet
  facet normal -0.811874 -0.583833 0
    outer loop
      vertex -1.26283 -2.24387 4
      vertex -1.23349 -2.28467 3
      vertex -1.23349 -2.28467 4
    endloop
  endfacet
  facet normal -0.782361 -0.622825 0
    outer loop
      vertex -1.26283 -2.24387 3
      vertex -1.29414 -2.20454 4
      vertex -1.29414 -2.20454 3
    endloop
  endfacet
  facet normal -0.782361 -0.622825 0
    outer loop
      vertex -1.29414 -2.20454 4
      vertex -1.26283 -2.24387 3
      vertex -1.26283 -2.24387 4
    endloop
  endfacet
  facet normal -0.750639 -0.660713 0
    outer loop
      vertex -1.29414 -2.20454 3
      vertex -1.32735 -2.16681 4
      vertex -1.32735 -2.16681 3
    endloop
  endfacet
  facet normal -0.750639 -0.660713 0
    outer loop
      vertex -1.32735 -2.16681 4
      vertex -1.29414 -2.20454 3
      vertex -1.29414 -2.20454 4
    endloop
  endfacet
  facet normal -0.717575 -0.696481 0
    outer loop
      vertex -1.32735 -2.16681 3
      vertex -1.36235 -2.13075 4
      vertex -1.36235 -2.13075 3
    endloop
  endfacet
  facet normal -0.717575 -0.696481 0
    outer loop
      vertex -1.36235 -2.13075 4
      vertex -1.32735 -2.16681 3
      vertex -1.32735 -2.16681 4
    endloop
  endfacet
  facet normal -0.682417 -0.730963 0
    outer loop
      vertex -1.39909 -2.09645 3
      vertex -1.36235 -2.13075 4
      vertex -1.39909 -2.09645 4
    endloop
  endfacet
  facet normal -0.682417 -0.730963 -0
    outer loop
      vertex -1.36235 -2.13075 4
      vertex -1.39909 -2.09645 3
      vertex -1.36235 -2.13075 3
    endloop
  endfacet
  facet normal -0.645648 -0.763635 0
    outer loop
      vertex -1.43747 -2.064 3
      vertex -1.39909 -2.09645 4
      vertex -1.43747 -2.064 4
    endloop
  endfacet
  facet normal -0.645648 -0.763635 -0
    outer loop
      vertex -1.39909 -2.09645 4
      vertex -1.43747 -2.064 3
      vertex -1.39909 -2.09645 3
    endloop
  endfacet
  facet normal -0.607517 -0.794307 0
    outer loop
      vertex -1.4774 -2.03346 3
      vertex -1.43747 -2.064 4
      vertex -1.4774 -2.03346 4
    endloop
  endfacet
  facet normal -0.607517 -0.794307 -0
    outer loop
      vertex -1.43747 -2.064 4
      vertex -1.4774 -2.03346 3
      vertex -1.43747 -2.064 3
    endloop
  endfacet
  facet normal -0.567719 -0.823222 0
    outer loop
      vertex -1.51877 -2.00493 3
      vertex -1.4774 -2.03346 4
      vertex -1.51877 -2.00493 4
    endloop
  endfacet
  facet normal -0.567719 -0.823222 -0
    outer loop
      vertex -1.4774 -2.03346 4
      vertex -1.51877 -2.00493 3
      vertex -1.4774 -2.03346 3
    endloop
  endfacet
  facet normal -0.526848 -0.84996 0
    outer loop
      vertex -1.56149 -1.97845 3
      vertex -1.51877 -2.00493 4
      vertex -1.56149 -1.97845 4
    endloop
  endfacet
  facet normal -0.526848 -0.84996 -0
    outer loop
      vertex -1.51877 -2.00493 4
      vertex -1.56149 -1.97845 3
      vertex -1.51877 -2.00493 3
    endloop
  endfacet
  facet normal -0.484071 -0.875029 0
    outer loop
      vertex -1.60547 -1.95412 3
      vertex -1.56149 -1.97845 4
      vertex -1.60547 -1.95412 4
    endloop
  endfacet
  facet normal -0.484071 -0.875029 -0
    outer loop
      vertex -1.56149 -1.97845 4
      vertex -1.60547 -1.95412 3
      vertex -1.56149 -1.97845 3
    endloop
  endfacet
  facet normal -0.440836 -0.897587 0
    outer loop
      vertex -1.65059 -1.93196 3
      vertex -1.60547 -1.95412 4
      vertex -1.65059 -1.93196 4
    endloop
  endfacet
  facet normal -0.440836 -0.897587 -0
    outer loop
      vertex -1.60547 -1.95412 4
      vertex -1.65059 -1.93196 3
      vertex -1.60547 -1.95412 3
    endloop
  endfacet
  facet normal -0.3962 -0.918164 0
    outer loop
      vertex -1.69673 -1.91205 3
      vertex -1.65059 -1.93196 4
      vertex -1.69673 -1.91205 4
    endloop
  endfacet
  facet normal -0.3962 -0.918164 -0
    outer loop
      vertex -1.65059 -1.93196 4
      vertex -1.69673 -1.91205 3
      vertex -1.65059 -1.93196 3
    endloop
  endfacet
  facet normal -0.350927 -0.936403 0
    outer loop
      vertex -1.7438 -1.89441 3
      vertex -1.69673 -1.91205 4
      vertex -1.7438 -1.89441 4
    endloop
  endfacet
  facet normal -0.350927 -0.936403 -0
    outer loop
      vertex -1.69673 -1.91205 4
      vertex -1.7438 -1.89441 3
      vertex -1.69673 -1.91205 3
    endloop
  endfacet
  facet normal -0.304263 -0.952588 0
    outer loop
      vertex -1.79167 -1.87912 3
      vertex -1.7438 -1.89441 4
      vertex -1.79167 -1.87912 4
    endloop
  endfacet
  facet normal -0.304263 -0.952588 -0
    outer loop
      vertex -1.7438 -1.89441 4
      vertex -1.79167 -1.87912 3
      vertex -1.7438 -1.89441 3
    endloop
  endfacet
  facet normal -0.256969 -0.96642 0
    outer loop
      vertex -1.84026 -1.8662 3
      vertex -1.79167 -1.87912 4
      vertex -1.84026 -1.8662 4
    endloop
  endfacet
  facet normal -0.256969 -0.96642 -0
    outer loop
      vertex -1.79167 -1.87912 4
      vertex -1.84026 -1.8662 3
      vertex -1.79167 -1.87912 3
    endloop
  endfacet
  facet normal -0.20995 -0.977712 0
    outer loop
      vertex -1.88939 -1.85565 3
      vertex -1.84026 -1.8662 4
      vertex -1.88939 -1.85565 4
    endloop
  endfacet
  facet normal -0.20995 -0.977712 -0
    outer loop
      vertex -1.84026 -1.8662 4
      vertex -1.88939 -1.85565 3
      vertex -1.84026 -1.8662 3
    endloop
  endfacet
  facet normal -0.16114 -0.986932 0
    outer loop
      vertex -1.939 -1.84755 3
      vertex -1.88939 -1.85565 4
      vertex -1.939 -1.84755 4
    endloop
  endfacet
  facet normal -0.16114 -0.986932 -0
    outer loop
      vertex -1.88939 -1.85565 4
      vertex -1.939 -1.84755 3
      vertex -1.88939 -1.85565 3
    endloop
  endfacet
  facet normal -0.112615 -0.993639 0
    outer loop
      vertex -1.98894 -1.84189 3
      vertex -1.939 -1.84755 4
      vertex -1.98894 -1.84189 4
    endloop
  endfacet
  facet normal -0.112615 -0.993639 -0
    outer loop
      vertex -1.939 -1.84755 4
      vertex -1.98894 -1.84189 3
      vertex -1.939 -1.84755 3
    endloop
  endfacet
  facet normal -0.0638773 -0.997958 0
    outer loop
      vertex -2.03909 -1.83868 3
      vertex -1.98894 -1.84189 4
      vertex -2.03909 -1.83868 4
    endloop
  endfacet
  facet normal -0.0638773 -0.997958 -0
    outer loop
      vertex -1.98894 -1.84189 4
      vertex -2.03909 -1.83868 3
      vertex -1.98894 -1.84189 3
    endloop
  endfacet
  facet normal -0.0147189 -0.999892 0
    outer loop
      vertex -2.08936 -1.83794 3
      vertex -2.03909 -1.83868 4
      vertex -2.08936 -1.83794 4
    endloop
  endfacet
  facet normal -0.0147189 -0.999892 -0
    outer loop
      vertex -2.03909 -1.83868 4
      vertex -2.08936 -1.83794 3
      vertex -2.03909 -1.83868 3
    endloop
  endfacet
  facet normal 0.0346199 -0.999401 0
    outer loop
      vertex -2.13959 -1.83968 3
      vertex -2.08936 -1.83794 4
      vertex -2.13959 -1.83968 4
    endloop
  endfacet
  facet normal 0.0346199 -0.999401 0
    outer loop
      vertex -2.08936 -1.83794 4
      vertex -2.13959 -1.83968 3
      vertex -2.08936 -1.83794 3
    endloop
  endfacet
  facet normal 0.0831607 -0.996536 0
    outer loop
      vertex -2.18968 -1.84386 3
      vertex -2.13959 -1.83968 4
      vertex -2.18968 -1.84386 4
    endloop
  endfacet
  facet normal 0.0831607 -0.996536 0
    outer loop
      vertex -2.13959 -1.83968 4
      vertex -2.18968 -1.84386 3
      vertex -2.13959 -1.83968 3
    endloop
  endfacet
  facet normal 0.131916 -0.991261 0
    outer loop
      vertex -2.2395 -1.85049 3
      vertex -2.18968 -1.84386 4
      vertex -2.2395 -1.85049 4
    endloop
  endfacet
  facet normal 0.131916 -0.991261 0
    outer loop
      vertex -2.18968 -1.84386 4
      vertex -2.2395 -1.85049 3
      vertex -2.18968 -1.84386 3
    endloop
  endfacet
  facet normal 0.180671 -0.983544 0
    outer loop
      vertex -2.28893 -1.85957 3
      vertex -2.2395 -1.85049 4
      vertex -2.28893 -1.85957 4
    endloop
  endfacet
  facet normal 0.180671 -0.983544 0
    outer loop
      vertex -2.2395 -1.85049 4
      vertex -2.28893 -1.85957 3
      vertex -2.2395 -1.85049 3
    endloop
  endfacet
  facet normal 0.228984 -0.97343 0
    outer loop
      vertex -2.33786 -1.87108 3
      vertex -2.28893 -1.85957 4
      vertex -2.33786 -1.87108 4
    endloop
  endfacet
  facet normal 0.228984 -0.97343 0
    outer loop
      vertex -2.28893 -1.85957 4
      vertex -2.33786 -1.87108 3
      vertex -2.28893 -1.85957 3
    endloop
  endfacet
  facet normal 0.275956 -0.96117 0
    outer loop
      vertex -2.38617 -1.88495 3
      vertex -2.33786 -1.87108 4
      vertex -2.38617 -1.88495 4
    endloop
  endfacet
  facet normal 0.275956 -0.96117 0
    outer loop
      vertex -2.33786 -1.87108 4
      vertex -2.38617 -1.88495 3
      vertex -2.33786 -1.87108 3
    endloop
  endfacet
  facet normal 0.322966 -0.946411 0
    outer loop
      vertex -2.43373 -1.90118 3
      vertex -2.38617 -1.88495 4
      vertex -2.43373 -1.90118 4
    endloop
  endfacet
  facet normal 0.322966 -0.946411 0
    outer loop
      vertex -2.38617 -1.88495 4
      vertex -2.43373 -1.90118 3
      vertex -2.38617 -1.88495 3
    endloop
  endfacet
  facet normal 0.369195 -0.929352 0
    outer loop
      vertex -2.48045 -1.91974 3
      vertex -2.43373 -1.90118 4
      vertex -2.48045 -1.91974 4
    endloop
  endfacet
  facet normal 0.369195 -0.929352 0
    outer loop
      vertex -2.43373 -1.90118 4
      vertex -2.48045 -1.91974 3
      vertex -2.43373 -1.90118 3
    endloop
  endfacet
  facet normal 0.414043 -0.910257 0
    outer loop
      vertex -2.5262 -1.94055 3
      vertex -2.48045 -1.91974 4
      vertex -2.5262 -1.94055 4
    endloop
  endfacet
  facet normal 0.414043 -0.910257 0
    outer loop
      vertex -2.48045 -1.91974 4
      vertex -2.5262 -1.94055 3
      vertex -2.48045 -1.91974 3
    endloop
  endfacet
  facet normal 0.458481 -0.888704 0
    outer loop
      vertex -2.57086 -1.96359 3
      vertex -2.5262 -1.94055 4
      vertex -2.57086 -1.96359 4
    endloop
  endfacet
  facet normal 0.458481 -0.888704 0
    outer loop
      vertex -2.5262 -1.94055 4
      vertex -2.57086 -1.96359 3
      vertex -2.5262 -1.94055 3
    endloop
  endfacet
  facet normal 0.501507 -0.865154 0
    outer loop
      vertex -2.61435 -1.9888 3
      vertex -2.57086 -1.96359 4
      vertex -2.61435 -1.9888 4
    endloop
  endfacet
  facet normal 0.501507 -0.865154 0
    outer loop
      vertex -2.57086 -1.96359 4
      vertex -2.61435 -1.9888 3
      vertex -2.57086 -1.96359 3
    endloop
  endfacet
  facet normal 0.543078 -0.839682 0
    outer loop
      vertex -2.65656 -2.0161 3
      vertex -2.61435 -1.9888 4
      vertex -2.65656 -2.0161 4
    endloop
  endfacet
  facet normal 0.543078 -0.839682 0
    outer loop
      vertex -2.61435 -1.9888 4
      vertex -2.65656 -2.0161 3
      vertex -2.61435 -1.9888 3
    endloop
  endfacet
  facet normal 0.583833 -0.811874 0
    outer loop
      vertex -2.69736 -2.04544 3
      vertex -2.65656 -2.0161 4
      vertex -2.69736 -2.04544 4
    endloop
  endfacet
  facet normal 0.583833 -0.811874 0
    outer loop
      vertex -2.65656 -2.0161 4
      vertex -2.69736 -2.04544 3
      vertex -2.65656 -2.0161 3
    endloop
  endfacet
  facet normal 0.622922 -0.782284 0
    outer loop
      vertex -2.73668 -2.07675 3
      vertex -2.69736 -2.04544 4
      vertex -2.73668 -2.07675 4
    endloop
  endfacet
  facet normal 0.622922 -0.782284 0
    outer loop
      vertex -2.69736 -2.04544 4
      vertex -2.73668 -2.07675 3
      vertex -2.69736 -2.04544 3
    endloop
  endfacet
  facet normal 0.660601 -0.750737 0
    outer loop
      vertex -2.77441 -2.10995 3
      vertex -2.73668 -2.07675 4
      vertex -2.77441 -2.10995 4
    endloop
  endfacet
  facet normal 0.660601 -0.750737 0
    outer loop
      vertex -2.73668 -2.07675 4
      vertex -2.77441 -2.10995 3
      vertex -2.73668 -2.07675 3
    endloop
  endfacet
  facet normal 0.696686 -0.717376 0
    outer loop
      vertex -2.81047 -2.14497 3
      vertex -2.77441 -2.10995 4
      vertex -2.81047 -2.14497 4
    endloop
  endfacet
  facet normal 0.696686 -0.717376 0
    outer loop
      vertex -2.77441 -2.10995 4
      vertex -2.81047 -2.14497 3
      vertex -2.77441 -2.10995 3
    endloop
  endfacet
  facet normal 0.73087 -0.682517 0
    outer loop
      vertex -2.84477 -2.1817 4
      vertex -2.81047 -2.14497 3
      vertex -2.81047 -2.14497 4
    endloop
  endfacet
  facet normal 0.73087 -0.682517 0
    outer loop
      vertex -2.81047 -2.14497 3
      vertex -2.84477 -2.1817 4
      vertex -2.84477 -2.1817 3
    endloop
  endfacet
  facet normal 0.76362 -0.645666 0
    outer loop
      vertex -2.87723 -2.22009 4
      vertex -2.84477 -2.1817 3
      vertex -2.84477 -2.1817 4
    endloop
  endfacet
  facet normal 0.76362 -0.645666 0
    outer loop
      vertex -2.84477 -2.1817 3
      vertex -2.87723 -2.22009 4
      vertex -2.87723 -2.22009 3
    endloop
  endfacet
  facet normal 0.79433 -0.607487 0
    outer loop
      vertex -2.90776 -2.26001 4
      vertex -2.87723 -2.22009 3
      vertex -2.87723 -2.22009 4
    endloop
  endfacet
  facet normal 0.79433 -0.607487 0
    outer loop
      vertex -2.87723 -2.22009 3
      vertex -2.90776 -2.26001 4
      vertex -2.90776 -2.26001 3
    endloop
  endfacet
  facet normal 0.823287 -0.567626 0
    outer loop
      vertex -2.93629 -2.30139 4
      vertex -2.90776 -2.26001 3
      vertex -2.90776 -2.26001 4
    endloop
  endfacet
  facet normal 0.823287 -0.567626 0
    outer loop
      vertex -2.90776 -2.26001 3
      vertex -2.93629 -2.30139 4
      vertex -2.93629 -2.30139 3
    endloop
  endfacet
  facet normal 0.850015 -0.526759 0
    outer loop
      vertex -2.96277 -2.34412 4
      vertex -2.93629 -2.30139 3
      vertex -2.93629 -2.30139 4
    endloop
  endfacet
  facet normal 0.850015 -0.526759 0
    outer loop
      vertex -2.93629 -2.30139 3
      vertex -2.96277 -2.34412 4
      vertex -2.96277 -2.34412 3
    endloop
  endfacet
  facet normal 0.874898 -0.484308 0
    outer loop
      vertex -2.98711 -2.38809 4
      vertex -2.96277 -2.34412 3
      vertex -2.96277 -2.34412 4
    endloop
  endfacet
  facet normal 0.874898 -0.484308 0
    outer loop
      vertex -2.96277 -2.34412 3
      vertex -2.98711 -2.38809 4
      vertex -2.98711 -2.38809 3
    endloop
  endfacet
  facet normal 0.897628 -0.440755 0
    outer loop
      vertex -3.00926 -2.4332 4
      vertex -2.98711 -2.38809 3
      vertex -2.98711 -2.38809 4
    endloop
  endfacet
  facet normal 0.897628 -0.440755 0
    outer loop
      vertex -2.98711 -2.38809 3
      vertex -3.00926 -2.4332 4
      vertex -3.00926 -2.4332 3
    endloop
  endfacet
  facet normal 0.918196 -0.396127 0
    outer loop
      vertex -3.02917 -2.47935 4
      vertex -3.00926 -2.4332 3
      vertex -3.00926 -2.4332 4
    endloop
  endfacet
  facet normal 0.918196 -0.396127 0
    outer loop
      vertex -3.00926 -2.4332 3
      vertex -3.02917 -2.47935 4
      vertex -3.02917 -2.47935 3
    endloop
  endfacet
  facet normal 0.936444 -0.350818 0
    outer loop
      vertex -3.0468 -2.52641 4
      vertex -3.02917 -2.47935 3
      vertex -3.02917 -2.47935 4
    endloop
  endfacet
  facet normal 0.936444 -0.350818 0
    outer loop
      vertex -3.02917 -2.47935 3
      vertex -3.0468 -2.52641 4
      vertex -3.0468 -2.52641 3
    endloop
  endfacet
  facet normal 0.952567 -0.304328 0
    outer loop
      vertex -3.0621 -2.5743 4
      vertex -3.0468 -2.52641 3
      vertex -3.0468 -2.52641 4
    endloop
  endfacet
  facet normal 0.952567 -0.304328 0
    outer loop
      vertex -3.0468 -2.52641 3
      vertex -3.0621 -2.5743 4
      vertex -3.0621 -2.5743 3
    endloop
  endfacet
  facet normal 0.966331 -0.257303 0
    outer loop
      vertex -3.07503 -2.62286 4
      vertex -3.0621 -2.5743 3
      vertex -3.0621 -2.5743 4
    endloop
  endfacet
  facet normal 0.966331 -0.257303 0
    outer loop
      vertex -3.0621 -2.5743 3
      vertex -3.07503 -2.62286 4
      vertex -3.07503 -2.62286 3
    endloop
  endfacet
  facet normal 0.977811 -0.209488 0
    outer loop
      vertex -3.08556 -2.67201 4
      vertex -3.07503 -2.62286 3
      vertex -3.07503 -2.62286 4
    endloop
  endfacet
  facet normal 0.977811 -0.209488 0
    outer loop
      vertex -3.07503 -2.62286 3
      vertex -3.08556 -2.67201 4
      vertex -3.08556 -2.67201 3
    endloop
  endfacet
  facet normal 0.9869 -0.161334 0
    outer loop
      vertex -3.09367 -2.72162 4
      vertex -3.08556 -2.67201 3
      vertex -3.08556 -2.67201 4
    endloop
  endfacet
  facet normal 0.9869 -0.161334 0
    outer loop
      vertex -3.08556 -2.67201 3
      vertex -3.09367 -2.72162 4
      vertex -3.09367 -2.72162 3
    endloop
  endfacet
  facet normal 0.993639 -0.112615 0
    outer loop
      vertex -3.09933 -2.77156 4
      vertex -3.09367 -2.72162 3
      vertex -3.09367 -2.72162 4
    endloop
  endfacet
  facet normal 0.993639 -0.112615 0
    outer loop
      vertex -3.09367 -2.72162 3
      vertex -3.09933 -2.77156 4
      vertex -3.09933 -2.77156 3
    endloop
  endfacet
  facet normal 0.997959 -0.0638646 0
    outer loop
      vertex -3.10254 -2.82172 4
      vertex -3.09933 -2.77156 3
      vertex -3.09933 -2.77156 4
    endloop
  endfacet
  facet normal 0.997959 -0.0638646 0
    outer loop
      vertex -3.09933 -2.77156 3
      vertex -3.10254 -2.82172 4
      vertex -3.10254 -2.82172 3
    endloop
  endfacet
  facet normal 0.999894 -0.0145287 0
    outer loop
      vertex -3.10327 -2.87196 4
      vertex -3.10254 -2.82172 3
      vertex -3.10254 -2.82172 4
    endloop
  endfacet
  facet normal 0.999894 -0.0145287 0
    outer loop
      vertex -3.10254 -2.82172 3
      vertex -3.10327 -2.87196 4
      vertex -3.10327 -2.87196 3
    endloop
  endfacet
  facet normal 0.999414 0.0342156 0
    outer loop
      vertex -3.10155 -2.9222 4
      vertex -3.10327 -2.87196 3
      vertex -3.10327 -2.87196 4
    endloop
  endfacet
  facet normal 0.999414 0.0342156 0
    outer loop
      vertex -3.10327 -2.87196 3
      vertex -3.10155 -2.9222 4
      vertex -3.10155 -2.9222 3
    endloop
  endfacet
  facet normal 0.996536 0.0831607 0
    outer loop
      vertex -3.09737 -2.97229 4
      vertex -3.10155 -2.9222 3
      vertex -3.10155 -2.9222 4
    endloop
  endfacet
  facet normal 0.996536 0.0831607 0
    outer loop
      vertex -3.10155 -2.9222 3
      vertex -3.09737 -2.97229 4
      vertex -3.09737 -2.97229 3
    endloop
  endfacet
  facet normal 0.991183 0.132503 0
    outer loop
      vertex -3.09071 -3.02211 4
      vertex -3.09737 -2.97229 3
      vertex -3.09737 -2.97229 4
    endloop
  endfacet
  facet normal 0.991183 0.132503 0
    outer loop
      vertex -3.09737 -2.97229 3
      vertex -3.09071 -3.02211 4
      vertex -3.09071 -3.02211 3
    endloop
  endfacet
  facet normal 0.98355 0.180636 0
    outer loop
      vertex -3.08163 -3.07155 4
      vertex -3.09071 -3.02211 3
      vertex -3.09071 -3.02211 4
    endloop
  endfacet
  facet normal 0.98355 0.180636 0
    outer loop
      vertex -3.09071 -3.02211 3
      vertex -3.08163 -3.07155 4
      vertex -3.08163 -3.07155 3
    endloop
  endfacet
  facet normal 0.973508 0.228651 0
    outer loop
      vertex -3.07014 -3.12047 4
      vertex -3.08163 -3.07155 3
      vertex -3.08163 -3.07155 4
    endloop
  endfacet
  facet normal 0.973508 0.228651 0
    outer loop
      vertex -3.08163 -3.07155 3
      vertex -3.07014 -3.12047 4
      vertex -3.07014 -3.12047 3
    endloop
  endfacet
  facet normal 0.961117 0.27614 0
    outer loop
      vertex -3.05626 -3.16878 4
      vertex -3.07014 -3.12047 3
      vertex -3.07014 -3.12047 4
    endloop
  endfacet
  facet normal 0.961117 0.27614 0
    outer loop
      vertex -3.07014 -3.12047 3
      vertex -3.05626 -3.16878 4
      vertex -3.05626 -3.16878 3
    endloop
  endfacet
  facet normal 0.946492 0.322727 0
    outer loop
      vertex -3.04004 -3.21635 4
      vertex -3.05626 -3.16878 3
      vertex -3.05626 -3.16878 4
    endloop
  endfacet
  facet normal 0.946492 0.322727 0
    outer loop
      vertex -3.05626 -3.16878 3
      vertex -3.04004 -3.21635 4
      vertex -3.04004 -3.21635 3
    endloop
  endfacet
  facet normal 0.929325 0.369263 0
    outer loop
      vertex -3.02148 -3.26306 4
      vertex -3.04004 -3.21635 3
      vertex -3.04004 -3.21635 4
    endloop
  endfacet
  facet normal 0.929325 0.369263 0
    outer loop
      vertex -3.04004 -3.21635 3
      vertex -3.02148 -3.26306 4
      vertex -3.02148 -3.26306 3
    endloop
  endfacet
  facet normal 0.910257 0.414043 0
    outer loop
      vertex -3.00067 -3.30881 4
      vertex -3.02148 -3.26306 3
      vertex -3.02148 -3.26306 4
    endloop
  endfacet
  facet normal 0.910257 0.414043 0
    outer loop
      vertex -3.02148 -3.26306 3
      vertex -3.00067 -3.30881 4
      vertex -3.00067 -3.30881 3
    endloop
  endfacet
  facet normal 0.888788 0.458319 0
    outer loop
      vertex -2.97763 -3.35349 4
      vertex -3.00067 -3.30881 3
      vertex -3.00067 -3.30881 4
    endloop
  endfacet
  facet normal 0.888788 0.458319 0
    outer loop
      vertex -3.00067 -3.30881 3
      vertex -2.97763 -3.35349 4
      vertex -2.97763 -3.35349 3
    endloop
  endfacet
  facet normal 0.865104 0.501593 0
    outer loop
      vertex -2.95242 -3.39697 4
      vertex -2.97763 -3.35349 3
      vertex -2.97763 -3.35349 4
    endloop
  endfacet
  facet normal 0.865104 0.501593 0
    outer loop
      vertex -2.97763 -3.35349 3
      vertex -2.95242 -3.39697 4
      vertex -2.95242 -3.39697 3
    endloop
  endfacet
  facet normal 0.839656 0.543119 0
    outer loop
      vertex -2.92513 -3.43916 4
      vertex -2.95242 -3.39697 3
      vertex -2.95242 -3.39697 4
    endloop
  endfacet
  facet normal 0.839656 0.543119 0
    outer loop
      vertex -2.95242 -3.39697 3
      vertex -2.92513 -3.43916 4
      vertex -2.92513 -3.43916 3
    endloop
  endfacet
  facet normal 0.811847 0.58387 0
    outer loop
      vertex -2.89578 -3.47997 4
      vertex -2.92513 -3.43916 3
      vertex -2.92513 -3.43916 4
    endloop
  endfacet
  facet normal 0.811847 0.58387 0
    outer loop
      vertex -2.92513 -3.43916 3
      vertex -2.89578 -3.47997 4
      vertex -2.89578 -3.47997 3
    endloop
  endfacet
  facet normal 0.782284 0.622922 0
    outer loop
      vertex -2.86447 -3.51929 4
      vertex -2.89578 -3.47997 3
      vertex -2.89578 -3.47997 4
    endloop
  endfacet
  facet normal 0.782284 0.622922 0
    outer loop
      vertex -2.89578 -3.47997 3
      vertex -2.86447 -3.51929 4
      vertex -2.86447 -3.51929 3
    endloop
  endfacet
  facet normal 0.750737 0.660601 0
    outer loop
      vertex -2.83127 -3.55702 4
      vertex -2.86447 -3.51929 3
      vertex -2.86447 -3.51929 4
    endloop
  endfacet
  facet normal 0.750737 0.660601 0
    outer loop
      vertex -2.86447 -3.51929 3
      vertex -2.83127 -3.55702 4
      vertex -2.83127 -3.55702 3
    endloop
  endfacet
  facet normal 0.717376 0.696686 0
    outer loop
      vertex -2.79625 -3.59308 4
      vertex -2.83127 -3.55702 3
      vertex -2.83127 -3.55702 4
    endloop
  endfacet
  facet normal 0.717376 0.696686 0
    outer loop
      vertex -2.83127 -3.55702 3
      vertex -2.79625 -3.59308 4
      vertex -2.79625 -3.59308 3
    endloop
  endfacet
  facet normal 0.682417 0.730963 -0
    outer loop
      vertex -2.75951 -3.62738 3
      vertex -2.79625 -3.59308 4
      vertex -2.75951 -3.62738 4
    endloop
  endfacet
  facet normal 0.682417 0.730963 0
    outer loop
      vertex -2.79625 -3.59308 4
      vertex -2.75951 -3.62738 3
      vertex -2.79625 -3.59308 3
    endloop
  endfacet
  facet normal 0.645764 0.763537 -0
    outer loop
      vertex -2.72113 -3.65984 3
      vertex -2.75951 -3.62738 4
      vertex -2.72113 -3.65984 4
    endloop
  endfacet
  facet normal 0.645764 0.763537 0
    outer loop
      vertex -2.75951 -3.62738 4
      vertex -2.72113 -3.65984 3
      vertex -2.75951 -3.62738 3
    endloop
  endfacet
  facet normal 0.607487 0.79433 -0
    outer loop
      vertex -2.68121 -3.69037 3
      vertex -2.72113 -3.65984 4
      vertex -2.68121 -3.69037 4
    endloop
  endfacet
  facet normal 0.607487 0.79433 0
    outer loop
      vertex -2.72113 -3.65984 4
      vertex -2.68121 -3.69037 3
      vertex -2.72113 -3.65984 3
    endloop
  endfacet
  facet normal 0.567626 0.823287 -0
    outer loop
      vertex -2.63983 -3.7189 3
      vertex -2.68121 -3.69037 4
      vertex -2.63983 -3.7189 4
    endloop
  endfacet
  facet normal 0.567626 0.823287 0
    outer loop
      vertex -2.68121 -3.69037 4
      vertex -2.63983 -3.7189 3
      vertex -2.68121 -3.69037 3
    endloop
  endfacet
  facet normal 0.526848 0.84996 -0
    outer loop
      vertex -2.59711 -3.74538 3
      vertex -2.63983 -3.7189 4
      vertex -2.59711 -3.74538 4
    endloop
  endfacet
  facet normal 0.526848 0.84996 0
    outer loop
      vertex -2.63983 -3.7189 4
      vertex -2.59711 -3.74538 3
      vertex -2.63983 -3.7189 3
    endloop
  endfacet
  facet normal 0.484071 0.875029 -0
    outer loop
      vertex -2.55313 -3.76971 3
      vertex -2.59711 -3.74538 4
      vertex -2.55313 -3.76971 4
    endloop
  endfacet
  facet normal 0.484071 0.875029 0
    outer loop
      vertex -2.59711 -3.74538 4
      vertex -2.55313 -3.76971 3
      vertex -2.59711 -3.74538 3
    endloop
  endfacet
  facet normal 0.440994 0.89751 -0
    outer loop
      vertex -2.50803 -3.79187 3
      vertex -2.55313 -3.76971 4
      vertex -2.50803 -3.79187 4
    endloop
  endfacet
  facet normal 0.440994 0.89751 0
    outer loop
      vertex -2.55313 -3.76971 4
      vertex -2.50803 -3.79187 3
      vertex -2.55313 -3.76971 3
    endloop
  endfacet
  facet normal 0.39639 0.918082 -0
    outer loop
      vertex -2.46187 -3.8118 3
      vertex -2.50803 -3.79187 4
      vertex -2.46187 -3.8118 4
    endloop
  endfacet
  facet normal 0.39639 0.918082 0
    outer loop
      vertex -2.50803 -3.79187 4
      vertex -2.46187 -3.8118 3
      vertex -2.50803 -3.79187 3
    endloop
  endfacet
  facet normal 0.350644 0.936509 -0
    outer loop
      vertex -2.41481 -3.82942 3
      vertex -2.46187 -3.8118 4
      vertex -2.41481 -3.82942 4
    endloop
  endfacet
  facet normal 0.350644 0.936509 0
    outer loop
      vertex -2.46187 -3.8118 4
      vertex -2.41481 -3.82942 3
      vertex -2.46187 -3.8118 3
    endloop
  endfacet
  facet normal 0.304205 0.952606 -0
    outer loop
      vertex -2.36693 -3.84471 3
      vertex -2.41481 -3.82942 4
      vertex -2.36693 -3.84471 4
    endloop
  endfacet
  facet normal 0.304205 0.952606 0
    outer loop
      vertex -2.41481 -3.82942 4
      vertex -2.36693 -3.84471 3
      vertex -2.41481 -3.82942 3
    endloop
  endfacet
  facet normal 0.25744 0.966294 -0
    outer loop
      vertex -2.31836 -3.85765 3
      vertex -2.36693 -3.84471 4
      vertex -2.31836 -3.85765 4
    endloop
  endfacet
  facet normal 0.25744 0.966294 0
    outer loop
      vertex -2.36693 -3.84471 4
      vertex -2.31836 -3.85765 3
      vertex -2.36693 -3.84471 3
    endloop
  endfacet
  facet normal 0.209488 0.977811 -0
    outer loop
      vertex -2.26921 -3.86818 3
      vertex -2.31836 -3.85765 4
      vertex -2.26921 -3.86818 4
    endloop
  endfacet
  facet normal 0.209488 0.977811 0
    outer loop
      vertex -2.31836 -3.85765 4
      vertex -2.26921 -3.86818 3
      vertex -2.31836 -3.85765 3
    endloop
  endfacet
  facet normal 0.16114 0.986932 -0
    outer loop
      vertex -2.2196 -3.87628 3
      vertex -2.26921 -3.86818 4
      vertex -2.2196 -3.87628 4
    endloop
  endfacet
  facet normal 0.16114 0.986932 0
    outer loop
      vertex -2.26921 -3.86818 4
      vertex -2.2196 -3.87628 3
      vertex -2.26921 -3.86818 3
    endloop
  endfacet
  facet normal 0.112615 0.993639 -0
    outer loop
      vertex -2.16966 -3.88194 3
      vertex -2.2196 -3.87628 4
      vertex -2.16966 -3.88194 4
    endloop
  endfacet
  facet normal 0.112615 0.993639 0
    outer loop
      vertex -2.2196 -3.87628 4
      vertex -2.16966 -3.88194 3
      vertex -2.2196 -3.87628 3
    endloop
  endfacet
  facet normal 0.0638773 0.997958 -0
    outer loop
      vertex -2.11951 -3.88515 3
      vertex -2.16966 -3.88194 4
      vertex -2.11951 -3.88515 4
    endloop
  endfacet
  facet normal 0.0638773 0.997958 0
    outer loop
      vertex -2.16966 -3.88194 4
      vertex -2.11951 -3.88515 3
      vertex -2.16966 -3.88194 3
    endloop
  endfacet
  facet normal 0.0147189 0.999892 -0
    outer loop
      vertex -2.06924 -3.88589 3
      vertex -2.11951 -3.88515 4
      vertex -2.06924 -3.88589 4
    endloop
  endfacet
  facet normal 0.0147189 0.999892 0
    outer loop
      vertex -2.11951 -3.88515 4
      vertex -2.06924 -3.88589 3
      vertex -2.11951 -3.88515 3
    endloop
  endfacet
  facet normal -0.0342224 0.999414 0
    outer loop
      vertex -2.01901 -3.88417 3
      vertex -2.06924 -3.88589 4
      vertex -2.01901 -3.88417 4
    endloop
  endfacet
  facet normal -0.0342224 0.999414 0
    outer loop
      vertex -2.06924 -3.88589 4
      vertex -2.01901 -3.88417 3
      vertex -2.06924 -3.88589 3
    endloop
  endfacet
  facet normal -0.0638773 0.997958 0
    outer loop
      vertex 2.16966 -3.88194 3
      vertex 2.11951 -3.88515 4
      vertex 2.16966 -3.88194 4
    endloop
  endfacet
  facet normal -0.0638773 0.997958 0
    outer loop
      vertex 2.11951 -3.88515 4
      vertex 2.16966 -3.88194 3
      vertex 2.11951 -3.88515 3
    endloop
  endfacet
  facet normal -0.112615 0.993639 0
    outer loop
      vertex 2.2196 -3.87628 3
      vertex 2.16966 -3.88194 4
      vertex 2.2196 -3.87628 4
    endloop
  endfacet
  facet normal -0.112615 0.993639 0
    outer loop
      vertex 2.16966 -3.88194 4
      vertex 2.2196 -3.87628 3
      vertex 2.16966 -3.88194 3
    endloop
  endfacet
  facet normal -0.16114 0.986932 0
    outer loop
      vertex 2.26921 -3.86818 3
      vertex 2.2196 -3.87628 4
      vertex 2.26921 -3.86818 4
    endloop
  endfacet
  facet normal -0.16114 0.986932 0
    outer loop
      vertex 2.2196 -3.87628 4
      vertex 2.26921 -3.86818 3
      vertex 2.2196 -3.87628 3
    endloop
  endfacet
  facet normal -0.209488 0.977811 0
    outer loop
      vertex 2.31836 -3.85765 3
      vertex 2.26921 -3.86818 4
      vertex 2.31836 -3.85765 4
    endloop
  endfacet
  facet normal -0.209488 0.977811 0
    outer loop
      vertex 2.26921 -3.86818 4
      vertex 2.31836 -3.85765 3
      vertex 2.26921 -3.86818 3
    endloop
  endfacet
  facet normal -0.25744 0.966294 0
    outer loop
      vertex 2.36693 -3.84471 3
      vertex 2.31836 -3.85765 4
      vertex 2.36693 -3.84471 4
    endloop
  endfacet
  facet normal -0.25744 0.966294 0
    outer loop
      vertex 2.31836 -3.85765 4
      vertex 2.36693 -3.84471 3
      vertex 2.31836 -3.85765 3
    endloop
  endfacet
  facet normal -0.304205 0.952606 0
    outer loop
      vertex 2.41481 -3.82942 3
      vertex 2.36693 -3.84471 4
      vertex 2.41481 -3.82942 4
    endloop
  endfacet
  facet normal -0.304205 0.952606 0
    outer loop
      vertex 2.36693 -3.84471 4
      vertex 2.41481 -3.82942 3
      vertex 2.36693 -3.84471 3
    endloop
  endfacet
  facet normal -0.350644 0.936509 0
    outer loop
      vertex 2.46187 -3.8118 3
      vertex 2.41481 -3.82942 4
      vertex 2.46187 -3.8118 4
    endloop
  endfacet
  facet normal -0.350644 0.936509 0
    outer loop
      vertex 2.41481 -3.82942 4
      vertex 2.46187 -3.8118 3
      vertex 2.41481 -3.82942 3
    endloop
  endfacet
  facet normal -0.39639 0.918082 0
    outer loop
      vertex 2.50803 -3.79187 3
      vertex 2.46187 -3.8118 4
      vertex 2.50803 -3.79187 4
    endloop
  endfacet
  facet normal -0.39639 0.918082 0
    outer loop
      vertex 2.46187 -3.8118 4
      vertex 2.50803 -3.79187 3
      vertex 2.46187 -3.8118 3
    endloop
  endfacet
  facet normal -0.440994 0.89751 0
    outer loop
      vertex 2.55313 -3.76971 3
      vertex 2.50803 -3.79187 4
      vertex 2.55313 -3.76971 4
    endloop
  endfacet
  facet normal -0.440994 0.89751 0
    outer loop
      vertex 2.50803 -3.79187 4
      vertex 2.55313 -3.76971 3
      vertex 2.50803 -3.79187 3
    endloop
  endfacet
  facet normal -0.484071 0.875029 0
    outer loop
      vertex 2.59711 -3.74538 3
      vertex 2.55313 -3.76971 4
      vertex 2.59711 -3.74538 4
    endloop
  endfacet
  facet normal -0.484071 0.875029 0
    outer loop
      vertex 2.55313 -3.76971 4
      vertex 2.59711 -3.74538 3
      vertex 2.55313 -3.76971 3
    endloop
  endfacet
  facet normal -0.526848 0.84996 0
    outer loop
      vertex 2.63983 -3.7189 3
      vertex 2.59711 -3.74538 4
      vertex 2.63983 -3.7189 4
    endloop
  endfacet
  facet normal -0.526848 0.84996 0
    outer loop
      vertex 2.59711 -3.74538 4
      vertex 2.63983 -3.7189 3
      vertex 2.59711 -3.74538 3
    endloop
  endfacet
  facet normal -0.567626 0.823287 0
    outer loop
      vertex 2.68121 -3.69037 3
      vertex 2.63983 -3.7189 4
      vertex 2.68121 -3.69037 4
    endloop
  endfacet
  facet normal -0.567626 0.823287 0
    outer loop
      vertex 2.63983 -3.7189 4
      vertex 2.68121 -3.69037 3
      vertex 2.63983 -3.7189 3
    endloop
  endfacet
  facet normal -0.607487 0.79433 0
    outer loop
      vertex 2.72113 -3.65984 3
      vertex 2.68121 -3.69037 4
      vertex 2.72113 -3.65984 4
    endloop
  endfacet
  facet normal -0.607487 0.79433 0
    outer loop
      vertex 2.68121 -3.69037 4
      vertex 2.72113 -3.65984 3
      vertex 2.68121 -3.69037 3
    endloop
  endfacet
  facet normal -0.645764 0.763537 0
    outer loop
      vertex 2.75951 -3.62738 3
      vertex 2.72113 -3.65984 4
      vertex 2.75951 -3.62738 4
    endloop
  endfacet
  facet normal -0.645764 0.763537 0
    outer loop
      vertex 2.72113 -3.65984 4
      vertex 2.75951 -3.62738 3
      vertex 2.72113 -3.65984 3
    endloop
  endfacet
  facet normal -0.682417 0.730963 0
    outer loop
      vertex 2.79625 -3.59308 3
      vertex 2.75951 -3.62738 4
      vertex 2.79625 -3.59308 4
    endloop
  endfacet
  facet normal -0.682417 0.730963 0
    outer loop
      vertex 2.75951 -3.62738 4
      vertex 2.79625 -3.59308 3
      vertex 2.75951 -3.62738 3
    endloop
  endfacet
  facet normal -0.717376 0.696686 0
    outer loop
      vertex 2.79625 -3.59308 3
      vertex 2.83127 -3.55702 4
      vertex 2.83127 -3.55702 3
    endloop
  endfacet
  facet normal -0.717376 0.696686 0
    outer loop
      vertex 2.83127 -3.55702 4
      vertex 2.79625 -3.59308 3
      vertex 2.79625 -3.59308 4
    endloop
  endfacet
  facet normal -0.750737 0.660601 0
    outer loop
      vertex 2.83127 -3.55702 3
      vertex 2.86447 -3.51929 4
      vertex 2.86447 -3.51929 3
    endloop
  endfacet
  facet normal -0.750737 0.660601 0
    outer loop
      vertex 2.86447 -3.51929 4
      vertex 2.83127 -3.55702 3
      vertex 2.83127 -3.55702 4
    endloop
  endfacet
  facet normal -0.782284 0.622922 0
    outer loop
      vertex 2.86447 -3.51929 3
      vertex 2.89578 -3.47997 4
      vertex 2.89578 -3.47997 3
    endloop
  endfacet
  facet normal -0.782284 0.622922 0
    outer loop
      vertex 2.89578 -3.47997 4
      vertex 2.86447 -3.51929 3
      vertex 2.86447 -3.51929 4
    endloop
  endfacet
  facet normal -0.811847 0.58387 0
    outer loop
      vertex 2.89578 -3.47997 3
      vertex 2.92513 -3.43916 4
      vertex 2.92513 -3.43916 3
    endloop
  endfacet
  facet normal -0.811847 0.58387 0
    outer loop
      vertex 2.92513 -3.43916 4
      vertex 2.89578 -3.47997 3
      vertex 2.89578 -3.47997 4
    endloop
  endfacet
  facet normal -0.839656 0.543119 0
    outer loop
      vertex 2.92513 -3.43916 3
      vertex 2.95242 -3.39697 4
      vertex 2.95242 -3.39697 3
    endloop
  endfacet
  facet normal -0.839656 0.543119 0
    outer loop
      vertex 2.95242 -3.39697 4
      vertex 2.92513 -3.43916 3
      vertex 2.92513 -3.43916 4
    endloop
  endfacet
  facet normal -0.865104 0.501593 0
    outer loop
      vertex 2.95242 -3.39697 3
      vertex 2.97763 -3.35349 4
      vertex 2.97763 -3.35349 3
    endloop
  endfacet
  facet normal -0.865104 0.501593 0
    outer loop
      vertex 2.97763 -3.35349 4
      vertex 2.95242 -3.39697 3
      vertex 2.95242 -3.39697 4
    endloop
  endfacet
  facet normal -0.888788 0.458319 0
    outer loop
      vertex 2.97763 -3.35349 3
      vertex 3.00067 -3.30881 4
      vertex 3.00067 -3.30881 3
    endloop
  endfacet
  facet normal -0.888788 0.458319 0
    outer loop
      vertex 3.00067 -3.30881 4
      vertex 2.97763 -3.35349 3
      vertex 2.97763 -3.35349 4
    endloop
  endfacet
  facet normal -0.910257 0.414043 0
    outer loop
      vertex 3.00067 -3.30881 3
      vertex 3.02148 -3.26306 4
      vertex 3.02148 -3.26306 3
    endloop
  endfacet
  facet normal -0.910257 0.414043 0
    outer loop
      vertex 3.02148 -3.26306 4
      vertex 3.00067 -3.30881 3
      vertex 3.00067 -3.30881 4
    endloop
  endfacet
  facet normal -0.929325 0.369263 0
    outer loop
      vertex 3.02148 -3.26306 3
      vertex 3.04004 -3.21635 4
      vertex 3.04004 -3.21635 3
    endloop
  endfacet
  facet normal -0.929325 0.369263 0
    outer loop
      vertex 3.04004 -3.21635 4
      vertex 3.02148 -3.26306 3
      vertex 3.02148 -3.26306 4
    endloop
  endfacet
  facet normal -0.946492 0.322727 0
    outer loop
      vertex 3.04004 -3.21635 3
      vertex 3.05626 -3.16878 4
      vertex 3.05626 -3.16878 3
    endloop
  endfacet
  facet normal -0.946492 0.322727 0
    outer loop
      vertex 3.05626 -3.16878 4
      vertex 3.04004 -3.21635 3
      vertex 3.04004 -3.21635 4
    endloop
  endfacet
  facet normal -0.961117 0.27614 0
    outer loop
      vertex 3.05626 -3.16878 3
      vertex 3.07014 -3.12047 4
      vertex 3.07014 -3.12047 3
    endloop
  endfacet
  facet normal -0.961117 0.27614 0
    outer loop
      vertex 3.07014 -3.12047 4
      vertex 3.05626 -3.16878 3
      vertex 3.05626 -3.16878 4
    endloop
  endfacet
  facet normal -0.973508 0.228651 0
    outer loop
      vertex 3.07014 -3.12047 3
      vertex 3.08163 -3.07155 4
      vertex 3.08163 -3.07155 3
    endloop
  endfacet
  facet normal -0.973508 0.228651 0
    outer loop
      vertex 3.08163 -3.07155 4
      vertex 3.07014 -3.12047 3
      vertex 3.07014 -3.12047 4
    endloop
  endfacet
  facet normal -0.98355 0.180636 0
    outer loop
      vertex 3.08163 -3.07155 3
      vertex 3.09071 -3.02211 4
      vertex 3.09071 -3.02211 3
    endloop
  endfacet
  facet normal -0.98355 0.180636 0
    outer loop
      vertex 3.09071 -3.02211 4
      vertex 3.08163 -3.07155 3
      vertex 3.08163 -3.07155 4
    endloop
  endfacet
  facet normal -0.991183 0.132503 0
    outer loop
      vertex 3.09071 -3.02211 3
      vertex 3.09737 -2.97229 4
      vertex 3.09737 -2.97229 3
    endloop
  endfacet
  facet normal -0.991183 0.132503 0
    outer loop
      vertex 3.09737 -2.97229 4
      vertex 3.09071 -3.02211 3
      vertex 3.09071 -3.02211 4
    endloop
  endfacet
  facet normal -0.996536 0.0831607 0
    outer loop
      vertex 3.09737 -2.97229 3
      vertex 3.10155 -2.9222 4
      vertex 3.10155 -2.9222 3
    endloop
  endfacet
  facet normal -0.996536 0.0831607 0
    outer loop
      vertex 3.10155 -2.9222 4
      vertex 3.09737 -2.97229 3
      vertex 3.09737 -2.97229 4
    endloop
  endfacet
  facet normal -0.999414 0.0342156 0
    outer loop
      vertex 3.10155 -2.9222 3
      vertex 3.10327 -2.87196 4
      vertex 3.10327 -2.87196 3
    endloop
  endfacet
  facet normal -0.999414 0.0342156 0
    outer loop
      vertex 3.10327 -2.87196 4
      vertex 3.10155 -2.9222 3
      vertex 3.10155 -2.9222 4
    endloop
  endfacet
  facet normal -0.999894 -0.0145287 0
    outer loop
      vertex 3.10327 -2.87196 3
      vertex 3.10254 -2.82172 4
      vertex 3.10254 -2.82172 3
    endloop
  endfacet
  facet normal -0.999894 -0.0145287 0
    outer loop
      vertex 3.10254 -2.82172 4
      vertex 3.10327 -2.87196 3
      vertex 3.10327 -2.87196 4
    endloop
  endfacet
  facet normal -0.997959 -0.0638646 0
    outer loop
      vertex 3.10254 -2.82172 3
      vertex 3.09933 -2.77156 4
      vertex 3.09933 -2.77156 3
    endloop
  endfacet
  facet normal -0.997959 -0.0638646 0
    outer loop
      vertex 3.09933 -2.77156 4
      vertex 3.10254 -2.82172 3
      vertex 3.10254 -2.82172 4
    endloop
  endfacet
  facet normal -0.993639 -0.112615 0
    outer loop
      vertex 3.09933 -2.77156 3
      vertex 3.09367 -2.72162 4
      vertex 3.09367 -2.72162 3
    endloop
  endfacet
  facet normal -0.993639 -0.112615 0
    outer loop
      vertex 3.09367 -2.72162 4
      vertex 3.09933 -2.77156 3
      vertex 3.09933 -2.77156 4
    endloop
  endfacet
  facet normal -0.9869 -0.161334 0
    outer loop
      vertex 3.09367 -2.72162 3
      vertex 3.08556 -2.67201 4
      vertex 3.08556 -2.67201 3
    endloop
  endfacet
  facet normal -0.9869 -0.161334 0
    outer loop
      vertex 3.08556 -2.67201 4
      vertex 3.09367 -2.72162 3
      vertex 3.09367 -2.72162 4
    endloop
  endfacet
  facet normal -0.977811 -0.209488 0
    outer loop
      vertex 3.08556 -2.67201 3
      vertex 3.07503 -2.62286 4
      vertex 3.07503 -2.62286 3
    endloop
  endfacet
  facet normal -0.977811 -0.209488 0
    outer loop
      vertex 3.07503 -2.62286 4
      vertex 3.08556 -2.67201 3
      vertex 3.08556 -2.67201 4
    endloop
  endfacet
  facet normal -0.966331 -0.257303 0
    outer loop
      vertex 3.07503 -2.62286 3
      vertex 3.0621 -2.5743 4
      vertex 3.0621 -2.5743 3
    endloop
  endfacet
  facet normal -0.966331 -0.257303 0
    outer loop
      vertex 3.0621 -2.5743 4
      vertex 3.07503 -2.62286 3
      vertex 3.07503 -2.62286 4
    endloop
  endfacet
  facet normal -0.952567 -0.304328 0
    outer loop
      vertex 3.0621 -2.5743 3
      vertex 3.0468 -2.52641 4
      vertex 3.0468 -2.52641 3
    endloop
  endfacet
  facet normal -0.952567 -0.304328 0
    outer loop
      vertex 3.0468 -2.52641 4
      vertex 3.0621 -2.5743 3
      vertex 3.0621 -2.5743 4
    endloop
  endfacet
  facet normal -0.936444 -0.350818 0
    outer loop
      vertex 3.0468 -2.52641 3
      vertex 3.02917 -2.47935 4
      vertex 3.02917 -2.47935 3
    endloop
  endfacet
  facet normal -0.936444 -0.350818 0
    outer loop
      vertex 3.02917 -2.47935 4
      vertex 3.0468 -2.52641 3
      vertex 3.0468 -2.52641 4
    endloop
  endfacet
  facet normal -0.918196 -0.396127 0
    outer loop
      vertex 3.02917 -2.47935 3
      vertex 3.00926 -2.4332 4
      vertex 3.00926 -2.4332 3
    endloop
  endfacet
  facet normal -0.918196 -0.396127 0
    outer loop
      vertex 3.00926 -2.4332 4
      vertex 3.02917 -2.47935 3
      vertex 3.02917 -2.47935 4
    endloop
  endfacet
  facet normal -0.897628 -0.440755 0
    outer loop
      vertex 3.00926 -2.4332 3
      vertex 2.98711 -2.38809 4
      vertex 2.98711 -2.38809 3
    endloop
  endfacet
  facet normal -0.897628 -0.440755 0
    outer loop
      vertex 2.98711 -2.38809 4
      vertex 3.00926 -2.4332 3
      vertex 3.00926 -2.4332 4
    endloop
  endfacet
  facet normal -0.874898 -0.484308 0
    outer loop
      vertex 2.98711 -2.38809 3
      vertex 2.96277 -2.34412 4
      vertex 2.96277 -2.34412 3
    endloop
  endfacet
  facet normal -0.874898 -0.484308 0
    outer loop
      vertex 2.96277 -2.34412 4
      vertex 2.98711 -2.38809 3
      vertex 2.98711 -2.38809 4
    endloop
  endfacet
  facet normal -0.850015 -0.526759 0
    outer loop
      vertex 2.96277 -2.34412 3
      vertex 2.93629 -2.30139 4
      vertex 2.93629 -2.30139 3
    endloop
  endfacet
  facet normal -0.850015 -0.526759 0
    outer loop
      vertex 2.93629 -2.30139 4
      vertex 2.96277 -2.34412 3
      vertex 2.96277 -2.34412 4
    endloop
  endfacet
  facet normal -0.823287 -0.567626 0
    outer loop
      vertex 2.93629 -2.30139 3
      vertex 2.90776 -2.26001 4
      vertex 2.90776 -2.26001 3
    endloop
  endfacet
  facet normal -0.823287 -0.567626 0
    outer loop
      vertex 2.90776 -2.26001 4
      vertex 2.93629 -2.30139 3
      vertex 2.93629 -2.30139 4
    endloop
  endfacet
  facet normal -0.79433 -0.607487 0
    outer loop
      vertex 2.90776 -2.26001 3
      vertex 2.87723 -2.22009 4
      vertex 2.87723 -2.22009 3
    endloop
  endfacet
  facet normal -0.79433 -0.607487 0
    outer loop
      vertex 2.87723 -2.22009 4
      vertex 2.90776 -2.26001 3
      vertex 2.90776 -2.26001 4
    endloop
  endfacet
  facet normal -0.76362 -0.645666 0
    outer loop
      vertex 2.87723 -2.22009 3
      vertex 2.84477 -2.1817 4
      vertex 2.84477 -2.1817 3
    endloop
  endfacet
  facet normal -0.76362 -0.645666 0
    outer loop
      vertex 2.84477 -2.1817 4
      vertex 2.87723 -2.22009 3
      vertex 2.87723 -2.22009 4
    endloop
  endfacet
  facet normal -0.73087 -0.682517 0
    outer loop
      vertex 2.84477 -2.1817 3
      vertex 2.81047 -2.14497 4
      vertex 2.81047 -2.14497 3
    endloop
  endfacet
  facet normal -0.73087 -0.682517 0
    outer loop
      vertex 2.81047 -2.14497 4
      vertex 2.84477 -2.1817 3
      vertex 2.84477 -2.1817 4
    endloop
  endfacet
  facet normal -0.696686 -0.717376 0
    outer loop
      vertex 2.77441 -2.10995 3
      vertex 2.81047 -2.14497 4
      vertex 2.77441 -2.10995 4
    endloop
  endfacet
  facet normal -0.696686 -0.717376 -0
    outer loop
      vertex 2.81047 -2.14497 4
      vertex 2.77441 -2.10995 3
      vertex 2.81047 -2.14497 3
    endloop
  endfacet
  facet normal -0.660601 -0.750737 0
    outer loop
      vertex 2.73668 -2.07675 3
      vertex 2.77441 -2.10995 4
      vertex 2.73668 -2.07675 4
    endloop
  endfacet
  facet normal -0.660601 -0.750737 -0
    outer loop
      vertex 2.77441 -2.10995 4
      vertex 2.73668 -2.07675 3
      vertex 2.77441 -2.10995 3
    endloop
  endfacet
  facet normal -0.622922 -0.782284 0
    outer loop
      vertex 2.69736 -2.04544 3
      vertex 2.73668 -2.07675 4
      vertex 2.69736 -2.04544 4
    endloop
  endfacet
  facet normal -0.622922 -0.782284 -0
    outer loop
      vertex 2.73668 -2.07675 4
      vertex 2.69736 -2.04544 3
      vertex 2.73668 -2.07675 3
    endloop
  endfacet
  facet normal -0.583833 -0.811874 0
    outer loop
      vertex 2.65656 -2.0161 3
      vertex 2.69736 -2.04544 4
      vertex 2.65656 -2.0161 4
    endloop
  endfacet
  facet normal -0.583833 -0.811874 -0
    outer loop
      vertex 2.69736 -2.04544 4
      vertex 2.65656 -2.0161 3
      vertex 2.69736 -2.04544 3
    endloop
  endfacet
  facet normal -0.543078 -0.839682 0
    outer loop
      vertex 2.61435 -1.9888 3
      vertex 2.65656 -2.0161 4
      vertex 2.61435 -1.9888 4
    endloop
  endfacet
  facet normal -0.543078 -0.839682 -0
    outer loop
      vertex 2.65656 -2.0161 4
      vertex 2.61435 -1.9888 3
      vertex 2.65656 -2.0161 3
    endloop
  endfacet
  facet normal -0.501507 -0.865154 0
    outer loop
      vertex 2.57086 -1.96359 3
      vertex 2.61435 -1.9888 4
      vertex 2.57086 -1.96359 4
    endloop
  endfacet
  facet normal -0.501507 -0.865154 -0
    outer loop
      vertex 2.61435 -1.9888 4
      vertex 2.57086 -1.96359 3
      vertex 2.61435 -1.9888 3
    endloop
  endfacet
  facet normal -0.458481 -0.888704 0
    outer loop
      vertex 2.5262 -1.94055 3
      vertex 2.57086 -1.96359 4
      vertex 2.5262 -1.94055 4
    endloop
  endfacet
  facet normal -0.458481 -0.888704 -0
    outer loop
      vertex 2.57086 -1.96359 4
      vertex 2.5262 -1.94055 3
      vertex 2.57086 -1.96359 3
    endloop
  endfacet
  facet normal -0.414043 -0.910257 0
    outer loop
      vertex 2.48045 -1.91974 3
      vertex 2.5262 -1.94055 4
      vertex 2.48045 -1.91974 4
    endloop
  endfacet
  facet normal -0.414043 -0.910257 -0
    outer loop
      vertex 2.5262 -1.94055 4
      vertex 2.48045 -1.91974 3
      vertex 2.5262 -1.94055 3
    endloop
  endfacet
  facet normal -0.369195 -0.929352 0
    outer loop
      vertex 2.43373 -1.90118 3
      vertex 2.48045 -1.91974 4
      vertex 2.43373 -1.90118 4
    endloop
  endfacet
  facet normal -0.369195 -0.929352 -0
    outer loop
      vertex 2.48045 -1.91974 4
      vertex 2.43373 -1.90118 3
      vertex 2.48045 -1.91974 3
    endloop
  endfacet
  facet normal -0.322966 -0.946411 0
    outer loop
      vertex 2.38617 -1.88495 3
      vertex 2.43373 -1.90118 4
      vertex 2.38617 -1.88495 4
    endloop
  endfacet
  facet normal -0.322966 -0.946411 -0
    outer loop
      vertex 2.43373 -1.90118 4
      vertex 2.38617 -1.88495 3
      vertex 2.43373 -1.90118 3
    endloop
  endfacet
  facet normal -0.275956 -0.96117 0
    outer loop
      vertex 2.33786 -1.87108 3
      vertex 2.38617 -1.88495 4
      vertex 2.33786 -1.87108 4
    endloop
  endfacet
  facet normal -0.275956 -0.96117 -0
    outer loop
      vertex 2.38617 -1.88495 4
      vertex 2.33786 -1.87108 3
      vertex 2.38617 -1.88495 3
    endloop
  endfacet
  facet normal -0.228984 -0.97343 0
    outer loop
      vertex 2.28893 -1.85957 3
      vertex 2.33786 -1.87108 4
      vertex 2.28893 -1.85957 4
    endloop
  endfacet
  facet normal -0.228984 -0.97343 -0
    outer loop
      vertex 2.33786 -1.87108 4
      vertex 2.28893 -1.85957 3
      vertex 2.33786 -1.87108 3
    endloop
  endfacet
  facet normal -0.180671 -0.983544 0
    outer loop
      vertex 2.2395 -1.85049 3
      vertex 2.28893 -1.85957 4
      vertex 2.2395 -1.85049 4
    endloop
  endfacet
  facet normal -0.180671 -0.983544 -0
    outer loop
      vertex 2.28893 -1.85957 4
      vertex 2.2395 -1.85049 3
      vertex 2.28893 -1.85957 3
    endloop
  endfacet
  facet normal -0.131916 -0.991261 0
    outer loop
      vertex 2.18968 -1.84386 3
      vertex 2.2395 -1.85049 4
      vertex 2.18968 -1.84386 4
    endloop
  endfacet
  facet normal -0.131916 -0.991261 -0
    outer loop
      vertex 2.2395 -1.85049 4
      vertex 2.18968 -1.84386 3
      vertex 2.2395 -1.85049 3
    endloop
  endfacet
  facet normal -0.0831607 -0.996536 0
    outer loop
      vertex 2.13959 -1.83968 3
      vertex 2.18968 -1.84386 4
      vertex 2.13959 -1.83968 4
    endloop
  endfacet
  facet normal -0.0831607 -0.996536 -0
    outer loop
      vertex 2.18968 -1.84386 4
      vertex 2.13959 -1.83968 3
      vertex 2.18968 -1.84386 3
    endloop
  endfacet
  facet normal -0.0346199 -0.999401 0
    outer loop
      vertex 2.08936 -1.83794 3
      vertex 2.13959 -1.83968 4
      vertex 2.08936 -1.83794 4
    endloop
  endfacet
  facet normal -0.0346199 -0.999401 -0
    outer loop
      vertex 2.13959 -1.83968 4
      vertex 2.08936 -1.83794 3
      vertex 2.13959 -1.83968 3
    endloop
  endfacet
  facet normal 0.0147189 -0.999892 0
    outer loop
      vertex 2.03909 -1.83868 3
      vertex 2.08936 -1.83794 4
      vertex 2.03909 -1.83868 4
    endloop
  endfacet
  facet normal 0.0147189 -0.999892 0
    outer loop
      vertex 2.08936 -1.83794 4
      vertex 2.03909 -1.83868 3
      vertex 2.08936 -1.83794 3
    endloop
  endfacet
  facet normal 0.0638773 -0.997958 0
    outer loop
      vertex 1.98894 -1.84189 3
      vertex 2.03909 -1.83868 4
      vertex 1.98894 -1.84189 4
    endloop
  endfacet
  facet normal 0.0638773 -0.997958 0
    outer loop
      vertex 2.03909 -1.83868 4
      vertex 1.98894 -1.84189 3
      vertex 2.03909 -1.83868 3
    endloop
  endfacet
  facet normal 0.112615 -0.993639 0
    outer loop
      vertex 1.939 -1.84755 3
      vertex 1.98894 -1.84189 4
      vertex 1.939 -1.84755 4
    endloop
  endfacet
  facet normal 0.112615 -0.993639 0
    outer loop
      vertex 1.98894 -1.84189 4
      vertex 1.939 -1.84755 3
      vertex 1.98894 -1.84189 3
    endloop
  endfacet
  facet normal 0.16114 -0.986932 0
    outer loop
      vertex 1.88939 -1.85565 3
      vertex 1.939 -1.84755 4
      vertex 1.88939 -1.85565 4
    endloop
  endfacet
  facet normal 0.16114 -0.986932 0
    outer loop
      vertex 1.939 -1.84755 4
      vertex 1.88939 -1.85565 3
      vertex 1.939 -1.84755 3
    endloop
  endfacet
  facet normal 0.20995 -0.977712 0
    outer loop
      vertex 1.84026 -1.8662 3
      vertex 1.88939 -1.85565 4
      vertex 1.84026 -1.8662 4
    endloop
  endfacet
  facet normal 0.20995 -0.977712 0
    outer loop
      vertex 1.88939 -1.85565 4
      vertex 1.84026 -1.8662 3
      vertex 1.88939 -1.85565 3
    endloop
  endfacet
  facet normal 0.256969 -0.96642 0
    outer loop
      vertex 1.79167 -1.87912 3
      vertex 1.84026 -1.8662 4
      vertex 1.79167 -1.87912 4
    endloop
  endfacet
  facet normal 0.256969 -0.96642 0
    outer loop
      vertex 1.84026 -1.8662 4
      vertex 1.79167 -1.87912 3
      vertex 1.84026 -1.8662 3
    endloop
  endfacet
  facet normal 0.304263 -0.952588 0
    outer loop
      vertex 1.7438 -1.89441 3
      vertex 1.79167 -1.87912 4
      vertex 1.7438 -1.89441 4
    endloop
  endfacet
  facet normal 0.304263 -0.952588 0
    outer loop
      vertex 1.79167 -1.87912 4
      vertex 1.7438 -1.89441 3
      vertex 1.79167 -1.87912 3
    endloop
  endfacet
  facet normal 0.350927 -0.936403 0
    outer loop
      vertex 1.69673 -1.91205 3
      vertex 1.7438 -1.89441 4
      vertex 1.69673 -1.91205 4
    endloop
  endfacet
  facet normal 0.350927 -0.936403 0
    outer loop
      vertex 1.7438 -1.89441 4
      vertex 1.69673 -1.91205 3
      vertex 1.7438 -1.89441 3
    endloop
  endfacet
  facet normal 0.3962 -0.918164 0
    outer loop
      vertex 1.65059 -1.93196 3
      vertex 1.69673 -1.91205 4
      vertex 1.65059 -1.93196 4
    endloop
  endfacet
  facet normal 0.3962 -0.918164 0
    outer loop
      vertex 1.69673 -1.91205 4
      vertex 1.65059 -1.93196 3
      vertex 1.69673 -1.91205 3
    endloop
  endfacet
  facet normal 0.440836 -0.897587 0
    outer loop
      vertex 1.60547 -1.95412 3
      vertex 1.65059 -1.93196 4
      vertex 1.60547 -1.95412 4
    endloop
  endfacet
  facet normal 0.440836 -0.897587 0
    outer loop
      vertex 1.65059 -1.93196 4
      vertex 1.60547 -1.95412 3
      vertex 1.65059 -1.93196 3
    endloop
  endfacet
  facet normal 0.484071 -0.875029 0
    outer loop
      vertex 1.56149 -1.97845 3
      vertex 1.60547 -1.95412 4
      vertex 1.56149 -1.97845 4
    endloop
  endfacet
  facet normal 0.484071 -0.875029 0
    outer loop
      vertex 1.60547 -1.95412 4
      vertex 1.56149 -1.97845 3
      vertex 1.60547 -1.95412 3
    endloop
  endfacet
  facet normal 0.526848 -0.84996 0
    outer loop
      vertex 1.51877 -2.00493 3
      vertex 1.56149 -1.97845 4
      vertex 1.51877 -2.00493 4
    endloop
  endfacet
  facet normal 0.526848 -0.84996 0
    outer loop
      vertex 1.56149 -1.97845 4
      vertex 1.51877 -2.00493 3
      vertex 1.56149 -1.97845 3
    endloop
  endfacet
  facet normal 0.567719 -0.823222 0
    outer loop
      vertex 1.4774 -2.03346 3
      vertex 1.51877 -2.00493 4
      vertex 1.4774 -2.03346 4
    endloop
  endfacet
  facet normal 0.567719 -0.823222 0
    outer loop
      vertex 1.51877 -2.00493 4
      vertex 1.4774 -2.03346 3
      vertex 1.51877 -2.00493 3
    endloop
  endfacet
  facet normal 0.607517 -0.794307 0
    outer loop
      vertex 1.43747 -2.064 3
      vertex 1.4774 -2.03346 4
      vertex 1.43747 -2.064 4
    endloop
  endfacet
  facet normal 0.607517 -0.794307 0
    outer loop
      vertex 1.4774 -2.03346 4
      vertex 1.43747 -2.064 3
      vertex 1.4774 -2.03346 3
    endloop
  endfacet
  facet normal 0.645648 -0.763635 0
    outer loop
      vertex 1.39909 -2.09645 3
      vertex 1.43747 -2.064 4
      vertex 1.39909 -2.09645 4
    endloop
  endfacet
  facet normal 0.645648 -0.763635 0
    outer loop
      vertex 1.43747 -2.064 4
      vertex 1.39909 -2.09645 3
      vertex 1.43747 -2.064 3
    endloop
  endfacet
  facet normal 0.682417 -0.730963 0
    outer loop
      vertex 1.36235 -2.13075 3
      vertex 1.39909 -2.09645 4
      vertex 1.36235 -2.13075 4
    endloop
  endfacet
  facet normal 0.682417 -0.730963 0
    outer loop
      vertex 1.39909 -2.09645 4
      vertex 1.36235 -2.13075 3
      vertex 1.39909 -2.09645 3
    endloop
  endfacet
  facet normal 0.717575 -0.696481 0
    outer loop
      vertex 1.32735 -2.16681 4
      vertex 1.36235 -2.13075 3
      vertex 1.36235 -2.13075 4
    endloop
  endfacet
  facet normal 0.717575 -0.696481 0
    outer loop
      vertex 1.36235 -2.13075 3
      vertex 1.32735 -2.16681 4
      vertex 1.32735 -2.16681 3
    endloop
  endfacet
  facet normal 0.750639 -0.660713 0
    outer loop
      vertex 1.29414 -2.20454 4
      vertex 1.32735 -2.16681 3
      vertex 1.32735 -2.16681 4
    endloop
  endfacet
  facet normal 0.750639 -0.660713 0
    outer loop
      vertex 1.32735 -2.16681 3
      vertex 1.29414 -2.20454 4
      vertex 1.29414 -2.20454 3
    endloop
  endfacet
  facet normal 0.782361 -0.622825 0
    outer loop
      vertex 1.26283 -2.24387 4
      vertex 1.29414 -2.20454 3
      vertex 1.29414 -2.20454 4
    endloop
  endfacet
  facet normal 0.782361 -0.622825 0
    outer loop
      vertex 1.29414 -2.20454 3
      vertex 1.26283 -2.24387 4
      vertex 1.26283 -2.24387 3
    endloop
  endfacet
  facet normal 0.811874 -0.583833 0
    outer loop
      vertex 1.23349 -2.28467 4
      vertex 1.26283 -2.24387 3
      vertex 1.26283 -2.24387 4
    endloop
  endfacet
  facet normal 0.811874 -0.583833 0
    outer loop
      vertex 1.26283 -2.24387 3
      vertex 1.23349 -2.28467 4
      vertex 1.23349 -2.28467 3
    endloop
  endfacet
  facet normal 0.839533 -0.543309 0
    outer loop
      vertex 1.20618 -2.32687 4
      vertex 1.23349 -2.28467 3
      vertex 1.23349 -2.28467 4
    endloop
  endfacet
  facet normal 0.839533 -0.543309 0
    outer loop
      vertex 1.23349 -2.28467 3
      vertex 1.20618 -2.32687 4
      vertex 1.20618 -2.32687 3
    endloop
  endfacet
  facet normal 0.86519 -0.501444 0
    outer loop
      vertex 1.18098 -2.37035 4
      vertex 1.20618 -2.32687 3
      vertex 1.20618 -2.32687 4
    endloop
  endfacet
  facet normal 0.86519 -0.501444 0
    outer loop
      vertex 1.20618 -2.32687 3
      vertex 1.18098 -2.37035 4
      vertex 1.18098 -2.37035 3
    endloop
  endfacet
  facet normal 0.888746 -0.4584 0
    outer loop
      vertex 1.15794 -2.41502 4
      vertex 1.18098 -2.37035 3
      vertex 1.18098 -2.37035 4
    endloop
  endfacet
  facet normal 0.888746 -0.4584 0
    outer loop
      vertex 1.18098 -2.37035 3
      vertex 1.15794 -2.41502 4
      vertex 1.15794 -2.41502 3
    endloop
  endfacet
  facet normal 0.910182 -0.414208 0
    outer loop
      vertex 1.13712 -2.46077 4
      vertex 1.15794 -2.41502 3
      vertex 1.15794 -2.41502 4
    endloop
  endfacet
  facet normal 0.910182 -0.414208 0
    outer loop
      vertex 1.15794 -2.41502 3
      vertex 1.13712 -2.46077 4
      vertex 1.13712 -2.46077 3
    endloop
  endfacet
  facet normal 0.929489 -0.368851 0
    outer loop
      vertex 1.11858 -2.50749 4
      vertex 1.13712 -2.46077 3
      vertex 1.13712 -2.46077 4
    endloop
  endfacet
  facet normal 0.929489 -0.368851 0
    outer loop
      vertex 1.13712 -2.46077 3
      vertex 1.11858 -2.50749 4
      vertex 1.11858 -2.50749 3
    endloop
  endfacet
  facet normal 0.94635 -0.323144 0
    outer loop
      vertex 1.10234 -2.55505 4
      vertex 1.11858 -2.50749 3
      vertex 1.11858 -2.50749 4
    endloop
  endfacet
  facet normal 0.94635 -0.323144 0
    outer loop
      vertex 1.11858 -2.50749 3
      vertex 1.10234 -2.55505 4
      vertex 1.10234 -2.55505 3
    endloop
  endfacet
  facet normal 0.961117 -0.27614 0
    outer loop
      vertex 1.08846 -2.60336 4
      vertex 1.10234 -2.55505 3
      vertex 1.10234 -2.55505 4
    endloop
  endfacet
  facet normal 0.961117 -0.27614 0
    outer loop
      vertex 1.10234 -2.55505 3
      vertex 1.08846 -2.60336 4
      vertex 1.08846 -2.60336 3
    endloop
  endfacet
  facet normal 0.973508 -0.228651 0
    outer loop
      vertex 1.07697 -2.65228 4
      vertex 1.08846 -2.60336 3
      vertex 1.08846 -2.60336 4
    endloop
  endfacet
  facet normal 0.973508 -0.228651 0
    outer loop
      vertex 1.08846 -2.60336 3
      vertex 1.07697 -2.65228 4
      vertex 1.07697 -2.65228 3
    endloop
  endfacet
  facet normal 0.98355 -0.180636 0
    outer loop
      vertex 1.06789 -2.70172 4
      vertex 1.07697 -2.65228 3
      vertex 1.07697 -2.65228 4
    endloop
  endfacet
  facet normal 0.98355 -0.180636 0
    outer loop
      vertex 1.07697 -2.65228 3
      vertex 1.06789 -2.70172 4
      vertex 1.06789 -2.70172 3
    endloop
  endfacet
  facet normal 0.991235 -0.132112 0
    outer loop
      vertex 1.06125 -2.75154 4
      vertex 1.06789 -2.70172 3
      vertex 1.06789 -2.70172 4
    endloop
  endfacet
  facet normal 0.991235 -0.132112 0
    outer loop
      vertex 1.06789 -2.70172 3
      vertex 1.06125 -2.75154 4
      vertex 1.06125 -2.75154 3
    endloop
  endfacet
  facet normal 0.996504 -0.0835393 0
    outer loop
      vertex 1.05705 -2.80164 4
      vertex 1.06125 -2.75154 3
      vertex 1.06125 -2.75154 4
    endloop
  endfacet
  facet normal 0.996504 -0.0835393 0
    outer loop
      vertex 1.06125 -2.75154 3
      vertex 1.05705 -2.80164 4
      vertex 1.05705 -2.80164 3
    endloop
  endfacet
  facet normal 0.999414 -0.0342224 0
    outer loop
      vertex 1.05533 -2.85187 4
      vertex 1.05705 -2.80164 3
      vertex 1.05705 -2.80164 4
    endloop
  endfacet
  facet normal 0.999414 -0.0342224 0
    outer loop
      vertex 1.05705 -2.80164 3
      vertex 1.05533 -2.85187 4
      vertex 1.05533 -2.85187 3
    endloop
  endfacet
  facet normal 0.999889 0.0149267 0
    outer loop
      vertex 1.05608 -2.90211 4
      vertex 1.05533 -2.85187 3
      vertex 1.05533 -2.85187 4
    endloop
  endfacet
  facet normal 0.999889 0.0149267 0
    outer loop
      vertex 1.05533 -2.85187 3
      vertex 1.05608 -2.90211 4
      vertex 1.05608 -2.90211 3
    endloop
  endfacet
  facet normal 0.997973 0.0636412 0
    outer loop
      vertex 1.05928 -2.95229 4
      vertex 1.05608 -2.90211 3
      vertex 1.05608 -2.90211 4
    endloop
  endfacet
  facet normal 0.997973 0.0636412 0
    outer loop
      vertex 1.05608 -2.90211 3
      vertex 1.05928 -2.95229 4
      vertex 1.05928 -2.95229 3
    endloop
  endfacet
  facet normal 0.993639 0.112615 0
    outer loop
      vertex 1.06494 -3.00223 4
      vertex 1.05928 -2.95229 3
      vertex 1.05928 -2.95229 4
    endloop
  endfacet
  facet normal 0.993639 0.112615 0
    outer loop
      vertex 1.05928 -2.95229 3
      vertex 1.06494 -3.00223 4
      vertex 1.06494 -3.00223 3
    endloop
  endfacet
  facet normal 0.986921 0.161203 0
    outer loop
      vertex 1.07304 -3.05182 4
      vertex 1.06494 -3.00223 3
      vertex 1.06494 -3.00223 4
    endloop
  endfacet
  facet normal 0.986921 0.161203 0
    outer loop
      vertex 1.06494 -3.00223 3
      vertex 1.07304 -3.05182 4
      vertex 1.07304 -3.05182 3
    endloop
  endfacet
  facet normal 0.977811 0.209488 0
    outer loop
      vertex 1.08357 -3.10097 4
      vertex 1.07304 -3.05182 3
      vertex 1.07304 -3.05182 4
    endloop
  endfacet
  facet normal 0.977811 0.209488 0
    outer loop
      vertex 1.07304 -3.05182 3
      vertex 1.08357 -3.10097 4
      vertex 1.08357 -3.10097 3
    endloop
  endfacet
  facet normal 0.966344 0.257254 0
    outer loop
      vertex 1.0965 -3.14954 4
      vertex 1.08357 -3.10097 3
      vertex 1.08357 -3.10097 4
    endloop
  endfacet
  facet normal 0.966344 0.257254 0
    outer loop
      vertex 1.08357 -3.10097 3
      vertex 1.0965 -3.14954 4
      vertex 1.0965 -3.14954 3
    endloop
  endfacet
  facet normal 0.952549 0.304386 0
    outer loop
      vertex 1.1118 -3.19742 4
      vertex 1.0965 -3.14954 3
      vertex 1.0965 -3.14954 4
    endloop
  endfacet
  facet normal 0.952549 0.304386 0
    outer loop
      vertex 1.0965 -3.14954 3
      vertex 1.1118 -3.19742 4
      vertex 1.1118 -3.19742 3
    endloop
  endfacet
  facet normal 0.936468 0.350753 0
    outer loop
      vertex 1.12943 -3.24449 4
      vertex 1.1118 -3.19742 3
      vertex 1.1118 -3.19742 4
    endloop
  endfacet
  facet normal 0.936468 0.350753 0
    outer loop
      vertex 1.1118 -3.19742 3
      vertex 1.12943 -3.24449 4
      vertex 1.12943 -3.24449 3
    endloop
  endfacet
  facet normal 0.918164 0.3962 0
    outer loop
      vertex 1.14934 -3.29063 4
      vertex 1.12943 -3.24449 3
      vertex 1.12943 -3.24449 4
    endloop
  endfacet
  facet normal 0.918164 0.3962 0
    outer loop
      vertex 1.12943 -3.24449 3
      vertex 1.14934 -3.29063 4
      vertex 1.14934 -3.29063 3
    endloop
  endfacet
  facet normal 0.897666 0.440676 0
    outer loop
      vertex 1.17149 -3.33575 4
      vertex 1.14934 -3.29063 3
      vertex 1.14934 -3.29063 4
    endloop
  endfacet
  facet normal 0.897666 0.440676 0
    outer loop
      vertex 1.14934 -3.29063 3
      vertex 1.17149 -3.33575 4
      vertex 1.17149 -3.33575 3
    endloop
  endfacet
  facet normal 0.874682 0.484697 0
    outer loop
      vertex 1.19585 -3.37971 4
      vertex 1.17149 -3.33575 3
      vertex 1.17149 -3.33575 4
    endloop
  endfacet
  facet normal 0.874682 0.484697 0
    outer loop
      vertex 1.17149 -3.33575 3
      vertex 1.19585 -3.37971 4
      vertex 1.19585 -3.37971 3
    endloop
  endfacet
  facet normal 0.850159 0.526526 0
    outer loop
      vertex 1.22232 -3.42245 4
      vertex 1.19585 -3.37971 3
      vertex 1.19585 -3.37971 4
    endloop
  endfacet
  facet normal 0.850159 0.526526 0
    outer loop
      vertex 1.19585 -3.37971 3
      vertex 1.22232 -3.42245 4
      vertex 1.22232 -3.42245 3
    endloop
  endfacet
  facet normal 0.823222 0.567719 0
    outer loop
      vertex 1.25085 -3.46382 4
      vertex 1.22232 -3.42245 3
      vertex 1.22232 -3.42245 4
    endloop
  endfacet
  facet normal 0.823222 0.567719 0
    outer loop
      vertex 1.22232 -3.42245 3
      vertex 1.25085 -3.46382 4
      vertex 1.25085 -3.46382 3
    endloop
  endfacet
  facet normal 0.794307 0.607517 0
    outer loop
      vertex 1.28139 -3.50375 4
      vertex 1.25085 -3.46382 3
      vertex 1.25085 -3.46382 4
    endloop
  endfacet
  facet normal 0.794307 0.607517 0
    outer loop
      vertex 1.25085 -3.46382 3
      vertex 1.28139 -3.50375 4
      vertex 1.28139 -3.50375 3
    endloop
  endfacet
  facet normal 0.763635 0.645648 0
    outer loop
      vertex 1.31384 -3.54213 4
      vertex 1.28139 -3.50375 3
      vertex 1.28139 -3.50375 4
    endloop
  endfacet
  facet normal 0.763635 0.645648 0
    outer loop
      vertex 1.28139 -3.50375 3
      vertex 1.31384 -3.54213 4
      vertex 1.31384 -3.54213 3
    endloop
  endfacet
  facet normal 0.731062 0.682311 0
    outer loop
      vertex 1.34813 -3.57887 4
      vertex 1.31384 -3.54213 3
      vertex 1.31384 -3.54213 4
    endloop
  endfacet
  facet normal 0.731062 0.682311 0
    outer loop
      vertex 1.31384 -3.54213 3
      vertex 1.34813 -3.57887 4
      vertex 1.34813 -3.57887 3
    endloop
  endfacet
  facet normal 0.696484 0.717572 -0
    outer loop
      vertex 1.3842 -3.61388 3
      vertex 1.34813 -3.57887 4
      vertex 1.3842 -3.61388 4
    endloop
  endfacet
  facet normal 0.696484 0.717572 0
    outer loop
      vertex 1.34813 -3.57887 4
      vertex 1.3842 -3.61388 3
      vertex 1.34813 -3.57887 3
    endloop
  endfacet
  facet normal 0.660502 0.750824 -0
    outer loop
      vertex 1.42194 -3.64708 3
      vertex 1.3842 -3.61388 4
      vertex 1.42194 -3.64708 4
    endloop
  endfacet
  facet normal 0.660502 0.750824 0
    outer loop
      vertex 1.3842 -3.61388 4
      vertex 1.42194 -3.64708 3
      vertex 1.3842 -3.61388 3
    endloop
  endfacet
  facet normal 0.623116 0.782129 -0
    outer loop
      vertex 1.46124 -3.67839 3
      vertex 1.42194 -3.64708 4
      vertex 1.46124 -3.67839 4
    endloop
  endfacet
  facet normal 0.623116 0.782129 0
    outer loop
      vertex 1.42194 -3.64708 4
      vertex 1.46124 -3.67839 3
      vertex 1.42194 -3.64708 3
    endloop
  endfacet
  facet normal 0.583644 0.812009 -0
    outer loop
      vertex 1.50206 -3.70773 3
      vertex 1.46124 -3.67839 4
      vertex 1.50206 -3.70773 4
    endloop
  endfacet
  facet normal 0.583644 0.812009 0
    outer loop
      vertex 1.46124 -3.67839 4
      vertex 1.50206 -3.70773 3
      vertex 1.46124 -3.67839 3
    endloop
  endfacet
  facet normal 0.54354 0.839383 -0
    outer loop
      vertex 1.54425 -3.73505 3
      vertex 1.50206 -3.70773 4
      vertex 1.54425 -3.73505 4
    endloop
  endfacet
  facet normal 0.54354 0.839383 0
    outer loop
      vertex 1.50206 -3.70773 4
      vertex 1.54425 -3.73505 3
      vertex 1.50206 -3.70773 3
    endloop
  endfacet
  facet normal 0.501209 0.865326 -0
    outer loop
      vertex 1.58774 -3.76024 3
      vertex 1.54425 -3.73505 4
      vertex 1.58774 -3.76024 4
    endloop
  endfacet
  facet normal 0.501209 0.865326 0
    outer loop
      vertex 1.54425 -3.73505 4
      vertex 1.58774 -3.76024 3
      vertex 1.54425 -3.73505 3
    endloop
  endfacet
  facet normal 0.458319 0.888788 -0
    outer loop
      vertex 1.63242 -3.78328 3
      vertex 1.58774 -3.76024 4
      vertex 1.63242 -3.78328 4
    endloop
  endfacet
  facet normal 0.458319 0.888788 0
    outer loop
      vertex 1.58774 -3.76024 4
      vertex 1.63242 -3.78328 3
      vertex 1.58774 -3.76024 3
    endloop
  endfacet
  facet normal 0.414118 0.910223 -0
    outer loop
      vertex 1.67816 -3.80409 3
      vertex 1.63242 -3.78328 4
      vertex 1.67816 -3.80409 4
    endloop
  endfacet
  facet normal 0.414118 0.910223 0
    outer loop
      vertex 1.63242 -3.78328 4
      vertex 1.67816 -3.80409 3
      vertex 1.63242 -3.78328 3
    endloop
  endfacet
  facet normal 0.369263 0.929325 -0
    outer loop
      vertex 1.72487 -3.82265 3
      vertex 1.67816 -3.80409 4
      vertex 1.72487 -3.82265 4
    endloop
  endfacet
  facet normal 0.369263 0.929325 0
    outer loop
      vertex 1.67816 -3.80409 4
      vertex 1.72487 -3.82265 3
      vertex 1.67816 -3.80409 3
    endloop
  endfacet
  facet normal 0.322844 0.946452 -0
    outer loop
      vertex 1.77245 -3.83888 3
      vertex 1.72487 -3.82265 4
      vertex 1.77245 -3.83888 4
    endloop
  endfacet
  facet normal 0.322844 0.946452 0
    outer loop
      vertex 1.72487 -3.82265 4
      vertex 1.77245 -3.83888 3
      vertex 1.72487 -3.82265 3
    endloop
  endfacet
  facet normal 0.276429 0.961034 -0
    outer loop
      vertex 1.82074 -3.85277 3
      vertex 1.77245 -3.83888 4
      vertex 1.82074 -3.85277 4
    endloop
  endfacet
  facet normal 0.276429 0.961034 0
    outer loop
      vertex 1.77245 -3.83888 4
      vertex 1.82074 -3.85277 3
      vertex 1.77245 -3.83888 3
    endloop
  endfacet
  facet normal 0.228607 0.973519 -0
    outer loop
      vertex 1.86967 -3.86426 3
      vertex 1.82074 -3.85277 4
      vertex 1.86967 -3.86426 4
    endloop
  endfacet
  facet normal 0.228607 0.973519 0
    outer loop
      vertex 1.82074 -3.85277 4
      vertex 1.86967 -3.86426 3
      vertex 1.82074 -3.85277 3
    endloop
  endfacet
  facet normal 0.180636 0.98355 -0
    outer loop
      vertex 1.91911 -3.87334 3
      vertex 1.86967 -3.86426 4
      vertex 1.91911 -3.87334 4
    endloop
  endfacet
  facet normal 0.180636 0.98355 0
    outer loop
      vertex 1.86967 -3.86426 4
      vertex 1.91911 -3.87334 3
      vertex 1.86967 -3.86426 3
    endloop
  endfacet
  facet normal 0.131916 0.991261 -0
    outer loop
      vertex 1.96893 -3.87997 3
      vertex 1.91911 -3.87334 4
      vertex 1.96893 -3.87997 4
    endloop
  endfacet
  facet normal 0.131916 0.991261 0
    outer loop
      vertex 1.91911 -3.87334 4
      vertex 1.96893 -3.87997 3
      vertex 1.91911 -3.87334 3
    endloop
  endfacet
  facet normal 0.0835724 0.996502 -0
    outer loop
      vertex 2.01901 -3.88417 3
      vertex 1.96893 -3.87997 4
      vertex 2.01901 -3.88417 4
    endloop
  endfacet
  facet normal 0.0835724 0.996502 0
    outer loop
      vertex 1.96893 -3.87997 4
      vertex 2.01901 -3.88417 3
      vertex 1.96893 -3.87997 3
    endloop
  endfacet
  facet normal 0.0342224 0.999414 -0
    outer loop
      vertex 2.06924 -3.88589 3
      vertex 2.01901 -3.88417 4
      vertex 2.06924 -3.88589 4
    endloop
  endfacet
  facet normal 0.0342224 0.999414 0
    outer loop
      vertex 2.01901 -3.88417 4
      vertex 2.06924 -3.88589 3
      vertex 2.01901 -3.88417 3
    endloop
  endfacet
  facet normal -0.0147189 0.999892 0
    outer loop
      vertex 2.11951 -3.88515 3
      vertex 2.06924 -3.88589 4
      vertex 2.11951 -3.88515 4
    endloop
  endfacet
  facet normal -0.0147189 0.999892 0
    outer loop
      vertex 2.06924 -3.88589 4
      vertex 2.11951 -3.88515 3
      vertex 2.06924 -3.88589 3
    endloop
  endfacet
endsolid OpenSCAD_Model
