solid OpenSCAD_Model
  facet normal -0.999466 0.0326856 0
    outer loop
      vertex -18 0 0.599991
      vertex -17.9615 1.17726 3
      vertex -17.9615 1.17726 0.599991
    endloop
  endfacet
  facet normal -0.999466 0.0326856 0
    outer loop
      vertex -17.9615 1.17726 3
      vertex -18 0 0.599991
      vertex -18 0 3
    endloop
  endfacet
  facet normal -0.447164 0.0146389 0.894332
    outer loop
      vertex -17.9615 1.17726 3
      vertex -9 0 7.5
      vertex -8.98073 0.588628 7.5
    endloop
  endfacet
  facet normal -0.447166 0.0146237 0.894332
    outer loop
      vertex -9 0 7.5
      vertex -17.9615 1.17726 3
      vertex -18 0 3
    endloop
  endfacet
  facet normal -0.999465 0.0327196 0
    outer loop
      vertex -9 0 7.5
      vertex -8.98073 0.588628 8.44436
      vertex -8.98073 0.588628 7.5
    endloop
  endfacet
  facet normal -0.999465 0.0327196 0
    outer loop
      vertex -8.98073 0.588628 8.44436
      vertex -9 0 7.5
      vertex -9 0 8.44436
    endloop
  endfacet
  facet normal -0.706918 0.0231774 -0.706916
    outer loop
      vertex -16.5 0 18
      vertex -9.52533 0.0759459 11.0278
      vertex -9.52782 0 11.0278
    endloop
  endfacet
  facet normal -0.706918 0.023124 -0.706917
    outer loop
      vertex -9.52533 0.0759459 11.0278
      vertex -16.5 0 18
      vertex -16.4647 1.07915 18
    endloop
  endfacet
  facet normal -0.706917 0.0231475 -0.706918
    outer loop
      vertex -9.51509 0.38891 11.0278
      vertex -16.4647 1.07915 18
      vertex -9.50742 0.623149 11.0278
    endloop
  endfacet
  facet normal -0.706918 0.0231299 -0.706917
    outer loop
      vertex -16.4647 1.07915 18
      vertex -9.51509 0.38891 11.0278
      vertex -9.52533 0.0759459 11.0278
    endloop
  endfacet
  facet normal -0.999465 0.0326934 0
    outer loop
      vertex -16.5 0 18
      vertex -16.4647 1.07915 20
      vertex -16.4647 1.07915 18
    endloop
  endfacet
  facet normal -0.999465 0.0326934 0
    outer loop
      vertex -16.4647 1.07915 20
      vertex -16.5 0 18
      vertex -16.5 0 20
    endloop
  endfacet
  facet normal 0 0 -1
    outer loop
      vertex 17.3627 -1.13801 0
      vertex 17.3627 1.13801 0
      vertex 17.4 0 0
    endloop
  endfacet
  facet normal 0 0 -1
    outer loop
      vertex 17.2511 -2.27115 0
      vertex 17.3627 1.13801 0
      vertex 17.3627 -1.13801 0
    endloop
  endfacet
  facet normal 0 0 -1
    outer loop
      vertex 17.2511 -2.27115 0
      vertex 17.2511 2.27115 0
      vertex 17.3627 1.13801 0
    endloop
  endfacet
  facet normal 0 0 -1
    outer loop
      vertex 17.0657 -3.39457 0
      vertex 17.2511 2.27115 0
      vertex 17.2511 -2.27115 0
    endloop
  endfacet
  facet normal 0 0 -1
    outer loop
      vertex 17.0657 -3.39457 0
      vertex 17.0657 3.39457 0
      vertex 17.2511 2.27115 0
    endloop
  endfacet
  facet normal 0 0 -1
    outer loop
      vertex 16.8071 -4.50345 0
      vertex 17.0657 3.39457 0
      vertex 17.0657 -3.39457 0
    endloop
  endfacet
  facet normal 0 0 -1
    outer loop
      vertex 16.8071 -4.50345 0
      vertex 16.8071 4.50345 0
      vertex 17.0657 3.39457 0
    endloop
  endfacet
  facet normal 0 0 -1
    outer loop
      vertex 16.4766 -5.59304 0
      vertex 16.8071 4.50345 0
      vertex 16.8071 -4.50345 0
    endloop
  endfacet
  facet normal 0 0 -1
    outer loop
      vertex 16.4766 -5.59304 0
      vertex 16.4766 5.59304 0
      vertex 16.8071 4.50345 0
    endloop
  endfacet
  facet normal 0 0 -1
    outer loop
      vertex 16.0755 -6.65869 0
      vertex 16.4766 5.59304 0
      vertex 16.4766 -5.59304 0
    endloop
  endfacet
  facet normal 0 0 -1
    outer loop
      vertex 16.0755 -6.65869 0
      vertex 16.0755 6.65869 0
      vertex 16.4766 5.59304 0
    endloop
  endfacet
  facet normal 0 0 -1
    outer loop
      vertex 15.6056 -7.69582 0
      vertex 16.0755 6.65869 0
      vertex 16.0755 -6.65869 0
    endloop
  endfacet
  facet normal 0 0 -1
    outer loop
      vertex 15.6056 -7.69582 0
      vertex 15.6056 7.69582 0
      vertex 16.0755 6.65869 0
    endloop
  endfacet
  facet normal 0 0 -1
    outer loop
      vertex 15.0688 -8.7 0
      vertex 15.6056 7.69582 0
      vertex 15.6056 -7.69582 0
    endloop
  endfacet
  facet normal 0 0 -1
    outer loop
      vertex 15.0688 -8.7 0
      vertex 15.0688 8.7 0
      vertex 15.6056 7.69582 0
    endloop
  endfacet
  facet normal 0 0 -1
    outer loop
      vertex 14.4676 -9.66692 0
      vertex 15.0688 8.7 0
      vertex 15.0688 -8.7 0
    endloop
  endfacet
  facet normal 0 0 -1
    outer loop
      vertex 14.4676 -9.66692 0
      vertex 14.4676 9.66692 0
      vertex 15.0688 8.7 0
    endloop
  endfacet
  facet normal 0 0 -1
    outer loop
      vertex 13.8043 -10.5924 0
      vertex 14.4676 9.66692 0
      vertex 14.4676 -9.66692 0
    endloop
  endfacet
  facet normal 0 0 -1
    outer loop
      vertex 13.8043 -10.5924 0
      vertex 13.8043 10.5924 0
      vertex 14.4676 9.66692 0
    endloop
  endfacet
  facet normal 0 0 -1
    outer loop
      vertex 13.082 -11.4726 0
      vertex 13.8043 10.5924 0
      vertex 13.8043 -10.5924 0
    endloop
  endfacet
  facet normal 0 0 -1
    outer loop
      vertex 13.082 -11.4726 0
      vertex 13.082 11.4726 0
      vertex 13.8043 10.5924 0
    endloop
  endfacet
  facet normal 0 0 -1
    outer loop
      vertex 12.3037 -12.3037 0
      vertex 13.082 11.4726 0
      vertex 13.082 -11.4726 0
    endloop
  endfacet
  facet normal 0 0 -1
    outer loop
      vertex 12.3037 -12.3037 0
      vertex 12.3037 12.3037 0
      vertex 13.082 11.4726 0
    endloop
  endfacet
  facet normal 0 0 -1
    outer loop
      vertex 11.4726 -13.082 0
      vertex 12.3037 12.3037 0
      vertex 12.3037 -12.3037 0
    endloop
  endfacet
  facet normal 0 0 -1
    outer loop
      vertex 11.4726 -13.082 0
      vertex 11.4726 13.082 0
      vertex 12.3037 12.3037 0
    endloop
  endfacet
  facet normal 0 0 -1
    outer loop
      vertex 10.5924 -13.8043 0
      vertex 11.4726 13.082 0
      vertex 11.4726 -13.082 0
    endloop
  endfacet
  facet normal 0 0 -1
    outer loop
      vertex 10.5924 -13.8043 0
      vertex 10.5924 13.8043 0
      vertex 11.4726 13.082 0
    endloop
  endfacet
  facet normal 0 0 -1
    outer loop
      vertex 9.66692 -14.4676 0
      vertex 10.5924 13.8043 0
      vertex 10.5924 -13.8043 0
    endloop
  endfacet
  facet normal 0 0 -1
    outer loop
      vertex 9.66692 -14.4676 0
      vertex 9.66692 14.4676 0
      vertex 10.5924 13.8043 0
    endloop
  endfacet
  facet normal 0 0 -1
    outer loop
      vertex 8.7 -15.0688 0
      vertex 9.66692 14.4676 0
      vertex 9.66692 -14.4676 0
    endloop
  endfacet
  facet normal 0 0 -1
    outer loop
      vertex 8.7 -15.0688 0
      vertex 8.7 15.0688 0
      vertex 9.66692 14.4676 0
    endloop
  endfacet
  facet normal 0 0 -1
    outer loop
      vertex 7.69582 -15.6056 0
      vertex 8.7 15.0688 0
      vertex 8.7 -15.0688 0
    endloop
  endfacet
  facet normal 0 0 -1
    outer loop
      vertex 7.69582 -15.6056 0
      vertex 7.69582 15.6056 0
      vertex 8.7 15.0688 0
    endloop
  endfacet
  facet normal 0 0 -1
    outer loop
      vertex 6.65869 -16.0755 0
      vertex 7.69582 15.6056 0
      vertex 7.69582 -15.6056 0
    endloop
  endfacet
  facet normal 0 0 -1
    outer loop
      vertex 6.65869 -16.0755 0
      vertex 6.65869 16.0755 0
      vertex 7.69582 15.6056 0
    endloop
  endfacet
  facet normal 0 0 -1
    outer loop
      vertex 5.59304 -16.4766 0
      vertex 6.65869 16.0755 0
      vertex 6.65869 -16.0755 0
    endloop
  endfacet
  facet normal 0 0 -1
    outer loop
      vertex 5.59304 -16.4766 0
      vertex 5.59304 16.4766 0
      vertex 6.65869 16.0755 0
    endloop
  endfacet
  facet normal 0 0 -1
    outer loop
      vertex 4.50345 -16.8071 0
      vertex 5.59304 16.4766 0
      vertex 5.59304 -16.4766 0
    endloop
  endfacet
  facet normal 0 0 -1
    outer loop
      vertex 4.50345 -16.8071 0
      vertex 4.50345 16.8071 0
      vertex 5.59304 16.4766 0
    endloop
  endfacet
  facet normal 0 0 -1
    outer loop
      vertex 3.39457 -17.0657 0
      vertex 4.50345 16.8071 0
      vertex 4.50345 -16.8071 0
    endloop
  endfacet
  facet normal 0 0 -1
    outer loop
      vertex 3.39457 -17.0657 0
      vertex 3.39457 17.0657 0
      vertex 4.50345 16.8071 0
    endloop
  endfacet
  facet normal 0 0 -1
    outer loop
      vertex 2.27115 -17.2511 0
      vertex 3.39457 17.0657 0
      vertex 3.39457 -17.0657 0
    endloop
  endfacet
  facet normal 0 0 -1
    outer loop
      vertex 2.27115 -17.2511 0
      vertex 2.27115 17.2511 0
      vertex 3.39457 17.0657 0
    endloop
  endfacet
  facet normal 0 0 -1
    outer loop
      vertex 1.13801 -17.3627 0
      vertex 2.27115 17.2511 0
      vertex 2.27115 -17.2511 0
    endloop
  endfacet
  facet normal 0 0 -1
    outer loop
      vertex 1.13801 -17.3627 0
      vertex 1.13801 17.3627 0
      vertex 2.27115 17.2511 0
    endloop
  endfacet
  facet normal 0 0 -1
    outer loop
      vertex 0 -17.4 0
      vertex 1.13801 17.3627 0
      vertex 1.13801 -17.3627 0
    endloop
  endfacet
  facet normal 0 0 -1
    outer loop
      vertex 0 -17.4 0
      vertex 0 17.4 0
      vertex 1.13801 17.3627 0
    endloop
  endfacet
  facet normal 0 0 -1
    outer loop
      vertex -1.13801 -17.3627 0
      vertex 0 17.4 0
      vertex 0 -17.4 0
    endloop
  endfacet
  facet normal 0 0 -1
    outer loop
      vertex -1.13801 -17.3627 0
      vertex -1.13801 17.3627 0
      vertex 0 17.4 0
    endloop
  endfacet
  facet normal 0 0 -1
    outer loop
      vertex -2.27115 -17.2511 0
      vertex -1.13801 17.3627 0
      vertex -1.13801 -17.3627 0
    endloop
  endfacet
  facet normal 0 0 -1
    outer loop
      vertex -2.27115 -17.2511 0
      vertex -2.27115 17.2511 0
      vertex -1.13801 17.3627 0
    endloop
  endfacet
  facet normal 0 0 -1
    outer loop
      vertex -3.39457 -17.0657 0
      vertex -2.27115 17.2511 0
      vertex -2.27115 -17.2511 0
    endloop
  endfacet
  facet normal 0 0 -1
    outer loop
      vertex -3.39457 -17.0657 0
      vertex -3.39457 17.0657 0
      vertex -2.27115 17.2511 0
    endloop
  endfacet
  facet normal 0 0 -1
    outer loop
      vertex -4.50345 -16.8071 0
      vertex -3.39457 17.0657 0
      vertex -3.39457 -17.0657 0
    endloop
  endfacet
  facet normal 0 0 -1
    outer loop
      vertex -4.50345 -16.8071 0
      vertex -4.50345 16.8071 0
      vertex -3.39457 17.0657 0
    endloop
  endfacet
  facet normal 0 0 -1
    outer loop
      vertex -5.59304 -16.4766 0
      vertex -4.50345 16.8071 0
      vertex -4.50345 -16.8071 0
    endloop
  endfacet
  facet normal 0 0 -1
    outer loop
      vertex -5.59304 -16.4766 0
      vertex -5.59304 16.4766 0
      vertex -4.50345 16.8071 0
    endloop
  endfacet
  facet normal 0 0 -1
    outer loop
      vertex -6.65869 -16.0755 0
      vertex -5.59304 16.4766 0
      vertex -5.59304 -16.4766 0
    endloop
  endfacet
  facet normal 0 0 -1
    outer loop
      vertex -6.65869 -16.0755 0
      vertex -6.65869 16.0755 0
      vertex -5.59304 16.4766 0
    endloop
  endfacet
  facet normal 0 0 -1
    outer loop
      vertex -7.69582 -15.6056 0
      vertex -6.65869 16.0755 0
      vertex -6.65869 -16.0755 0
    endloop
  endfacet
  facet normal 0 0 -1
    outer loop
      vertex -7.69582 -15.6056 0
      vertex -7.69582 15.6056 0
      vertex -6.65869 16.0755 0
    endloop
  endfacet
  facet normal 0 0 -1
    outer loop
      vertex -8.7 -15.0688 0
      vertex -7.69582 15.6056 0
      vertex -7.69582 -15.6056 0
    endloop
  endfacet
  facet normal 0 0 -1
    outer loop
      vertex -8.7 -15.0688 0
      vertex -8.7 15.0688 0
      vertex -7.69582 15.6056 0
    endloop
  endfacet
  facet normal 0 0 -1
    outer loop
      vertex -9.66692 -14.4676 0
      vertex -8.7 15.0688 0
      vertex -8.7 -15.0688 0
    endloop
  endfacet
  facet normal 0 0 -1
    outer loop
      vertex -9.66692 -14.4676 0
      vertex -9.66692 14.4676 0
      vertex -8.7 15.0688 0
    endloop
  endfacet
  facet normal 0 0 -1
    outer loop
      vertex -10.5924 -13.8043 0
      vertex -9.66692 14.4676 0
      vertex -9.66692 -14.4676 0
    endloop
  endfacet
  facet normal 0 0 -1
    outer loop
      vertex -10.5924 -13.8043 0
      vertex -10.5924 13.8043 0
      vertex -9.66692 14.4676 0
    endloop
  endfacet
  facet normal 0 0 -1
    outer loop
      vertex -11.4726 -13.082 0
      vertex -10.5924 13.8043 0
      vertex -10.5924 -13.8043 0
    endloop
  endfacet
  facet normal 0 0 -1
    outer loop
      vertex -11.4726 -13.082 0
      vertex -11.4726 13.082 0
      vertex -10.5924 13.8043 0
    endloop
  endfacet
  facet normal 0 0 -1
    outer loop
      vertex -12.3037 -12.3037 0
      vertex -11.4726 13.082 0
      vertex -11.4726 -13.082 0
    endloop
  endfacet
  facet normal 0 0 -1
    outer loop
      vertex -12.3037 -12.3037 0
      vertex -12.3037 12.3037 0
      vertex -11.4726 13.082 0
    endloop
  endfacet
  facet normal 0 0 -1
    outer loop
      vertex -13.082 -11.4726 0
      vertex -12.3037 12.3037 0
      vertex -12.3037 -12.3037 0
    endloop
  endfacet
  facet normal 0 0 -1
    outer loop
      vertex -13.082 -11.4726 0
      vertex -13.082 11.4726 0
      vertex -12.3037 12.3037 0
    endloop
  endfacet
  facet normal 0 0 -1
    outer loop
      vertex -13.8043 -10.5924 0
      vertex -13.082 11.4726 0
      vertex -13.082 -11.4726 0
    endloop
  endfacet
  facet normal 0 0 -1
    outer loop
      vertex -13.8043 -10.5924 0
      vertex -13.8043 10.5924 0
      vertex -13.082 11.4726 0
    endloop
  endfacet
  facet normal 0 0 -1
    outer loop
      vertex -14.4676 -9.66692 0
      vertex -13.8043 10.5924 0
      vertex -13.8043 -10.5924 0
    endloop
  endfacet
  facet normal 0 0 -1
    outer loop
      vertex -14.4676 -9.66692 0
      vertex -14.4676 9.66692 0
      vertex -13.8043 10.5924 0
    endloop
  endfacet
  facet normal 0 0 -1
    outer loop
      vertex -15.0688 -8.7 0
      vertex -14.4676 9.66692 0
      vertex -14.4676 -9.66692 0
    endloop
  endfacet
  facet normal 0 0 -1
    outer loop
      vertex -15.0688 -8.7 0
      vertex -15.0688 8.7 0
      vertex -14.4676 9.66692 0
    endloop
  endfacet
  facet normal 0 0 -1
    outer loop
      vertex -15.6056 -7.69582 0
      vertex -15.0688 8.7 0
      vertex -15.0688 -8.7 0
    endloop
  endfacet
  facet normal 0 0 -1
    outer loop
      vertex -15.6056 -7.69582 0
      vertex -15.6056 7.69582 0
      vertex -15.0688 8.7 0
    endloop
  endfacet
  facet normal 0 0 -1
    outer loop
      vertex -16.0755 -6.65869 0
      vertex -15.6056 7.69582 0
      vertex -15.6056 -7.69582 0
    endloop
  endfacet
  facet normal 0 0 -1
    outer loop
      vertex -16.0755 -6.65869 0
      vertex -16.0755 6.65869 0
      vertex -15.6056 7.69582 0
    endloop
  endfacet
  facet normal 0 0 -1
    outer loop
      vertex -16.4766 -5.59304 0
      vertex -16.0755 6.65869 0
      vertex -16.0755 -6.65869 0
    endloop
  endfacet
  facet normal 0 0 -1
    outer loop
      vertex -16.4766 -5.59304 0
      vertex -16.4766 5.59304 0
      vertex -16.0755 6.65869 0
    endloop
  endfacet
  facet normal 0 0 -1
    outer loop
      vertex -16.8071 -4.50345 0
      vertex -16.4766 5.59304 0
      vertex -16.4766 -5.59304 0
    endloop
  endfacet
  facet normal 0 0 -1
    outer loop
      vertex -16.8071 -4.50345 0
      vertex -16.8071 4.50345 0
      vertex -16.4766 5.59304 0
    endloop
  endfacet
  facet normal 0 0 -1
    outer loop
      vertex -17.0657 -3.39457 0
      vertex -16.8071 4.50345 0
      vertex -16.8071 -4.50345 0
    endloop
  endfacet
  facet normal 0 0 -1
    outer loop
      vertex -17.0657 -3.39457 0
      vertex -17.0657 3.39457 0
      vertex -16.8071 4.50345 0
    endloop
  endfacet
  facet normal 0 0 -1
    outer loop
      vertex -17.2511 -2.27115 0
      vertex -17.0657 3.39457 0
      vertex -17.0657 -3.39457 0
    endloop
  endfacet
  facet normal 0 0 -1
    outer loop
      vertex -17.2511 -2.27115 0
      vertex -17.2511 2.27115 0
      vertex -17.0657 3.39457 0
    endloop
  endfacet
  facet normal 0 0 -1
    outer loop
      vertex -17.3627 -1.13801 0
      vertex -17.2511 2.27115 0
      vertex -17.2511 -2.27115 0
    endloop
  endfacet
  facet normal 0 0 -1
    outer loop
      vertex -17.3627 -1.13801 0
      vertex -17.3627 1.13801 0
      vertex -17.2511 2.27115 0
    endloop
  endfacet
  facet normal 0 -0 -1
    outer loop
      vertex -17.3627 1.13801 0
      vertex -17.3627 -1.13801 0
      vertex -17.4 0 0
    endloop
  endfacet
  facet normal -0.706912 0.0231182 -0.706923
    outer loop
      vertex -17.9615 1.17726 0.599991
      vertex -17.4 0 0
      vertex -18 0 0.599991
    endloop
  endfacet
  facet normal -0.706861 0.0231684 -0.706973
    outer loop
      vertex -17.3627 1.13801 0
      vertex -17.4 0 0
      vertex -17.9615 1.17726 0.599991
    endloop
  endfacet
  facet normal -0.995181 0.098057 0
    outer loop
      vertex -17.9615 1.17726 0.599991
      vertex -17.846 2.34947 3
      vertex -17.846 2.34947 0.599991
    endloop
  endfacet
  facet normal -0.995181 0.098057 0
    outer loop
      vertex -17.846 2.34947 3
      vertex -17.9615 1.17726 0.599991
      vertex -17.9615 1.17726 3
    endloop
  endfacet
  facet normal -0.445249 0.0438555 0.894332
    outer loop
      vertex -8.98073 0.588628 7.5
      vertex -8.923 1.17474 7.5
      vertex -17.9615 1.17726 3
    endloop
  endfacet
  facet normal -0.445249 0.0438712 0.894332
    outer loop
      vertex -8.923 1.17474 7.5
      vertex -17.846 2.34947 3
      vertex -17.9615 1.17726 3
    endloop
  endfacet
  facet normal -0.995184 0.0980222 0
    outer loop
      vertex -8.98073 0.588628 7.5
      vertex -8.923 1.17474 8.44436
      vertex -8.923 1.17474 7.5
    endloop
  endfacet
  facet normal -0.995184 0.0980222 0
    outer loop
      vertex -8.923 1.17474 8.44436
      vertex -8.98073 0.588628 7.5
      vertex -8.98073 0.588628 8.44436
    endloop
  endfacet
  facet normal -0.703886 0.0693713 -0.706917
    outer loop
      vertex -9.50742 0.623149 11.0278
      vertex -16.4647 1.07915 18
      vertex -16.3588 2.15368 18
    endloop
  endfacet
  facet normal -0.70389 0.0693456 -0.706915
    outer loop
      vertex -9.49997 0.69877 11.0278
      vertex -9.50742 0.623149 11.0278
      vertex -16.3588 2.15368 18
    endloop
  endfacet
  facet normal -0.703894 0.0693232 -0.706914
    outer loop
      vertex -16.3588 2.15368 18
      vertex -9.46928 1.01039 11.0278
      vertex -9.49997 0.69877 11.0278
    endloop
  endfacet
  facet normal -0.703894 0.0693211 -0.706914
    outer loop
      vertex -9.46928 1.01039 11.0278
      vertex -16.3588 2.15368 18
      vertex -9.44631 1.24363 11.0278
    endloop
  endfacet
  facet normal -0.995179 0.0980795 0
    outer loop
      vertex -16.4647 1.07915 18
      vertex -16.3588 2.15368 20
      vertex -16.3588 2.15368 18
    endloop
  endfacet
  facet normal -0.995179 0.0980795 0
    outer loop
      vertex -16.3588 2.15368 20
      vertex -16.4647 1.07915 18
      vertex -16.4647 1.07915 20
    endloop
  endfacet
  facet normal -0.703833 0.0693499 -0.706972
    outer loop
      vertex -17.846 2.34947 0.599991
      vertex -17.3627 1.13801 0
      vertex -17.9615 1.17726 0.599991
    endloop
  endfacet
  facet normal -0.703866 0.0693219 -0.706942
    outer loop
      vertex -17.2511 2.27115 0
      vertex -17.3627 1.13801 0
      vertex -17.846 2.34947 0.599991
    endloop
  endfacet
  facet normal -0.98664 0.162917 0
    outer loop
      vertex -17.846 2.34947 0.599991
      vertex -17.6541 3.51163 3
      vertex -17.6541 3.51163 0.599991
    endloop
  endfacet
  facet normal -0.98664 0.162917 0
    outer loop
      vertex -17.6541 3.51163 3
      vertex -17.846 2.34947 0.599991
      vertex -17.846 2.34947 3
    endloop
  endfacet
  facet normal -0.44143 0.0728766 0.894331
    outer loop
      vertex -8.923 1.17474 7.5
      vertex -8.82707 1.75581 7.5
      vertex -17.846 2.34947 3
    endloop
  endfacet
  facet normal -0.441429 0.0728903 0.894331
    outer loop
      vertex -8.82707 1.75581 7.5
      vertex -17.6541 3.51163 3
      vertex -17.846 2.34947 3
    endloop
  endfacet
  facet normal -0.986645 0.162887 0
    outer loop
      vertex -8.923 1.17474 7.5
      vertex -8.82707 1.75581 8.44436
      vertex -8.82707 1.75581 7.5
    endloop
  endfacet
  facet normal -0.986645 0.162887 0
    outer loop
      vertex -8.82707 1.75581 8.44436
      vertex -8.923 1.17474 7.5
      vertex -8.923 1.17474 8.44436
    endloop
  endfacet
  facet normal -0.69786 0.115163 -0.706915
    outer loop
      vertex -9.44631 1.24363 11.0278
      vertex -16.3588 2.15368 18
      vertex -16.183 3.21899 18
    endloop
  endfacet
  facet normal -0.697843 0.115237 -0.70692
    outer loop
      vertex -9.43393 1.3186 11.0278
      vertex -9.44631 1.24363 11.0278
      vertex -16.183 3.21899 18
    endloop
  endfacet
  facet normal -0.697847 0.11522 -0.706919
    outer loop
      vertex -16.183 3.21899 18
      vertex -9.38292 1.62755 11.0278
      vertex -9.43393 1.3186 11.0278
    endloop
  endfacet
  facet normal -0.697846 0.115226 -0.706919
    outer loop
      vertex -9.38292 1.62755 11.0278
      vertex -16.183 3.21899 18
      vertex -9.34474 1.85878 11.0278
    endloop
  endfacet
  facet normal -0.986656 0.16282 0
    outer loop
      vertex -16.3588 2.15368 18
      vertex -16.183 3.21899 20
      vertex -16.183 3.21899 18
    endloop
  endfacet
  facet normal -0.986656 0.16282 0
    outer loop
      vertex -16.183 3.21899 20
      vertex -16.3588 2.15368 18
      vertex -16.3588 2.15368 20
    endloop
  endfacet
  facet normal -0.697822 0.115227 -0.706942
    outer loop
      vertex -17.6541 3.51163 0.599991
      vertex -17.2511 2.27115 0
      vertex -17.846 2.34947 0.599991
    endloop
  endfacet
  facet normal -0.697893 0.115174 -0.706881
    outer loop
      vertex -17.0657 3.39457 0
      vertex -17.2511 2.27115 0
      vertex -17.6541 3.51163 0.599991
    endloop
  endfacet
  facet normal -0.97389 0.227021 0
    outer loop
      vertex -17.6541 3.51163 0.599991
      vertex -17.3867 4.65874 3
      vertex -17.3867 4.65874 0.599991
    endloop
  endfacet
  facet normal -0.97389 0.227021 0
    outer loop
      vertex -17.3867 4.65874 3
      vertex -17.6541 3.51163 0.599991
      vertex -17.6541 3.51163 3
    endloop
  endfacet
  facet normal -0.435718 0.101599 0.894331
    outer loop
      vertex -8.82707 1.75581 7.5
      vertex -8.69333 2.32937 7.5
      vertex -17.6541 3.51163 3
    endloop
  endfacet
  facet normal -0.435723 0.10157 0.894332
    outer loop
      vertex -8.69333 2.32937 7.5
      vertex -17.3867 4.65874 3
      vertex -17.6541 3.51163 3
    endloop
  endfacet
  facet normal -0.973875 0.227084 0
    outer loop
      vertex -8.82707 1.75581 7.5
      vertex -8.69333 2.32937 8.44436
      vertex -8.69333 2.32937 7.5
    endloop
  endfacet
  facet normal -0.973875 0.227084 0
    outer loop
      vertex -8.69333 2.32937 8.44436
      vertex -8.82707 1.75581 7.5
      vertex -8.82707 1.75581 8.44436
    endloop
  endfacet
  facet normal -0.688831 0.16055 -0.70692
    outer loop
      vertex -16.183 3.21899 18
      vertex -9.32749 1.93279 11.0278
      vertex -9.34474 1.85878 11.0278
    endloop
  endfacet
  facet normal -0.688816 0.160622 -0.706918
    outer loop
      vertex -9.32749 1.93279 11.0278
      vertex -16.183 3.21899 18
      vertex -15.9378 4.27051 18
    endloop
  endfacet
  facet normal -0.688816 0.160622 -0.706918
    outer loop
      vertex -15.9378 4.27051 18
      vertex -9.25638 2.23774 11.0278
      vertex -9.32749 1.93279 11.0278
    endloop
  endfacet
  facet normal -0.688818 0.160615 -0.706918
    outer loop
      vertex -9.25638 2.23774 11.0278
      vertex -15.9378 4.27051 18
      vertex -9.20316 2.46598 11.0278
    endloop
  endfacet
  facet normal -0.973873 0.227094 0
    outer loop
      vertex -16.183 3.21899 18
      vertex -15.9378 4.27051 20
      vertex -15.9378 4.27051 18
    endloop
  endfacet
  facet normal -0.973873 0.227094 0
    outer loop
      vertex -15.9378 4.27051 20
      vertex -16.183 3.21899 18
      vertex -16.183 3.21899 20
    endloop
  endfacet
  facet normal -0.688862 0.160579 -0.706883
    outer loop
      vertex -17.3867 4.65874 0.599991
      vertex -17.0657 3.39457 0
      vertex -17.6541 3.51163 0.599991
    endloop
  endfacet
  facet normal -0.688783 0.16063 -0.706949
    outer loop
      vertex -16.8071 4.50345 0
      vertex -17.0657 3.39457 0
      vertex -17.3867 4.65874 0.599991
    endloop
  endfacet
  facet normal -0.956922 0.290344 0
    outer loop
      vertex -17.3867 4.65874 0.599991
      vertex -17.0447 5.78591 3
      vertex -17.0447 5.78591 0.599991
    endloop
  endfacet
  facet normal -0.956922 0.290344 0
    outer loop
      vertex -17.0447 5.78591 3
      vertex -17.3867 4.65874 0.599991
      vertex -17.3867 4.65874 3
    endloop
  endfacet
  facet normal -0.428139 0.129874 0.894332
    outer loop
      vertex -8.69333 2.32937 7.5
      vertex -8.52237 2.89295 7.5
      vertex -17.3867 4.65874 3
    endloop
  endfacet
  facet normal -0.428133 0.129902 0.894331
    outer loop
      vertex -8.52237 2.89295 7.5
      vertex -17.0447 5.78591 3
      vertex -17.3867 4.65874 3
    endloop
  endfacet
  facet normal -0.95694 0.290284 0
    outer loop
      vertex -8.69333 2.32937 7.5
      vertex -8.52237 2.89295 8.44436
      vertex -8.52237 2.89295 7.5
    endloop
  endfacet
  facet normal -0.95694 0.290284 0
    outer loop
      vertex -8.52237 2.89295 8.44436
      vertex -8.69333 2.32937 7.5
      vertex -8.69333 2.32937 8.44436
    endloop
  endfacet
  facet normal -0.676855 0.205263 -0.706919
    outer loop
      vertex -15.9378 4.27051 18
      vertex -9.18111 2.53869 11.0278
      vertex -9.20316 2.46598 11.0278
    endloop
  endfacet
  facet normal -0.676828 0.205359 -0.706917
    outer loop
      vertex -9.18111 2.53869 11.0278
      vertex -15.9378 4.27051 18
      vertex -15.6243 5.30375 18
    endloop
  endfacet
  facet normal -0.676842 0.205323 -0.706914
    outer loop
      vertex -15.6243 5.30375 18
      vertex -9.09021 2.83834 11.0278
      vertex -9.18111 2.53869 11.0278
    endloop
  endfacet
  facet normal -0.676847 0.205306 -0.706914
    outer loop
      vertex -9.09021 2.83834 11.0278
      vertex -15.6243 5.30375 18
      vertex -9.02218 3.06262 11.0278
    endloop
  endfacet
  facet normal -0.956922 0.290344 0
    outer loop
      vertex -15.9378 4.27051 18
      vertex -15.6243 5.30375 20
      vertex -15.6243 5.30375 18
    endloop
  endfacet
  facet normal -0.956922 0.290344 0
    outer loop
      vertex -15.6243 5.30375 20
      vertex -15.9378 4.27051 18
      vertex -15.9378 4.27051 20
    endloop
  endfacet
  facet normal -0.676799 0.205351 -0.706947
    outer loop
      vertex -17.0447 5.78591 0.599991
      vertex -16.8071 4.50345 0
      vertex -17.3867 4.65874 0.599991
    endloop
  endfacet
  facet normal -0.67687 0.205312 -0.706891
    outer loop
      vertex -16.4766 5.59304 0
      vertex -16.8071 4.50345 0
      vertex -17.0447 5.78591 0.599991
    endloop
  endfacet
  facet normal -0.935909 0.352242 0
    outer loop
      vertex -17.0447 5.78591 0.599991
      vertex -16.6298 6.8883 3
      vertex -16.6298 6.8883 0.599991
    endloop
  endfacet
  facet normal -0.935909 0.352242 0
    outer loop
      vertex -16.6298 6.8883 3
      vertex -17.0447 5.78591 0.599991
      vertex -17.0447 5.78591 3
    endloop
  endfacet
  facet normal -0.418732 0.157594 0.894331
    outer loop
      vertex -8.52237 2.89295 7.5
      vertex -8.31492 3.44415 7.5
      vertex -17.0447 5.78591 3
    endloop
  endfacet
  facet normal -0.418732 0.157596 0.894331
    outer loop
      vertex -8.31492 3.44415 7.5
      vertex -16.6298 6.8883 3
      vertex -17.0447 5.78591 3
    endloop
  endfacet
  facet normal -0.93591 0.35224 0
    outer loop
      vertex -8.52237 2.89295 7.5
      vertex -8.31492 3.44415 8.44436
      vertex -8.31492 3.44415 7.5
    endloop
  endfacet
  facet normal -0.93591 0.35224 0
    outer loop
      vertex -8.31492 3.44415 8.44436
      vertex -8.52237 2.89295 7.5
      vertex -8.52237 2.89295 8.44436
    endloop
  endfacet
  facet normal -0.661948 0.249196 -0.706913
    outer loop
      vertex -15.6243 5.30375 18
      vertex -8.99541 3.13373 11.0278
      vertex -9.02218 3.06262 11.0278
    endloop
  endfacet
  facet normal -0.661973 0.249125 -0.706915
    outer loop
      vertex -8.99541 3.13373 11.0278
      vertex -15.6243 5.30375 18
      vertex -15.244 6.31428 18
    endloop
  endfacet
  facet normal -0.661972 0.249126 -0.706915
    outer loop
      vertex -8.88511 3.42679 11.0278
      vertex -15.244 6.31428 18
      vertex -8.80256 3.64614 11.0278
    endloop
  endfacet
  facet normal -0.661964 0.249146 -0.706916
    outer loop
      vertex -15.244 6.31428 18
      vertex -8.88511 3.42679 11.0278
      vertex -8.99541 3.13373 11.0278
    endloop
  endfacet
  facet normal -0.935917 0.35222 0
    outer loop
      vertex -15.6243 5.30375 18
      vertex -15.244 6.31428 20
      vertex -15.244 6.31428 18
    endloop
  endfacet
  facet normal -0.935917 0.35222 0
    outer loop
      vertex -15.244 6.31428 20
      vertex -15.6243 5.30375 18
      vertex -15.6243 5.30375 20
    endloop
  endfacet
  facet normal -0.661988 0.249149 -0.706892
    outer loop
      vertex -16.6298 6.8883 0.599991
      vertex -16.4766 5.59304 0
      vertex -17.0447 5.78591 0.599991
    endloop
  endfacet
  facet normal -0.661968 0.249158 -0.706908
    outer loop
      vertex -16.0755 6.65869 0
      vertex -16.4766 5.59304 0
      vertex -16.6298 6.8883 0.599991
    endloop
  endfacet
  facet normal -0.910872 0.41269 0
    outer loop
      vertex -16.6298 6.8883 0.599991
      vertex -16.1437 7.9612 3
      vertex -16.1437 7.9612 0.599991
    endloop
  endfacet
  facet normal -0.910872 0.41269 0
    outer loop
      vertex -16.1437 7.9612 3
      vertex -16.6298 6.8883 0.599991
      vertex -16.6298 6.8883 3
    endloop
  endfacet
  facet normal -0.407523 0.184652 0.894331
    outer loop
      vertex -16.1437 7.9612 3
      vertex -8.31492 3.44415 7.5
      vertex -8.07185 3.9806 7.5
    endloop
  endfacet
  facet normal -0.40753 0.18464 0.894331
    outer loop
      vertex -8.31492 3.44415 7.5
      vertex -16.1437 7.9612 3
      vertex -16.6298 6.8883 3
    endloop
  endfacet
  facet normal -0.910859 0.412718 0
    outer loop
      vertex -8.31492 3.44415 7.5
      vertex -8.07185 3.9806 8.44436
      vertex -8.07185 3.9806 7.5
    endloop
  endfacet
  facet normal -0.910859 0.412718 0
    outer loop
      vertex -8.07185 3.9806 8.44436
      vertex -8.31492 3.44415 7.5
      vertex -8.31492 3.44415 8.44436
    endloop
  endfacet
  facet normal -0.644245 0.291922 -0.706916
    outer loop
      vertex -15.244 6.31428 18
      vertex -8.64196 4.00057 11.0278
      vertex -8.80256 3.64614 11.0278
    endloop
  endfacet
  facet normal -0.644259 0.29189 -0.706916
    outer loop
      vertex -8.64196 4.00057 11.0278
      vertex -14.7984 7.29776 18
      vertex -8.54524 4.21405 11.0278
    endloop
  endfacet
  facet normal -0.644254 0.291902 -0.706916
    outer loop
      vertex -8.64196 4.00057 11.0278
      vertex -15.244 6.31428 18
      vertex -14.7984 7.29776 18
    endloop
  endfacet
  facet normal -0.910867 0.4127 0
    outer loop
      vertex -15.244 6.31428 18
      vertex -14.7984 7.29776 20
      vertex -14.7984 7.29776 18
    endloop
  endfacet
  facet normal -0.910867 0.4127 0
    outer loop
      vertex -14.7984 7.29776 20
      vertex -15.244 6.31428 18
      vertex -15.244 6.31428 20
    endloop
  endfacet
  facet normal -0.644265 0.291898 -0.706908
    outer loop
      vertex -16.1437 7.9612 0.599991
      vertex -16.0755 6.65869 0
      vertex -16.6298 6.8883 0.599991
    endloop
  endfacet
  facet normal -0.64426 0.291899 -0.706912
    outer loop
      vertex -15.6056 7.69582 0
      vertex -16.0755 6.65869 0
      vertex -16.1437 7.9612 0.599991
    endloop
  endfacet
  facet normal -0.881939 0.471364 0
    outer loop
      vertex -16.1437 7.9612 0.599991
      vertex -15.5885 9 3
      vertex -15.5885 9 0.599991
    endloop
  endfacet
  facet normal -0.881939 0.471364 0
    outer loop
      vertex -15.5885 9 3
      vertex -16.1437 7.9612 0.599991
      vertex -16.1437 7.9612 3
    endloop
  endfacet
  facet normal -0.394578 0.210902 0.894331
    outer loop
      vertex -8.07185 3.9806 7.5
      vertex -7.79423 4.5 7.5
      vertex -16.1437 7.9612 3
    endloop
  endfacet
  facet normal -0.394583 0.21089 0.894332
    outer loop
      vertex -7.79423 4.5 7.5
      vertex -15.5885 9 3
      vertex -16.1437 7.9612 3
    endloop
  endfacet
  facet normal -0.881925 0.47139 0
    outer loop
      vertex -8.07185 3.9806 7.5
      vertex -7.79423 4.5 8.44436
      vertex -7.79423 4.5 7.5
    endloop
  endfacet
  facet normal -0.881925 0.47139 0
    outer loop
      vertex -7.79423 4.5 8.44436
      vertex -8.07185 3.9806 7.5
      vertex -8.07185 3.9806 8.44436
    endloop
  endfacet
  facet normal -0.623771 0.333435 -0.706916
    outer loop
      vertex -14.7984 7.29776 18
      vertex -8.50942 4.28106 11.0278
      vertex -8.54524 4.21405 11.0278
    endloop
  endfacet
  facet normal -0.623776 0.333426 -0.706916
    outer loop
      vertex -8.50942 4.28106 11.0278
      vertex -14.7984 7.29776 18
      vertex -14.2894 8.25 18
    endloop
  endfacet
  facet normal -0.623779 0.333422 -0.706916
    outer loop
      vertex -8.36181 4.55722 11.0278
      vertex -14.2894 8.25 18
      vertex -8.25133 4.76391 11.0278
    endloop
  endfacet
  facet normal -0.623782 0.333417 -0.706916
    outer loop
      vertex -14.2894 8.25 18
      vertex -8.36181 4.55722 11.0278
      vertex -8.50942 4.28106 11.0278
    endloop
  endfacet
  facet normal -0.881915 0.471409 0
    outer loop
      vertex -14.7984 7.29776 18
      vertex -14.2894 8.25 20
      vertex -14.2894 8.25 18
    endloop
  endfacet
  facet normal -0.881915 0.471409 0
    outer loop
      vertex -14.2894 8.25 20
      vertex -14.7984 7.29776 18
      vertex -14.7984 7.29776 20
    endloop
  endfacet
  facet normal -0.623796 0.333396 -0.706913
    outer loop
      vertex -15.5885 9 0.599991
      vertex -15.6056 7.69582 0
      vertex -16.1437 7.9612 0.599991
    endloop
  endfacet
  facet normal -0.623721 0.33342 -0.706967
    outer loop
      vertex -15.5885 9 0.599991
      vertex -15.0688 8.7 0
      vertex -15.6056 7.69582 0
    endloop
  endfacet
  facet normal -0.849212 0.528052 0
    outer loop
      vertex -15.5885 9 0.599991
      vertex -14.9665 10.0003 3
      vertex -14.9665 10.0003 0.599991
    endloop
  endfacet
  facet normal -0.849212 0.528052 0
    outer loop
      vertex -14.9665 10.0003 3
      vertex -15.5885 9 0.599991
      vertex -15.5885 9 3
    endloop
  endfacet
  facet normal -0.379937 0.236259 0.894332
    outer loop
      vertex -7.79423 4.5 7.5
      vertex -7.48323 5.00013 7.5
      vertex -15.5885 9 3
    endloop
  endfacet
  facet normal -0.37994 0.236252 0.894332
    outer loop
      vertex -7.48323 5.00013 7.5
      vertex -14.9665 10.0003 3
      vertex -15.5885 9 3
    endloop
  endfacet
  facet normal -0.849203 0.528067 0
    outer loop
      vertex -7.79423 4.5 7.5
      vertex -7.48323 5.00013 8.44436
      vertex -7.48323 5.00013 7.5
    endloop
  endfacet
  facet normal -0.849203 0.528067 0
    outer loop
      vertex -7.48323 5.00013 8.44436
      vertex -7.79423 4.5 7.5
      vertex -7.79423 4.5 8.44436
    endloop
  endfacet
  facet normal -0.600669 0.373451 -0.706917
    outer loop
      vertex -14.2894 8.25 18
      vertex -8.21121 4.82844 11.0278
      vertex -8.25133 4.76391 11.0278
    endloop
  endfacet
  facet normal -0.600631 0.373515 -0.706915
    outer loop
      vertex -8.21121 4.82844 11.0278
      vertex -14.2894 8.25 18
      vertex -13.7192 9.16691 18
    endloop
  endfacet
  facet normal -0.600633 0.373512 -0.706915
    outer loop
      vertex -13.7192 9.16691 18
      vertex -8.04585 5.09435 11.0278
      vertex -8.21121 4.82844 11.0278
    endloop
  endfacet
  facet normal -0.600638 0.373505 -0.706915
    outer loop
      vertex -8.04585 5.09435 11.0278
      vertex -13.7192 9.16691 18
      vertex -7.92209 5.29337 11.0278
    endloop
  endfacet
  facet normal -0.84919 0.528087 0
    outer loop
      vertex -14.2894 8.25 18
      vertex -13.7192 9.16691 20
      vertex -13.7192 9.16691 18
    endloop
  endfacet
  facet normal -0.84919 0.528087 0
    outer loop
      vertex -13.7192 9.16691 20
      vertex -14.2894 8.25 18
      vertex -14.2894 8.25 20
    endloop
  endfacet
  facet normal -0.600604 0.373464 -0.706965
    outer loop
      vertex -14.9665 10.0003 0.599991
      vertex -15.0688 8.7 0
      vertex -15.5885 9 0.599991
    endloop
  endfacet
  facet normal -0.600635 0.373456 -0.706943
    outer loop
      vertex -14.9665 10.0003 0.599991
      vertex -14.4676 9.66692 0
      vertex -15.0688 8.7 0
    endloop
  endfacet
  facet normal -0.812832 0.582498 0
    outer loop
      vertex -14.9665 10.0003 0.599991
      vertex -14.2804 10.9577 3
      vertex -14.2804 10.9577 0.599991
    endloop
  endfacet
  facet normal -0.812832 0.582498 0
    outer loop
      vertex -14.2804 10.9577 3
      vertex -14.9665 10.0003 0.599991
      vertex -14.9665 10.0003 3
    endloop
  endfacet
  facet normal -0.363669 0.260604 0.894332
    outer loop
      vertex -7.48323 5.00013 7.5
      vertex -7.14018 5.47885 7.5
      vertex -14.9665 10.0003 3
    endloop
  endfacet
  facet normal -0.363664 0.260612 0.894332
    outer loop
      vertex -7.14018 5.47885 7.5
      vertex -14.2804 10.9577 3
      vertex -14.9665 10.0003 3
    endloop
  endfacet
  facet normal -0.812843 0.582482 0
    outer loop
      vertex -7.48323 5.00013 7.5
      vertex -7.14018 5.47885 8.44436
      vertex -7.14018 5.47885 7.5
    endloop
  endfacet
  facet normal -0.812843 0.582482 0
    outer loop
      vertex -7.14018 5.47885 8.44436
      vertex -7.48323 5.00013 7.5
      vertex -7.48323 5.00013 8.44436
    endloop
  endfacet
  facet normal -0.574942 0.411962 -0.706915
    outer loop
      vertex -13.7192 9.16691 18
      vertex -7.87783 5.35514 11.0278
      vertex -7.92209 5.29337 11.0278
    endloop
  endfacet
  facet normal -0.574939 0.411967 -0.706915
    outer loop
      vertex -7.87783 5.35514 11.0278
      vertex -13.7192 9.16691 18
      vertex -13.0903 10.0446 18
    endloop
  endfacet
  facet normal -0.574935 0.41197 -0.706916
    outer loop
      vertex -7.69544 5.60966 11.0278
      vertex -13.0903 10.0446 18
      vertex -7.55893 5.80017 11.0278
    endloop
  endfacet
  facet normal -0.57492 0.41199 -0.706917
    outer loop
      vertex -13.0903 10.0446 18
      vertex -7.69544 5.60966 11.0278
      vertex -7.87783 5.35514 11.0278
    endloop
  endfacet
  facet normal -0.812866 0.582451 0
    outer loop
      vertex -13.7192 9.16691 18
      vertex -13.0903 10.0446 20
      vertex -13.0903 10.0446 18
    endloop
  endfacet
  facet normal -0.812866 0.582451 0
    outer loop
      vertex -13.0903 10.0446 20
      vertex -13.7192 9.16691 18
      vertex -13.7192 9.16691 20
    endloop
  endfacet
  facet normal -0.574891 0.411983 -0.706944
    outer loop
      vertex -14.2804 10.9577 0.599991
      vertex -14.4676 9.66692 0
      vertex -14.9665 10.0003 0.599991
    endloop
  endfacet
  facet normal -0.574839 0.411993 -0.706981
    outer loop
      vertex -14.2804 10.9577 0.599991
      vertex -13.8043 10.5924 0
      vertex -14.4676 9.66692 0
    endloop
  endfacet
  facet normal -0.77298 0.63443 0
    outer loop
      vertex -14.2804 10.9577 0.599991
      vertex -13.5331 11.8682 3
      vertex -13.5331 11.8682 0.599991
    endloop
  endfacet
  facet normal -0.77298 0.63443 0
    outer loop
      vertex -13.5331 11.8682 3
      vertex -14.2804 10.9577 0.599991
      vertex -14.2804 10.9577 3
    endloop
  endfacet
  facet normal -0.345849 0.283829 0.894332
    outer loop
      vertex -7.14018 5.47885 7.5
      vertex -6.76656 5.93411 7.5
      vertex -14.2804 10.9577 3
    endloop
  endfacet
  facet normal -0.345836 0.283848 0.894331
    outer loop
      vertex -6.76656 5.93411 7.5
      vertex -13.5331 11.8682 3
      vertex -14.2804 10.9577 3
    endloop
  endfacet
  facet normal -0.773012 0.634391 0
    outer loop
      vertex -7.14018 5.47885 7.5
      vertex -6.76656 5.93411 8.44436
      vertex -6.76656 5.93411 7.5
    endloop
  endfacet
  facet normal -0.773012 0.634391 0
    outer loop
      vertex -6.76656 5.93411 8.44436
      vertex -7.14018 5.47885 7.5
      vertex -7.14018 5.47885 8.44436
    endloop
  endfacet
  facet normal -0.546733 0.448723 -0.706916
    outer loop
      vertex -13.0903 10.0446 18
      vertex -7.51072 5.85891 11.0278
      vertex -7.55893 5.80017 11.0278
    endloop
  endfacet
  facet normal -0.54676 0.448689 -0.706917
    outer loop
      vertex -7.51072 5.85891 11.0278
      vertex -13.0903 10.0446 18
      vertex -12.4054 10.8792 18
    endloop
  endfacet
  facet normal -0.546741 0.44871 -0.706918
    outer loop
      vertex -12.4054 10.8792 18
      vertex -7.31207 6.10096 11.0278
      vertex -7.51072 5.85891 11.0278
    endloop
  endfacet
  facet normal -0.54675 0.448699 -0.706918
    outer loop
      vertex -7.31207 6.10096 11.0278
      vertex -12.4054 10.8792 18
      vertex -7.16339 6.28213 11.0278
    endloop
  endfacet
  facet normal -0.773028 0.634372 0
    outer loop
      vertex -13.0903 10.0446 18
      vertex -12.4054 10.8792 20
      vertex -12.4054 10.8792 18
    endloop
  endfacet
  facet normal -0.773028 0.634372 0
    outer loop
      vertex -12.4054 10.8792 20
      vertex -13.0903 10.0446 18
      vertex -13.0903 10.0446 20
    endloop
  endfacet
  facet normal -0.546679 0.448691 -0.706978
    outer loop
      vertex -13.5331 11.8682 0.599991
      vertex -13.8043 10.5924 0
      vertex -14.2804 10.9577 0.599991
    endloop
  endfacet
  facet normal -0.546766 0.448681 -0.706918
    outer loop
      vertex -13.5331 11.8682 0.599991
      vertex -13.082 11.4726 0
      vertex -13.8043 10.5924 0
    endloop
  endfacet
  facet normal -0.729863 0.683594 0
    outer loop
      vertex -13.5331 11.8682 0.599991
      vertex -12.7279 12.7279 3
      vertex -12.7279 12.7279 0.599991
    endloop
  endfacet
  facet normal -0.729863 0.683594 0
    outer loop
      vertex -12.7279 12.7279 3
      vertex -13.5331 11.8682 0.599991
      vertex -13.5331 11.8682 3
    endloop
  endfacet
  facet normal -0.326545 0.305844 0.894331
    outer loop
      vertex -12.7279 12.7279 3
      vertex -6.76656 5.93411 7.5
      vertex -6.36396 6.36396 7.5
    endloop
  endfacet
  facet normal -0.326545 0.305844 0.894331
    outer loop
      vertex -6.76656 5.93411 7.5
      vertex -12.7279 12.7279 3
      vertex -13.5331 11.8682 3
    endloop
  endfacet
  facet normal -0.729863 0.683594 0
    outer loop
      vertex -6.76656 5.93411 7.5
      vertex -6.36396 6.36396 8.44436
      vertex -6.36396 6.36396 7.5
    endloop
  endfacet
  facet normal -0.729863 0.683594 0
    outer loop
      vertex -6.36396 6.36396 8.44436
      vertex -6.76656 5.93411 7.5
      vertex -6.76656 5.93411 8.44436
    endloop
  endfacet
  facet normal -0.516248 0.483482 -0.706918
    outer loop
      vertex -12.4054 10.8792 18
      vertex -7.11145 6.33759 11.0278
      vertex -7.16339 6.28213 11.0278
    endloop
  endfacet
  facet normal -0.516241 0.483489 -0.706918
    outer loop
      vertex -7.11145 6.33759 11.0278
      vertex -12.4054 10.8792 18
      vertex -11.6673 11.6673 18
    endloop
  endfacet
  facet normal -0.516222 0.483507 -0.70692
    outer loop
      vertex -6.89739 6.56613 11.0278
      vertex -11.6673 11.6673 18
      vertex -6.73718 6.73718 11.0278
    endloop
  endfacet
  facet normal -0.516218 0.483511 -0.70692
    outer loop
      vertex -11.6673 11.6673 18
      vertex -6.89739 6.56613 11.0278
      vertex -7.11145 6.33759 11.0278
    endloop
  endfacet
  facet normal -0.729881 0.683574 0
    outer loop
      vertex -12.4054 10.8792 18
      vertex -11.6673 11.6673 20
      vertex -11.6673 11.6673 18
    endloop
  endfacet
  facet normal -0.729881 0.683574 0
    outer loop
      vertex -11.6673 11.6673 20
      vertex -12.4054 10.8792 18
      vertex -12.4054 10.8792 20
    endloop
  endfacet
  facet normal -0.516229 0.483503 -0.706918
    outer loop
      vertex -12.7279 12.7279 0.599991
      vertex -13.082 11.4726 0
      vertex -13.5331 11.8682 0.599991
    endloop
  endfacet
  facet normal -0.5163 0.483499 -0.706868
    outer loop
      vertex -12.7279 12.7279 0.599991
      vertex -12.3037 12.3037 0
      vertex -13.082 11.4726 0
    endloop
  endfacet
  facet normal -0.683594 0.729863 0
    outer loop
      vertex -11.8682 13.5331 0.599991
      vertex -12.7279 12.7279 3
      vertex -11.8682 13.5331 3
    endloop
  endfacet
  facet normal -0.683594 0.729863 0
    outer loop
      vertex -12.7279 12.7279 3
      vertex -11.8682 13.5331 0.599991
      vertex -12.7279 12.7279 0.599991
    endloop
  endfacet
  facet normal -0.305844 0.326545 0.894331
    outer loop
      vertex -11.8682 13.5331 3
      vertex -6.36396 6.36396 7.5
      vertex -5.93411 6.76656 7.5
    endloop
  endfacet
  facet normal -0.305844 0.326545 0.894331
    outer loop
      vertex -6.36396 6.36396 7.5
      vertex -11.8682 13.5331 3
      vertex -12.7279 12.7279 3
    endloop
  endfacet
  facet normal -0.683594 0.729863 0
    outer loop
      vertex -5.93411 6.76656 7.5
      vertex -6.36396 6.36396 8.44436
      vertex -5.93411 6.76656 8.44436
    endloop
  endfacet
  facet normal -0.683594 0.729863 0
    outer loop
      vertex -6.36396 6.36396 8.44436
      vertex -5.93411 6.76656 7.5
      vertex -6.36396 6.36396 7.5
    endloop
  endfacet
  facet normal -0.48353 0.5162 -0.70692
    outer loop
      vertex -11.6673 11.6673 18
      vertex -6.68172 6.78913 11.0278
      vertex -6.73718 6.73718 11.0278
    endloop
  endfacet
  facet normal -0.483488 0.516241 -0.706919
    outer loop
      vertex -6.68172 6.78913 11.0278
      vertex -11.6673 11.6673 18
      vertex -10.8792 12.4054 18
    endloop
  endfacet
  facet normal -0.483509 0.516223 -0.706918
    outer loop
      vertex -6.45318 7.00318 11.0278
      vertex -10.8792 12.4054 18
      vertex -6.28213 7.16339 11.0278
    endloop
  endfacet
  facet normal -0.4835 0.516231 -0.706918
    outer loop
      vertex -10.8792 12.4054 18
      vertex -6.45318 7.00318 11.0278
      vertex -6.68172 6.78913 11.0278
    endloop
  endfacet
  facet normal -0.683574 0.729881 0
    outer loop
      vertex -10.8792 12.4054 18
      vertex -11.6673 11.6673 20
      vertex -10.8792 12.4054 20
    endloop
  endfacet
  facet normal -0.683574 0.729881 0
    outer loop
      vertex -11.6673 11.6673 20
      vertex -10.8792 12.4054 18
      vertex -11.6673 11.6673 18
    endloop
  endfacet
  facet normal -0.483536 0.516264 -0.706869
    outer loop
      vertex -11.8682 13.5331 0.599991
      vertex -12.3037 12.3037 0
      vertex -12.7279 12.7279 0.599991
    endloop
  endfacet
  facet normal -0.483465 0.516263 -0.706919
    outer loop
      vertex -11.8682 13.5331 0.599991
      vertex -11.4726 13.082 0
      vertex -12.3037 12.3037 0
    endloop
  endfacet
  facet normal -0.63443 0.77298 0
    outer loop
      vertex -10.9577 14.2804 0.599991
      vertex -11.8682 13.5331 3
      vertex -10.9577 14.2804 3
    endloop
  endfacet
  facet normal -0.63443 0.77298 0
    outer loop
      vertex -11.8682 13.5331 3
      vertex -10.9577 14.2804 0.599991
      vertex -11.8682 13.5331 0.599991
    endloop
  endfacet
  facet normal -0.283831 0.345851 0.894331
    outer loop
      vertex -5.93411 6.76656 7.5
      vertex -5.47885 7.14018 7.5
      vertex -11.8682 13.5331 3
    endloop
  endfacet
  facet normal -0.283847 0.345835 0.894332
    outer loop
      vertex -5.47885 7.14018 7.5
      vertex -10.9577 14.2804 3
      vertex -11.8682 13.5331 3
    endloop
  endfacet
  facet normal -0.634391 0.773012 0
    outer loop
      vertex -5.47885 7.14018 7.5
      vertex -5.93411 6.76656 8.44436
      vertex -5.47885 7.14018 8.44436
    endloop
  endfacet
  facet normal -0.634391 0.773012 0
    outer loop
      vertex -5.93411 6.76656 8.44436
      vertex -5.47885 7.14018 7.5
      vertex -5.93411 6.76656 7.5
    endloop
  endfacet
  facet normal -0.448722 0.546731 -0.706918
    outer loop
      vertex -10.8792 12.4054 18
      vertex -6.22339 7.2116 11.0278
      vertex -6.28213 7.16339 11.0278
    endloop
  endfacet
  facet normal -0.448689 0.54676 -0.706917
    outer loop
      vertex -6.22339 7.2116 11.0278
      vertex -10.8792 12.4054 18
      vertex -10.0446 13.0903 18
    endloop
  endfacet
  facet normal -0.448715 0.54674 -0.706916
    outer loop
      vertex -5.98133 7.41025 11.0278
      vertex -10.0446 13.0903 18
      vertex -5.80017 7.55893 11.0278
    endloop
  endfacet
  facet normal -0.4487 0.546752 -0.706917
    outer loop
      vertex -10.0446 13.0903 18
      vertex -5.98133 7.41025 11.0278
      vertex -6.22339 7.2116 11.0278
    endloop
  endfacet
  facet normal -0.634372 0.773028 0
    outer loop
      vertex -10.0446 13.0903 18
      vertex -10.8792 12.4054 20
      vertex -10.0446 13.0903 20
    endloop
  endfacet
  facet normal -0.634372 0.773028 0
    outer loop
      vertex -10.8792 12.4054 20
      vertex -10.0446 13.0903 18
      vertex -10.8792 12.4054 18
    endloop
  endfacet
  facet normal -0.448729 0.546725 -0.706919
    outer loop
      vertex -10.9577 14.2804 0.599991
      vertex -11.4726 13.082 0
      vertex -11.8682 13.5331 0.599991
    endloop
  endfacet
  facet normal -0.448642 0.546718 -0.706979
    outer loop
      vertex -10.9577 14.2804 0.599991
      vertex -10.5924 13.8043 0
      vertex -11.4726 13.082 0
    endloop
  endfacet
  facet normal -0.582498 0.812832 0
    outer loop
      vertex -10.0003 14.9665 0.599991
      vertex -10.9577 14.2804 3
      vertex -10.0003 14.9665 3
    endloop
  endfacet
  facet normal -0.582498 0.812832 0
    outer loop
      vertex -10.9577 14.2804 3
      vertex -10.0003 14.9665 0.599991
      vertex -10.9577 14.2804 0.599991
    endloop
  endfacet
  facet normal -0.260605 0.363669 0.894332
    outer loop
      vertex -5.47885 7.14018 7.5
      vertex -5.00013 7.48323 7.5
      vertex -10.9577 14.2804 3
    endloop
  endfacet
  facet normal -0.260612 0.363664 0.894332
    outer loop
      vertex -5.00013 7.48323 7.5
      vertex -10.0003 14.9665 3
      vertex -10.9577 14.2804 3
    endloop
  endfacet
  facet normal -0.582482 0.812843 0
    outer loop
      vertex -5.00013 7.48323 7.5
      vertex -5.47885 7.14018 8.44436
      vertex -5.00013 7.48323 8.44436
    endloop
  endfacet
  facet normal -0.582482 0.812843 0
    outer loop
      vertex -5.47885 7.14018 8.44436
      vertex -5.00013 7.48323 7.5
      vertex -5.47885 7.14018 7.5
    endloop
  endfacet
  facet normal -0.411962 0.574941 -0.706916
    outer loop
      vertex -10.0446 13.0903 18
      vertex -5.7384 7.60319 11.0278
      vertex -5.80017 7.55893 11.0278
    endloop
  endfacet
  facet normal -0.411966 0.574938 -0.706916
    outer loop
      vertex -5.7384 7.60319 11.0278
      vertex -10.0446 13.0903 18
      vertex -9.16691 13.7192 18
    endloop
  endfacet
  facet normal -0.41198 0.574929 -0.706915
    outer loop
      vertex -9.16691 13.7192 18
      vertex -5.48387 7.78558 11.0278
      vertex -5.7384 7.60319 11.0278
    endloop
  endfacet
  facet normal -0.411985 0.574926 -0.706915
    outer loop
      vertex -5.48387 7.78558 11.0278
      vertex -9.16691 13.7192 18
      vertex -5.29337 7.92209 11.0278
    endloop
  endfacet
  facet normal -0.582451 0.812866 0
    outer loop
      vertex -9.16691 13.7192 18
      vertex -10.0446 13.0903 20
      vertex -9.16691 13.7192 20
    endloop
  endfacet
  facet normal -0.582451 0.812866 0
    outer loop
      vertex -10.0446 13.0903 20
      vertex -9.16691 13.7192 18
      vertex -10.0446 13.0903 18
    endloop
  endfacet
  facet normal -0.411962 0.574862 -0.70698
    outer loop
      vertex -10.0003 14.9665 0.599991
      vertex -10.5924 13.8043 0
      vertex -10.9577 14.2804 0.599991
    endloop
  endfacet
  facet normal -0.412014 0.57487 -0.706944
    outer loop
      vertex -10.0003 14.9665 0.599991
      vertex -9.66692 14.4676 0
      vertex -10.5924 13.8043 0
    endloop
  endfacet
  facet normal -0.528052 0.849212 0
    outer loop
      vertex -9 15.5885 0.599991
      vertex -10.0003 14.9665 3
      vertex -9 15.5885 3
    endloop
  endfacet
  facet normal -0.528052 0.849212 0
    outer loop
      vertex -10.0003 14.9665 3
      vertex -9 15.5885 0.599991
      vertex -10.0003 14.9665 0.599991
    endloop
  endfacet
  facet normal -0.236259 0.379936 0.894332
    outer loop
      vertex -5.00013 7.48323 7.5
      vertex -4.5 7.79423 7.5
      vertex -10.0003 14.9665 3
    endloop
  endfacet
  facet normal -0.236252 0.379941 0.894332
    outer loop
      vertex -4.5 7.79423 7.5
      vertex -9 15.5885 3
      vertex -10.0003 14.9665 3
    endloop
  endfacet
  facet normal -0.528067 0.849203 0
    outer loop
      vertex -4.5 7.79423 7.5
      vertex -5.00013 7.48323 8.44436
      vertex -4.5 7.79423 8.44436
    endloop
  endfacet
  facet normal -0.528067 0.849203 0
    outer loop
      vertex -5.00013 7.48323 8.44436
      vertex -4.5 7.79423 7.5
      vertex -5.00013 7.48323 7.5
    endloop
  endfacet
  facet normal -0.37352 0.600628 -0.706915
    outer loop
      vertex -9.16691 13.7192 18
      vertex -5.22884 7.96222 11.0278
      vertex -5.29337 7.92209 11.0278
    endloop
  endfacet
  facet normal -0.373515 0.600631 -0.706915
    outer loop
      vertex -5.22884 7.96222 11.0278
      vertex -9.16691 13.7192 18
      vertex -8.25 14.2894 18
    endloop
  endfacet
  facet normal -0.373504 0.600637 -0.706916
    outer loop
      vertex -4.96293 8.12757 11.0278
      vertex -8.25 14.2894 18
      vertex -4.76391 8.25133 11.0278
    endloop
  endfacet
  facet normal -0.373495 0.600642 -0.706916
    outer loop
      vertex -8.25 14.2894 18
      vertex -4.96293 8.12757 11.0278
      vertex -5.22884 7.96222 11.0278
    endloop
  endfacet
  facet normal -0.528087 0.84919 0
    outer loop
      vertex -8.25 14.2894 18
      vertex -9.16691 13.7192 20
      vertex -8.25 14.2894 20
    endloop
  endfacet
  facet normal -0.528087 0.84919 0
    outer loop
      vertex -9.16691 13.7192 20
      vertex -8.25 14.2894 18
      vertex -9.16691 13.7192 18
    endloop
  endfacet
  facet normal -0.373475 0.600622 -0.706943
    outer loop
      vertex -9 15.5885 0.599991
      vertex -9.66692 14.4676 0
      vertex -10.0003 14.9665 0.599991
    endloop
  endfacet
  facet normal -0.373444 0.600616 -0.706966
    outer loop
      vertex -9 15.5885 0.599991
      vertex -8.7 15.0688 0
      vertex -9.66692 14.4676 0
    endloop
  endfacet
  facet normal -0.471364 0.881939 0
    outer loop
      vertex -7.9612 16.1437 0.599991
      vertex -9 15.5885 3
      vertex -7.9612 16.1437 3
    endloop
  endfacet
  facet normal -0.471364 0.881939 0
    outer loop
      vertex -9 15.5885 3
      vertex -7.9612 16.1437 0.599991
      vertex -9 15.5885 0.599991
    endloop
  endfacet
  facet normal -0.210902 0.394577 0.894332
    outer loop
      vertex -4.5 7.79423 7.5
      vertex -3.9806 8.07185 7.5
      vertex -9 15.5885 3
    endloop
  endfacet
  facet normal -0.21089 0.394584 0.894332
    outer loop
      vertex -3.9806 8.07185 7.5
      vertex -7.9612 16.1437 3
      vertex -9 15.5885 3
    endloop
  endfacet
  facet normal -0.47139 0.881925 0
    outer loop
      vertex -3.9806 8.07185 7.5
      vertex -4.5 7.79423 8.44436
      vertex -3.9806 8.07185 8.44436
    endloop
  endfacet
  facet normal -0.47139 0.881925 0
    outer loop
      vertex -4.5 7.79423 8.44436
      vertex -3.9806 8.07185 7.5
      vertex -4.5 7.79423 7.5
    endloop
  endfacet
  facet normal -0.333397 0.623793 -0.706915
    outer loop
      vertex -8.25 14.2894 18
      vertex -4.69689 8.28715 11.0278
      vertex -4.76391 8.25133 11.0278
    endloop
  endfacet
  facet normal -0.333426 0.623776 -0.706916
    outer loop
      vertex -4.69689 8.28715 11.0278
      vertex -8.25 14.2894 18
      vertex -7.29776 14.7984 18
    endloop
  endfacet
  facet normal -0.333422 0.623778 -0.706916
    outer loop
      vertex -4.42074 8.43476 11.0278
      vertex -7.29776 14.7984 18
      vertex -4.21405 8.54524 11.0278
    endloop
  endfacet
  facet normal -0.333426 0.623776 -0.706916
    outer loop
      vertex -7.29776 14.7984 18
      vertex -4.42074 8.43476 11.0278
      vertex -4.69689 8.28715 11.0278
    endloop
  endfacet
  facet normal -0.471409 0.881915 0
    outer loop
      vertex -7.29776 14.7984 18
      vertex -8.25 14.2894 20
      vertex -7.29776 14.7984 20
    endloop
  endfacet
  facet normal -0.471409 0.881915 0
    outer loop
      vertex -8.25 14.2894 20
      vertex -7.29776 14.7984 18
      vertex -8.25 14.2894 18
    endloop
  endfacet
  facet normal -0.333371 0.623749 -0.706966
    outer loop
      vertex -7.9612 16.1437 0.599991
      vertex -8.7 15.0688 0
      vertex -9 15.5885 0.599991
    endloop
  endfacet
  facet normal -0.333446 0.62377 -0.706912
    outer loop
      vertex -7.9612 16.1437 0.599991
      vertex -7.69582 15.6056 0
      vertex -8.7 15.0688 0
    endloop
  endfacet
  facet normal -0.41269 0.910872 0
    outer loop
      vertex -6.8883 16.6298 0.599991
      vertex -7.9612 16.1437 3
      vertex -6.8883 16.6298 3
    endloop
  endfacet
  facet normal -0.41269 0.910872 0
    outer loop
      vertex -7.9612 16.1437 3
      vertex -6.8883 16.6298 0.599991
      vertex -7.9612 16.1437 0.599991
    endloop
  endfacet
  facet normal -0.184653 0.407524 0.894331
    outer loop
      vertex -6.8883 16.6298 3
      vertex -3.9806 8.07185 7.5
      vertex -3.44415 8.31492 7.5
    endloop
  endfacet
  facet normal -0.18464 0.407529 0.894331
    outer loop
      vertex -3.9806 8.07185 7.5
      vertex -6.8883 16.6298 3
      vertex -7.9612 16.1437 3
    endloop
  endfacet
  facet normal -0.412718 0.910859 0
    outer loop
      vertex -3.44415 8.31492 7.5
      vertex -3.9806 8.07185 8.44436
      vertex -3.44415 8.31492 8.44436
    endloop
  endfacet
  facet normal -0.412718 0.910859 0
    outer loop
      vertex -3.9806 8.07185 8.44436
      vertex -3.44415 8.31492 7.5
      vertex -3.9806 8.07185 7.5
    endloop
  endfacet
  facet normal -0.291927 0.644243 -0.706915
    outer loop
      vertex -3.85961 8.70583 11.0278
      vertex -6.31428 15.244 18
      vertex -3.64614 8.80256 11.0278
    endloop
  endfacet
  facet normal -0.2919 0.644255 -0.706916
    outer loop
      vertex -7.29776 14.7984 18
      vertex -3.85961 8.70583 11.0278
      vertex -4.21405 8.54524 11.0278
    endloop
  endfacet
  facet normal -0.291902 0.644254 -0.706916
    outer loop
      vertex -3.85961 8.70583 11.0278
      vertex -7.29776 14.7984 18
      vertex -6.31428 15.244 18
    endloop
  endfacet
  facet normal -0.4127 0.910867 0
    outer loop
      vertex -6.31428 15.244 18
      vertex -7.29776 14.7984 20
      vertex -6.31428 15.244 20
    endloop
  endfacet
  facet normal -0.4127 0.910867 0
    outer loop
      vertex -7.29776 14.7984 20
      vertex -6.31428 15.244 18
      vertex -7.29776 14.7984 18
    endloop
  endfacet
  facet normal -0.291896 0.644261 -0.706911
    outer loop
      vertex -6.8883 16.6298 0.599991
      vertex -7.69582 15.6056 0
      vertex -7.9612 16.1437 0.599991
    endloop
  endfacet
  facet normal -0.291901 0.644263 -0.706908
    outer loop
      vertex -6.8883 16.6298 0.599991
      vertex -6.65869 16.0755 0
      vertex -7.69582 15.6056 0
    endloop
  endfacet
  facet normal -0.352242 0.935909 0
    outer loop
      vertex -5.78591 17.0447 0.599991
      vertex -6.8883 16.6298 3
      vertex -5.78591 17.0447 3
    endloop
  endfacet
  facet normal -0.352242 0.935909 0
    outer loop
      vertex -6.8883 16.6298 3
      vertex -5.78591 17.0447 0.599991
      vertex -6.8883 16.6298 0.599991
    endloop
  endfacet
  facet normal -0.157594 0.418732 0.894331
    outer loop
      vertex -3.44415 8.31492 7.5
      vertex -2.89295 8.52237 7.5
      vertex -6.8883 16.6298 3
    endloop
  endfacet
  facet normal -0.157596 0.418732 0.894331
    outer loop
      vertex -2.89295 8.52237 7.5
      vertex -5.78591 17.0447 3
      vertex -6.8883 16.6298 3
    endloop
  endfacet
  facet normal -0.35224 0.93591 0
    outer loop
      vertex -2.89295 8.52237 7.5
      vertex -3.44415 8.31492 8.44436
      vertex -2.89295 8.52237 8.44436
    endloop
  endfacet
  facet normal -0.35224 0.93591 0
    outer loop
      vertex -3.44415 8.31492 8.44436
      vertex -2.89295 8.52237 7.5
      vertex -3.44415 8.31492 7.5
    endloop
  endfacet
  facet normal -0.249083 0.661989 -0.706915
    outer loop
      vertex -6.31428 15.244 18
      vertex -3.57502 8.82932 11.0278
      vertex -3.64614 8.80256 11.0278
    endloop
  endfacet
  facet normal -0.249125 0.661972 -0.706916
    outer loop
      vertex -3.57502 8.82932 11.0278
      vertex -6.31428 15.244 18
      vertex -5.30375 15.6243 18
    endloop
  endfacet
  facet normal -0.249146 0.661965 -0.706914
    outer loop
      vertex -5.30375 15.6243 18
      vertex -3.28196 8.93962 11.0278
      vertex -3.57502 8.82932 11.0278
    endloop
  endfacet
  facet normal -0.249163 0.66196 -0.706914
    outer loop
      vertex -3.28196 8.93962 11.0278
      vertex -5.30375 15.6243 18
      vertex -3.06262 9.02218 11.0278
    endloop
  endfacet
  facet normal -0.35222 0.935917 0
    outer loop
      vertex -5.30375 15.6243 18
      vertex -6.31428 15.244 20
      vertex -5.30375 15.6243 20
    endloop
  endfacet
  facet normal -0.35222 0.935917 0
    outer loop
      vertex -6.31428 15.244 20
      vertex -5.30375 15.6243 18
      vertex -6.31428 15.244 18
    endloop
  endfacet
  facet normal -0.249143 0.661974 -0.706907
    outer loop
      vertex -5.78591 17.0447 0.599991
      vertex -6.65869 16.0755 0
      vertex -6.8883 16.6298 0.599991
    endloop
  endfacet
  facet normal -0.249164 0.661983 -0.706892
    outer loop
      vertex -5.78591 17.0447 0.599991
      vertex -5.59304 16.4766 0
      vertex -6.65869 16.0755 0
    endloop
  endfacet
  facet normal -0.290344 0.956922 0
    outer loop
      vertex -4.65874 17.3867 0.599991
      vertex -5.78591 17.0447 3
      vertex -4.65874 17.3867 3
    endloop
  endfacet
  facet normal -0.290344 0.956922 0
    outer loop
      vertex -5.78591 17.0447 3
      vertex -4.65874 17.3867 0.599991
      vertex -5.78591 17.0447 0.599991
    endloop
  endfacet
  facet normal -0.129875 0.428142 0.894331
    outer loop
      vertex -2.89295 8.52237 7.5
      vertex -2.32937 8.69333 7.5
      vertex -5.78591 17.0447 3
    endloop
  endfacet
  facet normal -0.129901 0.428131 0.894332
    outer loop
      vertex -2.32937 8.69333 7.5
      vertex -4.65874 17.3867 3
      vertex -5.78591 17.0447 3
    endloop
  endfacet
  facet normal -0.290284 0.95694 0
    outer loop
      vertex -2.32937 8.69333 7.5
      vertex -2.89295 8.52237 8.44436
      vertex -2.32937 8.69333 8.44436
    endloop
  endfacet
  facet normal -0.290284 0.95694 0
    outer loop
      vertex -2.89295 8.52237 8.44436
      vertex -2.32937 8.69333 7.5
      vertex -2.89295 8.52237 7.5
    endloop
  endfacet
  facet normal -0.205239 0.676869 -0.706913
    outer loop
      vertex -5.30375 15.6243 18
      vertex -2.9899 9.04423 11.0278
      vertex -3.06262 9.02218 11.0278
    endloop
  endfacet
  facet normal -0.20536 0.676829 -0.706915
    outer loop
      vertex -2.9899 9.04423 11.0278
      vertex -5.30375 15.6243 18
      vertex -4.27051 15.9378 18
    endloop
  endfacet
  facet normal -0.205313 0.676841 -0.706918
    outer loop
      vertex -2.69025 9.13513 11.0278
      vertex -4.27051 15.9378 18
      vertex -2.46598 9.20316 11.0278
    endloop
  endfacet
  facet normal -0.205322 0.676839 -0.706918
    outer loop
      vertex -4.27051 15.9378 18
      vertex -2.69025 9.13513 11.0278
      vertex -2.9899 9.04423 11.0278
    endloop
  endfacet
  facet normal -0.290344 0.956922 0
    outer loop
      vertex -4.27051 15.9378 18
      vertex -5.30375 15.6243 20
      vertex -4.27051 15.9378 20
    endloop
  endfacet
  facet normal -0.290344 0.956922 0
    outer loop
      vertex -5.30375 15.6243 20
      vertex -4.27051 15.9378 18
      vertex -5.30375 15.6243 18
    endloop
  endfacet
  facet normal -0.205367 0.676852 -0.706892
    outer loop
      vertex -4.65874 17.3867 0.599991
      vertex -5.59304 16.4766 0
      vertex -5.78591 17.0447 0.599991
    endloop
  endfacet
  facet normal -0.205295 0.676815 -0.706948
    outer loop
      vertex -4.65874 17.3867 0.599991
      vertex -4.50345 16.8071 0
      vertex -5.59304 16.4766 0
    endloop
  endfacet
  facet normal -0.227021 0.97389 0
    outer loop
      vertex -3.51163 17.6541 0.599991
      vertex -4.65874 17.3867 3
      vertex -3.51163 17.6541 3
    endloop
  endfacet
  facet normal -0.227021 0.97389 0
    outer loop
      vertex -4.65874 17.3867 3
      vertex -3.51163 17.6541 0.599991
      vertex -4.65874 17.3867 0.599991
    endloop
  endfacet
  facet normal -0.101598 0.435715 0.894332
    outer loop
      vertex -2.32937 8.69333 7.5
      vertex -1.75581 8.82707 7.5
      vertex -4.65874 17.3867 3
    endloop
  endfacet
  facet normal -0.101571 0.435724 0.894331
    outer loop
      vertex -1.75581 8.82707 7.5
      vertex -3.51163 17.6541 3
      vertex -4.65874 17.3867 3
    endloop
  endfacet
  facet normal -0.227084 0.973875 0
    outer loop
      vertex -1.75581 8.82707 7.5
      vertex -2.32937 8.69333 8.44436
      vertex -1.75581 8.82707 8.44436
    endloop
  endfacet
  facet normal -0.227084 0.973875 0
    outer loop
      vertex -2.32937 8.69333 8.44436
      vertex -1.75581 8.82707 7.5
      vertex -2.32937 8.69333 7.5
    endloop
  endfacet
  facet normal -0.160659 0.688807 -0.706919
    outer loop
      vertex -4.27051 15.9378 18
      vertex -2.39198 9.22042 11.0278
      vertex -2.46598 9.20316 11.0278
    endloop
  endfacet
  facet normal -0.160622 0.688816 -0.706918
    outer loop
      vertex -2.39198 9.22042 11.0278
      vertex -4.27051 15.9378 18
      vertex -3.21899 16.183 18
    endloop
  endfacet
  facet normal -0.1606 0.68882 -0.706919
    outer loop
      vertex -3.21899 16.183 18
      vertex -2.08703 9.29152 11.0278
      vertex -2.39198 9.22042 11.0278
    endloop
  endfacet
  facet normal -0.160609 0.688818 -0.706919
    outer loop
      vertex -2.08703 9.29152 11.0278
      vertex -3.21899 16.183 18
      vertex -1.85878 9.34474 11.0278
    endloop
  endfacet
  facet normal -0.227094 0.973873 0
    outer loop
      vertex -3.21899 16.183 18
      vertex -4.27051 15.9378 20
      vertex -3.21899 16.183 20
    endloop
  endfacet
  facet normal -0.227094 0.973873 0
    outer loop
      vertex -4.27051 15.9378 20
      vertex -3.21899 16.183 18
      vertex -4.27051 15.9378 18
    endloop
  endfacet
  facet normal -0.160564 0.688799 -0.706947
    outer loop
      vertex -3.51163 17.6541 0.599991
      vertex -4.50345 16.8071 0
      vertex -4.65874 17.3867 0.599991
    endloop
  endfacet
  facet normal -0.160645 0.688847 -0.706882
    outer loop
      vertex -3.51163 17.6541 0.599991
      vertex -3.39457 17.0657 0
      vertex -4.50345 16.8071 0
    endloop
  endfacet
  facet normal -0.162917 0.98664 0
    outer loop
      vertex -2.34947 17.846 0.599991
      vertex -3.51163 17.6541 3
      vertex -2.34947 17.846 3
    endloop
  endfacet
  facet normal -0.162917 0.98664 0
    outer loop
      vertex -3.51163 17.6541 3
      vertex -2.34947 17.846 0.599991
      vertex -3.51163 17.6541 0.599991
    endloop
  endfacet
  facet normal -0.0728768 0.441432 0.894331
    outer loop
      vertex -1.75581 8.82707 7.5
      vertex -1.17474 8.923 7.5
      vertex -3.51163 17.6541 3
    endloop
  endfacet
  facet normal -0.0728902 0.441428 0.894331
    outer loop
      vertex -1.17474 8.923 7.5
      vertex -2.34947 17.846 3
      vertex -3.51163 17.6541 3
    endloop
  endfacet
  facet normal -0.162887 0.986645 0
    outer loop
      vertex -1.17474 8.923 7.5
      vertex -1.75581 8.82707 8.44436
      vertex -1.17474 8.923 8.44436
    endloop
  endfacet
  facet normal -0.162887 0.986645 0
    outer loop
      vertex -1.75581 8.82707 8.44436
      vertex -1.17474 8.923 7.5
      vertex -1.75581 8.82707 7.5
    endloop
  endfacet
  facet normal -0.115237 0.697844 -0.706919
    outer loop
      vertex -3.21899 16.183 18
      vertex -1.78381 9.35712 11.0278
      vertex -1.85878 9.34474 11.0278
    endloop
  endfacet
  facet normal -0.115162 0.697858 -0.706918
    outer loop
      vertex -1.78381 9.35712 11.0278
      vertex -3.21899 16.183 18
      vertex -2.15368 16.3588 18
    endloop
  endfacet
  facet normal -0.115221 0.697851 -0.706914
    outer loop
      vertex -2.15368 16.3588 18
      vertex -1.47486 9.40813 11.0278
      vertex -1.78381 9.35712 11.0278
    endloop
  endfacet
  facet normal -0.115227 0.69785 -0.706914
    outer loop
      vertex -1.47486 9.40813 11.0278
      vertex -2.15368 16.3588 18
      vertex -1.24363 9.44631 11.0278
    endloop
  endfacet
  facet normal -0.16282 0.986656 0
    outer loop
      vertex -2.15368 16.3588 18
      vertex -3.21899 16.183 20
      vertex -2.15368 16.3588 20
    endloop
  endfacet
  facet normal -0.16282 0.986656 0
    outer loop
      vertex -3.21899 16.183 20
      vertex -2.15368 16.3588 18
      vertex -3.21899 16.183 18
    endloop
  endfacet
  facet normal -0.115237 0.697881 -0.706882
    outer loop
      vertex -2.34947 17.846 0.599991
      vertex -3.39457 17.0657 0
      vertex -3.51163 17.6541 0.599991
    endloop
  endfacet
  facet normal -0.115164 0.697831 -0.706943
    outer loop
      vertex -2.34947 17.846 0.599991
      vertex -2.27115 17.2511 0
      vertex -3.39457 17.0657 0
    endloop
  endfacet
  facet normal -0.098057 0.995181 0
    outer loop
      vertex -1.17726 17.9615 0.599991
      vertex -2.34947 17.846 3
      vertex -1.17726 17.9615 3
    endloop
  endfacet
  facet normal -0.098057 0.995181 0
    outer loop
      vertex -2.34947 17.846 3
      vertex -1.17726 17.9615 0.599991
      vertex -2.34947 17.846 0.599991
    endloop
  endfacet
  facet normal -0.0438557 0.445251 0.894331
    outer loop
      vertex -1.17474 8.923 7.5
      vertex -0.588628 8.98073 7.5
      vertex -2.34947 17.846 3
    endloop
  endfacet
  facet normal -0.0438711 0.445248 0.894332
    outer loop
      vertex -0.588628 8.98073 7.5
      vertex -1.17726 17.9615 3
      vertex -2.34947 17.846 3
    endloop
  endfacet
  facet normal -0.0980222 0.995184 0
    outer loop
      vertex -0.588628 8.98073 7.5
      vertex -1.17474 8.923 8.44436
      vertex -0.588628 8.98073 8.44436
    endloop
  endfacet
  facet normal -0.0980222 0.995184 0
    outer loop
      vertex -1.17474 8.923 8.44436
      vertex -0.588628 8.98073 7.5
      vertex -1.17474 8.923 7.5
    endloop
  endfacet
  facet normal -0.0692546 0.703902 -0.706913
    outer loop
      vertex -2.15368 16.3588 18
      vertex -1.16801 9.45375 11.0278
      vertex -1.24363 9.44631 11.0278
    endloop
  endfacet
  facet normal -0.0693715 0.703888 -0.706916
    outer loop
      vertex -1.16801 9.45375 11.0278
      vertex -2.15368 16.3588 18
      vertex -1.07915 16.4647 18
    endloop
  endfacet
  facet normal -0.0693219 0.70389 -0.706918
    outer loop
      vertex -0.856385 9.48445 11.0278
      vertex -1.07915 16.4647 18
      vertex -0.623149 9.50742 11.0278
    endloop
  endfacet
  facet normal -0.0693442 0.703889 -0.706917
    outer loop
      vertex -1.07915 16.4647 18
      vertex -0.856385 9.48445 11.0278
      vertex -1.16801 9.45375 11.0278
    endloop
  endfacet
  facet normal -0.0980795 0.995179 0
    outer loop
      vertex -1.07915 16.4647 18
      vertex -2.15368 16.3588 20
      vertex -1.07915 16.4647 20
    endloop
  endfacet
  facet normal -0.0980795 0.995179 0
    outer loop
      vertex -2.15368 16.3588 20
      vertex -1.07915 16.4647 18
      vertex -2.15368 16.3588 18
    endloop
  endfacet
  facet normal -0.0693528 0.703862 -0.706943
    outer loop
      vertex -1.17726 17.9615 0.599991
      vertex -2.27115 17.2511 0
      vertex -2.34947 17.846 0.599991
    endloop
  endfacet
  facet normal -0.0693189 0.703835 -0.706973
    outer loop
      vertex -1.17726 17.9615 0.599991
      vertex -1.13801 17.3627 0
      vertex -2.27115 17.2511 0
    endloop
  endfacet
  facet normal -0.0326856 0.999466 0
    outer loop
      vertex 0 18 0.599991
      vertex -1.17726 17.9615 3
      vertex 0 18 3
    endloop
  endfacet
  facet normal -0.0326856 0.999466 0
    outer loop
      vertex -1.17726 17.9615 3
      vertex 0 18 0.599991
      vertex -1.17726 17.9615 0.599991
    endloop
  endfacet
  facet normal -0.0146389 0.447166 0.894331
    outer loop
      vertex 0 18 3
      vertex -0.588628 8.98073 7.5
      vertex 0 9 7.5
    endloop
  endfacet
  facet normal -0.0146237 0.447165 0.894332
    outer loop
      vertex -0.588628 8.98073 7.5
      vertex 0 18 3
      vertex -1.17726 17.9615 3
    endloop
  endfacet
  facet normal -0.0327196 0.999465 0
    outer loop
      vertex 0 9 7.5
      vertex -0.588628 8.98073 8.44436
      vertex 0 9 8.44436
    endloop
  endfacet
  facet normal -0.0327196 0.999465 0
    outer loop
      vertex -0.588628 8.98073 8.44436
      vertex 0 9 7.5
      vertex -0.588628 8.98073 7.5
    endloop
  endfacet
  facet normal -0.0230843 0.70692 -0.706917
    outer loop
      vertex -1.07915 16.4647 18
      vertex -0.547203 9.5099 11.0278
      vertex -0.623149 9.50742 11.0278
    endloop
  endfacet
  facet normal -0.0231239 0.706918 -0.706918
    outer loop
      vertex -0.547203 9.5099 11.0278
      vertex -1.07915 16.4647 18
      vertex 0 16.5 18
    endloop
  endfacet
  facet normal -0.0231476 0.706918 -0.706916
    outer loop
      vertex 0 16.5 18
      vertex 0 9.52782 11.0278
      vertex -0.234239 9.52015 11.0278
    endloop
  endfacet
  facet normal -0.0231525 0.706918 -0.706916
    outer loop
      vertex 0 16.5 18
      vertex -0.234239 9.52015 11.0278
      vertex -0.547203 9.5099 11.0278
    endloop
  endfacet
  facet normal -0.0326934 0.999465 0
    outer loop
      vertex 0 16.5 18
      vertex -1.07915 16.4647 20
      vertex 0 16.5 20
    endloop
  endfacet
  facet normal -0.0326934 0.999465 0
    outer loop
      vertex -1.07915 16.4647 20
      vertex 0 16.5 18
      vertex -1.07915 16.4647 18
    endloop
  endfacet
  facet normal -0.0231166 0.706863 -0.706972
    outer loop
      vertex 0 18 0.599991
      vertex -1.13801 17.3627 0
      vertex -1.17726 17.9615 0.599991
    endloop
  endfacet
  facet normal -0.0231701 0.706912 -0.706922
    outer loop
      vertex 0 18 0.599991
      vertex 0 17.4 0
      vertex -1.13801 17.3627 0
    endloop
  endfacet
  facet normal 0.0326856 0.999466 -0
    outer loop
      vertex 1.17726 17.9615 0.599991
      vertex 0 18 3
      vertex 1.17726 17.9615 3
    endloop
  endfacet
  facet normal 0.0326856 0.999466 0
    outer loop
      vertex 0 18 3
      vertex 1.17726 17.9615 0.599991
      vertex 0 18 0.599991
    endloop
  endfacet
  facet normal 0.0146237 0.447165 0.894332
    outer loop
      vertex 0 18 3
      vertex 0.588628 8.98073 7.5
      vertex 1.17726 17.9615 3
    endloop
  endfacet
  facet normal 0.0146389 0.447166 0.894331
    outer loop
      vertex 0.588628 8.98073 7.5
      vertex 0 18 3
      vertex 0 9 7.5
    endloop
  endfacet
  facet normal 0.0327196 0.999465 -0
    outer loop
      vertex 0.588628 8.98073 7.5
      vertex 0 9 8.44436
      vertex 0.588628 8.98073 8.44436
    endloop
  endfacet
  facet normal 0.0327196 0.999465 0
    outer loop
      vertex 0 9 8.44436
      vertex 0.588628 8.98073 7.5
      vertex 0 9 7.5
    endloop
  endfacet
  facet normal 0.023124 0.706918 -0.706917
    outer loop
      vertex 0.0759459 9.52533 11.0278
      vertex 0 16.5 18
      vertex 1.07915 16.4647 18
    endloop
  endfacet
  facet normal 0.0231774 0.706918 -0.706916
    outer loop
      vertex 0 16.5 18
      vertex 0.0759459 9.52533 11.0278
      vertex 0 9.52782 11.0278
    endloop
  endfacet
  facet normal 0.0231475 0.706917 -0.706918
    outer loop
      vertex 0.38891 9.51509 11.0278
      vertex 1.07915 16.4647 18
      vertex 0.623149 9.50742 11.0278
    endloop
  endfacet
  facet normal 0.0231299 0.706918 -0.706917
    outer loop
      vertex 1.07915 16.4647 18
      vertex 0.38891 9.51509 11.0278
      vertex 0.0759459 9.52533 11.0278
    endloop
  endfacet
  facet normal 0.0326934 0.999465 -0
    outer loop
      vertex 1.07915 16.4647 18
      vertex 0 16.5 20
      vertex 1.07915 16.4647 20
    endloop
  endfacet
  facet normal 0.0326934 0.999465 0
    outer loop
      vertex 0 16.5 20
      vertex 1.07915 16.4647 18
      vertex 0 16.5 18
    endloop
  endfacet
  facet normal 0.0231182 0.706912 -0.706923
    outer loop
      vertex 0 18 0.599991
      vertex 1.17726 17.9615 0.599991
      vertex 0 17.4 0
    endloop
  endfacet
  facet normal 0.0231684 0.706861 -0.706973
    outer loop
      vertex 1.17726 17.9615 0.599991
      vertex 1.13801 17.3627 0
      vertex 0 17.4 0
    endloop
  endfacet
  facet normal 0.098057 0.995181 -0
    outer loop
      vertex 2.34947 17.846 0.599991
      vertex 1.17726 17.9615 3
      vertex 2.34947 17.846 3
    endloop
  endfacet
  facet normal 0.098057 0.995181 0
    outer loop
      vertex 1.17726 17.9615 3
      vertex 2.34947 17.846 0.599991
      vertex 1.17726 17.9615 0.599991
    endloop
  endfacet
  facet normal 0.0438555 0.445249 0.894332
    outer loop
      vertex 1.17474 8.923 7.5
      vertex 1.17726 17.9615 3
      vertex 0.588628 8.98073 7.5
    endloop
  endfacet
  facet normal 0.0438712 0.445249 0.894332
    outer loop
      vertex 2.34947 17.846 3
      vertex 1.17726 17.9615 3
      vertex 1.17474 8.923 7.5
    endloop
  endfacet
  facet normal 0.0980222 0.995184 -0
    outer loop
      vertex 1.17474 8.923 7.5
      vertex 0.588628 8.98073 8.44436
      vertex 1.17474 8.923 8.44436
    endloop
  endfacet
  facet normal 0.0980222 0.995184 0
    outer loop
      vertex 0.588628 8.98073 8.44436
      vertex 1.17474 8.923 7.5
      vertex 0.588628 8.98073 7.5
    endloop
  endfacet
  facet normal 0.0693713 0.703886 -0.706917
    outer loop
      vertex 0.69877 9.49997 11.0278
      vertex 1.07915 16.4647 18
      vertex 2.15368 16.3588 18
    endloop
  endfacet
  facet normal 0.0693454 0.703888 -0.706917
    outer loop
      vertex 0.623149 9.50742 11.0278
      vertex 1.07915 16.4647 18
      vertex 0.69877 9.49997 11.0278
    endloop
  endfacet
  facet normal 0.0693211 0.703894 -0.706914
    outer loop
      vertex 1.01039 9.46928 11.0278
      vertex 2.15368 16.3588 18
      vertex 1.24363 9.44631 11.0278
    endloop
  endfacet
  facet normal 0.0693232 0.703894 -0.706914
    outer loop
      vertex 2.15368 16.3588 18
      vertex 1.01039 9.46928 11.0278
      vertex 0.69877 9.49997 11.0278
    endloop
  endfacet
  facet normal 0.0980795 0.995179 -0
    outer loop
      vertex 2.15368 16.3588 18
      vertex 1.07915 16.4647 20
      vertex 2.15368 16.3588 20
    endloop
  endfacet
  facet normal 0.0980795 0.995179 0
    outer loop
      vertex 1.07915 16.4647 20
      vertex 2.15368 16.3588 18
      vertex 1.07915 16.4647 18
    endloop
  endfacet
  facet normal 0.0693499 0.703833 -0.706972
    outer loop
      vertex 1.17726 17.9615 0.599991
      vertex 2.34947 17.846 0.599991
      vertex 1.13801 17.3627 0
    endloop
  endfacet
  facet normal 0.0693219 0.703866 -0.706942
    outer loop
      vertex 2.34947 17.846 0.599991
      vertex 2.27115 17.2511 0
      vertex 1.13801 17.3627 0
    endloop
  endfacet
  facet normal 0.162917 0.98664 -0
    outer loop
      vertex 3.51163 17.6541 0.599991
      vertex 2.34947 17.846 3
      vertex 3.51163 17.6541 3
    endloop
  endfacet
  facet normal 0.162917 0.98664 0
    outer loop
      vertex 2.34947 17.846 3
      vertex 3.51163 17.6541 0.599991
      vertex 2.34947 17.846 0.599991
    endloop
  endfacet
  facet normal 0.0728766 0.44143 0.894331
    outer loop
      vertex 1.75581 8.82707 7.5
      vertex 2.34947 17.846 3
      vertex 1.17474 8.923 7.5
    endloop
  endfacet
  facet normal 0.0728903 0.441429 0.894331
    outer loop
      vertex 3.51163 17.6541 3
      vertex 2.34947 17.846 3
      vertex 1.75581 8.82707 7.5
    endloop
  endfacet
  facet normal 0.162887 0.986645 -0
    outer loop
      vertex 1.75581 8.82707 7.5
      vertex 1.17474 8.923 8.44436
      vertex 1.75581 8.82707 8.44436
    endloop
  endfacet
  facet normal 0.162887 0.986645 0
    outer loop
      vertex 1.17474 8.923 8.44436
      vertex 1.75581 8.82707 7.5
      vertex 1.17474 8.923 7.5
    endloop
  endfacet
  facet normal 0.115162 0.69786 -0.706916
    outer loop
      vertex 1.3186 9.43393 11.0278
      vertex 2.15368 16.3588 18
      vertex 3.21899 16.183 18
    endloop
  endfacet
  facet normal 0.115238 0.697849 -0.706914
    outer loop
      vertex 1.24363 9.44631 11.0278
      vertex 2.15368 16.3588 18
      vertex 1.3186 9.43393 11.0278
    endloop
  endfacet
  facet normal 0.115226 0.697846 -0.706919
    outer loop
      vertex 1.85878 9.34474 11.0278
      vertex 1.62755 9.38292 11.0278
      vertex 3.21899 16.183 18
    endloop
  endfacet
  facet normal 0.11522 0.697847 -0.706919
    outer loop
      vertex 3.21899 16.183 18
      vertex 1.62755 9.38292 11.0278
      vertex 1.3186 9.43393 11.0278
    endloop
  endfacet
  facet normal 0.16282 0.986656 -0
    outer loop
      vertex 3.21899 16.183 18
      vertex 2.15368 16.3588 20
      vertex 3.21899 16.183 20
    endloop
  endfacet
  facet normal 0.16282 0.986656 0
    outer loop
      vertex 2.15368 16.3588 20
      vertex 3.21899 16.183 18
      vertex 2.15368 16.3588 18
    endloop
  endfacet
  facet normal 0.115227 0.697822 -0.706942
    outer loop
      vertex 2.34947 17.846 0.599991
      vertex 3.51163 17.6541 0.599991
      vertex 2.27115 17.2511 0
    endloop
  endfacet
  facet normal 0.115174 0.697893 -0.706881
    outer loop
      vertex 3.51163 17.6541 0.599991
      vertex 3.39457 17.0657 0
      vertex 2.27115 17.2511 0
    endloop
  endfacet
  facet normal 0.227021 0.97389 -0
    outer loop
      vertex 4.65874 17.3867 0.599991
      vertex 3.51163 17.6541 3
      vertex 4.65874 17.3867 3
    endloop
  endfacet
  facet normal 0.227021 0.97389 0
    outer loop
      vertex 3.51163 17.6541 3
      vertex 4.65874 17.3867 0.599991
      vertex 3.51163 17.6541 0.599991
    endloop
  endfacet
  facet normal 0.101599 0.435718 0.894331
    outer loop
      vertex 2.32937 8.69333 7.5
      vertex 3.51163 17.6541 3
      vertex 1.75581 8.82707 7.5
    endloop
  endfacet
  facet normal 0.10157 0.435723 0.894332
    outer loop
      vertex 4.65874 17.3867 3
      vertex 3.51163 17.6541 3
      vertex 2.32937 8.69333 7.5
    endloop
  endfacet
  facet normal 0.227084 0.973875 -0
    outer loop
      vertex 2.32937 8.69333 7.5
      vertex 1.75581 8.82707 8.44436
      vertex 2.32937 8.69333 8.44436
    endloop
  endfacet
  facet normal 0.227084 0.973875 0
    outer loop
      vertex 1.75581 8.82707 8.44436
      vertex 2.32937 8.69333 7.5
      vertex 1.75581 8.82707 7.5
    endloop
  endfacet
  facet normal 0.160622 0.688816 -0.706918
    outer loop
      vertex 1.93279 9.32749 11.0278
      vertex 3.21899 16.183 18
      vertex 4.27051 15.9378 18
    endloop
  endfacet
  facet normal 0.16055 0.688831 -0.70692
    outer loop
      vertex 3.21899 16.183 18
      vertex 1.93279 9.32749 11.0278
      vertex 1.85878 9.34474 11.0278
    endloop
  endfacet
  facet normal 0.160615 0.688818 -0.706918
    outer loop
      vertex 2.46598 9.20316 11.0278
      vertex 2.23774 9.25638 11.0278
      vertex 4.27051 15.9378 18
    endloop
  endfacet
  facet normal 0.160622 0.688816 -0.706918
    outer loop
      vertex 4.27051 15.9378 18
      vertex 2.23774 9.25638 11.0278
      vertex 1.93279 9.32749 11.0278
    endloop
  endfacet
  facet normal 0.227094 0.973873 -0
    outer loop
      vertex 4.27051 15.9378 18
      vertex 3.21899 16.183 20
      vertex 4.27051 15.9378 20
    endloop
  endfacet
  facet normal 0.227094 0.973873 0
    outer loop
      vertex 3.21899 16.183 20
      vertex 4.27051 15.9378 18
      vertex 3.21899 16.183 18
    endloop
  endfacet
  facet normal 0.160579 0.688862 -0.706883
    outer loop
      vertex 3.51163 17.6541 0.599991
      vertex 4.65874 17.3867 0.599991
      vertex 3.39457 17.0657 0
    endloop
  endfacet
  facet normal 0.16063 0.688783 -0.706949
    outer loop
      vertex 4.65874 17.3867 0.599991
      vertex 4.50345 16.8071 0
      vertex 3.39457 17.0657 0
    endloop
  endfacet
  facet normal 0.290344 0.956922 -0
    outer loop
      vertex 5.78591 17.0447 0.599991
      vertex 4.65874 17.3867 3
      vertex 5.78591 17.0447 3
    endloop
  endfacet
  facet normal 0.290344 0.956922 0
    outer loop
      vertex 4.65874 17.3867 3
      vertex 5.78591 17.0447 0.599991
      vertex 4.65874 17.3867 0.599991
    endloop
  endfacet
  facet normal 0.129874 0.428139 0.894332
    outer loop
      vertex 2.89295 8.52237 7.5
      vertex 4.65874 17.3867 3
      vertex 2.32937 8.69333 7.5
    endloop
  endfacet
  facet normal 0.129902 0.428133 0.894331
    outer loop
      vertex 5.78591 17.0447 3
      vertex 4.65874 17.3867 3
      vertex 2.89295 8.52237 7.5
    endloop
  endfacet
  facet normal 0.290284 0.95694 -0
    outer loop
      vertex 2.89295 8.52237 7.5
      vertex 2.32937 8.69333 8.44436
      vertex 2.89295 8.52237 8.44436
    endloop
  endfacet
  facet normal 0.290284 0.95694 0
    outer loop
      vertex 2.32937 8.69333 8.44436
      vertex 2.89295 8.52237 7.5
      vertex 2.32937 8.69333 7.5
    endloop
  endfacet
  facet normal 0.205359 0.676828 -0.706917
    outer loop
      vertex 2.53869 9.18111 11.0278
      vertex 4.27051 15.9378 18
      vertex 5.30375 15.6243 18
    endloop
  endfacet
  facet normal 0.205263 0.676855 -0.706919
    outer loop
      vertex 4.27051 15.9378 18
      vertex 2.53869 9.18111 11.0278
      vertex 2.46598 9.20316 11.0278
    endloop
  endfacet
  facet normal 0.205306 0.676847 -0.706914
    outer loop
      vertex 3.06262 9.02218 11.0278
      vertex 2.83834 9.09021 11.0278
      vertex 5.30375 15.6243 18
    endloop
  endfacet
  facet normal 0.205323 0.676842 -0.706914
    outer loop
      vertex 5.30375 15.6243 18
      vertex 2.83834 9.09021 11.0278
      vertex 2.53869 9.18111 11.0278
    endloop
  endfacet
  facet normal 0.290344 0.956922 -0
    outer loop
      vertex 5.30375 15.6243 18
      vertex 4.27051 15.9378 20
      vertex 5.30375 15.6243 20
    endloop
  endfacet
  facet normal 0.290344 0.956922 0
    outer loop
      vertex 4.27051 15.9378 20
      vertex 5.30375 15.6243 18
      vertex 4.27051 15.9378 18
    endloop
  endfacet
  facet normal 0.205351 0.676799 -0.706947
    outer loop
      vertex 4.65874 17.3867 0.599991
      vertex 5.78591 17.0447 0.599991
      vertex 4.50345 16.8071 0
    endloop
  endfacet
  facet normal 0.205312 0.67687 -0.706891
    outer loop
      vertex 5.78591 17.0447 0.599991
      vertex 5.59304 16.4766 0
      vertex 4.50345 16.8071 0
    endloop
  endfacet
  facet normal 0.352242 0.935909 -0
    outer loop
      vertex 6.8883 16.6298 0.599991
      vertex 5.78591 17.0447 3
      vertex 6.8883 16.6298 3
    endloop
  endfacet
  facet normal 0.352242 0.935909 0
    outer loop
      vertex 5.78591 17.0447 3
      vertex 6.8883 16.6298 0.599991
      vertex 5.78591 17.0447 0.599991
    endloop
  endfacet
  facet normal 0.157594 0.418732 0.894331
    outer loop
      vertex 3.44415 8.31492 7.5
      vertex 5.78591 17.0447 3
      vertex 2.89295 8.52237 7.5
    endloop
  endfacet
  facet normal 0.157596 0.418732 0.894331
    outer loop
      vertex 6.8883 16.6298 3
      vertex 5.78591 17.0447 3
      vertex 3.44415 8.31492 7.5
    endloop
  endfacet
  facet normal 0.35224 0.93591 -0
    outer loop
      vertex 3.44415 8.31492 7.5
      vertex 2.89295 8.52237 8.44436
      vertex 3.44415 8.31492 8.44436
    endloop
  endfacet
  facet normal 0.35224 0.93591 0
    outer loop
      vertex 2.89295 8.52237 8.44436
      vertex 3.44415 8.31492 7.5
      vertex 2.89295 8.52237 7.5
    endloop
  endfacet
  facet normal 0.249125 0.661973 -0.706915
    outer loop
      vertex 3.13373 8.99541 11.0278
      vertex 5.30375 15.6243 18
      vertex 6.31428 15.244 18
    endloop
  endfacet
  facet normal 0.249196 0.661948 -0.706913
    outer loop
      vertex 5.30375 15.6243 18
      vertex 3.13373 8.99541 11.0278
      vertex 3.06262 9.02218 11.0278
    endloop
  endfacet
  facet normal 0.249126 0.661972 -0.706915
    outer loop
      vertex 3.42679 8.88511 11.0278
      vertex 6.31428 15.244 18
      vertex 3.64614 8.80256 11.0278
    endloop
  endfacet
  facet normal 0.249146 0.661964 -0.706916
    outer loop
      vertex 6.31428 15.244 18
      vertex 3.42679 8.88511 11.0278
      vertex 3.13373 8.99541 11.0278
    endloop
  endfacet
  facet normal 0.35222 0.935917 -0
    outer loop
      vertex 6.31428 15.244 18
      vertex 5.30375 15.6243 20
      vertex 6.31428 15.244 20
    endloop
  endfacet
  facet normal 0.35222 0.935917 0
    outer loop
      vertex 5.30375 15.6243 20
      vertex 6.31428 15.244 18
      vertex 5.30375 15.6243 18
    endloop
  endfacet
  facet normal 0.249149 0.661988 -0.706892
    outer loop
      vertex 5.78591 17.0447 0.599991
      vertex 6.8883 16.6298 0.599991
      vertex 5.59304 16.4766 0
    endloop
  endfacet
  facet normal 0.249158 0.661968 -0.706908
    outer loop
      vertex 6.8883 16.6298 0.599991
      vertex 6.65869 16.0755 0
      vertex 5.59304 16.4766 0
    endloop
  endfacet
  facet normal 0.41269 0.910872 -0
    outer loop
      vertex 7.9612 16.1437 0.599991
      vertex 6.8883 16.6298 3
      vertex 7.9612 16.1437 3
    endloop
  endfacet
  facet normal 0.41269 0.910872 0
    outer loop
      vertex 6.8883 16.6298 3
      vertex 7.9612 16.1437 0.599991
      vertex 6.8883 16.6298 0.599991
    endloop
  endfacet
  facet normal 0.18464 0.407529 0.894331
    outer loop
      vertex 6.8883 16.6298 3
      vertex 3.9806 8.07185 7.5
      vertex 7.9612 16.1437 3
    endloop
  endfacet
  facet normal 0.184653 0.407524 0.894331
    outer loop
      vertex 3.9806 8.07185 7.5
      vertex 6.8883 16.6298 3
      vertex 3.44415 8.31492 7.5
    endloop
  endfacet
  facet normal 0.412718 0.910859 -0
    outer loop
      vertex 3.9806 8.07185 7.5
      vertex 3.44415 8.31492 8.44436
      vertex 3.9806 8.07185 8.44436
    endloop
  endfacet
  facet normal 0.412718 0.910859 0
    outer loop
      vertex 3.44415 8.31492 8.44436
      vertex 3.9806 8.07185 7.5
      vertex 3.44415 8.31492 7.5
    endloop
  endfacet
  facet normal 0.29189 0.644259 -0.706916
    outer loop
      vertex 4.00057 8.64196 11.0278
      vertex 7.29776 14.7984 18
      vertex 4.21405 8.54524 11.0278
    endloop
  endfacet
  facet normal 0.291902 0.644254 -0.706916
    outer loop
      vertex 7.29776 14.7984 18
      vertex 4.00057 8.64196 11.0278
      vertex 6.31428 15.244 18
    endloop
  endfacet
  facet normal 0.291922 0.644245 -0.706916
    outer loop
      vertex 6.31428 15.244 18
      vertex 4.00057 8.64196 11.0278
      vertex 3.64614 8.80256 11.0278
    endloop
  endfacet
  facet normal 0.4127 0.910867 -0
    outer loop
      vertex 7.29776 14.7984 18
      vertex 6.31428 15.244 20
      vertex 7.29776 14.7984 20
    endloop
  endfacet
  facet normal 0.4127 0.910867 0
    outer loop
      vertex 6.31428 15.244 20
      vertex 7.29776 14.7984 18
      vertex 6.31428 15.244 18
    endloop
  endfacet
  facet normal 0.291898 0.644265 -0.706908
    outer loop
      vertex 6.8883 16.6298 0.599991
      vertex 7.9612 16.1437 0.599991
      vertex 6.65869 16.0755 0
    endloop
  endfacet
  facet normal 0.291899 0.64426 -0.706912
    outer loop
      vertex 7.9612 16.1437 0.599991
      vertex 7.69582 15.6056 0
      vertex 6.65869 16.0755 0
    endloop
  endfacet
  facet normal 0.471364 0.881939 -0
    outer loop
      vertex 9 15.5885 0.599991
      vertex 7.9612 16.1437 3
      vertex 9 15.5885 3
    endloop
  endfacet
  facet normal 0.471364 0.881939 0
    outer loop
      vertex 7.9612 16.1437 3
      vertex 9 15.5885 0.599991
      vertex 7.9612 16.1437 0.599991
    endloop
  endfacet
  facet normal 0.210902 0.394578 0.894331
    outer loop
      vertex 4.5 7.79423 7.5
      vertex 7.9612 16.1437 3
      vertex 3.9806 8.07185 7.5
    endloop
  endfacet
  facet normal 0.21089 0.394583 0.894332
    outer loop
      vertex 9 15.5885 3
      vertex 7.9612 16.1437 3
      vertex 4.5 7.79423 7.5
    endloop
  endfacet
  facet normal 0.47139 0.881925 -0
    outer loop
      vertex 4.5 7.79423 7.5
      vertex 3.9806 8.07185 8.44436
      vertex 4.5 7.79423 8.44436
    endloop
  endfacet
  facet normal 0.47139 0.881925 0
    outer loop
      vertex 3.9806 8.07185 8.44436
      vertex 4.5 7.79423 7.5
      vertex 3.9806 8.07185 7.5
    endloop
  endfacet
  facet normal 0.333426 0.623776 -0.706916
    outer loop
      vertex 4.28106 8.50942 11.0278
      vertex 7.29776 14.7984 18
      vertex 8.25 14.2894 18
    endloop
  endfacet
  facet normal 0.333435 0.623771 -0.706916
    outer loop
      vertex 7.29776 14.7984 18
      vertex 4.28106 8.50942 11.0278
      vertex 4.21405 8.54524 11.0278
    endloop
  endfacet
  facet normal 0.333422 0.623779 -0.706916
    outer loop
      vertex 4.55722 8.36181 11.0278
      vertex 8.25 14.2894 18
      vertex 4.76391 8.25133 11.0278
    endloop
  endfacet
  facet normal 0.333417 0.623782 -0.706916
    outer loop
      vertex 8.25 14.2894 18
      vertex 4.55722 8.36181 11.0278
      vertex 4.28106 8.50942 11.0278
    endloop
  endfacet
  facet normal 0.471409 0.881915 -0
    outer loop
      vertex 8.25 14.2894 18
      vertex 7.29776 14.7984 20
      vertex 8.25 14.2894 20
    endloop
  endfacet
  facet normal 0.471409 0.881915 0
    outer loop
      vertex 7.29776 14.7984 20
      vertex 8.25 14.2894 18
      vertex 7.29776 14.7984 18
    endloop
  endfacet
  facet normal 0.333396 0.623796 -0.706913
    outer loop
      vertex 7.9612 16.1437 0.599991
      vertex 9 15.5885 0.599991
      vertex 7.69582 15.6056 0
    endloop
  endfacet
  facet normal 0.33342 0.623721 -0.706967
    outer loop
      vertex 9 15.5885 0.599991
      vertex 8.7 15.0688 0
      vertex 7.69582 15.6056 0
    endloop
  endfacet
  facet normal 0.528052 0.849212 -0
    outer loop
      vertex 10.0003 14.9665 0.599991
      vertex 9 15.5885 3
      vertex 10.0003 14.9665 3
    endloop
  endfacet
  facet normal 0.528052 0.849212 0
    outer loop
      vertex 9 15.5885 3
      vertex 10.0003 14.9665 0.599991
      vertex 9 15.5885 0.599991
    endloop
  endfacet
  facet normal 0.236259 0.379937 0.894332
    outer loop
      vertex 5.00013 7.48323 7.5
      vertex 9 15.5885 3
      vertex 4.5 7.79423 7.5
    endloop
  endfacet
  facet normal 0.236252 0.37994 0.894332
    outer loop
      vertex 10.0003 14.9665 3
      vertex 9 15.5885 3
      vertex 5.00013 7.48323 7.5
    endloop
  endfacet
  facet normal 0.528067 0.849203 -0
    outer loop
      vertex 5.00013 7.48323 7.5
      vertex 4.5 7.79423 8.44436
      vertex 5.00013 7.48323 8.44436
    endloop
  endfacet
  facet normal 0.528067 0.849203 0
    outer loop
      vertex 4.5 7.79423 8.44436
      vertex 5.00013 7.48323 7.5
      vertex 4.5 7.79423 7.5
    endloop
  endfacet
  facet normal 0.373515 0.600631 -0.706915
    outer loop
      vertex 4.82844 8.21121 11.0278
      vertex 8.25 14.2894 18
      vertex 9.16691 13.7192 18
    endloop
  endfacet
  facet normal 0.373451 0.600669 -0.706917
    outer loop
      vertex 8.25 14.2894 18
      vertex 4.82844 8.21121 11.0278
      vertex 4.76391 8.25133 11.0278
    endloop
  endfacet
  facet normal 0.373505 0.600638 -0.706915
    outer loop
      vertex 5.09435 8.04585 11.0278
      vertex 9.16691 13.7192 18
      vertex 5.29337 7.92209 11.0278
    endloop
  endfacet
  facet normal 0.373512 0.600633 -0.706915
    outer loop
      vertex 9.16691 13.7192 18
      vertex 5.09435 8.04585 11.0278
      vertex 4.82844 8.21121 11.0278
    endloop
  endfacet
  facet normal 0.528087 0.84919 -0
    outer loop
      vertex 9.16691 13.7192 18
      vertex 8.25 14.2894 20
      vertex 9.16691 13.7192 20
    endloop
  endfacet
  facet normal 0.528087 0.84919 0
    outer loop
      vertex 8.25 14.2894 20
      vertex 9.16691 13.7192 18
      vertex 8.25 14.2894 18
    endloop
  endfacet
  facet normal 0.373464 0.600604 -0.706965
    outer loop
      vertex 9 15.5885 0.599991
      vertex 10.0003 14.9665 0.599991
      vertex 8.7 15.0688 0
    endloop
  endfacet
  facet normal 0.373456 0.600635 -0.706943
    outer loop
      vertex 10.0003 14.9665 0.599991
      vertex 9.66692 14.4676 0
      vertex 8.7 15.0688 0
    endloop
  endfacet
  facet normal 0.582498 0.812832 -0
    outer loop
      vertex 10.9577 14.2804 0.599991
      vertex 10.0003 14.9665 3
      vertex 10.9577 14.2804 3
    endloop
  endfacet
  facet normal 0.582498 0.812832 0
    outer loop
      vertex 10.0003 14.9665 3
      vertex 10.9577 14.2804 0.599991
      vertex 10.0003 14.9665 0.599991
    endloop
  endfacet
  facet normal 0.260604 0.363669 0.894332
    outer loop
      vertex 5.47885 7.14018 7.5
      vertex 10.0003 14.9665 3
      vertex 5.00013 7.48323 7.5
    endloop
  endfacet
  facet normal 0.260612 0.363664 0.894332
    outer loop
      vertex 10.9577 14.2804 3
      vertex 10.0003 14.9665 3
      vertex 5.47885 7.14018 7.5
    endloop
  endfacet
  facet normal 0.582482 0.812843 -0
    outer loop
      vertex 5.47885 7.14018 7.5
      vertex 5.00013 7.48323 8.44436
      vertex 5.47885 7.14018 8.44436
    endloop
  endfacet
  facet normal 0.582482 0.812843 0
    outer loop
      vertex 5.00013 7.48323 8.44436
      vertex 5.47885 7.14018 7.5
      vertex 5.00013 7.48323 7.5
    endloop
  endfacet
  facet normal 0.411967 0.574939 -0.706915
    outer loop
      vertex 5.35514 7.87783 11.0278
      vertex 9.16691 13.7192 18
      vertex 10.0446 13.0903 18
    endloop
  endfacet
  facet normal 0.411962 0.574942 -0.706915
    outer loop
      vertex 9.16691 13.7192 18
      vertex 5.35514 7.87783 11.0278
      vertex 5.29337 7.92209 11.0278
    endloop
  endfacet
  facet normal 0.41197 0.574935 -0.706916
    outer loop
      vertex 5.60966 7.69544 11.0278
      vertex 10.0446 13.0903 18
      vertex 5.80017 7.55893 11.0278
    endloop
  endfacet
  facet normal 0.41199 0.57492 -0.706917
    outer loop
      vertex 10.0446 13.0903 18
      vertex 5.60966 7.69544 11.0278
      vertex 5.35514 7.87783 11.0278
    endloop
  endfacet
  facet normal 0.582451 0.812866 -0
    outer loop
      vertex 10.0446 13.0903 18
      vertex 9.16691 13.7192 20
      vertex 10.0446 13.0903 20
    endloop
  endfacet
  facet normal 0.582451 0.812866 0
    outer loop
      vertex 9.16691 13.7192 20
      vertex 10.0446 13.0903 18
      vertex 9.16691 13.7192 18
    endloop
  endfacet
  facet normal 0.411983 0.574891 -0.706944
    outer loop
      vertex 10.0003 14.9665 0.599991
      vertex 10.9577 14.2804 0.599991
      vertex 9.66692 14.4676 0
    endloop
  endfacet
  facet normal 0.411993 0.574839 -0.706981
    outer loop
      vertex 10.9577 14.2804 0.599991
      vertex 10.5924 13.8043 0
      vertex 9.66692 14.4676 0
    endloop
  endfacet
  facet normal 0.63443 0.77298 -0
    outer loop
      vertex 11.8682 13.5331 0.599991
      vertex 10.9577 14.2804 3
      vertex 11.8682 13.5331 3
    endloop
  endfacet
  facet normal 0.63443 0.77298 0
    outer loop
      vertex 10.9577 14.2804 3
      vertex 11.8682 13.5331 0.599991
      vertex 10.9577 14.2804 0.599991
    endloop
  endfacet
  facet normal 0.283829 0.345849 0.894332
    outer loop
      vertex 5.93411 6.76656 7.5
      vertex 10.9577 14.2804 3
      vertex 5.47885 7.14018 7.5
    endloop
  endfacet
  facet normal 0.283848 0.345836 0.894331
    outer loop
      vertex 11.8682 13.5331 3
      vertex 10.9577 14.2804 3
      vertex 5.93411 6.76656 7.5
    endloop
  endfacet
  facet normal 0.634391 0.773012 -0
    outer loop
      vertex 5.93411 6.76656 7.5
      vertex 5.47885 7.14018 8.44436
      vertex 5.93411 6.76656 8.44436
    endloop
  endfacet
  facet normal 0.634391 0.773012 0
    outer loop
      vertex 5.47885 7.14018 8.44436
      vertex 5.93411 6.76656 7.5
      vertex 5.47885 7.14018 7.5
    endloop
  endfacet
  facet normal 0.448689 0.54676 -0.706917
    outer loop
      vertex 5.85891 7.51072 11.0278
      vertex 10.0446 13.0903 18
      vertex 10.8792 12.4054 18
    endloop
  endfacet
  facet normal 0.448723 0.546733 -0.706916
    outer loop
      vertex 10.0446 13.0903 18
      vertex 5.85891 7.51072 11.0278
      vertex 5.80017 7.55893 11.0278
    endloop
  endfacet
  facet normal 0.448699 0.54675 -0.706918
    outer loop
      vertex 6.10096 7.31207 11.0278
      vertex 10.8792 12.4054 18
      vertex 6.28213 7.16339 11.0278
    endloop
  endfacet
  facet normal 0.44871 0.546741 -0.706918
    outer loop
      vertex 10.8792 12.4054 18
      vertex 6.10096 7.31207 11.0278
      vertex 5.85891 7.51072 11.0278
    endloop
  endfacet
  facet normal 0.634372 0.773028 -0
    outer loop
      vertex 10.8792 12.4054 18
      vertex 10.0446 13.0903 20
      vertex 10.8792 12.4054 20
    endloop
  endfacet
  facet normal 0.634372 0.773028 0
    outer loop
      vertex 10.0446 13.0903 20
      vertex 10.8792 12.4054 18
      vertex 10.0446 13.0903 18
    endloop
  endfacet
  facet normal 0.448691 0.546679 -0.706978
    outer loop
      vertex 10.9577 14.2804 0.599991
      vertex 11.8682 13.5331 0.599991
      vertex 10.5924 13.8043 0
    endloop
  endfacet
  facet normal 0.448681 0.546766 -0.706918
    outer loop
      vertex 11.8682 13.5331 0.599991
      vertex 11.4726 13.082 0
      vertex 10.5924 13.8043 0
    endloop
  endfacet
  facet normal 0.683594 0.729863 -0
    outer loop
      vertex 12.7279 12.7279 0.599991
      vertex 11.8682 13.5331 3
      vertex 12.7279 12.7279 3
    endloop
  endfacet
  facet normal 0.683594 0.729863 0
    outer loop
      vertex 11.8682 13.5331 3
      vertex 12.7279 12.7279 0.599991
      vertex 11.8682 13.5331 0.599991
    endloop
  endfacet
  facet normal 0.305844 0.326545 0.894331
    outer loop
      vertex 11.8682 13.5331 3
      vertex 6.36396 6.36396 7.5
      vertex 12.7279 12.7279 3
    endloop
  endfacet
  facet normal 0.305844 0.326545 0.894331
    outer loop
      vertex 6.36396 6.36396 7.5
      vertex 11.8682 13.5331 3
      vertex 5.93411 6.76656 7.5
    endloop
  endfacet
  facet normal 0.683594 0.729863 -0
    outer loop
      vertex 6.36396 6.36396 7.5
      vertex 5.93411 6.76656 8.44436
      vertex 6.36396 6.36396 8.44436
    endloop
  endfacet
  facet normal 0.683594 0.729863 0
    outer loop
      vertex 5.93411 6.76656 8.44436
      vertex 6.36396 6.36396 7.5
      vertex 5.93411 6.76656 7.5
    endloop
  endfacet
  facet normal 0.483489 0.516241 -0.706918
    outer loop
      vertex 6.33759 7.11145 11.0278
      vertex 10.8792 12.4054 18
      vertex 11.6673 11.6673 18
    endloop
  endfacet
  facet normal 0.483482 0.516248 -0.706918
    outer loop
      vertex 10.8792 12.4054 18
      vertex 6.33759 7.11145 11.0278
      vertex 6.28213 7.16339 11.0278
    endloop
  endfacet
  facet normal 0.483507 0.516222 -0.70692
    outer loop
      vertex 6.56613 6.89739 11.0278
      vertex 11.6673 11.6673 18
      vertex 6.73718 6.73718 11.0278
    endloop
  endfacet
  facet normal 0.483511 0.516218 -0.70692
    outer loop
      vertex 11.6673 11.6673 18
      vertex 6.56613 6.89739 11.0278
      vertex 6.33759 7.11145 11.0278
    endloop
  endfacet
  facet normal 0.683574 0.729881 -0
    outer loop
      vertex 11.6673 11.6673 18
      vertex 10.8792 12.4054 20
      vertex 11.6673 11.6673 20
    endloop
  endfacet
  facet normal 0.683574 0.729881 0
    outer loop
      vertex 10.8792 12.4054 20
      vertex 11.6673 11.6673 18
      vertex 10.8792 12.4054 18
    endloop
  endfacet
  facet normal 0.483503 0.516229 -0.706918
    outer loop
      vertex 11.8682 13.5331 0.599991
      vertex 12.7279 12.7279 0.599991
      vertex 11.4726 13.082 0
    endloop
  endfacet
  facet normal 0.483499 0.5163 -0.706868
    outer loop
      vertex 12.7279 12.7279 0.599991
      vertex 12.3037 12.3037 0
      vertex 11.4726 13.082 0
    endloop
  endfacet
  facet normal 0.729863 0.683594 0
    outer loop
      vertex 13.5331 11.8682 3
      vertex 12.7279 12.7279 0.599991
      vertex 12.7279 12.7279 3
    endloop
  endfacet
  facet normal 0.729863 0.683594 0
    outer loop
      vertex 12.7279 12.7279 0.599991
      vertex 13.5331 11.8682 3
      vertex 13.5331 11.8682 0.599991
    endloop
  endfacet
  facet normal 0.326545 0.305844 0.894331
    outer loop
      vertex 12.7279 12.7279 3
      vertex 6.76656 5.93411 7.5
      vertex 13.5331 11.8682 3
    endloop
  endfacet
  facet normal 0.326545 0.305844 0.894331
    outer loop
      vertex 6.76656 5.93411 7.5
      vertex 12.7279 12.7279 3
      vertex 6.36396 6.36396 7.5
    endloop
  endfacet
  facet normal 0.729863 0.683594 0
    outer loop
      vertex 6.76656 5.93411 8.44436
      vertex 6.36396 6.36396 7.5
      vertex 6.36396 6.36396 8.44436
    endloop
  endfacet
  facet normal 0.729863 0.683594 0
    outer loop
      vertex 6.36396 6.36396 7.5
      vertex 6.76656 5.93411 8.44436
      vertex 6.76656 5.93411 7.5
    endloop
  endfacet
  facet normal 0.516241 0.483488 -0.706919
    outer loop
      vertex 6.78913 6.68172 11.0278
      vertex 11.6673 11.6673 18
      vertex 12.4054 10.8792 18
    endloop
  endfacet
  facet normal 0.5162 0.48353 -0.70692
    outer loop
      vertex 11.6673 11.6673 18
      vertex 6.78913 6.68172 11.0278
      vertex 6.73718 6.73718 11.0278
    endloop
  endfacet
  facet normal 0.516223 0.483509 -0.706918
    outer loop
      vertex 7.00318 6.45318 11.0278
      vertex 12.4054 10.8792 18
      vertex 7.16339 6.28213 11.0278
    endloop
  endfacet
  facet normal 0.516231 0.4835 -0.706918
    outer loop
      vertex 12.4054 10.8792 18
      vertex 7.00318 6.45318 11.0278
      vertex 6.78913 6.68172 11.0278
    endloop
  endfacet
  facet normal 0.729881 0.683574 0
    outer loop
      vertex 12.4054 10.8792 20
      vertex 11.6673 11.6673 18
      vertex 11.6673 11.6673 20
    endloop
  endfacet
  facet normal 0.729881 0.683574 0
    outer loop
      vertex 11.6673 11.6673 18
      vertex 12.4054 10.8792 20
      vertex 12.4054 10.8792 18
    endloop
  endfacet
  facet normal 0.516264 0.483536 -0.706869
    outer loop
      vertex 12.7279 12.7279 0.599991
      vertex 13.5331 11.8682 0.599991
      vertex 12.3037 12.3037 0
    endloop
  endfacet
  facet normal 0.516263 0.483465 -0.706919
    outer loop
      vertex 13.5331 11.8682 0.599991
      vertex 13.082 11.4726 0
      vertex 12.3037 12.3037 0
    endloop
  endfacet
  facet normal 0.77298 0.63443 0
    outer loop
      vertex 14.2804 10.9577 3
      vertex 13.5331 11.8682 0.599991
      vertex 13.5331 11.8682 3
    endloop
  endfacet
  facet normal 0.77298 0.63443 0
    outer loop
      vertex 13.5331 11.8682 0.599991
      vertex 14.2804 10.9577 3
      vertex 14.2804 10.9577 0.599991
    endloop
  endfacet
  facet normal 0.345851 0.283831 0.894331
    outer loop
      vertex 7.14018 5.47885 7.5
      vertex 13.5331 11.8682 3
      vertex 6.76656 5.93411 7.5
    endloop
  endfacet
  facet normal 0.345835 0.283847 0.894332
    outer loop
      vertex 14.2804 10.9577 3
      vertex 13.5331 11.8682 3
      vertex 7.14018 5.47885 7.5
    endloop
  endfacet
  facet normal 0.773012 0.634391 0
    outer loop
      vertex 7.14018 5.47885 8.44436
      vertex 6.76656 5.93411 7.5
      vertex 6.76656 5.93411 8.44436
    endloop
  endfacet
  facet normal 0.773012 0.634391 0
    outer loop
      vertex 6.76656 5.93411 7.5
      vertex 7.14018 5.47885 8.44436
      vertex 7.14018 5.47885 7.5
    endloop
  endfacet
  facet normal 0.54676 0.448689 -0.706917
    outer loop
      vertex 7.2116 6.22339 11.0278
      vertex 12.4054 10.8792 18
      vertex 13.0903 10.0446 18
    endloop
  endfacet
  facet normal 0.546731 0.448722 -0.706918
    outer loop
      vertex 12.4054 10.8792 18
      vertex 7.2116 6.22339 11.0278
      vertex 7.16339 6.28213 11.0278
    endloop
  endfacet
  facet normal 0.54674 0.448715 -0.706916
    outer loop
      vertex 7.41025 5.98133 11.0278
      vertex 13.0903 10.0446 18
      vertex 7.55893 5.80017 11.0278
    endloop
  endfacet
  facet normal 0.546752 0.4487 -0.706917
    outer loop
      vertex 13.0903 10.0446 18
      vertex 7.41025 5.98133 11.0278
      vertex 7.2116 6.22339 11.0278
    endloop
  endfacet
  facet normal 0.773028 0.634372 0
    outer loop
      vertex 13.0903 10.0446 20
      vertex 12.4054 10.8792 18
      vertex 12.4054 10.8792 20
    endloop
  endfacet
  facet normal 0.773028 0.634372 0
    outer loop
      vertex 12.4054 10.8792 18
      vertex 13.0903 10.0446 20
      vertex 13.0903 10.0446 18
    endloop
  endfacet
  facet normal 0.546725 0.448729 -0.706919
    outer loop
      vertex 13.5331 11.8682 0.599991
      vertex 14.2804 10.9577 0.599991
      vertex 13.082 11.4726 0
    endloop
  endfacet
  facet normal 0.546718 0.448642 -0.706979
    outer loop
      vertex 14.2804 10.9577 0.599991
      vertex 13.8043 10.5924 0
      vertex 13.082 11.4726 0
    endloop
  endfacet
  facet normal 0.812832 0.582498 0
    outer loop
      vertex 14.9665 10.0003 3
      vertex 14.2804 10.9577 0.599991
      vertex 14.2804 10.9577 3
    endloop
  endfacet
  facet normal 0.812832 0.582498 0
    outer loop
      vertex 14.2804 10.9577 0.599991
      vertex 14.9665 10.0003 3
      vertex 14.9665 10.0003 0.599991
    endloop
  endfacet
  facet normal 0.363669 0.260605 0.894332
    outer loop
      vertex 7.48323 5.00013 7.5
      vertex 14.2804 10.9577 3
      vertex 7.14018 5.47885 7.5
    endloop
  endfacet
  facet normal 0.363664 0.260612 0.894332
    outer loop
      vertex 14.9665 10.0003 3
      vertex 14.2804 10.9577 3
      vertex 7.48323 5.00013 7.5
    endloop
  endfacet
  facet normal 0.812843 0.582482 0
    outer loop
      vertex 7.48323 5.00013 8.44436
      vertex 7.14018 5.47885 7.5
      vertex 7.14018 5.47885 8.44436
    endloop
  endfacet
  facet normal 0.812843 0.582482 0
    outer loop
      vertex 7.14018 5.47885 7.5
      vertex 7.48323 5.00013 8.44436
      vertex 7.48323 5.00013 7.5
    endloop
  endfacet
  facet normal 0.574938 0.411966 -0.706916
    outer loop
      vertex 7.60319 5.7384 11.0278
      vertex 13.0903 10.0446 18
      vertex 13.7192 9.16691 18
    endloop
  endfacet
  facet normal 0.574941 0.411962 -0.706916
    outer loop
      vertex 13.0903 10.0446 18
      vertex 7.60319 5.7384 11.0278
      vertex 7.55893 5.80017 11.0278
    endloop
  endfacet
  facet normal 0.574926 0.411985 -0.706915
    outer loop
      vertex 7.78558 5.48387 11.0278
      vertex 13.7192 9.16691 18
      vertex 7.92209 5.29337 11.0278
    endloop
  endfacet
  facet normal 0.574929 0.41198 -0.706915
    outer loop
      vertex 13.7192 9.16691 18
      vertex 7.78558 5.48387 11.0278
      vertex 7.60319 5.7384 11.0278
    endloop
  endfacet
  facet normal 0.812866 0.582451 0
    outer loop
      vertex 13.7192 9.16691 20
      vertex 13.0903 10.0446 18
      vertex 13.0903 10.0446 20
    endloop
  endfacet
  facet normal 0.812866 0.582451 0
    outer loop
      vertex 13.0903 10.0446 18
      vertex 13.7192 9.16691 20
      vertex 13.7192 9.16691 18
    endloop
  endfacet
  facet normal 0.574862 0.411962 -0.70698
    outer loop
      vertex 14.2804 10.9577 0.599991
      vertex 14.9665 10.0003 0.599991
      vertex 13.8043 10.5924 0
    endloop
  endfacet
  facet normal 0.57487 0.412014 -0.706944
    outer loop
      vertex 14.9665 10.0003 0.599991
      vertex 14.4676 9.66692 0
      vertex 13.8043 10.5924 0
    endloop
  endfacet
  facet normal 0.849212 0.528052 0
    outer loop
      vertex 15.5885 9 3
      vertex 14.9665 10.0003 0.599991
      vertex 14.9665 10.0003 3
    endloop
  endfacet
  facet normal 0.849212 0.528052 0
    outer loop
      vertex 14.9665 10.0003 0.599991
      vertex 15.5885 9 3
      vertex 15.5885 9 0.599991
    endloop
  endfacet
  facet normal 0.379936 0.236259 0.894332
    outer loop
      vertex 7.79423 4.5 7.5
      vertex 14.9665 10.0003 3
      vertex 7.48323 5.00013 7.5
    endloop
  endfacet
  facet normal 0.379941 0.236252 0.894332
    outer loop
      vertex 15.5885 9 3
      vertex 14.9665 10.0003 3
      vertex 7.79423 4.5 7.5
    endloop
  endfacet
  facet normal 0.849203 0.528067 0
    outer loop
      vertex 7.79423 4.5 8.44436
      vertex 7.48323 5.00013 7.5
      vertex 7.48323 5.00013 8.44436
    endloop
  endfacet
  facet normal 0.849203 0.528067 0
    outer loop
      vertex 7.48323 5.00013 7.5
      vertex 7.79423 4.5 8.44436
      vertex 7.79423 4.5 7.5
    endloop
  endfacet
  facet normal 0.600631 0.373515 -0.706915
    outer loop
      vertex 7.96222 5.22884 11.0278
      vertex 13.7192 9.16691 18
      vertex 14.2894 8.25 18
    endloop
  endfacet
  facet normal 0.600628 0.37352 -0.706915
    outer loop
      vertex 13.7192 9.16691 18
      vertex 7.96222 5.22884 11.0278
      vertex 7.92209 5.29337 11.0278
    endloop
  endfacet
  facet normal 0.600637 0.373504 -0.706916
    outer loop
      vertex 8.12757 4.96293 11.0278
      vertex 14.2894 8.25 18
      vertex 8.25133 4.76391 11.0278
    endloop
  endfacet
  facet normal 0.600642 0.373495 -0.706916
    outer loop
      vertex 14.2894 8.25 18
      vertex 8.12757 4.96293 11.0278
      vertex 7.96222 5.22884 11.0278
    endloop
  endfacet
  facet normal 0.84919 0.528087 0
    outer loop
      vertex 14.2894 8.25 20
      vertex 13.7192 9.16691 18
      vertex 13.7192 9.16691 20
    endloop
  endfacet
  facet normal 0.84919 0.528087 0
    outer loop
      vertex 13.7192 9.16691 18
      vertex 14.2894 8.25 20
      vertex 14.2894 8.25 18
    endloop
  endfacet
  facet normal 0.600622 0.373475 -0.706943
    outer loop
      vertex 14.9665 10.0003 0.599991
      vertex 15.5885 9 0.599991
      vertex 14.4676 9.66692 0
    endloop
  endfacet
  facet normal 0.600616 0.373444 -0.706966
    outer loop
      vertex 15.5885 9 0.599991
      vertex 15.0688 8.7 0
      vertex 14.4676 9.66692 0
    endloop
  endfacet
  facet normal 0.881939 0.471364 0
    outer loop
      vertex 16.1437 7.9612 3
      vertex 15.5885 9 0.599991
      vertex 15.5885 9 3
    endloop
  endfacet
  facet normal 0.881939 0.471364 0
    outer loop
      vertex 15.5885 9 0.599991
      vertex 16.1437 7.9612 3
      vertex 16.1437 7.9612 0.599991
    endloop
  endfacet
  facet normal 0.394577 0.210902 0.894332
    outer loop
      vertex 8.07185 3.9806 7.5
      vertex 15.5885 9 3
      vertex 7.79423 4.5 7.5
    endloop
  endfacet
  facet normal 0.394584 0.21089 0.894332
    outer loop
      vertex 16.1437 7.9612 3
      vertex 15.5885 9 3
      vertex 8.07185 3.9806 7.5
    endloop
  endfacet
  facet normal 0.881925 0.47139 0
    outer loop
      vertex 8.07185 3.9806 8.44436
      vertex 7.79423 4.5 7.5
      vertex 7.79423 4.5 8.44436
    endloop
  endfacet
  facet normal 0.881925 0.47139 0
    outer loop
      vertex 7.79423 4.5 7.5
      vertex 8.07185 3.9806 8.44436
      vertex 8.07185 3.9806 7.5
    endloop
  endfacet
  facet normal 0.623776 0.333426 -0.706916
    outer loop
      vertex 8.28715 4.69689 11.0278
      vertex 14.2894 8.25 18
      vertex 14.7984 7.29776 18
    endloop
  endfacet
  facet normal 0.623793 0.333397 -0.706915
    outer loop
      vertex 14.2894 8.25 18
      vertex 8.28715 4.69689 11.0278
      vertex 8.25133 4.76391 11.0278
    endloop
  endfacet
  facet normal 0.623778 0.333422 -0.706916
    outer loop
      vertex 8.43476 4.42074 11.0278
      vertex 14.7984 7.29776 18
      vertex 8.54524 4.21405 11.0278
    endloop
  endfacet
  facet normal 0.623776 0.333426 -0.706916
    outer loop
      vertex 14.7984 7.29776 18
      vertex 8.43476 4.42074 11.0278
      vertex 8.28715 4.69689 11.0278
    endloop
  endfacet
  facet normal 0.881915 0.471409 0
    outer loop
      vertex 14.7984 7.29776 20
      vertex 14.2894 8.25 18
      vertex 14.2894 8.25 20
    endloop
  endfacet
  facet normal 0.881915 0.471409 0
    outer loop
      vertex 14.2894 8.25 18
      vertex 14.7984 7.29776 20
      vertex 14.7984 7.29776 18
    endloop
  endfacet
  facet normal 0.623749 0.333371 -0.706966
    outer loop
      vertex 15.5885 9 0.599991
      vertex 16.1437 7.9612 0.599991
      vertex 15.0688 8.7 0
    endloop
  endfacet
  facet normal 0.62377 0.333446 -0.706912
    outer loop
      vertex 16.1437 7.9612 0.599991
      vertex 15.6056 7.69582 0
      vertex 15.0688 8.7 0
    endloop
  endfacet
  facet normal 0.910872 0.41269 0
    outer loop
      vertex 16.6298 6.8883 3
      vertex 16.1437 7.9612 0.599991
      vertex 16.1437 7.9612 3
    endloop
  endfacet
  facet normal 0.910872 0.41269 0
    outer loop
      vertex 16.1437 7.9612 0.599991
      vertex 16.6298 6.8883 3
      vertex 16.6298 6.8883 0.599991
    endloop
  endfacet
  facet normal 0.40753 0.18464 0.894331
    outer loop
      vertex 16.1437 7.9612 3
      vertex 8.31492 3.44415 7.5
      vertex 16.6298 6.8883 3
    endloop
  endfacet
  facet normal 0.407523 0.184652 0.894331
    outer loop
      vertex 8.31492 3.44415 7.5
      vertex 16.1437 7.9612 3
      vertex 8.07185 3.9806 7.5
    endloop
  endfacet
  facet normal 0.910859 0.412718 0
    outer loop
      vertex 8.31492 3.44415 8.44436
      vertex 8.07185 3.9806 7.5
      vertex 8.07185 3.9806 8.44436
    endloop
  endfacet
  facet normal 0.910859 0.412718 0
    outer loop
      vertex 8.07185 3.9806 7.5
      vertex 8.31492 3.44415 8.44436
      vertex 8.31492 3.44415 7.5
    endloop
  endfacet
  facet normal 0.644243 0.291927 -0.706915
    outer loop
      vertex 8.70583 3.85961 11.0278
      vertex 15.244 6.31428 18
      vertex 8.80256 3.64614 11.0278
    endloop
  endfacet
  facet normal 0.644254 0.291902 -0.706916
    outer loop
      vertex 15.244 6.31428 18
      vertex 8.70583 3.85961 11.0278
      vertex 14.7984 7.29776 18
    endloop
  endfacet
  facet normal 0.644255 0.2919 -0.706916
    outer loop
      vertex 14.7984 7.29776 18
      vertex 8.70583 3.85961 11.0278
      vertex 8.54524 4.21405 11.0278
    endloop
  endfacet
  facet normal 0.910867 0.4127 0
    outer loop
      vertex 15.244 6.31428 20
      vertex 14.7984 7.29776 18
      vertex 14.7984 7.29776 20
    endloop
  endfacet
  facet normal 0.910867 0.4127 0
    outer loop
      vertex 14.7984 7.29776 18
      vertex 15.244 6.31428 20
      vertex 15.244 6.31428 18
    endloop
  endfacet
  facet normal 0.644261 0.291896 -0.706911
    outer loop
      vertex 16.1437 7.9612 0.599991
      vertex 16.6298 6.8883 0.599991
      vertex 15.6056 7.69582 0
    endloop
  endfacet
  facet normal 0.644263 0.291901 -0.706908
    outer loop
      vertex 16.6298 6.8883 0.599991
      vertex 16.0755 6.65869 0
      vertex 15.6056 7.69582 0
    endloop
  endfacet
  facet normal 0.935909 0.352242 0
    outer loop
      vertex 17.0447 5.78591 3
      vertex 16.6298 6.8883 0.599991
      vertex 16.6298 6.8883 3
    endloop
  endfacet
  facet normal 0.935909 0.352242 0
    outer loop
      vertex 16.6298 6.8883 0.599991
      vertex 17.0447 5.78591 3
      vertex 17.0447 5.78591 0.599991
    endloop
  endfacet
  facet normal 0.418732 0.157594 0.894331
    outer loop
      vertex 8.52237 2.89295 7.5
      vertex 16.6298 6.8883 3
      vertex 8.31492 3.44415 7.5
    endloop
  endfacet
  facet normal 0.418732 0.157596 0.894331
    outer loop
      vertex 17.0447 5.78591 3
      vertex 16.6298 6.8883 3
      vertex 8.52237 2.89295 7.5
    endloop
  endfacet
  facet normal 0.93591 0.35224 0
    outer loop
      vertex 8.52237 2.89295 8.44436
      vertex 8.31492 3.44415 7.5
      vertex 8.31492 3.44415 8.44436
    endloop
  endfacet
  facet normal 0.93591 0.35224 0
    outer loop
      vertex 8.31492 3.44415 7.5
      vertex 8.52237 2.89295 8.44436
      vertex 8.52237 2.89295 7.5
    endloop
  endfacet
  facet normal 0.661972 0.249125 -0.706916
    outer loop
      vertex 8.82932 3.57502 11.0278
      vertex 15.244 6.31428 18
      vertex 15.6243 5.30375 18
    endloop
  endfacet
  facet normal 0.661989 0.249083 -0.706915
    outer loop
      vertex 15.244 6.31428 18
      vertex 8.82932 3.57502 11.0278
      vertex 8.80256 3.64614 11.0278
    endloop
  endfacet
  facet normal 0.66196 0.249163 -0.706914
    outer loop
      vertex 8.93962 3.28196 11.0278
      vertex 15.6243 5.30375 18
      vertex 9.02218 3.06262 11.0278
    endloop
  endfacet
  facet normal 0.661965 0.249146 -0.706914
    outer loop
      vertex 15.6243 5.30375 18
      vertex 8.93962 3.28196 11.0278
      vertex 8.82932 3.57502 11.0278
    endloop
  endfacet
  facet normal 0.935917 0.35222 0
    outer loop
      vertex 15.6243 5.30375 20
      vertex 15.244 6.31428 18
      vertex 15.244 6.31428 20
    endloop
  endfacet
  facet normal 0.935917 0.35222 0
    outer loop
      vertex 15.244 6.31428 18
      vertex 15.6243 5.30375 20
      vertex 15.6243 5.30375 18
    endloop
  endfacet
  facet normal 0.661974 0.249143 -0.706907
    outer loop
      vertex 16.6298 6.8883 0.599991
      vertex 17.0447 5.78591 0.599991
      vertex 16.0755 6.65869 0
    endloop
  endfacet
  facet normal 0.661983 0.249164 -0.706892
    outer loop
      vertex 17.0447 5.78591 0.599991
      vertex 16.4766 5.59304 0
      vertex 16.0755 6.65869 0
    endloop
  endfacet
  facet normal 0.956922 0.290344 0
    outer loop
      vertex 17.3867 4.65874 3
      vertex 17.0447 5.78591 0.599991
      vertex 17.0447 5.78591 3
    endloop
  endfacet
  facet normal 0.956922 0.290344 0
    outer loop
      vertex 17.0447 5.78591 0.599991
      vertex 17.3867 4.65874 3
      vertex 17.3867 4.65874 0.599991
    endloop
  endfacet
  facet normal 0.428142 0.129875 0.894331
    outer loop
      vertex 8.69333 2.32937 7.5
      vertex 17.0447 5.78591 3
      vertex 8.52237 2.89295 7.5
    endloop
  endfacet
  facet normal 0.428131 0.129901 0.894332
    outer loop
      vertex 17.3867 4.65874 3
      vertex 17.0447 5.78591 3
      vertex 8.69333 2.32937 7.5
    endloop
  endfacet
  facet normal 0.95694 0.290284 0
    outer loop
      vertex 8.69333 2.32937 8.44436
      vertex 8.52237 2.89295 7.5
      vertex 8.52237 2.89295 8.44436
    endloop
  endfacet
  facet normal 0.95694 0.290284 0
    outer loop
      vertex 8.52237 2.89295 7.5
      vertex 8.69333 2.32937 8.44436
      vertex 8.69333 2.32937 7.5
    endloop
  endfacet
  facet normal 0.676829 0.20536 -0.706915
    outer loop
      vertex 9.04423 2.9899 11.0278
      vertex 15.6243 5.30375 18
      vertex 15.9378 4.27051 18
    endloop
  endfacet
  facet normal 0.676869 0.205239 -0.706913
    outer loop
      vertex 9.04423 2.9899 11.0278
      vertex 9.02218 3.06262 11.0278
      vertex 15.6243 5.30375 18
    endloop
  endfacet
  facet normal 0.676841 0.205313 -0.706918
    outer loop
      vertex 9.13513 2.69025 11.0278
      vertex 15.9378 4.27051 18
      vertex 9.20316 2.46598 11.0278
    endloop
  endfacet
  facet normal 0.676839 0.205322 -0.706918
    outer loop
      vertex 15.9378 4.27051 18
      vertex 9.13513 2.69025 11.0278
      vertex 9.04423 2.9899 11.0278
    endloop
  endfacet
  facet normal 0.956922 0.290344 0
    outer loop
      vertex 15.9378 4.27051 20
      vertex 15.6243 5.30375 18
      vertex 15.6243 5.30375 20
    endloop
  endfacet
  facet normal 0.956922 0.290344 0
    outer loop
      vertex 15.6243 5.30375 18
      vertex 15.9378 4.27051 20
      vertex 15.9378 4.27051 18
    endloop
  endfacet
  facet normal 0.676852 0.205367 -0.706892
    outer loop
      vertex 17.0447 5.78591 0.599991
      vertex 17.3867 4.65874 0.599991
      vertex 16.4766 5.59304 0
    endloop
  endfacet
  facet normal 0.676815 0.205295 -0.706948
    outer loop
      vertex 17.3867 4.65874 0.599991
      vertex 16.8071 4.50345 0
      vertex 16.4766 5.59304 0
    endloop
  endfacet
  facet normal 0.97389 0.227021 0
    outer loop
      vertex 17.6541 3.51163 3
      vertex 17.3867 4.65874 0.599991
      vertex 17.3867 4.65874 3
    endloop
  endfacet
  facet normal 0.97389 0.227021 0
    outer loop
      vertex 17.3867 4.65874 0.599991
      vertex 17.6541 3.51163 3
      vertex 17.6541 3.51163 0.599991
    endloop
  endfacet
  facet normal 0.435715 0.101598 0.894332
    outer loop
      vertex 8.82707 1.75581 7.5
      vertex 17.3867 4.65874 3
      vertex 8.69333 2.32937 7.5
    endloop
  endfacet
  facet normal 0.435724 0.101571 0.894331
    outer loop
      vertex 17.6541 3.51163 3
      vertex 17.3867 4.65874 3
      vertex 8.82707 1.75581 7.5
    endloop
  endfacet
  facet normal 0.973875 0.227084 0
    outer loop
      vertex 8.82707 1.75581 8.44436
      vertex 8.69333 2.32937 7.5
      vertex 8.69333 2.32937 8.44436
    endloop
  endfacet
  facet normal 0.973875 0.227084 0
    outer loop
      vertex 8.69333 2.32937 7.5
      vertex 8.82707 1.75581 8.44436
      vertex 8.82707 1.75581 7.5
    endloop
  endfacet
  facet normal 0.688816 0.160622 -0.706918
    outer loop
      vertex 9.22042 2.39198 11.0278
      vertex 15.9378 4.27051 18
      vertex 16.183 3.21899 18
    endloop
  endfacet
  facet normal 0.688807 0.160659 -0.706919
    outer loop
      vertex 9.22042 2.39198 11.0278
      vertex 9.20316 2.46598 11.0278
      vertex 15.9378 4.27051 18
    endloop
  endfacet
  facet normal 0.688818 0.160609 -0.706919
    outer loop
      vertex 9.29152 2.08703 11.0278
      vertex 16.183 3.21899 18
      vertex 9.34474 1.85878 11.0278
    endloop
  endfacet
  facet normal 0.68882 0.1606 -0.706919
    outer loop
      vertex 16.183 3.21899 18
      vertex 9.29152 2.08703 11.0278
      vertex 9.22042 2.39198 11.0278
    endloop
  endfacet
  facet normal 0.973873 0.227094 0
    outer loop
      vertex 16.183 3.21899 20
      vertex 15.9378 4.27051 18
      vertex 15.9378 4.27051 20
    endloop
  endfacet
  facet normal 0.973873 0.227094 0
    outer loop
      vertex 15.9378 4.27051 18
      vertex 16.183 3.21899 20
      vertex 16.183 3.21899 18
    endloop
  endfacet
  facet normal 0.688799 0.160564 -0.706947
    outer loop
      vertex 17.3867 4.65874 0.599991
      vertex 17.6541 3.51163 0.599991
      vertex 16.8071 4.50345 0
    endloop
  endfacet
  facet normal 0.688847 0.160645 -0.706882
    outer loop
      vertex 17.6541 3.51163 0.599991
      vertex 17.0657 3.39457 0
      vertex 16.8071 4.50345 0
    endloop
  endfacet
  facet normal 0.98664 0.162917 0
    outer loop
      vertex 17.846 2.34947 3
      vertex 17.6541 3.51163 0.599991
      vertex 17.6541 3.51163 3
    endloop
  endfacet
  facet normal 0.98664 0.162917 0
    outer loop
      vertex 17.6541 3.51163 0.599991
      vertex 17.846 2.34947 3
      vertex 17.846 2.34947 0.599991
    endloop
  endfacet
  facet normal 0.441432 0.0728768 0.894331
    outer loop
      vertex 8.923 1.17474 7.5
      vertex 17.6541 3.51163 3
      vertex 8.82707 1.75581 7.5
    endloop
  endfacet
  facet normal 0.441428 0.0728902 0.894331
    outer loop
      vertex 17.846 2.34947 3
      vertex 17.6541 3.51163 3
      vertex 8.923 1.17474 7.5
    endloop
  endfacet
  facet normal 0.986645 0.162887 0
    outer loop
      vertex 8.923 1.17474 8.44436
      vertex 8.82707 1.75581 7.5
      vertex 8.82707 1.75581 8.44436
    endloop
  endfacet
  facet normal 0.986645 0.162887 0
    outer loop
      vertex 8.82707 1.75581 7.5
      vertex 8.923 1.17474 8.44436
      vertex 8.923 1.17474 7.5
    endloop
  endfacet
  facet normal 0.697858 0.115162 -0.706918
    outer loop
      vertex 9.35712 1.78381 11.0278
      vertex 16.183 3.21899 18
      vertex 16.3588 2.15368 18
    endloop
  endfacet
  facet normal 0.697844 0.115237 -0.706919
    outer loop
      vertex 9.35712 1.78381 11.0278
      vertex 9.34474 1.85878 11.0278
      vertex 16.183 3.21899 18
    endloop
  endfacet
  facet normal 0.69785 0.115227 -0.706914
    outer loop
      vertex 9.40813 1.47486 11.0278
      vertex 16.3588 2.15368 18
      vertex 9.44631 1.24363 11.0278
    endloop
  endfacet
  facet normal 0.697851 0.115221 -0.706914
    outer loop
      vertex 16.3588 2.15368 18
      vertex 9.40813 1.47486 11.0278
      vertex 9.35712 1.78381 11.0278
    endloop
  endfacet
  facet normal 0.986656 0.16282 0
    outer loop
      vertex 16.3588 2.15368 20
      vertex 16.183 3.21899 18
      vertex 16.183 3.21899 20
    endloop
  endfacet
  facet normal 0.986656 0.16282 0
    outer loop
      vertex 16.183 3.21899 18
      vertex 16.3588 2.15368 20
      vertex 16.3588 2.15368 18
    endloop
  endfacet
  facet normal 0.697881 0.115237 -0.706882
    outer loop
      vertex 17.6541 3.51163 0.599991
      vertex 17.846 2.34947 0.599991
      vertex 17.0657 3.39457 0
    endloop
  endfacet
  facet normal 0.697831 0.115164 -0.706943
    outer loop
      vertex 17.846 2.34947 0.599991
      vertex 17.2511 2.27115 0
      vertex 17.0657 3.39457 0
    endloop
  endfacet
  facet normal 0.995181 0.098057 0
    outer loop
      vertex 17.9615 1.17726 3
      vertex 17.846 2.34947 0.599991
      vertex 17.846 2.34947 3
    endloop
  endfacet
  facet normal 0.995181 0.098057 0
    outer loop
      vertex 17.846 2.34947 0.599991
      vertex 17.9615 1.17726 3
      vertex 17.9615 1.17726 0.599991
    endloop
  endfacet
  facet normal 0.445251 0.0438557 0.894331
    outer loop
      vertex 8.98073 0.588628 7.5
      vertex 17.846 2.34947 3
      vertex 8.923 1.17474 7.5
    endloop
  endfacet
  facet normal 0.445248 0.0438711 0.894332
    outer loop
      vertex 17.9615 1.17726 3
      vertex 17.846 2.34947 3
      vertex 8.98073 0.588628 7.5
    endloop
  endfacet
  facet normal 0.995184 0.0980222 0
    outer loop
      vertex 8.98073 0.588628 8.44436
      vertex 8.923 1.17474 7.5
      vertex 8.923 1.17474 8.44436
    endloop
  endfacet
  facet normal 0.995184 0.0980222 0
    outer loop
      vertex 8.923 1.17474 7.5
      vertex 8.98073 0.588628 8.44436
      vertex 8.98073 0.588628 7.5
    endloop
  endfacet
  facet normal 0.703888 0.0693715 -0.706916
    outer loop
      vertex 9.45375 1.16801 11.0278
      vertex 16.3588 2.15368 18
      vertex 16.4647 1.07915 18
    endloop
  endfacet
  facet normal 0.703902 0.0692546 -0.706913
    outer loop
      vertex 16.3588 2.15368 18
      vertex 9.45375 1.16801 11.0278
      vertex 9.44631 1.24363 11.0278
    endloop
  endfacet
  facet normal 0.70389 0.0693219 -0.706918
    outer loop
      vertex 9.48445 0.856385 11.0278
      vertex 16.4647 1.07915 18
      vertex 9.50742 0.623149 11.0278
    endloop
  endfacet
  facet normal 0.703889 0.0693442 -0.706917
    outer loop
      vertex 16.4647 1.07915 18
      vertex 9.48445 0.856385 11.0278
      vertex 9.45375 1.16801 11.0278
    endloop
  endfacet
  facet normal 0.995179 0.0980795 0
    outer loop
      vertex 16.4647 1.07915 20
      vertex 16.3588 2.15368 18
      vertex 16.3588 2.15368 20
    endloop
  endfacet
  facet normal 0.995179 0.0980795 0
    outer loop
      vertex 16.3588 2.15368 18
      vertex 16.4647 1.07915 20
      vertex 16.4647 1.07915 18
    endloop
  endfacet
  facet normal 0.703862 0.0693528 -0.706943
    outer loop
      vertex 17.846 2.34947 0.599991
      vertex 17.9615 1.17726 0.599991
      vertex 17.2511 2.27115 0
    endloop
  endfacet
  facet normal 0.703835 0.0693189 -0.706973
    outer loop
      vertex 17.9615 1.17726 0.599991
      vertex 17.3627 1.13801 0
      vertex 17.2511 2.27115 0
    endloop
  endfacet
  facet normal 0.999466 0.0326856 0
    outer loop
      vertex 18 0 3
      vertex 17.9615 1.17726 0.599991
      vertex 17.9615 1.17726 3
    endloop
  endfacet
  facet normal 0.999466 0.0326856 0
    outer loop
      vertex 17.9615 1.17726 0.599991
      vertex 18 0 3
      vertex 18 0 0.599991
    endloop
  endfacet
  facet normal 0.447166 0.0146237 0.894332
    outer loop
      vertex 17.9615 1.17726 3
      vertex 9 0 7.5
      vertex 18 0 3
    endloop
  endfacet
  facet normal 0.447164 0.0146389 0.894332
    outer loop
      vertex 9 0 7.5
      vertex 17.9615 1.17726 3
      vertex 8.98073 0.588628 7.5
    endloop
  endfacet
  facet normal 0.999465 0.0327196 0
    outer loop
      vertex 9 0 8.44436
      vertex 8.98073 0.588628 7.5
      vertex 8.98073 0.588628 8.44436
    endloop
  endfacet
  facet normal 0.999465 0.0327196 0
    outer loop
      vertex 8.98073 0.588628 7.5
      vertex 9 0 8.44436
      vertex 9 0 7.5
    endloop
  endfacet
  facet normal 0.706918 0.0231239 -0.706918
    outer loop
      vertex 9.5099 0.547203 11.0278
      vertex 16.4647 1.07915 18
      vertex 16.5 0 18
    endloop
  endfacet
  facet normal 0.70692 0.0230843 -0.706917
    outer loop
      vertex 16.4647 1.07915 18
      vertex 9.5099 0.547203 11.0278
      vertex 9.50742 0.623149 11.0278
    endloop
  endfacet
  facet normal 0.706918 0.0231525 -0.706916
    outer loop
      vertex 16.5 0 18
      vertex 9.52015 0.234239 11.0278
      vertex 9.5099 0.547203 11.0278
    endloop
  endfacet
  facet normal 0.706918 0.0231476 -0.706916
    outer loop
      vertex 9.52015 0.234239 11.0278
      vertex 16.5 0 18
      vertex 9.52782 0 11.0278
    endloop
  endfacet
  facet normal 0.999465 0.0326934 0
    outer loop
      vertex 16.5 0 20
      vertex 16.4647 1.07915 18
      vertex 16.4647 1.07915 20
    endloop
  endfacet
  facet normal 0.999465 0.0326934 0
    outer loop
      vertex 16.4647 1.07915 18
      vertex 16.5 0 20
      vertex 16.5 0 18
    endloop
  endfacet
  facet normal 0.706863 0.0231166 -0.706972
    outer loop
      vertex 17.9615 1.17726 0.599991
      vertex 18 0 0.599991
      vertex 17.3627 1.13801 0
    endloop
  endfacet
  facet normal 0.706912 0.0231701 -0.706922
    outer loop
      vertex 18 0 0.599991
      vertex 17.4 0 0
      vertex 17.3627 1.13801 0
    endloop
  endfacet
  facet normal 0.999466 -0.0326856 0
    outer loop
      vertex 17.9615 -1.17726 3
      vertex 18 0 0.599991
      vertex 18 0 3
    endloop
  endfacet
  facet normal 0.999466 -0.0326856 0
    outer loop
      vertex 18 0 0.599991
      vertex 17.9615 -1.17726 3
      vertex 17.9615 -1.17726 0.599991
    endloop
  endfacet
  facet normal 0.447166 -0.0146237 0.894332
    outer loop
      vertex 9 0 7.5
      vertex 17.9615 -1.17726 3
      vertex 18 0 3
    endloop
  endfacet
  facet normal 0.447164 -0.0146389 0.894332
    outer loop
      vertex 17.9615 -1.17726 3
      vertex 9 0 7.5
      vertex 8.98073 -0.588628 7.5
    endloop
  endfacet
  facet normal 0.999465 -0.0327196 0
    outer loop
      vertex 8.98073 -0.588628 8.44436
      vertex 9 0 7.5
      vertex 9 0 8.44436
    endloop
  endfacet
  facet normal 0.999465 -0.0327196 0
    outer loop
      vertex 9 0 7.5
      vertex 8.98073 -0.588628 8.44436
      vertex 8.98073 -0.588628 7.5
    endloop
  endfacet
  facet normal 0.706918 -0.0231774 -0.706916
    outer loop
      vertex 16.5 0 18
      vertex 9.52533 -0.0759459 11.0278
      vertex 9.52782 0 11.0278
    endloop
  endfacet
  facet normal 0.706918 -0.023124 -0.706917
    outer loop
      vertex 9.52533 -0.0759459 11.0278
      vertex 16.5 0 18
      vertex 16.4647 -1.07915 18
    endloop
  endfacet
  facet normal 0.706918 -0.0231299 -0.706917
    outer loop
      vertex 16.4647 -1.07915 18
      vertex 9.51509 -0.38891 11.0278
      vertex 9.52533 -0.0759459 11.0278
    endloop
  endfacet
  facet normal 0.706917 -0.0231475 -0.706918
    outer loop
      vertex 9.51509 -0.38891 11.0278
      vertex 16.4647 -1.07915 18
      vertex 9.50742 -0.623149 11.0278
    endloop
  endfacet
  facet normal 0.999465 -0.0326934 0
    outer loop
      vertex 16.4647 -1.07915 20
      vertex 16.5 0 18
      vertex 16.5 0 20
    endloop
  endfacet
  facet normal 0.999465 -0.0326934 0
    outer loop
      vertex 16.5 0 18
      vertex 16.4647 -1.07915 20
      vertex 16.4647 -1.07915 18
    endloop
  endfacet
  facet normal 0.706912 -0.0231182 -0.706923
    outer loop
      vertex 18 0 0.599991
      vertex 17.9615 -1.17726 0.599991
      vertex 17.4 0 0
    endloop
  endfacet
  facet normal 0.706861 -0.0231684 -0.706973
    outer loop
      vertex 17.4 0 0
      vertex 17.9615 -1.17726 0.599991
      vertex 17.3627 -1.13801 0
    endloop
  endfacet
  facet normal 0.995181 -0.098057 0
    outer loop
      vertex 17.846 -2.34947 3
      vertex 17.9615 -1.17726 0.599991
      vertex 17.9615 -1.17726 3
    endloop
  endfacet
  facet normal 0.995181 -0.098057 0
    outer loop
      vertex 17.9615 -1.17726 0.599991
      vertex 17.846 -2.34947 3
      vertex 17.846 -2.34947 0.599991
    endloop
  endfacet
  facet normal 0.445249 -0.0438555 0.894332
    outer loop
      vertex 17.9615 -1.17726 3
      vertex 8.98073 -0.588628 7.5
      vertex 8.923 -1.17474 7.5
    endloop
  endfacet
  facet normal 0.445249 -0.0438712 0.894332
    outer loop
      vertex 17.846 -2.34947 3
      vertex 17.9615 -1.17726 3
      vertex 8.923 -1.17474 7.5
    endloop
  endfacet
  facet normal 0.995184 -0.0980222 0
    outer loop
      vertex 8.923 -1.17474 8.44436
      vertex 8.98073 -0.588628 7.5
      vertex 8.98073 -0.588628 8.44436
    endloop
  endfacet
  facet normal 0.995184 -0.0980222 0
    outer loop
      vertex 8.98073 -0.588628 7.5
      vertex 8.923 -1.17474 8.44436
      vertex 8.923 -1.17474 7.5
    endloop
  endfacet
  facet normal 0.703888 -0.0693454 -0.706917
    outer loop
      vertex 16.4647 -1.07915 18
      vertex 9.49997 -0.69877 11.0278
      vertex 9.50742 -0.623149 11.0278
    endloop
  endfacet
  facet normal 0.703886 -0.0693713 -0.706917
    outer loop
      vertex 9.49997 -0.69877 11.0278
      vertex 16.4647 -1.07915 18
      vertex 16.3588 -2.15368 18
    endloop
  endfacet
  facet normal 0.703894 -0.0693232 -0.706914
    outer loop
      vertex 16.3588 -2.15368 18
      vertex 9.46928 -1.01039 11.0278
      vertex 9.49997 -0.69877 11.0278
    endloop
  endfacet
  facet normal 0.703894 -0.0693211 -0.706914
    outer loop
      vertex 9.46928 -1.01039 11.0278
      vertex 16.3588 -2.15368 18
      vertex 9.44631 -1.24363 11.0278
    endloop
  endfacet
  facet normal 0.995179 -0.0980795 0
    outer loop
      vertex 16.3588 -2.15368 20
      vertex 16.4647 -1.07915 18
      vertex 16.4647 -1.07915 20
    endloop
  endfacet
  facet normal 0.995179 -0.0980795 0
    outer loop
      vertex 16.4647 -1.07915 18
      vertex 16.3588 -2.15368 20
      vertex 16.3588 -2.15368 18
    endloop
  endfacet
  facet normal 0.703833 -0.0693499 -0.706972
    outer loop
      vertex 17.9615 -1.17726 0.599991
      vertex 17.846 -2.34947 0.599991
      vertex 17.3627 -1.13801 0
    endloop
  endfacet
  facet normal 0.703866 -0.0693219 -0.706942
    outer loop
      vertex 17.3627 -1.13801 0
      vertex 17.846 -2.34947 0.599991
      vertex 17.2511 -2.27115 0
    endloop
  endfacet
  facet normal 0.98664 -0.162917 0
    outer loop
      vertex 17.6541 -3.51163 3
      vertex 17.846 -2.34947 0.599991
      vertex 17.846 -2.34947 3
    endloop
  endfacet
  facet normal 0.98664 -0.162917 0
    outer loop
      vertex 17.846 -2.34947 0.599991
      vertex 17.6541 -3.51163 3
      vertex 17.6541 -3.51163 0.599991
    endloop
  endfacet
  facet normal 0.44143 -0.0728766 0.894331
    outer loop
      vertex 17.846 -2.34947 3
      vertex 8.923 -1.17474 7.5
      vertex 8.82707 -1.75581 7.5
    endloop
  endfacet
  facet normal 0.441429 -0.0728903 0.894331
    outer loop
      vertex 17.6541 -3.51163 3
      vertex 17.846 -2.34947 3
      vertex 8.82707 -1.75581 7.5
    endloop
  endfacet
  facet normal 0.986645 -0.162887 0
    outer loop
      vertex 8.82707 -1.75581 8.44436
      vertex 8.923 -1.17474 7.5
      vertex 8.923 -1.17474 8.44436
    endloop
  endfacet
  facet normal 0.986645 -0.162887 0
    outer loop
      vertex 8.923 -1.17474 7.5
      vertex 8.82707 -1.75581 8.44436
      vertex 8.82707 -1.75581 7.5
    endloop
  endfacet
  facet normal 0.697849 -0.115238 -0.706914
    outer loop
      vertex 16.3588 -2.15368 18
      vertex 9.43393 -1.3186 11.0278
      vertex 9.44631 -1.24363 11.0278
    endloop
  endfacet
  facet normal 0.69786 -0.115162 -0.706916
    outer loop
      vertex 9.43393 -1.3186 11.0278
      vertex 16.3588 -2.15368 18
      vertex 16.183 -3.21899 18
    endloop
  endfacet
  facet normal 0.697847 -0.11522 -0.706919
    outer loop
      vertex 16.183 -3.21899 18
      vertex 9.38292 -1.62755 11.0278
      vertex 9.43393 -1.3186 11.0278
    endloop
  endfacet
  facet normal 0.697846 -0.115226 -0.706919
    outer loop
      vertex 9.34474 -1.85878 11.0278
      vertex 9.38292 -1.62755 11.0278
      vertex 16.183 -3.21899 18
    endloop
  endfacet
  facet normal 0.986656 -0.16282 0
    outer loop
      vertex 16.183 -3.21899 20
      vertex 16.3588 -2.15368 18
      vertex 16.3588 -2.15368 20
    endloop
  endfacet
  facet normal 0.986656 -0.16282 0
    outer loop
      vertex 16.3588 -2.15368 18
      vertex 16.183 -3.21899 20
      vertex 16.183 -3.21899 18
    endloop
  endfacet
  facet normal 0.697822 -0.115227 -0.706942
    outer loop
      vertex 17.846 -2.34947 0.599991
      vertex 17.6541 -3.51163 0.599991
      vertex 17.2511 -2.27115 0
    endloop
  endfacet
  facet normal 0.697893 -0.115174 -0.706881
    outer loop
      vertex 17.2511 -2.27115 0
      vertex 17.6541 -3.51163 0.599991
      vertex 17.0657 -3.39457 0
    endloop
  endfacet
  facet normal 0.97389 -0.227021 0
    outer loop
      vertex 17.3867 -4.65874 3
      vertex 17.6541 -3.51163 0.599991
      vertex 17.6541 -3.51163 3
    endloop
  endfacet
  facet normal 0.97389 -0.227021 0
    outer loop
      vertex 17.6541 -3.51163 0.599991
      vertex 17.3867 -4.65874 3
      vertex 17.3867 -4.65874 0.599991
    endloop
  endfacet
  facet normal 0.435718 -0.101599 0.894331
    outer loop
      vertex 17.6541 -3.51163 3
      vertex 8.82707 -1.75581 7.5
      vertex 8.69333 -2.32937 7.5
    endloop
  endfacet
  facet normal 0.435723 -0.10157 0.894332
    outer loop
      vertex 17.3867 -4.65874 3
      vertex 17.6541 -3.51163 3
      vertex 8.69333 -2.32937 7.5
    endloop
  endfacet
  facet normal 0.973875 -0.227084 0
    outer loop
      vertex 8.69333 -2.32937 8.44436
      vertex 8.82707 -1.75581 7.5
      vertex 8.82707 -1.75581 8.44436
    endloop
  endfacet
  facet normal 0.973875 -0.227084 0
    outer loop
      vertex 8.82707 -1.75581 7.5
      vertex 8.69333 -2.32937 8.44436
      vertex 8.69333 -2.32937 7.5
    endloop
  endfacet
  facet normal 0.688816 -0.160622 -0.706918
    outer loop
      vertex 9.32749 -1.93279 11.0278
      vertex 16.183 -3.21899 18
      vertex 15.9378 -4.27051 18
    endloop
  endfacet
  facet normal 0.688831 -0.16055 -0.70692
    outer loop
      vertex 16.183 -3.21899 18
      vertex 9.32749 -1.93279 11.0278
      vertex 9.34474 -1.85878 11.0278
    endloop
  endfacet
  facet normal 0.688816 -0.160622 -0.706918
    outer loop
      vertex 15.9378 -4.27051 18
      vertex 9.25638 -2.23774 11.0278
      vertex 9.32749 -1.93279 11.0278
    endloop
  endfacet
  facet normal 0.688818 -0.160615 -0.706918
    outer loop
      vertex 9.20316 -2.46598 11.0278
      vertex 9.25638 -2.23774 11.0278
      vertex 15.9378 -4.27051 18
    endloop
  endfacet
  facet normal 0.973873 -0.227094 0
    outer loop
      vertex 15.9378 -4.27051 20
      vertex 16.183 -3.21899 18
      vertex 16.183 -3.21899 20
    endloop
  endfacet
  facet normal 0.973873 -0.227094 0
    outer loop
      vertex 16.183 -3.21899 18
      vertex 15.9378 -4.27051 20
      vertex 15.9378 -4.27051 18
    endloop
  endfacet
  facet normal 0.688862 -0.160579 -0.706883
    outer loop
      vertex 17.6541 -3.51163 0.599991
      vertex 17.3867 -4.65874 0.599991
      vertex 17.0657 -3.39457 0
    endloop
  endfacet
  facet normal 0.688783 -0.16063 -0.706949
    outer loop
      vertex 17.0657 -3.39457 0
      vertex 17.3867 -4.65874 0.599991
      vertex 16.8071 -4.50345 0
    endloop
  endfacet
  facet normal 0.956922 -0.290344 0
    outer loop
      vertex 17.0447 -5.78591 3
      vertex 17.3867 -4.65874 0.599991
      vertex 17.3867 -4.65874 3
    endloop
  endfacet
  facet normal 0.956922 -0.290344 0
    outer loop
      vertex 17.3867 -4.65874 0.599991
      vertex 17.0447 -5.78591 3
      vertex 17.0447 -5.78591 0.599991
    endloop
  endfacet
  facet normal 0.428139 -0.129874 0.894332
    outer loop
      vertex 17.3867 -4.65874 3
      vertex 8.69333 -2.32937 7.5
      vertex 8.52237 -2.89295 7.5
    endloop
  endfacet
  facet normal 0.428133 -0.129902 0.894331
    outer loop
      vertex 17.0447 -5.78591 3
      vertex 17.3867 -4.65874 3
      vertex 8.52237 -2.89295 7.5
    endloop
  endfacet
  facet normal 0.95694 -0.290284 0
    outer loop
      vertex 8.52237 -2.89295 8.44436
      vertex 8.69333 -2.32937 7.5
      vertex 8.69333 -2.32937 8.44436
    endloop
  endfacet
  facet normal 0.95694 -0.290284 0
    outer loop
      vertex 8.69333 -2.32937 7.5
      vertex 8.52237 -2.89295 8.44436
      vertex 8.52237 -2.89295 7.5
    endloop
  endfacet
  facet normal 0.676828 -0.205359 -0.706917
    outer loop
      vertex 9.18111 -2.53869 11.0278
      vertex 15.9378 -4.27051 18
      vertex 15.6243 -5.30375 18
    endloop
  endfacet
  facet normal 0.676855 -0.205263 -0.706919
    outer loop
      vertex 15.9378 -4.27051 18
      vertex 9.18111 -2.53869 11.0278
      vertex 9.20316 -2.46598 11.0278
    endloop
  endfacet
  facet normal 0.676842 -0.205323 -0.706914
    outer loop
      vertex 15.6243 -5.30375 18
      vertex 9.09021 -2.83834 11.0278
      vertex 9.18111 -2.53869 11.0278
    endloop
  endfacet
  facet normal 0.676847 -0.205306 -0.706914
    outer loop
      vertex 9.02218 -3.06262 11.0278
      vertex 9.09021 -2.83834 11.0278
      vertex 15.6243 -5.30375 18
    endloop
  endfacet
  facet normal 0.956922 -0.290344 0
    outer loop
      vertex 15.6243 -5.30375 20
      vertex 15.9378 -4.27051 18
      vertex 15.9378 -4.27051 20
    endloop
  endfacet
  facet normal 0.956922 -0.290344 0
    outer loop
      vertex 15.9378 -4.27051 18
      vertex 15.6243 -5.30375 20
      vertex 15.6243 -5.30375 18
    endloop
  endfacet
  facet normal 0.676799 -0.205351 -0.706947
    outer loop
      vertex 17.3867 -4.65874 0.599991
      vertex 17.0447 -5.78591 0.599991
      vertex 16.8071 -4.50345 0
    endloop
  endfacet
  facet normal 0.67687 -0.205312 -0.706891
    outer loop
      vertex 16.8071 -4.50345 0
      vertex 17.0447 -5.78591 0.599991
      vertex 16.4766 -5.59304 0
    endloop
  endfacet
  facet normal 0.935909 -0.352242 0
    outer loop
      vertex 16.6298 -6.8883 3
      vertex 17.0447 -5.78591 0.599991
      vertex 17.0447 -5.78591 3
    endloop
  endfacet
  facet normal 0.935909 -0.352242 0
    outer loop
      vertex 17.0447 -5.78591 0.599991
      vertex 16.6298 -6.8883 3
      vertex 16.6298 -6.8883 0.599991
    endloop
  endfacet
  facet normal 0.418732 -0.157594 0.894331
    outer loop
      vertex 17.0447 -5.78591 3
      vertex 8.52237 -2.89295 7.5
      vertex 8.31492 -3.44415 7.5
    endloop
  endfacet
  facet normal 0.418732 -0.157596 0.894331
    outer loop
      vertex 16.6298 -6.8883 3
      vertex 17.0447 -5.78591 3
      vertex 8.31492 -3.44415 7.5
    endloop
  endfacet
  facet normal 0.93591 -0.35224 0
    outer loop
      vertex 8.31492 -3.44415 8.44436
      vertex 8.52237 -2.89295 7.5
      vertex 8.52237 -2.89295 8.44436
    endloop
  endfacet
  facet normal 0.93591 -0.35224 0
    outer loop
      vertex 8.52237 -2.89295 7.5
      vertex 8.31492 -3.44415 8.44436
      vertex 8.31492 -3.44415 7.5
    endloop
  endfacet
  facet normal 0.661973 -0.249125 -0.706915
    outer loop
      vertex 8.99541 -3.13373 11.0278
      vertex 15.6243 -5.30375 18
      vertex 15.244 -6.31428 18
    endloop
  endfacet
  facet normal 0.661948 -0.249196 -0.706913
    outer loop
      vertex 15.6243 -5.30375 18
      vertex 8.99541 -3.13373 11.0278
      vertex 9.02218 -3.06262 11.0278
    endloop
  endfacet
  facet normal 0.661964 -0.249146 -0.706916
    outer loop
      vertex 15.244 -6.31428 18
      vertex 8.88511 -3.42679 11.0278
      vertex 8.99541 -3.13373 11.0278
    endloop
  endfacet
  facet normal 0.661972 -0.249126 -0.706915
    outer loop
      vertex 8.88511 -3.42679 11.0278
      vertex 15.244 -6.31428 18
      vertex 8.80256 -3.64614 11.0278
    endloop
  endfacet
  facet normal 0.935917 -0.35222 0
    outer loop
      vertex 15.244 -6.31428 20
      vertex 15.6243 -5.30375 18
      vertex 15.6243 -5.30375 20
    endloop
  endfacet
  facet normal 0.935917 -0.35222 0
    outer loop
      vertex 15.6243 -5.30375 18
      vertex 15.244 -6.31428 20
      vertex 15.244 -6.31428 18
    endloop
  endfacet
  facet normal 0.661988 -0.249149 -0.706892
    outer loop
      vertex 17.0447 -5.78591 0.599991
      vertex 16.6298 -6.8883 0.599991
      vertex 16.4766 -5.59304 0
    endloop
  endfacet
  facet normal 0.661968 -0.249158 -0.706908
    outer loop
      vertex 16.4766 -5.59304 0
      vertex 16.6298 -6.8883 0.599991
      vertex 16.0755 -6.65869 0
    endloop
  endfacet
  facet normal 0.910872 -0.41269 0
    outer loop
      vertex 16.1437 -7.9612 3
      vertex 16.6298 -6.8883 0.599991
      vertex 16.6298 -6.8883 3
    endloop
  endfacet
  facet normal 0.910872 -0.41269 0
    outer loop
      vertex 16.6298 -6.8883 0.599991
      vertex 16.1437 -7.9612 3
      vertex 16.1437 -7.9612 0.599991
    endloop
  endfacet
  facet normal 0.40753 -0.18464 0.894331
    outer loop
      vertex 8.31492 -3.44415 7.5
      vertex 16.1437 -7.9612 3
      vertex 16.6298 -6.8883 3
    endloop
  endfacet
  facet normal 0.407523 -0.184652 0.894331
    outer loop
      vertex 16.1437 -7.9612 3
      vertex 8.31492 -3.44415 7.5
      vertex 8.07185 -3.9806 7.5
    endloop
  endfacet
  facet normal 0.910859 -0.412718 0
    outer loop
      vertex 8.07185 -3.9806 8.44436
      vertex 8.31492 -3.44415 7.5
      vertex 8.31492 -3.44415 8.44436
    endloop
  endfacet
  facet normal 0.910859 -0.412718 0
    outer loop
      vertex 8.31492 -3.44415 7.5
      vertex 8.07185 -3.9806 8.44436
      vertex 8.07185 -3.9806 7.5
    endloop
  endfacet
  facet normal 0.644254 -0.291902 -0.706916
    outer loop
      vertex 8.64196 -4.00057 11.0278
      vertex 15.244 -6.31428 18
      vertex 14.7984 -7.29776 18
    endloop
  endfacet
  facet normal 0.644245 -0.291922 -0.706916
    outer loop
      vertex 15.244 -6.31428 18
      vertex 8.64196 -4.00057 11.0278
      vertex 8.80256 -3.64614 11.0278
    endloop
  endfacet
  facet normal 0.644259 -0.29189 -0.706916
    outer loop
      vertex 8.64196 -4.00057 11.0278
      vertex 14.7984 -7.29776 18
      vertex 8.54524 -4.21405 11.0278
    endloop
  endfacet
  facet normal 0.910867 -0.4127 0
    outer loop
      vertex 14.7984 -7.29776 20
      vertex 15.244 -6.31428 18
      vertex 15.244 -6.31428 20
    endloop
  endfacet
  facet normal 0.910867 -0.4127 0
    outer loop
      vertex 15.244 -6.31428 18
      vertex 14.7984 -7.29776 20
      vertex 14.7984 -7.29776 18
    endloop
  endfacet
  facet normal 0.644265 -0.291898 -0.706908
    outer loop
      vertex 16.6298 -6.8883 0.599991
      vertex 16.1437 -7.9612 0.599991
      vertex 16.0755 -6.65869 0
    endloop
  endfacet
  facet normal 0.64426 -0.291899 -0.706912
    outer loop
      vertex 16.0755 -6.65869 0
      vertex 16.1437 -7.9612 0.599991
      vertex 15.6056 -7.69582 0
    endloop
  endfacet
  facet normal 0.881939 -0.471364 0
    outer loop
      vertex 15.5885 -9 3
      vertex 16.1437 -7.9612 0.599991
      vertex 16.1437 -7.9612 3
    endloop
  endfacet
  facet normal 0.881939 -0.471364 0
    outer loop
      vertex 16.1437 -7.9612 0.599991
      vertex 15.5885 -9 3
      vertex 15.5885 -9 0.599991
    endloop
  endfacet
  facet normal 0.394578 -0.210902 0.894331
    outer loop
      vertex 16.1437 -7.9612 3
      vertex 8.07185 -3.9806 7.5
      vertex 7.79423 -4.5 7.5
    endloop
  endfacet
  facet normal 0.394583 -0.21089 0.894332
    outer loop
      vertex 15.5885 -9 3
      vertex 16.1437 -7.9612 3
      vertex 7.79423 -4.5 7.5
    endloop
  endfacet
  facet normal 0.881925 -0.47139 0
    outer loop
      vertex 7.79423 -4.5 8.44436
      vertex 8.07185 -3.9806 7.5
      vertex 8.07185 -3.9806 8.44436
    endloop
  endfacet
  facet normal 0.881925 -0.47139 0
    outer loop
      vertex 8.07185 -3.9806 7.5
      vertex 7.79423 -4.5 8.44436
      vertex 7.79423 -4.5 7.5
    endloop
  endfacet
  facet normal 0.623776 -0.333426 -0.706916
    outer loop
      vertex 8.50942 -4.28106 11.0278
      vertex 14.7984 -7.29776 18
      vertex 14.2894 -8.25 18
    endloop
  endfacet
  facet normal 0.623771 -0.333435 -0.706916
    outer loop
      vertex 14.7984 -7.29776 18
      vertex 8.50942 -4.28106 11.0278
      vertex 8.54524 -4.21405 11.0278
    endloop
  endfacet
  facet normal 0.623782 -0.333417 -0.706916
    outer loop
      vertex 14.2894 -8.25 18
      vertex 8.36181 -4.55722 11.0278
      vertex 8.50942 -4.28106 11.0278
    endloop
  endfacet
  facet normal 0.623779 -0.333422 -0.706916
    outer loop
      vertex 8.36181 -4.55722 11.0278
      vertex 14.2894 -8.25 18
      vertex 8.25133 -4.76391 11.0278
    endloop
  endfacet
  facet normal 0.881915 -0.471409 0
    outer loop
      vertex 14.2894 -8.25 20
      vertex 14.7984 -7.29776 18
      vertex 14.7984 -7.29776 20
    endloop
  endfacet
  facet normal 0.881915 -0.471409 0
    outer loop
      vertex 14.7984 -7.29776 18
      vertex 14.2894 -8.25 20
      vertex 14.2894 -8.25 18
    endloop
  endfacet
  facet normal 0.623796 -0.333396 -0.706913
    outer loop
      vertex 15.6056 -7.69582 0
      vertex 16.1437 -7.9612 0.599991
      vertex 15.5885 -9 0.599991
    endloop
  endfacet
  facet normal 0.623721 -0.33342 -0.706967
    outer loop
      vertex 15.6056 -7.69582 0
      vertex 15.5885 -9 0.599991
      vertex 15.0688 -8.7 0
    endloop
  endfacet
  facet normal 0.849212 -0.528052 0
    outer loop
      vertex 14.9665 -10.0003 3
      vertex 15.5885 -9 0.599991
      vertex 15.5885 -9 3
    endloop
  endfacet
  facet normal 0.849212 -0.528052 0
    outer loop
      vertex 15.5885 -9 0.599991
      vertex 14.9665 -10.0003 3
      vertex 14.9665 -10.0003 0.599991
    endloop
  endfacet
  facet normal 0.379937 -0.236259 0.894332
    outer loop
      vertex 15.5885 -9 3
      vertex 7.79423 -4.5 7.5
      vertex 7.48323 -5.00013 7.5
    endloop
  endfacet
  facet normal 0.37994 -0.236252 0.894332
    outer loop
      vertex 14.9665 -10.0003 3
      vertex 15.5885 -9 3
      vertex 7.48323 -5.00013 7.5
    endloop
  endfacet
  facet normal 0.849203 -0.528067 0
    outer loop
      vertex 7.48323 -5.00013 8.44436
      vertex 7.79423 -4.5 7.5
      vertex 7.79423 -4.5 8.44436
    endloop
  endfacet
  facet normal 0.849203 -0.528067 0
    outer loop
      vertex 7.79423 -4.5 7.5
      vertex 7.48323 -5.00013 8.44436
      vertex 7.48323 -5.00013 7.5
    endloop
  endfacet
  facet normal 0.600631 -0.373515 -0.706915
    outer loop
      vertex 8.21121 -4.82844 11.0278
      vertex 14.2894 -8.25 18
      vertex 13.7192 -9.16691 18
    endloop
  endfacet
  facet normal 0.600669 -0.373451 -0.706917
    outer loop
      vertex 14.2894 -8.25 18
      vertex 8.21121 -4.82844 11.0278
      vertex 8.25133 -4.76391 11.0278
    endloop
  endfacet
  facet normal 0.600633 -0.373512 -0.706915
    outer loop
      vertex 13.7192 -9.16691 18
      vertex 8.04585 -5.09435 11.0278
      vertex 8.21121 -4.82844 11.0278
    endloop
  endfacet
  facet normal 0.600638 -0.373505 -0.706915
    outer loop
      vertex 8.04585 -5.09435 11.0278
      vertex 13.7192 -9.16691 18
      vertex 7.92209 -5.29337 11.0278
    endloop
  endfacet
  facet normal 0.84919 -0.528087 0
    outer loop
      vertex 13.7192 -9.16691 20
      vertex 14.2894 -8.25 18
      vertex 14.2894 -8.25 20
    endloop
  endfacet
  facet normal 0.84919 -0.528087 0
    outer loop
      vertex 14.2894 -8.25 18
      vertex 13.7192 -9.16691 20
      vertex 13.7192 -9.16691 18
    endloop
  endfacet
  facet normal 0.600604 -0.373464 -0.706965
    outer loop
      vertex 15.0688 -8.7 0
      vertex 15.5885 -9 0.599991
      vertex 14.9665 -10.0003 0.599991
    endloop
  endfacet
  facet normal 0.600635 -0.373456 -0.706943
    outer loop
      vertex 15.0688 -8.7 0
      vertex 14.9665 -10.0003 0.599991
      vertex 14.4676 -9.66692 0
    endloop
  endfacet
  facet normal 0.812832 -0.582498 0
    outer loop
      vertex 14.2804 -10.9577 3
      vertex 14.9665 -10.0003 0.599991
      vertex 14.9665 -10.0003 3
    endloop
  endfacet
  facet normal 0.812832 -0.582498 0
    outer loop
      vertex 14.9665 -10.0003 0.599991
      vertex 14.2804 -10.9577 3
      vertex 14.2804 -10.9577 0.599991
    endloop
  endfacet
  facet normal 0.363669 -0.260604 0.894332
    outer loop
      vertex 14.9665 -10.0003 3
      vertex 7.48323 -5.00013 7.5
      vertex 7.14018 -5.47885 7.5
    endloop
  endfacet
  facet normal 0.363664 -0.260612 0.894332
    outer loop
      vertex 14.2804 -10.9577 3
      vertex 14.9665 -10.0003 3
      vertex 7.14018 -5.47885 7.5
    endloop
  endfacet
  facet normal 0.812843 -0.582482 0
    outer loop
      vertex 7.14018 -5.47885 8.44436
      vertex 7.48323 -5.00013 7.5
      vertex 7.48323 -5.00013 8.44436
    endloop
  endfacet
  facet normal 0.812843 -0.582482 0
    outer loop
      vertex 7.48323 -5.00013 7.5
      vertex 7.14018 -5.47885 8.44436
      vertex 7.14018 -5.47885 7.5
    endloop
  endfacet
  facet normal 0.574939 -0.411967 -0.706915
    outer loop
      vertex 7.87783 -5.35514 11.0278
      vertex 13.7192 -9.16691 18
      vertex 13.0903 -10.0446 18
    endloop
  endfacet
  facet normal 0.574942 -0.411962 -0.706915
    outer loop
      vertex 13.7192 -9.16691 18
      vertex 7.87783 -5.35514 11.0278
      vertex 7.92209 -5.29337 11.0278
    endloop
  endfacet
  facet normal 0.57492 -0.41199 -0.706917
    outer loop
      vertex 13.0903 -10.0446 18
      vertex 7.69544 -5.60966 11.0278
      vertex 7.87783 -5.35514 11.0278
    endloop
  endfacet
  facet normal 0.574935 -0.41197 -0.706916
    outer loop
      vertex 7.69544 -5.60966 11.0278
      vertex 13.0903 -10.0446 18
      vertex 7.55893 -5.80017 11.0278
    endloop
  endfacet
  facet normal 0.812866 -0.582451 0
    outer loop
      vertex 13.0903 -10.0446 20
      vertex 13.7192 -9.16691 18
      vertex 13.7192 -9.16691 20
    endloop
  endfacet
  facet normal 0.812866 -0.582451 0
    outer loop
      vertex 13.7192 -9.16691 18
      vertex 13.0903 -10.0446 20
      vertex 13.0903 -10.0446 18
    endloop
  endfacet
  facet normal 0.574891 -0.411983 -0.706944
    outer loop
      vertex 14.4676 -9.66692 0
      vertex 14.9665 -10.0003 0.599991
      vertex 14.2804 -10.9577 0.599991
    endloop
  endfacet
  facet normal 0.574839 -0.411993 -0.706981
    outer loop
      vertex 14.4676 -9.66692 0
      vertex 14.2804 -10.9577 0.599991
      vertex 13.8043 -10.5924 0
    endloop
  endfacet
  facet normal 0.77298 -0.63443 0
    outer loop
      vertex 13.5331 -11.8682 3
      vertex 14.2804 -10.9577 0.599991
      vertex 14.2804 -10.9577 3
    endloop
  endfacet
  facet normal 0.77298 -0.63443 0
    outer loop
      vertex 14.2804 -10.9577 0.599991
      vertex 13.5331 -11.8682 3
      vertex 13.5331 -11.8682 0.599991
    endloop
  endfacet
  facet normal 0.345849 -0.283829 0.894332
    outer loop
      vertex 14.2804 -10.9577 3
      vertex 7.14018 -5.47885 7.5
      vertex 6.76656 -5.93411 7.5
    endloop
  endfacet
  facet normal 0.345836 -0.283848 0.894331
    outer loop
      vertex 13.5331 -11.8682 3
      vertex 14.2804 -10.9577 3
      vertex 6.76656 -5.93411 7.5
    endloop
  endfacet
  facet normal 0.773012 -0.634391 0
    outer loop
      vertex 6.76656 -5.93411 8.44436
      vertex 7.14018 -5.47885 7.5
      vertex 7.14018 -5.47885 8.44436
    endloop
  endfacet
  facet normal 0.773012 -0.634391 0
    outer loop
      vertex 7.14018 -5.47885 7.5
      vertex 6.76656 -5.93411 8.44436
      vertex 6.76656 -5.93411 7.5
    endloop
  endfacet
  facet normal 0.54676 -0.448689 -0.706917
    outer loop
      vertex 7.51072 -5.85891 11.0278
      vertex 13.0903 -10.0446 18
      vertex 12.4054 -10.8792 18
    endloop
  endfacet
  facet normal 0.546733 -0.448723 -0.706916
    outer loop
      vertex 13.0903 -10.0446 18
      vertex 7.51072 -5.85891 11.0278
      vertex 7.55893 -5.80017 11.0278
    endloop
  endfacet
  facet normal 0.546741 -0.44871 -0.706918
    outer loop
      vertex 12.4054 -10.8792 18
      vertex 7.31207 -6.10096 11.0278
      vertex 7.51072 -5.85891 11.0278
    endloop
  endfacet
  facet normal 0.54675 -0.448699 -0.706918
    outer loop
      vertex 7.31207 -6.10096 11.0278
      vertex 12.4054 -10.8792 18
      vertex 7.16339 -6.28213 11.0278
    endloop
  endfacet
  facet normal 0.773028 -0.634372 0
    outer loop
      vertex 12.4054 -10.8792 20
      vertex 13.0903 -10.0446 18
      vertex 13.0903 -10.0446 20
    endloop
  endfacet
  facet normal 0.773028 -0.634372 0
    outer loop
      vertex 13.0903 -10.0446 18
      vertex 12.4054 -10.8792 20
      vertex 12.4054 -10.8792 18
    endloop
  endfacet
  facet normal 0.546679 -0.448691 -0.706978
    outer loop
      vertex 13.8043 -10.5924 0
      vertex 14.2804 -10.9577 0.599991
      vertex 13.5331 -11.8682 0.599991
    endloop
  endfacet
  facet normal 0.546766 -0.448681 -0.706918
    outer loop
      vertex 13.8043 -10.5924 0
      vertex 13.5331 -11.8682 0.599991
      vertex 13.082 -11.4726 0
    endloop
  endfacet
  facet normal 0.729863 -0.683594 0
    outer loop
      vertex 12.7279 -12.7279 3
      vertex 13.5331 -11.8682 0.599991
      vertex 13.5331 -11.8682 3
    endloop
  endfacet
  facet normal 0.729863 -0.683594 0
    outer loop
      vertex 13.5331 -11.8682 0.599991
      vertex 12.7279 -12.7279 3
      vertex 12.7279 -12.7279 0.599991
    endloop
  endfacet
  facet normal 0.326545 -0.305844 0.894331
    outer loop
      vertex 6.76656 -5.93411 7.5
      vertex 12.7279 -12.7279 3
      vertex 13.5331 -11.8682 3
    endloop
  endfacet
  facet normal 0.326545 -0.305844 0.894331
    outer loop
      vertex 12.7279 -12.7279 3
      vertex 6.76656 -5.93411 7.5
      vertex 6.36396 -6.36396 7.5
    endloop
  endfacet
  facet normal 0.729863 -0.683594 0
    outer loop
      vertex 6.36396 -6.36396 8.44436
      vertex 6.76656 -5.93411 7.5
      vertex 6.76656 -5.93411 8.44436
    endloop
  endfacet
  facet normal 0.729863 -0.683594 0
    outer loop
      vertex 6.76656 -5.93411 7.5
      vertex 6.36396 -6.36396 8.44436
      vertex 6.36396 -6.36396 7.5
    endloop
  endfacet
  facet normal 0.516241 -0.483489 -0.706918
    outer loop
      vertex 7.11145 -6.33759 11.0278
      vertex 12.4054 -10.8792 18
      vertex 11.6673 -11.6673 18
    endloop
  endfacet
  facet normal 0.516248 -0.483482 -0.706918
    outer loop
      vertex 12.4054 -10.8792 18
      vertex 7.11145 -6.33759 11.0278
      vertex 7.16339 -6.28213 11.0278
    endloop
  endfacet
  facet normal 0.516218 -0.483511 -0.70692
    outer loop
      vertex 11.6673 -11.6673 18
      vertex 6.89739 -6.56613 11.0278
      vertex 7.11145 -6.33759 11.0278
    endloop
  endfacet
  facet normal 0.516222 -0.483507 -0.70692
    outer loop
      vertex 6.89739 -6.56613 11.0278
      vertex 11.6673 -11.6673 18
      vertex 6.73718 -6.73718 11.0278
    endloop
  endfacet
  facet normal 0.729881 -0.683574 0
    outer loop
      vertex 11.6673 -11.6673 20
      vertex 12.4054 -10.8792 18
      vertex 12.4054 -10.8792 20
    endloop
  endfacet
  facet normal 0.729881 -0.683574 0
    outer loop
      vertex 12.4054 -10.8792 18
      vertex 11.6673 -11.6673 20
      vertex 11.6673 -11.6673 18
    endloop
  endfacet
  facet normal 0.516229 -0.483503 -0.706918
    outer loop
      vertex 13.082 -11.4726 0
      vertex 13.5331 -11.8682 0.599991
      vertex 12.7279 -12.7279 0.599991
    endloop
  endfacet
  facet normal 0.5163 -0.483499 -0.706868
    outer loop
      vertex 13.082 -11.4726 0
      vertex 12.7279 -12.7279 0.599991
      vertex 12.3037 -12.3037 0
    endloop
  endfacet
  facet normal 0.683594 -0.729863 0
    outer loop
      vertex 11.8682 -13.5331 0.599991
      vertex 12.7279 -12.7279 3
      vertex 11.8682 -13.5331 3
    endloop
  endfacet
  facet normal 0.683594 -0.729863 0
    outer loop
      vertex 12.7279 -12.7279 3
      vertex 11.8682 -13.5331 0.599991
      vertex 12.7279 -12.7279 0.599991
    endloop
  endfacet
  facet normal 0.305844 -0.326545 0.894331
    outer loop
      vertex 6.36396 -6.36396 7.5
      vertex 11.8682 -13.5331 3
      vertex 12.7279 -12.7279 3
    endloop
  endfacet
  facet normal 0.305844 -0.326545 0.894331
    outer loop
      vertex 11.8682 -13.5331 3
      vertex 6.36396 -6.36396 7.5
      vertex 5.93411 -6.76656 7.5
    endloop
  endfacet
  facet normal 0.683594 -0.729863 0
    outer loop
      vertex 5.93411 -6.76656 7.5
      vertex 6.36396 -6.36396 8.44436
      vertex 5.93411 -6.76656 8.44436
    endloop
  endfacet
  facet normal 0.683594 -0.729863 0
    outer loop
      vertex 6.36396 -6.36396 8.44436
      vertex 5.93411 -6.76656 7.5
      vertex 6.36396 -6.36396 7.5
    endloop
  endfacet
  facet normal 0.483488 -0.516241 -0.706919
    outer loop
      vertex 6.68172 -6.78913 11.0278
      vertex 11.6673 -11.6673 18
      vertex 10.8792 -12.4054 18
    endloop
  endfacet
  facet normal 0.48353 -0.5162 -0.70692
    outer loop
      vertex 11.6673 -11.6673 18
      vertex 6.68172 -6.78913 11.0278
      vertex 6.73718 -6.73718 11.0278
    endloop
  endfacet
  facet normal 0.4835 -0.516231 -0.706918
    outer loop
      vertex 10.8792 -12.4054 18
      vertex 6.45318 -7.00318 11.0278
      vertex 6.68172 -6.78913 11.0278
    endloop
  endfacet
  facet normal 0.483509 -0.516223 -0.706918
    outer loop
      vertex 6.45318 -7.00318 11.0278
      vertex 10.8792 -12.4054 18
      vertex 6.28213 -7.16339 11.0278
    endloop
  endfacet
  facet normal 0.683574 -0.729881 0
    outer loop
      vertex 10.8792 -12.4054 18
      vertex 11.6673 -11.6673 20
      vertex 10.8792 -12.4054 20
    endloop
  endfacet
  facet normal 0.683574 -0.729881 0
    outer loop
      vertex 11.6673 -11.6673 20
      vertex 10.8792 -12.4054 18
      vertex 11.6673 -11.6673 18
    endloop
  endfacet
  facet normal 0.483536 -0.516264 -0.706869
    outer loop
      vertex 12.3037 -12.3037 0
      vertex 12.7279 -12.7279 0.599991
      vertex 11.8682 -13.5331 0.599991
    endloop
  endfacet
  facet normal 0.483465 -0.516263 -0.706919
    outer loop
      vertex 12.3037 -12.3037 0
      vertex 11.8682 -13.5331 0.599991
      vertex 11.4726 -13.082 0
    endloop
  endfacet
  facet normal 0.63443 -0.77298 0
    outer loop
      vertex 10.9577 -14.2804 0.599991
      vertex 11.8682 -13.5331 3
      vertex 10.9577 -14.2804 3
    endloop
  endfacet
  facet normal 0.63443 -0.77298 0
    outer loop
      vertex 11.8682 -13.5331 3
      vertex 10.9577 -14.2804 0.599991
      vertex 11.8682 -13.5331 0.599991
    endloop
  endfacet
  facet normal 0.283831 -0.345851 0.894331
    outer loop
      vertex 11.8682 -13.5331 3
      vertex 5.93411 -6.76656 7.5
      vertex 5.47885 -7.14018 7.5
    endloop
  endfacet
  facet normal 0.283847 -0.345835 0.894332
    outer loop
      vertex 10.9577 -14.2804 3
      vertex 11.8682 -13.5331 3
      vertex 5.47885 -7.14018 7.5
    endloop
  endfacet
  facet normal 0.634391 -0.773012 0
    outer loop
      vertex 5.47885 -7.14018 7.5
      vertex 5.93411 -6.76656 8.44436
      vertex 5.47885 -7.14018 8.44436
    endloop
  endfacet
  facet normal 0.634391 -0.773012 0
    outer loop
      vertex 5.93411 -6.76656 8.44436
      vertex 5.47885 -7.14018 7.5
      vertex 5.93411 -6.76656 7.5
    endloop
  endfacet
  facet normal 0.448689 -0.54676 -0.706917
    outer loop
      vertex 6.22339 -7.2116 11.0278
      vertex 10.8792 -12.4054 18
      vertex 10.0446 -13.0903 18
    endloop
  endfacet
  facet normal 0.448722 -0.546731 -0.706918
    outer loop
      vertex 10.8792 -12.4054 18
      vertex 6.22339 -7.2116 11.0278
      vertex 6.28213 -7.16339 11.0278
    endloop
  endfacet
  facet normal 0.4487 -0.546752 -0.706917
    outer loop
      vertex 10.0446 -13.0903 18
      vertex 5.98133 -7.41025 11.0278
      vertex 6.22339 -7.2116 11.0278
    endloop
  endfacet
  facet normal 0.448715 -0.54674 -0.706916
    outer loop
      vertex 5.98133 -7.41025 11.0278
      vertex 10.0446 -13.0903 18
      vertex 5.80017 -7.55893 11.0278
    endloop
  endfacet
  facet normal 0.634372 -0.773028 0
    outer loop
      vertex 10.0446 -13.0903 18
      vertex 10.8792 -12.4054 20
      vertex 10.0446 -13.0903 20
    endloop
  endfacet
  facet normal 0.634372 -0.773028 0
    outer loop
      vertex 10.8792 -12.4054 20
      vertex 10.0446 -13.0903 18
      vertex 10.8792 -12.4054 18
    endloop
  endfacet
  facet normal 0.448729 -0.546725 -0.706919
    outer loop
      vertex 11.4726 -13.082 0
      vertex 11.8682 -13.5331 0.599991
      vertex 10.9577 -14.2804 0.599991
    endloop
  endfacet
  facet normal 0.448642 -0.546718 -0.706979
    outer loop
      vertex 11.4726 -13.082 0
      vertex 10.9577 -14.2804 0.599991
      vertex 10.5924 -13.8043 0
    endloop
  endfacet
  facet normal 0.582498 -0.812832 0
    outer loop
      vertex 10.0003 -14.9665 0.599991
      vertex 10.9577 -14.2804 3
      vertex 10.0003 -14.9665 3
    endloop
  endfacet
  facet normal 0.582498 -0.812832 0
    outer loop
      vertex 10.9577 -14.2804 3
      vertex 10.0003 -14.9665 0.599991
      vertex 10.9577 -14.2804 0.599991
    endloop
  endfacet
  facet normal 0.260605 -0.363669 0.894332
    outer loop
      vertex 10.9577 -14.2804 3
      vertex 5.47885 -7.14018 7.5
      vertex 5.00013 -7.48323 7.5
    endloop
  endfacet
  facet normal 0.260612 -0.363664 0.894332
    outer loop
      vertex 10.0003 -14.9665 3
      vertex 10.9577 -14.2804 3
      vertex 5.00013 -7.48323 7.5
    endloop
  endfacet
  facet normal 0.582482 -0.812843 0
    outer loop
      vertex 5.00013 -7.48323 7.5
      vertex 5.47885 -7.14018 8.44436
      vertex 5.00013 -7.48323 8.44436
    endloop
  endfacet
  facet normal 0.582482 -0.812843 0
    outer loop
      vertex 5.47885 -7.14018 8.44436
      vertex 5.00013 -7.48323 7.5
      vertex 5.47885 -7.14018 7.5
    endloop
  endfacet
  facet normal 0.411966 -0.574938 -0.706916
    outer loop
      vertex 5.7384 -7.60319 11.0278
      vertex 10.0446 -13.0903 18
      vertex 9.16691 -13.7192 18
    endloop
  endfacet
  facet normal 0.411962 -0.574941 -0.706916
    outer loop
      vertex 10.0446 -13.0903 18
      vertex 5.7384 -7.60319 11.0278
      vertex 5.80017 -7.55893 11.0278
    endloop
  endfacet
  facet normal 0.41198 -0.574929 -0.706915
    outer loop
      vertex 9.16691 -13.7192 18
      vertex 5.48387 -7.78558 11.0278
      vertex 5.7384 -7.60319 11.0278
    endloop
  endfacet
  facet normal 0.411985 -0.574926 -0.706915
    outer loop
      vertex 5.48387 -7.78558 11.0278
      vertex 9.16691 -13.7192 18
      vertex 5.29337 -7.92209 11.0278
    endloop
  endfacet
  facet normal 0.582451 -0.812866 0
    outer loop
      vertex 9.16691 -13.7192 18
      vertex 10.0446 -13.0903 20
      vertex 9.16691 -13.7192 20
    endloop
  endfacet
  facet normal 0.582451 -0.812866 0
    outer loop
      vertex 10.0446 -13.0903 20
      vertex 9.16691 -13.7192 18
      vertex 10.0446 -13.0903 18
    endloop
  endfacet
  facet normal 0.411962 -0.574862 -0.70698
    outer loop
      vertex 10.5924 -13.8043 0
      vertex 10.9577 -14.2804 0.599991
      vertex 10.0003 -14.9665 0.599991
    endloop
  endfacet
  facet normal 0.412014 -0.57487 -0.706944
    outer loop
      vertex 10.5924 -13.8043 0
      vertex 10.0003 -14.9665 0.599991
      vertex 9.66692 -14.4676 0
    endloop
  endfacet
  facet normal 0.528052 -0.849212 0
    outer loop
      vertex 9 -15.5885 0.599991
      vertex 10.0003 -14.9665 3
      vertex 9 -15.5885 3
    endloop
  endfacet
  facet normal 0.528052 -0.849212 0
    outer loop
      vertex 10.0003 -14.9665 3
      vertex 9 -15.5885 0.599991
      vertex 10.0003 -14.9665 0.599991
    endloop
  endfacet
  facet normal 0.236259 -0.379936 0.894332
    outer loop
      vertex 10.0003 -14.9665 3
      vertex 5.00013 -7.48323 7.5
      vertex 4.5 -7.79423 7.5
    endloop
  endfacet
  facet normal 0.236252 -0.379941 0.894332
    outer loop
      vertex 9 -15.5885 3
      vertex 10.0003 -14.9665 3
      vertex 4.5 -7.79423 7.5
    endloop
  endfacet
  facet normal 0.528067 -0.849203 0
    outer loop
      vertex 4.5 -7.79423 7.5
      vertex 5.00013 -7.48323 8.44436
      vertex 4.5 -7.79423 8.44436
    endloop
  endfacet
  facet normal 0.528067 -0.849203 0
    outer loop
      vertex 5.00013 -7.48323 8.44436
      vertex 4.5 -7.79423 7.5
      vertex 5.00013 -7.48323 7.5
    endloop
  endfacet
  facet normal 0.373515 -0.600631 -0.706915
    outer loop
      vertex 5.22884 -7.96222 11.0278
      vertex 9.16691 -13.7192 18
      vertex 8.25 -14.2894 18
    endloop
  endfacet
  facet normal 0.37352 -0.600628 -0.706915
    outer loop
      vertex 9.16691 -13.7192 18
      vertex 5.22884 -7.96222 11.0278
      vertex 5.29337 -7.92209 11.0278
    endloop
  endfacet
  facet normal 0.373495 -0.600642 -0.706916
    outer loop
      vertex 8.25 -14.2894 18
      vertex 4.96293 -8.12757 11.0278
      vertex 5.22884 -7.96222 11.0278
    endloop
  endfacet
  facet normal 0.373504 -0.600637 -0.706916
    outer loop
      vertex 4.96293 -8.12757 11.0278
      vertex 8.25 -14.2894 18
      vertex 4.76391 -8.25133 11.0278
    endloop
  endfacet
  facet normal 0.528087 -0.84919 0
    outer loop
      vertex 8.25 -14.2894 18
      vertex 9.16691 -13.7192 20
      vertex 8.25 -14.2894 20
    endloop
  endfacet
  facet normal 0.528087 -0.84919 0
    outer loop
      vertex 9.16691 -13.7192 20
      vertex 8.25 -14.2894 18
      vertex 9.16691 -13.7192 18
    endloop
  endfacet
  facet normal 0.373475 -0.600622 -0.706943
    outer loop
      vertex 9.66692 -14.4676 0
      vertex 10.0003 -14.9665 0.599991
      vertex 9 -15.5885 0.599991
    endloop
  endfacet
  facet normal 0.373444 -0.600616 -0.706966
    outer loop
      vertex 9.66692 -14.4676 0
      vertex 9 -15.5885 0.599991
      vertex 8.7 -15.0688 0
    endloop
  endfacet
  facet normal 0.471364 -0.881939 0
    outer loop
      vertex 7.9612 -16.1437 0.599991
      vertex 9 -15.5885 3
      vertex 7.9612 -16.1437 3
    endloop
  endfacet
  facet normal 0.471364 -0.881939 0
    outer loop
      vertex 9 -15.5885 3
      vertex 7.9612 -16.1437 0.599991
      vertex 9 -15.5885 0.599991
    endloop
  endfacet
  facet normal 0.210902 -0.394577 0.894332
    outer loop
      vertex 9 -15.5885 3
      vertex 4.5 -7.79423 7.5
      vertex 3.9806 -8.07185 7.5
    endloop
  endfacet
  facet normal 0.21089 -0.394584 0.894332
    outer loop
      vertex 7.9612 -16.1437 3
      vertex 9 -15.5885 3
      vertex 3.9806 -8.07185 7.5
    endloop
  endfacet
  facet normal 0.47139 -0.881925 0
    outer loop
      vertex 3.9806 -8.07185 7.5
      vertex 4.5 -7.79423 8.44436
      vertex 3.9806 -8.07185 8.44436
    endloop
  endfacet
  facet normal 0.47139 -0.881925 0
    outer loop
      vertex 4.5 -7.79423 8.44436
      vertex 3.9806 -8.07185 7.5
      vertex 4.5 -7.79423 7.5
    endloop
  endfacet
  facet normal 0.333426 -0.623776 -0.706916
    outer loop
      vertex 4.69689 -8.28715 11.0278
      vertex 8.25 -14.2894 18
      vertex 7.29776 -14.7984 18
    endloop
  endfacet
  facet normal 0.333397 -0.623793 -0.706915
    outer loop
      vertex 8.25 -14.2894 18
      vertex 4.69689 -8.28715 11.0278
      vertex 4.76391 -8.25133 11.0278
    endloop
  endfacet
  facet normal 0.333426 -0.623776 -0.706916
    outer loop
      vertex 7.29776 -14.7984 18
      vertex 4.42074 -8.43476 11.0278
      vertex 4.69689 -8.28715 11.0278
    endloop
  endfacet
  facet normal 0.333422 -0.623778 -0.706916
    outer loop
      vertex 4.42074 -8.43476 11.0278
      vertex 7.29776 -14.7984 18
      vertex 4.21405 -8.54524 11.0278
    endloop
  endfacet
  facet normal 0.471409 -0.881915 0
    outer loop
      vertex 7.29776 -14.7984 18
      vertex 8.25 -14.2894 20
      vertex 7.29776 -14.7984 20
    endloop
  endfacet
  facet normal 0.471409 -0.881915 0
    outer loop
      vertex 8.25 -14.2894 20
      vertex 7.29776 -14.7984 18
      vertex 8.25 -14.2894 18
    endloop
  endfacet
  facet normal 0.333371 -0.623749 -0.706966
    outer loop
      vertex 8.7 -15.0688 0
      vertex 9 -15.5885 0.599991
      vertex 7.9612 -16.1437 0.599991
    endloop
  endfacet
  facet normal 0.333446 -0.62377 -0.706912
    outer loop
      vertex 8.7 -15.0688 0
      vertex 7.9612 -16.1437 0.599991
      vertex 7.69582 -15.6056 0
    endloop
  endfacet
  facet normal 0.41269 -0.910872 0
    outer loop
      vertex 6.8883 -16.6298 0.599991
      vertex 7.9612 -16.1437 3
      vertex 6.8883 -16.6298 3
    endloop
  endfacet
  facet normal 0.41269 -0.910872 0
    outer loop
      vertex 7.9612 -16.1437 3
      vertex 6.8883 -16.6298 0.599991
      vertex 7.9612 -16.1437 0.599991
    endloop
  endfacet
  facet normal 0.18464 -0.407529 0.894331
    outer loop
      vertex 3.9806 -8.07185 7.5
      vertex 6.8883 -16.6298 3
      vertex 7.9612 -16.1437 3
    endloop
  endfacet
  facet normal 0.184653 -0.407524 0.894331
    outer loop
      vertex 6.8883 -16.6298 3
      vertex 3.9806 -8.07185 7.5
      vertex 3.44415 -8.31492 7.5
    endloop
  endfacet
  facet normal 0.412718 -0.910859 0
    outer loop
      vertex 3.44415 -8.31492 7.5
      vertex 3.9806 -8.07185 8.44436
      vertex 3.44415 -8.31492 8.44436
    endloop
  endfacet
  facet normal 0.412718 -0.910859 0
    outer loop
      vertex 3.9806 -8.07185 8.44436
      vertex 3.44415 -8.31492 7.5
      vertex 3.9806 -8.07185 7.5
    endloop
  endfacet
  facet normal 0.291902 -0.644254 -0.706916
    outer loop
      vertex 3.85961 -8.70583 11.0278
      vertex 7.29776 -14.7984 18
      vertex 6.31428 -15.244 18
    endloop
  endfacet
  facet normal 0.2919 -0.644255 -0.706916
    outer loop
      vertex 7.29776 -14.7984 18
      vertex 3.85961 -8.70583 11.0278
      vertex 4.21405 -8.54524 11.0278
    endloop
  endfacet
  facet normal 0.291927 -0.644243 -0.706915
    outer loop
      vertex 3.85961 -8.70583 11.0278
      vertex 6.31428 -15.244 18
      vertex 3.64614 -8.80256 11.0278
    endloop
  endfacet
  facet normal 0.4127 -0.910867 0
    outer loop
      vertex 6.31428 -15.244 18
      vertex 7.29776 -14.7984 20
      vertex 6.31428 -15.244 20
    endloop
  endfacet
  facet normal 0.4127 -0.910867 0
    outer loop
      vertex 7.29776 -14.7984 20
      vertex 6.31428 -15.244 18
      vertex 7.29776 -14.7984 18
    endloop
  endfacet
  facet normal 0.291896 -0.644261 -0.706911
    outer loop
      vertex 7.69582 -15.6056 0
      vertex 7.9612 -16.1437 0.599991
      vertex 6.8883 -16.6298 0.599991
    endloop
  endfacet
  facet normal 0.291901 -0.644263 -0.706908
    outer loop
      vertex 7.69582 -15.6056 0
      vertex 6.8883 -16.6298 0.599991
      vertex 6.65869 -16.0755 0
    endloop
  endfacet
  facet normal 0.352242 -0.935909 0
    outer loop
      vertex 5.78591 -17.0447 0.599991
      vertex 6.8883 -16.6298 3
      vertex 5.78591 -17.0447 3
    endloop
  endfacet
  facet normal 0.352242 -0.935909 0
    outer loop
      vertex 6.8883 -16.6298 3
      vertex 5.78591 -17.0447 0.599991
      vertex 6.8883 -16.6298 0.599991
    endloop
  endfacet
  facet normal 0.157594 -0.418732 0.894331
    outer loop
      vertex 6.8883 -16.6298 3
      vertex 3.44415 -8.31492 7.5
      vertex 2.89295 -8.52237 7.5
    endloop
  endfacet
  facet normal 0.157596 -0.418732 0.894331
    outer loop
      vertex 5.78591 -17.0447 3
      vertex 6.8883 -16.6298 3
      vertex 2.89295 -8.52237 7.5
    endloop
  endfacet
  facet normal 0.35224 -0.93591 0
    outer loop
      vertex 2.89295 -8.52237 7.5
      vertex 3.44415 -8.31492 8.44436
      vertex 2.89295 -8.52237 8.44436
    endloop
  endfacet
  facet normal 0.35224 -0.93591 0
    outer loop
      vertex 3.44415 -8.31492 8.44436
      vertex 2.89295 -8.52237 7.5
      vertex 3.44415 -8.31492 7.5
    endloop
  endfacet
  facet normal 0.249125 -0.661972 -0.706916
    outer loop
      vertex 3.57502 -8.82932 11.0278
      vertex 6.31428 -15.244 18
      vertex 5.30375 -15.6243 18
    endloop
  endfacet
  facet normal 0.249083 -0.661989 -0.706915
    outer loop
      vertex 6.31428 -15.244 18
      vertex 3.57502 -8.82932 11.0278
      vertex 3.64614 -8.80256 11.0278
    endloop
  endfacet
  facet normal 0.249146 -0.661965 -0.706914
    outer loop
      vertex 5.30375 -15.6243 18
      vertex 3.28196 -8.93962 11.0278
      vertex 3.57502 -8.82932 11.0278
    endloop
  endfacet
  facet normal 0.249163 -0.66196 -0.706914
    outer loop
      vertex 3.28196 -8.93962 11.0278
      vertex 5.30375 -15.6243 18
      vertex 3.06262 -9.02218 11.0278
    endloop
  endfacet
  facet normal 0.35222 -0.935917 0
    outer loop
      vertex 5.30375 -15.6243 18
      vertex 6.31428 -15.244 20
      vertex 5.30375 -15.6243 20
    endloop
  endfacet
  facet normal 0.35222 -0.935917 0
    outer loop
      vertex 6.31428 -15.244 20
      vertex 5.30375 -15.6243 18
      vertex 6.31428 -15.244 18
    endloop
  endfacet
  facet normal 0.249143 -0.661974 -0.706907
    outer loop
      vertex 6.65869 -16.0755 0
      vertex 6.8883 -16.6298 0.599991
      vertex 5.78591 -17.0447 0.599991
    endloop
  endfacet
  facet normal 0.249164 -0.661983 -0.706892
    outer loop
      vertex 6.65869 -16.0755 0
      vertex 5.78591 -17.0447 0.599991
      vertex 5.59304 -16.4766 0
    endloop
  endfacet
  facet normal 0.290344 -0.956922 0
    outer loop
      vertex 4.65874 -17.3867 0.599991
      vertex 5.78591 -17.0447 3
      vertex 4.65874 -17.3867 3
    endloop
  endfacet
  facet normal 0.290344 -0.956922 0
    outer loop
      vertex 5.78591 -17.0447 3
      vertex 4.65874 -17.3867 0.599991
      vertex 5.78591 -17.0447 0.599991
    endloop
  endfacet
  facet normal 0.129875 -0.428142 0.894331
    outer loop
      vertex 5.78591 -17.0447 3
      vertex 2.89295 -8.52237 7.5
      vertex 2.32937 -8.69333 7.5
    endloop
  endfacet
  facet normal 0.129901 -0.428131 0.894332
    outer loop
      vertex 4.65874 -17.3867 3
      vertex 5.78591 -17.0447 3
      vertex 2.32937 -8.69333 7.5
    endloop
  endfacet
  facet normal 0.290284 -0.95694 0
    outer loop
      vertex 2.32937 -8.69333 7.5
      vertex 2.89295 -8.52237 8.44436
      vertex 2.32937 -8.69333 8.44436
    endloop
  endfacet
  facet normal 0.290284 -0.95694 0
    outer loop
      vertex 2.89295 -8.52237 8.44436
      vertex 2.32937 -8.69333 7.5
      vertex 2.89295 -8.52237 7.5
    endloop
  endfacet
  facet normal 0.20536 -0.676829 -0.706915
    outer loop
      vertex 2.9899 -9.04423 11.0278
      vertex 5.30375 -15.6243 18
      vertex 4.27051 -15.9378 18
    endloop
  endfacet
  facet normal 0.205239 -0.676869 -0.706913
    outer loop
      vertex 5.30375 -15.6243 18
      vertex 2.9899 -9.04423 11.0278
      vertex 3.06262 -9.02218 11.0278
    endloop
  endfacet
  facet normal 0.205322 -0.676839 -0.706918
    outer loop
      vertex 4.27051 -15.9378 18
      vertex 2.69025 -9.13513 11.0278
      vertex 2.9899 -9.04423 11.0278
    endloop
  endfacet
  facet normal 0.205313 -0.676841 -0.706918
    outer loop
      vertex 2.69025 -9.13513 11.0278
      vertex 4.27051 -15.9378 18
      vertex 2.46598 -9.20316 11.0278
    endloop
  endfacet
  facet normal 0.290344 -0.956922 0
    outer loop
      vertex 4.27051 -15.9378 18
      vertex 5.30375 -15.6243 20
      vertex 4.27051 -15.9378 20
    endloop
  endfacet
  facet normal 0.290344 -0.956922 0
    outer loop
      vertex 5.30375 -15.6243 20
      vertex 4.27051 -15.9378 18
      vertex 5.30375 -15.6243 18
    endloop
  endfacet
  facet normal 0.205367 -0.676852 -0.706892
    outer loop
      vertex 5.59304 -16.4766 0
      vertex 5.78591 -17.0447 0.599991
      vertex 4.65874 -17.3867 0.599991
    endloop
  endfacet
  facet normal 0.205295 -0.676815 -0.706948
    outer loop
      vertex 5.59304 -16.4766 0
      vertex 4.65874 -17.3867 0.599991
      vertex 4.50345 -16.8071 0
    endloop
  endfacet
  facet normal 0.227021 -0.97389 0
    outer loop
      vertex 3.51163 -17.6541 0.599991
      vertex 4.65874 -17.3867 3
      vertex 3.51163 -17.6541 3
    endloop
  endfacet
  facet normal 0.227021 -0.97389 0
    outer loop
      vertex 4.65874 -17.3867 3
      vertex 3.51163 -17.6541 0.599991
      vertex 4.65874 -17.3867 0.599991
    endloop
  endfacet
  facet normal 0.101598 -0.435715 0.894332
    outer loop
      vertex 4.65874 -17.3867 3
      vertex 2.32937 -8.69333 7.5
      vertex 1.75581 -8.82707 7.5
    endloop
  endfacet
  facet normal 0.101571 -0.435724 0.894331
    outer loop
      vertex 3.51163 -17.6541 3
      vertex 4.65874 -17.3867 3
      vertex 1.75581 -8.82707 7.5
    endloop
  endfacet
  facet normal 0.227084 -0.973875 0
    outer loop
      vertex 1.75581 -8.82707 7.5
      vertex 2.32937 -8.69333 8.44436
      vertex 1.75581 -8.82707 8.44436
    endloop
  endfacet
  facet normal 0.227084 -0.973875 0
    outer loop
      vertex 2.32937 -8.69333 8.44436
      vertex 1.75581 -8.82707 7.5
      vertex 2.32937 -8.69333 7.5
    endloop
  endfacet
  facet normal 0.160622 -0.688816 -0.706918
    outer loop
      vertex 2.39198 -9.22042 11.0278
      vertex 4.27051 -15.9378 18
      vertex 3.21899 -16.183 18
    endloop
  endfacet
  facet normal 0.160659 -0.688807 -0.706919
    outer loop
      vertex 4.27051 -15.9378 18
      vertex 2.39198 -9.22042 11.0278
      vertex 2.46598 -9.20316 11.0278
    endloop
  endfacet
  facet normal 0.1606 -0.68882 -0.706919
    outer loop
      vertex 3.21899 -16.183 18
      vertex 2.08703 -9.29152 11.0278
      vertex 2.39198 -9.22042 11.0278
    endloop
  endfacet
  facet normal 0.160609 -0.688818 -0.706919
    outer loop
      vertex 2.08703 -9.29152 11.0278
      vertex 3.21899 -16.183 18
      vertex 1.85878 -9.34474 11.0278
    endloop
  endfacet
  facet normal 0.227094 -0.973873 0
    outer loop
      vertex 3.21899 -16.183 18
      vertex 4.27051 -15.9378 20
      vertex 3.21899 -16.183 20
    endloop
  endfacet
  facet normal 0.227094 -0.973873 0
    outer loop
      vertex 4.27051 -15.9378 20
      vertex 3.21899 -16.183 18
      vertex 4.27051 -15.9378 18
    endloop
  endfacet
  facet normal 0.160564 -0.688799 -0.706947
    outer loop
      vertex 4.50345 -16.8071 0
      vertex 4.65874 -17.3867 0.599991
      vertex 3.51163 -17.6541 0.599991
    endloop
  endfacet
  facet normal 0.160645 -0.688847 -0.706882
    outer loop
      vertex 4.50345 -16.8071 0
      vertex 3.51163 -17.6541 0.599991
      vertex 3.39457 -17.0657 0
    endloop
  endfacet
  facet normal 0.162917 -0.98664 0
    outer loop
      vertex 2.34947 -17.846 0.599991
      vertex 3.51163 -17.6541 3
      vertex 2.34947 -17.846 3
    endloop
  endfacet
  facet normal 0.162917 -0.98664 0
    outer loop
      vertex 3.51163 -17.6541 3
      vertex 2.34947 -17.846 0.599991
      vertex 3.51163 -17.6541 0.599991
    endloop
  endfacet
  facet normal 0.0728768 -0.441432 0.894331
    outer loop
      vertex 3.51163 -17.6541 3
      vertex 1.75581 -8.82707 7.5
      vertex 1.17474 -8.923 7.5
    endloop
  endfacet
  facet normal 0.0728902 -0.441428 0.894331
    outer loop
      vertex 2.34947 -17.846 3
      vertex 3.51163 -17.6541 3
      vertex 1.17474 -8.923 7.5
    endloop
  endfacet
  facet normal 0.162887 -0.986645 0
    outer loop
      vertex 1.17474 -8.923 7.5
      vertex 1.75581 -8.82707 8.44436
      vertex 1.17474 -8.923 8.44436
    endloop
  endfacet
  facet normal 0.162887 -0.986645 0
    outer loop
      vertex 1.75581 -8.82707 8.44436
      vertex 1.17474 -8.923 7.5
      vertex 1.75581 -8.82707 7.5
    endloop
  endfacet
  facet normal 0.115162 -0.697858 -0.706918
    outer loop
      vertex 1.78381 -9.35712 11.0278
      vertex 3.21899 -16.183 18
      vertex 2.15368 -16.3588 18
    endloop
  endfacet
  facet normal 0.115237 -0.697844 -0.706919
    outer loop
      vertex 3.21899 -16.183 18
      vertex 1.78381 -9.35712 11.0278
      vertex 1.85878 -9.34474 11.0278
    endloop
  endfacet
  facet normal 0.115221 -0.697851 -0.706914
    outer loop
      vertex 2.15368 -16.3588 18
      vertex 1.47486 -9.40813 11.0278
      vertex 1.78381 -9.35712 11.0278
    endloop
  endfacet
  facet normal 0.115227 -0.69785 -0.706914
    outer loop
      vertex 2.15368 -16.3588 18
      vertex 1.24363 -9.44631 11.0278
      vertex 1.47486 -9.40813 11.0278
    endloop
  endfacet
  facet normal 0.16282 -0.986656 0
    outer loop
      vertex 2.15368 -16.3588 18
      vertex 3.21899 -16.183 20
      vertex 2.15368 -16.3588 20
    endloop
  endfacet
  facet normal 0.16282 -0.986656 0
    outer loop
      vertex 3.21899 -16.183 20
      vertex 2.15368 -16.3588 18
      vertex 3.21899 -16.183 18
    endloop
  endfacet
  facet normal 0.115237 -0.697881 -0.706882
    outer loop
      vertex 3.39457 -17.0657 0
      vertex 3.51163 -17.6541 0.599991
      vertex 2.34947 -17.846 0.599991
    endloop
  endfacet
  facet normal 0.115164 -0.697831 -0.706943
    outer loop
      vertex 3.39457 -17.0657 0
      vertex 2.34947 -17.846 0.599991
      vertex 2.27115 -17.2511 0
    endloop
  endfacet
  facet normal 0.098057 -0.995181 0
    outer loop
      vertex 1.17726 -17.9615 0.599991
      vertex 2.34947 -17.846 3
      vertex 1.17726 -17.9615 3
    endloop
  endfacet
  facet normal 0.098057 -0.995181 0
    outer loop
      vertex 2.34947 -17.846 3
      vertex 1.17726 -17.9615 0.599991
      vertex 2.34947 -17.846 0.599991
    endloop
  endfacet
  facet normal 0.0438557 -0.445251 0.894331
    outer loop
      vertex 2.34947 -17.846 3
      vertex 1.17474 -8.923 7.5
      vertex 0.588628 -8.98073 7.5
    endloop
  endfacet
  facet normal 0.0438711 -0.445248 0.894332
    outer loop
      vertex 1.17726 -17.9615 3
      vertex 2.34947 -17.846 3
      vertex 0.588628 -8.98073 7.5
    endloop
  endfacet
  facet normal 0.0980222 -0.995184 0
    outer loop
      vertex 0.588628 -8.98073 7.5
      vertex 1.17474 -8.923 8.44436
      vertex 0.588628 -8.98073 8.44436
    endloop
  endfacet
  facet normal 0.0980222 -0.995184 0
    outer loop
      vertex 1.17474 -8.923 8.44436
      vertex 0.588628 -8.98073 7.5
      vertex 1.17474 -8.923 7.5
    endloop
  endfacet
  facet normal 0.0692546 -0.703902 -0.706913
    outer loop
      vertex 2.15368 -16.3588 18
      vertex 1.16801 -9.45375 11.0278
      vertex 1.24363 -9.44631 11.0278
    endloop
  endfacet
  facet normal 0.0693715 -0.703888 -0.706916
    outer loop
      vertex 1.16801 -9.45375 11.0278
      vertex 2.15368 -16.3588 18
      vertex 1.07915 -16.4647 18
    endloop
  endfacet
  facet normal 0.0693442 -0.703889 -0.706917
    outer loop
      vertex 1.07915 -16.4647 18
      vertex 0.856385 -9.48445 11.0278
      vertex 1.16801 -9.45375 11.0278
    endloop
  endfacet
  facet normal 0.0693219 -0.70389 -0.706918
    outer loop
      vertex 1.07915 -16.4647 18
      vertex 0.623149 -9.50742 11.0278
      vertex 0.856385 -9.48445 11.0278
    endloop
  endfacet
  facet normal 0.0980795 -0.995179 0
    outer loop
      vertex 1.07915 -16.4647 18
      vertex 2.15368 -16.3588 20
      vertex 1.07915 -16.4647 20
    endloop
  endfacet
  facet normal 0.0980795 -0.995179 0
    outer loop
      vertex 2.15368 -16.3588 20
      vertex 1.07915 -16.4647 18
      vertex 2.15368 -16.3588 18
    endloop
  endfacet
  facet normal 0.0693528 -0.703862 -0.706943
    outer loop
      vertex 2.27115 -17.2511 0
      vertex 2.34947 -17.846 0.599991
      vertex 1.17726 -17.9615 0.599991
    endloop
  endfacet
  facet normal 0.0693189 -0.703835 -0.706973
    outer loop
      vertex 2.27115 -17.2511 0
      vertex 1.17726 -17.9615 0.599991
      vertex 1.13801 -17.3627 0
    endloop
  endfacet
  facet normal 0.0326856 -0.999466 0
    outer loop
      vertex 0 -18 0.599991
      vertex 1.17726 -17.9615 3
      vertex 0 -18 3
    endloop
  endfacet
  facet normal 0.0326856 -0.999466 0
    outer loop
      vertex 1.17726 -17.9615 3
      vertex 0 -18 0.599991
      vertex 1.17726 -17.9615 0.599991
    endloop
  endfacet
  facet normal 0.0146389 -0.447164 0.894332
    outer loop
      vertex 0 -9 7.5
      vertex 1.17726 -17.9615 3
      vertex 0.588628 -8.98073 7.5
    endloop
  endfacet
  facet normal 0.0146237 -0.447166 0.894332
    outer loop
      vertex 1.17726 -17.9615 3
      vertex 0 -9 7.5
      vertex 0 -18 3
    endloop
  endfacet
  facet normal 0.0327196 -0.999465 0
    outer loop
      vertex 0 -9 7.5
      vertex 0.588628 -8.98073 8.44436
      vertex 0 -9 8.44436
    endloop
  endfacet
  facet normal 0.0327196 -0.999465 0
    outer loop
      vertex 0.588628 -8.98073 8.44436
      vertex 0 -9 7.5
      vertex 0.588628 -8.98073 7.5
    endloop
  endfacet
  facet normal 0.0230843 -0.70692 -0.706917
    outer loop
      vertex 1.07915 -16.4647 18
      vertex 0.547203 -9.5099 11.0278
      vertex 0.623149 -9.50742 11.0278
    endloop
  endfacet
  facet normal 0.0231239 -0.706918 -0.706918
    outer loop
      vertex 0.547203 -9.5099 11.0278
      vertex 1.07915 -16.4647 18
      vertex 0 -16.5 18
    endloop
  endfacet
  facet normal 0.0231476 -0.706918 -0.706916
    outer loop
      vertex 0 -16.5 18
      vertex 0 -9.52782 11.0278
      vertex 0.234239 -9.52015 11.0278
    endloop
  endfacet
  facet normal 0.0231525 -0.706918 -0.706916
    outer loop
      vertex 0 -16.5 18
      vertex 0.234239 -9.52015 11.0278
      vertex 0.547203 -9.5099 11.0278
    endloop
  endfacet
  facet normal 0.0326934 -0.999465 0
    outer loop
      vertex 0 -16.5 18
      vertex 1.07915 -16.4647 20
      vertex 0 -16.5 20
    endloop
  endfacet
  facet normal 0.0326934 -0.999465 0
    outer loop
      vertex 1.07915 -16.4647 20
      vertex 0 -16.5 18
      vertex 1.07915 -16.4647 18
    endloop
  endfacet
  facet normal 0.0231166 -0.706863 -0.706972
    outer loop
      vertex 1.13801 -17.3627 0
      vertex 1.17726 -17.9615 0.599991
      vertex 0 -18 0.599991
    endloop
  endfacet
  facet normal 0.0231701 -0.706912 -0.706922
    outer loop
      vertex 0 -17.4 0
      vertex 1.13801 -17.3627 0
      vertex 0 -18 0.599991
    endloop
  endfacet
  facet normal -0.0326856 -0.999466 0
    outer loop
      vertex -1.17726 -17.9615 0.599991
      vertex 0 -18 3
      vertex -1.17726 -17.9615 3
    endloop
  endfacet
  facet normal -0.0326856 -0.999466 -0
    outer loop
      vertex 0 -18 3
      vertex -1.17726 -17.9615 0.599991
      vertex 0 -18 0.599991
    endloop
  endfacet
  facet normal -0.0146389 -0.447166 0.894331
    outer loop
      vertex -0.588628 -8.98073 7.5
      vertex 0 -18 3
      vertex 0 -9 7.5
    endloop
  endfacet
  facet normal -0.0146237 -0.447165 0.894332
    outer loop
      vertex 0 -18 3
      vertex -0.588628 -8.98073 7.5
      vertex -1.17726 -17.9615 3
    endloop
  endfacet
  facet normal -0.0327196 -0.999465 0
    outer loop
      vertex -0.588628 -8.98073 7.5
      vertex 0 -9 8.44436
      vertex -0.588628 -8.98073 8.44436
    endloop
  endfacet
  facet normal -0.0327196 -0.999465 -0
    outer loop
      vertex 0 -9 8.44436
      vertex -0.588628 -8.98073 7.5
      vertex 0 -9 7.5
    endloop
  endfacet
  facet normal -0.023124 -0.706918 -0.706917
    outer loop
      vertex -0.0759459 -9.52533 11.0278
      vertex 0 -16.5 18
      vertex -1.07915 -16.4647 18
    endloop
  endfacet
  facet normal -0.0231774 -0.706918 -0.706916
    outer loop
      vertex 0 -16.5 18
      vertex -0.0759459 -9.52533 11.0278
      vertex 0 -9.52782 11.0278
    endloop
  endfacet
  facet normal -0.0231475 -0.706917 -0.706918
    outer loop
      vertex -0.38891 -9.51509 11.0278
      vertex -1.07915 -16.4647 18
      vertex -0.623149 -9.50742 11.0278
    endloop
  endfacet
  facet normal -0.0231299 -0.706918 -0.706917
    outer loop
      vertex -1.07915 -16.4647 18
      vertex -0.38891 -9.51509 11.0278
      vertex -0.0759459 -9.52533 11.0278
    endloop
  endfacet
  facet normal -0.0326934 -0.999465 0
    outer loop
      vertex -1.07915 -16.4647 18
      vertex 0 -16.5 20
      vertex -1.07915 -16.4647 20
    endloop
  endfacet
  facet normal -0.0326934 -0.999465 -0
    outer loop
      vertex 0 -16.5 20
      vertex -1.07915 -16.4647 18
      vertex 0 -16.5 18
    endloop
  endfacet
  facet normal -0.0231182 -0.706912 -0.706923
    outer loop
      vertex 0 -17.4 0
      vertex 0 -18 0.599991
      vertex -1.17726 -17.9615 0.599991
    endloop
  endfacet
  facet normal -0.0231684 -0.706861 -0.706973
    outer loop
      vertex -1.13801 -17.3627 0
      vertex 0 -17.4 0
      vertex -1.17726 -17.9615 0.599991
    endloop
  endfacet
  facet normal -0.098057 -0.995181 0
    outer loop
      vertex -2.34947 -17.846 0.599991
      vertex -1.17726 -17.9615 3
      vertex -2.34947 -17.846 3
    endloop
  endfacet
  facet normal -0.098057 -0.995181 -0
    outer loop
      vertex -1.17726 -17.9615 3
      vertex -2.34947 -17.846 0.599991
      vertex -1.17726 -17.9615 0.599991
    endloop
  endfacet
  facet normal -0.0438555 -0.445249 0.894332
    outer loop
      vertex -0.588628 -8.98073 7.5
      vertex -1.17474 -8.923 7.5
      vertex -1.17726 -17.9615 3
    endloop
  endfacet
  facet normal -0.0438712 -0.445249 0.894332
    outer loop
      vertex -1.17726 -17.9615 3
      vertex -1.17474 -8.923 7.5
      vertex -2.34947 -17.846 3
    endloop
  endfacet
  facet normal -0.0980222 -0.995184 0
    outer loop
      vertex -1.17474 -8.923 7.5
      vertex -0.588628 -8.98073 8.44436
      vertex -1.17474 -8.923 8.44436
    endloop
  endfacet
  facet normal -0.0980222 -0.995184 -0
    outer loop
      vertex -0.588628 -8.98073 8.44436
      vertex -1.17474 -8.923 7.5
      vertex -0.588628 -8.98073 7.5
    endloop
  endfacet
  facet normal -0.0693454 -0.703888 -0.706917
    outer loop
      vertex -1.07915 -16.4647 18
      vertex -0.69877 -9.49997 11.0278
      vertex -0.623149 -9.50742 11.0278
    endloop
  endfacet
  facet normal -0.0693713 -0.703886 -0.706917
    outer loop
      vertex -0.69877 -9.49997 11.0278
      vertex -1.07915 -16.4647 18
      vertex -2.15368 -16.3588 18
    endloop
  endfacet
  facet normal -0.0693232 -0.703894 -0.706914
    outer loop
      vertex -2.15368 -16.3588 18
      vertex -1.01039 -9.46928 11.0278
      vertex -0.69877 -9.49997 11.0278
    endloop
  endfacet
  facet normal -0.0693211 -0.703894 -0.706914
    outer loop
      vertex -1.01039 -9.46928 11.0278
      vertex -2.15368 -16.3588 18
      vertex -1.24363 -9.44631 11.0278
    endloop
  endfacet
  facet normal -0.0980795 -0.995179 0
    outer loop
      vertex -2.15368 -16.3588 18
      vertex -1.07915 -16.4647 20
      vertex -2.15368 -16.3588 20
    endloop
  endfacet
  facet normal -0.0980795 -0.995179 -0
    outer loop
      vertex -1.07915 -16.4647 20
      vertex -2.15368 -16.3588 18
      vertex -1.07915 -16.4647 18
    endloop
  endfacet
  facet normal -0.0693499 -0.703833 -0.706972
    outer loop
      vertex -1.13801 -17.3627 0
      vertex -1.17726 -17.9615 0.599991
      vertex -2.34947 -17.846 0.599991
    endloop
  endfacet
  facet normal -0.0693219 -0.703866 -0.706942
    outer loop
      vertex -2.27115 -17.2511 0
      vertex -1.13801 -17.3627 0
      vertex -2.34947 -17.846 0.599991
    endloop
  endfacet
  facet normal -0.162917 -0.98664 0
    outer loop
      vertex -3.51163 -17.6541 0.599991
      vertex -2.34947 -17.846 3
      vertex -3.51163 -17.6541 3
    endloop
  endfacet
  facet normal -0.162917 -0.98664 -0
    outer loop
      vertex -2.34947 -17.846 3
      vertex -3.51163 -17.6541 0.599991
      vertex -2.34947 -17.846 0.599991
    endloop
  endfacet
  facet normal -0.0728766 -0.44143 0.894331
    outer loop
      vertex -1.17474 -8.923 7.5
      vertex -1.75581 -8.82707 7.5
      vertex -2.34947 -17.846 3
    endloop
  endfacet
  facet normal -0.0728903 -0.441429 0.894331
    outer loop
      vertex -2.34947 -17.846 3
      vertex -1.75581 -8.82707 7.5
      vertex -3.51163 -17.6541 3
    endloop
  endfacet
  facet normal -0.162887 -0.986645 0
    outer loop
      vertex -1.75581 -8.82707 7.5
      vertex -1.17474 -8.923 8.44436
      vertex -1.75581 -8.82707 8.44436
    endloop
  endfacet
  facet normal -0.162887 -0.986645 -0
    outer loop
      vertex -1.17474 -8.923 8.44436
      vertex -1.75581 -8.82707 7.5
      vertex -1.17474 -8.923 7.5
    endloop
  endfacet
  facet normal -0.115238 -0.697849 -0.706914
    outer loop
      vertex -2.15368 -16.3588 18
      vertex -1.3186 -9.43393 11.0278
      vertex -1.24363 -9.44631 11.0278
    endloop
  endfacet
  facet normal -0.115162 -0.69786 -0.706916
    outer loop
      vertex -1.3186 -9.43393 11.0278
      vertex -2.15368 -16.3588 18
      vertex -3.21899 -16.183 18
    endloop
  endfacet
  facet normal -0.11522 -0.697847 -0.706919
    outer loop
      vertex -3.21899 -16.183 18
      vertex -1.62755 -9.38292 11.0278
      vertex -1.3186 -9.43393 11.0278
    endloop
  endfacet
  facet normal -0.115226 -0.697846 -0.706919
    outer loop
      vertex -1.62755 -9.38292 11.0278
      vertex -3.21899 -16.183 18
      vertex -1.85878 -9.34474 11.0278
    endloop
  endfacet
  facet normal -0.16282 -0.986656 0
    outer loop
      vertex -3.21899 -16.183 18
      vertex -2.15368 -16.3588 20
      vertex -3.21899 -16.183 20
    endloop
  endfacet
  facet normal -0.16282 -0.986656 -0
    outer loop
      vertex -2.15368 -16.3588 20
      vertex -3.21899 -16.183 18
      vertex -2.15368 -16.3588 18
    endloop
  endfacet
  facet normal -0.115227 -0.697822 -0.706942
    outer loop
      vertex -2.27115 -17.2511 0
      vertex -2.34947 -17.846 0.599991
      vertex -3.51163 -17.6541 0.599991
    endloop
  endfacet
  facet normal -0.115174 -0.697893 -0.706881
    outer loop
      vertex -3.39457 -17.0657 0
      vertex -2.27115 -17.2511 0
      vertex -3.51163 -17.6541 0.599991
    endloop
  endfacet
  facet normal -0.227021 -0.97389 0
    outer loop
      vertex -4.65874 -17.3867 0.599991
      vertex -3.51163 -17.6541 3
      vertex -4.65874 -17.3867 3
    endloop
  endfacet
  facet normal -0.227021 -0.97389 -0
    outer loop
      vertex -3.51163 -17.6541 3
      vertex -4.65874 -17.3867 0.599991
      vertex -3.51163 -17.6541 0.599991
    endloop
  endfacet
  facet normal -0.101599 -0.435718 0.894331
    outer loop
      vertex -1.75581 -8.82707 7.5
      vertex -2.32937 -8.69333 7.5
      vertex -3.51163 -17.6541 3
    endloop
  endfacet
  facet normal -0.10157 -0.435723 0.894332
    outer loop
      vertex -3.51163 -17.6541 3
      vertex -2.32937 -8.69333 7.5
      vertex -4.65874 -17.3867 3
    endloop
  endfacet
  facet normal -0.227084 -0.973875 0
    outer loop
      vertex -2.32937 -8.69333 7.5
      vertex -1.75581 -8.82707 8.44436
      vertex -2.32937 -8.69333 8.44436
    endloop
  endfacet
  facet normal -0.227084 -0.973875 -0
    outer loop
      vertex -1.75581 -8.82707 8.44436
      vertex -2.32937 -8.69333 7.5
      vertex -1.75581 -8.82707 7.5
    endloop
  endfacet
  facet normal -0.16055 -0.688831 -0.70692
    outer loop
      vertex -3.21899 -16.183 18
      vertex -1.93279 -9.32749 11.0278
      vertex -1.85878 -9.34474 11.0278
    endloop
  endfacet
  facet normal -0.160622 -0.688816 -0.706918
    outer loop
      vertex -1.93279 -9.32749 11.0278
      vertex -3.21899 -16.183 18
      vertex -4.27051 -15.9378 18
    endloop
  endfacet
  facet normal -0.160622 -0.688816 -0.706918
    outer loop
      vertex -4.27051 -15.9378 18
      vertex -2.23774 -9.25638 11.0278
      vertex -1.93279 -9.32749 11.0278
    endloop
  endfacet
  facet normal -0.160615 -0.688818 -0.706918
    outer loop
      vertex -2.23774 -9.25638 11.0278
      vertex -4.27051 -15.9378 18
      vertex -2.46598 -9.20316 11.0278
    endloop
  endfacet
  facet normal -0.227094 -0.973873 0
    outer loop
      vertex -4.27051 -15.9378 18
      vertex -3.21899 -16.183 20
      vertex -4.27051 -15.9378 20
    endloop
  endfacet
  facet normal -0.227094 -0.973873 -0
    outer loop
      vertex -3.21899 -16.183 20
      vertex -4.27051 -15.9378 18
      vertex -3.21899 -16.183 18
    endloop
  endfacet
  facet normal -0.160579 -0.688862 -0.706883
    outer loop
      vertex -3.39457 -17.0657 0
      vertex -3.51163 -17.6541 0.599991
      vertex -4.65874 -17.3867 0.599991
    endloop
  endfacet
  facet normal -0.16063 -0.688783 -0.706949
    outer loop
      vertex -4.50345 -16.8071 0
      vertex -3.39457 -17.0657 0
      vertex -4.65874 -17.3867 0.599991
    endloop
  endfacet
  facet normal -0.290344 -0.956922 0
    outer loop
      vertex -5.78591 -17.0447 0.599991
      vertex -4.65874 -17.3867 3
      vertex -5.78591 -17.0447 3
    endloop
  endfacet
  facet normal -0.290344 -0.956922 -0
    outer loop
      vertex -4.65874 -17.3867 3
      vertex -5.78591 -17.0447 0.599991
      vertex -4.65874 -17.3867 0.599991
    endloop
  endfacet
  facet normal -0.129874 -0.428139 0.894332
    outer loop
      vertex -2.32937 -8.69333 7.5
      vertex -2.89295 -8.52237 7.5
      vertex -4.65874 -17.3867 3
    endloop
  endfacet
  facet normal -0.129902 -0.428133 0.894331
    outer loop
      vertex -4.65874 -17.3867 3
      vertex -2.89295 -8.52237 7.5
      vertex -5.78591 -17.0447 3
    endloop
  endfacet
  facet normal -0.290284 -0.95694 0
    outer loop
      vertex -2.89295 -8.52237 7.5
      vertex -2.32937 -8.69333 8.44436
      vertex -2.89295 -8.52237 8.44436
    endloop
  endfacet
  facet normal -0.290284 -0.95694 -0
    outer loop
      vertex -2.32937 -8.69333 8.44436
      vertex -2.89295 -8.52237 7.5
      vertex -2.32937 -8.69333 7.5
    endloop
  endfacet
  facet normal -0.205263 -0.676855 -0.706919
    outer loop
      vertex -4.27051 -15.9378 18
      vertex -2.53869 -9.18111 11.0278
      vertex -2.46598 -9.20316 11.0278
    endloop
  endfacet
  facet normal -0.205359 -0.676828 -0.706917
    outer loop
      vertex -2.53869 -9.18111 11.0278
      vertex -4.27051 -15.9378 18
      vertex -5.30375 -15.6243 18
    endloop
  endfacet
  facet normal -0.205323 -0.676842 -0.706914
    outer loop
      vertex -5.30375 -15.6243 18
      vertex -2.83834 -9.09021 11.0278
      vertex -2.53869 -9.18111 11.0278
    endloop
  endfacet
  facet normal -0.205306 -0.676847 -0.706914
    outer loop
      vertex -2.83834 -9.09021 11.0278
      vertex -5.30375 -15.6243 18
      vertex -3.06262 -9.02218 11.0278
    endloop
  endfacet
  facet normal -0.290344 -0.956922 0
    outer loop
      vertex -5.30375 -15.6243 18
      vertex -4.27051 -15.9378 20
      vertex -5.30375 -15.6243 20
    endloop
  endfacet
  facet normal -0.290344 -0.956922 -0
    outer loop
      vertex -4.27051 -15.9378 20
      vertex -5.30375 -15.6243 18
      vertex -4.27051 -15.9378 18
    endloop
  endfacet
  facet normal -0.205351 -0.676799 -0.706947
    outer loop
      vertex -4.50345 -16.8071 0
      vertex -4.65874 -17.3867 0.599991
      vertex -5.78591 -17.0447 0.599991
    endloop
  endfacet
  facet normal -0.205312 -0.67687 -0.706891
    outer loop
      vertex -5.59304 -16.4766 0
      vertex -4.50345 -16.8071 0
      vertex -5.78591 -17.0447 0.599991
    endloop
  endfacet
  facet normal -0.352242 -0.935909 0
    outer loop
      vertex -6.8883 -16.6298 0.599991
      vertex -5.78591 -17.0447 3
      vertex -6.8883 -16.6298 3
    endloop
  endfacet
  facet normal -0.352242 -0.935909 -0
    outer loop
      vertex -5.78591 -17.0447 3
      vertex -6.8883 -16.6298 0.599991
      vertex -5.78591 -17.0447 0.599991
    endloop
  endfacet
  facet normal -0.157594 -0.418732 0.894331
    outer loop
      vertex -2.89295 -8.52237 7.5
      vertex -3.44415 -8.31492 7.5
      vertex -5.78591 -17.0447 3
    endloop
  endfacet
  facet normal -0.157596 -0.418732 0.894331
    outer loop
      vertex -5.78591 -17.0447 3
      vertex -3.44415 -8.31492 7.5
      vertex -6.8883 -16.6298 3
    endloop
  endfacet
  facet normal -0.35224 -0.93591 0
    outer loop
      vertex -3.44415 -8.31492 7.5
      vertex -2.89295 -8.52237 8.44436
      vertex -3.44415 -8.31492 8.44436
    endloop
  endfacet
  facet normal -0.35224 -0.93591 -0
    outer loop
      vertex -2.89295 -8.52237 8.44436
      vertex -3.44415 -8.31492 7.5
      vertex -2.89295 -8.52237 7.5
    endloop
  endfacet
  facet normal -0.249196 -0.661948 -0.706913
    outer loop
      vertex -5.30375 -15.6243 18
      vertex -3.13373 -8.99541 11.0278
      vertex -3.06262 -9.02218 11.0278
    endloop
  endfacet
  facet normal -0.249125 -0.661973 -0.706915
    outer loop
      vertex -3.13373 -8.99541 11.0278
      vertex -5.30375 -15.6243 18
      vertex -6.31428 -15.244 18
    endloop
  endfacet
  facet normal -0.249126 -0.661972 -0.706915
    outer loop
      vertex -3.42679 -8.88511 11.0278
      vertex -6.31428 -15.244 18
      vertex -3.64614 -8.80256 11.0278
    endloop
  endfacet
  facet normal -0.249146 -0.661964 -0.706916
    outer loop
      vertex -6.31428 -15.244 18
      vertex -3.42679 -8.88511 11.0278
      vertex -3.13373 -8.99541 11.0278
    endloop
  endfacet
  facet normal -0.35222 -0.935917 0
    outer loop
      vertex -6.31428 -15.244 18
      vertex -5.30375 -15.6243 20
      vertex -6.31428 -15.244 20
    endloop
  endfacet
  facet normal -0.35222 -0.935917 -0
    outer loop
      vertex -5.30375 -15.6243 20
      vertex -6.31428 -15.244 18
      vertex -5.30375 -15.6243 18
    endloop
  endfacet
  facet normal -0.249149 -0.661988 -0.706892
    outer loop
      vertex -5.59304 -16.4766 0
      vertex -5.78591 -17.0447 0.599991
      vertex -6.8883 -16.6298 0.599991
    endloop
  endfacet
  facet normal -0.249158 -0.661968 -0.706908
    outer loop
      vertex -6.65869 -16.0755 0
      vertex -5.59304 -16.4766 0
      vertex -6.8883 -16.6298 0.599991
    endloop
  endfacet
  facet normal -0.41269 -0.910872 0
    outer loop
      vertex -7.9612 -16.1437 0.599991
      vertex -6.8883 -16.6298 3
      vertex -7.9612 -16.1437 3
    endloop
  endfacet
  facet normal -0.41269 -0.910872 -0
    outer loop
      vertex -6.8883 -16.6298 3
      vertex -7.9612 -16.1437 0.599991
      vertex -6.8883 -16.6298 0.599991
    endloop
  endfacet
  facet normal -0.184653 -0.407524 0.894331
    outer loop
      vertex -3.9806 -8.07185 7.5
      vertex -6.8883 -16.6298 3
      vertex -3.44415 -8.31492 7.5
    endloop
  endfacet
  facet normal -0.18464 -0.407529 0.894331
    outer loop
      vertex -6.8883 -16.6298 3
      vertex -3.9806 -8.07185 7.5
      vertex -7.9612 -16.1437 3
    endloop
  endfacet
  facet normal -0.412718 -0.910859 0
    outer loop
      vertex -3.9806 -8.07185 7.5
      vertex -3.44415 -8.31492 8.44436
      vertex -3.9806 -8.07185 8.44436
    endloop
  endfacet
  facet normal -0.412718 -0.910859 -0
    outer loop
      vertex -3.44415 -8.31492 8.44436
      vertex -3.9806 -8.07185 7.5
      vertex -3.44415 -8.31492 7.5
    endloop
  endfacet
  facet normal -0.291922 -0.644245 -0.706916
    outer loop
      vertex -6.31428 -15.244 18
      vertex -4.00057 -8.64196 11.0278
      vertex -3.64614 -8.80256 11.0278
    endloop
  endfacet
  facet normal -0.291902 -0.644254 -0.706916
    outer loop
      vertex -7.29776 -14.7984 18
      vertex -4.00057 -8.64196 11.0278
      vertex -6.31428 -15.244 18
    endloop
  endfacet
  facet normal -0.29189 -0.644259 -0.706916
    outer loop
      vertex -4.00057 -8.64196 11.0278
      vertex -7.29776 -14.7984 18
      vertex -4.21405 -8.54524 11.0278
    endloop
  endfacet
  facet normal -0.4127 -0.910867 0
    outer loop
      vertex -7.29776 -14.7984 18
      vertex -6.31428 -15.244 20
      vertex -7.29776 -14.7984 20
    endloop
  endfacet
  facet normal -0.4127 -0.910867 -0
    outer loop
      vertex -6.31428 -15.244 20
      vertex -7.29776 -14.7984 18
      vertex -6.31428 -15.244 18
    endloop
  endfacet
  facet normal -0.291898 -0.644265 -0.706908
    outer loop
      vertex -6.65869 -16.0755 0
      vertex -6.8883 -16.6298 0.599991
      vertex -7.9612 -16.1437 0.599991
    endloop
  endfacet
  facet normal -0.291899 -0.64426 -0.706912
    outer loop
      vertex -7.69582 -15.6056 0
      vertex -6.65869 -16.0755 0
      vertex -7.9612 -16.1437 0.599991
    endloop
  endfacet
  facet normal -0.471364 -0.881939 0
    outer loop
      vertex -9 -15.5885 0.599991
      vertex -7.9612 -16.1437 3
      vertex -9 -15.5885 3
    endloop
  endfacet
  facet normal -0.471364 -0.881939 -0
    outer loop
      vertex -7.9612 -16.1437 3
      vertex -9 -15.5885 0.599991
      vertex -7.9612 -16.1437 0.599991
    endloop
  endfacet
  facet normal -0.210902 -0.394578 0.894331
    outer loop
      vertex -3.9806 -8.07185 7.5
      vertex -4.5 -7.79423 7.5
      vertex -7.9612 -16.1437 3
    endloop
  endfacet
  facet normal -0.21089 -0.394583 0.894332
    outer loop
      vertex -7.9612 -16.1437 3
      vertex -4.5 -7.79423 7.5
      vertex -9 -15.5885 3
    endloop
  endfacet
  facet normal -0.47139 -0.881925 0
    outer loop
      vertex -4.5 -7.79423 7.5
      vertex -3.9806 -8.07185 8.44436
      vertex -4.5 -7.79423 8.44436
    endloop
  endfacet
  facet normal -0.47139 -0.881925 -0
    outer loop
      vertex -3.9806 -8.07185 8.44436
      vertex -4.5 -7.79423 7.5
      vertex -3.9806 -8.07185 7.5
    endloop
  endfacet
  facet normal -0.333435 -0.623771 -0.706916
    outer loop
      vertex -7.29776 -14.7984 18
      vertex -4.28106 -8.50942 11.0278
      vertex -4.21405 -8.54524 11.0278
    endloop
  endfacet
  facet normal -0.333426 -0.623776 -0.706916
    outer loop
      vertex -4.28106 -8.50942 11.0278
      vertex -7.29776 -14.7984 18
      vertex -8.25 -14.2894 18
    endloop
  endfacet
  facet normal -0.333422 -0.623779 -0.706916
    outer loop
      vertex -4.55722 -8.36181 11.0278
      vertex -8.25 -14.2894 18
      vertex -4.76391 -8.25133 11.0278
    endloop
  endfacet
  facet normal -0.333417 -0.623782 -0.706916
    outer loop
      vertex -8.25 -14.2894 18
      vertex -4.55722 -8.36181 11.0278
      vertex -4.28106 -8.50942 11.0278
    endloop
  endfacet
  facet normal -0.471409 -0.881915 0
    outer loop
      vertex -8.25 -14.2894 18
      vertex -7.29776 -14.7984 20
      vertex -8.25 -14.2894 20
    endloop
  endfacet
  facet normal -0.471409 -0.881915 -0
    outer loop
      vertex -7.29776 -14.7984 20
      vertex -8.25 -14.2894 18
      vertex -7.29776 -14.7984 18
    endloop
  endfacet
  facet normal -0.333396 -0.623796 -0.706913
    outer loop
      vertex -7.69582 -15.6056 0
      vertex -7.9612 -16.1437 0.599991
      vertex -9 -15.5885 0.599991
    endloop
  endfacet
  facet normal -0.33342 -0.623721 -0.706967
    outer loop
      vertex -8.7 -15.0688 0
      vertex -7.69582 -15.6056 0
      vertex -9 -15.5885 0.599991
    endloop
  endfacet
  facet normal -0.528052 -0.849212 0
    outer loop
      vertex -10.0003 -14.9665 0.599991
      vertex -9 -15.5885 3
      vertex -10.0003 -14.9665 3
    endloop
  endfacet
  facet normal -0.528052 -0.849212 -0
    outer loop
      vertex -9 -15.5885 3
      vertex -10.0003 -14.9665 0.599991
      vertex -9 -15.5885 0.599991
    endloop
  endfacet
  facet normal -0.236259 -0.379937 0.894332
    outer loop
      vertex -4.5 -7.79423 7.5
      vertex -5.00013 -7.48323 7.5
      vertex -9 -15.5885 3
    endloop
  endfacet
  facet normal -0.236252 -0.37994 0.894332
    outer loop
      vertex -9 -15.5885 3
      vertex -5.00013 -7.48323 7.5
      vertex -10.0003 -14.9665 3
    endloop
  endfacet
  facet normal -0.528067 -0.849203 0
    outer loop
      vertex -5.00013 -7.48323 7.5
      vertex -4.5 -7.79423 8.44436
      vertex -5.00013 -7.48323 8.44436
    endloop
  endfacet
  facet normal -0.528067 -0.849203 -0
    outer loop
      vertex -4.5 -7.79423 8.44436
      vertex -5.00013 -7.48323 7.5
      vertex -4.5 -7.79423 7.5
    endloop
  endfacet
  facet normal -0.373451 -0.600669 -0.706917
    outer loop
      vertex -8.25 -14.2894 18
      vertex -4.82844 -8.21121 11.0278
      vertex -4.76391 -8.25133 11.0278
    endloop
  endfacet
  facet normal -0.373515 -0.600631 -0.706915
    outer loop
      vertex -4.82844 -8.21121 11.0278
      vertex -8.25 -14.2894 18
      vertex -9.16691 -13.7192 18
    endloop
  endfacet
  facet normal -0.373512 -0.600633 -0.706915
    outer loop
      vertex -9.16691 -13.7192 18
      vertex -5.09435 -8.04585 11.0278
      vertex -4.82844 -8.21121 11.0278
    endloop
  endfacet
  facet normal -0.373505 -0.600638 -0.706915
    outer loop
      vertex -5.09435 -8.04585 11.0278
      vertex -9.16691 -13.7192 18
      vertex -5.29337 -7.92209 11.0278
    endloop
  endfacet
  facet normal -0.528087 -0.84919 0
    outer loop
      vertex -9.16691 -13.7192 18
      vertex -8.25 -14.2894 20
      vertex -9.16691 -13.7192 20
    endloop
  endfacet
  facet normal -0.528087 -0.84919 -0
    outer loop
      vertex -8.25 -14.2894 20
      vertex -9.16691 -13.7192 18
      vertex -8.25 -14.2894 18
    endloop
  endfacet
  facet normal -0.373464 -0.600604 -0.706965
    outer loop
      vertex -8.7 -15.0688 0
      vertex -9 -15.5885 0.599991
      vertex -10.0003 -14.9665 0.599991
    endloop
  endfacet
  facet normal -0.373456 -0.600635 -0.706943
    outer loop
      vertex -9.66692 -14.4676 0
      vertex -8.7 -15.0688 0
      vertex -10.0003 -14.9665 0.599991
    endloop
  endfacet
  facet normal -0.582498 -0.812832 0
    outer loop
      vertex -10.9577 -14.2804 0.599991
      vertex -10.0003 -14.9665 3
      vertex -10.9577 -14.2804 3
    endloop
  endfacet
  facet normal -0.582498 -0.812832 -0
    outer loop
      vertex -10.0003 -14.9665 3
      vertex -10.9577 -14.2804 0.599991
      vertex -10.0003 -14.9665 0.599991
    endloop
  endfacet
  facet normal -0.260604 -0.363669 0.894332
    outer loop
      vertex -5.00013 -7.48323 7.5
      vertex -5.47885 -7.14018 7.5
      vertex -10.0003 -14.9665 3
    endloop
  endfacet
  facet normal -0.260612 -0.363664 0.894332
    outer loop
      vertex -10.0003 -14.9665 3
      vertex -5.47885 -7.14018 7.5
      vertex -10.9577 -14.2804 3
    endloop
  endfacet
  facet normal -0.582482 -0.812843 0
    outer loop
      vertex -5.47885 -7.14018 7.5
      vertex -5.00013 -7.48323 8.44436
      vertex -5.47885 -7.14018 8.44436
    endloop
  endfacet
  facet normal -0.582482 -0.812843 -0
    outer loop
      vertex -5.00013 -7.48323 8.44436
      vertex -5.47885 -7.14018 7.5
      vertex -5.00013 -7.48323 7.5
    endloop
  endfacet
  facet normal -0.411962 -0.574942 -0.706915
    outer loop
      vertex -9.16691 -13.7192 18
      vertex -5.35514 -7.87783 11.0278
      vertex -5.29337 -7.92209 11.0278
    endloop
  endfacet
  facet normal -0.411967 -0.574939 -0.706915
    outer loop
      vertex -5.35514 -7.87783 11.0278
      vertex -9.16691 -13.7192 18
      vertex -10.0446 -13.0903 18
    endloop
  endfacet
  facet normal -0.41197 -0.574935 -0.706916
    outer loop
      vertex -5.60966 -7.69544 11.0278
      vertex -10.0446 -13.0903 18
      vertex -5.80017 -7.55893 11.0278
    endloop
  endfacet
  facet normal -0.41199 -0.57492 -0.706917
    outer loop
      vertex -10.0446 -13.0903 18
      vertex -5.60966 -7.69544 11.0278
      vertex -5.35514 -7.87783 11.0278
    endloop
  endfacet
  facet normal -0.582451 -0.812866 0
    outer loop
      vertex -10.0446 -13.0903 18
      vertex -9.16691 -13.7192 20
      vertex -10.0446 -13.0903 20
    endloop
  endfacet
  facet normal -0.582451 -0.812866 -0
    outer loop
      vertex -9.16691 -13.7192 20
      vertex -10.0446 -13.0903 18
      vertex -9.16691 -13.7192 18
    endloop
  endfacet
  facet normal -0.411983 -0.574891 -0.706944
    outer loop
      vertex -9.66692 -14.4676 0
      vertex -10.0003 -14.9665 0.599991
      vertex -10.9577 -14.2804 0.599991
    endloop
  endfacet
  facet normal -0.411993 -0.574839 -0.706981
    outer loop
      vertex -10.5924 -13.8043 0
      vertex -9.66692 -14.4676 0
      vertex -10.9577 -14.2804 0.599991
    endloop
  endfacet
  facet normal -0.63443 -0.77298 0
    outer loop
      vertex -11.8682 -13.5331 0.599991
      vertex -10.9577 -14.2804 3
      vertex -11.8682 -13.5331 3
    endloop
  endfacet
  facet normal -0.63443 -0.77298 -0
    outer loop
      vertex -10.9577 -14.2804 3
      vertex -11.8682 -13.5331 0.599991
      vertex -10.9577 -14.2804 0.599991
    endloop
  endfacet
  facet normal -0.283829 -0.345849 0.894332
    outer loop
      vertex -5.47885 -7.14018 7.5
      vertex -5.93411 -6.76656 7.5
      vertex -10.9577 -14.2804 3
    endloop
  endfacet
  facet normal -0.283848 -0.345836 0.894331
    outer loop
      vertex -10.9577 -14.2804 3
      vertex -5.93411 -6.76656 7.5
      vertex -11.8682 -13.5331 3
    endloop
  endfacet
  facet normal -0.634391 -0.773012 0
    outer loop
      vertex -5.93411 -6.76656 7.5
      vertex -5.47885 -7.14018 8.44436
      vertex -5.93411 -6.76656 8.44436
    endloop
  endfacet
  facet normal -0.634391 -0.773012 -0
    outer loop
      vertex -5.47885 -7.14018 8.44436
      vertex -5.93411 -6.76656 7.5
      vertex -5.47885 -7.14018 7.5
    endloop
  endfacet
  facet normal -0.448723 -0.546733 -0.706916
    outer loop
      vertex -10.0446 -13.0903 18
      vertex -5.85891 -7.51072 11.0278
      vertex -5.80017 -7.55893 11.0278
    endloop
  endfacet
  facet normal -0.448689 -0.54676 -0.706917
    outer loop
      vertex -5.85891 -7.51072 11.0278
      vertex -10.0446 -13.0903 18
      vertex -10.8792 -12.4054 18
    endloop
  endfacet
  facet normal -0.44871 -0.546741 -0.706918
    outer loop
      vertex -10.8792 -12.4054 18
      vertex -6.10096 -7.31207 11.0278
      vertex -5.85891 -7.51072 11.0278
    endloop
  endfacet
  facet normal -0.448699 -0.54675 -0.706918
    outer loop
      vertex -6.10096 -7.31207 11.0278
      vertex -10.8792 -12.4054 18
      vertex -6.28213 -7.16339 11.0278
    endloop
  endfacet
  facet normal -0.634372 -0.773028 0
    outer loop
      vertex -10.8792 -12.4054 18
      vertex -10.0446 -13.0903 20
      vertex -10.8792 -12.4054 20
    endloop
  endfacet
  facet normal -0.634372 -0.773028 -0
    outer loop
      vertex -10.0446 -13.0903 20
      vertex -10.8792 -12.4054 18
      vertex -10.0446 -13.0903 18
    endloop
  endfacet
  facet normal -0.448691 -0.546679 -0.706978
    outer loop
      vertex -10.5924 -13.8043 0
      vertex -10.9577 -14.2804 0.599991
      vertex -11.8682 -13.5331 0.599991
    endloop
  endfacet
  facet normal -0.448681 -0.546766 -0.706918
    outer loop
      vertex -11.4726 -13.082 0
      vertex -10.5924 -13.8043 0
      vertex -11.8682 -13.5331 0.599991
    endloop
  endfacet
  facet normal -0.683594 -0.729863 0
    outer loop
      vertex -12.7279 -12.7279 0.599991
      vertex -11.8682 -13.5331 3
      vertex -12.7279 -12.7279 3
    endloop
  endfacet
  facet normal -0.683594 -0.729863 -0
    outer loop
      vertex -11.8682 -13.5331 3
      vertex -12.7279 -12.7279 0.599991
      vertex -11.8682 -13.5331 0.599991
    endloop
  endfacet
  facet normal -0.305844 -0.326545 0.894331
    outer loop
      vertex -6.36396 -6.36396 7.5
      vertex -11.8682 -13.5331 3
      vertex -5.93411 -6.76656 7.5
    endloop
  endfacet
  facet normal -0.305844 -0.326545 0.894331
    outer loop
      vertex -11.8682 -13.5331 3
      vertex -6.36396 -6.36396 7.5
      vertex -12.7279 -12.7279 3
    endloop
  endfacet
  facet normal -0.683594 -0.729863 0
    outer loop
      vertex -6.36396 -6.36396 7.5
      vertex -5.93411 -6.76656 8.44436
      vertex -6.36396 -6.36396 8.44436
    endloop
  endfacet
  facet normal -0.683594 -0.729863 -0
    outer loop
      vertex -5.93411 -6.76656 8.44436
      vertex -6.36396 -6.36396 7.5
      vertex -5.93411 -6.76656 7.5
    endloop
  endfacet
  facet normal -0.483482 -0.516248 -0.706918
    outer loop
      vertex -10.8792 -12.4054 18
      vertex -6.33759 -7.11145 11.0278
      vertex -6.28213 -7.16339 11.0278
    endloop
  endfacet
  facet normal -0.483489 -0.516241 -0.706918
    outer loop
      vertex -6.33759 -7.11145 11.0278
      vertex -10.8792 -12.4054 18
      vertex -11.6673 -11.6673 18
    endloop
  endfacet
  facet normal -0.483507 -0.516222 -0.70692
    outer loop
      vertex -6.56613 -6.89739 11.0278
      vertex -11.6673 -11.6673 18
      vertex -6.73718 -6.73718 11.0278
    endloop
  endfacet
  facet normal -0.483511 -0.516218 -0.70692
    outer loop
      vertex -11.6673 -11.6673 18
      vertex -6.56613 -6.89739 11.0278
      vertex -6.33759 -7.11145 11.0278
    endloop
  endfacet
  facet normal -0.683574 -0.729881 0
    outer loop
      vertex -11.6673 -11.6673 18
      vertex -10.8792 -12.4054 20
      vertex -11.6673 -11.6673 20
    endloop
  endfacet
  facet normal -0.683574 -0.729881 -0
    outer loop
      vertex -10.8792 -12.4054 20
      vertex -11.6673 -11.6673 18
      vertex -10.8792 -12.4054 18
    endloop
  endfacet
  facet normal -0.483503 -0.516229 -0.706918
    outer loop
      vertex -11.4726 -13.082 0
      vertex -11.8682 -13.5331 0.599991
      vertex -12.7279 -12.7279 0.599991
    endloop
  endfacet
  facet normal -0.483499 -0.5163 -0.706868
    outer loop
      vertex -12.3037 -12.3037 0
      vertex -11.4726 -13.082 0
      vertex -12.7279 -12.7279 0.599991
    endloop
  endfacet
  facet normal -0.729863 -0.683594 0
    outer loop
      vertex -12.7279 -12.7279 0.599991
      vertex -13.5331 -11.8682 3
      vertex -13.5331 -11.8682 0.599991
    endloop
  endfacet
  facet normal -0.729863 -0.683594 0
    outer loop
      vertex -13.5331 -11.8682 3
      vertex -12.7279 -12.7279 0.599991
      vertex -12.7279 -12.7279 3
    endloop
  endfacet
  facet normal -0.326545 -0.305844 0.894331
    outer loop
      vertex -6.76656 -5.93411 7.5
      vertex -12.7279 -12.7279 3
      vertex -6.36396 -6.36396 7.5
    endloop
  endfacet
  facet normal -0.326545 -0.305844 0.894331
    outer loop
      vertex -12.7279 -12.7279 3
      vertex -6.76656 -5.93411 7.5
      vertex -13.5331 -11.8682 3
    endloop
  endfacet
  facet normal -0.729863 -0.683594 0
    outer loop
      vertex -6.36396 -6.36396 7.5
      vertex -6.76656 -5.93411 8.44436
      vertex -6.76656 -5.93411 7.5
    endloop
  endfacet
  facet normal -0.729863 -0.683594 0
    outer loop
      vertex -6.76656 -5.93411 8.44436
      vertex -6.36396 -6.36396 7.5
      vertex -6.36396 -6.36396 8.44436
    endloop
  endfacet
  facet normal -0.5162 -0.48353 -0.70692
    outer loop
      vertex -11.6673 -11.6673 18
      vertex -6.78913 -6.68172 11.0278
      vertex -6.73718 -6.73718 11.0278
    endloop
  endfacet
  facet normal -0.516241 -0.483488 -0.706919
    outer loop
      vertex -6.78913 -6.68172 11.0278
      vertex -11.6673 -11.6673 18
      vertex -12.4054 -10.8792 18
    endloop
  endfacet
  facet normal -0.516223 -0.483509 -0.706918
    outer loop
      vertex -7.00318 -6.45318 11.0278
      vertex -12.4054 -10.8792 18
      vertex -7.16339 -6.28213 11.0278
    endloop
  endfacet
  facet normal -0.516231 -0.4835 -0.706918
    outer loop
      vertex -12.4054 -10.8792 18
      vertex -7.00318 -6.45318 11.0278
      vertex -6.78913 -6.68172 11.0278
    endloop
  endfacet
  facet normal -0.729881 -0.683574 0
    outer loop
      vertex -11.6673 -11.6673 18
      vertex -12.4054 -10.8792 20
      vertex -12.4054 -10.8792 18
    endloop
  endfacet
  facet normal -0.729881 -0.683574 0
    outer loop
      vertex -12.4054 -10.8792 20
      vertex -11.6673 -11.6673 18
      vertex -11.6673 -11.6673 20
    endloop
  endfacet
  facet normal -0.516264 -0.483536 -0.706869
    outer loop
      vertex -12.3037 -12.3037 0
      vertex -12.7279 -12.7279 0.599991
      vertex -13.5331 -11.8682 0.599991
    endloop
  endfacet
  facet normal -0.516263 -0.483465 -0.706919
    outer loop
      vertex -13.082 -11.4726 0
      vertex -12.3037 -12.3037 0
      vertex -13.5331 -11.8682 0.599991
    endloop
  endfacet
  facet normal -0.77298 -0.63443 0
    outer loop
      vertex -13.5331 -11.8682 0.599991
      vertex -14.2804 -10.9577 3
      vertex -14.2804 -10.9577 0.599991
    endloop
  endfacet
  facet normal -0.77298 -0.63443 0
    outer loop
      vertex -14.2804 -10.9577 3
      vertex -13.5331 -11.8682 0.599991
      vertex -13.5331 -11.8682 3
    endloop
  endfacet
  facet normal -0.345851 -0.283831 0.894331
    outer loop
      vertex -6.76656 -5.93411 7.5
      vertex -7.14018 -5.47885 7.5
      vertex -13.5331 -11.8682 3
    endloop
  endfacet
  facet normal -0.345835 -0.283847 0.894332
    outer loop
      vertex -13.5331 -11.8682 3
      vertex -7.14018 -5.47885 7.5
      vertex -14.2804 -10.9577 3
    endloop
  endfacet
  facet normal -0.773012 -0.634391 0
    outer loop
      vertex -6.76656 -5.93411 7.5
      vertex -7.14018 -5.47885 8.44436
      vertex -7.14018 -5.47885 7.5
    endloop
  endfacet
  facet normal -0.773012 -0.634391 0
    outer loop
      vertex -7.14018 -5.47885 8.44436
      vertex -6.76656 -5.93411 7.5
      vertex -6.76656 -5.93411 8.44436
    endloop
  endfacet
  facet normal -0.546731 -0.448722 -0.706918
    outer loop
      vertex -12.4054 -10.8792 18
      vertex -7.2116 -6.22339 11.0278
      vertex -7.16339 -6.28213 11.0278
    endloop
  endfacet
  facet normal -0.54676 -0.448689 -0.706917
    outer loop
      vertex -7.2116 -6.22339 11.0278
      vertex -12.4054 -10.8792 18
      vertex -13.0903 -10.0446 18
    endloop
  endfacet
  facet normal -0.54674 -0.448715 -0.706916
    outer loop
      vertex -7.41025 -5.98133 11.0278
      vertex -13.0903 -10.0446 18
      vertex -7.55893 -5.80017 11.0278
    endloop
  endfacet
  facet normal -0.546752 -0.4487 -0.706917
    outer loop
      vertex -13.0903 -10.0446 18
      vertex -7.41025 -5.98133 11.0278
      vertex -7.2116 -6.22339 11.0278
    endloop
  endfacet
  facet normal -0.773028 -0.634372 0
    outer loop
      vertex -12.4054 -10.8792 18
      vertex -13.0903 -10.0446 20
      vertex -13.0903 -10.0446 18
    endloop
  endfacet
  facet normal -0.773028 -0.634372 0
    outer loop
      vertex -13.0903 -10.0446 20
      vertex -12.4054 -10.8792 18
      vertex -12.4054 -10.8792 20
    endloop
  endfacet
  facet normal -0.546725 -0.448729 -0.706919
    outer loop
      vertex -13.082 -11.4726 0
      vertex -13.5331 -11.8682 0.599991
      vertex -14.2804 -10.9577 0.599991
    endloop
  endfacet
  facet normal -0.546718 -0.448642 -0.706979
    outer loop
      vertex -13.8043 -10.5924 0
      vertex -13.082 -11.4726 0
      vertex -14.2804 -10.9577 0.599991
    endloop
  endfacet
  facet normal -0.812832 -0.582498 0
    outer loop
      vertex -14.2804 -10.9577 0.599991
      vertex -14.9665 -10.0003 3
      vertex -14.9665 -10.0003 0.599991
    endloop
  endfacet
  facet normal -0.812832 -0.582498 0
    outer loop
      vertex -14.9665 -10.0003 3
      vertex -14.2804 -10.9577 0.599991
      vertex -14.2804 -10.9577 3
    endloop
  endfacet
  facet normal -0.363669 -0.260605 0.894332
    outer loop
      vertex -7.14018 -5.47885 7.5
      vertex -7.48323 -5.00013 7.5
      vertex -14.2804 -10.9577 3
    endloop
  endfacet
  facet normal -0.363664 -0.260612 0.894332
    outer loop
      vertex -14.2804 -10.9577 3
      vertex -7.48323 -5.00013 7.5
      vertex -14.9665 -10.0003 3
    endloop
  endfacet
  facet normal -0.812843 -0.582482 0
    outer loop
      vertex -7.14018 -5.47885 7.5
      vertex -7.48323 -5.00013 8.44436
      vertex -7.48323 -5.00013 7.5
    endloop
  endfacet
  facet normal -0.812843 -0.582482 0
    outer loop
      vertex -7.48323 -5.00013 8.44436
      vertex -7.14018 -5.47885 7.5
      vertex -7.14018 -5.47885 8.44436
    endloop
  endfacet
  facet normal -0.574941 -0.411962 -0.706916
    outer loop
      vertex -13.0903 -10.0446 18
      vertex -7.60319 -5.7384 11.0278
      vertex -7.55893 -5.80017 11.0278
    endloop
  endfacet
  facet normal -0.574938 -0.411966 -0.706916
    outer loop
      vertex -7.60319 -5.7384 11.0278
      vertex -13.0903 -10.0446 18
      vertex -13.7192 -9.16691 18
    endloop
  endfacet
  facet normal -0.574929 -0.41198 -0.706915
    outer loop
      vertex -13.7192 -9.16691 18
      vertex -7.78558 -5.48387 11.0278
      vertex -7.60319 -5.7384 11.0278
    endloop
  endfacet
  facet normal -0.574926 -0.411985 -0.706915
    outer loop
      vertex -7.78558 -5.48387 11.0278
      vertex -13.7192 -9.16691 18
      vertex -7.92209 -5.29337 11.0278
    endloop
  endfacet
  facet normal -0.812866 -0.582451 0
    outer loop
      vertex -13.0903 -10.0446 18
      vertex -13.7192 -9.16691 20
      vertex -13.7192 -9.16691 18
    endloop
  endfacet
  facet normal -0.812866 -0.582451 0
    outer loop
      vertex -13.7192 -9.16691 20
      vertex -13.0903 -10.0446 18
      vertex -13.0903 -10.0446 20
    endloop
  endfacet
  facet normal -0.574862 -0.411962 -0.70698
    outer loop
      vertex -13.8043 -10.5924 0
      vertex -14.2804 -10.9577 0.599991
      vertex -14.9665 -10.0003 0.599991
    endloop
  endfacet
  facet normal -0.57487 -0.412014 -0.706944
    outer loop
      vertex -14.4676 -9.66692 0
      vertex -13.8043 -10.5924 0
      vertex -14.9665 -10.0003 0.599991
    endloop
  endfacet
  facet normal -0.849212 -0.528052 0
    outer loop
      vertex -14.9665 -10.0003 0.599991
      vertex -15.5885 -9 3
      vertex -15.5885 -9 0.599991
    endloop
  endfacet
  facet normal -0.849212 -0.528052 0
    outer loop
      vertex -15.5885 -9 3
      vertex -14.9665 -10.0003 0.599991
      vertex -14.9665 -10.0003 3
    endloop
  endfacet
  facet normal -0.379936 -0.236259 0.894332
    outer loop
      vertex -7.48323 -5.00013 7.5
      vertex -7.79423 -4.5 7.5
      vertex -14.9665 -10.0003 3
    endloop
  endfacet
  facet normal -0.379941 -0.236252 0.894332
    outer loop
      vertex -14.9665 -10.0003 3
      vertex -7.79423 -4.5 7.5
      vertex -15.5885 -9 3
    endloop
  endfacet
  facet normal -0.849203 -0.528067 0
    outer loop
      vertex -7.48323 -5.00013 7.5
      vertex -7.79423 -4.5 8.44436
      vertex -7.79423 -4.5 7.5
    endloop
  endfacet
  facet normal -0.849203 -0.528067 0
    outer loop
      vertex -7.79423 -4.5 8.44436
      vertex -7.48323 -5.00013 7.5
      vertex -7.48323 -5.00013 8.44436
    endloop
  endfacet
  facet normal -0.600628 -0.37352 -0.706915
    outer loop
      vertex -13.7192 -9.16691 18
      vertex -7.96222 -5.22884 11.0278
      vertex -7.92209 -5.29337 11.0278
    endloop
  endfacet
  facet normal -0.600631 -0.373515 -0.706915
    outer loop
      vertex -7.96222 -5.22884 11.0278
      vertex -13.7192 -9.16691 18
      vertex -14.2894 -8.25 18
    endloop
  endfacet
  facet normal -0.600637 -0.373504 -0.706916
    outer loop
      vertex -8.12757 -4.96293 11.0278
      vertex -14.2894 -8.25 18
      vertex -8.25133 -4.76391 11.0278
    endloop
  endfacet
  facet normal -0.600642 -0.373495 -0.706916
    outer loop
      vertex -14.2894 -8.25 18
      vertex -8.12757 -4.96293 11.0278
      vertex -7.96222 -5.22884 11.0278
    endloop
  endfacet
  facet normal -0.84919 -0.528087 0
    outer loop
      vertex -13.7192 -9.16691 18
      vertex -14.2894 -8.25 20
      vertex -14.2894 -8.25 18
    endloop
  endfacet
  facet normal -0.84919 -0.528087 0
    outer loop
      vertex -14.2894 -8.25 20
      vertex -13.7192 -9.16691 18
      vertex -13.7192 -9.16691 20
    endloop
  endfacet
  facet normal -0.600622 -0.373475 -0.706943
    outer loop
      vertex -14.4676 -9.66692 0
      vertex -14.9665 -10.0003 0.599991
      vertex -15.5885 -9 0.599991
    endloop
  endfacet
  facet normal -0.600616 -0.373444 -0.706966
    outer loop
      vertex -15.0688 -8.7 0
      vertex -14.4676 -9.66692 0
      vertex -15.5885 -9 0.599991
    endloop
  endfacet
  facet normal -0.881939 -0.471364 0
    outer loop
      vertex -15.5885 -9 0.599991
      vertex -16.1437 -7.9612 3
      vertex -16.1437 -7.9612 0.599991
    endloop
  endfacet
  facet normal -0.881939 -0.471364 0
    outer loop
      vertex -16.1437 -7.9612 3
      vertex -15.5885 -9 0.599991
      vertex -15.5885 -9 3
    endloop
  endfacet
  facet normal -0.394577 -0.210902 0.894332
    outer loop
      vertex -7.79423 -4.5 7.5
      vertex -8.07185 -3.9806 7.5
      vertex -15.5885 -9 3
    endloop
  endfacet
  facet normal -0.394584 -0.21089 0.894332
    outer loop
      vertex -15.5885 -9 3
      vertex -8.07185 -3.9806 7.5
      vertex -16.1437 -7.9612 3
    endloop
  endfacet
  facet normal -0.881925 -0.47139 0
    outer loop
      vertex -7.79423 -4.5 7.5
      vertex -8.07185 -3.9806 8.44436
      vertex -8.07185 -3.9806 7.5
    endloop
  endfacet
  facet normal -0.881925 -0.47139 0
    outer loop
      vertex -8.07185 -3.9806 8.44436
      vertex -7.79423 -4.5 7.5
      vertex -7.79423 -4.5 8.44436
    endloop
  endfacet
  facet normal -0.623793 -0.333397 -0.706915
    outer loop
      vertex -14.2894 -8.25 18
      vertex -8.28715 -4.69689 11.0278
      vertex -8.25133 -4.76391 11.0278
    endloop
  endfacet
  facet normal -0.623776 -0.333426 -0.706916
    outer loop
      vertex -8.28715 -4.69689 11.0278
      vertex -14.2894 -8.25 18
      vertex -14.7984 -7.29776 18
    endloop
  endfacet
  facet normal -0.623778 -0.333422 -0.706916
    outer loop
      vertex -8.43476 -4.42074 11.0278
      vertex -14.7984 -7.29776 18
      vertex -8.54524 -4.21405 11.0278
    endloop
  endfacet
  facet normal -0.623776 -0.333426 -0.706916
    outer loop
      vertex -14.7984 -7.29776 18
      vertex -8.43476 -4.42074 11.0278
      vertex -8.28715 -4.69689 11.0278
    endloop
  endfacet
  facet normal -0.881915 -0.471409 0
    outer loop
      vertex -14.2894 -8.25 18
      vertex -14.7984 -7.29776 20
      vertex -14.7984 -7.29776 18
    endloop
  endfacet
  facet normal -0.881915 -0.471409 0
    outer loop
      vertex -14.7984 -7.29776 20
      vertex -14.2894 -8.25 18
      vertex -14.2894 -8.25 20
    endloop
  endfacet
  facet normal -0.623749 -0.333371 -0.706966
    outer loop
      vertex -15.0688 -8.7 0
      vertex -15.5885 -9 0.599991
      vertex -16.1437 -7.9612 0.599991
    endloop
  endfacet
  facet normal -0.62377 -0.333446 -0.706912
    outer loop
      vertex -15.6056 -7.69582 0
      vertex -15.0688 -8.7 0
      vertex -16.1437 -7.9612 0.599991
    endloop
  endfacet
  facet normal -0.910872 -0.41269 0
    outer loop
      vertex -16.1437 -7.9612 0.599991
      vertex -16.6298 -6.8883 3
      vertex -16.6298 -6.8883 0.599991
    endloop
  endfacet
  facet normal -0.910872 -0.41269 0
    outer loop
      vertex -16.6298 -6.8883 3
      vertex -16.1437 -7.9612 0.599991
      vertex -16.1437 -7.9612 3
    endloop
  endfacet
  facet normal -0.407523 -0.184652 0.894331
    outer loop
      vertex -8.31492 -3.44415 7.5
      vertex -16.1437 -7.9612 3
      vertex -8.07185 -3.9806 7.5
    endloop
  endfacet
  facet normal -0.40753 -0.18464 0.894331
    outer loop
      vertex -16.1437 -7.9612 3
      vertex -8.31492 -3.44415 7.5
      vertex -16.6298 -6.8883 3
    endloop
  endfacet
  facet normal -0.910859 -0.412718 0
    outer loop
      vertex -8.07185 -3.9806 7.5
      vertex -8.31492 -3.44415 8.44436
      vertex -8.31492 -3.44415 7.5
    endloop
  endfacet
  facet normal -0.910859 -0.412718 0
    outer loop
      vertex -8.31492 -3.44415 8.44436
      vertex -8.07185 -3.9806 7.5
      vertex -8.07185 -3.9806 8.44436
    endloop
  endfacet
  facet normal -0.644255 -0.2919 -0.706916
    outer loop
      vertex -14.7984 -7.29776 18
      vertex -8.70583 -3.85961 11.0278
      vertex -8.54524 -4.21405 11.0278
    endloop
  endfacet
  facet normal -0.644254 -0.291902 -0.706916
    outer loop
      vertex -15.244 -6.31428 18
      vertex -8.70583 -3.85961 11.0278
      vertex -14.7984 -7.29776 18
    endloop
  endfacet
  facet normal -0.644243 -0.291927 -0.706915
    outer loop
      vertex -8.70583 -3.85961 11.0278
      vertex -15.244 -6.31428 18
      vertex -8.80256 -3.64614 11.0278
    endloop
  endfacet
  facet normal -0.910867 -0.4127 0
    outer loop
      vertex -14.7984 -7.29776 18
      vertex -15.244 -6.31428 20
      vertex -15.244 -6.31428 18
    endloop
  endfacet
  facet normal -0.910867 -0.4127 0
    outer loop
      vertex -15.244 -6.31428 20
      vertex -14.7984 -7.29776 18
      vertex -14.7984 -7.29776 20
    endloop
  endfacet
  facet normal -0.644261 -0.291896 -0.706911
    outer loop
      vertex -15.6056 -7.69582 0
      vertex -16.1437 -7.9612 0.599991
      vertex -16.6298 -6.8883 0.599991
    endloop
  endfacet
  facet normal -0.644263 -0.291901 -0.706908
    outer loop
      vertex -16.0755 -6.65869 0
      vertex -15.6056 -7.69582 0
      vertex -16.6298 -6.8883 0.599991
    endloop
  endfacet
  facet normal -0.935909 -0.352242 0
    outer loop
      vertex -16.6298 -6.8883 0.599991
      vertex -17.0447 -5.78591 3
      vertex -17.0447 -5.78591 0.599991
    endloop
  endfacet
  facet normal -0.935909 -0.352242 0
    outer loop
      vertex -17.0447 -5.78591 3
      vertex -16.6298 -6.8883 0.599991
      vertex -16.6298 -6.8883 3
    endloop
  endfacet
  facet normal -0.418732 -0.157594 0.894331
    outer loop
      vertex -8.31492 -3.44415 7.5
      vertex -8.52237 -2.89295 7.5
      vertex -16.6298 -6.8883 3
    endloop
  endfacet
  facet normal -0.418732 -0.157596 0.894331
    outer loop
      vertex -16.6298 -6.8883 3
      vertex -8.52237 -2.89295 7.5
      vertex -17.0447 -5.78591 3
    endloop
  endfacet
  facet normal -0.93591 -0.35224 0
    outer loop
      vertex -8.31492 -3.44415 7.5
      vertex -8.52237 -2.89295 8.44436
      vertex -8.52237 -2.89295 7.5
    endloop
  endfacet
  facet normal -0.93591 -0.35224 0
    outer loop
      vertex -8.52237 -2.89295 8.44436
      vertex -8.31492 -3.44415 7.5
      vertex -8.31492 -3.44415 8.44436
    endloop
  endfacet
  facet normal -0.661989 -0.249083 -0.706915
    outer loop
      vertex -15.244 -6.31428 18
      vertex -8.82932 -3.57502 11.0278
      vertex -8.80256 -3.64614 11.0278
    endloop
  endfacet
  facet normal -0.661972 -0.249125 -0.706916
    outer loop
      vertex -8.82932 -3.57502 11.0278
      vertex -15.244 -6.31428 18
      vertex -15.6243 -5.30375 18
    endloop
  endfacet
  facet normal -0.661965 -0.249146 -0.706914
    outer loop
      vertex -15.6243 -5.30375 18
      vertex -8.93962 -3.28196 11.0278
      vertex -8.82932 -3.57502 11.0278
    endloop
  endfacet
  facet normal -0.66196 -0.249163 -0.706914
    outer loop
      vertex -8.93962 -3.28196 11.0278
      vertex -15.6243 -5.30375 18
      vertex -9.02218 -3.06262 11.0278
    endloop
  endfacet
  facet normal -0.935917 -0.35222 0
    outer loop
      vertex -15.244 -6.31428 18
      vertex -15.6243 -5.30375 20
      vertex -15.6243 -5.30375 18
    endloop
  endfacet
  facet normal -0.935917 -0.35222 0
    outer loop
      vertex -15.6243 -5.30375 20
      vertex -15.244 -6.31428 18
      vertex -15.244 -6.31428 20
    endloop
  endfacet
  facet normal -0.661974 -0.249143 -0.706907
    outer loop
      vertex -16.0755 -6.65869 0
      vertex -16.6298 -6.8883 0.599991
      vertex -17.0447 -5.78591 0.599991
    endloop
  endfacet
  facet normal -0.661983 -0.249164 -0.706892
    outer loop
      vertex -16.4766 -5.59304 0
      vertex -16.0755 -6.65869 0
      vertex -17.0447 -5.78591 0.599991
    endloop
  endfacet
  facet normal -0.956922 -0.290344 0
    outer loop
      vertex -17.0447 -5.78591 0.599991
      vertex -17.3867 -4.65874 3
      vertex -17.3867 -4.65874 0.599991
    endloop
  endfacet
  facet normal -0.956922 -0.290344 0
    outer loop
      vertex -17.3867 -4.65874 3
      vertex -17.0447 -5.78591 0.599991
      vertex -17.0447 -5.78591 3
    endloop
  endfacet
  facet normal -0.428142 -0.129875 0.894331
    outer loop
      vertex -8.52237 -2.89295 7.5
      vertex -8.69333 -2.32937 7.5
      vertex -17.0447 -5.78591 3
    endloop
  endfacet
  facet normal -0.428131 -0.129901 0.894332
    outer loop
      vertex -17.0447 -5.78591 3
      vertex -8.69333 -2.32937 7.5
      vertex -17.3867 -4.65874 3
    endloop
  endfacet
  facet normal -0.95694 -0.290284 0
    outer loop
      vertex -8.52237 -2.89295 7.5
      vertex -8.69333 -2.32937 8.44436
      vertex -8.69333 -2.32937 7.5
    endloop
  endfacet
  facet normal -0.95694 -0.290284 0
    outer loop
      vertex -8.69333 -2.32937 8.44436
      vertex -8.52237 -2.89295 7.5
      vertex -8.52237 -2.89295 8.44436
    endloop
  endfacet
  facet normal -0.676869 -0.205239 -0.706913
    outer loop
      vertex -15.6243 -5.30375 18
      vertex -9.04423 -2.9899 11.0278
      vertex -9.02218 -3.06262 11.0278
    endloop
  endfacet
  facet normal -0.676829 -0.20536 -0.706915
    outer loop
      vertex -9.04423 -2.9899 11.0278
      vertex -15.6243 -5.30375 18
      vertex -15.9378 -4.27051 18
    endloop
  endfacet
  facet normal -0.676841 -0.205313 -0.706918
    outer loop
      vertex -9.13513 -2.69025 11.0278
      vertex -15.9378 -4.27051 18
      vertex -9.20316 -2.46598 11.0278
    endloop
  endfacet
  facet normal -0.676839 -0.205322 -0.706918
    outer loop
      vertex -15.9378 -4.27051 18
      vertex -9.13513 -2.69025 11.0278
      vertex -9.04423 -2.9899 11.0278
    endloop
  endfacet
  facet normal -0.956922 -0.290344 0
    outer loop
      vertex -15.6243 -5.30375 18
      vertex -15.9378 -4.27051 20
      vertex -15.9378 -4.27051 18
    endloop
  endfacet
  facet normal -0.956922 -0.290344 0
    outer loop
      vertex -15.9378 -4.27051 20
      vertex -15.6243 -5.30375 18
      vertex -15.6243 -5.30375 20
    endloop
  endfacet
  facet normal -0.676852 -0.205367 -0.706892
    outer loop
      vertex -16.4766 -5.59304 0
      vertex -17.0447 -5.78591 0.599991
      vertex -17.3867 -4.65874 0.599991
    endloop
  endfacet
  facet normal -0.676815 -0.205295 -0.706948
    outer loop
      vertex -16.8071 -4.50345 0
      vertex -16.4766 -5.59304 0
      vertex -17.3867 -4.65874 0.599991
    endloop
  endfacet
  facet normal -0.97389 -0.227021 0
    outer loop
      vertex -17.3867 -4.65874 0.599991
      vertex -17.6541 -3.51163 3
      vertex -17.6541 -3.51163 0.599991
    endloop
  endfacet
  facet normal -0.97389 -0.227021 0
    outer loop
      vertex -17.6541 -3.51163 3
      vertex -17.3867 -4.65874 0.599991
      vertex -17.3867 -4.65874 3
    endloop
  endfacet
  facet normal -0.435715 -0.101598 0.894332
    outer loop
      vertex -8.69333 -2.32937 7.5
      vertex -8.82707 -1.75581 7.5
      vertex -17.3867 -4.65874 3
    endloop
  endfacet
  facet normal -0.435724 -0.101571 0.894331
    outer loop
      vertex -17.3867 -4.65874 3
      vertex -8.82707 -1.75581 7.5
      vertex -17.6541 -3.51163 3
    endloop
  endfacet
  facet normal -0.973875 -0.227084 0
    outer loop
      vertex -8.69333 -2.32937 7.5
      vertex -8.82707 -1.75581 8.44436
      vertex -8.82707 -1.75581 7.5
    endloop
  endfacet
  facet normal -0.973875 -0.227084 0
    outer loop
      vertex -8.82707 -1.75581 8.44436
      vertex -8.69333 -2.32937 7.5
      vertex -8.69333 -2.32937 8.44436
    endloop
  endfacet
  facet normal -0.688807 -0.160659 -0.706919
    outer loop
      vertex -15.9378 -4.27051 18
      vertex -9.22042 -2.39198 11.0278
      vertex -9.20316 -2.46598 11.0278
    endloop
  endfacet
  facet normal -0.688816 -0.160622 -0.706918
    outer loop
      vertex -9.22042 -2.39198 11.0278
      vertex -15.9378 -4.27051 18
      vertex -16.183 -3.21899 18
    endloop
  endfacet
  facet normal -0.68882 -0.1606 -0.706919
    outer loop
      vertex -16.183 -3.21899 18
      vertex -9.29152 -2.08703 11.0278
      vertex -9.22042 -2.39198 11.0278
    endloop
  endfacet
  facet normal -0.688818 -0.160609 -0.706919
    outer loop
      vertex -9.29152 -2.08703 11.0278
      vertex -16.183 -3.21899 18
      vertex -9.34474 -1.85878 11.0278
    endloop
  endfacet
  facet normal -0.973873 -0.227094 0
    outer loop
      vertex -15.9378 -4.27051 18
      vertex -16.183 -3.21899 20
      vertex -16.183 -3.21899 18
    endloop
  endfacet
  facet normal -0.973873 -0.227094 0
    outer loop
      vertex -16.183 -3.21899 20
      vertex -15.9378 -4.27051 18
      vertex -15.9378 -4.27051 20
    endloop
  endfacet
  facet normal -0.688799 -0.160564 -0.706947
    outer loop
      vertex -16.8071 -4.50345 0
      vertex -17.3867 -4.65874 0.599991
      vertex -17.6541 -3.51163 0.599991
    endloop
  endfacet
  facet normal -0.688847 -0.160645 -0.706882
    outer loop
      vertex -17.0657 -3.39457 0
      vertex -16.8071 -4.50345 0
      vertex -17.6541 -3.51163 0.599991
    endloop
  endfacet
  facet normal -0.98664 -0.162917 0
    outer loop
      vertex -17.6541 -3.51163 0.599991
      vertex -17.846 -2.34947 3
      vertex -17.846 -2.34947 0.599991
    endloop
  endfacet
  facet normal -0.98664 -0.162917 0
    outer loop
      vertex -17.846 -2.34947 3
      vertex -17.6541 -3.51163 0.599991
      vertex -17.6541 -3.51163 3
    endloop
  endfacet
  facet normal -0.441432 -0.0728768 0.894331
    outer loop
      vertex -8.82707 -1.75581 7.5
      vertex -8.923 -1.17474 7.5
      vertex -17.6541 -3.51163 3
    endloop
  endfacet
  facet normal -0.441428 -0.0728902 0.894331
    outer loop
      vertex -17.6541 -3.51163 3
      vertex -8.923 -1.17474 7.5
      vertex -17.846 -2.34947 3
    endloop
  endfacet
  facet normal -0.986645 -0.162887 0
    outer loop
      vertex -8.82707 -1.75581 7.5
      vertex -8.923 -1.17474 8.44436
      vertex -8.923 -1.17474 7.5
    endloop
  endfacet
  facet normal -0.986645 -0.162887 0
    outer loop
      vertex -8.923 -1.17474 8.44436
      vertex -8.82707 -1.75581 7.5
      vertex -8.82707 -1.75581 8.44436
    endloop
  endfacet
  facet normal -0.697844 -0.115237 -0.706919
    outer loop
      vertex -16.183 -3.21899 18
      vertex -9.35712 -1.78381 11.0278
      vertex -9.34474 -1.85878 11.0278
    endloop
  endfacet
  facet normal -0.697858 -0.115162 -0.706918
    outer loop
      vertex -9.35712 -1.78381 11.0278
      vertex -16.183 -3.21899 18
      vertex -16.3588 -2.15368 18
    endloop
  endfacet
  facet normal -0.697851 -0.115221 -0.706914
    outer loop
      vertex -16.3588 -2.15368 18
      vertex -9.40813 -1.47486 11.0278
      vertex -9.35712 -1.78381 11.0278
    endloop
  endfacet
  facet normal -0.69785 -0.115227 -0.706914
    outer loop
      vertex -9.40813 -1.47486 11.0278
      vertex -16.3588 -2.15368 18
      vertex -9.44631 -1.24363 11.0278
    endloop
  endfacet
  facet normal -0.986656 -0.16282 0
    outer loop
      vertex -16.183 -3.21899 18
      vertex -16.3588 -2.15368 20
      vertex -16.3588 -2.15368 18
    endloop
  endfacet
  facet normal -0.986656 -0.16282 0
    outer loop
      vertex -16.3588 -2.15368 20
      vertex -16.183 -3.21899 18
      vertex -16.183 -3.21899 20
    endloop
  endfacet
  facet normal -0.697881 -0.115237 -0.706882
    outer loop
      vertex -17.0657 -3.39457 0
      vertex -17.6541 -3.51163 0.599991
      vertex -17.846 -2.34947 0.599991
    endloop
  endfacet
  facet normal -0.697831 -0.115164 -0.706943
    outer loop
      vertex -17.2511 -2.27115 0
      vertex -17.0657 -3.39457 0
      vertex -17.846 -2.34947 0.599991
    endloop
  endfacet
  facet normal -0.995181 -0.098057 0
    outer loop
      vertex -17.846 -2.34947 0.599991
      vertex -17.9615 -1.17726 3
      vertex -17.9615 -1.17726 0.599991
    endloop
  endfacet
  facet normal -0.995181 -0.098057 0
    outer loop
      vertex -17.9615 -1.17726 3
      vertex -17.846 -2.34947 0.599991
      vertex -17.846 -2.34947 3
    endloop
  endfacet
  facet normal -0.445251 -0.0438557 0.894331
    outer loop
      vertex -8.923 -1.17474 7.5
      vertex -8.98073 -0.588628 7.5
      vertex -17.846 -2.34947 3
    endloop
  endfacet
  facet normal -0.445248 -0.0438711 0.894332
    outer loop
      vertex -17.846 -2.34947 3
      vertex -8.98073 -0.588628 7.5
      vertex -17.9615 -1.17726 3
    endloop
  endfacet
  facet normal -0.995184 -0.0980222 0
    outer loop
      vertex -8.923 -1.17474 7.5
      vertex -8.98073 -0.588628 8.44436
      vertex -8.98073 -0.588628 7.5
    endloop
  endfacet
  facet normal -0.995184 -0.0980222 0
    outer loop
      vertex -8.98073 -0.588628 8.44436
      vertex -8.923 -1.17474 7.5
      vertex -8.923 -1.17474 8.44436
    endloop
  endfacet
  facet normal -0.703902 -0.0692546 -0.706913
    outer loop
      vertex -16.3588 -2.15368 18
      vertex -9.45375 -1.16801 11.0278
      vertex -9.44631 -1.24363 11.0278
    endloop
  endfacet
  facet normal -0.703888 -0.0693715 -0.706916
    outer loop
      vertex -9.45375 -1.16801 11.0278
      vertex -16.3588 -2.15368 18
      vertex -16.4647 -1.07915 18
    endloop
  endfacet
  facet normal -0.70389 -0.0693219 -0.706918
    outer loop
      vertex -9.48445 -0.856385 11.0278
      vertex -16.4647 -1.07915 18
      vertex -9.50742 -0.623149 11.0278
    endloop
  endfacet
  facet normal -0.703889 -0.0693442 -0.706917
    outer loop
      vertex -16.4647 -1.07915 18
      vertex -9.48445 -0.856385 11.0278
      vertex -9.45375 -1.16801 11.0278
    endloop
  endfacet
  facet normal -0.995179 -0.0980795 0
    outer loop
      vertex -16.3588 -2.15368 18
      vertex -16.4647 -1.07915 20
      vertex -16.4647 -1.07915 18
    endloop
  endfacet
  facet normal -0.995179 -0.0980795 0
    outer loop
      vertex -16.4647 -1.07915 20
      vertex -16.3588 -2.15368 18
      vertex -16.3588 -2.15368 20
    endloop
  endfacet
  facet normal -0.703862 -0.0693528 -0.706943
    outer loop
      vertex -17.2511 -2.27115 0
      vertex -17.846 -2.34947 0.599991
      vertex -17.9615 -1.17726 0.599991
    endloop
  endfacet
  facet normal -0.703835 -0.0693189 -0.706973
    outer loop
      vertex -17.3627 -1.13801 0
      vertex -17.2511 -2.27115 0
      vertex -17.9615 -1.17726 0.599991
    endloop
  endfacet
  facet normal -0.999466 -0.0326856 0
    outer loop
      vertex -17.9615 -1.17726 0.599991
      vertex -18 0 3
      vertex -18 0 0.599991
    endloop
  endfacet
  facet normal -0.999466 -0.0326856 0
    outer loop
      vertex -18 0 3
      vertex -17.9615 -1.17726 0.599991
      vertex -17.9615 -1.17726 3
    endloop
  endfacet
  facet normal -0.447164 -0.0146389 0.894332
    outer loop
      vertex -9 0 7.5
      vertex -17.9615 -1.17726 3
      vertex -8.98073 -0.588628 7.5
    endloop
  endfacet
  facet normal -0.447166 -0.0146237 0.894332
    outer loop
      vertex -17.9615 -1.17726 3
      vertex -9 0 7.5
      vertex -18 0 3
    endloop
  endfacet
  facet normal -0.999465 -0.0327196 0
    outer loop
      vertex -8.98073 -0.588628 7.5
      vertex -9 0 8.44436
      vertex -9 0 7.5
    endloop
  endfacet
  facet normal -0.999465 -0.0327196 0
    outer loop
      vertex -9 0 8.44436
      vertex -8.98073 -0.588628 7.5
      vertex -8.98073 -0.588628 8.44436
    endloop
  endfacet
  facet normal -0.70692 -0.0230843 -0.706917
    outer loop
      vertex -16.4647 -1.07915 18
      vertex -9.5099 -0.547203 11.0278
      vertex -9.50742 -0.623149 11.0278
    endloop
  endfacet
  facet normal -0.706918 -0.0231239 -0.706918
    outer loop
      vertex -9.5099 -0.547203 11.0278
      vertex -16.4647 -1.07915 18
      vertex -16.5 0 18
    endloop
  endfacet
  facet normal -0.706918 -0.0231476 -0.706916
    outer loop
      vertex -9.52015 -0.234239 11.0278
      vertex -16.5 0 18
      vertex -9.52782 0 11.0278
    endloop
  endfacet
  facet normal -0.706918 -0.0231525 -0.706916
    outer loop
      vertex -16.5 0 18
      vertex -9.52015 -0.234239 11.0278
      vertex -9.5099 -0.547203 11.0278
    endloop
  endfacet
  facet normal -0.999465 -0.0326934 0
    outer loop
      vertex -16.4647 -1.07915 18
      vertex -16.5 0 20
      vertex -16.5 0 18
    endloop
  endfacet
  facet normal -0.999465 -0.0326934 0
    outer loop
      vertex -16.5 0 20
      vertex -16.4647 -1.07915 18
      vertex -16.4647 -1.07915 20
    endloop
  endfacet
  facet normal 0 0 1
    outer loop
      vertex 10.5005 7.14036 20
      vertex 16.5 0 20
      vertex 16.4647 1.07915 20
    endloop
  endfacet
  facet normal 0 0 1
    outer loop
      vertex 10.5005 7.14036 20
      vertex 16.4647 1.07915 20
      vertex 16.3588 2.15368 20
    endloop
  endfacet
  facet normal 0 0 1
    outer loop
      vertex 16.5 0 20
      vertex 10.5005 7.14036 20
      vertex 16.4647 -1.07915 20
    endloop
  endfacet
  facet normal 0 0 1
    outer loop
      vertex 10.5005 7.14036 20
      vertex 16.3588 2.15368 20
      vertex 16.183 3.21899 20
    endloop
  endfacet
  facet normal 0 0 1
    outer loop
      vertex 16.4647 -1.07915 20
      vertex 10.5005 7.14036 20
      vertex 16.3588 -2.15368 20
    endloop
  endfacet
  facet normal 0 0 1
    outer loop
      vertex 10.5005 7.14036 20
      vertex 16.183 3.21899 20
      vertex 15.9378 4.27051 20
    endloop
  endfacet
  facet normal 0 0 1
    outer loop
      vertex 16.3588 -2.15368 20
      vertex 10.5005 7.14036 20
      vertex 16.183 -3.21899 20
    endloop
  endfacet
  facet normal 0 0 1
    outer loop
      vertex 10.5005 7.14036 20
      vertex 15.9378 4.27051 20
      vertex 15.6243 5.30375 20
    endloop
  endfacet
  facet normal 0 0 1
    outer loop
      vertex 16.183 -3.21899 20
      vertex 10.5005 7.14036 20
      vertex 15.9378 -4.27051 20
    endloop
  endfacet
  facet normal 0 0 1
    outer loop
      vertex 10.5005 7.14036 20
      vertex 15.6243 5.30375 20
      vertex 15.244 6.31428 20
    endloop
  endfacet
  facet normal 0 0 1
    outer loop
      vertex 15.9378 -4.27051 20
      vertex 10.5005 7.14036 20
      vertex 15.6243 -5.30375 20
    endloop
  endfacet
  facet normal -0 0 1
    outer loop
      vertex 10.5005 7.14036 20
      vertex 15.244 6.31428 20
      vertex 14.7984 7.29776 20
    endloop
  endfacet
  facet normal 0 0 1
    outer loop
      vertex 15.6243 -5.30375 20
      vertex 10.5005 7.14036 20
      vertex 15.244 -6.31428 20
    endloop
  endfacet
  facet normal 0 0 1
    outer loop
      vertex 10.5005 7.14036 20
      vertex 14.7984 7.29776 20
      vertex 14.2894 8.25 20
    endloop
  endfacet
  facet normal 0 0 1
    outer loop
      vertex 15.244 -6.31428 20
      vertex 10.5005 7.14036 20
      vertex 14.7984 -7.29776 20
    endloop
  endfacet
  facet normal 0 0 1
    outer loop
      vertex 10.5005 7.14036 20
      vertex 14.2894 8.25 20
      vertex 13.7192 9.16691 20
    endloop
  endfacet
  facet normal 0 0 1
    outer loop
      vertex 14.7984 -7.29776 20
      vertex 10.5005 7.14036 20
      vertex 14.2894 -8.25 20
    endloop
  endfacet
  facet normal 0 0 1
    outer loop
      vertex 10.5005 7.14036 20
      vertex 13.7192 9.16691 20
      vertex 13.0903 10.0446 20
    endloop
  endfacet
  facet normal 0 0 1
    outer loop
      vertex 14.2894 -8.25 20
      vertex 10.5005 7.14036 20
      vertex 13.7192 -9.16691 20
    endloop
  endfacet
  facet normal 0 0 1
    outer loop
      vertex 10.5005 7.14036 20
      vertex 13.0903 10.0446 20
      vertex 12.4054 10.8792 20
    endloop
  endfacet
  facet normal 0 0 1
    outer loop
      vertex 13.7192 -9.16691 20
      vertex 10.5005 7.14036 20
      vertex 13.0903 -10.0446 20
    endloop
  endfacet
  facet normal 0 0 1
    outer loop
      vertex 10.5005 7.14036 20
      vertex 12.4054 10.8792 20
      vertex 11.6673 11.6673 20
    endloop
  endfacet
  facet normal 0 0 1
    outer loop
      vertex 13.0903 -10.0446 20
      vertex 10.5005 7.14036 20
      vertex 12.4054 -10.8792 20
    endloop
  endfacet
  facet normal 0 0 1
    outer loop
      vertex 7.14036 10.5005 20
      vertex 11.6673 11.6673 20
      vertex 10.8792 12.4054 20
    endloop
  endfacet
  facet normal 0 0 1
    outer loop
      vertex 12.4054 -10.8792 20
      vertex 10.5005 7.14036 20
      vertex 11.6673 -11.6673 20
    endloop
  endfacet
  facet normal -0 0 1
    outer loop
      vertex -7.14036 -10.5005 20
      vertex 11.6673 -11.6673 20
      vertex 10.5005 7.14036 20
    endloop
  endfacet
  facet normal 0 0 1
    outer loop
      vertex 7.14036 10.5005 20
      vertex 10.8792 12.4054 20
      vertex 10.0446 13.0903 20
    endloop
  endfacet
  facet normal 0 0 1
    outer loop
      vertex 7.14036 10.5005 20
      vertex 10.0446 13.0903 20
      vertex 9.16691 13.7192 20
    endloop
  endfacet
  facet normal 0 0 1
    outer loop
      vertex 7.14036 10.5005 20
      vertex 9.16691 13.7192 20
      vertex 8.25 14.2894 20
    endloop
  endfacet
  facet normal 0 0 1
    outer loop
      vertex 7.14036 10.5005 20
      vertex 8.25 14.2894 20
      vertex 7.29776 14.7984 20
    endloop
  endfacet
  facet normal 0 0 1
    outer loop
      vertex 11.6673 11.6673 20
      vertex 7.14036 10.5005 20
      vertex 10.5005 7.14036 20
    endloop
  endfacet
  facet normal 0 0 1
    outer loop
      vertex 6.31428 15.244 20
      vertex 7.14036 10.5005 20
      vertex 7.29776 14.7984 20
    endloop
  endfacet
  facet normal 0 0 1
    outer loop
      vertex 5.30375 15.6243 20
      vertex 7.14036 10.5005 20
      vertex 6.31428 15.244 20
    endloop
  endfacet
  facet normal 0 0 1
    outer loop
      vertex 4.27051 15.9378 20
      vertex 7.14036 10.5005 20
      vertex 5.30375 15.6243 20
    endloop
  endfacet
  facet normal 0 0 1
    outer loop
      vertex 3.21899 16.183 20
      vertex 7.14036 10.5005 20
      vertex 4.27051 15.9378 20
    endloop
  endfacet
  facet normal 0 0 1
    outer loop
      vertex 2.15368 16.3588 20
      vertex 7.14036 10.5005 20
      vertex 3.21899 16.183 20
    endloop
  endfacet
  facet normal 0 0 1
    outer loop
      vertex 1.07915 16.4647 20
      vertex 7.14036 10.5005 20
      vertex 2.15368 16.3588 20
    endloop
  endfacet
  facet normal 0 0 1
    outer loop
      vertex 0 16.5 20
      vertex 7.14036 10.5005 20
      vertex 1.07915 16.4647 20
    endloop
  endfacet
  facet normal -0 0 1
    outer loop
      vertex -1.07915 16.4647 20
      vertex 7.14036 10.5005 20
      vertex 0 16.5 20
    endloop
  endfacet
  facet normal -0 0 1
    outer loop
      vertex -2.15368 16.3588 20
      vertex 7.14036 10.5005 20
      vertex -1.07915 16.4647 20
    endloop
  endfacet
  facet normal -0 0 1
    outer loop
      vertex -3.21899 16.183 20
      vertex 7.14036 10.5005 20
      vertex -2.15368 16.3588 20
    endloop
  endfacet
  facet normal -0 0 1
    outer loop
      vertex -4.27051 15.9378 20
      vertex 7.14036 10.5005 20
      vertex -3.21899 16.183 20
    endloop
  endfacet
  facet normal -0 0 1
    outer loop
      vertex -5.30375 15.6243 20
      vertex 7.14036 10.5005 20
      vertex -4.27051 15.9378 20
    endloop
  endfacet
  facet normal -0 0 1
    outer loop
      vertex -6.31428 15.244 20
      vertex 7.14036 10.5005 20
      vertex -5.30375 15.6243 20
    endloop
  endfacet
  facet normal -0 0 1
    outer loop
      vertex -7.29776 14.7984 20
      vertex 7.14036 10.5005 20
      vertex -6.31428 15.244 20
    endloop
  endfacet
  facet normal -0 0 1
    outer loop
      vertex -8.25 14.2894 20
      vertex 7.14036 10.5005 20
      vertex -7.29776 14.7984 20
    endloop
  endfacet
  facet normal -0 0 1
    outer loop
      vertex -9.16691 13.7192 20
      vertex 7.14036 10.5005 20
      vertex -8.25 14.2894 20
    endloop
  endfacet
  facet normal -0 0 1
    outer loop
      vertex -10.0446 13.0903 20
      vertex 7.14036 10.5005 20
      vertex -9.16691 13.7192 20
    endloop
  endfacet
  facet normal -0 0 1
    outer loop
      vertex -10.8792 12.4054 20
      vertex 7.14036 10.5005 20
      vertex -10.0446 13.0903 20
    endloop
  endfacet
  facet normal -0 0 1
    outer loop
      vertex -11.6673 11.6673 20
      vertex 7.14036 10.5005 20
      vertex -10.8792 12.4054 20
    endloop
  endfacet
  facet normal 0 0 1
    outer loop
      vertex 11.6673 -11.6673 20
      vertex -7.14036 -10.5005 20
      vertex 10.8792 -12.4054 20
    endloop
  endfacet
  facet normal 0 0 1
    outer loop
      vertex 10.8792 -12.4054 20
      vertex -7.14036 -10.5005 20
      vertex 10.0446 -13.0903 20
    endloop
  endfacet
  facet normal 0 0 1
    outer loop
      vertex 10.0446 -13.0903 20
      vertex -7.14036 -10.5005 20
      vertex 9.16691 -13.7192 20
    endloop
  endfacet
  facet normal 0 0 1
    outer loop
      vertex 9.16691 -13.7192 20
      vertex -7.14036 -10.5005 20
      vertex 8.25 -14.2894 20
    endloop
  endfacet
  facet normal 0 0 1
    outer loop
      vertex 8.25 -14.2894 20
      vertex -7.14036 -10.5005 20
      vertex 7.29776 -14.7984 20
    endloop
  endfacet
  facet normal 0 0 1
    outer loop
      vertex 7.29776 -14.7984 20
      vertex -7.14036 -10.5005 20
      vertex 6.31428 -15.244 20
    endloop
  endfacet
  facet normal 0 0 1
    outer loop
      vertex 6.31428 -15.244 20
      vertex -7.14036 -10.5005 20
      vertex 5.30375 -15.6243 20
    endloop
  endfacet
  facet normal 0 0 1
    outer loop
      vertex 5.30375 -15.6243 20
      vertex -7.14036 -10.5005 20
      vertex 4.27051 -15.9378 20
    endloop
  endfacet
  facet normal 0 0 1
    outer loop
      vertex 4.27051 -15.9378 20
      vertex -7.14036 -10.5005 20
      vertex 3.21899 -16.183 20
    endloop
  endfacet
  facet normal 0 0 1
    outer loop
      vertex 3.21899 -16.183 20
      vertex -7.14036 -10.5005 20
      vertex 2.15368 -16.3588 20
    endloop
  endfacet
  facet normal 0 0 1
    outer loop
      vertex 2.15368 -16.3588 20
      vertex -7.14036 -10.5005 20
      vertex 1.07915 -16.4647 20
    endloop
  endfacet
  facet normal 0 0 1
    outer loop
      vertex 1.07915 -16.4647 20
      vertex -7.14036 -10.5005 20
      vertex 0 -16.5 20
    endloop
  endfacet
  facet normal 0 0 1
    outer loop
      vertex 0 -16.5 20
      vertex -7.14036 -10.5005 20
      vertex -1.07915 -16.4647 20
    endloop
  endfacet
  facet normal 0 0 1
    outer loop
      vertex -1.07915 -16.4647 20
      vertex -7.14036 -10.5005 20
      vertex -2.15368 -16.3588 20
    endloop
  endfacet
  facet normal 0 0 1
    outer loop
      vertex -2.15368 -16.3588 20
      vertex -7.14036 -10.5005 20
      vertex -3.21899 -16.183 20
    endloop
  endfacet
  facet normal 0 0 1
    outer loop
      vertex -3.21899 -16.183 20
      vertex -7.14036 -10.5005 20
      vertex -4.27051 -15.9378 20
    endloop
  endfacet
  facet normal 0 0 1
    outer loop
      vertex -4.27051 -15.9378 20
      vertex -7.14036 -10.5005 20
      vertex -5.30375 -15.6243 20
    endloop
  endfacet
  facet normal 0 0 1
    outer loop
      vertex -5.30375 -15.6243 20
      vertex -7.14036 -10.5005 20
      vertex -6.31428 -15.244 20
    endloop
  endfacet
  facet normal 0 0 1
    outer loop
      vertex -7.14036 -10.5005 20
      vertex -7.29776 -14.7984 20
      vertex -6.31428 -15.244 20
    endloop
  endfacet
  facet normal 0 0 1
    outer loop
      vertex -7.14036 -10.5005 20
      vertex -8.25 -14.2894 20
      vertex -7.29776 -14.7984 20
    endloop
  endfacet
  facet normal 0 0 1
    outer loop
      vertex -7.14036 -10.5005 20
      vertex -9.16691 -13.7192 20
      vertex -8.25 -14.2894 20
    endloop
  endfacet
  facet normal 0 0 1
    outer loop
      vertex -7.14036 -10.5005 20
      vertex -10.0446 -13.0903 20
      vertex -9.16691 -13.7192 20
    endloop
  endfacet
  facet normal 0 0 1
    outer loop
      vertex -11.6673 -11.6673 20
      vertex -7.14036 -10.5005 20
      vertex -10.5005 -7.14036 20
    endloop
  endfacet
  facet normal 0 0 1
    outer loop
      vertex -7.14036 -10.5005 20
      vertex -10.8792 -12.4054 20
      vertex -10.0446 -13.0903 20
    endloop
  endfacet
  facet normal 0 0 1
    outer loop
      vertex 7.14036 10.5005 20
      vertex -11.6673 11.6673 20
      vertex -10.5005 -7.14036 20
    endloop
  endfacet
  facet normal -0 0 1
    outer loop
      vertex -12.4054 10.8792 20
      vertex -10.5005 -7.14036 20
      vertex -11.6673 11.6673 20
    endloop
  endfacet
  facet normal 0 0 1
    outer loop
      vertex -7.14036 -10.5005 20
      vertex -11.6673 -11.6673 20
      vertex -10.8792 -12.4054 20
    endloop
  endfacet
  facet normal -0 0 1
    outer loop
      vertex -13.0903 10.0446 20
      vertex -10.5005 -7.14036 20
      vertex -12.4054 10.8792 20
    endloop
  endfacet
  facet normal 0 0 1
    outer loop
      vertex -10.5005 -7.14036 20
      vertex -12.4054 -10.8792 20
      vertex -11.6673 -11.6673 20
    endloop
  endfacet
  facet normal -0 0 1
    outer loop
      vertex -13.7192 9.16691 20
      vertex -10.5005 -7.14036 20
      vertex -13.0903 10.0446 20
    endloop
  endfacet
  facet normal 0 0 1
    outer loop
      vertex -10.5005 -7.14036 20
      vertex -13.0903 -10.0446 20
      vertex -12.4054 -10.8792 20
    endloop
  endfacet
  facet normal -0 0 1
    outer loop
      vertex -14.2894 8.25 20
      vertex -10.5005 -7.14036 20
      vertex -13.7192 9.16691 20
    endloop
  endfacet
  facet normal 0 0 1
    outer loop
      vertex -10.5005 -7.14036 20
      vertex -13.7192 -9.16691 20
      vertex -13.0903 -10.0446 20
    endloop
  endfacet
  facet normal -0 0 1
    outer loop
      vertex -14.7984 7.29776 20
      vertex -10.5005 -7.14036 20
      vertex -14.2894 8.25 20
    endloop
  endfacet
  facet normal 0 0 1
    outer loop
      vertex -10.5005 -7.14036 20
      vertex -14.2894 -8.25 20
      vertex -13.7192 -9.16691 20
    endloop
  endfacet
  facet normal -0 0 1
    outer loop
      vertex -15.244 6.31428 20
      vertex -10.5005 -7.14036 20
      vertex -14.7984 7.29776 20
    endloop
  endfacet
  facet normal 0 0 1
    outer loop
      vertex -10.5005 -7.14036 20
      vertex -14.7984 -7.29776 20
      vertex -14.2894 -8.25 20
    endloop
  endfacet
  facet normal -0 0 1
    outer loop
      vertex -15.6243 5.30375 20
      vertex -10.5005 -7.14036 20
      vertex -15.244 6.31428 20
    endloop
  endfacet
  facet normal 0 0 1
    outer loop
      vertex -10.5005 -7.14036 20
      vertex -15.244 -6.31428 20
      vertex -14.7984 -7.29776 20
    endloop
  endfacet
  facet normal -0 0 1
    outer loop
      vertex -15.9378 4.27051 20
      vertex -10.5005 -7.14036 20
      vertex -15.6243 5.30375 20
    endloop
  endfacet
  facet normal 0 0 1
    outer loop
      vertex -10.5005 -7.14036 20
      vertex -15.6243 -5.30375 20
      vertex -15.244 -6.31428 20
    endloop
  endfacet
  facet normal -0 0 1
    outer loop
      vertex -16.183 3.21899 20
      vertex -10.5005 -7.14036 20
      vertex -15.9378 4.27051 20
    endloop
  endfacet
  facet normal 0 0 1
    outer loop
      vertex -10.5005 -7.14036 20
      vertex -15.9378 -4.27051 20
      vertex -15.6243 -5.30375 20
    endloop
  endfacet
  facet normal -0 0 1
    outer loop
      vertex -16.3588 2.15368 20
      vertex -10.5005 -7.14036 20
      vertex -16.183 3.21899 20
    endloop
  endfacet
  facet normal 0 0 1
    outer loop
      vertex -10.5005 -7.14036 20
      vertex -16.183 -3.21899 20
      vertex -15.9378 -4.27051 20
    endloop
  endfacet
  facet normal -0 0 1
    outer loop
      vertex -16.4647 1.07915 20
      vertex -10.5005 -7.14036 20
      vertex -16.3588 2.15368 20
    endloop
  endfacet
  facet normal 0 0 1
    outer loop
      vertex -10.5005 -7.14036 20
      vertex -16.3588 -2.15368 20
      vertex -16.183 -3.21899 20
    endloop
  endfacet
  facet normal -0 0 1
    outer loop
      vertex -16.5 0 20
      vertex -10.5005 -7.14036 20
      vertex -16.4647 1.07915 20
    endloop
  endfacet
  facet normal 0 0 1
    outer loop
      vertex -10.5005 -7.14036 20
      vertex -16.4647 -1.07915 20
      vertex -16.3588 -2.15368 20
    endloop
  endfacet
  facet normal 0 0 1
    outer loop
      vertex -10.5005 -7.14036 20
      vertex -16.5 0 20
      vertex -16.4647 -1.07915 20
    endloop
  endfacet
  facet normal -0.706863 -0.0231166 -0.706972
    outer loop
      vertex -17.3627 -1.13801 0
      vertex -17.9615 -1.17726 0.599991
      vertex -18 0 0.599991
    endloop
  endfacet
  facet normal -0.706912 -0.0231701 -0.706922
    outer loop
      vertex -17.4 0 0
      vertex -17.3627 -1.13801 0
      vertex -18 0 0.599991
    endloop
  endfacet
  facet normal -0.706926 0.0231419 -0.706908
    outer loop
      vertex -10.533 0.690372 10
      vertex -9 0 8.44436
      vertex -10.5556 0 10
    endloop
  endfacet
  facet normal -0.706926 0.0231427 -0.706908
    outer loop
      vertex -8.98073 0.588628 8.44436
      vertex -9 0 8.44436
      vertex -10.533 0.690372 10
    endloop
  endfacet
  facet normal -0.706923 0.0231301 0.706912
    outer loop
      vertex -10.5556 0 10
      vertex -9.52533 0.0759459 11.0278
      vertex -9.51509 0.38891 11.0278
    endloop
  endfacet
  facet normal -0.706924 0.0231776 0.70691
    outer loop
      vertex -9.52533 0.0759459 11.0278
      vertex -10.5556 0 10
      vertex -9.52782 0 11.0278
    endloop
  endfacet
  facet normal -0.706924 0.0231477 0.706911
    outer loop
      vertex -10.533 0.690372 10
      vertex -9.51509 0.38891 11.0278
      vertex -9.50742 0.623149 11.0278
    endloop
  endfacet
  facet normal -0.706925 0.0231419 0.70691
    outer loop
      vertex -9.51509 0.38891 11.0278
      vertex -10.533 0.690372 10
      vertex -10.5556 0 10
    endloop
  endfacet
  facet normal -0.7039 0.0693232 -0.706909
    outer loop
      vertex -10.4653 1.37779 10
      vertex -8.98073 0.588628 8.44436
      vertex -10.533 0.690372 10
    endloop
  endfacet
  facet normal -0.703897 0.0693314 -0.70691
    outer loop
      vertex -8.923 1.17474 8.44436
      vertex -8.98073 0.588628 8.44436
      vertex -10.4653 1.37779 10
    endloop
  endfacet
  facet normal -0.703896 0.0693235 0.706912
    outer loop
      vertex -10.533 0.690372 10
      vertex -9.49997 0.69877 11.0278
      vertex -9.46928 1.01039 11.0278
    endloop
  endfacet
  facet normal -0.703895 0.0693461 0.706911
    outer loop
      vertex -9.49997 0.69877 11.0278
      vertex -10.533 0.690372 10
      vertex -9.50742 0.623149 11.0278
    endloop
  endfacet
  facet normal -0.703897 0.0693213 0.706912
    outer loop
      vertex -9.44631 1.24363 11.0278
      vertex -10.4653 1.37779 10
      vertex -9.46928 1.01039 11.0278
    endloop
  endfacet
  facet normal -0.703896 0.0693229 0.706912
    outer loop
      vertex -9.46928 1.01039 11.0278
      vertex -10.4653 1.37779 10
      vertex -10.533 0.690372 10
    endloop
  endfacet
  facet normal -0.697859 0.115199 -0.706911
    outer loop
      vertex -10.3528 2.0593 10
      vertex -8.923 1.17474 8.44436
      vertex -10.4653 1.37779 10
    endloop
  endfacet
  facet normal -0.697854 0.11521 -0.706913
    outer loop
      vertex -8.82707 1.75581 8.44436
      vertex -8.923 1.17474 8.44436
      vertex -10.3528 2.0593 10
    endloop
  endfacet
  facet normal -0.697851 0.115238 0.706912
    outer loop
      vertex -9.43393 1.3186 11.0278
      vertex -10.4653 1.37779 10
      vertex -9.44631 1.24363 11.0278
    endloop
  endfacet
  facet normal -0.697853 0.115221 0.706912
    outer loop
      vertex -10.4653 1.37779 10
      vertex -9.43393 1.3186 11.0278
      vertex -9.38292 1.62755 11.0278
    endloop
  endfacet
  facet normal -0.697844 0.115226 0.706921
    outer loop
      vertex -10.3528 2.0593 10
      vertex -9.38292 1.62755 11.0278
      vertex -9.34474 1.85878 11.0278
    endloop
  endfacet
  facet normal -0.697852 0.115198 0.706917
    outer loop
      vertex -9.38292 1.62755 11.0278
      vertex -10.3528 2.0593 10
      vertex -10.4653 1.37779 10
    endloop
  endfacet
  facet normal -0.688834 0.160561 -0.706914
    outer loop
      vertex -10.196 2.732 10
      vertex -8.82707 1.75581 8.44436
      vertex -10.3528 2.0593 10
    endloop
  endfacet
  facet normal -0.68881 0.160613 -0.706926
    outer loop
      vertex -8.69333 2.32937 8.44436
      vertex -8.82707 1.75581 8.44436
      vertex -10.196 2.732 10
    endloop
  endfacet
  facet normal -0.688829 0.16055 0.706922
    outer loop
      vertex -9.32749 1.93279 11.0278
      vertex -10.3528 2.0593 10
      vertex -9.34474 1.85878 11.0278
    endloop
  endfacet
  facet normal -0.688816 0.160622 0.706918
    outer loop
      vertex -10.3528 2.0593 10
      vertex -9.32749 1.93279 11.0278
      vertex -9.25638 2.23774 11.0278
    endloop
  endfacet
  facet normal -0.688798 0.160611 0.706939
    outer loop
      vertex -10.196 2.732 10
      vertex -9.25638 2.23774 11.0278
      vertex -9.20316 2.46598 11.0278
    endloop
  endfacet
  facet normal -0.688818 0.160557 0.706931
    outer loop
      vertex -9.25638 2.23774 11.0278
      vertex -10.196 2.732 10
      vertex -10.3528 2.0593 10
    endloop
  endfacet
  facet normal -0.676822 0.205351 -0.706925
    outer loop
      vertex -9.99545 3.393 10
      vertex -8.69333 2.32937 8.44436
      vertex -10.196 2.732 10
    endloop
  endfacet
  facet normal -0.67684 0.205317 -0.706917
    outer loop
      vertex -8.52237 2.89295 8.44436
      vertex -8.69333 2.32937 8.44436
      vertex -9.99545 3.393 10
    endloop
  endfacet
  facet normal -0.676836 0.205257 0.706939
    outer loop
      vertex -9.18111 2.53869 11.0278
      vertex -10.196 2.732 10
      vertex -9.20316 2.46598 11.0278
    endloop
  endfacet
  facet normal -0.676821 0.205316 0.706936
    outer loop
      vertex -10.196 2.732 10
      vertex -9.18111 2.53869 11.0278
      vertex -9.09021 2.83834 11.0278
    endloop
  endfacet
  facet normal -0.676839 0.205303 0.706923
    outer loop
      vertex -9.99545 3.393 10
      vertex -9.09021 2.83834 11.0278
      vertex -9.02218 3.06262 11.0278
    endloop
  endfacet
  facet normal -0.676818 0.205349 0.706929
    outer loop
      vertex -9.09021 2.83834 11.0278
      vertex -9.99545 3.393 10
      vertex -10.196 2.732 10
    endloop
  endfacet
  facet normal -0.661961 0.24915 -0.706917
    outer loop
      vertex -9.75213 4.03947 10
      vertex -8.52237 2.89295 8.44436
      vertex -9.99545 3.393 10
    endloop
  endfacet
  facet normal -0.661968 0.249139 -0.706914
    outer loop
      vertex -8.31492 3.44415 8.44436
      vertex -8.52237 2.89295 8.44436
      vertex -9.75213 4.03947 10
    endloop
  endfacet
  facet normal -0.661956 0.249143 0.706925
    outer loop
      vertex -9.99545 3.393 10
      vertex -8.99541 3.13373 11.0278
      vertex -8.88511 3.42679 11.0278
    endloop
  endfacet
  facet normal -0.66194 0.249193 0.706922
    outer loop
      vertex -8.99541 3.13373 11.0278
      vertex -9.99545 3.393 10
      vertex -9.02218 3.06262 11.0278
    endloop
  endfacet
  facet normal -0.661967 0.249124 0.70692
    outer loop
      vertex -9.75213 4.03947 10
      vertex -8.88511 3.42679 11.0278
      vertex -8.80256 3.64614 11.0278
    endloop
  endfacet
  facet normal -0.661955 0.249148 0.706924
    outer loop
      vertex -8.88511 3.42679 11.0278
      vertex -9.75213 4.03947 10
      vertex -9.99545 3.393 10
    endloop
  endfacet
  facet normal -0.644254 0.291904 -0.706915
    outer loop
      vertex -9.46706 4.66864 10
      vertex -8.31492 3.44415 8.44436
      vertex -9.75213 4.03947 10
    endloop
  endfacet
  facet normal -0.644247 0.291914 -0.706917
    outer loop
      vertex -8.07185 3.9806 8.44436
      vertex -8.31492 3.44415 8.44436
      vertex -9.46706 4.66864 10
    endloop
  endfacet
  facet normal -0.644241 0.29192 0.70692
    outer loop
      vertex -8.80256 3.64614 11.0278
      vertex -8.64196 4.00057 11.0278
      vertex -9.75213 4.03947 10
    endloop
  endfacet
  facet normal -0.644253 0.291888 0.706922
    outer loop
      vertex -9.46706 4.66864 10
      vertex -8.64196 4.00057 11.0278
      vertex -8.54524 4.21405 11.0278
    endloop
  endfacet
  facet normal -0.644245 0.2919 0.706924
    outer loop
      vertex -8.64196 4.00057 11.0278
      vertex -9.46706 4.66864 10
      vertex -9.75213 4.03947 10
    endloop
  endfacet
  facet normal -0.623781 0.333414 -0.706917
    outer loop
      vertex -9.14145 5.27782 10
      vertex -8.07185 3.9806 8.44436
      vertex -9.46706 4.66864 10
    endloop
  endfacet
  facet normal -0.623783 0.333413 -0.706917
    outer loop
      vertex -7.79423 4.5 8.44436
      vertex -8.07185 3.9806 8.44436
      vertex -9.14145 5.27782 10
    endloop
  endfacet
  facet normal -0.623775 0.333413 0.706923
    outer loop
      vertex -9.46706 4.66864 10
      vertex -8.50942 4.28106 11.0278
      vertex -8.36181 4.55722 11.0278
    endloop
  endfacet
  facet normal -0.623766 0.333432 0.706922
    outer loop
      vertex -8.50942 4.28106 11.0278
      vertex -9.46706 4.66864 10
      vertex -8.54524 4.21405 11.0278
    endloop
  endfacet
  facet normal -0.62377 0.333418 0.706925
    outer loop
      vertex -9.14145 5.27782 10
      vertex -8.36181 4.55722 11.0278
      vertex -8.25133 4.76391 11.0278
    endloop
  endfacet
  facet normal -0.623775 0.333411 0.706924
    outer loop
      vertex -8.36181 4.55722 11.0278
      vertex -9.14145 5.27782 10
      vertex -9.46706 4.66864 10
    endloop
  endfacet
  facet normal -0.600638 0.373502 -0.706917
    outer loop
      vertex -8.77669 5.8644 10
      vertex -7.79423 4.5 8.44436
      vertex -9.14145 5.27782 10
    endloop
  endfacet
  facet normal -0.600639 0.3735 -0.706916
    outer loop
      vertex -7.48323 5.00013 8.44436
      vertex -7.79423 4.5 8.44436
      vertex -8.77669 5.8644 10
    endloop
  endfacet
  facet normal -0.600661 0.373447 0.706926
    outer loop
      vertex -8.21121 4.82844 11.0278
      vertex -9.14145 5.27782 10
      vertex -8.25133 4.76391 11.0278
    endloop
  endfacet
  facet normal -0.600627 0.373509 0.706922
    outer loop
      vertex -9.14145 5.27782 10
      vertex -8.21121 4.82844 11.0278
      vertex -8.04585 5.09435 11.0278
    endloop
  endfacet
  facet normal -0.600629 0.3735 0.706925
    outer loop
      vertex -8.77669 5.8644 10
      vertex -8.04585 5.09435 11.0278
      vertex -7.92209 5.29337 11.0278
    endloop
  endfacet
  facet normal -0.600631 0.373497 0.706924
    outer loop
      vertex -8.04585 5.09435 11.0278
      vertex -8.77669 5.8644 10
      vertex -9.14145 5.27782 10
    endloop
  endfacet
  facet normal -0.574922 0.411987 -0.706916
    outer loop
      vertex -8.37435 6.42586 10
      vertex -7.48323 5.00013 8.44436
      vertex -8.77669 5.8644 10
    endloop
  endfacet
  facet normal -0.574922 0.411988 -0.706917
    outer loop
      vertex -7.14018 5.47885 8.44436
      vertex -7.48323 5.00013 8.44436
      vertex -8.37435 6.42586 10
    endloop
  endfacet
  facet normal -0.574934 0.411957 0.706925
    outer loop
      vertex -7.87783 5.35514 11.0278
      vertex -8.77669 5.8644 10
      vertex -7.92209 5.29337 11.0278
    endloop
  endfacet
  facet normal -0.574915 0.411986 0.706923
    outer loop
      vertex -8.77669 5.8644 10
      vertex -7.87783 5.35514 11.0278
      vertex -7.69544 5.60966 11.0278
    endloop
  endfacet
  facet normal -0.574931 0.411967 0.706921
    outer loop
      vertex -8.37435 6.42586 10
      vertex -7.69544 5.60966 11.0278
      vertex -7.55893 5.80017 11.0278
    endloop
  endfacet
  facet normal -0.574916 0.411983 0.706924
    outer loop
      vertex -7.69544 5.60966 11.0278
      vertex -8.37435 6.42586 10
      vertex -8.77669 5.8644 10
    endloop
  endfacet
  facet normal -0.546749 0.448704 -0.706917
    outer loop
      vertex -7.93615 6.95981 10
      vertex -7.14018 5.47885 8.44436
      vertex -8.37435 6.42586 10
    endloop
  endfacet
  facet normal -0.546749 0.448703 -0.706916
    outer loop
      vertex -6.76656 5.93411 8.44436
      vertex -7.14018 5.47885 8.44436
      vertex -7.93615 6.95981 10
    endloop
  endfacet
  facet normal -0.546729 0.44872 0.706921
    outer loop
      vertex -7.51072 5.85891 11.0278
      vertex -8.37435 6.42586 10
      vertex -7.55893 5.80017 11.0278
    endloop
  endfacet
  facet normal -0.546739 0.448707 0.706922
    outer loop
      vertex -8.37435 6.42586 10
      vertex -7.51072 5.85891 11.0278
      vertex -7.31207 6.10096 11.0278
    endloop
  endfacet
  facet normal -0.546746 0.448696 0.706923
    outer loop
      vertex -7.93615 6.95981 10
      vertex -7.31207 6.10096 11.0278
      vertex -7.16339 6.28213 11.0278
    endloop
  endfacet
  facet normal -0.546743 0.448699 0.706924
    outer loop
      vertex -7.31207 6.10096 11.0278
      vertex -7.93615 6.95981 10
      vertex -8.37435 6.42586 10
    endloop
  endfacet
  facet normal -0.51623 0.483504 -0.706916
    outer loop
      vertex -7.46396 7.46396 10
      vertex -6.76656 5.93411 8.44436
      vertex -7.93615 6.95981 10
    endloop
  endfacet
  facet normal -0.51623 0.483504 -0.706916
    outer loop
      vertex -6.36396 6.36396 8.44436
      vertex -6.76656 5.93411 8.44436
      vertex -7.46396 7.46396 10
    endloop
  endfacet
  facet normal -0.516217 0.48351 0.706921
    outer loop
      vertex -7.93615 6.95981 10
      vertex -7.11145 6.33759 11.0278
      vertex -6.89739 6.56613 11.0278
    endloop
  endfacet
  facet normal -0.516244 0.483478 0.706924
    outer loop
      vertex -7.11145 6.33759 11.0278
      vertex -7.93615 6.95981 10
      vertex -7.16339 6.28213 11.0278
    endloop
  endfacet
  facet normal -0.516218 0.483504 0.706925
    outer loop
      vertex -7.46396 7.46396 10
      vertex -6.89739 6.56613 11.0278
      vertex -6.73718 6.73718 11.0278
    endloop
  endfacet
  facet normal -0.516224 0.483499 0.706924
    outer loop
      vertex -6.89739 6.56613 11.0278
      vertex -7.46396 7.46396 10
      vertex -7.93615 6.95981 10
    endloop
  endfacet
  facet normal -0.483504 0.51623 -0.706916
    outer loop
      vertex -6.95981 7.93615 10
      vertex -6.36396 6.36396 8.44436
      vertex -7.46396 7.46396 10
    endloop
  endfacet
  facet normal -0.483504 0.51623 -0.706916
    outer loop
      vertex -5.93411 6.76656 8.44436
      vertex -6.36396 6.36396 8.44436
      vertex -6.95981 7.93615 10
    endloop
  endfacet
  facet normal -0.483497 0.516227 0.706923
    outer loop
      vertex -7.46396 7.46396 10
      vertex -6.68172 6.78913 11.0278
      vertex -6.45318 7.00318 11.0278
    endloop
  endfacet
  facet normal -0.483526 0.516196 0.706926
    outer loop
      vertex -6.68172 6.78913 11.0278
      vertex -7.46396 7.46396 10
      vertex -6.73718 6.73718 11.0278
    endloop
  endfacet
  facet normal -0.483505 0.51622 0.706923
    outer loop
      vertex -6.95981 7.93615 10
      vertex -6.45318 7.00318 11.0278
      vertex -6.28213 7.16339 11.0278
    endloop
  endfacet
  facet normal -0.483499 0.516224 0.706924
    outer loop
      vertex -6.45318 7.00318 11.0278
      vertex -6.95981 7.93615 10
      vertex -7.46396 7.46396 10
    endloop
  endfacet
  facet normal -0.448704 0.546749 -0.706916
    outer loop
      vertex -6.42586 8.37435 10
      vertex -5.93411 6.76656 8.44436
      vertex -6.95981 7.93615 10
    endloop
  endfacet
  facet normal -0.448703 0.546749 -0.706917
    outer loop
      vertex -5.47885 7.14018 8.44436
      vertex -5.93411 6.76656 8.44436
      vertex -6.42586 8.37435 10
    endloop
  endfacet
  facet normal -0.448696 0.546747 0.706922
    outer loop
      vertex -6.95981 7.93615 10
      vertex -6.22339 7.2116 11.0278
      vertex -5.98133 7.41025 11.0278
    endloop
  endfacet
  facet normal -0.448718 0.546727 0.706924
    outer loop
      vertex -6.22339 7.2116 11.0278
      vertex -6.95981 7.93615 10
      vertex -6.28213 7.16339 11.0278
    endloop
  endfacet
  facet normal -0.448712 0.546736 0.706921
    outer loop
      vertex -6.42586 8.37435 10
      vertex -5.98133 7.41025 11.0278
      vertex -5.80017 7.55893 11.0278
    endloop
  endfacet
  facet normal -0.448699 0.546743 0.706923
    outer loop
      vertex -5.98133 7.41025 11.0278
      vertex -6.42586 8.37435 10
      vertex -6.95981 7.93615 10
    endloop
  endfacet
  facet normal -0.411987 0.574922 -0.706917
    outer loop
      vertex -5.8644 8.77669 10
      vertex -5.47885 7.14018 8.44436
      vertex -6.42586 8.37435 10
    endloop
  endfacet
  facet normal -0.411988 0.574922 -0.706916
    outer loop
      vertex -5.00013 7.48323 8.44436
      vertex -5.47885 7.14018 8.44436
      vertex -5.8644 8.77669 10
    endloop
  endfacet
  facet normal -0.411976 0.574923 0.706922
    outer loop
      vertex -6.42586 8.37435 10
      vertex -5.7384 7.60319 11.0278
      vertex -5.48387 7.78558 11.0278
    endloop
  endfacet
  facet normal -0.411959 0.574937 0.706921
    outer loop
      vertex -5.7384 7.60319 11.0278
      vertex -6.42586 8.37435 10
      vertex -5.80017 7.55893 11.0278
    endloop
  endfacet
  facet normal -0.411979 0.574918 0.706925
    outer loop
      vertex -5.8644 8.77669 10
      vertex -5.48387 7.78558 11.0278
      vertex -5.29337 7.92209 11.0278
    endloop
  endfacet
  facet normal -0.411983 0.574916 0.706924
    outer loop
      vertex -5.48387 7.78558 11.0278
      vertex -5.8644 8.77669 10
      vertex -6.42586 8.37435 10
    endloop
  endfacet
  facet normal -0.373502 0.600638 -0.706916
    outer loop
      vertex -5.27782 9.14145 10
      vertex -5.00013 7.48323 8.44436
      vertex -5.8644 8.77669 10
    endloop
  endfacet
  facet normal -0.3735 0.600638 -0.706917
    outer loop
      vertex -4.5 7.79423 8.44436
      vertex -5.00013 7.48323 8.44436
      vertex -5.27782 9.14145 10
    endloop
  endfacet
  facet normal -0.373491 0.600636 0.706924
    outer loop
      vertex -5.8644 8.77669 10
      vertex -5.22884 7.96222 11.0278
      vertex -4.96293 8.12757 11.0278
    endloop
  endfacet
  facet normal -0.373514 0.60062 0.706925
    outer loop
      vertex -5.22884 7.96222 11.0278
      vertex -5.8644 8.77669 10
      vertex -5.29337 7.92209 11.0278
    endloop
  endfacet
  facet normal -0.3735 0.600629 0.706925
    outer loop
      vertex -5.27782 9.14145 10
      vertex -4.96293 8.12757 11.0278
      vertex -4.76391 8.25133 11.0278
    endloop
  endfacet
  facet normal -0.373497 0.60063 0.706925
    outer loop
      vertex -4.96293 8.12757 11.0278
      vertex -5.27782 9.14145 10
      vertex -5.8644 8.77669 10
    endloop
  endfacet
  facet normal -0.333415 0.623782 -0.706917
    outer loop
      vertex -4.66864 9.46706 10
      vertex -4.5 7.79423 8.44436
      vertex -5.27782 9.14145 10
    endloop
  endfacet
  facet normal -0.333412 0.623782 -0.706917
    outer loop
      vertex -3.9806 8.07185 8.44436
      vertex -4.5 7.79423 8.44436
      vertex -4.66864 9.46706 10
    endloop
  endfacet
  facet normal -0.333393 0.623785 0.706924
    outer loop
      vertex -4.69689 8.28715 11.0278
      vertex -5.27782 9.14145 10
      vertex -4.76391 8.25133 11.0278
    endloop
  endfacet
  facet normal -0.333421 0.623767 0.706926
    outer loop
      vertex -5.27782 9.14145 10
      vertex -4.69689 8.28715 11.0278
      vertex -4.42074 8.43476 11.0278
    endloop
  endfacet
  facet normal -0.333419 0.623773 0.706923
    outer loop
      vertex -4.66864 9.46706 10
      vertex -4.42074 8.43476 11.0278
      vertex -4.21405 8.54524 11.0278
    endloop
  endfacet
  facet normal -0.333411 0.623775 0.706924
    outer loop
      vertex -4.42074 8.43476 11.0278
      vertex -4.66864 9.46706 10
      vertex -5.27782 9.14145 10
    endloop
  endfacet
  facet normal -0.291904 0.644252 -0.706917
    outer loop
      vertex -4.03947 9.75213 10
      vertex -3.9806 8.07185 8.44436
      vertex -4.66864 9.46706 10
    endloop
  endfacet
  facet normal -0.291915 0.64425 -0.706915
    outer loop
      vertex -3.44415 8.31492 8.44436
      vertex -3.9806 8.07185 8.44436
      vertex -4.03947 9.75213 10
    endloop
  endfacet
  facet normal -0.291897 0.644249 0.706923
    outer loop
      vertex -4.21405 8.54524 11.0278
      vertex -3.85961 8.70583 11.0278
      vertex -4.66864 9.46706 10
    endloop
  endfacet
  facet normal -0.291925 0.644239 0.70692
    outer loop
      vertex -4.03947 9.75213 10
      vertex -3.85961 8.70583 11.0278
      vertex -3.64614 8.80256 11.0278
    endloop
  endfacet
  facet normal -0.291901 0.644246 0.706924
    outer loop
      vertex -3.85961 8.70583 11.0278
      vertex -4.03947 9.75213 10
      vertex -4.66864 9.46706 10
    endloop
  endfacet
  facet normal -0.249151 0.661963 -0.706915
    outer loop
      vertex -3.393 9.99545 10
      vertex -3.44415 8.31492 8.44436
      vertex -4.03947 9.75213 10
    endloop
  endfacet
  facet normal -0.249138 0.661965 -0.706918
    outer loop
      vertex -3.393 9.99545 10
      vertex -2.89295 8.52237 8.44436
      vertex -3.44415 8.31492 8.44436
    endloop
  endfacet
  facet normal -0.249082 0.661984 0.706919
    outer loop
      vertex -3.57502 8.82932 11.0278
      vertex -4.03947 9.75213 10
      vertex -3.64614 8.80256 11.0278
    endloop
  endfacet
  facet normal -0.249143 0.661957 0.706923
    outer loop
      vertex -4.03947 9.75213 10
      vertex -3.57502 8.82932 11.0278
      vertex -3.28196 8.93962 11.0278
    endloop
  endfacet
  facet normal -0.24916 0.661952 0.706923
    outer loop
      vertex -3.393 9.99545 10
      vertex -3.28196 8.93962 11.0278
      vertex -3.06262 9.02218 11.0278
    endloop
  endfacet
  facet normal -0.249148 0.661954 0.706924
    outer loop
      vertex -3.28196 8.93962 11.0278
      vertex -3.393 9.99545 10
      vertex -4.03947 9.75213 10
    endloop
  endfacet
  facet normal -0.205353 0.676829 -0.706918
    outer loop
      vertex -2.732 10.196 10
      vertex -2.89295 8.52237 8.44436
      vertex -3.393 9.99545 10
    endloop
  endfacet
  facet normal -0.205315 0.676832 -0.706926
    outer loop
      vertex -2.732 10.196 10
      vertex -2.32937 8.69333 8.44436
      vertex -2.89295 8.52237 8.44436
    endloop
  endfacet
  facet normal -0.205319 0.67683 0.706926
    outer loop
      vertex -3.393 9.99545 10
      vertex -2.9899 9.04423 11.0278
      vertex -2.69025 9.13513 11.0278
    endloop
  endfacet
  facet normal -0.205236 0.67686 0.706922
    outer loop
      vertex -2.9899 9.04423 11.0278
      vertex -3.393 9.99545 10
      vertex -3.06262 9.02218 11.0278
    endloop
  endfacet
  facet normal -0.205307 0.676821 0.706938
    outer loop
      vertex -2.732 10.196 10
      vertex -2.69025 9.13513 11.0278
      vertex -2.46598 9.20316 11.0278
    endloop
  endfacet
  facet normal -0.205348 0.676815 0.706933
    outer loop
      vertex -2.69025 9.13513 11.0278
      vertex -2.732 10.196 10
      vertex -3.393 9.99545 10
    endloop
  endfacet
  facet normal -0.160558 0.688824 -0.706925
    outer loop
      vertex -2.0593 10.3528 10
      vertex -2.32937 8.69333 8.44436
      vertex -2.732 10.196 10
    endloop
  endfacet
  facet normal -0.160616 0.688822 -0.706913
    outer loop
      vertex -2.0593 10.3528 10
      vertex -1.75581 8.82707 8.44436
      vertex -2.32937 8.69333 8.44436
    endloop
  endfacet
  facet normal -0.160655 0.688787 0.706939
    outer loop
      vertex -2.39198 9.22042 11.0278
      vertex -2.732 10.196 10
      vertex -2.46598 9.20316 11.0278
    endloop
  endfacet
  facet normal -0.160597 0.688803 0.706936
    outer loop
      vertex -2.732 10.196 10
      vertex -2.39198 9.22042 11.0278
      vertex -2.08703 9.29152 11.0278
    endloop
  endfacet
  facet normal -0.160608 0.688816 0.706921
    outer loop
      vertex -2.0593 10.3528 10
      vertex -2.08703 9.29152 11.0278
      vertex -1.85878 9.34474 11.0278
    endloop
  endfacet
  facet normal -0.160558 0.688821 0.706927
    outer loop
      vertex -2.08703 9.29152 11.0278
      vertex -2.0593 10.3528 10
      vertex -2.732 10.196 10
    endloop
  endfacet
  facet normal -0.115198 0.697856 -0.706913
    outer loop
      vertex -1.37779 10.4653 10
      vertex -1.75581 8.82707 8.44436
      vertex -2.0593 10.3528 10
    endloop
  endfacet
  facet normal -0.115211 0.697857 -0.70691
    outer loop
      vertex -1.37779 10.4653 10
      vertex -1.17474 8.923 8.44436
      vertex -1.75581 8.82707 8.44436
    endloop
  endfacet
  facet normal -0.11522 0.697845 0.70692
    outer loop
      vertex -2.0593 10.3528 10
      vertex -1.78381 9.35712 11.0278
      vertex -1.47486 9.40813 11.0278
    endloop
  endfacet
  facet normal -0.115237 0.697842 0.706921
    outer loop
      vertex -1.78381 9.35712 11.0278
      vertex -2.0593 10.3528 10
      vertex -1.85878 9.34474 11.0278
    endloop
  endfacet
  facet normal -0.115227 0.697853 0.706912
    outer loop
      vertex -1.37779 10.4653 10
      vertex -1.47486 9.40813 11.0278
      vertex -1.24363 9.44631 11.0278
    endloop
  endfacet
  facet normal -0.115198 0.697854 0.706916
    outer loop
      vertex -1.47486 9.40813 11.0278
      vertex -1.37779 10.4653 10
      vertex -2.0593 10.3528 10
    endloop
  endfacet
  facet normal -0.069323 0.703898 -0.70691
    outer loop
      vertex -0.690372 10.533 10
      vertex -1.17474 8.923 8.44436
      vertex -1.37779 10.4653 10
    endloop
  endfacet
  facet normal -0.0693316 0.703899 -0.706908
    outer loop
      vertex -0.690372 10.533 10
      vertex -0.588628 8.98073 8.44436
      vertex -1.17474 8.923 8.44436
    endloop
  endfacet
  facet normal -0.0693444 0.703891 0.706915
    outer loop
      vertex -1.37779 10.4653 10
      vertex -1.16801 9.45375 11.0278
      vertex -0.856385 9.48445 11.0278
    endloop
  endfacet
  facet normal -0.0692548 0.703904 0.706911
    outer loop
      vertex -1.24363 9.44631 11.0278
      vertex -1.16801 9.45375 11.0278
      vertex -1.37779 10.4653 10
    endloop
  endfacet
  facet normal -0.0693226 0.703897 0.706911
    outer loop
      vertex -0.690372 10.533 10
      vertex -0.856385 9.48445 11.0278
      vertex -0.623149 9.50742 11.0278
    endloop
  endfacet
  facet normal -0.069323 0.703897 0.706911
    outer loop
      vertex -0.856385 9.48445 11.0278
      vertex -0.690372 10.533 10
      vertex -1.37779 10.4653 10
    endloop
  endfacet
  facet normal -0.0231419 0.706926 -0.706908
    outer loop
      vertex 0 10.5556 10
      vertex -0.588628 8.98073 8.44436
      vertex -0.690372 10.533 10
    endloop
  endfacet
  facet normal -0.0231428 0.706926 -0.706908
    outer loop
      vertex 0 10.5556 10
      vertex 0 9 8.44436
      vertex -0.588628 8.98073 8.44436
    endloop
  endfacet
  facet normal -0.0231526 0.706921 0.706913
    outer loop
      vertex -0.690372 10.533 10
      vertex -0.547203 9.5099 11.0278
      vertex -0.234239 9.52015 11.0278
    endloop
  endfacet
  facet normal -0.0230845 0.706927 0.70691
    outer loop
      vertex -0.547203 9.5099 11.0278
      vertex -0.690372 10.533 10
      vertex -0.623149 9.50742 11.0278
    endloop
  endfacet
  facet normal -0.0231478 0.706924 0.70691
    outer loop
      vertex 0 10.5556 10
      vertex -0.234239 9.52015 11.0278
      vertex 0 9.52782 11.0278
    endloop
  endfacet
  facet normal -0.0231418 0.706924 0.706911
    outer loop
      vertex -0.234239 9.52015 11.0278
      vertex 0 10.5556 10
      vertex -0.690372 10.533 10
    endloop
  endfacet
  facet normal 0.0231419 0.706926 -0.706908
    outer loop
      vertex 0 10.5556 10
      vertex 0.690372 10.533 10
      vertex 0 9 8.44436
    endloop
  endfacet
  facet normal 0.0231427 0.706926 -0.706908
    outer loop
      vertex 0.690372 10.533 10
      vertex 0.588628 8.98073 8.44436
      vertex 0 9 8.44436
    endloop
  endfacet
  facet normal 0.0231301 0.706923 0.706912
    outer loop
      vertex 0 10.5556 10
      vertex 0.0759459 9.52533 11.0278
      vertex 0.38891 9.51509 11.0278
    endloop
  endfacet
  facet normal 0.0231776 0.706924 0.70691
    outer loop
      vertex 0.0759459 9.52533 11.0278
      vertex 0 10.5556 10
      vertex 0 9.52782 11.0278
    endloop
  endfacet
  facet normal 0.0231477 0.706924 0.706911
    outer loop
      vertex 0.623149 9.50742 11.0278
      vertex 0.690372 10.533 10
      vertex 0.38891 9.51509 11.0278
    endloop
  endfacet
  facet normal 0.0231419 0.706925 0.70691
    outer loop
      vertex 0.38891 9.51509 11.0278
      vertex 0.690372 10.533 10
      vertex 0 10.5556 10
    endloop
  endfacet
  facet normal 0.0693232 0.7039 -0.706909
    outer loop
      vertex 0.690372 10.533 10
      vertex 1.37779 10.4653 10
      vertex 0.588628 8.98073 8.44436
    endloop
  endfacet
  facet normal 0.0693314 0.703897 -0.70691
    outer loop
      vertex 1.37779 10.4653 10
      vertex 1.17474 8.923 8.44436
      vertex 0.588628 8.98073 8.44436
    endloop
  endfacet
  facet normal 0.0693235 0.703896 0.706912
    outer loop
      vertex 0.690372 10.533 10
      vertex 0.69877 9.49997 11.0278
      vertex 1.01039 9.46928 11.0278
    endloop
  endfacet
  facet normal 0.0693461 0.703895 0.706911
    outer loop
      vertex 0.69877 9.49997 11.0278
      vertex 0.690372 10.533 10
      vertex 0.623149 9.50742 11.0278
    endloop
  endfacet
  facet normal 0.0693213 0.703897 0.706912
    outer loop
      vertex 1.37779 10.4653 10
      vertex 1.01039 9.46928 11.0278
      vertex 1.24363 9.44631 11.0278
    endloop
  endfacet
  facet normal 0.0693229 0.703896 0.706912
    outer loop
      vertex 1.01039 9.46928 11.0278
      vertex 1.37779 10.4653 10
      vertex 0.690372 10.533 10
    endloop
  endfacet
  facet normal 0.115199 0.697859 -0.706911
    outer loop
      vertex 1.37779 10.4653 10
      vertex 2.0593 10.3528 10
      vertex 1.17474 8.923 8.44436
    endloop
  endfacet
  facet normal 0.11521 0.697854 -0.706913
    outer loop
      vertex 2.0593 10.3528 10
      vertex 1.75581 8.82707 8.44436
      vertex 1.17474 8.923 8.44436
    endloop
  endfacet
  facet normal 0.115221 0.697853 0.706912
    outer loop
      vertex 1.37779 10.4653 10
      vertex 1.3186 9.43393 11.0278
      vertex 1.62755 9.38292 11.0278
    endloop
  endfacet
  facet normal 0.115238 0.697851 0.706912
    outer loop
      vertex 1.3186 9.43393 11.0278
      vertex 1.37779 10.4653 10
      vertex 1.24363 9.44631 11.0278
    endloop
  endfacet
  facet normal 0.115226 0.697844 0.706921
    outer loop
      vertex 2.0593 10.3528 10
      vertex 1.62755 9.38292 11.0278
      vertex 1.85878 9.34474 11.0278
    endloop
  endfacet
  facet normal 0.115198 0.697852 0.706917
    outer loop
      vertex 1.62755 9.38292 11.0278
      vertex 2.0593 10.3528 10
      vertex 1.37779 10.4653 10
    endloop
  endfacet
  facet normal 0.160561 0.688834 -0.706914
    outer loop
      vertex 2.0593 10.3528 10
      vertex 2.732 10.196 10
      vertex 1.75581 8.82707 8.44436
    endloop
  endfacet
  facet normal 0.160613 0.68881 -0.706926
    outer loop
      vertex 2.732 10.196 10
      vertex 2.32937 8.69333 8.44436
      vertex 1.75581 8.82707 8.44436
    endloop
  endfacet
  facet normal 0.160622 0.688816 0.706918
    outer loop
      vertex 2.0593 10.3528 10
      vertex 1.93279 9.32749 11.0278
      vertex 2.23774 9.25638 11.0278
    endloop
  endfacet
  facet normal 0.16055 0.688829 0.706922
    outer loop
      vertex 2.0593 10.3528 10
      vertex 1.85878 9.34474 11.0278
      vertex 1.93279 9.32749 11.0278
    endloop
  endfacet
  facet normal 0.160611 0.688798 0.706939
    outer loop
      vertex 2.732 10.196 10
      vertex 2.23774 9.25638 11.0278
      vertex 2.46598 9.20316 11.0278
    endloop
  endfacet
  facet normal 0.160557 0.688818 0.706931
    outer loop
      vertex 2.23774 9.25638 11.0278
      vertex 2.732 10.196 10
      vertex 2.0593 10.3528 10
    endloop
  endfacet
  facet normal 0.205351 0.676822 -0.706925
    outer loop
      vertex 2.732 10.196 10
      vertex 3.393 9.99545 10
      vertex 2.32937 8.69333 8.44436
    endloop
  endfacet
  facet normal 0.205317 0.67684 -0.706917
    outer loop
      vertex 3.393 9.99545 10
      vertex 2.89295 8.52237 8.44436
      vertex 2.32937 8.69333 8.44436
    endloop
  endfacet
  facet normal 0.205316 0.676821 0.706936
    outer loop
      vertex 2.732 10.196 10
      vertex 2.53869 9.18111 11.0278
      vertex 2.83834 9.09021 11.0278
    endloop
  endfacet
  facet normal 0.205257 0.676836 0.706939
    outer loop
      vertex 2.732 10.196 10
      vertex 2.46598 9.20316 11.0278
      vertex 2.53869 9.18111 11.0278
    endloop
  endfacet
  facet normal 0.205303 0.676839 0.706923
    outer loop
      vertex 3.393 9.99545 10
      vertex 2.83834 9.09021 11.0278
      vertex 3.06262 9.02218 11.0278
    endloop
  endfacet
  facet normal 0.205349 0.676818 0.706929
    outer loop
      vertex 2.83834 9.09021 11.0278
      vertex 3.393 9.99545 10
      vertex 2.732 10.196 10
    endloop
  endfacet
  facet normal 0.24915 0.661961 -0.706917
    outer loop
      vertex 3.393 9.99545 10
      vertex 4.03947 9.75213 10
      vertex 2.89295 8.52237 8.44436
    endloop
  endfacet
  facet normal 0.249139 0.661968 -0.706914
    outer loop
      vertex 4.03947 9.75213 10
      vertex 3.44415 8.31492 8.44436
      vertex 2.89295 8.52237 8.44436
    endloop
  endfacet
  facet normal 0.249143 0.661956 0.706925
    outer loop
      vertex 3.393 9.99545 10
      vertex 3.13373 8.99541 11.0278
      vertex 3.42679 8.88511 11.0278
    endloop
  endfacet
  facet normal 0.249193 0.66194 0.706922
    outer loop
      vertex 3.393 9.99545 10
      vertex 3.06262 9.02218 11.0278
      vertex 3.13373 8.99541 11.0278
    endloop
  endfacet
  facet normal 0.249124 0.661967 0.70692
    outer loop
      vertex 4.03947 9.75213 10
      vertex 3.42679 8.88511 11.0278
      vertex 3.64614 8.80256 11.0278
    endloop
  endfacet
  facet normal 0.249148 0.661955 0.706924
    outer loop
      vertex 3.42679 8.88511 11.0278
      vertex 4.03947 9.75213 10
      vertex 3.393 9.99545 10
    endloop
  endfacet
  facet normal 0.291904 0.644254 -0.706915
    outer loop
      vertex 4.03947 9.75213 10
      vertex 4.66864 9.46706 10
      vertex 3.44415 8.31492 8.44436
    endloop
  endfacet
  facet normal 0.291914 0.644247 -0.706917
    outer loop
      vertex 4.66864 9.46706 10
      vertex 3.9806 8.07185 8.44436
      vertex 3.44415 8.31492 8.44436
    endloop
  endfacet
  facet normal 0.29192 0.644241 0.70692
    outer loop
      vertex 4.00057 8.64196 11.0278
      vertex 4.03947 9.75213 10
      vertex 3.64614 8.80256 11.0278
    endloop
  endfacet
  facet normal 0.2919 0.644245 0.706924
    outer loop
      vertex 4.00057 8.64196 11.0278
      vertex 4.66864 9.46706 10
      vertex 4.03947 9.75213 10
    endloop
  endfacet
  facet normal 0.291888 0.644253 0.706922
    outer loop
      vertex 4.66864 9.46706 10
      vertex 4.00057 8.64196 11.0278
      vertex 4.21405 8.54524 11.0278
    endloop
  endfacet
  facet normal 0.333414 0.623781 -0.706917
    outer loop
      vertex 4.66864 9.46706 10
      vertex 5.27782 9.14145 10
      vertex 3.9806 8.07185 8.44436
    endloop
  endfacet
  facet normal 0.333413 0.623783 -0.706917
    outer loop
      vertex 5.27782 9.14145 10
      vertex 4.5 7.79423 8.44436
      vertex 3.9806 8.07185 8.44436
    endloop
  endfacet
  facet normal 0.333413 0.623775 0.706923
    outer loop
      vertex 4.66864 9.46706 10
      vertex 4.28106 8.50942 11.0278
      vertex 4.55722 8.36181 11.0278
    endloop
  endfacet
  facet normal 0.333432 0.623766 0.706922
    outer loop
      vertex 4.28106 8.50942 11.0278
      vertex 4.66864 9.46706 10
      vertex 4.21405 8.54524 11.0278
    endloop
  endfacet
  facet normal 0.333411 0.623775 0.706924
    outer loop
      vertex 4.55722 8.36181 11.0278
      vertex 5.27782 9.14145 10
      vertex 4.66864 9.46706 10
    endloop
  endfacet
  facet normal 0.333418 0.62377 0.706925
    outer loop
      vertex 5.27782 9.14145 10
      vertex 4.55722 8.36181 11.0278
      vertex 4.76391 8.25133 11.0278
    endloop
  endfacet
  facet normal 0.373502 0.600638 -0.706917
    outer loop
      vertex 5.27782 9.14145 10
      vertex 5.8644 8.77669 10
      vertex 4.5 7.79423 8.44436
    endloop
  endfacet
  facet normal 0.3735 0.600639 -0.706916
    outer loop
      vertex 5.8644 8.77669 10
      vertex 5.00013 7.48323 8.44436
      vertex 4.5 7.79423 8.44436
    endloop
  endfacet
  facet normal 0.373509 0.600627 0.706922
    outer loop
      vertex 5.27782 9.14145 10
      vertex 4.82844 8.21121 11.0278
      vertex 5.09435 8.04585 11.0278
    endloop
  endfacet
  facet normal 0.373447 0.600661 0.706926
    outer loop
      vertex 4.82844 8.21121 11.0278
      vertex 5.27782 9.14145 10
      vertex 4.76391 8.25133 11.0278
    endloop
  endfacet
  facet normal 0.373497 0.600631 0.706924
    outer loop
      vertex 5.09435 8.04585 11.0278
      vertex 5.8644 8.77669 10
      vertex 5.27782 9.14145 10
    endloop
  endfacet
  facet normal 0.3735 0.600629 0.706925
    outer loop
      vertex 5.8644 8.77669 10
      vertex 5.09435 8.04585 11.0278
      vertex 5.29337 7.92209 11.0278
    endloop
  endfacet
  facet normal 0.411987 0.574922 -0.706916
    outer loop
      vertex 5.8644 8.77669 10
      vertex 6.42586 8.37435 10
      vertex 5.00013 7.48323 8.44436
    endloop
  endfacet
  facet normal 0.411988 0.574922 -0.706917
    outer loop
      vertex 6.42586 8.37435 10
      vertex 5.47885 7.14018 8.44436
      vertex 5.00013 7.48323 8.44436
    endloop
  endfacet
  facet normal 0.411986 0.574915 0.706923
    outer loop
      vertex 5.8644 8.77669 10
      vertex 5.35514 7.87783 11.0278
      vertex 5.60966 7.69544 11.0278
    endloop
  endfacet
  facet normal 0.411957 0.574934 0.706925
    outer loop
      vertex 5.35514 7.87783 11.0278
      vertex 5.8644 8.77669 10
      vertex 5.29337 7.92209 11.0278
    endloop
  endfacet
  facet normal 0.411983 0.574916 0.706924
    outer loop
      vertex 5.60966 7.69544 11.0278
      vertex 6.42586 8.37435 10
      vertex 5.8644 8.77669 10
    endloop
  endfacet
  facet normal 0.411967 0.574931 0.706921
    outer loop
      vertex 6.42586 8.37435 10
      vertex 5.60966 7.69544 11.0278
      vertex 5.80017 7.55893 11.0278
    endloop
  endfacet
  facet normal 0.448704 0.546749 -0.706917
    outer loop
      vertex 6.42586 8.37435 10
      vertex 6.95981 7.93615 10
      vertex 5.47885 7.14018 8.44436
    endloop
  endfacet
  facet normal 0.448703 0.546749 -0.706916
    outer loop
      vertex 6.95981 7.93615 10
      vertex 5.93411 6.76656 8.44436
      vertex 5.47885 7.14018 8.44436
    endloop
  endfacet
  facet normal 0.448707 0.546739 0.706922
    outer loop
      vertex 6.42586 8.37435 10
      vertex 5.85891 7.51072 11.0278
      vertex 6.10096 7.31207 11.0278
    endloop
  endfacet
  facet normal 0.44872 0.546729 0.706921
    outer loop
      vertex 5.85891 7.51072 11.0278
      vertex 6.42586 8.37435 10
      vertex 5.80017 7.55893 11.0278
    endloop
  endfacet
  facet normal 0.448699 0.546743 0.706924
    outer loop
      vertex 6.10096 7.31207 11.0278
      vertex 6.95981 7.93615 10
      vertex 6.42586 8.37435 10
    endloop
  endfacet
  facet normal 0.448696 0.546746 0.706923
    outer loop
      vertex 6.95981 7.93615 10
      vertex 6.10096 7.31207 11.0278
      vertex 6.28213 7.16339 11.0278
    endloop
  endfacet
  facet normal 0.483504 0.51623 -0.706916
    outer loop
      vertex 6.95981 7.93615 10
      vertex 7.46396 7.46396 10
      vertex 5.93411 6.76656 8.44436
    endloop
  endfacet
  facet normal 0.483504 0.51623 -0.706916
    outer loop
      vertex 7.46396 7.46396 10
      vertex 6.36396 6.36396 8.44436
      vertex 5.93411 6.76656 8.44436
    endloop
  endfacet
  facet normal 0.48351 0.516217 0.706921
    outer loop
      vertex 6.95981 7.93615 10
      vertex 6.33759 7.11145 11.0278
      vertex 6.56613 6.89739 11.0278
    endloop
  endfacet
  facet normal 0.483478 0.516244 0.706924
    outer loop
      vertex 6.33759 7.11145 11.0278
      vertex 6.95981 7.93615 10
      vertex 6.28213 7.16339 11.0278
    endloop
  endfacet
  facet normal 0.483499 0.516224 0.706924
    outer loop
      vertex 6.56613 6.89739 11.0278
      vertex 7.46396 7.46396 10
      vertex 6.95981 7.93615 10
    endloop
  endfacet
  facet normal 0.483504 0.516218 0.706925
    outer loop
      vertex 7.46396 7.46396 10
      vertex 6.56613 6.89739 11.0278
      vertex 6.73718 6.73718 11.0278
    endloop
  endfacet
  facet normal 0.51623 0.483504 -0.706916
    outer loop
      vertex 7.46396 7.46396 10
      vertex 7.93615 6.95981 10
      vertex 6.36396 6.36396 8.44436
    endloop
  endfacet
  facet normal 0.51623 0.483504 -0.706916
    outer loop
      vertex 7.93615 6.95981 10
      vertex 6.76656 5.93411 8.44436
      vertex 6.36396 6.36396 8.44436
    endloop
  endfacet
  facet normal 0.516227 0.483497 0.706923
    outer loop
      vertex 7.46396 7.46396 10
      vertex 6.78913 6.68172 11.0278
      vertex 7.00318 6.45318 11.0278
    endloop
  endfacet
  facet normal 0.516196 0.483526 0.706926
    outer loop
      vertex 6.78913 6.68172 11.0278
      vertex 7.46396 7.46396 10
      vertex 6.73718 6.73718 11.0278
    endloop
  endfacet
  facet normal 0.516224 0.483499 0.706924
    outer loop
      vertex 7.00318 6.45318 11.0278
      vertex 7.93615 6.95981 10
      vertex 7.46396 7.46396 10
    endloop
  endfacet
  facet normal 0.51622 0.483505 0.706923
    outer loop
      vertex 7.93615 6.95981 10
      vertex 7.00318 6.45318 11.0278
      vertex 7.16339 6.28213 11.0278
    endloop
  endfacet
  facet normal 0.546749 0.448704 -0.706916
    outer loop
      vertex 7.93615 6.95981 10
      vertex 8.37435 6.42586 10
      vertex 6.76656 5.93411 8.44436
    endloop
  endfacet
  facet normal 0.546749 0.448703 -0.706917
    outer loop
      vertex 8.37435 6.42586 10
      vertex 7.14018 5.47885 8.44436
      vertex 6.76656 5.93411 8.44436
    endloop
  endfacet
  facet normal 0.546747 0.448696 0.706922
    outer loop
      vertex 7.93615 6.95981 10
      vertex 7.2116 6.22339 11.0278
      vertex 7.41025 5.98133 11.0278
    endloop
  endfacet
  facet normal 0.546727 0.448718 0.706924
    outer loop
      vertex 7.2116 6.22339 11.0278
      vertex 7.93615 6.95981 10
      vertex 7.16339 6.28213 11.0278
    endloop
  endfacet
  facet normal 0.546743 0.448699 0.706923
    outer loop
      vertex 7.41025 5.98133 11.0278
      vertex 8.37435 6.42586 10
      vertex 7.93615 6.95981 10
    endloop
  endfacet
  facet normal 0.546736 0.448712 0.706921
    outer loop
      vertex 8.37435 6.42586 10
      vertex 7.41025 5.98133 11.0278
      vertex 7.55893 5.80017 11.0278
    endloop
  endfacet
  facet normal 0.574922 0.411987 -0.706917
    outer loop
      vertex 8.37435 6.42586 10
      vertex 8.77669 5.8644 10
      vertex 7.14018 5.47885 8.44436
    endloop
  endfacet
  facet normal 0.574922 0.411988 -0.706916
    outer loop
      vertex 8.77669 5.8644 10
      vertex 7.48323 5.00013 8.44436
      vertex 7.14018 5.47885 8.44436
    endloop
  endfacet
  facet normal 0.574923 0.411976 0.706922
    outer loop
      vertex 8.37435 6.42586 10
      vertex 7.60319 5.7384 11.0278
      vertex 7.78558 5.48387 11.0278
    endloop
  endfacet
  facet normal 0.574937 0.411959 0.706921
    outer loop
      vertex 7.60319 5.7384 11.0278
      vertex 8.37435 6.42586 10
      vertex 7.55893 5.80017 11.0278
    endloop
  endfacet
  facet normal 0.574916 0.411983 0.706924
    outer loop
      vertex 7.78558 5.48387 11.0278
      vertex 8.77669 5.8644 10
      vertex 8.37435 6.42586 10
    endloop
  endfacet
  facet normal 0.574918 0.411979 0.706925
    outer loop
      vertex 8.77669 5.8644 10
      vertex 7.78558 5.48387 11.0278
      vertex 7.92209 5.29337 11.0278
    endloop
  endfacet
  facet normal 0.600638 0.373502 -0.706916
    outer loop
      vertex 8.77669 5.8644 10
      vertex 9.14145 5.27782 10
      vertex 7.48323 5.00013 8.44436
    endloop
  endfacet
  facet normal 0.600638 0.3735 -0.706917
    outer loop
      vertex 9.14145 5.27782 10
      vertex 7.79423 4.5 8.44436
      vertex 7.48323 5.00013 8.44436
    endloop
  endfacet
  facet normal 0.600636 0.373491 0.706924
    outer loop
      vertex 8.77669 5.8644 10
      vertex 7.96222 5.22884 11.0278
      vertex 8.12757 4.96293 11.0278
    endloop
  endfacet
  facet normal 0.60062 0.373514 0.706925
    outer loop
      vertex 7.96222 5.22884 11.0278
      vertex 8.77669 5.8644 10
      vertex 7.92209 5.29337 11.0278
    endloop
  endfacet
  facet normal 0.60063 0.373497 0.706925
    outer loop
      vertex 8.12757 4.96293 11.0278
      vertex 9.14145 5.27782 10
      vertex 8.77669 5.8644 10
    endloop
  endfacet
  facet normal 0.600629 0.3735 0.706925
    outer loop
      vertex 9.14145 5.27782 10
      vertex 8.12757 4.96293 11.0278
      vertex 8.25133 4.76391 11.0278
    endloop
  endfacet
  facet normal 0.623782 0.333415 -0.706917
    outer loop
      vertex 9.14145 5.27782 10
      vertex 9.46706 4.66864 10
      vertex 7.79423 4.5 8.44436
    endloop
  endfacet
  facet normal 0.623782 0.333412 -0.706917
    outer loop
      vertex 9.46706 4.66864 10
      vertex 8.07185 3.9806 8.44436
      vertex 7.79423 4.5 8.44436
    endloop
  endfacet
  facet normal 0.623767 0.333421 0.706926
    outer loop
      vertex 9.14145 5.27782 10
      vertex 8.28715 4.69689 11.0278
      vertex 8.43476 4.42074 11.0278
    endloop
  endfacet
  facet normal 0.623785 0.333393 0.706924
    outer loop
      vertex 8.28715 4.69689 11.0278
      vertex 9.14145 5.27782 10
      vertex 8.25133 4.76391 11.0278
    endloop
  endfacet
  facet normal 0.623775 0.333411 0.706924
    outer loop
      vertex 8.43476 4.42074 11.0278
      vertex 9.46706 4.66864 10
      vertex 9.14145 5.27782 10
    endloop
  endfacet
  facet normal 0.623773 0.333419 0.706923
    outer loop
      vertex 9.46706 4.66864 10
      vertex 8.43476 4.42074 11.0278
      vertex 8.54524 4.21405 11.0278
    endloop
  endfacet
  facet normal 0.644252 0.291904 -0.706917
    outer loop
      vertex 9.46706 4.66864 10
      vertex 9.75213 4.03947 10
      vertex 8.07185 3.9806 8.44436
    endloop
  endfacet
  facet normal 0.64425 0.291915 -0.706915
    outer loop
      vertex 9.75213 4.03947 10
      vertex 8.31492 3.44415 8.44436
      vertex 8.07185 3.9806 8.44436
    endloop
  endfacet
  facet normal 0.644249 0.291897 0.706923
    outer loop
      vertex 8.54524 4.21405 11.0278
      vertex 8.70583 3.85961 11.0278
      vertex 9.46706 4.66864 10
    endloop
  endfacet
  facet normal 0.644246 0.291901 0.706924
    outer loop
      vertex 8.70583 3.85961 11.0278
      vertex 9.75213 4.03947 10
      vertex 9.46706 4.66864 10
    endloop
  endfacet
  facet normal 0.644239 0.291925 0.70692
    outer loop
      vertex 9.75213 4.03947 10
      vertex 8.70583 3.85961 11.0278
      vertex 8.80256 3.64614 11.0278
    endloop
  endfacet
  facet normal 0.661963 0.249151 -0.706915
    outer loop
      vertex 9.75213 4.03947 10
      vertex 9.99545 3.393 10
      vertex 8.31492 3.44415 8.44436
    endloop
  endfacet
  facet normal 0.661965 0.249138 -0.706918
    outer loop
      vertex 9.99545 3.393 10
      vertex 8.52237 2.89295 8.44436
      vertex 8.31492 3.44415 8.44436
    endloop
  endfacet
  facet normal 0.661957 0.249143 0.706923
    outer loop
      vertex 9.75213 4.03947 10
      vertex 8.82932 3.57502 11.0278
      vertex 8.93962 3.28196 11.0278
    endloop
  endfacet
  facet normal 0.661984 0.249082 0.706919
    outer loop
      vertex 8.82932 3.57502 11.0278
      vertex 9.75213 4.03947 10
      vertex 8.80256 3.64614 11.0278
    endloop
  endfacet
  facet normal 0.661952 0.24916 0.706923
    outer loop
      vertex 9.99545 3.393 10
      vertex 8.93962 3.28196 11.0278
      vertex 9.02218 3.06262 11.0278
    endloop
  endfacet
  facet normal 0.661954 0.249148 0.706924
    outer loop
      vertex 8.93962 3.28196 11.0278
      vertex 9.99545 3.393 10
      vertex 9.75213 4.03947 10
    endloop
  endfacet
  facet normal 0.676829 0.205353 -0.706918
    outer loop
      vertex 9.99545 3.393 10
      vertex 10.196 2.732 10
      vertex 8.52237 2.89295 8.44436
    endloop
  endfacet
  facet normal 0.676832 0.205315 -0.706926
    outer loop
      vertex 10.196 2.732 10
      vertex 8.69333 2.32937 8.44436
      vertex 8.52237 2.89295 8.44436
    endloop
  endfacet
  facet normal 0.67683 0.205319 0.706926
    outer loop
      vertex 9.99545 3.393 10
      vertex 9.04423 2.9899 11.0278
      vertex 9.13513 2.69025 11.0278
    endloop
  endfacet
  facet normal 0.67686 0.205236 0.706922
    outer loop
      vertex 9.04423 2.9899 11.0278
      vertex 9.99545 3.393 10
      vertex 9.02218 3.06262 11.0278
    endloop
  endfacet
  facet normal 0.676821 0.205307 0.706938
    outer loop
      vertex 10.196 2.732 10
      vertex 9.13513 2.69025 11.0278
      vertex 9.20316 2.46598 11.0278
    endloop
  endfacet
  facet normal 0.676815 0.205348 0.706933
    outer loop
      vertex 9.13513 2.69025 11.0278
      vertex 10.196 2.732 10
      vertex 9.99545 3.393 10
    endloop
  endfacet
  facet normal 0.688824 0.160558 -0.706925
    outer loop
      vertex 10.196 2.732 10
      vertex 10.3528 2.0593 10
      vertex 8.69333 2.32937 8.44436
    endloop
  endfacet
  facet normal 0.688822 0.160616 -0.706913
    outer loop
      vertex 10.3528 2.0593 10
      vertex 8.82707 1.75581 8.44436
      vertex 8.69333 2.32937 8.44436
    endloop
  endfacet
  facet normal 0.688803 0.160597 0.706936
    outer loop
      vertex 10.196 2.732 10
      vertex 9.22042 2.39198 11.0278
      vertex 9.29152 2.08703 11.0278
    endloop
  endfacet
  facet normal 0.688787 0.160655 0.706939
    outer loop
      vertex 9.22042 2.39198 11.0278
      vertex 10.196 2.732 10
      vertex 9.20316 2.46598 11.0278
    endloop
  endfacet
  facet normal 0.688816 0.160608 0.706921
    outer loop
      vertex 10.3528 2.0593 10
      vertex 9.29152 2.08703 11.0278
      vertex 9.34474 1.85878 11.0278
    endloop
  endfacet
  facet normal 0.688821 0.160558 0.706927
    outer loop
      vertex 9.29152 2.08703 11.0278
      vertex 10.3528 2.0593 10
      vertex 10.196 2.732 10
    endloop
  endfacet
  facet normal 0.697856 0.115198 -0.706913
    outer loop
      vertex 10.3528 2.0593 10
      vertex 10.4653 1.37779 10
      vertex 8.82707 1.75581 8.44436
    endloop
  endfacet
  facet normal 0.697857 0.115211 -0.70691
    outer loop
      vertex 10.4653 1.37779 10
      vertex 8.923 1.17474 8.44436
      vertex 8.82707 1.75581 8.44436
    endloop
  endfacet
  facet normal 0.697845 0.11522 0.70692
    outer loop
      vertex 10.3528 2.0593 10
      vertex 9.35712 1.78381 11.0278
      vertex 9.40813 1.47486 11.0278
    endloop
  endfacet
  facet normal 0.697842 0.115237 0.706921
    outer loop
      vertex 9.35712 1.78381 11.0278
      vertex 10.3528 2.0593 10
      vertex 9.34474 1.85878 11.0278
    endloop
  endfacet
  facet normal 0.697854 0.115198 0.706916
    outer loop
      vertex 9.40813 1.47486 11.0278
      vertex 10.4653 1.37779 10
      vertex 10.3528 2.0593 10
    endloop
  endfacet
  facet normal 0.697853 0.115227 0.706912
    outer loop
      vertex 10.4653 1.37779 10
      vertex 9.40813 1.47486 11.0278
      vertex 9.44631 1.24363 11.0278
    endloop
  endfacet
  facet normal 0.703898 0.069323 -0.70691
    outer loop
      vertex 10.4653 1.37779 10
      vertex 10.533 0.690372 10
      vertex 8.923 1.17474 8.44436
    endloop
  endfacet
  facet normal 0.703899 0.0693316 -0.706908
    outer loop
      vertex 10.533 0.690372 10
      vertex 8.98073 0.588628 8.44436
      vertex 8.923 1.17474 8.44436
    endloop
  endfacet
  facet normal 0.703891 0.0693444 0.706915
    outer loop
      vertex 10.4653 1.37779 10
      vertex 9.45375 1.16801 11.0278
      vertex 9.48445 0.856385 11.0278
    endloop
  endfacet
  facet normal 0.703904 0.0692548 0.706911
    outer loop
      vertex 9.44631 1.24363 11.0278
      vertex 9.45375 1.16801 11.0278
      vertex 10.4653 1.37779 10
    endloop
  endfacet
  facet normal 0.703897 0.069323 0.706911
    outer loop
      vertex 9.48445 0.856385 11.0278
      vertex 10.533 0.690372 10
      vertex 10.4653 1.37779 10
    endloop
  endfacet
  facet normal 0.703897 0.0693226 0.706911
    outer loop
      vertex 10.533 0.690372 10
      vertex 9.48445 0.856385 11.0278
      vertex 9.50742 0.623149 11.0278
    endloop
  endfacet
  facet normal 0.706926 0.0231419 -0.706908
    outer loop
      vertex 10.533 0.690372 10
      vertex 10.5556 0 10
      vertex 8.98073 0.588628 8.44436
    endloop
  endfacet
  facet normal 0.706926 0.0231428 -0.706908
    outer loop
      vertex 10.5556 0 10
      vertex 9 0 8.44436
      vertex 8.98073 0.588628 8.44436
    endloop
  endfacet
  facet normal 0.706927 0.0230845 0.70691
    outer loop
      vertex 9.5099 0.547203 11.0278
      vertex 10.533 0.690372 10
      vertex 9.50742 0.623149 11.0278
    endloop
  endfacet
  facet normal 0.706921 0.0231526 0.706913
    outer loop
      vertex 10.533 0.690372 10
      vertex 9.5099 0.547203 11.0278
      vertex 9.52015 0.234239 11.0278
    endloop
  endfacet
  facet normal 0.706924 0.0231478 0.70691
    outer loop
      vertex 10.5556 0 10
      vertex 9.52015 0.234239 11.0278
      vertex 9.52782 0 11.0278
    endloop
  endfacet
  facet normal 0.706924 0.0231418 0.706911
    outer loop
      vertex 9.52015 0.234239 11.0278
      vertex 10.5556 0 10
      vertex 10.533 0.690372 10
    endloop
  endfacet
  facet normal 0.706926 -0.0231419 -0.706908
    outer loop
      vertex 10.5556 0 10
      vertex 10.533 -0.690372 10
      vertex 9 0 8.44436
    endloop
  endfacet
  facet normal 0.706926 -0.0231427 -0.706908
    outer loop
      vertex 9 0 8.44436
      vertex 10.533 -0.690372 10
      vertex 8.98073 -0.588628 8.44436
    endloop
  endfacet
  facet normal 0.706924 -0.0231776 0.70691
    outer loop
      vertex 9.52533 -0.0759459 11.0278
      vertex 10.5556 0 10
      vertex 9.52782 0 11.0278
    endloop
  endfacet
  facet normal 0.706923 -0.0231301 0.706912
    outer loop
      vertex 10.5556 0 10
      vertex 9.52533 -0.0759459 11.0278
      vertex 9.51509 -0.38891 11.0278
    endloop
  endfacet
  facet normal 0.706924 -0.0231477 0.706911
    outer loop
      vertex 10.533 -0.690372 10
      vertex 9.51509 -0.38891 11.0278
      vertex 9.50742 -0.623149 11.0278
    endloop
  endfacet
  facet normal 0.706925 -0.0231419 0.70691
    outer loop
      vertex 9.51509 -0.38891 11.0278
      vertex 10.533 -0.690372 10
      vertex 10.5556 0 10
    endloop
  endfacet
  facet normal 0.7039 -0.0693232 -0.706909
    outer loop
      vertex 10.533 -0.690372 10
      vertex 10.4653 -1.37779 10
      vertex 8.98073 -0.588628 8.44436
    endloop
  endfacet
  facet normal 0.703897 -0.0693314 -0.70691
    outer loop
      vertex 8.98073 -0.588628 8.44436
      vertex 10.4653 -1.37779 10
      vertex 8.923 -1.17474 8.44436
    endloop
  endfacet
  facet normal 0.703895 -0.0693461 0.706911
    outer loop
      vertex 9.49997 -0.69877 11.0278
      vertex 10.533 -0.690372 10
      vertex 9.50742 -0.623149 11.0278
    endloop
  endfacet
  facet normal 0.703896 -0.0693235 0.706912
    outer loop
      vertex 10.533 -0.690372 10
      vertex 9.49997 -0.69877 11.0278
      vertex 9.46928 -1.01039 11.0278
    endloop
  endfacet
  facet normal 0.703896 -0.0693229 0.706912
    outer loop
      vertex 9.46928 -1.01039 11.0278
      vertex 10.4653 -1.37779 10
      vertex 10.533 -0.690372 10
    endloop
  endfacet
  facet normal 0.703897 -0.0693213 0.706912
    outer loop
      vertex 9.44631 -1.24363 11.0278
      vertex 10.4653 -1.37779 10
      vertex 9.46928 -1.01039 11.0278
    endloop
  endfacet
  facet normal 0.697859 -0.115199 -0.706911
    outer loop
      vertex 10.4653 -1.37779 10
      vertex 10.3528 -2.0593 10
      vertex 8.923 -1.17474 8.44436
    endloop
  endfacet
  facet normal 0.697854 -0.11521 -0.706913
    outer loop
      vertex 8.923 -1.17474 8.44436
      vertex 10.3528 -2.0593 10
      vertex 8.82707 -1.75581 8.44436
    endloop
  endfacet
  facet normal 0.697851 -0.115238 0.706912
    outer loop
      vertex 9.43393 -1.3186 11.0278
      vertex 10.4653 -1.37779 10
      vertex 9.44631 -1.24363 11.0278
    endloop
  endfacet
  facet normal 0.697853 -0.115221 0.706912
    outer loop
      vertex 10.4653 -1.37779 10
      vertex 9.43393 -1.3186 11.0278
      vertex 9.38292 -1.62755 11.0278
    endloop
  endfacet
  facet normal 0.697852 -0.115198 0.706917
    outer loop
      vertex 9.38292 -1.62755 11.0278
      vertex 10.3528 -2.0593 10
      vertex 10.4653 -1.37779 10
    endloop
  endfacet
  facet normal 0.697844 -0.115226 0.706921
    outer loop
      vertex 10.3528 -2.0593 10
      vertex 9.38292 -1.62755 11.0278
      vertex 9.34474 -1.85878 11.0278
    endloop
  endfacet
  facet normal 0.688834 -0.160561 -0.706914
    outer loop
      vertex 10.3528 -2.0593 10
      vertex 10.196 -2.732 10
      vertex 8.82707 -1.75581 8.44436
    endloop
  endfacet
  facet normal 0.68881 -0.160613 -0.706926
    outer loop
      vertex 8.82707 -1.75581 8.44436
      vertex 10.196 -2.732 10
      vertex 8.69333 -2.32937 8.44436
    endloop
  endfacet
  facet normal 0.688829 -0.16055 0.706922
    outer loop
      vertex 9.32749 -1.93279 11.0278
      vertex 10.3528 -2.0593 10
      vertex 9.34474 -1.85878 11.0278
    endloop
  endfacet
  facet normal 0.688816 -0.160622 0.706918
    outer loop
      vertex 10.3528 -2.0593 10
      vertex 9.32749 -1.93279 11.0278
      vertex 9.25638 -2.23774 11.0278
    endloop
  endfacet
  facet normal 0.688818 -0.160557 0.706931
    outer loop
      vertex 9.25638 -2.23774 11.0278
      vertex 10.196 -2.732 10
      vertex 10.3528 -2.0593 10
    endloop
  endfacet
  facet normal 0.688798 -0.160611 0.706939
    outer loop
      vertex 10.196 -2.732 10
      vertex 9.25638 -2.23774 11.0278
      vertex 9.20316 -2.46598 11.0278
    endloop
  endfacet
  facet normal 0.676822 -0.205351 -0.706925
    outer loop
      vertex 10.196 -2.732 10
      vertex 9.99545 -3.393 10
      vertex 8.69333 -2.32937 8.44436
    endloop
  endfacet
  facet normal 0.67684 -0.205317 -0.706917
    outer loop
      vertex 8.69333 -2.32937 8.44436
      vertex 9.99545 -3.393 10
      vertex 8.52237 -2.89295 8.44436
    endloop
  endfacet
  facet normal 0.676836 -0.205257 0.706939
    outer loop
      vertex 9.18111 -2.53869 11.0278
      vertex 10.196 -2.732 10
      vertex 9.20316 -2.46598 11.0278
    endloop
  endfacet
  facet normal 0.676821 -0.205316 0.706936
    outer loop
      vertex 10.196 -2.732 10
      vertex 9.18111 -2.53869 11.0278
      vertex 9.09021 -2.83834 11.0278
    endloop
  endfacet
  facet normal 0.676818 -0.205349 0.706929
    outer loop
      vertex 9.09021 -2.83834 11.0278
      vertex 9.99545 -3.393 10
      vertex 10.196 -2.732 10
    endloop
  endfacet
  facet normal 0.676839 -0.205303 0.706923
    outer loop
      vertex 9.99545 -3.393 10
      vertex 9.09021 -2.83834 11.0278
      vertex 9.02218 -3.06262 11.0278
    endloop
  endfacet
  facet normal 0.661961 -0.24915 -0.706917
    outer loop
      vertex 9.99545 -3.393 10
      vertex 9.75213 -4.03947 10
      vertex 8.52237 -2.89295 8.44436
    endloop
  endfacet
  facet normal 0.661968 -0.249139 -0.706914
    outer loop
      vertex 8.52237 -2.89295 8.44436
      vertex 9.75213 -4.03947 10
      vertex 8.31492 -3.44415 8.44436
    endloop
  endfacet
  facet normal 0.66194 -0.249193 0.706922
    outer loop
      vertex 8.99541 -3.13373 11.0278
      vertex 9.99545 -3.393 10
      vertex 9.02218 -3.06262 11.0278
    endloop
  endfacet
  facet normal 0.661956 -0.249143 0.706925
    outer loop
      vertex 9.99545 -3.393 10
      vertex 8.99541 -3.13373 11.0278
      vertex 8.88511 -3.42679 11.0278
    endloop
  endfacet
  facet normal 0.661955 -0.249148 0.706924
    outer loop
      vertex 8.88511 -3.42679 11.0278
      vertex 9.75213 -4.03947 10
      vertex 9.99545 -3.393 10
    endloop
  endfacet
  facet normal 0.661967 -0.249124 0.70692
    outer loop
      vertex 9.75213 -4.03947 10
      vertex 8.88511 -3.42679 11.0278
      vertex 8.80256 -3.64614 11.0278
    endloop
  endfacet
  facet normal 0.644254 -0.291904 -0.706915
    outer loop
      vertex 9.75213 -4.03947 10
      vertex 9.46706 -4.66864 10
      vertex 8.31492 -3.44415 8.44436
    endloop
  endfacet
  facet normal 0.644247 -0.291914 -0.706917
    outer loop
      vertex 8.31492 -3.44415 8.44436
      vertex 9.46706 -4.66864 10
      vertex 8.07185 -3.9806 8.44436
    endloop
  endfacet
  facet normal 0.644241 -0.29192 0.70692
    outer loop
      vertex 9.75213 -4.03947 10
      vertex 8.80256 -3.64614 11.0278
      vertex 8.64196 -4.00057 11.0278
    endloop
  endfacet
  facet normal 0.644245 -0.2919 0.706924
    outer loop
      vertex 8.64196 -4.00057 11.0278
      vertex 9.46706 -4.66864 10
      vertex 9.75213 -4.03947 10
    endloop
  endfacet
  facet normal 0.644253 -0.291888 0.706922
    outer loop
      vertex 9.46706 -4.66864 10
      vertex 8.64196 -4.00057 11.0278
      vertex 8.54524 -4.21405 11.0278
    endloop
  endfacet
  facet normal 0.623781 -0.333414 -0.706917
    outer loop
      vertex 9.46706 -4.66864 10
      vertex 9.14145 -5.27782 10
      vertex 8.07185 -3.9806 8.44436
    endloop
  endfacet
  facet normal 0.623783 -0.333413 -0.706917
    outer loop
      vertex 8.07185 -3.9806 8.44436
      vertex 9.14145 -5.27782 10
      vertex 7.79423 -4.5 8.44436
    endloop
  endfacet
  facet normal 0.623766 -0.333432 0.706922
    outer loop
      vertex 8.50942 -4.28106 11.0278
      vertex 9.46706 -4.66864 10
      vertex 8.54524 -4.21405 11.0278
    endloop
  endfacet
  facet normal 0.623775 -0.333413 0.706923
    outer loop
      vertex 9.46706 -4.66864 10
      vertex 8.50942 -4.28106 11.0278
      vertex 8.36181 -4.55722 11.0278
    endloop
  endfacet
  facet normal 0.623775 -0.333411 0.706924
    outer loop
      vertex 8.36181 -4.55722 11.0278
      vertex 9.14145 -5.27782 10
      vertex 9.46706 -4.66864 10
    endloop
  endfacet
  facet normal 0.62377 -0.333418 0.706925
    outer loop
      vertex 9.14145 -5.27782 10
      vertex 8.36181 -4.55722 11.0278
      vertex 8.25133 -4.76391 11.0278
    endloop
  endfacet
  facet normal 0.600638 -0.373502 -0.706917
    outer loop
      vertex 9.14145 -5.27782 10
      vertex 8.77669 -5.8644 10
      vertex 7.79423 -4.5 8.44436
    endloop
  endfacet
  facet normal 0.600639 -0.3735 -0.706916
    outer loop
      vertex 7.79423 -4.5 8.44436
      vertex 8.77669 -5.8644 10
      vertex 7.48323 -5.00013 8.44436
    endloop
  endfacet
  facet normal 0.600661 -0.373447 0.706926
    outer loop
      vertex 8.21121 -4.82844 11.0278
      vertex 9.14145 -5.27782 10
      vertex 8.25133 -4.76391 11.0278
    endloop
  endfacet
  facet normal 0.600627 -0.373509 0.706922
    outer loop
      vertex 9.14145 -5.27782 10
      vertex 8.21121 -4.82844 11.0278
      vertex 8.04585 -5.09435 11.0278
    endloop
  endfacet
  facet normal 0.600631 -0.373497 0.706924
    outer loop
      vertex 8.04585 -5.09435 11.0278
      vertex 8.77669 -5.8644 10
      vertex 9.14145 -5.27782 10
    endloop
  endfacet
  facet normal 0.600629 -0.3735 0.706925
    outer loop
      vertex 8.77669 -5.8644 10
      vertex 8.04585 -5.09435 11.0278
      vertex 7.92209 -5.29337 11.0278
    endloop
  endfacet
  facet normal 0.574922 -0.411987 -0.706916
    outer loop
      vertex 8.77669 -5.8644 10
      vertex 8.37435 -6.42586 10
      vertex 7.48323 -5.00013 8.44436
    endloop
  endfacet
  facet normal 0.574922 -0.411988 -0.706917
    outer loop
      vertex 7.48323 -5.00013 8.44436
      vertex 8.37435 -6.42586 10
      vertex 7.14018 -5.47885 8.44436
    endloop
  endfacet
  facet normal 0.574934 -0.411957 0.706925
    outer loop
      vertex 7.87783 -5.35514 11.0278
      vertex 8.77669 -5.8644 10
      vertex 7.92209 -5.29337 11.0278
    endloop
  endfacet
  facet normal 0.574915 -0.411986 0.706923
    outer loop
      vertex 8.77669 -5.8644 10
      vertex 7.87783 -5.35514 11.0278
      vertex 7.69544 -5.60966 11.0278
    endloop
  endfacet
  facet normal 0.574916 -0.411983 0.706924
    outer loop
      vertex 7.69544 -5.60966 11.0278
      vertex 8.37435 -6.42586 10
      vertex 8.77669 -5.8644 10
    endloop
  endfacet
  facet normal 0.574931 -0.411967 0.706921
    outer loop
      vertex 8.37435 -6.42586 10
      vertex 7.69544 -5.60966 11.0278
      vertex 7.55893 -5.80017 11.0278
    endloop
  endfacet
  facet normal 0.546749 -0.448704 -0.706917
    outer loop
      vertex 8.37435 -6.42586 10
      vertex 7.93615 -6.95981 10
      vertex 7.14018 -5.47885 8.44436
    endloop
  endfacet
  facet normal 0.546749 -0.448703 -0.706916
    outer loop
      vertex 7.14018 -5.47885 8.44436
      vertex 7.93615 -6.95981 10
      vertex 6.76656 -5.93411 8.44436
    endloop
  endfacet
  facet normal 0.546729 -0.44872 0.706921
    outer loop
      vertex 7.51072 -5.85891 11.0278
      vertex 8.37435 -6.42586 10
      vertex 7.55893 -5.80017 11.0278
    endloop
  endfacet
  facet normal 0.546739 -0.448707 0.706922
    outer loop
      vertex 8.37435 -6.42586 10
      vertex 7.51072 -5.85891 11.0278
      vertex 7.31207 -6.10096 11.0278
    endloop
  endfacet
  facet normal 0.546743 -0.448699 0.706924
    outer loop
      vertex 7.31207 -6.10096 11.0278
      vertex 7.93615 -6.95981 10
      vertex 8.37435 -6.42586 10
    endloop
  endfacet
  facet normal 0.546746 -0.448696 0.706923
    outer loop
      vertex 7.93615 -6.95981 10
      vertex 7.31207 -6.10096 11.0278
      vertex 7.16339 -6.28213 11.0278
    endloop
  endfacet
  facet normal 0.51623 -0.483504 -0.706916
    outer loop
      vertex 7.93615 -6.95981 10
      vertex 7.46396 -7.46396 10
      vertex 6.76656 -5.93411 8.44436
    endloop
  endfacet
  facet normal 0.51623 -0.483504 -0.706916
    outer loop
      vertex 6.76656 -5.93411 8.44436
      vertex 7.46396 -7.46396 10
      vertex 6.36396 -6.36396 8.44436
    endloop
  endfacet
  facet normal 0.516244 -0.483478 0.706924
    outer loop
      vertex 7.11145 -6.33759 11.0278
      vertex 7.93615 -6.95981 10
      vertex 7.16339 -6.28213 11.0278
    endloop
  endfacet
  facet normal 0.516217 -0.48351 0.706921
    outer loop
      vertex 7.93615 -6.95981 10
      vertex 7.11145 -6.33759 11.0278
      vertex 6.89739 -6.56613 11.0278
    endloop
  endfacet
  facet normal 0.516224 -0.483499 0.706924
    outer loop
      vertex 6.89739 -6.56613 11.0278
      vertex 7.46396 -7.46396 10
      vertex 7.93615 -6.95981 10
    endloop
  endfacet
  facet normal 0.516218 -0.483504 0.706925
    outer loop
      vertex 7.46396 -7.46396 10
      vertex 6.89739 -6.56613 11.0278
      vertex 6.73718 -6.73718 11.0278
    endloop
  endfacet
  facet normal 0.483504 -0.51623 -0.706916
    outer loop
      vertex 7.46396 -7.46396 10
      vertex 6.95981 -7.93615 10
      vertex 6.36396 -6.36396 8.44436
    endloop
  endfacet
  facet normal 0.483504 -0.51623 -0.706916
    outer loop
      vertex 6.36396 -6.36396 8.44436
      vertex 6.95981 -7.93615 10
      vertex 5.93411 -6.76656 8.44436
    endloop
  endfacet
  facet normal 0.483526 -0.516196 0.706926
    outer loop
      vertex 6.68172 -6.78913 11.0278
      vertex 7.46396 -7.46396 10
      vertex 6.73718 -6.73718 11.0278
    endloop
  endfacet
  facet normal 0.483497 -0.516227 0.706923
    outer loop
      vertex 7.46396 -7.46396 10
      vertex 6.68172 -6.78913 11.0278
      vertex 6.45318 -7.00318 11.0278
    endloop
  endfacet
  facet normal 0.483499 -0.516224 0.706924
    outer loop
      vertex 6.45318 -7.00318 11.0278
      vertex 6.95981 -7.93615 10
      vertex 7.46396 -7.46396 10
    endloop
  endfacet
  facet normal 0.483505 -0.51622 0.706923
    outer loop
      vertex 6.95981 -7.93615 10
      vertex 6.45318 -7.00318 11.0278
      vertex 6.28213 -7.16339 11.0278
    endloop
  endfacet
  facet normal 0.448704 -0.546749 -0.706916
    outer loop
      vertex 6.95981 -7.93615 10
      vertex 6.42586 -8.37435 10
      vertex 5.93411 -6.76656 8.44436
    endloop
  endfacet
  facet normal 0.448703 -0.546749 -0.706917
    outer loop
      vertex 5.93411 -6.76656 8.44436
      vertex 6.42586 -8.37435 10
      vertex 5.47885 -7.14018 8.44436
    endloop
  endfacet
  facet normal 0.448718 -0.546727 0.706924
    outer loop
      vertex 6.22339 -7.2116 11.0278
      vertex 6.95981 -7.93615 10
      vertex 6.28213 -7.16339 11.0278
    endloop
  endfacet
  facet normal 0.448696 -0.546747 0.706922
    outer loop
      vertex 6.95981 -7.93615 10
      vertex 6.22339 -7.2116 11.0278
      vertex 5.98133 -7.41025 11.0278
    endloop
  endfacet
  facet normal 0.448699 -0.546743 0.706923
    outer loop
      vertex 5.98133 -7.41025 11.0278
      vertex 6.42586 -8.37435 10
      vertex 6.95981 -7.93615 10
    endloop
  endfacet
  facet normal 0.448712 -0.546736 0.706921
    outer loop
      vertex 6.42586 -8.37435 10
      vertex 5.98133 -7.41025 11.0278
      vertex 5.80017 -7.55893 11.0278
    endloop
  endfacet
  facet normal 0.411987 -0.574922 -0.706917
    outer loop
      vertex 6.42586 -8.37435 10
      vertex 5.8644 -8.77669 10
      vertex 5.47885 -7.14018 8.44436
    endloop
  endfacet
  facet normal 0.411988 -0.574922 -0.706916
    outer loop
      vertex 5.47885 -7.14018 8.44436
      vertex 5.8644 -8.77669 10
      vertex 5.00013 -7.48323 8.44436
    endloop
  endfacet
  facet normal 0.411959 -0.574937 0.706921
    outer loop
      vertex 5.7384 -7.60319 11.0278
      vertex 6.42586 -8.37435 10
      vertex 5.80017 -7.55893 11.0278
    endloop
  endfacet
  facet normal 0.411976 -0.574923 0.706922
    outer loop
      vertex 6.42586 -8.37435 10
      vertex 5.7384 -7.60319 11.0278
      vertex 5.48387 -7.78558 11.0278
    endloop
  endfacet
  facet normal 0.411983 -0.574916 0.706924
    outer loop
      vertex 5.48387 -7.78558 11.0278
      vertex 5.8644 -8.77669 10
      vertex 6.42586 -8.37435 10
    endloop
  endfacet
  facet normal 0.411979 -0.574918 0.706925
    outer loop
      vertex 5.8644 -8.77669 10
      vertex 5.48387 -7.78558 11.0278
      vertex 5.29337 -7.92209 11.0278
    endloop
  endfacet
  facet normal 0.373502 -0.600638 -0.706916
    outer loop
      vertex 5.8644 -8.77669 10
      vertex 5.27782 -9.14145 10
      vertex 5.00013 -7.48323 8.44436
    endloop
  endfacet
  facet normal 0.3735 -0.600638 -0.706917
    outer loop
      vertex 5.00013 -7.48323 8.44436
      vertex 5.27782 -9.14145 10
      vertex 4.5 -7.79423 8.44436
    endloop
  endfacet
  facet normal 0.373514 -0.60062 0.706925
    outer loop
      vertex 5.22884 -7.96222 11.0278
      vertex 5.8644 -8.77669 10
      vertex 5.29337 -7.92209 11.0278
    endloop
  endfacet
  facet normal 0.373491 -0.600636 0.706924
    outer loop
      vertex 5.8644 -8.77669 10
      vertex 5.22884 -7.96222 11.0278
      vertex 4.96293 -8.12757 11.0278
    endloop
  endfacet
  facet normal 0.373497 -0.60063 0.706925
    outer loop
      vertex 4.96293 -8.12757 11.0278
      vertex 5.27782 -9.14145 10
      vertex 5.8644 -8.77669 10
    endloop
  endfacet
  facet normal 0.3735 -0.600629 0.706925
    outer loop
      vertex 5.27782 -9.14145 10
      vertex 4.96293 -8.12757 11.0278
      vertex 4.76391 -8.25133 11.0278
    endloop
  endfacet
  facet normal 0.333415 -0.623782 -0.706917
    outer loop
      vertex 5.27782 -9.14145 10
      vertex 4.66864 -9.46706 10
      vertex 4.5 -7.79423 8.44436
    endloop
  endfacet
  facet normal 0.333412 -0.623782 -0.706917
    outer loop
      vertex 4.5 -7.79423 8.44436
      vertex 4.66864 -9.46706 10
      vertex 3.9806 -8.07185 8.44436
    endloop
  endfacet
  facet normal 0.333393 -0.623785 0.706924
    outer loop
      vertex 4.69689 -8.28715 11.0278
      vertex 5.27782 -9.14145 10
      vertex 4.76391 -8.25133 11.0278
    endloop
  endfacet
  facet normal 0.333421 -0.623767 0.706926
    outer loop
      vertex 5.27782 -9.14145 10
      vertex 4.69689 -8.28715 11.0278
      vertex 4.42074 -8.43476 11.0278
    endloop
  endfacet
  facet normal 0.333411 -0.623775 0.706924
    outer loop
      vertex 4.42074 -8.43476 11.0278
      vertex 4.66864 -9.46706 10
      vertex 5.27782 -9.14145 10
    endloop
  endfacet
  facet normal 0.333419 -0.623773 0.706923
    outer loop
      vertex 4.66864 -9.46706 10
      vertex 4.42074 -8.43476 11.0278
      vertex 4.21405 -8.54524 11.0278
    endloop
  endfacet
  facet normal 0.291904 -0.644252 -0.706917
    outer loop
      vertex 4.66864 -9.46706 10
      vertex 4.03947 -9.75213 10
      vertex 3.9806 -8.07185 8.44436
    endloop
  endfacet
  facet normal 0.291915 -0.64425 -0.706915
    outer loop
      vertex 3.9806 -8.07185 8.44436
      vertex 4.03947 -9.75213 10
      vertex 3.44415 -8.31492 8.44436
    endloop
  endfacet
  facet normal 0.291897 -0.644249 0.706923
    outer loop
      vertex 4.66864 -9.46706 10
      vertex 4.21405 -8.54524 11.0278
      vertex 3.85961 -8.70583 11.0278
    endloop
  endfacet
  facet normal 0.291901 -0.644246 0.706924
    outer loop
      vertex 3.85961 -8.70583 11.0278
      vertex 4.03947 -9.75213 10
      vertex 4.66864 -9.46706 10
    endloop
  endfacet
  facet normal 0.291925 -0.644239 0.70692
    outer loop
      vertex 4.03947 -9.75213 10
      vertex 3.85961 -8.70583 11.0278
      vertex 3.64614 -8.80256 11.0278
    endloop
  endfacet
  facet normal 0.249151 -0.661963 -0.706915
    outer loop
      vertex 3.44415 -8.31492 8.44436
      vertex 4.03947 -9.75213 10
      vertex 3.393 -9.99545 10
    endloop
  endfacet
  facet normal 0.249138 -0.661965 -0.706918
    outer loop
      vertex 3.44415 -8.31492 8.44436
      vertex 3.393 -9.99545 10
      vertex 2.89295 -8.52237 8.44436
    endloop
  endfacet
  facet normal 0.249082 -0.661984 0.706919
    outer loop
      vertex 3.57502 -8.82932 11.0278
      vertex 4.03947 -9.75213 10
      vertex 3.64614 -8.80256 11.0278
    endloop
  endfacet
  facet normal 0.249143 -0.661957 0.706923
    outer loop
      vertex 4.03947 -9.75213 10
      vertex 3.57502 -8.82932 11.0278
      vertex 3.28196 -8.93962 11.0278
    endloop
  endfacet
  facet normal 0.249148 -0.661954 0.706924
    outer loop
      vertex 3.28196 -8.93962 11.0278
      vertex 3.393 -9.99545 10
      vertex 4.03947 -9.75213 10
    endloop
  endfacet
  facet normal 0.24916 -0.661952 0.706923
    outer loop
      vertex 3.06262 -9.02218 11.0278
      vertex 3.393 -9.99545 10
      vertex 3.28196 -8.93962 11.0278
    endloop
  endfacet
  facet normal 0.205353 -0.676829 -0.706918
    outer loop
      vertex 2.89295 -8.52237 8.44436
      vertex 3.393 -9.99545 10
      vertex 2.732 -10.196 10
    endloop
  endfacet
  facet normal 0.205315 -0.676832 -0.706926
    outer loop
      vertex 2.89295 -8.52237 8.44436
      vertex 2.732 -10.196 10
      vertex 2.32937 -8.69333 8.44436
    endloop
  endfacet
  facet normal 0.205236 -0.67686 0.706922
    outer loop
      vertex 2.9899 -9.04423 11.0278
      vertex 3.393 -9.99545 10
      vertex 3.06262 -9.02218 11.0278
    endloop
  endfacet
  facet normal 0.205319 -0.67683 0.706926
    outer loop
      vertex 3.393 -9.99545 10
      vertex 2.9899 -9.04423 11.0278
      vertex 2.69025 -9.13513 11.0278
    endloop
  endfacet
  facet normal 0.205348 -0.676815 0.706933
    outer loop
      vertex 2.69025 -9.13513 11.0278
      vertex 2.732 -10.196 10
      vertex 3.393 -9.99545 10
    endloop
  endfacet
  facet normal 0.205307 -0.676821 0.706938
    outer loop
      vertex 2.46598 -9.20316 11.0278
      vertex 2.732 -10.196 10
      vertex 2.69025 -9.13513 11.0278
    endloop
  endfacet
  facet normal 0.160558 -0.688824 -0.706925
    outer loop
      vertex 2.32937 -8.69333 8.44436
      vertex 2.732 -10.196 10
      vertex 2.0593 -10.3528 10
    endloop
  endfacet
  facet normal 0.160616 -0.688822 -0.706913
    outer loop
      vertex 2.32937 -8.69333 8.44436
      vertex 2.0593 -10.3528 10
      vertex 1.75581 -8.82707 8.44436
    endloop
  endfacet
  facet normal 0.160655 -0.688787 0.706939
    outer loop
      vertex 2.39198 -9.22042 11.0278
      vertex 2.732 -10.196 10
      vertex 2.46598 -9.20316 11.0278
    endloop
  endfacet
  facet normal 0.160597 -0.688803 0.706936
    outer loop
      vertex 2.732 -10.196 10
      vertex 2.39198 -9.22042 11.0278
      vertex 2.08703 -9.29152 11.0278
    endloop
  endfacet
  facet normal 0.160558 -0.688821 0.706927
    outer loop
      vertex 2.08703 -9.29152 11.0278
      vertex 2.0593 -10.3528 10
      vertex 2.732 -10.196 10
    endloop
  endfacet
  facet normal 0.160608 -0.688816 0.706921
    outer loop
      vertex 1.85878 -9.34474 11.0278
      vertex 2.0593 -10.3528 10
      vertex 2.08703 -9.29152 11.0278
    endloop
  endfacet
  facet normal 0.115198 -0.697856 -0.706913
    outer loop
      vertex 1.75581 -8.82707 8.44436
      vertex 2.0593 -10.3528 10
      vertex 1.37779 -10.4653 10
    endloop
  endfacet
  facet normal 0.115211 -0.697857 -0.70691
    outer loop
      vertex 1.75581 -8.82707 8.44436
      vertex 1.37779 -10.4653 10
      vertex 1.17474 -8.923 8.44436
    endloop
  endfacet
  facet normal 0.115237 -0.697842 0.706921
    outer loop
      vertex 1.78381 -9.35712 11.0278
      vertex 2.0593 -10.3528 10
      vertex 1.85878 -9.34474 11.0278
    endloop
  endfacet
  facet normal 0.11522 -0.697845 0.70692
    outer loop
      vertex 2.0593 -10.3528 10
      vertex 1.78381 -9.35712 11.0278
      vertex 1.47486 -9.40813 11.0278
    endloop
  endfacet
  facet normal 0.115198 -0.697854 0.706916
    outer loop
      vertex 1.47486 -9.40813 11.0278
      vertex 1.37779 -10.4653 10
      vertex 2.0593 -10.3528 10
    endloop
  endfacet
  facet normal 0.115227 -0.697853 0.706912
    outer loop
      vertex 1.37779 -10.4653 10
      vertex 1.47486 -9.40813 11.0278
      vertex 1.24363 -9.44631 11.0278
    endloop
  endfacet
  facet normal 0.069323 -0.703898 -0.70691
    outer loop
      vertex 1.17474 -8.923 8.44436
      vertex 1.37779 -10.4653 10
      vertex 0.690372 -10.533 10
    endloop
  endfacet
  facet normal 0.0693316 -0.703899 -0.706908
    outer loop
      vertex 1.17474 -8.923 8.44436
      vertex 0.690372 -10.533 10
      vertex 0.588628 -8.98073 8.44436
    endloop
  endfacet
  facet normal 0.0692548 -0.703904 0.706911
    outer loop
      vertex 1.24363 -9.44631 11.0278
      vertex 1.16801 -9.45375 11.0278
      vertex 1.37779 -10.4653 10
    endloop
  endfacet
  facet normal 0.0693444 -0.703891 0.706915
    outer loop
      vertex 1.37779 -10.4653 10
      vertex 1.16801 -9.45375 11.0278
      vertex 0.856385 -9.48445 11.0278
    endloop
  endfacet
  facet normal 0.069323 -0.703897 0.706911
    outer loop
      vertex 0.856385 -9.48445 11.0278
      vertex 0.690372 -10.533 10
      vertex 1.37779 -10.4653 10
    endloop
  endfacet
  facet normal 0.0693226 -0.703897 0.706911
    outer loop
      vertex 0.690372 -10.533 10
      vertex 0.856385 -9.48445 11.0278
      vertex 0.623149 -9.50742 11.0278
    endloop
  endfacet
  facet normal 0.0231419 -0.706926 -0.706908
    outer loop
      vertex 0.588628 -8.98073 8.44436
      vertex 0.690372 -10.533 10
      vertex 0 -10.5556 10
    endloop
  endfacet
  facet normal 0.0231428 -0.706926 -0.706908
    outer loop
      vertex 0 -9 8.44436
      vertex 0.588628 -8.98073 8.44436
      vertex 0 -10.5556 10
    endloop
  endfacet
  facet normal 0.0231526 -0.706921 0.706913
    outer loop
      vertex 0.690372 -10.533 10
      vertex 0.547203 -9.5099 11.0278
      vertex 0.234239 -9.52015 11.0278
    endloop
  endfacet
  facet normal 0.0230845 -0.706927 0.70691
    outer loop
      vertex 0.547203 -9.5099 11.0278
      vertex 0.690372 -10.533 10
      vertex 0.623149 -9.50742 11.0278
    endloop
  endfacet
  facet normal 0.0231478 -0.706924 0.70691
    outer loop
      vertex 0 -10.5556 10
      vertex 0.234239 -9.52015 11.0278
      vertex 0 -9.52782 11.0278
    endloop
  endfacet
  facet normal 0.0231418 -0.706924 0.706911
    outer loop
      vertex 0.234239 -9.52015 11.0278
      vertex 0 -10.5556 10
      vertex 0.690372 -10.533 10
    endloop
  endfacet
  facet normal -0.0231419 -0.706926 -0.706908
    outer loop
      vertex 0 -9 8.44436
      vertex 0 -10.5556 10
      vertex -0.690372 -10.533 10
    endloop
  endfacet
  facet normal -0.0231427 -0.706926 -0.706908
    outer loop
      vertex -0.588628 -8.98073 8.44436
      vertex 0 -9 8.44436
      vertex -0.690372 -10.533 10
    endloop
  endfacet
  facet normal -0.0231776 -0.706924 0.70691
    outer loop
      vertex -0.0759459 -9.52533 11.0278
      vertex 0 -10.5556 10
      vertex 0 -9.52782 11.0278
    endloop
  endfacet
  facet normal -0.0231301 -0.706923 0.706912
    outer loop
      vertex 0 -10.5556 10
      vertex -0.0759459 -9.52533 11.0278
      vertex -0.38891 -9.51509 11.0278
    endloop
  endfacet
  facet normal -0.0231477 -0.706924 0.706911
    outer loop
      vertex -0.623149 -9.50742 11.0278
      vertex -0.690372 -10.533 10
      vertex -0.38891 -9.51509 11.0278
    endloop
  endfacet
  facet normal -0.0231419 -0.706925 0.70691
    outer loop
      vertex -0.38891 -9.51509 11.0278
      vertex -0.690372 -10.533 10
      vertex 0 -10.5556 10
    endloop
  endfacet
  facet normal -0.0693232 -0.7039 -0.706909
    outer loop
      vertex -0.588628 -8.98073 8.44436
      vertex -0.690372 -10.533 10
      vertex -1.37779 -10.4653 10
    endloop
  endfacet
  facet normal -0.0693314 -0.703897 -0.70691
    outer loop
      vertex -1.17474 -8.923 8.44436
      vertex -0.588628 -8.98073 8.44436
      vertex -1.37779 -10.4653 10
    endloop
  endfacet
  facet normal -0.0693461 -0.703895 0.706911
    outer loop
      vertex -0.69877 -9.49997 11.0278
      vertex -0.690372 -10.533 10
      vertex -0.623149 -9.50742 11.0278
    endloop
  endfacet
  facet normal -0.0693235 -0.703896 0.706912
    outer loop
      vertex -0.690372 -10.533 10
      vertex -0.69877 -9.49997 11.0278
      vertex -1.01039 -9.46928 11.0278
    endloop
  endfacet
  facet normal -0.0693213 -0.703897 0.706912
    outer loop
      vertex -1.37779 -10.4653 10
      vertex -1.01039 -9.46928 11.0278
      vertex -1.24363 -9.44631 11.0278
    endloop
  endfacet
  facet normal -0.0693229 -0.703896 0.706912
    outer loop
      vertex -1.01039 -9.46928 11.0278
      vertex -1.37779 -10.4653 10
      vertex -0.690372 -10.533 10
    endloop
  endfacet
  facet normal -0.115199 -0.697859 -0.706911
    outer loop
      vertex -1.17474 -8.923 8.44436
      vertex -1.37779 -10.4653 10
      vertex -2.0593 -10.3528 10
    endloop
  endfacet
  facet normal -0.11521 -0.697854 -0.706913
    outer loop
      vertex -1.75581 -8.82707 8.44436
      vertex -1.17474 -8.923 8.44436
      vertex -2.0593 -10.3528 10
    endloop
  endfacet
  facet normal -0.115238 -0.697851 0.706912
    outer loop
      vertex -1.3186 -9.43393 11.0278
      vertex -1.37779 -10.4653 10
      vertex -1.24363 -9.44631 11.0278
    endloop
  endfacet
  facet normal -0.115221 -0.697853 0.706912
    outer loop
      vertex -1.37779 -10.4653 10
      vertex -1.3186 -9.43393 11.0278
      vertex -1.62755 -9.38292 11.0278
    endloop
  endfacet
  facet normal -0.115226 -0.697844 0.706921
    outer loop
      vertex -2.0593 -10.3528 10
      vertex -1.62755 -9.38292 11.0278
      vertex -1.85878 -9.34474 11.0278
    endloop
  endfacet
  facet normal -0.115198 -0.697852 0.706917
    outer loop
      vertex -1.62755 -9.38292 11.0278
      vertex -2.0593 -10.3528 10
      vertex -1.37779 -10.4653 10
    endloop
  endfacet
  facet normal -0.160561 -0.688834 -0.706914
    outer loop
      vertex -1.75581 -8.82707 8.44436
      vertex -2.0593 -10.3528 10
      vertex -2.732 -10.196 10
    endloop
  endfacet
  facet normal -0.160613 -0.68881 -0.706926
    outer loop
      vertex -2.32937 -8.69333 8.44436
      vertex -1.75581 -8.82707 8.44436
      vertex -2.732 -10.196 10
    endloop
  endfacet
  facet normal -0.16055 -0.688829 0.706922
    outer loop
      vertex -1.93279 -9.32749 11.0278
      vertex -2.0593 -10.3528 10
      vertex -1.85878 -9.34474 11.0278
    endloop
  endfacet
  facet normal -0.160622 -0.688816 0.706918
    outer loop
      vertex -2.0593 -10.3528 10
      vertex -1.93279 -9.32749 11.0278
      vertex -2.23774 -9.25638 11.0278
    endloop
  endfacet
  facet normal -0.160611 -0.688798 0.706939
    outer loop
      vertex -2.732 -10.196 10
      vertex -2.23774 -9.25638 11.0278
      vertex -2.46598 -9.20316 11.0278
    endloop
  endfacet
  facet normal -0.160557 -0.688818 0.706931
    outer loop
      vertex -2.23774 -9.25638 11.0278
      vertex -2.732 -10.196 10
      vertex -2.0593 -10.3528 10
    endloop
  endfacet
  facet normal -0.205351 -0.676822 -0.706925
    outer loop
      vertex -2.32937 -8.69333 8.44436
      vertex -2.732 -10.196 10
      vertex -3.393 -9.99545 10
    endloop
  endfacet
  facet normal -0.205317 -0.67684 -0.706917
    outer loop
      vertex -2.89295 -8.52237 8.44436
      vertex -2.32937 -8.69333 8.44436
      vertex -3.393 -9.99545 10
    endloop
  endfacet
  facet normal -0.205257 -0.676836 0.706939
    outer loop
      vertex -2.53869 -9.18111 11.0278
      vertex -2.732 -10.196 10
      vertex -2.46598 -9.20316 11.0278
    endloop
  endfacet
  facet normal -0.205316 -0.676821 0.706936
    outer loop
      vertex -2.732 -10.196 10
      vertex -2.53869 -9.18111 11.0278
      vertex -2.83834 -9.09021 11.0278
    endloop
  endfacet
  facet normal -0.205303 -0.676839 0.706923
    outer loop
      vertex -3.393 -9.99545 10
      vertex -2.83834 -9.09021 11.0278
      vertex -3.06262 -9.02218 11.0278
    endloop
  endfacet
  facet normal -0.205349 -0.676818 0.706929
    outer loop
      vertex -2.83834 -9.09021 11.0278
      vertex -3.393 -9.99545 10
      vertex -2.732 -10.196 10
    endloop
  endfacet
  facet normal -0.24915 -0.661961 -0.706917
    outer loop
      vertex -2.89295 -8.52237 8.44436
      vertex -3.393 -9.99545 10
      vertex -4.03947 -9.75213 10
    endloop
  endfacet
  facet normal -0.249139 -0.661968 -0.706914
    outer loop
      vertex -3.44415 -8.31492 8.44436
      vertex -2.89295 -8.52237 8.44436
      vertex -4.03947 -9.75213 10
    endloop
  endfacet
  facet normal -0.249193 -0.66194 0.706922
    outer loop
      vertex -3.13373 -8.99541 11.0278
      vertex -3.393 -9.99545 10
      vertex -3.06262 -9.02218 11.0278
    endloop
  endfacet
  facet normal -0.249143 -0.661956 0.706925
    outer loop
      vertex -3.393 -9.99545 10
      vertex -3.13373 -8.99541 11.0278
      vertex -3.42679 -8.88511 11.0278
    endloop
  endfacet
  facet normal -0.249124 -0.661967 0.70692
    outer loop
      vertex -4.03947 -9.75213 10
      vertex -3.42679 -8.88511 11.0278
      vertex -3.64614 -8.80256 11.0278
    endloop
  endfacet
  facet normal -0.249148 -0.661955 0.706924
    outer loop
      vertex -3.42679 -8.88511 11.0278
      vertex -4.03947 -9.75213 10
      vertex -3.393 -9.99545 10
    endloop
  endfacet
  facet normal -0.291904 -0.644254 -0.706915
    outer loop
      vertex -3.44415 -8.31492 8.44436
      vertex -4.03947 -9.75213 10
      vertex -4.66864 -9.46706 10
    endloop
  endfacet
  facet normal -0.291914 -0.644247 -0.706917
    outer loop
      vertex -3.9806 -8.07185 8.44436
      vertex -3.44415 -8.31492 8.44436
      vertex -4.66864 -9.46706 10
    endloop
  endfacet
  facet normal -0.29192 -0.644241 0.70692
    outer loop
      vertex -3.64614 -8.80256 11.0278
      vertex -4.00057 -8.64196 11.0278
      vertex -4.03947 -9.75213 10
    endloop
  endfacet
  facet normal -0.291888 -0.644253 0.706922
    outer loop
      vertex -4.66864 -9.46706 10
      vertex -4.00057 -8.64196 11.0278
      vertex -4.21405 -8.54524 11.0278
    endloop
  endfacet
  facet normal -0.2919 -0.644245 0.706924
    outer loop
      vertex -4.00057 -8.64196 11.0278
      vertex -4.66864 -9.46706 10
      vertex -4.03947 -9.75213 10
    endloop
  endfacet
  facet normal -0.333414 -0.623781 -0.706917
    outer loop
      vertex -3.9806 -8.07185 8.44436
      vertex -4.66864 -9.46706 10
      vertex -5.27782 -9.14145 10
    endloop
  endfacet
  facet normal -0.333413 -0.623783 -0.706917
    outer loop
      vertex -4.5 -7.79423 8.44436
      vertex -3.9806 -8.07185 8.44436
      vertex -5.27782 -9.14145 10
    endloop
  endfacet
  facet normal -0.333413 -0.623775 0.706923
    outer loop
      vertex -4.66864 -9.46706 10
      vertex -4.28106 -8.50942 11.0278
      vertex -4.55722 -8.36181 11.0278
    endloop
  endfacet
  facet normal -0.333432 -0.623766 0.706922
    outer loop
      vertex -4.28106 -8.50942 11.0278
      vertex -4.66864 -9.46706 10
      vertex -4.21405 -8.54524 11.0278
    endloop
  endfacet
  facet normal -0.333418 -0.62377 0.706925
    outer loop
      vertex -5.27782 -9.14145 10
      vertex -4.55722 -8.36181 11.0278
      vertex -4.76391 -8.25133 11.0278
    endloop
  endfacet
  facet normal -0.333411 -0.623775 0.706924
    outer loop
      vertex -4.55722 -8.36181 11.0278
      vertex -5.27782 -9.14145 10
      vertex -4.66864 -9.46706 10
    endloop
  endfacet
  facet normal -0.373502 -0.600638 -0.706917
    outer loop
      vertex -4.5 -7.79423 8.44436
      vertex -5.27782 -9.14145 10
      vertex -5.8644 -8.77669 10
    endloop
  endfacet
  facet normal -0.3735 -0.600639 -0.706916
    outer loop
      vertex -5.00013 -7.48323 8.44436
      vertex -4.5 -7.79423 8.44436
      vertex -5.8644 -8.77669 10
    endloop
  endfacet
  facet normal -0.373447 -0.600661 0.706926
    outer loop
      vertex -4.82844 -8.21121 11.0278
      vertex -5.27782 -9.14145 10
      vertex -4.76391 -8.25133 11.0278
    endloop
  endfacet
  facet normal -0.373509 -0.600627 0.706922
    outer loop
      vertex -5.27782 -9.14145 10
      vertex -4.82844 -8.21121 11.0278
      vertex -5.09435 -8.04585 11.0278
    endloop
  endfacet
  facet normal -0.3735 -0.600629 0.706925
    outer loop
      vertex -5.8644 -8.77669 10
      vertex -5.09435 -8.04585 11.0278
      vertex -5.29337 -7.92209 11.0278
    endloop
  endfacet
  facet normal -0.373497 -0.600631 0.706924
    outer loop
      vertex -5.09435 -8.04585 11.0278
      vertex -5.8644 -8.77669 10
      vertex -5.27782 -9.14145 10
    endloop
  endfacet
  facet normal -0.411987 -0.574922 -0.706916
    outer loop
      vertex -5.00013 -7.48323 8.44436
      vertex -5.8644 -8.77669 10
      vertex -6.42586 -8.37435 10
    endloop
  endfacet
  facet normal -0.411988 -0.574922 -0.706917
    outer loop
      vertex -5.47885 -7.14018 8.44436
      vertex -5.00013 -7.48323 8.44436
      vertex -6.42586 -8.37435 10
    endloop
  endfacet
  facet normal -0.411957 -0.574934 0.706925
    outer loop
      vertex -5.35514 -7.87783 11.0278
      vertex -5.8644 -8.77669 10
      vertex -5.29337 -7.92209 11.0278
    endloop
  endfacet
  facet normal -0.411986 -0.574915 0.706923
    outer loop
      vertex -5.8644 -8.77669 10
      vertex -5.35514 -7.87783 11.0278
      vertex -5.60966 -7.69544 11.0278
    endloop
  endfacet
  facet normal -0.411967 -0.574931 0.706921
    outer loop
      vertex -6.42586 -8.37435 10
      vertex -5.60966 -7.69544 11.0278
      vertex -5.80017 -7.55893 11.0278
    endloop
  endfacet
  facet normal -0.411983 -0.574916 0.706924
    outer loop
      vertex -5.60966 -7.69544 11.0278
      vertex -6.42586 -8.37435 10
      vertex -5.8644 -8.77669 10
    endloop
  endfacet
  facet normal -0.448704 -0.546749 -0.706917
    outer loop
      vertex -5.47885 -7.14018 8.44436
      vertex -6.42586 -8.37435 10
      vertex -6.95981 -7.93615 10
    endloop
  endfacet
  facet normal -0.448703 -0.546749 -0.706916
    outer loop
      vertex -5.93411 -6.76656 8.44436
      vertex -5.47885 -7.14018 8.44436
      vertex -6.95981 -7.93615 10
    endloop
  endfacet
  facet normal -0.44872 -0.546729 0.706921
    outer loop
      vertex -5.85891 -7.51072 11.0278
      vertex -6.42586 -8.37435 10
      vertex -5.80017 -7.55893 11.0278
    endloop
  endfacet
  facet normal -0.448707 -0.546739 0.706922
    outer loop
      vertex -6.42586 -8.37435 10
      vertex -5.85891 -7.51072 11.0278
      vertex -6.10096 -7.31207 11.0278
    endloop
  endfacet
  facet normal -0.448696 -0.546746 0.706923
    outer loop
      vertex -6.95981 -7.93615 10
      vertex -6.10096 -7.31207 11.0278
      vertex -6.28213 -7.16339 11.0278
    endloop
  endfacet
  facet normal -0.448699 -0.546743 0.706924
    outer loop
      vertex -6.10096 -7.31207 11.0278
      vertex -6.95981 -7.93615 10
      vertex -6.42586 -8.37435 10
    endloop
  endfacet
  facet normal -0.483504 -0.51623 -0.706916
    outer loop
      vertex -5.93411 -6.76656 8.44436
      vertex -6.95981 -7.93615 10
      vertex -7.46396 -7.46396 10
    endloop
  endfacet
  facet normal -0.483504 -0.51623 -0.706916
    outer loop
      vertex -6.36396 -6.36396 8.44436
      vertex -5.93411 -6.76656 8.44436
      vertex -7.46396 -7.46396 10
    endloop
  endfacet
  facet normal -0.48351 -0.516217 0.706921
    outer loop
      vertex -6.95981 -7.93615 10
      vertex -6.33759 -7.11145 11.0278
      vertex -6.56613 -6.89739 11.0278
    endloop
  endfacet
  facet normal -0.483478 -0.516244 0.706924
    outer loop
      vertex -6.33759 -7.11145 11.0278
      vertex -6.95981 -7.93615 10
      vertex -6.28213 -7.16339 11.0278
    endloop
  endfacet
  facet normal -0.483504 -0.516218 0.706925
    outer loop
      vertex -7.46396 -7.46396 10
      vertex -6.56613 -6.89739 11.0278
      vertex -6.73718 -6.73718 11.0278
    endloop
  endfacet
  facet normal -0.483499 -0.516224 0.706924
    outer loop
      vertex -6.56613 -6.89739 11.0278
      vertex -7.46396 -7.46396 10
      vertex -6.95981 -7.93615 10
    endloop
  endfacet
  facet normal -0.51623 -0.483504 -0.706916
    outer loop
      vertex -6.36396 -6.36396 8.44436
      vertex -7.46396 -7.46396 10
      vertex -7.93615 -6.95981 10
    endloop
  endfacet
  facet normal -0.51623 -0.483504 -0.706916
    outer loop
      vertex -6.76656 -5.93411 8.44436
      vertex -6.36396 -6.36396 8.44436
      vertex -7.93615 -6.95981 10
    endloop
  endfacet
  facet normal -0.516227 -0.483497 0.706923
    outer loop
      vertex -7.46396 -7.46396 10
      vertex -6.78913 -6.68172 11.0278
      vertex -7.00318 -6.45318 11.0278
    endloop
  endfacet
  facet normal -0.516196 -0.483526 0.706926
    outer loop
      vertex -6.78913 -6.68172 11.0278
      vertex -7.46396 -7.46396 10
      vertex -6.73718 -6.73718 11.0278
    endloop
  endfacet
  facet normal -0.51622 -0.483505 0.706923
    outer loop
      vertex -7.93615 -6.95981 10
      vertex -7.00318 -6.45318 11.0278
      vertex -7.16339 -6.28213 11.0278
    endloop
  endfacet
  facet normal -0.516224 -0.483499 0.706924
    outer loop
      vertex -7.00318 -6.45318 11.0278
      vertex -7.93615 -6.95981 10
      vertex -7.46396 -7.46396 10
    endloop
  endfacet
  facet normal -0.546749 -0.448704 -0.706916
    outer loop
      vertex -6.76656 -5.93411 8.44436
      vertex -7.93615 -6.95981 10
      vertex -8.37435 -6.42586 10
    endloop
  endfacet
  facet normal -0.546749 -0.448703 -0.706917
    outer loop
      vertex -7.14018 -5.47885 8.44436
      vertex -6.76656 -5.93411 8.44436
      vertex -8.37435 -6.42586 10
    endloop
  endfacet
  facet normal -0.546747 -0.448696 0.706922
    outer loop
      vertex -7.93615 -6.95981 10
      vertex -7.2116 -6.22339 11.0278
      vertex -7.41025 -5.98133 11.0278
    endloop
  endfacet
  facet normal -0.546727 -0.448718 0.706924
    outer loop
      vertex -7.2116 -6.22339 11.0278
      vertex -7.93615 -6.95981 10
      vertex -7.16339 -6.28213 11.0278
    endloop
  endfacet
  facet normal -0.546736 -0.448712 0.706921
    outer loop
      vertex -8.37435 -6.42586 10
      vertex -7.41025 -5.98133 11.0278
      vertex -7.55893 -5.80017 11.0278
    endloop
  endfacet
  facet normal -0.546743 -0.448699 0.706923
    outer loop
      vertex -7.41025 -5.98133 11.0278
      vertex -8.37435 -6.42586 10
      vertex -7.93615 -6.95981 10
    endloop
  endfacet
  facet normal -0.574922 -0.411987 -0.706917
    outer loop
      vertex -7.14018 -5.47885 8.44436
      vertex -8.37435 -6.42586 10
      vertex -8.77669 -5.8644 10
    endloop
  endfacet
  facet normal -0.574922 -0.411988 -0.706916
    outer loop
      vertex -7.48323 -5.00013 8.44436
      vertex -7.14018 -5.47885 8.44436
      vertex -8.77669 -5.8644 10
    endloop
  endfacet
  facet normal -0.574923 -0.411976 0.706922
    outer loop
      vertex -8.37435 -6.42586 10
      vertex -7.60319 -5.7384 11.0278
      vertex -7.78558 -5.48387 11.0278
    endloop
  endfacet
  facet normal -0.574937 -0.411959 0.706921
    outer loop
      vertex -7.60319 -5.7384 11.0278
      vertex -8.37435 -6.42586 10
      vertex -7.55893 -5.80017 11.0278
    endloop
  endfacet
  facet normal -0.574918 -0.411979 0.706925
    outer loop
      vertex -8.77669 -5.8644 10
      vertex -7.78558 -5.48387 11.0278
      vertex -7.92209 -5.29337 11.0278
    endloop
  endfacet
  facet normal -0.574916 -0.411983 0.706924
    outer loop
      vertex -7.78558 -5.48387 11.0278
      vertex -8.77669 -5.8644 10
      vertex -8.37435 -6.42586 10
    endloop
  endfacet
  facet normal -0.600638 -0.373502 -0.706916
    outer loop
      vertex -7.48323 -5.00013 8.44436
      vertex -8.77669 -5.8644 10
      vertex -9.14145 -5.27782 10
    endloop
  endfacet
  facet normal -0.600638 -0.3735 -0.706917
    outer loop
      vertex -7.79423 -4.5 8.44436
      vertex -7.48323 -5.00013 8.44436
      vertex -9.14145 -5.27782 10
    endloop
  endfacet
  facet normal -0.600636 -0.373491 0.706924
    outer loop
      vertex -8.77669 -5.8644 10
      vertex -7.96222 -5.22884 11.0278
      vertex -8.12757 -4.96293 11.0278
    endloop
  endfacet
  facet normal -0.60062 -0.373514 0.706925
    outer loop
      vertex -7.96222 -5.22884 11.0278
      vertex -8.77669 -5.8644 10
      vertex -7.92209 -5.29337 11.0278
    endloop
  endfacet
  facet normal -0.600629 -0.3735 0.706925
    outer loop
      vertex -9.14145 -5.27782 10
      vertex -8.12757 -4.96293 11.0278
      vertex -8.25133 -4.76391 11.0278
    endloop
  endfacet
  facet normal -0.60063 -0.373497 0.706925
    outer loop
      vertex -8.12757 -4.96293 11.0278
      vertex -9.14145 -5.27782 10
      vertex -8.77669 -5.8644 10
    endloop
  endfacet
  facet normal -0.623782 -0.333415 -0.706917
    outer loop
      vertex -7.79423 -4.5 8.44436
      vertex -9.14145 -5.27782 10
      vertex -9.46706 -4.66864 10
    endloop
  endfacet
  facet normal -0.623782 -0.333412 -0.706917
    outer loop
      vertex -8.07185 -3.9806 8.44436
      vertex -7.79423 -4.5 8.44436
      vertex -9.46706 -4.66864 10
    endloop
  endfacet
  facet normal -0.623785 -0.333393 0.706924
    outer loop
      vertex -8.28715 -4.69689 11.0278
      vertex -9.14145 -5.27782 10
      vertex -8.25133 -4.76391 11.0278
    endloop
  endfacet
  facet normal -0.623767 -0.333421 0.706926
    outer loop
      vertex -9.14145 -5.27782 10
      vertex -8.28715 -4.69689 11.0278
      vertex -8.43476 -4.42074 11.0278
    endloop
  endfacet
  facet normal -0.623773 -0.333419 0.706923
    outer loop
      vertex -9.46706 -4.66864 10
      vertex -8.43476 -4.42074 11.0278
      vertex -8.54524 -4.21405 11.0278
    endloop
  endfacet
  facet normal -0.623775 -0.333411 0.706924
    outer loop
      vertex -8.43476 -4.42074 11.0278
      vertex -9.46706 -4.66864 10
      vertex -9.14145 -5.27782 10
    endloop
  endfacet
  facet normal -0.644252 -0.291904 -0.706917
    outer loop
      vertex -8.07185 -3.9806 8.44436
      vertex -9.46706 -4.66864 10
      vertex -9.75213 -4.03947 10
    endloop
  endfacet
  facet normal -0.64425 -0.291915 -0.706915
    outer loop
      vertex -8.31492 -3.44415 8.44436
      vertex -8.07185 -3.9806 8.44436
      vertex -9.75213 -4.03947 10
    endloop
  endfacet
  facet normal -0.644249 -0.291897 0.706923
    outer loop
      vertex -8.54524 -4.21405 11.0278
      vertex -8.70583 -3.85961 11.0278
      vertex -9.46706 -4.66864 10
    endloop
  endfacet
  facet normal -0.644239 -0.291925 0.70692
    outer loop
      vertex -9.75213 -4.03947 10
      vertex -8.70583 -3.85961 11.0278
      vertex -8.80256 -3.64614 11.0278
    endloop
  endfacet
  facet normal -0.644246 -0.291901 0.706924
    outer loop
      vertex -8.70583 -3.85961 11.0278
      vertex -9.75213 -4.03947 10
      vertex -9.46706 -4.66864 10
    endloop
  endfacet
  facet normal -0.661963 -0.249151 -0.706915
    outer loop
      vertex -8.31492 -3.44415 8.44436
      vertex -9.75213 -4.03947 10
      vertex -9.99545 -3.393 10
    endloop
  endfacet
  facet normal -0.661965 -0.249138 -0.706918
    outer loop
      vertex -8.52237 -2.89295 8.44436
      vertex -8.31492 -3.44415 8.44436
      vertex -9.99545 -3.393 10
    endloop
  endfacet
  facet normal -0.661984 -0.249082 0.706919
    outer loop
      vertex -8.82932 -3.57502 11.0278
      vertex -9.75213 -4.03947 10
      vertex -8.80256 -3.64614 11.0278
    endloop
  endfacet
  facet normal -0.661957 -0.249143 0.706923
    outer loop
      vertex -9.75213 -4.03947 10
      vertex -8.82932 -3.57502 11.0278
      vertex -8.93962 -3.28196 11.0278
    endloop
  endfacet
  facet normal -0.661956 -0.249149 0.706923
    outer loop
      vertex -9.02218 -3.06262 11.0278
      vertex -9.99545 -3.393 10
      vertex -9.75213 -4.03947 10
    endloop
  endfacet
  facet normal -0.661948 -0.249158 0.706927
    outer loop
      vertex -8.93962 -3.28196 11.0278
      vertex -9.02218 -3.06262 11.0278
      vertex -9.75213 -4.03947 10
    endloop
  endfacet
  facet normal -0.676829 -0.205353 -0.706918
    outer loop
      vertex -8.52237 -2.89295 8.44436
      vertex -9.99545 -3.393 10
      vertex -10.196 -2.732 10
    endloop
  endfacet
  facet normal -0.676832 -0.205315 -0.706926
    outer loop
      vertex -8.69333 -2.32937 8.44436
      vertex -8.52237 -2.89295 8.44436
      vertex -10.196 -2.732 10
    endloop
  endfacet
  facet normal -0.67683 -0.205319 0.706926
    outer loop
      vertex -9.99545 -3.393 10
      vertex -9.04423 -2.9899 11.0278
      vertex -9.13513 -2.69025 11.0278
    endloop
  endfacet
  facet normal -0.67686 -0.205236 0.706922
    outer loop
      vertex -9.04423 -2.9899 11.0278
      vertex -9.99545 -3.393 10
      vertex -9.02218 -3.06262 11.0278
    endloop
  endfacet
  facet normal -0.67681 -0.205347 0.706938
    outer loop
      vertex -9.20316 -2.46598 11.0278
      vertex -10.196 -2.732 10
      vertex -9.99545 -3.393 10
    endloop
  endfacet
  facet normal -0.676835 -0.205311 0.706924
    outer loop
      vertex -9.13513 -2.69025 11.0278
      vertex -9.20316 -2.46598 11.0278
      vertex -9.99545 -3.393 10
    endloop
  endfacet
  facet normal -0.688824 -0.160558 -0.706925
    outer loop
      vertex -8.69333 -2.32937 8.44436
      vertex -10.196 -2.732 10
      vertex -10.3528 -2.0593 10
    endloop
  endfacet
  facet normal -0.688822 -0.160616 -0.706913
    outer loop
      vertex -8.82707 -1.75581 8.44436
      vertex -8.69333 -2.32937 8.44436
      vertex -10.3528 -2.0593 10
    endloop
  endfacet
  facet normal -0.688787 -0.160655 0.706939
    outer loop
      vertex -9.22042 -2.39198 11.0278
      vertex -10.196 -2.732 10
      vertex -9.20316 -2.46598 11.0278
    endloop
  endfacet
  facet normal -0.688803 -0.160597 0.706936
    outer loop
      vertex -10.196 -2.732 10
      vertex -9.22042 -2.39198 11.0278
      vertex -9.29152 -2.08703 11.0278
    endloop
  endfacet
  facet normal -0.688827 -0.160559 0.706922
    outer loop
      vertex -9.34474 -1.85878 11.0278
      vertex -10.3528 -2.0593 10
      vertex -10.196 -2.732 10
    endloop
  endfacet
  facet normal -0.6888 -0.160604 0.706938
    outer loop
      vertex -9.29152 -2.08703 11.0278
      vertex -9.34474 -1.85878 11.0278
      vertex -10.196 -2.732 10
    endloop
  endfacet
  facet normal -0.697856 -0.115198 -0.706913
    outer loop
      vertex -8.82707 -1.75581 8.44436
      vertex -10.3528 -2.0593 10
      vertex -10.4653 -1.37779 10
    endloop
  endfacet
  facet normal -0.697857 -0.115211 -0.70691
    outer loop
      vertex -8.923 -1.17474 8.44436
      vertex -8.82707 -1.75581 8.44436
      vertex -10.4653 -1.37779 10
    endloop
  endfacet
  facet normal -0.697845 -0.11522 0.70692
    outer loop
      vertex -10.3528 -2.0593 10
      vertex -9.35712 -1.78381 11.0278
      vertex -9.40813 -1.47486 11.0278
    endloop
  endfacet
  facet normal -0.697842 -0.115237 0.706921
    outer loop
      vertex -9.35712 -1.78381 11.0278
      vertex -10.3528 -2.0593 10
      vertex -9.34474 -1.85878 11.0278
    endloop
  endfacet
  facet normal -0.697853 -0.115227 0.706912
    outer loop
      vertex -10.4653 -1.37779 10
      vertex -9.40813 -1.47486 11.0278
      vertex -9.44631 -1.24363 11.0278
    endloop
  endfacet
  facet normal -0.697854 -0.115198 0.706916
    outer loop
      vertex -9.40813 -1.47486 11.0278
      vertex -10.4653 -1.37779 10
      vertex -10.3528 -2.0593 10
    endloop
  endfacet
  facet normal -0.703898 -0.069323 -0.70691
    outer loop
      vertex -8.923 -1.17474 8.44436
      vertex -10.4653 -1.37779 10
      vertex -10.533 -0.690372 10
    endloop
  endfacet
  facet normal -0.703899 -0.0693316 -0.706908
    outer loop
      vertex -8.98073 -0.588628 8.44436
      vertex -8.923 -1.17474 8.44436
      vertex -10.533 -0.690372 10
    endloop
  endfacet
  facet normal -0.703891 -0.0693444 0.706915
    outer loop
      vertex -10.4653 -1.37779 10
      vertex -9.45375 -1.16801 11.0278
      vertex -9.48445 -0.856385 11.0278
    endloop
  endfacet
  facet normal -0.703904 -0.0692548 0.706911
    outer loop
      vertex -9.45375 -1.16801 11.0278
      vertex -10.4653 -1.37779 10
      vertex -9.44631 -1.24363 11.0278
    endloop
  endfacet
  facet normal -0.703897 -0.0693226 0.706911
    outer loop
      vertex -10.533 -0.690372 10
      vertex -9.48445 -0.856385 11.0278
      vertex -9.50742 -0.623149 11.0278
    endloop
  endfacet
  facet normal -0.703897 -0.069323 0.706911
    outer loop
      vertex -9.48445 -0.856385 11.0278
      vertex -10.533 -0.690372 10
      vertex -10.4653 -1.37779 10
    endloop
  endfacet
  facet normal -0.706926 -0.0231419 -0.706908
    outer loop
      vertex -8.98073 -0.588628 8.44436
      vertex -10.533 -0.690372 10
      vertex -10.5556 0 10
    endloop
  endfacet
  facet normal -0.706926 -0.0231428 -0.706908
    outer loop
      vertex -9 0 8.44436
      vertex -8.98073 -0.588628 8.44436
      vertex -10.5556 0 10
    endloop
  endfacet
  facet normal -0.706921 -0.0231526 0.706913
    outer loop
      vertex -10.533 -0.690372 10
      vertex -9.5099 -0.547203 11.0278
      vertex -9.52015 -0.234239 11.0278
    endloop
  endfacet
  facet normal -0.706927 -0.0230845 0.70691
    outer loop
      vertex -9.5099 -0.547203 11.0278
      vertex -10.533 -0.690372 10
      vertex -9.50742 -0.623149 11.0278
    endloop
  endfacet
  facet normal -0.706924 -0.0231478 0.70691
    outer loop
      vertex -10.5556 0 10
      vertex -9.52015 -0.234239 11.0278
      vertex -9.52782 0 11.0278
    endloop
  endfacet
  facet normal -0.706924 -0.0231418 0.706911
    outer loop
      vertex -9.52015 -0.234239 11.0278
      vertex -10.5556 0 10
      vertex -10.533 -0.690372 10
    endloop
  endfacet
  facet normal 0.707107 0.707107 0
    outer loop
      vertex 10.5005 7.14036 21.2
      vertex 7.14036 10.5005 20
      vertex 7.14036 10.5005 21.2
    endloop
  endfacet
  facet normal 0.707107 0.707107 0
    outer loop
      vertex 7.14036 10.5005 20
      vertex 10.5005 7.14036 21.2
      vertex 10.5005 7.14036 20
    endloop
  endfacet
  facet normal 0 0 1
    outer loop
      vertex 7.14036 10.5005 21.2
      vertex -7.14036 -10.5005 21.2
      vertex 10.5005 7.14036 21.2
    endloop
  endfacet
  facet normal 0 -0 1
    outer loop
      vertex -7.14036 -10.5005 21.2
      vertex 7.14036 10.5005 21.2
      vertex -10.5005 -7.14036 21.2
    endloop
  endfacet
  facet normal 0.707107 -0.707107 0
    outer loop
      vertex -7.14036 -10.5005 21.2
      vertex 10.5005 7.14036 20
      vertex 10.5005 7.14036 21.2
    endloop
  endfacet
  facet normal 0.707107 -0.707107 0
    outer loop
      vertex 10.5005 7.14036 20
      vertex -7.14036 -10.5005 21.2
      vertex -7.14036 -10.5005 20
    endloop
  endfacet
  facet normal -0.707107 0.707107 0
    outer loop
      vertex -10.5005 -7.14036 20
      vertex 7.14036 10.5005 21.2
      vertex 7.14036 10.5005 20
    endloop
  endfacet
  facet normal -0.707107 0.707107 0
    outer loop
      vertex 7.14036 10.5005 21.2
      vertex -10.5005 -7.14036 20
      vertex -10.5005 -7.14036 21.2
    endloop
  endfacet
  facet normal -0.707107 -0.707107 0
    outer loop
      vertex -7.14036 -10.5005 20
      vertex -10.5005 -7.14036 21.2
      vertex -10.5005 -7.14036 20
    endloop
  endfacet
  facet normal -0.707107 -0.707107 0
    outer loop
      vertex -10.5005 -7.14036 21.2
      vertex -7.14036 -10.5005 20
      vertex -7.14036 -10.5005 21.2
    endloop
  endfacet
endsolid OpenSCAD_Model
