solid OpenSCAD_Model
  facet normal -0.706926 0.0231419 -0.706908
    outer loop
      vertex -10.533 0.690372 9.5
      vertex -9 0 7.94436
      vertex -10.5556 0 9.5
    endloop
  endfacet
  facet normal -0.706926 0.0231427 -0.706908
    outer loop
      vertex -8.98073 0.588628 7.94436
      vertex -9 0 7.94436
      vertex -10.533 0.690372 9.5
    endloop
  endfacet
  facet normal -0.706926 0.0231525 0.706908
    outer loop
      vertex -10.5556 0 9.5
      vertex -9.05483 0.0246901 11
      vertex -9.03705 0.567576 11
    endloop
  endfacet
  facet normal -0.706928 0.0229056 0.706914
    outer loop
      vertex -9.05483 0.0246901 11
      vertex -10.5556 0 9.5
      vertex -9.05563 0 11
    endloop
  endfacet
  facet normal -0.706938 0.0229061 0.706904
    outer loop
      vertex -10.533 0.690372 9.5
      vertex -9.03705 0.567576 11
      vertex -9.03625 0.592266 11
    endloop
  endfacet
  facet normal -0.706925 0.0231419 0.70691
    outer loop
      vertex -9.03705 0.567576 11
      vertex -10.533 0.690372 9.5
      vertex -10.5556 0 9.5
    endloop
  endfacet
  facet normal -0.7039 0.0693232 -0.706909
    outer loop
      vertex -10.4653 1.37779 9.5
      vertex -8.98073 0.588628 7.94436
      vertex -10.533 0.690372 9.5
    endloop
  endfacet
  facet normal -0.703897 0.0693314 -0.70691
    outer loop
      vertex -8.923 1.17474 7.94436
      vertex -8.98073 0.588628 7.94436
      vertex -10.4653 1.37779 9.5
    endloop
  endfacet
  facet normal -0.703879 0.069572 0.706904
    outer loop
      vertex -9.03382 0.616851 11
      vertex -10.533 0.690372 9.5
      vertex -9.03625 0.592266 11
    endloop
  endfacet
  facet normal -0.703897 0.0693273 0.70691
    outer loop
      vertex -10.533 0.690372 9.5
      vertex -9.03382 0.616851 11
      vertex -8.98058 1.15741 11
    endloop
  endfacet
  facet normal -0.703903 0.0692739 0.70691
    outer loop
      vertex -10.4653 1.37779 9.5
      vertex -8.98058 1.15741 11
      vertex -8.97816 1.182 11
    endloop
  endfacet
  facet normal -0.703897 0.0693229 0.706911
    outer loop
      vertex -8.98058 1.15741 11
      vertex -10.4653 1.37779 9.5
      vertex -10.533 0.690372 9.5
    endloop
  endfacet
  facet normal -0.697859 0.115199 -0.706911
    outer loop
      vertex -10.3528 2.0593 9.5
      vertex -8.923 1.17474 7.94436
      vertex -10.4653 1.37779 9.5
    endloop
  endfacet
  facet normal -0.697854 0.11521 -0.706913
    outer loop
      vertex -8.82707 1.75581 7.94436
      vertex -8.923 1.17474 7.94436
      vertex -10.3528 2.0593 9.5
    endloop
  endfacet
  facet normal -0.69787 0.115118 0.706913
    outer loop
      vertex -8.97414 1.20637 11
      vertex -10.4653 1.37779 9.5
      vertex -8.97816 1.182 11
    endloop
  endfacet
  facet normal -0.697856 0.115216 0.70691
    outer loop
      vertex -10.4653 1.37779 9.5
      vertex -8.97414 1.20637 11
      vertex -8.88566 1.74229 11
    endloop
  endfacet
  facet normal -0.697827 0.11535 0.706918
    outer loop
      vertex -10.3528 2.0593 9.5
      vertex -8.88566 1.74229 11
      vertex -8.88163 1.76667 11
    endloop
  endfacet
  facet normal -0.697855 0.115198 0.706914
    outer loop
      vertex -8.88566 1.74229 11
      vertex -10.3528 2.0593 9.5
      vertex -10.4653 1.37779 9.5
    endloop
  endfacet
  facet normal -0.688834 0.160561 -0.706914
    outer loop
      vertex -10.196 2.732 9.5
      vertex -8.82707 1.75581 7.94436
      vertex -10.3528 2.0593 9.5
    endloop
  endfacet
  facet normal -0.68881 0.160613 -0.706926
    outer loop
      vertex -8.69333 2.32937 7.94436
      vertex -8.82707 1.75581 7.94436
      vertex -10.196 2.732 9.5
    endloop
  endfacet
  facet normal -0.688808 0.160674 0.706914
    outer loop
      vertex -8.87602 1.79072 11
      vertex -10.3528 2.0593 9.5
      vertex -8.88163 1.76667 11
    endloop
  endfacet
  facet normal -0.688822 0.160607 0.706916
    outer loop
      vertex -10.3528 2.0593 9.5
      vertex -8.87602 1.79072 11
      vertex -8.75268 2.31971 11
    endloop
  endfacet
  facet normal -0.68881 0.160608 0.706927
    outer loop
      vertex -10.196 2.732 9.5
      vertex -8.75268 2.31971 11
      vertex -8.74707 2.34377 11
    endloop
  endfacet
  facet normal -0.688823 0.160558 0.706926
    outer loop
      vertex -8.75268 2.31971 11
      vertex -10.196 2.732 9.5
      vertex -10.3528 2.0593 9.5
    endloop
  endfacet
  facet normal -0.676822 0.205351 -0.706925
    outer loop
      vertex -9.99545 3.393 9.5
      vertex -8.69333 2.32937 7.94436
      vertex -10.196 2.732 9.5
    endloop
  endfacet
  facet normal -0.67684 0.205317 -0.706917
    outer loop
      vertex -8.52237 2.89295 7.94436
      vertex -8.69333 2.32937 7.94436
      vertex -9.99545 3.393 9.5
    endloop
  endfacet
  facet normal -0.67683 0.205319 0.706926
    outer loop
      vertex -10.196 2.732 9.5
      vertex -8.7399 2.36741 11
      vertex -8.58222 2.8872 11
    endloop
  endfacet
  facet normal -0.67684 0.205285 0.706927
    outer loop
      vertex -8.7399 2.36741 11
      vertex -10.196 2.732 9.5
      vertex -8.74707 2.34377 11
    endloop
  endfacet
  facet normal -0.676848 0.205288 0.706918
    outer loop
      vertex -9.99545 3.393 9.5
      vertex -8.58222 2.8872 11
      vertex -8.57505 2.91084 11
    endloop
  endfacet
  facet normal -0.676827 0.205352 0.70692
    outer loop
      vertex -8.58222 2.8872 11
      vertex -9.99545 3.393 9.5
      vertex -10.196 2.732 9.5
    endloop
  endfacet
  facet normal -0.661961 0.24915 -0.706917
    outer loop
      vertex -9.75213 4.03947 9.5
      vertex -8.52237 2.89295 7.94436
      vertex -9.99545 3.393 9.5
    endloop
  endfacet
  facet normal -0.661968 0.249139 -0.706914
    outer loop
      vertex -8.31492 3.44415 7.94436
      vertex -8.52237 2.89295 7.94436
      vertex -9.75213 4.03947 9.5
    endloop
  endfacet
  facet normal -0.661963 0.249141 0.706918
    outer loop
      vertex -9.99545 3.393 9.5
      vertex -8.56635 2.93396 11
      vertex -8.37502 3.44232 11
    endloop
  endfacet
  facet normal -0.661977 0.2491 0.706919
    outer loop
      vertex -8.56635 2.93396 11
      vertex -9.99545 3.393 9.5
      vertex -8.57505 2.91084 11
    endloop
  endfacet
  facet normal -0.661981 0.249102 0.706915
    outer loop
      vertex -9.75213 4.03947 9.5
      vertex -8.37502 3.44232 11
      vertex -8.36632 3.46544 11
    endloop
  endfacet
  facet normal -0.661962 0.249151 0.706916
    outer loop
      vertex -8.37502 3.44232 11
      vertex -9.75213 4.03947 9.5
      vertex -9.99545 3.393 9.5
    endloop
  endfacet
  facet normal -0.644254 0.291904 -0.706915
    outer loop
      vertex -9.46706 4.66864 9.5
      vertex -8.31492 3.44415 7.94436
      vertex -9.75213 4.03947 9.5
    endloop
  endfacet
  facet normal -0.644247 0.291914 -0.706917
    outer loop
      vertex -8.07185 3.9806 7.94436
      vertex -8.31492 3.44415 7.94436
      vertex -9.46706 4.66864 9.5
    endloop
  endfacet
  facet normal -0.644252 0.291903 0.706917
    outer loop
      vertex -9.75213 4.03947 9.5
      vertex -8.35612 3.48794 11
      vertex -8.13195 3.9827 11
    endloop
  endfacet
  facet normal -0.644196 0.292036 0.706914
    outer loop
      vertex -8.35612 3.48794 11
      vertex -9.75213 4.03947 9.5
      vertex -8.36632 3.46544 11
    endloop
  endfacet
  facet normal -0.64419 0.292033 0.706921
    outer loop
      vertex -9.46706 4.66864 9.5
      vertex -8.13195 3.9827 11
      vertex -8.12175 4.0052 11
    endloop
  endfacet
  facet normal -0.644252 0.291903 0.706917
    outer loop
      vertex -8.13195 3.9827 11
      vertex -9.46706 4.66864 9.5
      vertex -9.75213 4.03947 9.5
    endloop
  endfacet
  facet normal -0.623781 0.333414 -0.706917
    outer loop
      vertex -9.14145 5.27782 9.5
      vertex -8.07185 3.9806 7.94436
      vertex -9.46706 4.66864 9.5
    endloop
  endfacet
  facet normal -0.623783 0.333413 -0.706917
    outer loop
      vertex -7.79423 4.5 7.94436
      vertex -8.07185 3.9806 7.94436
      vertex -9.14145 5.27782 9.5
    endloop
  endfacet
  facet normal -0.623859 0.333259 0.706921
    outer loop
      vertex -8.11011 4.02699 11
      vertex -9.46706 4.66864 9.5
      vertex -8.12175 4.0052 11
    endloop
  endfacet
  facet normal -0.623776 0.333425 0.706917
    outer loop
      vertex -9.46706 4.66864 9.5
      vertex -8.11011 4.02699 11
      vertex -7.85405 4.50603 11
    endloop
  endfacet
  facet normal -0.623865 0.333262 0.706915
    outer loop
      vertex -9.14145 5.27782 9.5
      vertex -7.85405 4.50603 11
      vertex -7.84241 4.52782 11
    endloop
  endfacet
  facet normal -0.623779 0.333413 0.706919
    outer loop
      vertex -7.85405 4.50603 11
      vertex -9.14145 5.27782 9.5
      vertex -9.46706 4.66864 9.5
    endloop
  endfacet
  facet normal -0.600638 0.373502 -0.706917
    outer loop
      vertex -8.77669 5.8644 9.5
      vertex -7.79423 4.5 7.94436
      vertex -9.14145 5.27782 9.5
    endloop
  endfacet
  facet normal -0.600639 0.3735 -0.706916
    outer loop
      vertex -7.48323 5.00013 7.94436
      vertex -7.79423 4.5 7.94436
      vertex -8.77669 5.8644 9.5
    endloop
  endfacet
  facet normal -0.60059 0.373579 0.706916
    outer loop
      vertex -7.82936 4.5488 11
      vertex -9.14145 5.27782 9.5
      vertex -7.84241 4.52782 11
    endloop
  endfacet
  facet normal -0.600636 0.3735 0.706919
    outer loop
      vertex -9.14145 5.27782 9.5
      vertex -7.82936 4.5488 11
      vertex -7.54253 5.01006 11
    endloop
  endfacet
  facet normal -0.600586 0.373577 0.706921
    outer loop
      vertex -8.77669 5.8644 9.5
      vertex -7.54253 5.01006 11
      vertex -7.52948 5.03104 11
    endloop
  endfacet
  facet normal -0.600636 0.373501 0.706918
    outer loop
      vertex -7.54253 5.01006 11
      vertex -8.77669 5.8644 9.5
      vertex -9.14145 5.27782 9.5
    endloop
  endfacet
  facet normal -0.574922 0.411987 -0.706916
    outer loop
      vertex -8.37435 6.42586 9.5
      vertex -7.48323 5.00013 7.94436
      vertex -8.77669 5.8644 9.5
    endloop
  endfacet
  facet normal -0.574922 0.411988 -0.706917
    outer loop
      vertex -7.14018 5.47885 7.94436
      vertex -7.48323 5.00013 7.94436
      vertex -8.37435 6.42586 9.5
    endloop
  endfacet
  facet normal -0.575043 0.411809 0.706923
    outer loop
      vertex -7.5151 5.05112 11
      vertex -8.77669 5.8644 9.5
      vertex -7.52948 5.03104 11
    endloop
  endfacet
  facet normal -0.574923 0.411985 0.706917
    outer loop
      vertex -8.77669 5.8644 9.5
      vertex -7.5151 5.05112 11
      vertex -7.19871 5.49264 11
    endloop
  endfacet
  facet normal -0.574911 0.412001 0.706917
    outer loop
      vertex -8.37435 6.42586 9.5
      vertex -7.19871 5.49264 11
      vertex -7.18432 5.51272 11
    endloop
  endfacet
  facet normal -0.574922 0.411987 0.706917
    outer loop
      vertex -7.19871 5.49264 11
      vertex -8.37435 6.42586 9.5
      vertex -8.77669 5.8644 9.5
    endloop
  endfacet
  facet normal -0.546749 0.448704 -0.706917
    outer loop
      vertex -7.93615 6.95981 9.5
      vertex -7.14018 5.47885 7.94436
      vertex -8.37435 6.42586 9.5
    endloop
  endfacet
  facet normal -0.546749 0.448703 -0.706916
    outer loop
      vertex -6.76656 5.93411 7.94436
      vertex -7.14018 5.47885 7.94436
      vertex -7.93615 6.95981 9.5
    endloop
  endfacet
  facet normal -0.546816 0.448618 0.706919
    outer loop
      vertex -7.16865 5.53182 11
      vertex -8.37435 6.42586 9.5
      vertex -7.18432 5.51272 11
    endloop
  endfacet
  facet normal -0.546746 0.448707 0.706916
    outer loop
      vertex -8.37435 6.42586 9.5
      vertex -7.16865 5.53182 11
      vertex -6.82406 5.9517 11
    endloop
  endfacet
  facet normal -0.546701 0.448758 0.706919
    outer loop
      vertex -7.93615 6.95981 9.5
      vertex -6.82406 5.9517 11
      vertex -6.80839 5.97079 11
    endloop
  endfacet
  facet normal -0.546748 0.448703 0.706917
    outer loop
      vertex -6.82406 5.9517 11
      vertex -7.93615 6.95981 9.5
      vertex -8.37435 6.42586 9.5
    endloop
  endfacet
  facet normal -0.51623 0.483504 -0.706916
    outer loop
      vertex -7.46396 7.46396 9.5
      vertex -6.76656 5.93411 7.94436
      vertex -7.93615 6.95981 9.5
    endloop
  endfacet
  facet normal -0.51623 0.483504 -0.706916
    outer loop
      vertex -6.36396 6.36396 7.94436
      vertex -6.76656 5.93411 7.94436
      vertex -7.46396 7.46396 9.5
    endloop
  endfacet
  facet normal -0.516233 0.483497 0.706918
    outer loop
      vertex -7.93615 6.95981 9.5
      vertex -6.7915 5.98882 11
      vertex -6.42019 6.38527 11
    endloop
  endfacet
  facet normal -0.516187 0.483549 0.706917
    outer loop
      vertex -6.7915 5.98882 11
      vertex -7.93615 6.95981 9.5
      vertex -6.80839 5.97079 11
    endloop
  endfacet
  facet normal -0.516186 0.483548 0.706918
    outer loop
      vertex -7.46396 7.46396 9.5
      vertex -6.42019 6.38527 11
      vertex -6.4033 6.4033 11
    endloop
  endfacet
  facet normal -0.516229 0.483504 0.706917
    outer loop
      vertex -6.42019 6.38527 11
      vertex -7.46396 7.46396 9.5
      vertex -7.93615 6.95981 9.5
    endloop
  endfacet
  facet normal -0.483504 0.51623 -0.706916
    outer loop
      vertex -6.95981 7.93615 9.5
      vertex -6.36396 6.36396 7.94436
      vertex -7.46396 7.46396 9.5
    endloop
  endfacet
  facet normal -0.483504 0.51623 -0.706916
    outer loop
      vertex -5.93411 6.76656 7.94436
      vertex -6.36396 6.36396 7.94436
      vertex -6.95981 7.93615 9.5
    endloop
  endfacet
  facet normal -0.483499 0.516234 0.706917
    outer loop
      vertex -7.46396 7.46396 9.5
      vertex -6.38527 6.42019 11
      vertex -5.98882 6.7915 11
    endloop
  endfacet
  facet normal -0.483548 0.516186 0.706918
    outer loop
      vertex -6.38527 6.42019 11
      vertex -7.46396 7.46396 9.5
      vertex -6.4033 6.4033 11
    endloop
  endfacet
  facet normal -0.483549 0.516187 0.706917
    outer loop
      vertex -6.95981 7.93615 9.5
      vertex -5.98882 6.7915 11
      vertex -5.97079 6.80839 11
    endloop
  endfacet
  facet normal -0.483503 0.516228 0.706918
    outer loop
      vertex -5.98882 6.7915 11
      vertex -6.95981 7.93615 9.5
      vertex -7.46396 7.46396 9.5
    endloop
  endfacet
  facet normal -0.448704 0.546749 -0.706916
    outer loop
      vertex -6.42586 8.37435 9.5
      vertex -5.93411 6.76656 7.94436
      vertex -6.95981 7.93615 9.5
    endloop
  endfacet
  facet normal -0.448703 0.546749 -0.706917
    outer loop
      vertex -5.47885 7.14018 7.94436
      vertex -5.93411 6.76656 7.94436
      vertex -6.42586 8.37435 9.5
    endloop
  endfacet
  facet normal -0.448758 0.546701 0.706919
    outer loop
      vertex -5.9517 6.82406 11
      vertex -6.95981 7.93615 9.5
      vertex -5.97079 6.80839 11
    endloop
  endfacet
  facet normal -0.448707 0.546745 0.706917
    outer loop
      vertex -6.95981 7.93615 9.5
      vertex -5.9517 6.82406 11
      vertex -5.53182 7.16865 11
    endloop
  endfacet
  facet normal -0.448618 0.546816 0.706919
    outer loop
      vertex -6.42586 8.37435 9.5
      vertex -5.53182 7.16865 11
      vertex -5.51272 7.18432 11
    endloop
  endfacet
  facet normal -0.448704 0.546749 0.706916
    outer loop
      vertex -5.53182 7.16865 11
      vertex -6.42586 8.37435 9.5
      vertex -6.95981 7.93615 9.5
    endloop
  endfacet
  facet normal -0.411987 0.574922 -0.706917
    outer loop
      vertex -5.8644 8.77669 9.5
      vertex -5.47885 7.14018 7.94436
      vertex -6.42586 8.37435 9.5
    endloop
  endfacet
  facet normal -0.411988 0.574922 -0.706916
    outer loop
      vertex -5.00013 7.48323 7.94436
      vertex -5.47885 7.14018 7.94436
      vertex -5.8644 8.77669 9.5
    endloop
  endfacet
  facet normal -0.412001 0.574911 0.706917
    outer loop
      vertex -5.49264 7.19871 11
      vertex -6.42586 8.37435 9.5
      vertex -5.51272 7.18432 11
    endloop
  endfacet
  facet normal -0.411986 0.574923 0.706917
    outer loop
      vertex -6.42586 8.37435 9.5
      vertex -5.49264 7.19871 11
      vertex -5.05112 7.5151 11
    endloop
  endfacet
  facet normal -0.411809 0.575043 0.706923
    outer loop
      vertex -5.8644 8.77669 9.5
      vertex -5.05112 7.5151 11
      vertex -5.03104 7.52948 11
    endloop
  endfacet
  facet normal -0.411987 0.574922 0.706917
    outer loop
      vertex -5.05112 7.5151 11
      vertex -5.8644 8.77669 9.5
      vertex -6.42586 8.37435 9.5
    endloop
  endfacet
  facet normal -0.373502 0.600638 -0.706916
    outer loop
      vertex -5.27782 9.14145 9.5
      vertex -5.00013 7.48323 7.94436
      vertex -5.8644 8.77669 9.5
    endloop
  endfacet
  facet normal -0.3735 0.600638 -0.706917
    outer loop
      vertex -4.5 7.79423 7.94436
      vertex -5.00013 7.48323 7.94436
      vertex -5.27782 9.14145 9.5
    endloop
  endfacet
  facet normal -0.3735 0.600637 0.706918
    outer loop
      vertex -5.8644 8.77669 9.5
      vertex -5.01006 7.54253 11
      vertex -4.5488 7.82936 11
    endloop
  endfacet
  facet normal -0.373577 0.600586 0.706921
    outer loop
      vertex -5.01006 7.54253 11
      vertex -5.8644 8.77669 9.5
      vertex -5.03104 7.52948 11
    endloop
  endfacet
  facet normal -0.373579 0.60059 0.706916
    outer loop
      vertex -5.27782 9.14145 9.5
      vertex -4.5488 7.82936 11
      vertex -4.52782 7.84241 11
    endloop
  endfacet
  facet normal -0.373501 0.600636 0.706919
    outer loop
      vertex -4.5488 7.82936 11
      vertex -5.27782 9.14145 9.5
      vertex -5.8644 8.77669 9.5
    endloop
  endfacet
  facet normal -0.333415 0.623782 -0.706917
    outer loop
      vertex -4.66864 9.46706 9.5
      vertex -4.5 7.79423 7.94436
      vertex -5.27782 9.14145 9.5
    endloop
  endfacet
  facet normal -0.333412 0.623782 -0.706917
    outer loop
      vertex -3.9806 8.07185 7.94436
      vertex -4.5 7.79423 7.94436
      vertex -4.66864 9.46706 9.5
    endloop
  endfacet
  facet normal -0.333262 0.623865 0.706915
    outer loop
      vertex -4.50603 7.85405 11
      vertex -5.27782 9.14145 9.5
      vertex -4.52782 7.84241 11
    endloop
  endfacet
  facet normal -0.333424 0.623773 0.706919
    outer loop
      vertex -5.27782 9.14145 9.5
      vertex -4.50603 7.85405 11
      vertex -4.02699 8.11011 11
    endloop
  endfacet
  facet normal -0.333259 0.623859 0.706921
    outer loop
      vertex -4.66864 9.46706 9.5
      vertex -4.02699 8.11011 11
      vertex -4.0052 8.12175 11
    endloop
  endfacet
  facet normal -0.333414 0.623781 0.706917
    outer loop
      vertex -4.02699 8.11011 11
      vertex -4.66864 9.46706 9.5
      vertex -5.27782 9.14145 9.5
    endloop
  endfacet
  facet normal -0.291904 0.644252 -0.706917
    outer loop
      vertex -4.03947 9.75213 9.5
      vertex -3.9806 8.07185 7.94436
      vertex -4.66864 9.46706 9.5
    endloop
  endfacet
  facet normal -0.291915 0.64425 -0.706915
    outer loop
      vertex -3.44415 8.31492 7.94436
      vertex -3.9806 8.07185 7.94436
      vertex -4.03947 9.75213 9.5
    endloop
  endfacet
  facet normal -0.292033 0.64419 0.706921
    outer loop
      vertex -3.9827 8.13195 11
      vertex -4.66864 9.46706 9.5
      vertex -4.0052 8.12175 11
    endloop
  endfacet
  facet normal -0.291903 0.644252 0.706917
    outer loop
      vertex -4.66864 9.46706 9.5
      vertex -3.9827 8.13195 11
      vertex -3.48794 8.35612 11
    endloop
  endfacet
  facet normal -0.292036 0.644196 0.706914
    outer loop
      vertex -4.03947 9.75213 9.5
      vertex -3.48794 8.35612 11
      vertex -3.46544 8.36632 11
    endloop
  endfacet
  facet normal -0.291903 0.644252 0.706917
    outer loop
      vertex -3.48794 8.35612 11
      vertex -4.03947 9.75213 9.5
      vertex -4.66864 9.46706 9.5
    endloop
  endfacet
  facet normal -0.249151 0.661963 -0.706915
    outer loop
      vertex -3.393 9.99545 9.5
      vertex -3.44415 8.31492 7.94436
      vertex -4.03947 9.75213 9.5
    endloop
  endfacet
  facet normal -0.249138 0.661965 -0.706918
    outer loop
      vertex -3.393 9.99545 9.5
      vertex -2.89295 8.52237 7.94436
      vertex -3.44415 8.31492 7.94436
    endloop
  endfacet
  facet normal -0.249142 0.661965 0.706916
    outer loop
      vertex -4.03947 9.75213 9.5
      vertex -3.44232 8.37502 11
      vertex -2.93396 8.56635 11
    endloop
  endfacet
  facet normal -0.249102 0.661981 0.706915
    outer loop
      vertex -3.44232 8.37502 11
      vertex -4.03947 9.75213 9.5
      vertex -3.46544 8.36632 11
    endloop
  endfacet
  facet normal -0.2491 0.661977 0.706919
    outer loop
      vertex -3.393 9.99545 9.5
      vertex -2.93396 8.56635 11
      vertex -2.91084 8.57505 11
    endloop
  endfacet
  facet normal -0.24915 0.66196 0.706918
    outer loop
      vertex -2.93396 8.56635 11
      vertex -3.393 9.99545 9.5
      vertex -4.03947 9.75213 9.5
    endloop
  endfacet
  facet normal -0.205353 0.676829 -0.706918
    outer loop
      vertex -2.732 10.196 9.5
      vertex -2.89295 8.52237 7.94436
      vertex -3.393 9.99545 9.5
    endloop
  endfacet
  facet normal -0.205315 0.676832 -0.706926
    outer loop
      vertex -2.732 10.196 9.5
      vertex -2.32937 8.69333 7.94436
      vertex -2.89295 8.52237 7.94436
    endloop
  endfacet
  facet normal -0.205321 0.676837 0.706919
    outer loop
      vertex -3.393 9.99545 9.5
      vertex -2.8872 8.58222 11
      vertex -2.36741 8.7399 11
    endloop
  endfacet
  facet normal -0.205288 0.676848 0.706918
    outer loop
      vertex -2.8872 8.58222 11
      vertex -3.393 9.99545 9.5
      vertex -2.91084 8.57505 11
    endloop
  endfacet
  facet normal -0.205285 0.67684 0.706927
    outer loop
      vertex -2.732 10.196 9.5
      vertex -2.36741 8.7399 11
      vertex -2.34377 8.74707 11
    endloop
  endfacet
  facet normal -0.20535 0.676822 0.706926
    outer loop
      vertex -2.36741 8.7399 11
      vertex -2.732 10.196 9.5
      vertex -3.393 9.99545 9.5
    endloop
  endfacet
  facet normal -0.160558 0.688824 -0.706925
    outer loop
      vertex -2.0593 10.3528 9.5
      vertex -2.32937 8.69333 7.94436
      vertex -2.732 10.196 9.5
    endloop
  endfacet
  facet normal -0.160616 0.688822 -0.706913
    outer loop
      vertex -2.0593 10.3528 9.5
      vertex -1.75581 8.82707 7.94436
      vertex -2.32937 8.69333 7.94436
    endloop
  endfacet
  facet normal -0.160604 0.688811 0.706927
    outer loop
      vertex -2.732 10.196 9.5
      vertex -2.31971 8.75268 11
      vertex -1.79072 8.87602 11
    endloop
  endfacet
  facet normal -0.160608 0.68881 0.706927
    outer loop
      vertex -2.31971 8.75268 11
      vertex -2.732 10.196 9.5
      vertex -2.34377 8.74707 11
    endloop
  endfacet
  facet normal -0.160674 0.688808 0.706914
    outer loop
      vertex -2.0593 10.3528 9.5
      vertex -1.79072 8.87602 11
      vertex -1.76667 8.88163 11
    endloop
  endfacet
  facet normal -0.16056 0.688831 0.706917
    outer loop
      vertex -1.79072 8.87602 11
      vertex -2.0593 10.3528 9.5
      vertex -2.732 10.196 9.5
    endloop
  endfacet
  facet normal -0.115198 0.697856 -0.706913
    outer loop
      vertex -1.37779 10.4653 9.5
      vertex -1.75581 8.82707 7.94436
      vertex -2.0593 10.3528 9.5
    endloop
  endfacet
  facet normal -0.115211 0.697857 -0.70691
    outer loop
      vertex -1.37779 10.4653 9.5
      vertex -1.17474 8.923 7.94436
      vertex -1.75581 8.82707 7.94436
    endloop
  endfacet
  facet normal -0.115215 0.697852 0.706914
    outer loop
      vertex -2.0593 10.3528 9.5
      vertex -1.74229 8.88566 11
      vertex -1.20637 8.97414 11
    endloop
  endfacet
  facet normal -0.11535 0.697827 0.706918
    outer loop
      vertex -1.74229 8.88566 11
      vertex -2.0593 10.3528 9.5
      vertex -1.76667 8.88163 11
    endloop
  endfacet
  facet normal -0.115118 0.69787 0.706913
    outer loop
      vertex -1.37779 10.4653 9.5
      vertex -1.20637 8.97414 11
      vertex -1.182 8.97816 11
    endloop
  endfacet
  facet normal -0.115199 0.697859 0.706911
    outer loop
      vertex -1.20637 8.97414 11
      vertex -1.37779 10.4653 9.5
      vertex -2.0593 10.3528 9.5
    endloop
  endfacet
  facet normal -0.069323 0.703898 -0.70691
    outer loop
      vertex -0.690372 10.533 9.5
      vertex -1.17474 8.923 7.94436
      vertex -1.37779 10.4653 9.5
    endloop
  endfacet
  facet normal -0.0693316 0.703899 -0.706908
    outer loop
      vertex -0.690372 10.533 9.5
      vertex -0.588628 8.98073 7.94436
      vertex -1.17474 8.923 7.94436
    endloop
  endfacet
  facet normal -0.0693272 0.703896 0.706911
    outer loop
      vertex -1.37779 10.4653 9.5
      vertex -1.15741 8.98058 11
      vertex -0.616851 9.03382 11
    endloop
  endfacet
  facet normal -0.0692739 0.703903 0.70691
    outer loop
      vertex -1.15741 8.98058 11
      vertex -1.37779 10.4653 9.5
      vertex -1.182 8.97816 11
    endloop
  endfacet
  facet normal -0.069572 0.703879 0.706904
    outer loop
      vertex -0.690372 10.533 9.5
      vertex -0.616851 9.03382 11
      vertex -0.592266 9.03625 11
    endloop
  endfacet
  facet normal -0.069323 0.703898 0.706911
    outer loop
      vertex -0.616851 9.03382 11
      vertex -0.690372 10.533 9.5
      vertex -1.37779 10.4653 9.5
    endloop
  endfacet
  facet normal -0.0231419 0.706926 -0.706908
    outer loop
      vertex 0 10.5556 9.5
      vertex -0.588628 8.98073 7.94436
      vertex -0.690372 10.533 9.5
    endloop
  endfacet
  facet normal -0.0231428 0.706926 -0.706908
    outer loop
      vertex 0 10.5556 9.5
      vertex 0 9 7.94436
      vertex -0.588628 8.98073 7.94436
    endloop
  endfacet
  facet normal -0.0231524 0.706924 0.706911
    outer loop
      vertex -0.690372 10.533 9.5
      vertex -0.567576 9.03705 11
      vertex -0.0246901 9.05483 11
    endloop
  endfacet
  facet normal -0.0229061 0.706938 0.706904
    outer loop
      vertex -0.567576 9.03705 11
      vertex -0.690372 10.533 9.5
      vertex -0.592266 9.03625 11
    endloop
  endfacet
  facet normal -0.0229056 0.706928 0.706914
    outer loop
      vertex 0 10.5556 9.5
      vertex -0.0246901 9.05483 11
      vertex 0 9.05563 11
    endloop
  endfacet
  facet normal -0.0231419 0.706926 0.706908
    outer loop
      vertex -0.0246901 9.05483 11
      vertex 0 10.5556 9.5
      vertex -0.690372 10.533 9.5
    endloop
  endfacet
  facet normal 0.0231419 0.706926 -0.706908
    outer loop
      vertex 0 10.5556 9.5
      vertex 0.690372 10.533 9.5
      vertex 0 9 7.94436
    endloop
  endfacet
  facet normal 0.0231427 0.706926 -0.706908
    outer loop
      vertex 0.690372 10.533 9.5
      vertex 0.588628 8.98073 7.94436
      vertex 0 9 7.94436
    endloop
  endfacet
  facet normal 0.0231525 0.706926 0.706908
    outer loop
      vertex 0 10.5556 9.5
      vertex 0.0246901 9.05483 11
      vertex 0.567576 9.03705 11
    endloop
  endfacet
  facet normal 0.0229056 0.706928 0.706914
    outer loop
      vertex 0.0246901 9.05483 11
      vertex 0 10.5556 9.5
      vertex 0 9.05563 11
    endloop
  endfacet
  facet normal 0.0229061 0.706938 0.706904
    outer loop
      vertex 0.690372 10.533 9.5
      vertex 0.567576 9.03705 11
      vertex 0.592266 9.03625 11
    endloop
  endfacet
  facet normal 0.0231419 0.706925 0.70691
    outer loop
      vertex 0.567576 9.03705 11
      vertex 0.690372 10.533 9.5
      vertex 0 10.5556 9.5
    endloop
  endfacet
  facet normal 0.0693232 0.7039 -0.706909
    outer loop
      vertex 0.690372 10.533 9.5
      vertex 1.37779 10.4653 9.5
      vertex 0.588628 8.98073 7.94436
    endloop
  endfacet
  facet normal 0.0693314 0.703897 -0.70691
    outer loop
      vertex 1.37779 10.4653 9.5
      vertex 1.17474 8.923 7.94436
      vertex 0.588628 8.98073 7.94436
    endloop
  endfacet
  facet normal 0.0693273 0.703897 0.70691
    outer loop
      vertex 0.690372 10.533 9.5
      vertex 0.616851 9.03382 11
      vertex 1.15741 8.98058 11
    endloop
  endfacet
  facet normal 0.069572 0.703879 0.706904
    outer loop
      vertex 0.616851 9.03382 11
      vertex 0.690372 10.533 9.5
      vertex 0.592266 9.03625 11
    endloop
  endfacet
  facet normal 0.0692739 0.703903 0.70691
    outer loop
      vertex 1.37779 10.4653 9.5
      vertex 1.15741 8.98058 11
      vertex 1.182 8.97816 11
    endloop
  endfacet
  facet normal 0.0693229 0.703897 0.706911
    outer loop
      vertex 1.15741 8.98058 11
      vertex 1.37779 10.4653 9.5
      vertex 0.690372 10.533 9.5
    endloop
  endfacet
  facet normal 0.115199 0.697859 -0.706911
    outer loop
      vertex 1.37779 10.4653 9.5
      vertex 2.0593 10.3528 9.5
      vertex 1.17474 8.923 7.94436
    endloop
  endfacet
  facet normal 0.11521 0.697854 -0.706913
    outer loop
      vertex 2.0593 10.3528 9.5
      vertex 1.75581 8.82707 7.94436
      vertex 1.17474 8.923 7.94436
    endloop
  endfacet
  facet normal 0.115216 0.697856 0.70691
    outer loop
      vertex 1.37779 10.4653 9.5
      vertex 1.20637 8.97414 11
      vertex 1.74229 8.88566 11
    endloop
  endfacet
  facet normal 0.115118 0.69787 0.706913
    outer loop
      vertex 1.20637 8.97414 11
      vertex 1.37779 10.4653 9.5
      vertex 1.182 8.97816 11
    endloop
  endfacet
  facet normal 0.11535 0.697827 0.706918
    outer loop
      vertex 2.0593 10.3528 9.5
      vertex 1.74229 8.88566 11
      vertex 1.76667 8.88163 11
    endloop
  endfacet
  facet normal 0.115198 0.697855 0.706914
    outer loop
      vertex 1.74229 8.88566 11
      vertex 2.0593 10.3528 9.5
      vertex 1.37779 10.4653 9.5
    endloop
  endfacet
  facet normal 0.160561 0.688834 -0.706914
    outer loop
      vertex 2.0593 10.3528 9.5
      vertex 2.732 10.196 9.5
      vertex 1.75581 8.82707 7.94436
    endloop
  endfacet
  facet normal 0.160613 0.68881 -0.706926
    outer loop
      vertex 2.732 10.196 9.5
      vertex 2.32937 8.69333 7.94436
      vertex 1.75581 8.82707 7.94436
    endloop
  endfacet
  facet normal 0.160607 0.688822 0.706916
    outer loop
      vertex 2.0593 10.3528 9.5
      vertex 1.79072 8.87602 11
      vertex 2.31971 8.75268 11
    endloop
  endfacet
  facet normal 0.160674 0.688808 0.706914
    outer loop
      vertex 1.79072 8.87602 11
      vertex 2.0593 10.3528 9.5
      vertex 1.76667 8.88163 11
    endloop
  endfacet
  facet normal 0.160608 0.68881 0.706927
    outer loop
      vertex 2.732 10.196 9.5
      vertex 2.31971 8.75268 11
      vertex 2.34377 8.74707 11
    endloop
  endfacet
  facet normal 0.160558 0.688823 0.706926
    outer loop
      vertex 2.31971 8.75268 11
      vertex 2.732 10.196 9.5
      vertex 2.0593 10.3528 9.5
    endloop
  endfacet
  facet normal 0.205351 0.676822 -0.706925
    outer loop
      vertex 2.732 10.196 9.5
      vertex 3.393 9.99545 9.5
      vertex 2.32937 8.69333 7.94436
    endloop
  endfacet
  facet normal 0.205317 0.67684 -0.706917
    outer loop
      vertex 3.393 9.99545 9.5
      vertex 2.89295 8.52237 7.94436
      vertex 2.32937 8.69333 7.94436
    endloop
  endfacet
  facet normal 0.205319 0.67683 0.706926
    outer loop
      vertex 2.732 10.196 9.5
      vertex 2.36741 8.7399 11
      vertex 2.8872 8.58222 11
    endloop
  endfacet
  facet normal 0.205285 0.67684 0.706927
    outer loop
      vertex 2.36741 8.7399 11
      vertex 2.732 10.196 9.5
      vertex 2.34377 8.74707 11
    endloop
  endfacet
  facet normal 0.205288 0.676848 0.706918
    outer loop
      vertex 3.393 9.99545 9.5
      vertex 2.8872 8.58222 11
      vertex 2.91084 8.57505 11
    endloop
  endfacet
  facet normal 0.205352 0.676827 0.70692
    outer loop
      vertex 2.8872 8.58222 11
      vertex 3.393 9.99545 9.5
      vertex 2.732 10.196 9.5
    endloop
  endfacet
  facet normal 0.24915 0.661961 -0.706917
    outer loop
      vertex 3.393 9.99545 9.5
      vertex 4.03947 9.75213 9.5
      vertex 2.89295 8.52237 7.94436
    endloop
  endfacet
  facet normal 0.249139 0.661968 -0.706914
    outer loop
      vertex 4.03947 9.75213 9.5
      vertex 3.44415 8.31492 7.94436
      vertex 2.89295 8.52237 7.94436
    endloop
  endfacet
  facet normal 0.249141 0.661963 0.706918
    outer loop
      vertex 3.393 9.99545 9.5
      vertex 2.93396 8.56635 11
      vertex 3.44232 8.37502 11
    endloop
  endfacet
  facet normal 0.2491 0.661977 0.706919
    outer loop
      vertex 2.93396 8.56635 11
      vertex 3.393 9.99545 9.5
      vertex 2.91084 8.57505 11
    endloop
  endfacet
  facet normal 0.249102 0.661981 0.706915
    outer loop
      vertex 4.03947 9.75213 9.5
      vertex 3.44232 8.37502 11
      vertex 3.46544 8.36632 11
    endloop
  endfacet
  facet normal 0.249151 0.661962 0.706916
    outer loop
      vertex 3.44232 8.37502 11
      vertex 4.03947 9.75213 9.5
      vertex 3.393 9.99545 9.5
    endloop
  endfacet
  facet normal 0.291904 0.644254 -0.706915
    outer loop
      vertex 4.03947 9.75213 9.5
      vertex 4.66864 9.46706 9.5
      vertex 3.44415 8.31492 7.94436
    endloop
  endfacet
  facet normal 0.291914 0.644247 -0.706917
    outer loop
      vertex 4.66864 9.46706 9.5
      vertex 3.9806 8.07185 7.94436
      vertex 3.44415 8.31492 7.94436
    endloop
  endfacet
  facet normal 0.291903 0.644252 0.706917
    outer loop
      vertex 4.03947 9.75213 9.5
      vertex 3.48794 8.35612 11
      vertex 3.9827 8.13195 11
    endloop
  endfacet
  facet normal 0.292036 0.644196 0.706914
    outer loop
      vertex 3.48794 8.35612 11
      vertex 4.03947 9.75213 9.5
      vertex 3.46544 8.36632 11
    endloop
  endfacet
  facet normal 0.291903 0.644252 0.706917
    outer loop
      vertex 3.9827 8.13195 11
      vertex 4.66864 9.46706 9.5
      vertex 4.03947 9.75213 9.5
    endloop
  endfacet
  facet normal 0.292033 0.64419 0.706921
    outer loop
      vertex 4.66864 9.46706 9.5
      vertex 3.9827 8.13195 11
      vertex 4.0052 8.12175 11
    endloop
  endfacet
  facet normal 0.333414 0.623781 -0.706917
    outer loop
      vertex 4.66864 9.46706 9.5
      vertex 5.27782 9.14145 9.5
      vertex 3.9806 8.07185 7.94436
    endloop
  endfacet
  facet normal 0.333413 0.623783 -0.706917
    outer loop
      vertex 5.27782 9.14145 9.5
      vertex 4.5 7.79423 7.94436
      vertex 3.9806 8.07185 7.94436
    endloop
  endfacet
  facet normal 0.333425 0.623776 0.706917
    outer loop
      vertex 4.66864 9.46706 9.5
      vertex 4.02699 8.11011 11
      vertex 4.50603 7.85405 11
    endloop
  endfacet
  facet normal 0.333259 0.623859 0.706921
    outer loop
      vertex 4.02699 8.11011 11
      vertex 4.66864 9.46706 9.5
      vertex 4.0052 8.12175 11
    endloop
  endfacet
  facet normal 0.333413 0.623779 0.706919
    outer loop
      vertex 4.50603 7.85405 11
      vertex 5.27782 9.14145 9.5
      vertex 4.66864 9.46706 9.5
    endloop
  endfacet
  facet normal 0.333262 0.623865 0.706915
    outer loop
      vertex 5.27782 9.14145 9.5
      vertex 4.50603 7.85405 11
      vertex 4.52782 7.84241 11
    endloop
  endfacet
  facet normal 0.373502 0.600638 -0.706917
    outer loop
      vertex 5.27782 9.14145 9.5
      vertex 5.8644 8.77669 9.5
      vertex 4.5 7.79423 7.94436
    endloop
  endfacet
  facet normal 0.3735 0.600639 -0.706916
    outer loop
      vertex 5.8644 8.77669 9.5
      vertex 5.00013 7.48323 7.94436
      vertex 4.5 7.79423 7.94436
    endloop
  endfacet
  facet normal 0.3735 0.600636 0.706919
    outer loop
      vertex 5.27782 9.14145 9.5
      vertex 4.5488 7.82936 11
      vertex 5.01006 7.54253 11
    endloop
  endfacet
  facet normal 0.373579 0.60059 0.706916
    outer loop
      vertex 4.5488 7.82936 11
      vertex 5.27782 9.14145 9.5
      vertex 4.52782 7.84241 11
    endloop
  endfacet
  facet normal 0.373501 0.600636 0.706918
    outer loop
      vertex 5.01006 7.54253 11
      vertex 5.8644 8.77669 9.5
      vertex 5.27782 9.14145 9.5
    endloop
  endfacet
  facet normal 0.373577 0.600586 0.706921
    outer loop
      vertex 5.8644 8.77669 9.5
      vertex 5.01006 7.54253 11
      vertex 5.03104 7.52948 11
    endloop
  endfacet
  facet normal 0.411987 0.574922 -0.706916
    outer loop
      vertex 5.8644 8.77669 9.5
      vertex 6.42586 8.37435 9.5
      vertex 5.00013 7.48323 7.94436
    endloop
  endfacet
  facet normal 0.411988 0.574922 -0.706917
    outer loop
      vertex 6.42586 8.37435 9.5
      vertex 5.47885 7.14018 7.94436
      vertex 5.00013 7.48323 7.94436
    endloop
  endfacet
  facet normal 0.411985 0.574923 0.706917
    outer loop
      vertex 5.8644 8.77669 9.5
      vertex 5.05112 7.5151 11
      vertex 5.49264 7.19871 11
    endloop
  endfacet
  facet normal 0.411809 0.575043 0.706923
    outer loop
      vertex 5.05112 7.5151 11
      vertex 5.8644 8.77669 9.5
      vertex 5.03104 7.52948 11
    endloop
  endfacet
  facet normal 0.411987 0.574922 0.706917
    outer loop
      vertex 5.49264 7.19871 11
      vertex 6.42586 8.37435 9.5
      vertex 5.8644 8.77669 9.5
    endloop
  endfacet
  facet normal 0.412001 0.574911 0.706917
    outer loop
      vertex 6.42586 8.37435 9.5
      vertex 5.49264 7.19871 11
      vertex 5.51272 7.18432 11
    endloop
  endfacet
  facet normal 0.448704 0.546749 -0.706917
    outer loop
      vertex 6.42586 8.37435 9.5
      vertex 6.95981 7.93615 9.5
      vertex 5.47885 7.14018 7.94436
    endloop
  endfacet
  facet normal 0.448703 0.546749 -0.706916
    outer loop
      vertex 6.95981 7.93615 9.5
      vertex 5.93411 6.76656 7.94436
      vertex 5.47885 7.14018 7.94436
    endloop
  endfacet
  facet normal 0.448707 0.546746 0.706916
    outer loop
      vertex 6.42586 8.37435 9.5
      vertex 5.53182 7.16865 11
      vertex 5.9517 6.82406 11
    endloop
  endfacet
  facet normal 0.448618 0.546816 0.706919
    outer loop
      vertex 5.53182 7.16865 11
      vertex 6.42586 8.37435 9.5
      vertex 5.51272 7.18432 11
    endloop
  endfacet
  facet normal 0.448703 0.546748 0.706917
    outer loop
      vertex 5.9517 6.82406 11
      vertex 6.95981 7.93615 9.5
      vertex 6.42586 8.37435 9.5
    endloop
  endfacet
  facet normal 0.448758 0.546701 0.706919
    outer loop
      vertex 6.95981 7.93615 9.5
      vertex 5.9517 6.82406 11
      vertex 5.97079 6.80839 11
    endloop
  endfacet
  facet normal 0.483504 0.51623 -0.706916
    outer loop
      vertex 6.95981 7.93615 9.5
      vertex 7.46396 7.46396 9.5
      vertex 5.93411 6.76656 7.94436
    endloop
  endfacet
  facet normal 0.483504 0.51623 -0.706916
    outer loop
      vertex 7.46396 7.46396 9.5
      vertex 6.36396 6.36396 7.94436
      vertex 5.93411 6.76656 7.94436
    endloop
  endfacet
  facet normal 0.483497 0.516233 0.706918
    outer loop
      vertex 6.95981 7.93615 9.5
      vertex 5.98882 6.7915 11
      vertex 6.38527 6.42019 11
    endloop
  endfacet
  facet normal 0.483549 0.516187 0.706917
    outer loop
      vertex 5.98882 6.7915 11
      vertex 6.95981 7.93615 9.5
      vertex 5.97079 6.80839 11
    endloop
  endfacet
  facet normal 0.483504 0.516229 0.706917
    outer loop
      vertex 6.38527 6.42019 11
      vertex 7.46396 7.46396 9.5
      vertex 6.95981 7.93615 9.5
    endloop
  endfacet
  facet normal 0.483548 0.516186 0.706918
    outer loop
      vertex 7.46396 7.46396 9.5
      vertex 6.38527 6.42019 11
      vertex 6.4033 6.4033 11
    endloop
  endfacet
  facet normal 0.51623 0.483504 -0.706916
    outer loop
      vertex 7.46396 7.46396 9.5
      vertex 7.93615 6.95981 9.5
      vertex 6.36396 6.36396 7.94436
    endloop
  endfacet
  facet normal 0.51623 0.483504 -0.706916
    outer loop
      vertex 7.93615 6.95981 9.5
      vertex 6.76656 5.93411 7.94436
      vertex 6.36396 6.36396 7.94436
    endloop
  endfacet
  facet normal 0.516234 0.483499 0.706917
    outer loop
      vertex 7.46396 7.46396 9.5
      vertex 6.42019 6.38527 11
      vertex 6.7915 5.98882 11
    endloop
  endfacet
  facet normal 0.516186 0.483548 0.706918
    outer loop
      vertex 6.42019 6.38527 11
      vertex 7.46396 7.46396 9.5
      vertex 6.4033 6.4033 11
    endloop
  endfacet
  facet normal 0.516228 0.483503 0.706918
    outer loop
      vertex 6.7915 5.98882 11
      vertex 7.93615 6.95981 9.5
      vertex 7.46396 7.46396 9.5
    endloop
  endfacet
  facet normal 0.516187 0.483549 0.706917
    outer loop
      vertex 7.93615 6.95981 9.5
      vertex 6.7915 5.98882 11
      vertex 6.80839 5.97079 11
    endloop
  endfacet
  facet normal 0.546749 0.448704 -0.706916
    outer loop
      vertex 7.93615 6.95981 9.5
      vertex 8.37435 6.42586 9.5
      vertex 6.76656 5.93411 7.94436
    endloop
  endfacet
  facet normal 0.546749 0.448703 -0.706917
    outer loop
      vertex 8.37435 6.42586 9.5
      vertex 7.14018 5.47885 7.94436
      vertex 6.76656 5.93411 7.94436
    endloop
  endfacet
  facet normal 0.546745 0.448707 0.706917
    outer loop
      vertex 7.93615 6.95981 9.5
      vertex 6.82406 5.9517 11
      vertex 7.16865 5.53182 11
    endloop
  endfacet
  facet normal 0.546701 0.448758 0.706919
    outer loop
      vertex 6.82406 5.9517 11
      vertex 7.93615 6.95981 9.5
      vertex 6.80839 5.97079 11
    endloop
  endfacet
  facet normal 0.546749 0.448704 0.706916
    outer loop
      vertex 7.16865 5.53182 11
      vertex 8.37435 6.42586 9.5
      vertex 7.93615 6.95981 9.5
    endloop
  endfacet
  facet normal 0.546816 0.448618 0.706919
    outer loop
      vertex 8.37435 6.42586 9.5
      vertex 7.16865 5.53182 11
      vertex 7.18432 5.51272 11
    endloop
  endfacet
  facet normal 0.574922 0.411987 -0.706917
    outer loop
      vertex 8.37435 6.42586 9.5
      vertex 8.77669 5.8644 9.5
      vertex 7.14018 5.47885 7.94436
    endloop
  endfacet
  facet normal 0.574922 0.411988 -0.706916
    outer loop
      vertex 8.77669 5.8644 9.5
      vertex 7.48323 5.00013 7.94436
      vertex 7.14018 5.47885 7.94436
    endloop
  endfacet
  facet normal 0.574923 0.411986 0.706917
    outer loop
      vertex 8.37435 6.42586 9.5
      vertex 7.19871 5.49264 11
      vertex 7.5151 5.05112 11
    endloop
  endfacet
  facet normal 0.574911 0.412001 0.706917
    outer loop
      vertex 7.19871 5.49264 11
      vertex 8.37435 6.42586 9.5
      vertex 7.18432 5.51272 11
    endloop
  endfacet
  facet normal 0.574922 0.411987 0.706917
    outer loop
      vertex 7.5151 5.05112 11
      vertex 8.77669 5.8644 9.5
      vertex 8.37435 6.42586 9.5
    endloop
  endfacet
  facet normal 0.575043 0.411809 0.706923
    outer loop
      vertex 8.77669 5.8644 9.5
      vertex 7.5151 5.05112 11
      vertex 7.52948 5.03104 11
    endloop
  endfacet
  facet normal 0.600638 0.373502 -0.706916
    outer loop
      vertex 8.77669 5.8644 9.5
      vertex 9.14145 5.27782 9.5
      vertex 7.48323 5.00013 7.94436
    endloop
  endfacet
  facet normal 0.600638 0.3735 -0.706917
    outer loop
      vertex 9.14145 5.27782 9.5
      vertex 7.79423 4.5 7.94436
      vertex 7.48323 5.00013 7.94436
    endloop
  endfacet
  facet normal 0.600637 0.3735 0.706918
    outer loop
      vertex 8.77669 5.8644 9.5
      vertex 7.54253 5.01006 11
      vertex 7.82936 4.5488 11
    endloop
  endfacet
  facet normal 0.600586 0.373577 0.706921
    outer loop
      vertex 7.54253 5.01006 11
      vertex 8.77669 5.8644 9.5
      vertex 7.52948 5.03104 11
    endloop
  endfacet
  facet normal 0.600636 0.373501 0.706919
    outer loop
      vertex 7.82936 4.5488 11
      vertex 9.14145 5.27782 9.5
      vertex 8.77669 5.8644 9.5
    endloop
  endfacet
  facet normal 0.60059 0.373579 0.706916
    outer loop
      vertex 9.14145 5.27782 9.5
      vertex 7.82936 4.5488 11
      vertex 7.84241 4.52782 11
    endloop
  endfacet
  facet normal 0.623782 0.333415 -0.706917
    outer loop
      vertex 9.14145 5.27782 9.5
      vertex 9.46706 4.66864 9.5
      vertex 7.79423 4.5 7.94436
    endloop
  endfacet
  facet normal 0.623782 0.333412 -0.706917
    outer loop
      vertex 9.46706 4.66864 9.5
      vertex 8.07185 3.9806 7.94436
      vertex 7.79423 4.5 7.94436
    endloop
  endfacet
  facet normal 0.623773 0.333424 0.706919
    outer loop
      vertex 9.14145 5.27782 9.5
      vertex 7.85405 4.50603 11
      vertex 8.11011 4.02699 11
    endloop
  endfacet
  facet normal 0.623865 0.333262 0.706915
    outer loop
      vertex 7.85405 4.50603 11
      vertex 9.14145 5.27782 9.5
      vertex 7.84241 4.52782 11
    endloop
  endfacet
  facet normal 0.623781 0.333414 0.706917
    outer loop
      vertex 8.11011 4.02699 11
      vertex 9.46706 4.66864 9.5
      vertex 9.14145 5.27782 9.5
    endloop
  endfacet
  facet normal 0.623859 0.333259 0.706921
    outer loop
      vertex 9.46706 4.66864 9.5
      vertex 8.11011 4.02699 11
      vertex 8.12175 4.0052 11
    endloop
  endfacet
  facet normal 0.644252 0.291904 -0.706917
    outer loop
      vertex 9.46706 4.66864 9.5
      vertex 9.75213 4.03947 9.5
      vertex 8.07185 3.9806 7.94436
    endloop
  endfacet
  facet normal 0.64425 0.291915 -0.706915
    outer loop
      vertex 9.75213 4.03947 9.5
      vertex 8.31492 3.44415 7.94436
      vertex 8.07185 3.9806 7.94436
    endloop
  endfacet
  facet normal 0.644252 0.291903 0.706917
    outer loop
      vertex 9.46706 4.66864 9.5
      vertex 8.13195 3.9827 11
      vertex 8.35612 3.48794 11
    endloop
  endfacet
  facet normal 0.64419 0.292033 0.706921
    outer loop
      vertex 8.13195 3.9827 11
      vertex 9.46706 4.66864 9.5
      vertex 8.12175 4.0052 11
    endloop
  endfacet
  facet normal 0.644252 0.291903 0.706917
    outer loop
      vertex 8.35612 3.48794 11
      vertex 9.75213 4.03947 9.5
      vertex 9.46706 4.66864 9.5
    endloop
  endfacet
  facet normal 0.644196 0.292036 0.706914
    outer loop
      vertex 9.75213 4.03947 9.5
      vertex 8.35612 3.48794 11
      vertex 8.36632 3.46544 11
    endloop
  endfacet
  facet normal 0.661963 0.249151 -0.706915
    outer loop
      vertex 9.75213 4.03947 9.5
      vertex 9.99545 3.393 9.5
      vertex 8.31492 3.44415 7.94436
    endloop
  endfacet
  facet normal 0.661965 0.249138 -0.706918
    outer loop
      vertex 9.99545 3.393 9.5
      vertex 8.52237 2.89295 7.94436
      vertex 8.31492 3.44415 7.94436
    endloop
  endfacet
  facet normal 0.661965 0.249142 0.706916
    outer loop
      vertex 9.75213 4.03947 9.5
      vertex 8.37502 3.44232 11
      vertex 8.56635 2.93396 11
    endloop
  endfacet
  facet normal 0.661981 0.249102 0.706915
    outer loop
      vertex 8.37502 3.44232 11
      vertex 9.75213 4.03947 9.5
      vertex 8.36632 3.46544 11
    endloop
  endfacet
  facet normal 0.66196 0.24915 0.706918
    outer loop
      vertex 8.56635 2.93396 11
      vertex 9.99545 3.393 9.5
      vertex 9.75213 4.03947 9.5
    endloop
  endfacet
  facet normal 0.661977 0.2491 0.706919
    outer loop
      vertex 9.99545 3.393 9.5
      vertex 8.56635 2.93396 11
      vertex 8.57505 2.91084 11
    endloop
  endfacet
  facet normal 0.676829 0.205353 -0.706918
    outer loop
      vertex 9.99545 3.393 9.5
      vertex 10.196 2.732 9.5
      vertex 8.52237 2.89295 7.94436
    endloop
  endfacet
  facet normal 0.676832 0.205315 -0.706926
    outer loop
      vertex 10.196 2.732 9.5
      vertex 8.69333 2.32937 7.94436
      vertex 8.52237 2.89295 7.94436
    endloop
  endfacet
  facet normal 0.676837 0.205321 0.706919
    outer loop
      vertex 9.99545 3.393 9.5
      vertex 8.58222 2.8872 11
      vertex 8.7399 2.36741 11
    endloop
  endfacet
  facet normal 0.676848 0.205288 0.706918
    outer loop
      vertex 8.58222 2.8872 11
      vertex 9.99545 3.393 9.5
      vertex 8.57505 2.91084 11
    endloop
  endfacet
  facet normal 0.676822 0.20535 0.706926
    outer loop
      vertex 8.7399 2.36741 11
      vertex 10.196 2.732 9.5
      vertex 9.99545 3.393 9.5
    endloop
  endfacet
  facet normal 0.67684 0.205285 0.706927
    outer loop
      vertex 10.196 2.732 9.5
      vertex 8.7399 2.36741 11
      vertex 8.74707 2.34377 11
    endloop
  endfacet
  facet normal 0.688824 0.160558 -0.706925
    outer loop
      vertex 10.196 2.732 9.5
      vertex 10.3528 2.0593 9.5
      vertex 8.69333 2.32937 7.94436
    endloop
  endfacet
  facet normal 0.688822 0.160616 -0.706913
    outer loop
      vertex 10.3528 2.0593 9.5
      vertex 8.82707 1.75581 7.94436
      vertex 8.69333 2.32937 7.94436
    endloop
  endfacet
  facet normal 0.688811 0.160604 0.706927
    outer loop
      vertex 10.196 2.732 9.5
      vertex 8.75268 2.31971 11
      vertex 8.87602 1.79072 11
    endloop
  endfacet
  facet normal 0.68881 0.160608 0.706927
    outer loop
      vertex 8.75268 2.31971 11
      vertex 10.196 2.732 9.5
      vertex 8.74707 2.34377 11
    endloop
  endfacet
  facet normal 0.688831 0.16056 0.706917
    outer loop
      vertex 8.87602 1.79072 11
      vertex 10.3528 2.0593 9.5
      vertex 10.196 2.732 9.5
    endloop
  endfacet
  facet normal 0.688808 0.160674 0.706914
    outer loop
      vertex 10.3528 2.0593 9.5
      vertex 8.87602 1.79072 11
      vertex 8.88163 1.76667 11
    endloop
  endfacet
  facet normal 0.697856 0.115198 -0.706913
    outer loop
      vertex 10.3528 2.0593 9.5
      vertex 10.4653 1.37779 9.5
      vertex 8.82707 1.75581 7.94436
    endloop
  endfacet
  facet normal 0.697857 0.115211 -0.70691
    outer loop
      vertex 10.4653 1.37779 9.5
      vertex 8.923 1.17474 7.94436
      vertex 8.82707 1.75581 7.94436
    endloop
  endfacet
  facet normal 0.697852 0.115215 0.706914
    outer loop
      vertex 10.3528 2.0593 9.5
      vertex 8.88566 1.74229 11
      vertex 8.97414 1.20637 11
    endloop
  endfacet
  facet normal 0.697827 0.11535 0.706918
    outer loop
      vertex 8.88566 1.74229 11
      vertex 10.3528 2.0593 9.5
      vertex 8.88163 1.76667 11
    endloop
  endfacet
  facet normal 0.697859 0.115199 0.706911
    outer loop
      vertex 8.97414 1.20637 11
      vertex 10.4653 1.37779 9.5
      vertex 10.3528 2.0593 9.5
    endloop
  endfacet
  facet normal 0.69787 0.115118 0.706913
    outer loop
      vertex 10.4653 1.37779 9.5
      vertex 8.97414 1.20637 11
      vertex 8.97816 1.182 11
    endloop
  endfacet
  facet normal 0.703898 0.069323 -0.70691
    outer loop
      vertex 10.4653 1.37779 9.5
      vertex 10.533 0.690372 9.5
      vertex 8.923 1.17474 7.94436
    endloop
  endfacet
  facet normal 0.703899 0.0693316 -0.706908
    outer loop
      vertex 10.533 0.690372 9.5
      vertex 8.98073 0.588628 7.94436
      vertex 8.923 1.17474 7.94436
    endloop
  endfacet
  facet normal 0.703896 0.0693272 0.706911
    outer loop
      vertex 10.4653 1.37779 9.5
      vertex 8.98058 1.15741 11
      vertex 9.03382 0.616851 11
    endloop
  endfacet
  facet normal 0.703903 0.0692739 0.70691
    outer loop
      vertex 8.98058 1.15741 11
      vertex 10.4653 1.37779 9.5
      vertex 8.97816 1.182 11
    endloop
  endfacet
  facet normal 0.703898 0.069323 0.706911
    outer loop
      vertex 9.03382 0.616851 11
      vertex 10.533 0.690372 9.5
      vertex 10.4653 1.37779 9.5
    endloop
  endfacet
  facet normal 0.703879 0.069572 0.706904
    outer loop
      vertex 10.533 0.690372 9.5
      vertex 9.03382 0.616851 11
      vertex 9.03625 0.592266 11
    endloop
  endfacet
  facet normal 0.706926 0.0231419 -0.706908
    outer loop
      vertex 10.533 0.690372 9.5
      vertex 10.5556 0 9.5
      vertex 8.98073 0.588628 7.94436
    endloop
  endfacet
  facet normal 0.706926 0.0231428 -0.706908
    outer loop
      vertex 10.5556 0 9.5
      vertex 9 0 7.94436
      vertex 8.98073 0.588628 7.94436
    endloop
  endfacet
  facet normal 0.706938 0.0229061 0.706904
    outer loop
      vertex 9.03705 0.567576 11
      vertex 10.533 0.690372 9.5
      vertex 9.03625 0.592266 11
    endloop
  endfacet
  facet normal 0.706924 0.0231524 0.706911
    outer loop
      vertex 10.533 0.690372 9.5
      vertex 9.03705 0.567576 11
      vertex 9.05483 0.0246901 11
    endloop
  endfacet
  facet normal 0.706928 0.0229056 0.706914
    outer loop
      vertex 10.5556 0 9.5
      vertex 9.05483 0.0246901 11
      vertex 9.05563 0 11
    endloop
  endfacet
  facet normal 0.706926 0.0231419 0.706908
    outer loop
      vertex 9.05483 0.0246901 11
      vertex 10.5556 0 9.5
      vertex 10.533 0.690372 9.5
    endloop
  endfacet
  facet normal 0.706926 -0.0231419 -0.706908
    outer loop
      vertex 10.5556 0 9.5
      vertex 10.533 -0.690372 9.5
      vertex 9 0 7.94436
    endloop
  endfacet
  facet normal 0.706926 -0.0231427 -0.706908
    outer loop
      vertex 9 0 7.94436
      vertex 10.533 -0.690372 9.5
      vertex 8.98073 -0.588628 7.94436
    endloop
  endfacet
  facet normal 0.706928 -0.0229056 0.706914
    outer loop
      vertex 9.05483 -0.0246901 11
      vertex 10.5556 0 9.5
      vertex 9.05563 0 11
    endloop
  endfacet
  facet normal 0.706926 -0.0231525 0.706908
    outer loop
      vertex 10.5556 0 9.5
      vertex 9.05483 -0.0246901 11
      vertex 9.03705 -0.567576 11
    endloop
  endfacet
  facet normal 0.706938 -0.0229061 0.706904
    outer loop
      vertex 10.533 -0.690372 9.5
      vertex 9.03705 -0.567576 11
      vertex 9.03625 -0.592266 11
    endloop
  endfacet
  facet normal 0.706925 -0.0231419 0.70691
    outer loop
      vertex 9.03705 -0.567576 11
      vertex 10.533 -0.690372 9.5
      vertex 10.5556 0 9.5
    endloop
  endfacet
  facet normal 0.7039 -0.0693232 -0.706909
    outer loop
      vertex 10.533 -0.690372 9.5
      vertex 10.4653 -1.37779 9.5
      vertex 8.98073 -0.588628 7.94436
    endloop
  endfacet
  facet normal 0.703897 -0.0693314 -0.70691
    outer loop
      vertex 8.98073 -0.588628 7.94436
      vertex 10.4653 -1.37779 9.5
      vertex 8.923 -1.17474 7.94436
    endloop
  endfacet
  facet normal 0.703879 -0.069572 0.706904
    outer loop
      vertex 9.03382 -0.616851 11
      vertex 10.533 -0.690372 9.5
      vertex 9.03625 -0.592266 11
    endloop
  endfacet
  facet normal 0.703897 -0.0693273 0.70691
    outer loop
      vertex 10.533 -0.690372 9.5
      vertex 9.03382 -0.616851 11
      vertex 8.98058 -1.15741 11
    endloop
  endfacet
  facet normal 0.703897 -0.0693229 0.706911
    outer loop
      vertex 8.98058 -1.15741 11
      vertex 10.4653 -1.37779 9.5
      vertex 10.533 -0.690372 9.5
    endloop
  endfacet
  facet normal 0.703903 -0.0692739 0.70691
    outer loop
      vertex 10.4653 -1.37779 9.5
      vertex 8.98058 -1.15741 11
      vertex 8.97816 -1.182 11
    endloop
  endfacet
  facet normal 0.697859 -0.115199 -0.706911
    outer loop
      vertex 10.4653 -1.37779 9.5
      vertex 10.3528 -2.0593 9.5
      vertex 8.923 -1.17474 7.94436
    endloop
  endfacet
  facet normal 0.697854 -0.11521 -0.706913
    outer loop
      vertex 8.923 -1.17474 7.94436
      vertex 10.3528 -2.0593 9.5
      vertex 8.82707 -1.75581 7.94436
    endloop
  endfacet
  facet normal 0.69787 -0.115118 0.706913
    outer loop
      vertex 8.97414 -1.20637 11
      vertex 10.4653 -1.37779 9.5
      vertex 8.97816 -1.182 11
    endloop
  endfacet
  facet normal 0.697856 -0.115216 0.70691
    outer loop
      vertex 10.4653 -1.37779 9.5
      vertex 8.97414 -1.20637 11
      vertex 8.88566 -1.74229 11
    endloop
  endfacet
  facet normal 0.697855 -0.115198 0.706914
    outer loop
      vertex 8.88566 -1.74229 11
      vertex 10.3528 -2.0593 9.5
      vertex 10.4653 -1.37779 9.5
    endloop
  endfacet
  facet normal 0.697827 -0.11535 0.706918
    outer loop
      vertex 10.3528 -2.0593 9.5
      vertex 8.88566 -1.74229 11
      vertex 8.88163 -1.76667 11
    endloop
  endfacet
  facet normal 0.688834 -0.160561 -0.706914
    outer loop
      vertex 10.3528 -2.0593 9.5
      vertex 10.196 -2.732 9.5
      vertex 8.82707 -1.75581 7.94436
    endloop
  endfacet
  facet normal 0.68881 -0.160613 -0.706926
    outer loop
      vertex 8.82707 -1.75581 7.94436
      vertex 10.196 -2.732 9.5
      vertex 8.69333 -2.32937 7.94436
    endloop
  endfacet
  facet normal 0.688808 -0.160674 0.706914
    outer loop
      vertex 8.87602 -1.79072 11
      vertex 10.3528 -2.0593 9.5
      vertex 8.88163 -1.76667 11
    endloop
  endfacet
  facet normal 0.688822 -0.160607 0.706916
    outer loop
      vertex 10.3528 -2.0593 9.5
      vertex 8.87602 -1.79072 11
      vertex 8.75268 -2.31971 11
    endloop
  endfacet
  facet normal 0.688823 -0.160558 0.706926
    outer loop
      vertex 8.75268 -2.31971 11
      vertex 10.196 -2.732 9.5
      vertex 10.3528 -2.0593 9.5
    endloop
  endfacet
  facet normal 0.68881 -0.160608 0.706927
    outer loop
      vertex 10.196 -2.732 9.5
      vertex 8.75268 -2.31971 11
      vertex 8.74707 -2.34377 11
    endloop
  endfacet
  facet normal 0.676822 -0.205351 -0.706925
    outer loop
      vertex 10.196 -2.732 9.5
      vertex 9.99545 -3.393 9.5
      vertex 8.69333 -2.32937 7.94436
    endloop
  endfacet
  facet normal 0.67684 -0.205317 -0.706917
    outer loop
      vertex 8.69333 -2.32937 7.94436
      vertex 9.99545 -3.393 9.5
      vertex 8.52237 -2.89295 7.94436
    endloop
  endfacet
  facet normal 0.67684 -0.205285 0.706927
    outer loop
      vertex 8.7399 -2.36741 11
      vertex 10.196 -2.732 9.5
      vertex 8.74707 -2.34377 11
    endloop
  endfacet
  facet normal 0.67683 -0.205319 0.706926
    outer loop
      vertex 10.196 -2.732 9.5
      vertex 8.7399 -2.36741 11
      vertex 8.58222 -2.8872 11
    endloop
  endfacet
  facet normal 0.676827 -0.205352 0.70692
    outer loop
      vertex 8.58222 -2.8872 11
      vertex 9.99545 -3.393 9.5
      vertex 10.196 -2.732 9.5
    endloop
  endfacet
  facet normal 0.676848 -0.205288 0.706918
    outer loop
      vertex 9.99545 -3.393 9.5
      vertex 8.58222 -2.8872 11
      vertex 8.57505 -2.91084 11
    endloop
  endfacet
  facet normal 0.661961 -0.24915 -0.706917
    outer loop
      vertex 9.99545 -3.393 9.5
      vertex 9.75213 -4.03947 9.5
      vertex 8.52237 -2.89295 7.94436
    endloop
  endfacet
  facet normal 0.661968 -0.249139 -0.706914
    outer loop
      vertex 8.52237 -2.89295 7.94436
      vertex 9.75213 -4.03947 9.5
      vertex 8.31492 -3.44415 7.94436
    endloop
  endfacet
  facet normal 0.661977 -0.2491 0.706919
    outer loop
      vertex 8.56635 -2.93396 11
      vertex 9.99545 -3.393 9.5
      vertex 8.57505 -2.91084 11
    endloop
  endfacet
  facet normal 0.661963 -0.249141 0.706918
    outer loop
      vertex 9.99545 -3.393 9.5
      vertex 8.56635 -2.93396 11
      vertex 8.37502 -3.44232 11
    endloop
  endfacet
  facet normal 0.661962 -0.249151 0.706916
    outer loop
      vertex 8.37502 -3.44232 11
      vertex 9.75213 -4.03947 9.5
      vertex 9.99545 -3.393 9.5
    endloop
  endfacet
  facet normal 0.661981 -0.249102 0.706915
    outer loop
      vertex 9.75213 -4.03947 9.5
      vertex 8.37502 -3.44232 11
      vertex 8.36632 -3.46544 11
    endloop
  endfacet
  facet normal 0.644254 -0.291904 -0.706915
    outer loop
      vertex 9.75213 -4.03947 9.5
      vertex 9.46706 -4.66864 9.5
      vertex 8.31492 -3.44415 7.94436
    endloop
  endfacet
  facet normal 0.644247 -0.291914 -0.706917
    outer loop
      vertex 8.31492 -3.44415 7.94436
      vertex 9.46706 -4.66864 9.5
      vertex 8.07185 -3.9806 7.94436
    endloop
  endfacet
  facet normal 0.644196 -0.292036 0.706914
    outer loop
      vertex 8.35612 -3.48794 11
      vertex 9.75213 -4.03947 9.5
      vertex 8.36632 -3.46544 11
    endloop
  endfacet
  facet normal 0.644252 -0.291903 0.706917
    outer loop
      vertex 9.75213 -4.03947 9.5
      vertex 8.35612 -3.48794 11
      vertex 8.13195 -3.9827 11
    endloop
  endfacet
  facet normal 0.644252 -0.291903 0.706917
    outer loop
      vertex 8.13195 -3.9827 11
      vertex 9.46706 -4.66864 9.5
      vertex 9.75213 -4.03947 9.5
    endloop
  endfacet
  facet normal 0.64419 -0.292033 0.706921
    outer loop
      vertex 9.46706 -4.66864 9.5
      vertex 8.13195 -3.9827 11
      vertex 8.12175 -4.0052 11
    endloop
  endfacet
  facet normal 0.623781 -0.333414 -0.706917
    outer loop
      vertex 9.46706 -4.66864 9.5
      vertex 9.14145 -5.27782 9.5
      vertex 8.07185 -3.9806 7.94436
    endloop
  endfacet
  facet normal 0.623783 -0.333413 -0.706917
    outer loop
      vertex 8.07185 -3.9806 7.94436
      vertex 9.14145 -5.27782 9.5
      vertex 7.79423 -4.5 7.94436
    endloop
  endfacet
  facet normal 0.623859 -0.333259 0.706921
    outer loop
      vertex 8.11011 -4.02699 11
      vertex 9.46706 -4.66864 9.5
      vertex 8.12175 -4.0052 11
    endloop
  endfacet
  facet normal 0.623776 -0.333425 0.706917
    outer loop
      vertex 9.46706 -4.66864 9.5
      vertex 8.11011 -4.02699 11
      vertex 7.85405 -4.50603 11
    endloop
  endfacet
  facet normal 0.623779 -0.333413 0.706919
    outer loop
      vertex 7.85405 -4.50603 11
      vertex 9.14145 -5.27782 9.5
      vertex 9.46706 -4.66864 9.5
    endloop
  endfacet
  facet normal 0.623865 -0.333262 0.706915
    outer loop
      vertex 9.14145 -5.27782 9.5
      vertex 7.85405 -4.50603 11
      vertex 7.84241 -4.52782 11
    endloop
  endfacet
  facet normal 0.600638 -0.373502 -0.706917
    outer loop
      vertex 9.14145 -5.27782 9.5
      vertex 8.77669 -5.8644 9.5
      vertex 7.79423 -4.5 7.94436
    endloop
  endfacet
  facet normal 0.600639 -0.3735 -0.706916
    outer loop
      vertex 7.79423 -4.5 7.94436
      vertex 8.77669 -5.8644 9.5
      vertex 7.48323 -5.00013 7.94436
    endloop
  endfacet
  facet normal 0.60059 -0.373579 0.706916
    outer loop
      vertex 7.82936 -4.5488 11
      vertex 9.14145 -5.27782 9.5
      vertex 7.84241 -4.52782 11
    endloop
  endfacet
  facet normal 0.600636 -0.3735 0.706919
    outer loop
      vertex 9.14145 -5.27782 9.5
      vertex 7.82936 -4.5488 11
      vertex 7.54253 -5.01006 11
    endloop
  endfacet
  facet normal 0.600636 -0.373501 0.706918
    outer loop
      vertex 7.54253 -5.01006 11
      vertex 8.77669 -5.8644 9.5
      vertex 9.14145 -5.27782 9.5
    endloop
  endfacet
  facet normal 0.600586 -0.373577 0.706921
    outer loop
      vertex 8.77669 -5.8644 9.5
      vertex 7.54253 -5.01006 11
      vertex 7.52948 -5.03104 11
    endloop
  endfacet
  facet normal 0.574922 -0.411987 -0.706916
    outer loop
      vertex 8.77669 -5.8644 9.5
      vertex 8.37435 -6.42586 9.5
      vertex 7.48323 -5.00013 7.94436
    endloop
  endfacet
  facet normal 0.574922 -0.411988 -0.706917
    outer loop
      vertex 7.48323 -5.00013 7.94436
      vertex 8.37435 -6.42586 9.5
      vertex 7.14018 -5.47885 7.94436
    endloop
  endfacet
  facet normal 0.575043 -0.411809 0.706923
    outer loop
      vertex 7.5151 -5.05112 11
      vertex 8.77669 -5.8644 9.5
      vertex 7.52948 -5.03104 11
    endloop
  endfacet
  facet normal 0.574923 -0.411985 0.706917
    outer loop
      vertex 8.77669 -5.8644 9.5
      vertex 7.5151 -5.05112 11
      vertex 7.19871 -5.49264 11
    endloop
  endfacet
  facet normal 0.574922 -0.411987 0.706917
    outer loop
      vertex 7.19871 -5.49264 11
      vertex 8.37435 -6.42586 9.5
      vertex 8.77669 -5.8644 9.5
    endloop
  endfacet
  facet normal 0.574911 -0.412001 0.706917
    outer loop
      vertex 8.37435 -6.42586 9.5
      vertex 7.19871 -5.49264 11
      vertex 7.18432 -5.51272 11
    endloop
  endfacet
  facet normal 0.546749 -0.448704 -0.706917
    outer loop
      vertex 8.37435 -6.42586 9.5
      vertex 7.93615 -6.95981 9.5
      vertex 7.14018 -5.47885 7.94436
    endloop
  endfacet
  facet normal 0.546749 -0.448703 -0.706916
    outer loop
      vertex 7.14018 -5.47885 7.94436
      vertex 7.93615 -6.95981 9.5
      vertex 6.76656 -5.93411 7.94436
    endloop
  endfacet
  facet normal 0.546816 -0.448618 0.706919
    outer loop
      vertex 7.16865 -5.53182 11
      vertex 8.37435 -6.42586 9.5
      vertex 7.18432 -5.51272 11
    endloop
  endfacet
  facet normal 0.546746 -0.448707 0.706916
    outer loop
      vertex 8.37435 -6.42586 9.5
      vertex 7.16865 -5.53182 11
      vertex 6.82406 -5.9517 11
    endloop
  endfacet
  facet normal 0.546748 -0.448703 0.706917
    outer loop
      vertex 6.82406 -5.9517 11
      vertex 7.93615 -6.95981 9.5
      vertex 8.37435 -6.42586 9.5
    endloop
  endfacet
  facet normal 0.546701 -0.448758 0.706919
    outer loop
      vertex 7.93615 -6.95981 9.5
      vertex 6.82406 -5.9517 11
      vertex 6.80839 -5.97079 11
    endloop
  endfacet
  facet normal 0.51623 -0.483504 -0.706916
    outer loop
      vertex 7.93615 -6.95981 9.5
      vertex 7.46396 -7.46396 9.5
      vertex 6.76656 -5.93411 7.94436
    endloop
  endfacet
  facet normal 0.51623 -0.483504 -0.706916
    outer loop
      vertex 6.76656 -5.93411 7.94436
      vertex 7.46396 -7.46396 9.5
      vertex 6.36396 -6.36396 7.94436
    endloop
  endfacet
  facet normal 0.516187 -0.483549 0.706917
    outer loop
      vertex 6.7915 -5.98882 11
      vertex 7.93615 -6.95981 9.5
      vertex 6.80839 -5.97079 11
    endloop
  endfacet
  facet normal 0.516233 -0.483497 0.706918
    outer loop
      vertex 7.93615 -6.95981 9.5
      vertex 6.7915 -5.98882 11
      vertex 6.42019 -6.38527 11
    endloop
  endfacet
  facet normal 0.516229 -0.483504 0.706917
    outer loop
      vertex 6.42019 -6.38527 11
      vertex 7.46396 -7.46396 9.5
      vertex 7.93615 -6.95981 9.5
    endloop
  endfacet
  facet normal 0.516186 -0.483548 0.706918
    outer loop
      vertex 7.46396 -7.46396 9.5
      vertex 6.42019 -6.38527 11
      vertex 6.4033 -6.4033 11
    endloop
  endfacet
  facet normal 0.483504 -0.51623 -0.706916
    outer loop
      vertex 7.46396 -7.46396 9.5
      vertex 6.95981 -7.93615 9.5
      vertex 6.36396 -6.36396 7.94436
    endloop
  endfacet
  facet normal 0.483504 -0.51623 -0.706916
    outer loop
      vertex 6.36396 -6.36396 7.94436
      vertex 6.95981 -7.93615 9.5
      vertex 5.93411 -6.76656 7.94436
    endloop
  endfacet
  facet normal 0.483548 -0.516186 0.706918
    outer loop
      vertex 6.38527 -6.42019 11
      vertex 7.46396 -7.46396 9.5
      vertex 6.4033 -6.4033 11
    endloop
  endfacet
  facet normal 0.483499 -0.516234 0.706917
    outer loop
      vertex 7.46396 -7.46396 9.5
      vertex 6.38527 -6.42019 11
      vertex 5.98882 -6.7915 11
    endloop
  endfacet
  facet normal 0.483503 -0.516228 0.706918
    outer loop
      vertex 5.98882 -6.7915 11
      vertex 6.95981 -7.93615 9.5
      vertex 7.46396 -7.46396 9.5
    endloop
  endfacet
  facet normal 0.483549 -0.516187 0.706917
    outer loop
      vertex 6.95981 -7.93615 9.5
      vertex 5.98882 -6.7915 11
      vertex 5.97079 -6.80839 11
    endloop
  endfacet
  facet normal 0.448704 -0.546749 -0.706916
    outer loop
      vertex 6.95981 -7.93615 9.5
      vertex 6.42586 -8.37435 9.5
      vertex 5.93411 -6.76656 7.94436
    endloop
  endfacet
  facet normal 0.448703 -0.546749 -0.706917
    outer loop
      vertex 5.93411 -6.76656 7.94436
      vertex 6.42586 -8.37435 9.5
      vertex 5.47885 -7.14018 7.94436
    endloop
  endfacet
  facet normal 0.448758 -0.546701 0.706919
    outer loop
      vertex 5.9517 -6.82406 11
      vertex 6.95981 -7.93615 9.5
      vertex 5.97079 -6.80839 11
    endloop
  endfacet
  facet normal 0.448707 -0.546745 0.706917
    outer loop
      vertex 6.95981 -7.93615 9.5
      vertex 5.9517 -6.82406 11
      vertex 5.53182 -7.16865 11
    endloop
  endfacet
  facet normal 0.448704 -0.546749 0.706916
    outer loop
      vertex 5.53182 -7.16865 11
      vertex 6.42586 -8.37435 9.5
      vertex 6.95981 -7.93615 9.5
    endloop
  endfacet
  facet normal 0.448618 -0.546816 0.706919
    outer loop
      vertex 6.42586 -8.37435 9.5
      vertex 5.53182 -7.16865 11
      vertex 5.51272 -7.18432 11
    endloop
  endfacet
  facet normal 0.411987 -0.574922 -0.706917
    outer loop
      vertex 6.42586 -8.37435 9.5
      vertex 5.8644 -8.77669 9.5
      vertex 5.47885 -7.14018 7.94436
    endloop
  endfacet
  facet normal 0.411988 -0.574922 -0.706916
    outer loop
      vertex 5.47885 -7.14018 7.94436
      vertex 5.8644 -8.77669 9.5
      vertex 5.00013 -7.48323 7.94436
    endloop
  endfacet
  facet normal 0.412001 -0.574911 0.706917
    outer loop
      vertex 5.49264 -7.19871 11
      vertex 6.42586 -8.37435 9.5
      vertex 5.51272 -7.18432 11
    endloop
  endfacet
  facet normal 0.411986 -0.574923 0.706917
    outer loop
      vertex 6.42586 -8.37435 9.5
      vertex 5.49264 -7.19871 11
      vertex 5.05112 -7.5151 11
    endloop
  endfacet
  facet normal 0.411987 -0.574922 0.706917
    outer loop
      vertex 5.05112 -7.5151 11
      vertex 5.8644 -8.77669 9.5
      vertex 6.42586 -8.37435 9.5
    endloop
  endfacet
  facet normal 0.411809 -0.575043 0.706923
    outer loop
      vertex 5.8644 -8.77669 9.5
      vertex 5.05112 -7.5151 11
      vertex 5.03104 -7.52948 11
    endloop
  endfacet
  facet normal 0.373502 -0.600638 -0.706916
    outer loop
      vertex 5.8644 -8.77669 9.5
      vertex 5.27782 -9.14145 9.5
      vertex 5.00013 -7.48323 7.94436
    endloop
  endfacet
  facet normal 0.3735 -0.600638 -0.706917
    outer loop
      vertex 5.00013 -7.48323 7.94436
      vertex 5.27782 -9.14145 9.5
      vertex 4.5 -7.79423 7.94436
    endloop
  endfacet
  facet normal 0.373577 -0.600586 0.706921
    outer loop
      vertex 5.01006 -7.54253 11
      vertex 5.8644 -8.77669 9.5
      vertex 5.03104 -7.52948 11
    endloop
  endfacet
  facet normal 0.3735 -0.600637 0.706918
    outer loop
      vertex 5.8644 -8.77669 9.5
      vertex 5.01006 -7.54253 11
      vertex 4.5488 -7.82936 11
    endloop
  endfacet
  facet normal 0.373501 -0.600636 0.706919
    outer loop
      vertex 4.5488 -7.82936 11
      vertex 5.27782 -9.14145 9.5
      vertex 5.8644 -8.77669 9.5
    endloop
  endfacet
  facet normal 0.373579 -0.60059 0.706916
    outer loop
      vertex 5.27782 -9.14145 9.5
      vertex 4.5488 -7.82936 11
      vertex 4.52782 -7.84241 11
    endloop
  endfacet
  facet normal 0.333415 -0.623782 -0.706917
    outer loop
      vertex 5.27782 -9.14145 9.5
      vertex 4.66864 -9.46706 9.5
      vertex 4.5 -7.79423 7.94436
    endloop
  endfacet
  facet normal 0.333412 -0.623782 -0.706917
    outer loop
      vertex 4.5 -7.79423 7.94436
      vertex 4.66864 -9.46706 9.5
      vertex 3.9806 -8.07185 7.94436
    endloop
  endfacet
  facet normal 0.333262 -0.623865 0.706915
    outer loop
      vertex 4.50603 -7.85405 11
      vertex 5.27782 -9.14145 9.5
      vertex 4.52782 -7.84241 11
    endloop
  endfacet
  facet normal 0.333424 -0.623773 0.706919
    outer loop
      vertex 5.27782 -9.14145 9.5
      vertex 4.50603 -7.85405 11
      vertex 4.02699 -8.11011 11
    endloop
  endfacet
  facet normal 0.333414 -0.623781 0.706917
    outer loop
      vertex 4.02699 -8.11011 11
      vertex 4.66864 -9.46706 9.5
      vertex 5.27782 -9.14145 9.5
    endloop
  endfacet
  facet normal 0.333259 -0.623859 0.706921
    outer loop
      vertex 4.66864 -9.46706 9.5
      vertex 4.02699 -8.11011 11
      vertex 4.0052 -8.12175 11
    endloop
  endfacet
  facet normal 0.291904 -0.644252 -0.706917
    outer loop
      vertex 4.66864 -9.46706 9.5
      vertex 4.03947 -9.75213 9.5
      vertex 3.9806 -8.07185 7.94436
    endloop
  endfacet
  facet normal 0.291915 -0.64425 -0.706915
    outer loop
      vertex 3.9806 -8.07185 7.94436
      vertex 4.03947 -9.75213 9.5
      vertex 3.44415 -8.31492 7.94436
    endloop
  endfacet
  facet normal 0.292033 -0.64419 0.706921
    outer loop
      vertex 3.9827 -8.13195 11
      vertex 4.66864 -9.46706 9.5
      vertex 4.0052 -8.12175 11
    endloop
  endfacet
  facet normal 0.291903 -0.644252 0.706917
    outer loop
      vertex 4.66864 -9.46706 9.5
      vertex 3.9827 -8.13195 11
      vertex 3.48794 -8.35612 11
    endloop
  endfacet
  facet normal 0.291903 -0.644252 0.706917
    outer loop
      vertex 3.48794 -8.35612 11
      vertex 4.03947 -9.75213 9.5
      vertex 4.66864 -9.46706 9.5
    endloop
  endfacet
  facet normal 0.292036 -0.644196 0.706914
    outer loop
      vertex 4.03947 -9.75213 9.5
      vertex 3.48794 -8.35612 11
      vertex 3.46544 -8.36632 11
    endloop
  endfacet
  facet normal 0.249151 -0.661963 -0.706915
    outer loop
      vertex 3.44415 -8.31492 7.94436
      vertex 4.03947 -9.75213 9.5
      vertex 3.393 -9.99545 9.5
    endloop
  endfacet
  facet normal 0.249138 -0.661965 -0.706918
    outer loop
      vertex 3.44415 -8.31492 7.94436
      vertex 3.393 -9.99545 9.5
      vertex 2.89295 -8.52237 7.94436
    endloop
  endfacet
  facet normal 0.249102 -0.661981 0.706915
    outer loop
      vertex 3.44232 -8.37502 11
      vertex 4.03947 -9.75213 9.5
      vertex 3.46544 -8.36632 11
    endloop
  endfacet
  facet normal 0.249142 -0.661965 0.706916
    outer loop
      vertex 4.03947 -9.75213 9.5
      vertex 3.44232 -8.37502 11
      vertex 2.93396 -8.56635 11
    endloop
  endfacet
  facet normal 0.24915 -0.66196 0.706918
    outer loop
      vertex 2.93396 -8.56635 11
      vertex 3.393 -9.99545 9.5
      vertex 4.03947 -9.75213 9.5
    endloop
  endfacet
  facet normal 0.2491 -0.661977 0.706919
    outer loop
      vertex 3.393 -9.99545 9.5
      vertex 2.93396 -8.56635 11
      vertex 2.91084 -8.57505 11
    endloop
  endfacet
  facet normal 0.205353 -0.676829 -0.706918
    outer loop
      vertex 2.89295 -8.52237 7.94436
      vertex 3.393 -9.99545 9.5
      vertex 2.732 -10.196 9.5
    endloop
  endfacet
  facet normal 0.205315 -0.676832 -0.706926
    outer loop
      vertex 2.89295 -8.52237 7.94436
      vertex 2.732 -10.196 9.5
      vertex 2.32937 -8.69333 7.94436
    endloop
  endfacet
  facet normal 0.205288 -0.676848 0.706918
    outer loop
      vertex 2.8872 -8.58222 11
      vertex 3.393 -9.99545 9.5
      vertex 2.91084 -8.57505 11
    endloop
  endfacet
  facet normal 0.205321 -0.676837 0.706919
    outer loop
      vertex 3.393 -9.99545 9.5
      vertex 2.8872 -8.58222 11
      vertex 2.36741 -8.7399 11
    endloop
  endfacet
  facet normal 0.20535 -0.676822 0.706926
    outer loop
      vertex 2.36741 -8.7399 11
      vertex 2.732 -10.196 9.5
      vertex 3.393 -9.99545 9.5
    endloop
  endfacet
  facet normal 0.205285 -0.67684 0.706927
    outer loop
      vertex 2.732 -10.196 9.5
      vertex 2.36741 -8.7399 11
      vertex 2.34377 -8.74707 11
    endloop
  endfacet
  facet normal 0.160558 -0.688824 -0.706925
    outer loop
      vertex 2.32937 -8.69333 7.94436
      vertex 2.732 -10.196 9.5
      vertex 2.0593 -10.3528 9.5
    endloop
  endfacet
  facet normal 0.160616 -0.688822 -0.706913
    outer loop
      vertex 2.32937 -8.69333 7.94436
      vertex 2.0593 -10.3528 9.5
      vertex 1.75581 -8.82707 7.94436
    endloop
  endfacet
  facet normal 0.160608 -0.68881 0.706927
    outer loop
      vertex 2.31971 -8.75268 11
      vertex 2.732 -10.196 9.5
      vertex 2.34377 -8.74707 11
    endloop
  endfacet
  facet normal 0.160604 -0.688811 0.706927
    outer loop
      vertex 2.732 -10.196 9.5
      vertex 2.31971 -8.75268 11
      vertex 1.79072 -8.87602 11
    endloop
  endfacet
  facet normal 0.16056 -0.688831 0.706917
    outer loop
      vertex 1.79072 -8.87602 11
      vertex 2.0593 -10.3528 9.5
      vertex 2.732 -10.196 9.5
    endloop
  endfacet
  facet normal 0.160674 -0.688808 0.706914
    outer loop
      vertex 2.0593 -10.3528 9.5
      vertex 1.79072 -8.87602 11
      vertex 1.76667 -8.88163 11
    endloop
  endfacet
  facet normal 0.115198 -0.697856 -0.706913
    outer loop
      vertex 1.75581 -8.82707 7.94436
      vertex 2.0593 -10.3528 9.5
      vertex 1.37779 -10.4653 9.5
    endloop
  endfacet
  facet normal 0.115211 -0.697857 -0.70691
    outer loop
      vertex 1.75581 -8.82707 7.94436
      vertex 1.37779 -10.4653 9.5
      vertex 1.17474 -8.923 7.94436
    endloop
  endfacet
  facet normal 0.11535 -0.697827 0.706918
    outer loop
      vertex 1.74229 -8.88566 11
      vertex 2.0593 -10.3528 9.5
      vertex 1.76667 -8.88163 11
    endloop
  endfacet
  facet normal 0.115215 -0.697852 0.706914
    outer loop
      vertex 2.0593 -10.3528 9.5
      vertex 1.74229 -8.88566 11
      vertex 1.20637 -8.97414 11
    endloop
  endfacet
  facet normal 0.115199 -0.697859 0.706911
    outer loop
      vertex 1.20637 -8.97414 11
      vertex 1.37779 -10.4653 9.5
      vertex 2.0593 -10.3528 9.5
    endloop
  endfacet
  facet normal 0.115118 -0.69787 0.706913
    outer loop
      vertex 1.37779 -10.4653 9.5
      vertex 1.20637 -8.97414 11
      vertex 1.182 -8.97816 11
    endloop
  endfacet
  facet normal 0.069323 -0.703898 -0.70691
    outer loop
      vertex 1.17474 -8.923 7.94436
      vertex 1.37779 -10.4653 9.5
      vertex 0.690372 -10.533 9.5
    endloop
  endfacet
  facet normal 0.0693316 -0.703899 -0.706908
    outer loop
      vertex 1.17474 -8.923 7.94436
      vertex 0.690372 -10.533 9.5
      vertex 0.588628 -8.98073 7.94436
    endloop
  endfacet
  facet normal 0.0692739 -0.703903 0.70691
    outer loop
      vertex 1.15741 -8.98058 11
      vertex 1.37779 -10.4653 9.5
      vertex 1.182 -8.97816 11
    endloop
  endfacet
  facet normal 0.0693272 -0.703896 0.706911
    outer loop
      vertex 1.37779 -10.4653 9.5
      vertex 1.15741 -8.98058 11
      vertex 0.616851 -9.03382 11
    endloop
  endfacet
  facet normal 0.069323 -0.703898 0.706911
    outer loop
      vertex 0.616851 -9.03382 11
      vertex 0.690372 -10.533 9.5
      vertex 1.37779 -10.4653 9.5
    endloop
  endfacet
  facet normal 0.069572 -0.703879 0.706904
    outer loop
      vertex 0.690372 -10.533 9.5
      vertex 0.616851 -9.03382 11
      vertex 0.592266 -9.03625 11
    endloop
  endfacet
  facet normal 0.0231419 -0.706926 -0.706908
    outer loop
      vertex 0.588628 -8.98073 7.94436
      vertex 0.690372 -10.533 9.5
      vertex 0 -10.5556 9.5
    endloop
  endfacet
  facet normal 0.0231428 -0.706926 -0.706908
    outer loop
      vertex 0 -9 7.94436
      vertex 0.588628 -8.98073 7.94436
      vertex 0 -10.5556 9.5
    endloop
  endfacet
  facet normal 0.0231524 -0.706924 0.706911
    outer loop
      vertex 0.690372 -10.533 9.5
      vertex 0.567576 -9.03705 11
      vertex 0.0246901 -9.05483 11
    endloop
  endfacet
  facet normal 0.0229061 -0.706938 0.706904
    outer loop
      vertex 0.567576 -9.03705 11
      vertex 0.690372 -10.533 9.5
      vertex 0.592266 -9.03625 11
    endloop
  endfacet
  facet normal 0.0229056 -0.706928 0.706914
    outer loop
      vertex 0 -10.5556 9.5
      vertex 0.0246901 -9.05483 11
      vertex 0 -9.05563 11
    endloop
  endfacet
  facet normal 0.0231419 -0.706926 0.706908
    outer loop
      vertex 0.0246901 -9.05483 11
      vertex 0 -10.5556 9.5
      vertex 0.690372 -10.533 9.5
    endloop
  endfacet
  facet normal -0.0231419 -0.706926 -0.706908
    outer loop
      vertex 0 -9 7.94436
      vertex 0 -10.5556 9.5
      vertex -0.690372 -10.533 9.5
    endloop
  endfacet
  facet normal -0.0231427 -0.706926 -0.706908
    outer loop
      vertex -0.588628 -8.98073 7.94436
      vertex 0 -9 7.94436
      vertex -0.690372 -10.533 9.5
    endloop
  endfacet
  facet normal -0.0231525 -0.706926 0.706908
    outer loop
      vertex 0 -10.5556 9.5
      vertex -0.0246901 -9.05483 11
      vertex -0.567576 -9.03705 11
    endloop
  endfacet
  facet normal -0.0229056 -0.706928 0.706914
    outer loop
      vertex -0.0246901 -9.05483 11
      vertex 0 -10.5556 9.5
      vertex 0 -9.05563 11
    endloop
  endfacet
  facet normal -0.0229061 -0.706938 0.706904
    outer loop
      vertex -0.690372 -10.533 9.5
      vertex -0.567576 -9.03705 11
      vertex -0.592266 -9.03625 11
    endloop
  endfacet
  facet normal -0.0231419 -0.706925 0.70691
    outer loop
      vertex -0.567576 -9.03705 11
      vertex -0.690372 -10.533 9.5
      vertex 0 -10.5556 9.5
    endloop
  endfacet
  facet normal -0.0693232 -0.7039 -0.706909
    outer loop
      vertex -0.588628 -8.98073 7.94436
      vertex -0.690372 -10.533 9.5
      vertex -1.37779 -10.4653 9.5
    endloop
  endfacet
  facet normal -0.0693314 -0.703897 -0.70691
    outer loop
      vertex -1.17474 -8.923 7.94436
      vertex -0.588628 -8.98073 7.94436
      vertex -1.37779 -10.4653 9.5
    endloop
  endfacet
  facet normal -0.069572 -0.703879 0.706904
    outer loop
      vertex -0.616851 -9.03382 11
      vertex -0.690372 -10.533 9.5
      vertex -0.592266 -9.03625 11
    endloop
  endfacet
  facet normal -0.0693273 -0.703897 0.70691
    outer loop
      vertex -0.690372 -10.533 9.5
      vertex -0.616851 -9.03382 11
      vertex -1.15741 -8.98058 11
    endloop
  endfacet
  facet normal -0.0692739 -0.703903 0.70691
    outer loop
      vertex -1.37779 -10.4653 9.5
      vertex -1.15741 -8.98058 11
      vertex -1.182 -8.97816 11
    endloop
  endfacet
  facet normal -0.0693229 -0.703897 0.706911
    outer loop
      vertex -1.15741 -8.98058 11
      vertex -1.37779 -10.4653 9.5
      vertex -0.690372 -10.533 9.5
    endloop
  endfacet
  facet normal -0.115199 -0.697859 -0.706911
    outer loop
      vertex -1.17474 -8.923 7.94436
      vertex -1.37779 -10.4653 9.5
      vertex -2.0593 -10.3528 9.5
    endloop
  endfacet
  facet normal -0.11521 -0.697854 -0.706913
    outer loop
      vertex -1.75581 -8.82707 7.94436
      vertex -1.17474 -8.923 7.94436
      vertex -2.0593 -10.3528 9.5
    endloop
  endfacet
  facet normal -0.115118 -0.69787 0.706913
    outer loop
      vertex -1.20637 -8.97414 11
      vertex -1.37779 -10.4653 9.5
      vertex -1.182 -8.97816 11
    endloop
  endfacet
  facet normal -0.115216 -0.697856 0.70691
    outer loop
      vertex -1.37779 -10.4653 9.5
      vertex -1.20637 -8.97414 11
      vertex -1.74229 -8.88566 11
    endloop
  endfacet
  facet normal -0.11535 -0.697827 0.706918
    outer loop
      vertex -2.0593 -10.3528 9.5
      vertex -1.74229 -8.88566 11
      vertex -1.76667 -8.88163 11
    endloop
  endfacet
  facet normal -0.115198 -0.697855 0.706914
    outer loop
      vertex -1.74229 -8.88566 11
      vertex -2.0593 -10.3528 9.5
      vertex -1.37779 -10.4653 9.5
    endloop
  endfacet
  facet normal -0.160561 -0.688834 -0.706914
    outer loop
      vertex -1.75581 -8.82707 7.94436
      vertex -2.0593 -10.3528 9.5
      vertex -2.732 -10.196 9.5
    endloop
  endfacet
  facet normal -0.160613 -0.68881 -0.706926
    outer loop
      vertex -2.32937 -8.69333 7.94436
      vertex -1.75581 -8.82707 7.94436
      vertex -2.732 -10.196 9.5
    endloop
  endfacet
  facet normal -0.160674 -0.688808 0.706914
    outer loop
      vertex -1.79072 -8.87602 11
      vertex -2.0593 -10.3528 9.5
      vertex -1.76667 -8.88163 11
    endloop
  endfacet
  facet normal -0.160607 -0.688822 0.706916
    outer loop
      vertex -2.0593 -10.3528 9.5
      vertex -1.79072 -8.87602 11
      vertex -2.31971 -8.75268 11
    endloop
  endfacet
  facet normal -0.160608 -0.68881 0.706927
    outer loop
      vertex -2.732 -10.196 9.5
      vertex -2.31971 -8.75268 11
      vertex -2.34377 -8.74707 11
    endloop
  endfacet
  facet normal -0.160558 -0.688823 0.706926
    outer loop
      vertex -2.31971 -8.75268 11
      vertex -2.732 -10.196 9.5
      vertex -2.0593 -10.3528 9.5
    endloop
  endfacet
  facet normal -0.205351 -0.676822 -0.706925
    outer loop
      vertex -2.32937 -8.69333 7.94436
      vertex -2.732 -10.196 9.5
      vertex -3.393 -9.99545 9.5
    endloop
  endfacet
  facet normal -0.205317 -0.67684 -0.706917
    outer loop
      vertex -2.89295 -8.52237 7.94436
      vertex -2.32937 -8.69333 7.94436
      vertex -3.393 -9.99545 9.5
    endloop
  endfacet
  facet normal -0.205285 -0.67684 0.706927
    outer loop
      vertex -2.36741 -8.7399 11
      vertex -2.732 -10.196 9.5
      vertex -2.34377 -8.74707 11
    endloop
  endfacet
  facet normal -0.205319 -0.67683 0.706926
    outer loop
      vertex -2.732 -10.196 9.5
      vertex -2.36741 -8.7399 11
      vertex -2.8872 -8.58222 11
    endloop
  endfacet
  facet normal -0.205288 -0.676848 0.706918
    outer loop
      vertex -3.393 -9.99545 9.5
      vertex -2.8872 -8.58222 11
      vertex -2.91084 -8.57505 11
    endloop
  endfacet
  facet normal -0.205352 -0.676827 0.70692
    outer loop
      vertex -2.8872 -8.58222 11
      vertex -3.393 -9.99545 9.5
      vertex -2.732 -10.196 9.5
    endloop
  endfacet
  facet normal -0.24915 -0.661961 -0.706917
    outer loop
      vertex -2.89295 -8.52237 7.94436
      vertex -3.393 -9.99545 9.5
      vertex -4.03947 -9.75213 9.5
    endloop
  endfacet
  facet normal -0.249139 -0.661968 -0.706914
    outer loop
      vertex -3.44415 -8.31492 7.94436
      vertex -2.89295 -8.52237 7.94436
      vertex -4.03947 -9.75213 9.5
    endloop
  endfacet
  facet normal -0.2491 -0.661977 0.706919
    outer loop
      vertex -2.93396 -8.56635 11
      vertex -3.393 -9.99545 9.5
      vertex -2.91084 -8.57505 11
    endloop
  endfacet
  facet normal -0.249141 -0.661963 0.706918
    outer loop
      vertex -3.393 -9.99545 9.5
      vertex -2.93396 -8.56635 11
      vertex -3.44232 -8.37502 11
    endloop
  endfacet
  facet normal -0.249102 -0.661981 0.706915
    outer loop
      vertex -4.03947 -9.75213 9.5
      vertex -3.44232 -8.37502 11
      vertex -3.46544 -8.36632 11
    endloop
  endfacet
  facet normal -0.249151 -0.661962 0.706916
    outer loop
      vertex -3.44232 -8.37502 11
      vertex -4.03947 -9.75213 9.5
      vertex -3.393 -9.99545 9.5
    endloop
  endfacet
  facet normal -0.291904 -0.644254 -0.706915
    outer loop
      vertex -3.44415 -8.31492 7.94436
      vertex -4.03947 -9.75213 9.5
      vertex -4.66864 -9.46706 9.5
    endloop
  endfacet
  facet normal -0.291914 -0.644247 -0.706917
    outer loop
      vertex -3.9806 -8.07185 7.94436
      vertex -3.44415 -8.31492 7.94436
      vertex -4.66864 -9.46706 9.5
    endloop
  endfacet
  facet normal -0.291903 -0.644252 0.706917
    outer loop
      vertex -4.03947 -9.75213 9.5
      vertex -3.48794 -8.35612 11
      vertex -3.9827 -8.13195 11
    endloop
  endfacet
  facet normal -0.292036 -0.644196 0.706914
    outer loop
      vertex -3.48794 -8.35612 11
      vertex -4.03947 -9.75213 9.5
      vertex -3.46544 -8.36632 11
    endloop
  endfacet
  facet normal -0.292033 -0.64419 0.706921
    outer loop
      vertex -4.66864 -9.46706 9.5
      vertex -3.9827 -8.13195 11
      vertex -4.0052 -8.12175 11
    endloop
  endfacet
  facet normal -0.291903 -0.644252 0.706917
    outer loop
      vertex -3.9827 -8.13195 11
      vertex -4.66864 -9.46706 9.5
      vertex -4.03947 -9.75213 9.5
    endloop
  endfacet
  facet normal -0.333414 -0.623781 -0.706917
    outer loop
      vertex -3.9806 -8.07185 7.94436
      vertex -4.66864 -9.46706 9.5
      vertex -5.27782 -9.14145 9.5
    endloop
  endfacet
  facet normal -0.333413 -0.623783 -0.706917
    outer loop
      vertex -4.5 -7.79423 7.94436
      vertex -3.9806 -8.07185 7.94436
      vertex -5.27782 -9.14145 9.5
    endloop
  endfacet
  facet normal -0.333259 -0.623859 0.706921
    outer loop
      vertex -4.02699 -8.11011 11
      vertex -4.66864 -9.46706 9.5
      vertex -4.0052 -8.12175 11
    endloop
  endfacet
  facet normal -0.333425 -0.623776 0.706917
    outer loop
      vertex -4.66864 -9.46706 9.5
      vertex -4.02699 -8.11011 11
      vertex -4.50603 -7.85405 11
    endloop
  endfacet
  facet normal -0.333262 -0.623865 0.706915
    outer loop
      vertex -5.27782 -9.14145 9.5
      vertex -4.50603 -7.85405 11
      vertex -4.52782 -7.84241 11
    endloop
  endfacet
  facet normal -0.333413 -0.623779 0.706919
    outer loop
      vertex -4.50603 -7.85405 11
      vertex -5.27782 -9.14145 9.5
      vertex -4.66864 -9.46706 9.5
    endloop
  endfacet
  facet normal -0.373502 -0.600638 -0.706917
    outer loop
      vertex -4.5 -7.79423 7.94436
      vertex -5.27782 -9.14145 9.5
      vertex -5.8644 -8.77669 9.5
    endloop
  endfacet
  facet normal -0.3735 -0.600639 -0.706916
    outer loop
      vertex -5.00013 -7.48323 7.94436
      vertex -4.5 -7.79423 7.94436
      vertex -5.8644 -8.77669 9.5
    endloop
  endfacet
  facet normal -0.373579 -0.60059 0.706916
    outer loop
      vertex -4.5488 -7.82936 11
      vertex -5.27782 -9.14145 9.5
      vertex -4.52782 -7.84241 11
    endloop
  endfacet
  facet normal -0.3735 -0.600636 0.706919
    outer loop
      vertex -5.27782 -9.14145 9.5
      vertex -4.5488 -7.82936 11
      vertex -5.01006 -7.54253 11
    endloop
  endfacet
  facet normal -0.373577 -0.600586 0.706921
    outer loop
      vertex -5.8644 -8.77669 9.5
      vertex -5.01006 -7.54253 11
      vertex -5.03104 -7.52948 11
    endloop
  endfacet
  facet normal -0.373501 -0.600636 0.706918
    outer loop
      vertex -5.01006 -7.54253 11
      vertex -5.8644 -8.77669 9.5
      vertex -5.27782 -9.14145 9.5
    endloop
  endfacet
  facet normal -0.411987 -0.574922 -0.706916
    outer loop
      vertex -5.00013 -7.48323 7.94436
      vertex -5.8644 -8.77669 9.5
      vertex -6.42586 -8.37435 9.5
    endloop
  endfacet
  facet normal -0.411988 -0.574922 -0.706917
    outer loop
      vertex -5.47885 -7.14018 7.94436
      vertex -5.00013 -7.48323 7.94436
      vertex -6.42586 -8.37435 9.5
    endloop
  endfacet
  facet normal -0.411809 -0.575043 0.706923
    outer loop
      vertex -5.05112 -7.5151 11
      vertex -5.8644 -8.77669 9.5
      vertex -5.03104 -7.52948 11
    endloop
  endfacet
  facet normal -0.411985 -0.574923 0.706917
    outer loop
      vertex -5.8644 -8.77669 9.5
      vertex -5.05112 -7.5151 11
      vertex -5.49264 -7.19871 11
    endloop
  endfacet
  facet normal -0.412001 -0.574911 0.706917
    outer loop
      vertex -6.42586 -8.37435 9.5
      vertex -5.49264 -7.19871 11
      vertex -5.51272 -7.18432 11
    endloop
  endfacet
  facet normal -0.411987 -0.574922 0.706917
    outer loop
      vertex -5.49264 -7.19871 11
      vertex -6.42586 -8.37435 9.5
      vertex -5.8644 -8.77669 9.5
    endloop
  endfacet
  facet normal -0.448704 -0.546749 -0.706917
    outer loop
      vertex -5.47885 -7.14018 7.94436
      vertex -6.42586 -8.37435 9.5
      vertex -6.95981 -7.93615 9.5
    endloop
  endfacet
  facet normal -0.448703 -0.546749 -0.706916
    outer loop
      vertex -5.93411 -6.76656 7.94436
      vertex -5.47885 -7.14018 7.94436
      vertex -6.95981 -7.93615 9.5
    endloop
  endfacet
  facet normal -0.448618 -0.546816 0.706919
    outer loop
      vertex -5.53182 -7.16865 11
      vertex -6.42586 -8.37435 9.5
      vertex -5.51272 -7.18432 11
    endloop
  endfacet
  facet normal -0.448707 -0.546746 0.706916
    outer loop
      vertex -6.42586 -8.37435 9.5
      vertex -5.53182 -7.16865 11
      vertex -5.9517 -6.82406 11
    endloop
  endfacet
  facet normal -0.448758 -0.546701 0.706919
    outer loop
      vertex -6.95981 -7.93615 9.5
      vertex -5.9517 -6.82406 11
      vertex -5.97079 -6.80839 11
    endloop
  endfacet
  facet normal -0.448703 -0.546748 0.706917
    outer loop
      vertex -5.9517 -6.82406 11
      vertex -6.95981 -7.93615 9.5
      vertex -6.42586 -8.37435 9.5
    endloop
  endfacet
  facet normal -0.483504 -0.51623 -0.706916
    outer loop
      vertex -5.93411 -6.76656 7.94436
      vertex -6.95981 -7.93615 9.5
      vertex -7.46396 -7.46396 9.5
    endloop
  endfacet
  facet normal -0.483504 -0.51623 -0.706916
    outer loop
      vertex -6.36396 -6.36396 7.94436
      vertex -5.93411 -6.76656 7.94436
      vertex -7.46396 -7.46396 9.5
    endloop
  endfacet
  facet normal -0.483497 -0.516233 0.706918
    outer loop
      vertex -6.95981 -7.93615 9.5
      vertex -5.98882 -6.7915 11
      vertex -6.38527 -6.42019 11
    endloop
  endfacet
  facet normal -0.483549 -0.516187 0.706917
    outer loop
      vertex -5.98882 -6.7915 11
      vertex -6.95981 -7.93615 9.5
      vertex -5.97079 -6.80839 11
    endloop
  endfacet
  facet normal -0.483548 -0.516186 0.706918
    outer loop
      vertex -7.46396 -7.46396 9.5
      vertex -6.38527 -6.42019 11
      vertex -6.4033 -6.4033 11
    endloop
  endfacet
  facet normal -0.483504 -0.516229 0.706917
    outer loop
      vertex -6.38527 -6.42019 11
      vertex -7.46396 -7.46396 9.5
      vertex -6.95981 -7.93615 9.5
    endloop
  endfacet
  facet normal -0.51623 -0.483504 -0.706916
    outer loop
      vertex -6.36396 -6.36396 7.94436
      vertex -7.46396 -7.46396 9.5
      vertex -7.93615 -6.95981 9.5
    endloop
  endfacet
  facet normal -0.51623 -0.483504 -0.706916
    outer loop
      vertex -6.76656 -5.93411 7.94436
      vertex -6.36396 -6.36396 7.94436
      vertex -7.93615 -6.95981 9.5
    endloop
  endfacet
  facet normal -0.516234 -0.483499 0.706917
    outer loop
      vertex -7.46396 -7.46396 9.5
      vertex -6.42019 -6.38527 11
      vertex -6.7915 -5.98882 11
    endloop
  endfacet
  facet normal -0.516186 -0.483548 0.706918
    outer loop
      vertex -6.42019 -6.38527 11
      vertex -7.46396 -7.46396 9.5
      vertex -6.4033 -6.4033 11
    endloop
  endfacet
  facet normal -0.516187 -0.483549 0.706917
    outer loop
      vertex -7.93615 -6.95981 9.5
      vertex -6.7915 -5.98882 11
      vertex -6.80839 -5.97079 11
    endloop
  endfacet
  facet normal -0.516228 -0.483503 0.706918
    outer loop
      vertex -6.7915 -5.98882 11
      vertex -7.93615 -6.95981 9.5
      vertex -7.46396 -7.46396 9.5
    endloop
  endfacet
  facet normal -0.546749 -0.448704 -0.706916
    outer loop
      vertex -6.76656 -5.93411 7.94436
      vertex -7.93615 -6.95981 9.5
      vertex -8.37435 -6.42586 9.5
    endloop
  endfacet
  facet normal -0.546749 -0.448703 -0.706917
    outer loop
      vertex -7.14018 -5.47885 7.94436
      vertex -6.76656 -5.93411 7.94436
      vertex -8.37435 -6.42586 9.5
    endloop
  endfacet
  facet normal -0.546701 -0.448758 0.706919
    outer loop
      vertex -6.82406 -5.9517 11
      vertex -7.93615 -6.95981 9.5
      vertex -6.80839 -5.97079 11
    endloop
  endfacet
  facet normal -0.546745 -0.448707 0.706917
    outer loop
      vertex -7.93615 -6.95981 9.5
      vertex -6.82406 -5.9517 11
      vertex -7.16865 -5.53182 11
    endloop
  endfacet
  facet normal -0.546816 -0.448618 0.706919
    outer loop
      vertex -8.37435 -6.42586 9.5
      vertex -7.16865 -5.53182 11
      vertex -7.18432 -5.51272 11
    endloop
  endfacet
  facet normal -0.546749 -0.448704 0.706916
    outer loop
      vertex -7.16865 -5.53182 11
      vertex -8.37435 -6.42586 9.5
      vertex -7.93615 -6.95981 9.5
    endloop
  endfacet
  facet normal -0.574922 -0.411987 -0.706917
    outer loop
      vertex -7.14018 -5.47885 7.94436
      vertex -8.37435 -6.42586 9.5
      vertex -8.77669 -5.8644 9.5
    endloop
  endfacet
  facet normal -0.574922 -0.411988 -0.706916
    outer loop
      vertex -7.48323 -5.00013 7.94436
      vertex -7.14018 -5.47885 7.94436
      vertex -8.77669 -5.8644 9.5
    endloop
  endfacet
  facet normal -0.574911 -0.412001 0.706917
    outer loop
      vertex -7.19871 -5.49264 11
      vertex -8.37435 -6.42586 9.5
      vertex -7.18432 -5.51272 11
    endloop
  endfacet
  facet normal -0.574923 -0.411986 0.706917
    outer loop
      vertex -8.37435 -6.42586 9.5
      vertex -7.19871 -5.49264 11
      vertex -7.5151 -5.05112 11
    endloop
  endfacet
  facet normal -0.575043 -0.411809 0.706923
    outer loop
      vertex -8.77669 -5.8644 9.5
      vertex -7.5151 -5.05112 11
      vertex -7.52948 -5.03104 11
    endloop
  endfacet
  facet normal -0.574922 -0.411987 0.706917
    outer loop
      vertex -7.5151 -5.05112 11
      vertex -8.77669 -5.8644 9.5
      vertex -8.37435 -6.42586 9.5
    endloop
  endfacet
  facet normal -0.600638 -0.373502 -0.706916
    outer loop
      vertex -7.48323 -5.00013 7.94436
      vertex -8.77669 -5.8644 9.5
      vertex -9.14145 -5.27782 9.5
    endloop
  endfacet
  facet normal -0.600638 -0.3735 -0.706917
    outer loop
      vertex -7.79423 -4.5 7.94436
      vertex -7.48323 -5.00013 7.94436
      vertex -9.14145 -5.27782 9.5
    endloop
  endfacet
  facet normal -0.600637 -0.3735 0.706918
    outer loop
      vertex -8.77669 -5.8644 9.5
      vertex -7.54253 -5.01006 11
      vertex -7.82936 -4.5488 11
    endloop
  endfacet
  facet normal -0.600586 -0.373577 0.706921
    outer loop
      vertex -7.54253 -5.01006 11
      vertex -8.77669 -5.8644 9.5
      vertex -7.52948 -5.03104 11
    endloop
  endfacet
  facet normal -0.60059 -0.373579 0.706916
    outer loop
      vertex -9.14145 -5.27782 9.5
      vertex -7.82936 -4.5488 11
      vertex -7.84241 -4.52782 11
    endloop
  endfacet
  facet normal -0.600636 -0.373501 0.706919
    outer loop
      vertex -7.82936 -4.5488 11
      vertex -9.14145 -5.27782 9.5
      vertex -8.77669 -5.8644 9.5
    endloop
  endfacet
  facet normal -0.623782 -0.333415 -0.706917
    outer loop
      vertex -7.79423 -4.5 7.94436
      vertex -9.14145 -5.27782 9.5
      vertex -9.46706 -4.66864 9.5
    endloop
  endfacet
  facet normal -0.623782 -0.333412 -0.706917
    outer loop
      vertex -8.07185 -3.9806 7.94436
      vertex -7.79423 -4.5 7.94436
      vertex -9.46706 -4.66864 9.5
    endloop
  endfacet
  facet normal -0.623865 -0.333262 0.706915
    outer loop
      vertex -7.85405 -4.50603 11
      vertex -9.14145 -5.27782 9.5
      vertex -7.84241 -4.52782 11
    endloop
  endfacet
  facet normal -0.623773 -0.333424 0.706919
    outer loop
      vertex -9.14145 -5.27782 9.5
      vertex -7.85405 -4.50603 11
      vertex -8.11011 -4.02699 11
    endloop
  endfacet
  facet normal -0.623859 -0.333259 0.706921
    outer loop
      vertex -9.46706 -4.66864 9.5
      vertex -8.11011 -4.02699 11
      vertex -8.12175 -4.0052 11
    endloop
  endfacet
  facet normal -0.623781 -0.333414 0.706917
    outer loop
      vertex -8.11011 -4.02699 11
      vertex -9.46706 -4.66864 9.5
      vertex -9.14145 -5.27782 9.5
    endloop
  endfacet
  facet normal -0.644252 -0.291904 -0.706917
    outer loop
      vertex -8.07185 -3.9806 7.94436
      vertex -9.46706 -4.66864 9.5
      vertex -9.75213 -4.03947 9.5
    endloop
  endfacet
  facet normal -0.64425 -0.291915 -0.706915
    outer loop
      vertex -8.31492 -3.44415 7.94436
      vertex -8.07185 -3.9806 7.94436
      vertex -9.75213 -4.03947 9.5
    endloop
  endfacet
  facet normal -0.64419 -0.292033 0.706921
    outer loop
      vertex -8.13195 -3.9827 11
      vertex -9.46706 -4.66864 9.5
      vertex -8.12175 -4.0052 11
    endloop
  endfacet
  facet normal -0.644252 -0.291903 0.706917
    outer loop
      vertex -9.46706 -4.66864 9.5
      vertex -8.13195 -3.9827 11
      vertex -8.35612 -3.48794 11
    endloop
  endfacet
  facet normal -0.644196 -0.292036 0.706914
    outer loop
      vertex -9.75213 -4.03947 9.5
      vertex -8.35612 -3.48794 11
      vertex -8.36632 -3.46544 11
    endloop
  endfacet
  facet normal -0.644252 -0.291903 0.706917
    outer loop
      vertex -8.35612 -3.48794 11
      vertex -9.75213 -4.03947 9.5
      vertex -9.46706 -4.66864 9.5
    endloop
  endfacet
  facet normal -0.661963 -0.249151 -0.706915
    outer loop
      vertex -8.31492 -3.44415 7.94436
      vertex -9.75213 -4.03947 9.5
      vertex -9.99545 -3.393 9.5
    endloop
  endfacet
  facet normal -0.661965 -0.249138 -0.706918
    outer loop
      vertex -8.52237 -2.89295 7.94436
      vertex -8.31492 -3.44415 7.94436
      vertex -9.99545 -3.393 9.5
    endloop
  endfacet
  facet normal -0.661965 -0.249142 0.706916
    outer loop
      vertex -9.75213 -4.03947 9.5
      vertex -8.37502 -3.44232 11
      vertex -8.56635 -2.93396 11
    endloop
  endfacet
  facet normal -0.661981 -0.249102 0.706915
    outer loop
      vertex -8.37502 -3.44232 11
      vertex -9.75213 -4.03947 9.5
      vertex -8.36632 -3.46544 11
    endloop
  endfacet
  facet normal -0.661977 -0.2491 0.706919
    outer loop
      vertex -9.99545 -3.393 9.5
      vertex -8.56635 -2.93396 11
      vertex -8.57505 -2.91084 11
    endloop
  endfacet
  facet normal -0.66196 -0.24915 0.706918
    outer loop
      vertex -8.56635 -2.93396 11
      vertex -9.99545 -3.393 9.5
      vertex -9.75213 -4.03947 9.5
    endloop
  endfacet
  facet normal -0.676829 -0.205353 -0.706918
    outer loop
      vertex -8.52237 -2.89295 7.94436
      vertex -9.99545 -3.393 9.5
      vertex -10.196 -2.732 9.5
    endloop
  endfacet
  facet normal -0.676832 -0.205315 -0.706926
    outer loop
      vertex -8.69333 -2.32937 7.94436
      vertex -8.52237 -2.89295 7.94436
      vertex -10.196 -2.732 9.5
    endloop
  endfacet
  facet normal -0.676837 -0.205321 0.706919
    outer loop
      vertex -9.99545 -3.393 9.5
      vertex -8.58222 -2.8872 11
      vertex -8.7399 -2.36741 11
    endloop
  endfacet
  facet normal -0.676848 -0.205288 0.706918
    outer loop
      vertex -8.58222 -2.8872 11
      vertex -9.99545 -3.393 9.5
      vertex -8.57505 -2.91084 11
    endloop
  endfacet
  facet normal -0.67684 -0.205285 0.706927
    outer loop
      vertex -10.196 -2.732 9.5
      vertex -8.7399 -2.36741 11
      vertex -8.74707 -2.34377 11
    endloop
  endfacet
  facet normal -0.676822 -0.20535 0.706926
    outer loop
      vertex -8.7399 -2.36741 11
      vertex -10.196 -2.732 9.5
      vertex -9.99545 -3.393 9.5
    endloop
  endfacet
  facet normal -0.688824 -0.160558 -0.706925
    outer loop
      vertex -8.69333 -2.32937 7.94436
      vertex -10.196 -2.732 9.5
      vertex -10.3528 -2.0593 9.5
    endloop
  endfacet
  facet normal -0.688822 -0.160616 -0.706913
    outer loop
      vertex -8.82707 -1.75581 7.94436
      vertex -8.69333 -2.32937 7.94436
      vertex -10.3528 -2.0593 9.5
    endloop
  endfacet
  facet normal -0.688811 -0.160604 0.706927
    outer loop
      vertex -10.196 -2.732 9.5
      vertex -8.75268 -2.31971 11
      vertex -8.87602 -1.79072 11
    endloop
  endfacet
  facet normal -0.68881 -0.160608 0.706927
    outer loop
      vertex -8.75268 -2.31971 11
      vertex -10.196 -2.732 9.5
      vertex -8.74707 -2.34377 11
    endloop
  endfacet
  facet normal -0.688808 -0.160674 0.706914
    outer loop
      vertex -10.3528 -2.0593 9.5
      vertex -8.87602 -1.79072 11
      vertex -8.88163 -1.76667 11
    endloop
  endfacet
  facet normal -0.688831 -0.16056 0.706917
    outer loop
      vertex -8.87602 -1.79072 11
      vertex -10.3528 -2.0593 9.5
      vertex -10.196 -2.732 9.5
    endloop
  endfacet
  facet normal -0.697856 -0.115198 -0.706913
    outer loop
      vertex -8.82707 -1.75581 7.94436
      vertex -10.3528 -2.0593 9.5
      vertex -10.4653 -1.37779 9.5
    endloop
  endfacet
  facet normal -0.697857 -0.115211 -0.70691
    outer loop
      vertex -8.923 -1.17474 7.94436
      vertex -8.82707 -1.75581 7.94436
      vertex -10.4653 -1.37779 9.5
    endloop
  endfacet
  facet normal -0.697852 -0.115215 0.706914
    outer loop
      vertex -10.3528 -2.0593 9.5
      vertex -8.88566 -1.74229 11
      vertex -8.97414 -1.20637 11
    endloop
  endfacet
  facet normal -0.697827 -0.11535 0.706918
    outer loop
      vertex -8.88566 -1.74229 11
      vertex -10.3528 -2.0593 9.5
      vertex -8.88163 -1.76667 11
    endloop
  endfacet
  facet normal -0.69787 -0.115118 0.706913
    outer loop
      vertex -10.4653 -1.37779 9.5
      vertex -8.97414 -1.20637 11
      vertex -8.97816 -1.182 11
    endloop
  endfacet
  facet normal -0.697859 -0.115199 0.706911
    outer loop
      vertex -8.97414 -1.20637 11
      vertex -10.4653 -1.37779 9.5
      vertex -10.3528 -2.0593 9.5
    endloop
  endfacet
  facet normal -0.703898 -0.069323 -0.70691
    outer loop
      vertex -8.923 -1.17474 7.94436
      vertex -10.4653 -1.37779 9.5
      vertex -10.533 -0.690372 9.5
    endloop
  endfacet
  facet normal -0.703899 -0.0693316 -0.706908
    outer loop
      vertex -8.98073 -0.588628 7.94436
      vertex -8.923 -1.17474 7.94436
      vertex -10.533 -0.690372 9.5
    endloop
  endfacet
  facet normal -0.703896 -0.0693272 0.706911
    outer loop
      vertex -10.4653 -1.37779 9.5
      vertex -8.98058 -1.15741 11
      vertex -9.03382 -0.616851 11
    endloop
  endfacet
  facet normal -0.703903 -0.0692739 0.70691
    outer loop
      vertex -8.98058 -1.15741 11
      vertex -10.4653 -1.37779 9.5
      vertex -8.97816 -1.182 11
    endloop
  endfacet
  facet normal -0.703879 -0.069572 0.706904
    outer loop
      vertex -10.533 -0.690372 9.5
      vertex -9.03382 -0.616851 11
      vertex -9.03625 -0.592266 11
    endloop
  endfacet
  facet normal -0.703898 -0.069323 0.706911
    outer loop
      vertex -9.03382 -0.616851 11
      vertex -10.533 -0.690372 9.5
      vertex -10.4653 -1.37779 9.5
    endloop
  endfacet
  facet normal -0.706926 -0.0231419 -0.706908
    outer loop
      vertex -8.98073 -0.588628 7.94436
      vertex -10.533 -0.690372 9.5
      vertex -10.5556 0 9.5
    endloop
  endfacet
  facet normal -0.706926 -0.0231428 -0.706908
    outer loop
      vertex -9 0 7.94436
      vertex -8.98073 -0.588628 7.94436
      vertex -10.5556 0 9.5
    endloop
  endfacet
  facet normal -0.706924 -0.0231524 0.706911
    outer loop
      vertex -10.533 -0.690372 9.5
      vertex -9.03705 -0.567576 11
      vertex -9.05483 -0.0246901 11
    endloop
  endfacet
  facet normal -0.706938 -0.0229061 0.706904
    outer loop
      vertex -9.03705 -0.567576 11
      vertex -10.533 -0.690372 9.5
      vertex -9.03625 -0.592266 11
    endloop
  endfacet
  facet normal -0.706928 -0.0229056 0.706914
    outer loop
      vertex -10.5556 0 9.5
      vertex -9.05483 -0.0246901 11
      vertex -9.05563 0 11
    endloop
  endfacet
  facet normal -0.706926 -0.0231419 0.706908
    outer loop
      vertex -9.05483 -0.0246901 11
      vertex -10.5556 0 9.5
      vertex -10.533 -0.690372 9.5
    endloop
  endfacet
  facet normal -0.706928 0.0229056 -0.706914
    outer loop
      vertex -10.5556 0 12.5
      vertex -9.05483 0.0246901 11
      vertex -9.05563 0 11
    endloop
  endfacet
  facet normal -0.706926 0.0231419 -0.706908
    outer loop
      vertex -9.05483 0.0246901 11
      vertex -10.5556 0 12.5
      vertex -10.533 0.690372 12.5
    endloop
  endfacet
  facet normal -0.706924 0.0231524 -0.706911
    outer loop
      vertex -10.533 0.690372 12.5
      vertex -9.03705 0.567576 11
      vertex -9.05483 0.0246901 11
    endloop
  endfacet
  facet normal -0.706938 0.0229061 -0.706904
    outer loop
      vertex -9.03705 0.567576 11
      vertex -10.533 0.690372 12.5
      vertex -9.03625 0.592266 11
    endloop
  endfacet
  facet normal -0.706926 0.0231525 0.706908
    outer loop
      vertex -10.5556 0 12.5
      vertex -9.05483 0.0246901 14
      vertex -9.03705 0.567576 14
    endloop
  endfacet
  facet normal -0.706928 0.0229056 0.706914
    outer loop
      vertex -9.05483 0.0246901 14
      vertex -10.5556 0 12.5
      vertex -9.05563 0 14
    endloop
  endfacet
  facet normal -0.706938 0.0229061 0.706904
    outer loop
      vertex -10.533 0.690372 12.5
      vertex -9.03705 0.567576 14
      vertex -9.03625 0.592266 14
    endloop
  endfacet
  facet normal -0.706925 0.0231419 0.70691
    outer loop
      vertex -9.03705 0.567576 14
      vertex -10.533 0.690372 12.5
      vertex -10.5556 0 12.5
    endloop
  endfacet
  facet normal -0.703879 0.069572 -0.706904
    outer loop
      vertex -10.533 0.690372 12.5
      vertex -9.03382 0.616851 11
      vertex -9.03625 0.592266 11
    endloop
  endfacet
  facet normal -0.703898 0.069323 -0.706911
    outer loop
      vertex -9.03382 0.616851 11
      vertex -10.533 0.690372 12.5
      vertex -10.4653 1.37779 12.5
    endloop
  endfacet
  facet normal -0.703896 0.0693272 -0.706911
    outer loop
      vertex -10.4653 1.37779 12.5
      vertex -8.98058 1.15741 11
      vertex -9.03382 0.616851 11
    endloop
  endfacet
  facet normal -0.703903 0.0692739 -0.70691
    outer loop
      vertex -8.98058 1.15741 11
      vertex -10.4653 1.37779 12.5
      vertex -8.97816 1.182 11
    endloop
  endfacet
  facet normal -0.703879 0.069572 0.706904
    outer loop
      vertex -9.03382 0.616851 14
      vertex -10.533 0.690372 12.5
      vertex -9.03625 0.592266 14
    endloop
  endfacet
  facet normal -0.703897 0.0693273 0.70691
    outer loop
      vertex -10.533 0.690372 12.5
      vertex -9.03382 0.616851 14
      vertex -8.98058 1.15741 14
    endloop
  endfacet
  facet normal -0.703903 0.0692739 0.70691
    outer loop
      vertex -10.4653 1.37779 12.5
      vertex -8.98058 1.15741 14
      vertex -8.97816 1.182 14
    endloop
  endfacet
  facet normal -0.703897 0.0693229 0.706911
    outer loop
      vertex -8.98058 1.15741 14
      vertex -10.4653 1.37779 12.5
      vertex -10.533 0.690372 12.5
    endloop
  endfacet
  facet normal -0.69787 0.115118 -0.706913
    outer loop
      vertex -10.4653 1.37779 12.5
      vertex -8.97414 1.20637 11
      vertex -8.97816 1.182 11
    endloop
  endfacet
  facet normal -0.697859 0.115199 -0.706911
    outer loop
      vertex -8.97414 1.20637 11
      vertex -10.4653 1.37779 12.5
      vertex -10.3528 2.0593 12.5
    endloop
  endfacet
  facet normal -0.697852 0.115215 -0.706914
    outer loop
      vertex -10.3528 2.0593 12.5
      vertex -8.88566 1.74229 11
      vertex -8.97414 1.20637 11
    endloop
  endfacet
  facet normal -0.697827 0.11535 -0.706918
    outer loop
      vertex -8.88566 1.74229 11
      vertex -10.3528 2.0593 12.5
      vertex -8.88163 1.76667 11
    endloop
  endfacet
  facet normal -0.69787 0.115118 0.706913
    outer loop
      vertex -8.97414 1.20637 14
      vertex -10.4653 1.37779 12.5
      vertex -8.97816 1.182 14
    endloop
  endfacet
  facet normal -0.697856 0.115216 0.70691
    outer loop
      vertex -10.4653 1.37779 12.5
      vertex -8.97414 1.20637 14
      vertex -8.88566 1.74229 14
    endloop
  endfacet
  facet normal -0.697827 0.11535 0.706918
    outer loop
      vertex -10.3528 2.0593 12.5
      vertex -8.88566 1.74229 14
      vertex -8.88163 1.76667 14
    endloop
  endfacet
  facet normal -0.697855 0.115198 0.706914
    outer loop
      vertex -8.88566 1.74229 14
      vertex -10.3528 2.0593 12.5
      vertex -10.4653 1.37779 12.5
    endloop
  endfacet
  facet normal -0.688808 0.160674 -0.706914
    outer loop
      vertex -10.3528 2.0593 12.5
      vertex -8.87602 1.79072 11
      vertex -8.88163 1.76667 11
    endloop
  endfacet
  facet normal -0.688831 0.16056 -0.706917
    outer loop
      vertex -8.87602 1.79072 11
      vertex -10.3528 2.0593 12.5
      vertex -10.196 2.732 12.5
    endloop
  endfacet
  facet normal -0.688811 0.160604 -0.706927
    outer loop
      vertex -10.196 2.732 12.5
      vertex -8.75268 2.31971 11
      vertex -8.87602 1.79072 11
    endloop
  endfacet
  facet normal -0.68881 0.160608 -0.706927
    outer loop
      vertex -8.75268 2.31971 11
      vertex -10.196 2.732 12.5
      vertex -8.74707 2.34377 11
    endloop
  endfacet
  facet normal -0.688808 0.160674 0.706914
    outer loop
      vertex -8.87602 1.79072 14
      vertex -10.3528 2.0593 12.5
      vertex -8.88163 1.76667 14
    endloop
  endfacet
  facet normal -0.688822 0.160607 0.706916
    outer loop
      vertex -10.3528 2.0593 12.5
      vertex -8.87602 1.79072 14
      vertex -8.75268 2.31971 14
    endloop
  endfacet
  facet normal -0.68881 0.160608 0.706927
    outer loop
      vertex -10.196 2.732 12.5
      vertex -8.75268 2.31971 14
      vertex -8.74707 2.34377 14
    endloop
  endfacet
  facet normal -0.688823 0.160558 0.706926
    outer loop
      vertex -8.75268 2.31971 14
      vertex -10.196 2.732 12.5
      vertex -10.3528 2.0593 12.5
    endloop
  endfacet
  facet normal -0.67684 0.205285 -0.706927
    outer loop
      vertex -10.196 2.732 12.5
      vertex -8.7399 2.36741 11
      vertex -8.74707 2.34377 11
    endloop
  endfacet
  facet normal -0.676822 0.20535 -0.706926
    outer loop
      vertex -8.7399 2.36741 11
      vertex -10.196 2.732 12.5
      vertex -9.99545 3.393 12.5
    endloop
  endfacet
  facet normal -0.676837 0.205321 -0.706919
    outer loop
      vertex -9.99545 3.393 12.5
      vertex -8.58222 2.8872 11
      vertex -8.7399 2.36741 11
    endloop
  endfacet
  facet normal -0.676848 0.205288 -0.706918
    outer loop
      vertex -8.58222 2.8872 11
      vertex -9.99545 3.393 12.5
      vertex -8.57505 2.91084 11
    endloop
  endfacet
  facet normal -0.67683 0.205319 0.706926
    outer loop
      vertex -10.196 2.732 12.5
      vertex -8.7399 2.36741 14
      vertex -8.58222 2.8872 14
    endloop
  endfacet
  facet normal -0.67684 0.205285 0.706927
    outer loop
      vertex -8.7399 2.36741 14
      vertex -10.196 2.732 12.5
      vertex -8.74707 2.34377 14
    endloop
  endfacet
  facet normal -0.676848 0.205288 0.706918
    outer loop
      vertex -9.99545 3.393 12.5
      vertex -8.58222 2.8872 14
      vertex -8.57505 2.91084 14
    endloop
  endfacet
  facet normal -0.676827 0.205352 0.70692
    outer loop
      vertex -8.58222 2.8872 14
      vertex -9.99545 3.393 12.5
      vertex -10.196 2.732 12.5
    endloop
  endfacet
  facet normal -0.661977 0.2491 -0.706919
    outer loop
      vertex -9.99545 3.393 12.5
      vertex -8.56635 2.93396 11
      vertex -8.57505 2.91084 11
    endloop
  endfacet
  facet normal -0.66196 0.24915 -0.706918
    outer loop
      vertex -8.56635 2.93396 11
      vertex -9.99545 3.393 12.5
      vertex -9.75213 4.03947 12.5
    endloop
  endfacet
  facet normal -0.661965 0.249142 -0.706916
    outer loop
      vertex -9.75213 4.03947 12.5
      vertex -8.37502 3.44232 11
      vertex -8.56635 2.93396 11
    endloop
  endfacet
  facet normal -0.661981 0.249102 -0.706915
    outer loop
      vertex -8.37502 3.44232 11
      vertex -9.75213 4.03947 12.5
      vertex -8.36632 3.46544 11
    endloop
  endfacet
  facet normal -0.661963 0.249141 0.706918
    outer loop
      vertex -9.99545 3.393 12.5
      vertex -8.56635 2.93396 14
      vertex -8.37502 3.44232 14
    endloop
  endfacet
  facet normal -0.661977 0.2491 0.706919
    outer loop
      vertex -8.56635 2.93396 14
      vertex -9.99545 3.393 12.5
      vertex -8.57505 2.91084 14
    endloop
  endfacet
  facet normal -0.661981 0.249102 0.706915
    outer loop
      vertex -9.75213 4.03947 12.5
      vertex -8.37502 3.44232 14
      vertex -8.36632 3.46544 14
    endloop
  endfacet
  facet normal -0.661962 0.249151 0.706916
    outer loop
      vertex -8.37502 3.44232 14
      vertex -9.75213 4.03947 12.5
      vertex -9.99545 3.393 12.5
    endloop
  endfacet
  facet normal -0.644196 0.292036 -0.706914
    outer loop
      vertex -9.75213 4.03947 12.5
      vertex -8.35612 3.48794 11
      vertex -8.36632 3.46544 11
    endloop
  endfacet
  facet normal -0.644252 0.291903 -0.706917
    outer loop
      vertex -8.35612 3.48794 11
      vertex -9.75213 4.03947 12.5
      vertex -9.46706 4.66864 12.5
    endloop
  endfacet
  facet normal -0.64419 0.292033 -0.706921
    outer loop
      vertex -8.13195 3.9827 11
      vertex -9.46706 4.66864 12.5
      vertex -8.12175 4.0052 11
    endloop
  endfacet
  facet normal -0.644252 0.291903 -0.706917
    outer loop
      vertex -9.46706 4.66864 12.5
      vertex -8.13195 3.9827 11
      vertex -8.35612 3.48794 11
    endloop
  endfacet
  facet normal -0.644252 0.291903 0.706917
    outer loop
      vertex -9.75213 4.03947 12.5
      vertex -8.35612 3.48794 14
      vertex -8.13195 3.9827 14
    endloop
  endfacet
  facet normal -0.644196 0.292036 0.706914
    outer loop
      vertex -8.35612 3.48794 14
      vertex -9.75213 4.03947 12.5
      vertex -8.36632 3.46544 14
    endloop
  endfacet
  facet normal -0.64419 0.292033 0.706921
    outer loop
      vertex -9.46706 4.66864 12.5
      vertex -8.13195 3.9827 14
      vertex -8.12175 4.0052 14
    endloop
  endfacet
  facet normal -0.644252 0.291903 0.706917
    outer loop
      vertex -8.13195 3.9827 14
      vertex -9.46706 4.66864 12.5
      vertex -9.75213 4.03947 12.5
    endloop
  endfacet
  facet normal -0.623859 0.333259 -0.706921
    outer loop
      vertex -9.46706 4.66864 12.5
      vertex -8.11011 4.02699 11
      vertex -8.12175 4.0052 11
    endloop
  endfacet
  facet normal -0.623781 0.333414 -0.706917
    outer loop
      vertex -8.11011 4.02699 11
      vertex -9.46706 4.66864 12.5
      vertex -9.14145 5.27782 12.5
    endloop
  endfacet
  facet normal -0.623865 0.333262 -0.706915
    outer loop
      vertex -7.85405 4.50603 11
      vertex -9.14145 5.27782 12.5
      vertex -7.84241 4.52782 11
    endloop
  endfacet
  facet normal -0.623773 0.333424 -0.706919
    outer loop
      vertex -9.14145 5.27782 12.5
      vertex -7.85405 4.50603 11
      vertex -8.11011 4.02699 11
    endloop
  endfacet
  facet normal -0.623859 0.333259 0.706921
    outer loop
      vertex -8.11011 4.02699 14
      vertex -9.46706 4.66864 12.5
      vertex -8.12175 4.0052 14
    endloop
  endfacet
  facet normal -0.623776 0.333425 0.706917
    outer loop
      vertex -9.46706 4.66864 12.5
      vertex -8.11011 4.02699 14
      vertex -7.85405 4.50603 14
    endloop
  endfacet
  facet normal -0.623865 0.333262 0.706915
    outer loop
      vertex -9.14145 5.27782 12.5
      vertex -7.85405 4.50603 14
      vertex -7.84241 4.52782 14
    endloop
  endfacet
  facet normal -0.623779 0.333413 0.706919
    outer loop
      vertex -7.85405 4.50603 14
      vertex -9.14145 5.27782 12.5
      vertex -9.46706 4.66864 12.5
    endloop
  endfacet
  facet normal -0.60059 0.373579 -0.706916
    outer loop
      vertex -9.14145 5.27782 12.5
      vertex -7.82936 4.5488 11
      vertex -7.84241 4.52782 11
    endloop
  endfacet
  facet normal -0.600636 0.373501 -0.706919
    outer loop
      vertex -7.82936 4.5488 11
      vertex -9.14145 5.27782 12.5
      vertex -8.77669 5.8644 12.5
    endloop
  endfacet
  facet normal -0.600637 0.3735 -0.706918
    outer loop
      vertex -8.77669 5.8644 12.5
      vertex -7.54253 5.01006 11
      vertex -7.82936 4.5488 11
    endloop
  endfacet
  facet normal -0.600586 0.373577 -0.706921
    outer loop
      vertex -7.54253 5.01006 11
      vertex -8.77669 5.8644 12.5
      vertex -7.52948 5.03104 11
    endloop
  endfacet
  facet normal -0.60059 0.373579 0.706916
    outer loop
      vertex -7.82936 4.5488 14
      vertex -9.14145 5.27782 12.5
      vertex -7.84241 4.52782 14
    endloop
  endfacet
  facet normal -0.600636 0.3735 0.706919
    outer loop
      vertex -9.14145 5.27782 12.5
      vertex -7.82936 4.5488 14
      vertex -7.54253 5.01006 14
    endloop
  endfacet
  facet normal -0.600586 0.373577 0.706921
    outer loop
      vertex -8.77669 5.8644 12.5
      vertex -7.54253 5.01006 14
      vertex -7.52948 5.03104 14
    endloop
  endfacet
  facet normal -0.600636 0.373501 0.706918
    outer loop
      vertex -7.54253 5.01006 14
      vertex -8.77669 5.8644 12.5
      vertex -9.14145 5.27782 12.5
    endloop
  endfacet
  facet normal -0.575043 0.411809 -0.706923
    outer loop
      vertex -8.77669 5.8644 12.5
      vertex -7.5151 5.05112 11
      vertex -7.52948 5.03104 11
    endloop
  endfacet
  facet normal -0.574922 0.411987 -0.706917
    outer loop
      vertex -7.5151 5.05112 11
      vertex -8.77669 5.8644 12.5
      vertex -8.37435 6.42586 12.5
    endloop
  endfacet
  facet normal -0.574911 0.412001 -0.706917
    outer loop
      vertex -7.19871 5.49264 11
      vertex -8.37435 6.42586 12.5
      vertex -7.18432 5.51272 11
    endloop
  endfacet
  facet normal -0.574923 0.411986 -0.706917
    outer loop
      vertex -8.37435 6.42586 12.5
      vertex -7.19871 5.49264 11
      vertex -7.5151 5.05112 11
    endloop
  endfacet
  facet normal -0.575043 0.411809 0.706923
    outer loop
      vertex -7.5151 5.05112 14
      vertex -8.77669 5.8644 12.5
      vertex -7.52948 5.03104 14
    endloop
  endfacet
  facet normal -0.574923 0.411985 0.706917
    outer loop
      vertex -8.77669 5.8644 12.5
      vertex -7.5151 5.05112 14
      vertex -7.19871 5.49264 14
    endloop
  endfacet
  facet normal -0.574911 0.412001 0.706917
    outer loop
      vertex -8.37435 6.42586 12.5
      vertex -7.19871 5.49264 14
      vertex -7.18432 5.51272 14
    endloop
  endfacet
  facet normal -0.574922 0.411987 0.706917
    outer loop
      vertex -7.19871 5.49264 14
      vertex -8.37435 6.42586 12.5
      vertex -8.77669 5.8644 12.5
    endloop
  endfacet
  facet normal -0.546816 0.448618 -0.706919
    outer loop
      vertex -8.37435 6.42586 12.5
      vertex -7.16865 5.53182 11
      vertex -7.18432 5.51272 11
    endloop
  endfacet
  facet normal -0.546749 0.448704 -0.706916
    outer loop
      vertex -7.16865 5.53182 11
      vertex -8.37435 6.42586 12.5
      vertex -7.93615 6.95981 12.5
    endloop
  endfacet
  facet normal -0.546701 0.448758 -0.706919
    outer loop
      vertex -6.82406 5.9517 11
      vertex -7.93615 6.95981 12.5
      vertex -6.80839 5.97079 11
    endloop
  endfacet
  facet normal -0.546745 0.448707 -0.706917
    outer loop
      vertex -7.93615 6.95981 12.5
      vertex -6.82406 5.9517 11
      vertex -7.16865 5.53182 11
    endloop
  endfacet
  facet normal -0.546816 0.448618 0.706919
    outer loop
      vertex -7.16865 5.53182 14
      vertex -8.37435 6.42586 12.5
      vertex -7.18432 5.51272 14
    endloop
  endfacet
  facet normal -0.546746 0.448707 0.706916
    outer loop
      vertex -8.37435 6.42586 12.5
      vertex -7.16865 5.53182 14
      vertex -6.82406 5.9517 14
    endloop
  endfacet
  facet normal -0.546701 0.448758 0.706919
    outer loop
      vertex -7.93615 6.95981 12.5
      vertex -6.82406 5.9517 14
      vertex -6.80839 5.97079 14
    endloop
  endfacet
  facet normal -0.546748 0.448703 0.706917
    outer loop
      vertex -6.82406 5.9517 14
      vertex -7.93615 6.95981 12.5
      vertex -8.37435 6.42586 12.5
    endloop
  endfacet
  facet normal -0.516187 0.483549 -0.706917
    outer loop
      vertex -7.93615 6.95981 12.5
      vertex -6.7915 5.98882 11
      vertex -6.80839 5.97079 11
    endloop
  endfacet
  facet normal -0.516228 0.483503 -0.706918
    outer loop
      vertex -6.7915 5.98882 11
      vertex -7.93615 6.95981 12.5
      vertex -7.46396 7.46396 12.5
    endloop
  endfacet
  facet normal -0.516234 0.483499 -0.706917
    outer loop
      vertex -7.46396 7.46396 12.5
      vertex -6.42019 6.38527 11
      vertex -6.7915 5.98882 11
    endloop
  endfacet
  facet normal -0.516186 0.483548 -0.706918
    outer loop
      vertex -6.42019 6.38527 11
      vertex -7.46396 7.46396 12.5
      vertex -6.4033 6.4033 11
    endloop
  endfacet
  facet normal -0.516233 0.483497 0.706918
    outer loop
      vertex -7.93615 6.95981 12.5
      vertex -6.7915 5.98882 14
      vertex -6.42019 6.38527 14
    endloop
  endfacet
  facet normal -0.516187 0.483549 0.706917
    outer loop
      vertex -6.7915 5.98882 14
      vertex -7.93615 6.95981 12.5
      vertex -6.80839 5.97079 14
    endloop
  endfacet
  facet normal -0.516186 0.483548 0.706918
    outer loop
      vertex -7.46396 7.46396 12.5
      vertex -6.42019 6.38527 14
      vertex -6.4033 6.4033 14
    endloop
  endfacet
  facet normal -0.516229 0.483504 0.706917
    outer loop
      vertex -6.42019 6.38527 14
      vertex -7.46396 7.46396 12.5
      vertex -7.93615 6.95981 12.5
    endloop
  endfacet
  facet normal -0.483548 0.516186 -0.706918
    outer loop
      vertex -7.46396 7.46396 12.5
      vertex -6.38527 6.42019 11
      vertex -6.4033 6.4033 11
    endloop
  endfacet
  facet normal -0.483504 0.516229 -0.706917
    outer loop
      vertex -6.38527 6.42019 11
      vertex -7.46396 7.46396 12.5
      vertex -6.95981 7.93615 12.5
    endloop
  endfacet
  facet normal -0.483497 0.516233 -0.706918
    outer loop
      vertex -6.95981 7.93615 12.5
      vertex -5.98882 6.7915 11
      vertex -6.38527 6.42019 11
    endloop
  endfacet
  facet normal -0.483549 0.516187 -0.706917
    outer loop
      vertex -5.98882 6.7915 11
      vertex -6.95981 7.93615 12.5
      vertex -5.97079 6.80839 11
    endloop
  endfacet
  facet normal -0.483499 0.516234 0.706917
    outer loop
      vertex -7.46396 7.46396 12.5
      vertex -6.38527 6.42019 14
      vertex -5.98882 6.7915 14
    endloop
  endfacet
  facet normal -0.483548 0.516186 0.706918
    outer loop
      vertex -6.38527 6.42019 14
      vertex -7.46396 7.46396 12.5
      vertex -6.4033 6.4033 14
    endloop
  endfacet
  facet normal -0.483549 0.516187 0.706917
    outer loop
      vertex -6.95981 7.93615 12.5
      vertex -5.98882 6.7915 14
      vertex -5.97079 6.80839 14
    endloop
  endfacet
  facet normal -0.483503 0.516228 0.706918
    outer loop
      vertex -5.98882 6.7915 14
      vertex -6.95981 7.93615 12.5
      vertex -7.46396 7.46396 12.5
    endloop
  endfacet
  facet normal -0.448758 0.546701 -0.706919
    outer loop
      vertex -6.95981 7.93615 12.5
      vertex -5.9517 6.82406 11
      vertex -5.97079 6.80839 11
    endloop
  endfacet
  facet normal -0.448703 0.546748 -0.706917
    outer loop
      vertex -5.9517 6.82406 11
      vertex -6.95981 7.93615 12.5
      vertex -6.42586 8.37435 12.5
    endloop
  endfacet
  facet normal -0.448618 0.546816 -0.706919
    outer loop
      vertex -5.53182 7.16865 11
      vertex -6.42586 8.37435 12.5
      vertex -5.51272 7.18432 11
    endloop
  endfacet
  facet normal -0.448707 0.546746 -0.706916
    outer loop
      vertex -6.42586 8.37435 12.5
      vertex -5.53182 7.16865 11
      vertex -5.9517 6.82406 11
    endloop
  endfacet
  facet normal -0.448758 0.546701 0.706919
    outer loop
      vertex -5.9517 6.82406 14
      vertex -6.95981 7.93615 12.5
      vertex -5.97079 6.80839 14
    endloop
  endfacet
  facet normal -0.448707 0.546745 0.706917
    outer loop
      vertex -6.95981 7.93615 12.5
      vertex -5.9517 6.82406 14
      vertex -5.53182 7.16865 14
    endloop
  endfacet
  facet normal -0.448618 0.546816 0.706919
    outer loop
      vertex -6.42586 8.37435 12.5
      vertex -5.53182 7.16865 14
      vertex -5.51272 7.18432 14
    endloop
  endfacet
  facet normal -0.448704 0.546749 0.706916
    outer loop
      vertex -5.53182 7.16865 14
      vertex -6.42586 8.37435 12.5
      vertex -6.95981 7.93615 12.5
    endloop
  endfacet
  facet normal -0.412001 0.574911 -0.706917
    outer loop
      vertex -6.42586 8.37435 12.5
      vertex -5.49264 7.19871 11
      vertex -5.51272 7.18432 11
    endloop
  endfacet
  facet normal -0.411987 0.574922 -0.706917
    outer loop
      vertex -5.49264 7.19871 11
      vertex -6.42586 8.37435 12.5
      vertex -5.8644 8.77669 12.5
    endloop
  endfacet
  facet normal -0.411809 0.575043 -0.706923
    outer loop
      vertex -5.05112 7.5151 11
      vertex -5.8644 8.77669 12.5
      vertex -5.03104 7.52948 11
    endloop
  endfacet
  facet normal -0.411985 0.574923 -0.706917
    outer loop
      vertex -5.8644 8.77669 12.5
      vertex -5.05112 7.5151 11
      vertex -5.49264 7.19871 11
    endloop
  endfacet
  facet normal -0.412001 0.574911 0.706917
    outer loop
      vertex -5.49264 7.19871 14
      vertex -6.42586 8.37435 12.5
      vertex -5.51272 7.18432 14
    endloop
  endfacet
  facet normal -0.411986 0.574923 0.706917
    outer loop
      vertex -6.42586 8.37435 12.5
      vertex -5.49264 7.19871 14
      vertex -5.05112 7.5151 14
    endloop
  endfacet
  facet normal -0.411809 0.575043 0.706923
    outer loop
      vertex -5.8644 8.77669 12.5
      vertex -5.05112 7.5151 14
      vertex -5.03104 7.52948 14
    endloop
  endfacet
  facet normal -0.411987 0.574922 0.706917
    outer loop
      vertex -5.05112 7.5151 14
      vertex -5.8644 8.77669 12.5
      vertex -6.42586 8.37435 12.5
    endloop
  endfacet
  facet normal -0.373577 0.600586 -0.706921
    outer loop
      vertex -5.8644 8.77669 12.5
      vertex -5.01006 7.54253 11
      vertex -5.03104 7.52948 11
    endloop
  endfacet
  facet normal -0.373501 0.600636 -0.706918
    outer loop
      vertex -5.01006 7.54253 11
      vertex -5.8644 8.77669 12.5
      vertex -5.27782 9.14145 12.5
    endloop
  endfacet
  facet normal -0.373579 0.60059 -0.706916
    outer loop
      vertex -4.5488 7.82936 11
      vertex -5.27782 9.14145 12.5
      vertex -4.52782 7.84241 11
    endloop
  endfacet
  facet normal -0.3735 0.600636 -0.706919
    outer loop
      vertex -5.27782 9.14145 12.5
      vertex -4.5488 7.82936 11
      vertex -5.01006 7.54253 11
    endloop
  endfacet
  facet normal -0.3735 0.600637 0.706918
    outer loop
      vertex -5.8644 8.77669 12.5
      vertex -5.01006 7.54253 14
      vertex -4.5488 7.82936 14
    endloop
  endfacet
  facet normal -0.373577 0.600586 0.706921
    outer loop
      vertex -5.01006 7.54253 14
      vertex -5.8644 8.77669 12.5
      vertex -5.03104 7.52948 14
    endloop
  endfacet
  facet normal -0.373579 0.60059 0.706916
    outer loop
      vertex -5.27782 9.14145 12.5
      vertex -4.5488 7.82936 14
      vertex -4.52782 7.84241 14
    endloop
  endfacet
  facet normal -0.373501 0.600636 0.706919
    outer loop
      vertex -4.5488 7.82936 14
      vertex -5.27782 9.14145 12.5
      vertex -5.8644 8.77669 12.5
    endloop
  endfacet
  facet normal -0.333262 0.623865 -0.706915
    outer loop
      vertex -5.27782 9.14145 12.5
      vertex -4.50603 7.85405 11
      vertex -4.52782 7.84241 11
    endloop
  endfacet
  facet normal -0.333413 0.623779 -0.706919
    outer loop
      vertex -4.50603 7.85405 11
      vertex -5.27782 9.14145 12.5
      vertex -4.66864 9.46706 12.5
    endloop
  endfacet
  facet normal -0.333259 0.623859 -0.706921
    outer loop
      vertex -4.02699 8.11011 11
      vertex -4.66864 9.46706 12.5
      vertex -4.0052 8.12175 11
    endloop
  endfacet
  facet normal -0.333425 0.623776 -0.706917
    outer loop
      vertex -4.66864 9.46706 12.5
      vertex -4.02699 8.11011 11
      vertex -4.50603 7.85405 11
    endloop
  endfacet
  facet normal -0.333262 0.623865 0.706915
    outer loop
      vertex -4.50603 7.85405 14
      vertex -5.27782 9.14145 12.5
      vertex -4.52782 7.84241 14
    endloop
  endfacet
  facet normal -0.333424 0.623773 0.706919
    outer loop
      vertex -5.27782 9.14145 12.5
      vertex -4.50603 7.85405 14
      vertex -4.02699 8.11011 14
    endloop
  endfacet
  facet normal -0.333259 0.623859 0.706921
    outer loop
      vertex -4.66864 9.46706 12.5
      vertex -4.02699 8.11011 14
      vertex -4.0052 8.12175 14
    endloop
  endfacet
  facet normal -0.333414 0.623781 0.706917
    outer loop
      vertex -4.02699 8.11011 14
      vertex -4.66864 9.46706 12.5
      vertex -5.27782 9.14145 12.5
    endloop
  endfacet
  facet normal -0.292033 0.64419 -0.706921
    outer loop
      vertex -4.66864 9.46706 12.5
      vertex -3.9827 8.13195 11
      vertex -4.0052 8.12175 11
    endloop
  endfacet
  facet normal -0.291903 0.644252 -0.706917
    outer loop
      vertex -3.9827 8.13195 11
      vertex -4.66864 9.46706 12.5
      vertex -4.03947 9.75213 12.5
    endloop
  endfacet
  facet normal -0.291903 0.644252 -0.706917
    outer loop
      vertex -4.03947 9.75213 12.5
      vertex -3.48794 8.35612 11
      vertex -3.9827 8.13195 11
    endloop
  endfacet
  facet normal -0.292036 0.644196 -0.706914
    outer loop
      vertex -3.48794 8.35612 11
      vertex -4.03947 9.75213 12.5
      vertex -3.46544 8.36632 11
    endloop
  endfacet
  facet normal -0.292033 0.64419 0.706921
    outer loop
      vertex -3.9827 8.13195 14
      vertex -4.66864 9.46706 12.5
      vertex -4.0052 8.12175 14
    endloop
  endfacet
  facet normal -0.291903 0.644252 0.706917
    outer loop
      vertex -4.66864 9.46706 12.5
      vertex -3.9827 8.13195 14
      vertex -3.48794 8.35612 14
    endloop
  endfacet
  facet normal -0.292036 0.644196 0.706914
    outer loop
      vertex -4.03947 9.75213 12.5
      vertex -3.48794 8.35612 14
      vertex -3.46544 8.36632 14
    endloop
  endfacet
  facet normal -0.291903 0.644252 0.706917
    outer loop
      vertex -3.48794 8.35612 14
      vertex -4.03947 9.75213 12.5
      vertex -4.66864 9.46706 12.5
    endloop
  endfacet
  facet normal -0.249102 0.661981 -0.706915
    outer loop
      vertex -4.03947 9.75213 12.5
      vertex -3.44232 8.37502 11
      vertex -3.46544 8.36632 11
    endloop
  endfacet
  facet normal -0.249151 0.661962 -0.706916
    outer loop
      vertex -3.44232 8.37502 11
      vertex -4.03947 9.75213 12.5
      vertex -3.393 9.99545 12.5
    endloop
  endfacet
  facet normal -0.2491 0.661977 -0.706919
    outer loop
      vertex -2.93396 8.56635 11
      vertex -3.393 9.99545 12.5
      vertex -2.91084 8.57505 11
    endloop
  endfacet
  facet normal -0.249141 0.661963 -0.706918
    outer loop
      vertex -3.393 9.99545 12.5
      vertex -2.93396 8.56635 11
      vertex -3.44232 8.37502 11
    endloop
  endfacet
  facet normal -0.249142 0.661965 0.706916
    outer loop
      vertex -4.03947 9.75213 12.5
      vertex -3.44232 8.37502 14
      vertex -2.93396 8.56635 14
    endloop
  endfacet
  facet normal -0.249102 0.661981 0.706915
    outer loop
      vertex -3.44232 8.37502 14
      vertex -4.03947 9.75213 12.5
      vertex -3.46544 8.36632 14
    endloop
  endfacet
  facet normal -0.2491 0.661977 0.706919
    outer loop
      vertex -3.393 9.99545 12.5
      vertex -2.93396 8.56635 14
      vertex -2.91084 8.57505 14
    endloop
  endfacet
  facet normal -0.24915 0.66196 0.706918
    outer loop
      vertex -2.93396 8.56635 14
      vertex -3.393 9.99545 12.5
      vertex -4.03947 9.75213 12.5
    endloop
  endfacet
  facet normal -0.205288 0.676848 -0.706918
    outer loop
      vertex -3.393 9.99545 12.5
      vertex -2.8872 8.58222 11
      vertex -2.91084 8.57505 11
    endloop
  endfacet
  facet normal -0.205352 0.676827 -0.70692
    outer loop
      vertex -2.8872 8.58222 11
      vertex -3.393 9.99545 12.5
      vertex -2.732 10.196 12.5
    endloop
  endfacet
  facet normal -0.205285 0.67684 -0.706927
    outer loop
      vertex -2.36741 8.7399 11
      vertex -2.732 10.196 12.5
      vertex -2.34377 8.74707 11
    endloop
  endfacet
  facet normal -0.205319 0.67683 -0.706926
    outer loop
      vertex -2.732 10.196 12.5
      vertex -2.36741 8.7399 11
      vertex -2.8872 8.58222 11
    endloop
  endfacet
  facet normal -0.205321 0.676837 0.706919
    outer loop
      vertex -3.393 9.99545 12.5
      vertex -2.8872 8.58222 14
      vertex -2.36741 8.7399 14
    endloop
  endfacet
  facet normal -0.205288 0.676848 0.706918
    outer loop
      vertex -2.8872 8.58222 14
      vertex -3.393 9.99545 12.5
      vertex -2.91084 8.57505 14
    endloop
  endfacet
  facet normal -0.205285 0.67684 0.706927
    outer loop
      vertex -2.732 10.196 12.5
      vertex -2.36741 8.7399 14
      vertex -2.34377 8.74707 14
    endloop
  endfacet
  facet normal -0.20535 0.676822 0.706926
    outer loop
      vertex -2.36741 8.7399 14
      vertex -2.732 10.196 12.5
      vertex -3.393 9.99545 12.5
    endloop
  endfacet
  facet normal -0.160608 0.68881 -0.706927
    outer loop
      vertex -2.732 10.196 12.5
      vertex -2.31971 8.75268 11
      vertex -2.34377 8.74707 11
    endloop
  endfacet
  facet normal -0.160558 0.688823 -0.706926
    outer loop
      vertex -2.31971 8.75268 11
      vertex -2.732 10.196 12.5
      vertex -2.0593 10.3528 12.5
    endloop
  endfacet
  facet normal -0.160674 0.688808 -0.706914
    outer loop
      vertex -1.79072 8.87602 11
      vertex -2.0593 10.3528 12.5
      vertex -1.76667 8.88163 11
    endloop
  endfacet
  facet normal -0.160607 0.688822 -0.706916
    outer loop
      vertex -2.0593 10.3528 12.5
      vertex -1.79072 8.87602 11
      vertex -2.31971 8.75268 11
    endloop
  endfacet
  facet normal -0.160604 0.688811 0.706927
    outer loop
      vertex -2.732 10.196 12.5
      vertex -2.31971 8.75268 14
      vertex -1.79072 8.87602 14
    endloop
  endfacet
  facet normal -0.160608 0.68881 0.706927
    outer loop
      vertex -2.31971 8.75268 14
      vertex -2.732 10.196 12.5
      vertex -2.34377 8.74707 14
    endloop
  endfacet
  facet normal -0.160674 0.688808 0.706914
    outer loop
      vertex -2.0593 10.3528 12.5
      vertex -1.79072 8.87602 14
      vertex -1.76667 8.88163 14
    endloop
  endfacet
  facet normal -0.16056 0.688831 0.706917
    outer loop
      vertex -1.79072 8.87602 14
      vertex -2.0593 10.3528 12.5
      vertex -2.732 10.196 12.5
    endloop
  endfacet
  facet normal -0.11535 0.697827 -0.706918
    outer loop
      vertex -2.0593 10.3528 12.5
      vertex -1.74229 8.88566 11
      vertex -1.76667 8.88163 11
    endloop
  endfacet
  facet normal -0.115198 0.697855 -0.706914
    outer loop
      vertex -1.74229 8.88566 11
      vertex -2.0593 10.3528 12.5
      vertex -1.37779 10.4653 12.5
    endloop
  endfacet
  facet normal -0.115118 0.69787 -0.706913
    outer loop
      vertex -1.20637 8.97414 11
      vertex -1.37779 10.4653 12.5
      vertex -1.182 8.97816 11
    endloop
  endfacet
  facet normal -0.115216 0.697856 -0.70691
    outer loop
      vertex -1.37779 10.4653 12.5
      vertex -1.20637 8.97414 11
      vertex -1.74229 8.88566 11
    endloop
  endfacet
  facet normal -0.115215 0.697852 0.706914
    outer loop
      vertex -2.0593 10.3528 12.5
      vertex -1.74229 8.88566 14
      vertex -1.20637 8.97414 14
    endloop
  endfacet
  facet normal -0.11535 0.697827 0.706918
    outer loop
      vertex -1.74229 8.88566 14
      vertex -2.0593 10.3528 12.5
      vertex -1.76667 8.88163 14
    endloop
  endfacet
  facet normal -0.115118 0.69787 0.706913
    outer loop
      vertex -1.37779 10.4653 12.5
      vertex -1.20637 8.97414 14
      vertex -1.182 8.97816 14
    endloop
  endfacet
  facet normal -0.115199 0.697859 0.706911
    outer loop
      vertex -1.20637 8.97414 14
      vertex -1.37779 10.4653 12.5
      vertex -2.0593 10.3528 12.5
    endloop
  endfacet
  facet normal -0.0692739 0.703903 -0.70691
    outer loop
      vertex -1.37779 10.4653 12.5
      vertex -1.15741 8.98058 11
      vertex -1.182 8.97816 11
    endloop
  endfacet
  facet normal -0.0693229 0.703897 -0.706911
    outer loop
      vertex -1.15741 8.98058 11
      vertex -1.37779 10.4653 12.5
      vertex -0.690372 10.533 12.5
    endloop
  endfacet
  facet normal -0.069572 0.703879 -0.706904
    outer loop
      vertex -0.616851 9.03382 11
      vertex -0.690372 10.533 12.5
      vertex -0.592266 9.03625 11
    endloop
  endfacet
  facet normal -0.0693273 0.703897 -0.70691
    outer loop
      vertex -0.690372 10.533 12.5
      vertex -0.616851 9.03382 11
      vertex -1.15741 8.98058 11
    endloop
  endfacet
  facet normal -0.0693272 0.703896 0.706911
    outer loop
      vertex -1.37779 10.4653 12.5
      vertex -1.15741 8.98058 14
      vertex -0.616851 9.03382 14
    endloop
  endfacet
  facet normal -0.0692739 0.703903 0.70691
    outer loop
      vertex -1.15741 8.98058 14
      vertex -1.37779 10.4653 12.5
      vertex -1.182 8.97816 14
    endloop
  endfacet
  facet normal -0.069572 0.703879 0.706904
    outer loop
      vertex -0.690372 10.533 12.5
      vertex -0.616851 9.03382 14
      vertex -0.592266 9.03625 14
    endloop
  endfacet
  facet normal -0.069323 0.703898 0.706911
    outer loop
      vertex -0.616851 9.03382 14
      vertex -0.690372 10.533 12.5
      vertex -1.37779 10.4653 12.5
    endloop
  endfacet
  facet normal -0.0231419 0.706925 -0.70691
    outer loop
      vertex -0.567576 9.03705 11
      vertex -0.690372 10.533 12.5
      vertex 0 10.5556 12.5
    endloop
  endfacet
  facet normal -0.0229061 0.706938 -0.706904
    outer loop
      vertex -0.690372 10.533 12.5
      vertex -0.567576 9.03705 11
      vertex -0.592266 9.03625 11
    endloop
  endfacet
  facet normal -0.0229056 0.706928 -0.706914
    outer loop
      vertex -0.0246901 9.05483 11
      vertex 0 10.5556 12.5
      vertex 0 9.05563 11
    endloop
  endfacet
  facet normal -0.0231525 0.706926 -0.706908
    outer loop
      vertex 0 10.5556 12.5
      vertex -0.0246901 9.05483 11
      vertex -0.567576 9.03705 11
    endloop
  endfacet
  facet normal -0.0231524 0.706924 0.706911
    outer loop
      vertex -0.690372 10.533 12.5
      vertex -0.567576 9.03705 14
      vertex -0.0246901 9.05483 14
    endloop
  endfacet
  facet normal -0.0229061 0.706938 0.706904
    outer loop
      vertex -0.567576 9.03705 14
      vertex -0.690372 10.533 12.5
      vertex -0.592266 9.03625 14
    endloop
  endfacet
  facet normal -0.0229056 0.706928 0.706914
    outer loop
      vertex 0 10.5556 12.5
      vertex -0.0246901 9.05483 14
      vertex 0 9.05563 14
    endloop
  endfacet
  facet normal -0.0231419 0.706926 0.706908
    outer loop
      vertex -0.0246901 9.05483 14
      vertex 0 10.5556 12.5
      vertex -0.690372 10.533 12.5
    endloop
  endfacet
  facet normal 0.0231419 0.706926 -0.706908
    outer loop
      vertex 0.0246901 9.05483 11
      vertex 0 10.5556 12.5
      vertex 0.690372 10.533 12.5
    endloop
  endfacet
  facet normal 0.0229056 0.706928 -0.706914
    outer loop
      vertex 0 10.5556 12.5
      vertex 0.0246901 9.05483 11
      vertex 0 9.05563 11
    endloop
  endfacet
  facet normal 0.0229061 0.706938 -0.706904
    outer loop
      vertex 0.567576 9.03705 11
      vertex 0.690372 10.533 12.5
      vertex 0.592266 9.03625 11
    endloop
  endfacet
  facet normal 0.0231524 0.706924 -0.706911
    outer loop
      vertex 0.690372 10.533 12.5
      vertex 0.567576 9.03705 11
      vertex 0.0246901 9.05483 11
    endloop
  endfacet
  facet normal 0.0231525 0.706926 0.706908
    outer loop
      vertex 0 10.5556 12.5
      vertex 0.0246901 9.05483 14
      vertex 0.567576 9.03705 14
    endloop
  endfacet
  facet normal 0.0229056 0.706928 0.706914
    outer loop
      vertex 0.0246901 9.05483 14
      vertex 0 10.5556 12.5
      vertex 0 9.05563 14
    endloop
  endfacet
  facet normal 0.0229061 0.706938 0.706904
    outer loop
      vertex 0.690372 10.533 12.5
      vertex 0.567576 9.03705 14
      vertex 0.592266 9.03625 14
    endloop
  endfacet
  facet normal 0.0231419 0.706925 0.70691
    outer loop
      vertex 0.567576 9.03705 14
      vertex 0.690372 10.533 12.5
      vertex 0 10.5556 12.5
    endloop
  endfacet
  facet normal 0.069323 0.703898 -0.706911
    outer loop
      vertex 0.616851 9.03382 11
      vertex 0.690372 10.533 12.5
      vertex 1.37779 10.4653 12.5
    endloop
  endfacet
  facet normal 0.069572 0.703879 -0.706904
    outer loop
      vertex 0.690372 10.533 12.5
      vertex 0.616851 9.03382 11
      vertex 0.592266 9.03625 11
    endloop
  endfacet
  facet normal 0.0692739 0.703903 -0.70691
    outer loop
      vertex 1.15741 8.98058 11
      vertex 1.37779 10.4653 12.5
      vertex 1.182 8.97816 11
    endloop
  endfacet
  facet normal 0.0693272 0.703896 -0.706911
    outer loop
      vertex 1.37779 10.4653 12.5
      vertex 1.15741 8.98058 11
      vertex 0.616851 9.03382 11
    endloop
  endfacet
  facet normal 0.0693273 0.703897 0.70691
    outer loop
      vertex 0.690372 10.533 12.5
      vertex 0.616851 9.03382 14
      vertex 1.15741 8.98058 14
    endloop
  endfacet
  facet normal 0.069572 0.703879 0.706904
    outer loop
      vertex 0.616851 9.03382 14
      vertex 0.690372 10.533 12.5
      vertex 0.592266 9.03625 14
    endloop
  endfacet
  facet normal 0.0692739 0.703903 0.70691
    outer loop
      vertex 1.37779 10.4653 12.5
      vertex 1.15741 8.98058 14
      vertex 1.182 8.97816 14
    endloop
  endfacet
  facet normal 0.0693229 0.703897 0.706911
    outer loop
      vertex 1.15741 8.98058 14
      vertex 1.37779 10.4653 12.5
      vertex 0.690372 10.533 12.5
    endloop
  endfacet
  facet normal 0.115199 0.697859 -0.706911
    outer loop
      vertex 1.20637 8.97414 11
      vertex 1.37779 10.4653 12.5
      vertex 2.0593 10.3528 12.5
    endloop
  endfacet
  facet normal 0.115118 0.69787 -0.706913
    outer loop
      vertex 1.37779 10.4653 12.5
      vertex 1.20637 8.97414 11
      vertex 1.182 8.97816 11
    endloop
  endfacet
  facet normal 0.11535 0.697827 -0.706918
    outer loop
      vertex 1.74229 8.88566 11
      vertex 2.0593 10.3528 12.5
      vertex 1.76667 8.88163 11
    endloop
  endfacet
  facet normal 0.115215 0.697852 -0.706914
    outer loop
      vertex 2.0593 10.3528 12.5
      vertex 1.74229 8.88566 11
      vertex 1.20637 8.97414 11
    endloop
  endfacet
  facet normal 0.115216 0.697856 0.70691
    outer loop
      vertex 1.37779 10.4653 12.5
      vertex 1.20637 8.97414 14
      vertex 1.74229 8.88566 14
    endloop
  endfacet
  facet normal 0.115118 0.69787 0.706913
    outer loop
      vertex 1.20637 8.97414 14
      vertex 1.37779 10.4653 12.5
      vertex 1.182 8.97816 14
    endloop
  endfacet
  facet normal 0.11535 0.697827 0.706918
    outer loop
      vertex 2.0593 10.3528 12.5
      vertex 1.74229 8.88566 14
      vertex 1.76667 8.88163 14
    endloop
  endfacet
  facet normal 0.115198 0.697855 0.706914
    outer loop
      vertex 1.74229 8.88566 14
      vertex 2.0593 10.3528 12.5
      vertex 1.37779 10.4653 12.5
    endloop
  endfacet
  facet normal 0.16056 0.688831 -0.706917
    outer loop
      vertex 1.79072 8.87602 11
      vertex 2.0593 10.3528 12.5
      vertex 2.732 10.196 12.5
    endloop
  endfacet
  facet normal 0.160674 0.688808 -0.706914
    outer loop
      vertex 2.0593 10.3528 12.5
      vertex 1.79072 8.87602 11
      vertex 1.76667 8.88163 11
    endloop
  endfacet
  facet normal 0.160608 0.68881 -0.706927
    outer loop
      vertex 2.31971 8.75268 11
      vertex 2.732 10.196 12.5
      vertex 2.34377 8.74707 11
    endloop
  endfacet
  facet normal 0.160604 0.688811 -0.706927
    outer loop
      vertex 2.732 10.196 12.5
      vertex 2.31971 8.75268 11
      vertex 1.79072 8.87602 11
    endloop
  endfacet
  facet normal 0.160607 0.688822 0.706916
    outer loop
      vertex 2.0593 10.3528 12.5
      vertex 1.79072 8.87602 14
      vertex 2.31971 8.75268 14
    endloop
  endfacet
  facet normal 0.160674 0.688808 0.706914
    outer loop
      vertex 1.79072 8.87602 14
      vertex 2.0593 10.3528 12.5
      vertex 1.76667 8.88163 14
    endloop
  endfacet
  facet normal 0.160608 0.68881 0.706927
    outer loop
      vertex 2.732 10.196 12.5
      vertex 2.31971 8.75268 14
      vertex 2.34377 8.74707 14
    endloop
  endfacet
  facet normal 0.160558 0.688823 0.706926
    outer loop
      vertex 2.31971 8.75268 14
      vertex 2.732 10.196 12.5
      vertex 2.0593 10.3528 12.5
    endloop
  endfacet
  facet normal 0.20535 0.676822 -0.706926
    outer loop
      vertex 2.36741 8.7399 11
      vertex 2.732 10.196 12.5
      vertex 3.393 9.99545 12.5
    endloop
  endfacet
  facet normal 0.205285 0.67684 -0.706927
    outer loop
      vertex 2.732 10.196 12.5
      vertex 2.36741 8.7399 11
      vertex 2.34377 8.74707 11
    endloop
  endfacet
  facet normal 0.205288 0.676848 -0.706918
    outer loop
      vertex 2.8872 8.58222 11
      vertex 3.393 9.99545 12.5
      vertex 2.91084 8.57505 11
    endloop
  endfacet
  facet normal 0.205321 0.676837 -0.706919
    outer loop
      vertex 3.393 9.99545 12.5
      vertex 2.8872 8.58222 11
      vertex 2.36741 8.7399 11
    endloop
  endfacet
  facet normal 0.205319 0.67683 0.706926
    outer loop
      vertex 2.732 10.196 12.5
      vertex 2.36741 8.7399 14
      vertex 2.8872 8.58222 14
    endloop
  endfacet
  facet normal 0.205285 0.67684 0.706927
    outer loop
      vertex 2.36741 8.7399 14
      vertex 2.732 10.196 12.5
      vertex 2.34377 8.74707 14
    endloop
  endfacet
  facet normal 0.205288 0.676848 0.706918
    outer loop
      vertex 3.393 9.99545 12.5
      vertex 2.8872 8.58222 14
      vertex 2.91084 8.57505 14
    endloop
  endfacet
  facet normal 0.205352 0.676827 0.70692
    outer loop
      vertex 2.8872 8.58222 14
      vertex 3.393 9.99545 12.5
      vertex 2.732 10.196 12.5
    endloop
  endfacet
  facet normal 0.24915 0.66196 -0.706918
    outer loop
      vertex 2.93396 8.56635 11
      vertex 3.393 9.99545 12.5
      vertex 4.03947 9.75213 12.5
    endloop
  endfacet
  facet normal 0.2491 0.661977 -0.706919
    outer loop
      vertex 3.393 9.99545 12.5
      vertex 2.93396 8.56635 11
      vertex 2.91084 8.57505 11
    endloop
  endfacet
  facet normal 0.249102 0.661981 -0.706915
    outer loop
      vertex 3.44232 8.37502 11
      vertex 4.03947 9.75213 12.5
      vertex 3.46544 8.36632 11
    endloop
  endfacet
  facet normal 0.249142 0.661965 -0.706916
    outer loop
      vertex 4.03947 9.75213 12.5
      vertex 3.44232 8.37502 11
      vertex 2.93396 8.56635 11
    endloop
  endfacet
  facet normal 0.249141 0.661963 0.706918
    outer loop
      vertex 3.393 9.99545 12.5
      vertex 2.93396 8.56635 14
      vertex 3.44232 8.37502 14
    endloop
  endfacet
  facet normal 0.2491 0.661977 0.706919
    outer loop
      vertex 2.93396 8.56635 14
      vertex 3.393 9.99545 12.5
      vertex 2.91084 8.57505 14
    endloop
  endfacet
  facet normal 0.249102 0.661981 0.706915
    outer loop
      vertex 4.03947 9.75213 12.5
      vertex 3.44232 8.37502 14
      vertex 3.46544 8.36632 14
    endloop
  endfacet
  facet normal 0.249151 0.661962 0.706916
    outer loop
      vertex 3.44232 8.37502 14
      vertex 4.03947 9.75213 12.5
      vertex 3.393 9.99545 12.5
    endloop
  endfacet
  facet normal 0.291903 0.644252 -0.706917
    outer loop
      vertex 3.48794 8.35612 11
      vertex 4.03947 9.75213 12.5
      vertex 4.66864 9.46706 12.5
    endloop
  endfacet
  facet normal 0.292036 0.644196 -0.706914
    outer loop
      vertex 4.03947 9.75213 12.5
      vertex 3.48794 8.35612 11
      vertex 3.46544 8.36632 11
    endloop
  endfacet
  facet normal 0.292033 0.64419 -0.706921
    outer loop
      vertex 3.9827 8.13195 11
      vertex 4.66864 9.46706 12.5
      vertex 4.0052 8.12175 11
    endloop
  endfacet
  facet normal 0.291903 0.644252 -0.706917
    outer loop
      vertex 4.66864 9.46706 12.5
      vertex 3.9827 8.13195 11
      vertex 3.48794 8.35612 11
    endloop
  endfacet
  facet normal 0.291903 0.644252 0.706917
    outer loop
      vertex 4.03947 9.75213 12.5
      vertex 3.48794 8.35612 14
      vertex 3.9827 8.13195 14
    endloop
  endfacet
  facet normal 0.292036 0.644196 0.706914
    outer loop
      vertex 3.48794 8.35612 14
      vertex 4.03947 9.75213 12.5
      vertex 3.46544 8.36632 14
    endloop
  endfacet
  facet normal 0.291903 0.644252 0.706917
    outer loop
      vertex 3.9827 8.13195 14
      vertex 4.66864 9.46706 12.5
      vertex 4.03947 9.75213 12.5
    endloop
  endfacet
  facet normal 0.292033 0.64419 0.706921
    outer loop
      vertex 4.66864 9.46706 12.5
      vertex 3.9827 8.13195 14
      vertex 4.0052 8.12175 14
    endloop
  endfacet
  facet normal 0.333414 0.623781 -0.706917
    outer loop
      vertex 4.02699 8.11011 11
      vertex 4.66864 9.46706 12.5
      vertex 5.27782 9.14145 12.5
    endloop
  endfacet
  facet normal 0.333259 0.623859 -0.706921
    outer loop
      vertex 4.66864 9.46706 12.5
      vertex 4.02699 8.11011 11
      vertex 4.0052 8.12175 11
    endloop
  endfacet
  facet normal 0.333262 0.623865 -0.706915
    outer loop
      vertex 4.50603 7.85405 11
      vertex 5.27782 9.14145 12.5
      vertex 4.52782 7.84241 11
    endloop
  endfacet
  facet normal 0.333424 0.623773 -0.706919
    outer loop
      vertex 5.27782 9.14145 12.5
      vertex 4.50603 7.85405 11
      vertex 4.02699 8.11011 11
    endloop
  endfacet
  facet normal 0.333425 0.623776 0.706917
    outer loop
      vertex 4.66864 9.46706 12.5
      vertex 4.02699 8.11011 14
      vertex 4.50603 7.85405 14
    endloop
  endfacet
  facet normal 0.333259 0.623859 0.706921
    outer loop
      vertex 4.02699 8.11011 14
      vertex 4.66864 9.46706 12.5
      vertex 4.0052 8.12175 14
    endloop
  endfacet
  facet normal 0.333413 0.623779 0.706919
    outer loop
      vertex 4.50603 7.85405 14
      vertex 5.27782 9.14145 12.5
      vertex 4.66864 9.46706 12.5
    endloop
  endfacet
  facet normal 0.333262 0.623865 0.706915
    outer loop
      vertex 5.27782 9.14145 12.5
      vertex 4.50603 7.85405 14
      vertex 4.52782 7.84241 14
    endloop
  endfacet
  facet normal 0.373501 0.600636 -0.706919
    outer loop
      vertex 4.5488 7.82936 11
      vertex 5.27782 9.14145 12.5
      vertex 5.8644 8.77669 12.5
    endloop
  endfacet
  facet normal 0.373579 0.60059 -0.706916
    outer loop
      vertex 5.27782 9.14145 12.5
      vertex 4.5488 7.82936 11
      vertex 4.52782 7.84241 11
    endloop
  endfacet
  facet normal 0.373577 0.600586 -0.706921
    outer loop
      vertex 5.01006 7.54253 11
      vertex 5.8644 8.77669 12.5
      vertex 5.03104 7.52948 11
    endloop
  endfacet
  facet normal 0.3735 0.600637 -0.706918
    outer loop
      vertex 5.8644 8.77669 12.5
      vertex 5.01006 7.54253 11
      vertex 4.5488 7.82936 11
    endloop
  endfacet
  facet normal 0.3735 0.600636 0.706919
    outer loop
      vertex 5.27782 9.14145 12.5
      vertex 4.5488 7.82936 14
      vertex 5.01006 7.54253 14
    endloop
  endfacet
  facet normal 0.373579 0.60059 0.706916
    outer loop
      vertex 4.5488 7.82936 14
      vertex 5.27782 9.14145 12.5
      vertex 4.52782 7.84241 14
    endloop
  endfacet
  facet normal 0.373501 0.600636 0.706918
    outer loop
      vertex 5.01006 7.54253 14
      vertex 5.8644 8.77669 12.5
      vertex 5.27782 9.14145 12.5
    endloop
  endfacet
  facet normal 0.373577 0.600586 0.706921
    outer loop
      vertex 5.8644 8.77669 12.5
      vertex 5.01006 7.54253 14
      vertex 5.03104 7.52948 14
    endloop
  endfacet
  facet normal 0.411987 0.574922 -0.706917
    outer loop
      vertex 5.05112 7.5151 11
      vertex 5.8644 8.77669 12.5
      vertex 6.42586 8.37435 12.5
    endloop
  endfacet
  facet normal 0.411809 0.575043 -0.706923
    outer loop
      vertex 5.8644 8.77669 12.5
      vertex 5.05112 7.5151 11
      vertex 5.03104 7.52948 11
    endloop
  endfacet
  facet normal 0.412001 0.574911 -0.706917
    outer loop
      vertex 5.49264 7.19871 11
      vertex 6.42586 8.37435 12.5
      vertex 5.51272 7.18432 11
    endloop
  endfacet
  facet normal 0.411986 0.574923 -0.706917
    outer loop
      vertex 6.42586 8.37435 12.5
      vertex 5.49264 7.19871 11
      vertex 5.05112 7.5151 11
    endloop
  endfacet
  facet normal 0.411985 0.574923 0.706917
    outer loop
      vertex 5.8644 8.77669 12.5
      vertex 5.05112 7.5151 14
      vertex 5.49264 7.19871 14
    endloop
  endfacet
  facet normal 0.411809 0.575043 0.706923
    outer loop
      vertex 5.05112 7.5151 14
      vertex 5.8644 8.77669 12.5
      vertex 5.03104 7.52948 14
    endloop
  endfacet
  facet normal 0.411987 0.574922 0.706917
    outer loop
      vertex 5.49264 7.19871 14
      vertex 6.42586 8.37435 12.5
      vertex 5.8644 8.77669 12.5
    endloop
  endfacet
  facet normal 0.412001 0.574911 0.706917
    outer loop
      vertex 6.42586 8.37435 12.5
      vertex 5.49264 7.19871 14
      vertex 5.51272 7.18432 14
    endloop
  endfacet
  facet normal 0.448704 0.546749 -0.706916
    outer loop
      vertex 5.53182 7.16865 11
      vertex 6.42586 8.37435 12.5
      vertex 6.95981 7.93615 12.5
    endloop
  endfacet
  facet normal 0.448618 0.546816 -0.706919
    outer loop
      vertex 6.42586 8.37435 12.5
      vertex 5.53182 7.16865 11
      vertex 5.51272 7.18432 11
    endloop
  endfacet
  facet normal 0.448758 0.546701 -0.706919
    outer loop
      vertex 5.9517 6.82406 11
      vertex 6.95981 7.93615 12.5
      vertex 5.97079 6.80839 11
    endloop
  endfacet
  facet normal 0.448707 0.546745 -0.706917
    outer loop
      vertex 6.95981 7.93615 12.5
      vertex 5.9517 6.82406 11
      vertex 5.53182 7.16865 11
    endloop
  endfacet
  facet normal 0.448707 0.546746 0.706916
    outer loop
      vertex 6.42586 8.37435 12.5
      vertex 5.53182 7.16865 14
      vertex 5.9517 6.82406 14
    endloop
  endfacet
  facet normal 0.448618 0.546816 0.706919
    outer loop
      vertex 5.53182 7.16865 14
      vertex 6.42586 8.37435 12.5
      vertex 5.51272 7.18432 14
    endloop
  endfacet
  facet normal 0.448703 0.546748 0.706917
    outer loop
      vertex 5.9517 6.82406 14
      vertex 6.95981 7.93615 12.5
      vertex 6.42586 8.37435 12.5
    endloop
  endfacet
  facet normal 0.448758 0.546701 0.706919
    outer loop
      vertex 6.95981 7.93615 12.5
      vertex 5.9517 6.82406 14
      vertex 5.97079 6.80839 14
    endloop
  endfacet
  facet normal 0.483503 0.516228 -0.706918
    outer loop
      vertex 5.98882 6.7915 11
      vertex 6.95981 7.93615 12.5
      vertex 7.46396 7.46396 12.5
    endloop
  endfacet
  facet normal 0.483549 0.516187 -0.706917
    outer loop
      vertex 6.95981 7.93615 12.5
      vertex 5.98882 6.7915 11
      vertex 5.97079 6.80839 11
    endloop
  endfacet
  facet normal 0.483548 0.516186 -0.706918
    outer loop
      vertex 6.38527 6.42019 11
      vertex 7.46396 7.46396 12.5
      vertex 6.4033 6.4033 11
    endloop
  endfacet
  facet normal 0.483499 0.516234 -0.706917
    outer loop
      vertex 7.46396 7.46396 12.5
      vertex 6.38527 6.42019 11
      vertex 5.98882 6.7915 11
    endloop
  endfacet
  facet normal 0.483497 0.516233 0.706918
    outer loop
      vertex 6.95981 7.93615 12.5
      vertex 5.98882 6.7915 14
      vertex 6.38527 6.42019 14
    endloop
  endfacet
  facet normal 0.483549 0.516187 0.706917
    outer loop
      vertex 5.98882 6.7915 14
      vertex 6.95981 7.93615 12.5
      vertex 5.97079 6.80839 14
    endloop
  endfacet
  facet normal 0.483504 0.516229 0.706917
    outer loop
      vertex 6.38527 6.42019 14
      vertex 7.46396 7.46396 12.5
      vertex 6.95981 7.93615 12.5
    endloop
  endfacet
  facet normal 0.483548 0.516186 0.706918
    outer loop
      vertex 7.46396 7.46396 12.5
      vertex 6.38527 6.42019 14
      vertex 6.4033 6.4033 14
    endloop
  endfacet
  facet normal 0.516229 0.483504 -0.706917
    outer loop
      vertex 6.42019 6.38527 11
      vertex 7.46396 7.46396 12.5
      vertex 7.93615 6.95981 12.5
    endloop
  endfacet
  facet normal 0.516186 0.483548 -0.706918
    outer loop
      vertex 7.46396 7.46396 12.5
      vertex 6.42019 6.38527 11
      vertex 6.4033 6.4033 11
    endloop
  endfacet
  facet normal 0.516187 0.483549 -0.706917
    outer loop
      vertex 6.7915 5.98882 11
      vertex 7.93615 6.95981 12.5
      vertex 6.80839 5.97079 11
    endloop
  endfacet
  facet normal 0.516233 0.483497 -0.706918
    outer loop
      vertex 7.93615 6.95981 12.5
      vertex 6.7915 5.98882 11
      vertex 6.42019 6.38527 11
    endloop
  endfacet
  facet normal 0.516234 0.483499 0.706917
    outer loop
      vertex 7.46396 7.46396 12.5
      vertex 6.42019 6.38527 14
      vertex 6.7915 5.98882 14
    endloop
  endfacet
  facet normal 0.516186 0.483548 0.706918
    outer loop
      vertex 6.42019 6.38527 14
      vertex 7.46396 7.46396 12.5
      vertex 6.4033 6.4033 14
    endloop
  endfacet
  facet normal 0.516228 0.483503 0.706918
    outer loop
      vertex 6.7915 5.98882 14
      vertex 7.93615 6.95981 12.5
      vertex 7.46396 7.46396 12.5
    endloop
  endfacet
  facet normal 0.516187 0.483549 0.706917
    outer loop
      vertex 7.93615 6.95981 12.5
      vertex 6.7915 5.98882 14
      vertex 6.80839 5.97079 14
    endloop
  endfacet
  facet normal 0.546748 0.448703 -0.706917
    outer loop
      vertex 6.82406 5.9517 11
      vertex 7.93615 6.95981 12.5
      vertex 8.37435 6.42586 12.5
    endloop
  endfacet
  facet normal 0.546701 0.448758 -0.706919
    outer loop
      vertex 7.93615 6.95981 12.5
      vertex 6.82406 5.9517 11
      vertex 6.80839 5.97079 11
    endloop
  endfacet
  facet normal 0.546816 0.448618 -0.706919
    outer loop
      vertex 7.16865 5.53182 11
      vertex 8.37435 6.42586 12.5
      vertex 7.18432 5.51272 11
    endloop
  endfacet
  facet normal 0.546746 0.448707 -0.706916
    outer loop
      vertex 8.37435 6.42586 12.5
      vertex 7.16865 5.53182 11
      vertex 6.82406 5.9517 11
    endloop
  endfacet
  facet normal 0.546745 0.448707 0.706917
    outer loop
      vertex 7.93615 6.95981 12.5
      vertex 6.82406 5.9517 14
      vertex 7.16865 5.53182 14
    endloop
  endfacet
  facet normal 0.546701 0.448758 0.706919
    outer loop
      vertex 6.82406 5.9517 14
      vertex 7.93615 6.95981 12.5
      vertex 6.80839 5.97079 14
    endloop
  endfacet
  facet normal 0.546749 0.448704 0.706916
    outer loop
      vertex 7.16865 5.53182 14
      vertex 8.37435 6.42586 12.5
      vertex 7.93615 6.95981 12.5
    endloop
  endfacet
  facet normal 0.546816 0.448618 0.706919
    outer loop
      vertex 8.37435 6.42586 12.5
      vertex 7.16865 5.53182 14
      vertex 7.18432 5.51272 14
    endloop
  endfacet
  facet normal 0.574922 0.411987 -0.706917
    outer loop
      vertex 7.19871 5.49264 11
      vertex 8.37435 6.42586 12.5
      vertex 8.77669 5.8644 12.5
    endloop
  endfacet
  facet normal 0.574911 0.412001 -0.706917
    outer loop
      vertex 8.37435 6.42586 12.5
      vertex 7.19871 5.49264 11
      vertex 7.18432 5.51272 11
    endloop
  endfacet
  facet normal 0.575043 0.411809 -0.706923
    outer loop
      vertex 7.5151 5.05112 11
      vertex 8.77669 5.8644 12.5
      vertex 7.52948 5.03104 11
    endloop
  endfacet
  facet normal 0.574923 0.411985 -0.706917
    outer loop
      vertex 8.77669 5.8644 12.5
      vertex 7.5151 5.05112 11
      vertex 7.19871 5.49264 11
    endloop
  endfacet
  facet normal 0.574923 0.411986 0.706917
    outer loop
      vertex 8.37435 6.42586 12.5
      vertex 7.19871 5.49264 14
      vertex 7.5151 5.05112 14
    endloop
  endfacet
  facet normal 0.574911 0.412001 0.706917
    outer loop
      vertex 7.19871 5.49264 14
      vertex 8.37435 6.42586 12.5
      vertex 7.18432 5.51272 14
    endloop
  endfacet
  facet normal 0.574922 0.411987 0.706917
    outer loop
      vertex 7.5151 5.05112 14
      vertex 8.77669 5.8644 12.5
      vertex 8.37435 6.42586 12.5
    endloop
  endfacet
  facet normal 0.575043 0.411809 0.706923
    outer loop
      vertex 8.77669 5.8644 12.5
      vertex 7.5151 5.05112 14
      vertex 7.52948 5.03104 14
    endloop
  endfacet
  facet normal 0.600636 0.373501 -0.706918
    outer loop
      vertex 7.54253 5.01006 11
      vertex 8.77669 5.8644 12.5
      vertex 9.14145 5.27782 12.5
    endloop
  endfacet
  facet normal 0.600586 0.373577 -0.706921
    outer loop
      vertex 8.77669 5.8644 12.5
      vertex 7.54253 5.01006 11
      vertex 7.52948 5.03104 11
    endloop
  endfacet
  facet normal 0.60059 0.373579 -0.706916
    outer loop
      vertex 7.82936 4.5488 11
      vertex 9.14145 5.27782 12.5
      vertex 7.84241 4.52782 11
    endloop
  endfacet
  facet normal 0.600636 0.3735 -0.706919
    outer loop
      vertex 9.14145 5.27782 12.5
      vertex 7.82936 4.5488 11
      vertex 7.54253 5.01006 11
    endloop
  endfacet
  facet normal 0.600637 0.3735 0.706918
    outer loop
      vertex 8.77669 5.8644 12.5
      vertex 7.54253 5.01006 14
      vertex 7.82936 4.5488 14
    endloop
  endfacet
  facet normal 0.600586 0.373577 0.706921
    outer loop
      vertex 7.54253 5.01006 14
      vertex 8.77669 5.8644 12.5
      vertex 7.52948 5.03104 14
    endloop
  endfacet
  facet normal 0.600636 0.373501 0.706919
    outer loop
      vertex 7.82936 4.5488 14
      vertex 9.14145 5.27782 12.5
      vertex 8.77669 5.8644 12.5
    endloop
  endfacet
  facet normal 0.60059 0.373579 0.706916
    outer loop
      vertex 9.14145 5.27782 12.5
      vertex 7.82936 4.5488 14
      vertex 7.84241 4.52782 14
    endloop
  endfacet
  facet normal 0.623779 0.333413 -0.706919
    outer loop
      vertex 7.85405 4.50603 11
      vertex 9.14145 5.27782 12.5
      vertex 9.46706 4.66864 12.5
    endloop
  endfacet
  facet normal 0.623865 0.333262 -0.706915
    outer loop
      vertex 9.14145 5.27782 12.5
      vertex 7.85405 4.50603 11
      vertex 7.84241 4.52782 11
    endloop
  endfacet
  facet normal 0.623859 0.333259 -0.706921
    outer loop
      vertex 8.11011 4.02699 11
      vertex 9.46706 4.66864 12.5
      vertex 8.12175 4.0052 11
    endloop
  endfacet
  facet normal 0.623776 0.333425 -0.706917
    outer loop
      vertex 9.46706 4.66864 12.5
      vertex 8.11011 4.02699 11
      vertex 7.85405 4.50603 11
    endloop
  endfacet
  facet normal 0.623773 0.333424 0.706919
    outer loop
      vertex 9.14145 5.27782 12.5
      vertex 7.85405 4.50603 14
      vertex 8.11011 4.02699 14
    endloop
  endfacet
  facet normal 0.623865 0.333262 0.706915
    outer loop
      vertex 7.85405 4.50603 14
      vertex 9.14145 5.27782 12.5
      vertex 7.84241 4.52782 14
    endloop
  endfacet
  facet normal 0.623781 0.333414 0.706917
    outer loop
      vertex 8.11011 4.02699 14
      vertex 9.46706 4.66864 12.5
      vertex 9.14145 5.27782 12.5
    endloop
  endfacet
  facet normal 0.623859 0.333259 0.706921
    outer loop
      vertex 9.46706 4.66864 12.5
      vertex 8.11011 4.02699 14
      vertex 8.12175 4.0052 14
    endloop
  endfacet
  facet normal 0.644252 0.291903 -0.706917
    outer loop
      vertex 8.13195 3.9827 11
      vertex 9.46706 4.66864 12.5
      vertex 9.75213 4.03947 12.5
    endloop
  endfacet
  facet normal 0.64419 0.292033 -0.706921
    outer loop
      vertex 9.46706 4.66864 12.5
      vertex 8.13195 3.9827 11
      vertex 8.12175 4.0052 11
    endloop
  endfacet
  facet normal 0.644196 0.292036 -0.706914
    outer loop
      vertex 8.35612 3.48794 11
      vertex 9.75213 4.03947 12.5
      vertex 8.36632 3.46544 11
    endloop
  endfacet
  facet normal 0.644252 0.291903 -0.706917
    outer loop
      vertex 9.75213 4.03947 12.5
      vertex 8.35612 3.48794 11
      vertex 8.13195 3.9827 11
    endloop
  endfacet
  facet normal 0.644252 0.291903 0.706917
    outer loop
      vertex 9.46706 4.66864 12.5
      vertex 8.13195 3.9827 14
      vertex 8.35612 3.48794 14
    endloop
  endfacet
  facet normal 0.64419 0.292033 0.706921
    outer loop
      vertex 8.13195 3.9827 14
      vertex 9.46706 4.66864 12.5
      vertex 8.12175 4.0052 14
    endloop
  endfacet
  facet normal 0.644252 0.291903 0.706917
    outer loop
      vertex 8.35612 3.48794 14
      vertex 9.75213 4.03947 12.5
      vertex 9.46706 4.66864 12.5
    endloop
  endfacet
  facet normal 0.644196 0.292036 0.706914
    outer loop
      vertex 9.75213 4.03947 12.5
      vertex 8.35612 3.48794 14
      vertex 8.36632 3.46544 14
    endloop
  endfacet
  facet normal 0.661962 0.249151 -0.706916
    outer loop
      vertex 8.37502 3.44232 11
      vertex 9.75213 4.03947 12.5
      vertex 9.99545 3.393 12.5
    endloop
  endfacet
  facet normal 0.661981 0.249102 -0.706915
    outer loop
      vertex 9.75213 4.03947 12.5
      vertex 8.37502 3.44232 11
      vertex 8.36632 3.46544 11
    endloop
  endfacet
  facet normal 0.661977 0.2491 -0.706919
    outer loop
      vertex 8.56635 2.93396 11
      vertex 9.99545 3.393 12.5
      vertex 8.57505 2.91084 11
    endloop
  endfacet
  facet normal 0.661963 0.249141 -0.706918
    outer loop
      vertex 9.99545 3.393 12.5
      vertex 8.56635 2.93396 11
      vertex 8.37502 3.44232 11
    endloop
  endfacet
  facet normal 0.661965 0.249142 0.706916
    outer loop
      vertex 9.75213 4.03947 12.5
      vertex 8.37502 3.44232 14
      vertex 8.56635 2.93396 14
    endloop
  endfacet
  facet normal 0.661981 0.249102 0.706915
    outer loop
      vertex 8.37502 3.44232 14
      vertex 9.75213 4.03947 12.5
      vertex 8.36632 3.46544 14
    endloop
  endfacet
  facet normal 0.66196 0.24915 0.706918
    outer loop
      vertex 8.56635 2.93396 14
      vertex 9.99545 3.393 12.5
      vertex 9.75213 4.03947 12.5
    endloop
  endfacet
  facet normal 0.661977 0.2491 0.706919
    outer loop
      vertex 9.99545 3.393 12.5
      vertex 8.56635 2.93396 14
      vertex 8.57505 2.91084 14
    endloop
  endfacet
  facet normal 0.676827 0.205352 -0.70692
    outer loop
      vertex 8.58222 2.8872 11
      vertex 9.99545 3.393 12.5
      vertex 10.196 2.732 12.5
    endloop
  endfacet
  facet normal 0.676848 0.205288 -0.706918
    outer loop
      vertex 9.99545 3.393 12.5
      vertex 8.58222 2.8872 11
      vertex 8.57505 2.91084 11
    endloop
  endfacet
  facet normal 0.67684 0.205285 -0.706927
    outer loop
      vertex 8.7399 2.36741 11
      vertex 10.196 2.732 12.5
      vertex 8.74707 2.34377 11
    endloop
  endfacet
  facet normal 0.67683 0.205319 -0.706926
    outer loop
      vertex 10.196 2.732 12.5
      vertex 8.7399 2.36741 11
      vertex 8.58222 2.8872 11
    endloop
  endfacet
  facet normal 0.676837 0.205321 0.706919
    outer loop
      vertex 9.99545 3.393 12.5
      vertex 8.58222 2.8872 14
      vertex 8.7399 2.36741 14
    endloop
  endfacet
  facet normal 0.676848 0.205288 0.706918
    outer loop
      vertex 8.58222 2.8872 14
      vertex 9.99545 3.393 12.5
      vertex 8.57505 2.91084 14
    endloop
  endfacet
  facet normal 0.676822 0.20535 0.706926
    outer loop
      vertex 8.7399 2.36741 14
      vertex 10.196 2.732 12.5
      vertex 9.99545 3.393 12.5
    endloop
  endfacet
  facet normal 0.67684 0.205285 0.706927
    outer loop
      vertex 10.196 2.732 12.5
      vertex 8.7399 2.36741 14
      vertex 8.74707 2.34377 14
    endloop
  endfacet
  facet normal 0.688823 0.160558 -0.706926
    outer loop
      vertex 8.75268 2.31971 11
      vertex 10.196 2.732 12.5
      vertex 10.3528 2.0593 12.5
    endloop
  endfacet
  facet normal 0.68881 0.160608 -0.706927
    outer loop
      vertex 10.196 2.732 12.5
      vertex 8.75268 2.31971 11
      vertex 8.74707 2.34377 11
    endloop
  endfacet
  facet normal 0.688808 0.160674 -0.706914
    outer loop
      vertex 8.87602 1.79072 11
      vertex 10.3528 2.0593 12.5
      vertex 8.88163 1.76667 11
    endloop
  endfacet
  facet normal 0.688822 0.160607 -0.706916
    outer loop
      vertex 10.3528 2.0593 12.5
      vertex 8.87602 1.79072 11
      vertex 8.75268 2.31971 11
    endloop
  endfacet
  facet normal 0.688811 0.160604 0.706927
    outer loop
      vertex 10.196 2.732 12.5
      vertex 8.75268 2.31971 14
      vertex 8.87602 1.79072 14
    endloop
  endfacet
  facet normal 0.68881 0.160608 0.706927
    outer loop
      vertex 8.75268 2.31971 14
      vertex 10.196 2.732 12.5
      vertex 8.74707 2.34377 14
    endloop
  endfacet
  facet normal 0.688831 0.16056 0.706917
    outer loop
      vertex 8.87602 1.79072 14
      vertex 10.3528 2.0593 12.5
      vertex 10.196 2.732 12.5
    endloop
  endfacet
  facet normal 0.688808 0.160674 0.706914
    outer loop
      vertex 10.3528 2.0593 12.5
      vertex 8.87602 1.79072 14
      vertex 8.88163 1.76667 14
    endloop
  endfacet
  facet normal 0.697855 0.115198 -0.706914
    outer loop
      vertex 8.88566 1.74229 11
      vertex 10.3528 2.0593 12.5
      vertex 10.4653 1.37779 12.5
    endloop
  endfacet
  facet normal 0.697827 0.11535 -0.706918
    outer loop
      vertex 10.3528 2.0593 12.5
      vertex 8.88566 1.74229 11
      vertex 8.88163 1.76667 11
    endloop
  endfacet
  facet normal 0.69787 0.115118 -0.706913
    outer loop
      vertex 8.97414 1.20637 11
      vertex 10.4653 1.37779 12.5
      vertex 8.97816 1.182 11
    endloop
  endfacet
  facet normal 0.697856 0.115216 -0.70691
    outer loop
      vertex 10.4653 1.37779 12.5
      vertex 8.97414 1.20637 11
      vertex 8.88566 1.74229 11
    endloop
  endfacet
  facet normal 0.697852 0.115215 0.706914
    outer loop
      vertex 10.3528 2.0593 12.5
      vertex 8.88566 1.74229 14
      vertex 8.97414 1.20637 14
    endloop
  endfacet
  facet normal 0.697827 0.11535 0.706918
    outer loop
      vertex 8.88566 1.74229 14
      vertex 10.3528 2.0593 12.5
      vertex 8.88163 1.76667 14
    endloop
  endfacet
  facet normal 0.697859 0.115199 0.706911
    outer loop
      vertex 8.97414 1.20637 14
      vertex 10.4653 1.37779 12.5
      vertex 10.3528 2.0593 12.5
    endloop
  endfacet
  facet normal 0.69787 0.115118 0.706913
    outer loop
      vertex 10.4653 1.37779 12.5
      vertex 8.97414 1.20637 14
      vertex 8.97816 1.182 14
    endloop
  endfacet
  facet normal 0.703897 0.0693229 -0.706911
    outer loop
      vertex 8.98058 1.15741 11
      vertex 10.4653 1.37779 12.5
      vertex 10.533 0.690372 12.5
    endloop
  endfacet
  facet normal 0.703903 0.0692739 -0.70691
    outer loop
      vertex 10.4653 1.37779 12.5
      vertex 8.98058 1.15741 11
      vertex 8.97816 1.182 11
    endloop
  endfacet
  facet normal 0.703879 0.069572 -0.706904
    outer loop
      vertex 9.03382 0.616851 11
      vertex 10.533 0.690372 12.5
      vertex 9.03625 0.592266 11
    endloop
  endfacet
  facet normal 0.703897 0.0693273 -0.70691
    outer loop
      vertex 10.533 0.690372 12.5
      vertex 9.03382 0.616851 11
      vertex 8.98058 1.15741 11
    endloop
  endfacet
  facet normal 0.703896 0.0693272 0.706911
    outer loop
      vertex 10.4653 1.37779 12.5
      vertex 8.98058 1.15741 14
      vertex 9.03382 0.616851 14
    endloop
  endfacet
  facet normal 0.703903 0.0692739 0.70691
    outer loop
      vertex 8.98058 1.15741 14
      vertex 10.4653 1.37779 12.5
      vertex 8.97816 1.182 14
    endloop
  endfacet
  facet normal 0.703898 0.069323 0.706911
    outer loop
      vertex 9.03382 0.616851 14
      vertex 10.533 0.690372 12.5
      vertex 10.4653 1.37779 12.5
    endloop
  endfacet
  facet normal 0.703879 0.069572 0.706904
    outer loop
      vertex 10.533 0.690372 12.5
      vertex 9.03382 0.616851 14
      vertex 9.03625 0.592266 14
    endloop
  endfacet
  facet normal 0.706938 0.0229061 -0.706904
    outer loop
      vertex 10.533 0.690372 12.5
      vertex 9.03705 0.567576 11
      vertex 9.03625 0.592266 11
    endloop
  endfacet
  facet normal 0.706925 0.0231419 -0.70691
    outer loop
      vertex 9.03705 0.567576 11
      vertex 10.533 0.690372 12.5
      vertex 10.5556 0 12.5
    endloop
  endfacet
  facet normal 0.706926 0.0231525 -0.706908
    outer loop
      vertex 10.5556 0 12.5
      vertex 9.05483 0.0246901 11
      vertex 9.03705 0.567576 11
    endloop
  endfacet
  facet normal 0.706928 0.0229056 -0.706914
    outer loop
      vertex 9.05483 0.0246901 11
      vertex 10.5556 0 12.5
      vertex 9.05563 0 11
    endloop
  endfacet
  facet normal 0.706938 0.0229061 0.706904
    outer loop
      vertex 9.03705 0.567576 14
      vertex 10.533 0.690372 12.5
      vertex 9.03625 0.592266 14
    endloop
  endfacet
  facet normal 0.706924 0.0231524 0.706911
    outer loop
      vertex 10.533 0.690372 12.5
      vertex 9.03705 0.567576 14
      vertex 9.05483 0.0246901 14
    endloop
  endfacet
  facet normal 0.706928 0.0229056 0.706914
    outer loop
      vertex 10.5556 0 12.5
      vertex 9.05483 0.0246901 14
      vertex 9.05563 0 14
    endloop
  endfacet
  facet normal 0.706926 0.0231419 0.706908
    outer loop
      vertex 9.05483 0.0246901 14
      vertex 10.5556 0 12.5
      vertex 10.533 0.690372 12.5
    endloop
  endfacet
  facet normal 0.706928 -0.0229056 -0.706914
    outer loop
      vertex 10.5556 0 12.5
      vertex 9.05483 -0.0246901 11
      vertex 9.05563 0 11
    endloop
  endfacet
  facet normal 0.706926 -0.0231419 -0.706908
    outer loop
      vertex 9.05483 -0.0246901 11
      vertex 10.5556 0 12.5
      vertex 10.533 -0.690372 12.5
    endloop
  endfacet
  facet normal 0.706924 -0.0231524 -0.706911
    outer loop
      vertex 10.533 -0.690372 12.5
      vertex 9.03705 -0.567576 11
      vertex 9.05483 -0.0246901 11
    endloop
  endfacet
  facet normal 0.706938 -0.0229061 -0.706904
    outer loop
      vertex 9.03705 -0.567576 11
      vertex 10.533 -0.690372 12.5
      vertex 9.03625 -0.592266 11
    endloop
  endfacet
  facet normal 0.706928 -0.0229056 0.706914
    outer loop
      vertex 9.05483 -0.0246901 14
      vertex 10.5556 0 12.5
      vertex 9.05563 0 14
    endloop
  endfacet
  facet normal 0.706926 -0.0231525 0.706908
    outer loop
      vertex 10.5556 0 12.5
      vertex 9.05483 -0.0246901 14
      vertex 9.03705 -0.567576 14
    endloop
  endfacet
  facet normal 0.706938 -0.0229061 0.706904
    outer loop
      vertex 10.533 -0.690372 12.5
      vertex 9.03705 -0.567576 14
      vertex 9.03625 -0.592266 14
    endloop
  endfacet
  facet normal 0.706925 -0.0231419 0.70691
    outer loop
      vertex 9.03705 -0.567576 14
      vertex 10.533 -0.690372 12.5
      vertex 10.5556 0 12.5
    endloop
  endfacet
  facet normal 0.703898 -0.069323 -0.706911
    outer loop
      vertex 9.03382 -0.616851 11
      vertex 10.533 -0.690372 12.5
      vertex 10.4653 -1.37779 12.5
    endloop
  endfacet
  facet normal 0.703879 -0.069572 -0.706904
    outer loop
      vertex 10.533 -0.690372 12.5
      vertex 9.03382 -0.616851 11
      vertex 9.03625 -0.592266 11
    endloop
  endfacet
  facet normal 0.703896 -0.0693272 -0.706911
    outer loop
      vertex 10.4653 -1.37779 12.5
      vertex 8.98058 -1.15741 11
      vertex 9.03382 -0.616851 11
    endloop
  endfacet
  facet normal 0.703903 -0.0692739 -0.70691
    outer loop
      vertex 8.98058 -1.15741 11
      vertex 10.4653 -1.37779 12.5
      vertex 8.97816 -1.182 11
    endloop
  endfacet
  facet normal 0.703879 -0.069572 0.706904
    outer loop
      vertex 9.03382 -0.616851 14
      vertex 10.533 -0.690372 12.5
      vertex 9.03625 -0.592266 14
    endloop
  endfacet
  facet normal 0.703897 -0.0693273 0.70691
    outer loop
      vertex 10.533 -0.690372 12.5
      vertex 9.03382 -0.616851 14
      vertex 8.98058 -1.15741 14
    endloop
  endfacet
  facet normal 0.703897 -0.0693229 0.706911
    outer loop
      vertex 8.98058 -1.15741 14
      vertex 10.4653 -1.37779 12.5
      vertex 10.533 -0.690372 12.5
    endloop
  endfacet
  facet normal 0.703903 -0.0692739 0.70691
    outer loop
      vertex 10.4653 -1.37779 12.5
      vertex 8.98058 -1.15741 14
      vertex 8.97816 -1.182 14
    endloop
  endfacet
  facet normal 0.697859 -0.115199 -0.706911
    outer loop
      vertex 8.97414 -1.20637 11
      vertex 10.4653 -1.37779 12.5
      vertex 10.3528 -2.0593 12.5
    endloop
  endfacet
  facet normal 0.69787 -0.115118 -0.706913
    outer loop
      vertex 10.4653 -1.37779 12.5
      vertex 8.97414 -1.20637 11
      vertex 8.97816 -1.182 11
    endloop
  endfacet
  facet normal 0.697852 -0.115215 -0.706914
    outer loop
      vertex 10.3528 -2.0593 12.5
      vertex 8.88566 -1.74229 11
      vertex 8.97414 -1.20637 11
    endloop
  endfacet
  facet normal 0.697827 -0.11535 -0.706918
    outer loop
      vertex 8.88566 -1.74229 11
      vertex 10.3528 -2.0593 12.5
      vertex 8.88163 -1.76667 11
    endloop
  endfacet
  facet normal 0.69787 -0.115118 0.706913
    outer loop
      vertex 8.97414 -1.20637 14
      vertex 10.4653 -1.37779 12.5
      vertex 8.97816 -1.182 14
    endloop
  endfacet
  facet normal 0.697856 -0.115216 0.70691
    outer loop
      vertex 10.4653 -1.37779 12.5
      vertex 8.97414 -1.20637 14
      vertex 8.88566 -1.74229 14
    endloop
  endfacet
  facet normal 0.697855 -0.115198 0.706914
    outer loop
      vertex 8.88566 -1.74229 14
      vertex 10.3528 -2.0593 12.5
      vertex 10.4653 -1.37779 12.5
    endloop
  endfacet
  facet normal 0.697827 -0.11535 0.706918
    outer loop
      vertex 10.3528 -2.0593 12.5
      vertex 8.88566 -1.74229 14
      vertex 8.88163 -1.76667 14
    endloop
  endfacet
  facet normal 0.688831 -0.16056 -0.706917
    outer loop
      vertex 8.87602 -1.79072 11
      vertex 10.3528 -2.0593 12.5
      vertex 10.196 -2.732 12.5
    endloop
  endfacet
  facet normal 0.688808 -0.160674 -0.706914
    outer loop
      vertex 10.3528 -2.0593 12.5
      vertex 8.87602 -1.79072 11
      vertex 8.88163 -1.76667 11
    endloop
  endfacet
  facet normal 0.688811 -0.160604 -0.706927
    outer loop
      vertex 10.196 -2.732 12.5
      vertex 8.75268 -2.31971 11
      vertex 8.87602 -1.79072 11
    endloop
  endfacet
  facet normal 0.68881 -0.160608 -0.706927
    outer loop
      vertex 8.75268 -2.31971 11
      vertex 10.196 -2.732 12.5
      vertex 8.74707 -2.34377 11
    endloop
  endfacet
  facet normal 0.688808 -0.160674 0.706914
    outer loop
      vertex 8.87602 -1.79072 14
      vertex 10.3528 -2.0593 12.5
      vertex 8.88163 -1.76667 14
    endloop
  endfacet
  facet normal 0.688822 -0.160607 0.706916
    outer loop
      vertex 10.3528 -2.0593 12.5
      vertex 8.87602 -1.79072 14
      vertex 8.75268 -2.31971 14
    endloop
  endfacet
  facet normal 0.688823 -0.160558 0.706926
    outer loop
      vertex 8.75268 -2.31971 14
      vertex 10.196 -2.732 12.5
      vertex 10.3528 -2.0593 12.5
    endloop
  endfacet
  facet normal 0.68881 -0.160608 0.706927
    outer loop
      vertex 10.196 -2.732 12.5
      vertex 8.75268 -2.31971 14
      vertex 8.74707 -2.34377 14
    endloop
  endfacet
  facet normal 0.676822 -0.20535 -0.706926
    outer loop
      vertex 8.7399 -2.36741 11
      vertex 10.196 -2.732 12.5
      vertex 9.99545 -3.393 12.5
    endloop
  endfacet
  facet normal 0.67684 -0.205285 -0.706927
    outer loop
      vertex 10.196 -2.732 12.5
      vertex 8.7399 -2.36741 11
      vertex 8.74707 -2.34377 11
    endloop
  endfacet
  facet normal 0.676837 -0.205321 -0.706919
    outer loop
      vertex 9.99545 -3.393 12.5
      vertex 8.58222 -2.8872 11
      vertex 8.7399 -2.36741 11
    endloop
  endfacet
  facet normal 0.676848 -0.205288 -0.706918
    outer loop
      vertex 8.58222 -2.8872 11
      vertex 9.99545 -3.393 12.5
      vertex 8.57505 -2.91084 11
    endloop
  endfacet
  facet normal 0.67684 -0.205285 0.706927
    outer loop
      vertex 8.7399 -2.36741 14
      vertex 10.196 -2.732 12.5
      vertex 8.74707 -2.34377 14
    endloop
  endfacet
  facet normal 0.67683 -0.205319 0.706926
    outer loop
      vertex 10.196 -2.732 12.5
      vertex 8.7399 -2.36741 14
      vertex 8.58222 -2.8872 14
    endloop
  endfacet
  facet normal 0.676827 -0.205352 0.70692
    outer loop
      vertex 8.58222 -2.8872 14
      vertex 9.99545 -3.393 12.5
      vertex 10.196 -2.732 12.5
    endloop
  endfacet
  facet normal 0.676848 -0.205288 0.706918
    outer loop
      vertex 9.99545 -3.393 12.5
      vertex 8.58222 -2.8872 14
      vertex 8.57505 -2.91084 14
    endloop
  endfacet
  facet normal 0.66196 -0.24915 -0.706918
    outer loop
      vertex 8.56635 -2.93396 11
      vertex 9.99545 -3.393 12.5
      vertex 9.75213 -4.03947 12.5
    endloop
  endfacet
  facet normal 0.661977 -0.2491 -0.706919
    outer loop
      vertex 9.99545 -3.393 12.5
      vertex 8.56635 -2.93396 11
      vertex 8.57505 -2.91084 11
    endloop
  endfacet
  facet normal 0.661965 -0.249142 -0.706916
    outer loop
      vertex 9.75213 -4.03947 12.5
      vertex 8.37502 -3.44232 11
      vertex 8.56635 -2.93396 11
    endloop
  endfacet
  facet normal 0.661981 -0.249102 -0.706915
    outer loop
      vertex 8.37502 -3.44232 11
      vertex 9.75213 -4.03947 12.5
      vertex 8.36632 -3.46544 11
    endloop
  endfacet
  facet normal 0.661977 -0.2491 0.706919
    outer loop
      vertex 8.56635 -2.93396 14
      vertex 9.99545 -3.393 12.5
      vertex 8.57505 -2.91084 14
    endloop
  endfacet
  facet normal 0.661963 -0.249141 0.706918
    outer loop
      vertex 9.99545 -3.393 12.5
      vertex 8.56635 -2.93396 14
      vertex 8.37502 -3.44232 14
    endloop
  endfacet
  facet normal 0.661962 -0.249151 0.706916
    outer loop
      vertex 8.37502 -3.44232 14
      vertex 9.75213 -4.03947 12.5
      vertex 9.99545 -3.393 12.5
    endloop
  endfacet
  facet normal 0.661981 -0.249102 0.706915
    outer loop
      vertex 9.75213 -4.03947 12.5
      vertex 8.37502 -3.44232 14
      vertex 8.36632 -3.46544 14
    endloop
  endfacet
  facet normal 0.644252 -0.291903 -0.706917
    outer loop
      vertex 8.35612 -3.48794 11
      vertex 9.75213 -4.03947 12.5
      vertex 9.46706 -4.66864 12.5
    endloop
  endfacet
  facet normal 0.644196 -0.292036 -0.706914
    outer loop
      vertex 9.75213 -4.03947 12.5
      vertex 8.35612 -3.48794 11
      vertex 8.36632 -3.46544 11
    endloop
  endfacet
  facet normal 0.644252 -0.291903 -0.706917
    outer loop
      vertex 9.46706 -4.66864 12.5
      vertex 8.13195 -3.9827 11
      vertex 8.35612 -3.48794 11
    endloop
  endfacet
  facet normal 0.64419 -0.292033 -0.706921
    outer loop
      vertex 8.13195 -3.9827 11
      vertex 9.46706 -4.66864 12.5
      vertex 8.12175 -4.0052 11
    endloop
  endfacet
  facet normal 0.644196 -0.292036 0.706914
    outer loop
      vertex 8.35612 -3.48794 14
      vertex 9.75213 -4.03947 12.5
      vertex 8.36632 -3.46544 14
    endloop
  endfacet
  facet normal 0.644252 -0.291903 0.706917
    outer loop
      vertex 9.75213 -4.03947 12.5
      vertex 8.35612 -3.48794 14
      vertex 8.13195 -3.9827 14
    endloop
  endfacet
  facet normal 0.644252 -0.291903 0.706917
    outer loop
      vertex 8.13195 -3.9827 14
      vertex 9.46706 -4.66864 12.5
      vertex 9.75213 -4.03947 12.5
    endloop
  endfacet
  facet normal 0.64419 -0.292033 0.706921
    outer loop
      vertex 9.46706 -4.66864 12.5
      vertex 8.13195 -3.9827 14
      vertex 8.12175 -4.0052 14
    endloop
  endfacet
  facet normal 0.623781 -0.333414 -0.706917
    outer loop
      vertex 8.11011 -4.02699 11
      vertex 9.46706 -4.66864 12.5
      vertex 9.14145 -5.27782 12.5
    endloop
  endfacet
  facet normal 0.623859 -0.333259 -0.706921
    outer loop
      vertex 9.46706 -4.66864 12.5
      vertex 8.11011 -4.02699 11
      vertex 8.12175 -4.0052 11
    endloop
  endfacet
  facet normal 0.623773 -0.333424 -0.706919
    outer loop
      vertex 9.14145 -5.27782 12.5
      vertex 7.85405 -4.50603 11
      vertex 8.11011 -4.02699 11
    endloop
  endfacet
  facet normal 0.623865 -0.333262 -0.706915
    outer loop
      vertex 7.85405 -4.50603 11
      vertex 9.14145 -5.27782 12.5
      vertex 7.84241 -4.52782 11
    endloop
  endfacet
  facet normal 0.623859 -0.333259 0.706921
    outer loop
      vertex 8.11011 -4.02699 14
      vertex 9.46706 -4.66864 12.5
      vertex 8.12175 -4.0052 14
    endloop
  endfacet
  facet normal 0.623776 -0.333425 0.706917
    outer loop
      vertex 9.46706 -4.66864 12.5
      vertex 8.11011 -4.02699 14
      vertex 7.85405 -4.50603 14
    endloop
  endfacet
  facet normal 0.623779 -0.333413 0.706919
    outer loop
      vertex 7.85405 -4.50603 14
      vertex 9.14145 -5.27782 12.5
      vertex 9.46706 -4.66864 12.5
    endloop
  endfacet
  facet normal 0.623865 -0.333262 0.706915
    outer loop
      vertex 9.14145 -5.27782 12.5
      vertex 7.85405 -4.50603 14
      vertex 7.84241 -4.52782 14
    endloop
  endfacet
  facet normal 0.600636 -0.373501 -0.706919
    outer loop
      vertex 7.82936 -4.5488 11
      vertex 9.14145 -5.27782 12.5
      vertex 8.77669 -5.8644 12.5
    endloop
  endfacet
  facet normal 0.60059 -0.373579 -0.706916
    outer loop
      vertex 9.14145 -5.27782 12.5
      vertex 7.82936 -4.5488 11
      vertex 7.84241 -4.52782 11
    endloop
  endfacet
  facet normal 0.600637 -0.3735 -0.706918
    outer loop
      vertex 8.77669 -5.8644 12.5
      vertex 7.54253 -5.01006 11
      vertex 7.82936 -4.5488 11
    endloop
  endfacet
  facet normal 0.600586 -0.373577 -0.706921
    outer loop
      vertex 7.54253 -5.01006 11
      vertex 8.77669 -5.8644 12.5
      vertex 7.52948 -5.03104 11
    endloop
  endfacet
  facet normal 0.60059 -0.373579 0.706916
    outer loop
      vertex 7.82936 -4.5488 14
      vertex 9.14145 -5.27782 12.5
      vertex 7.84241 -4.52782 14
    endloop
  endfacet
  facet normal 0.600636 -0.3735 0.706919
    outer loop
      vertex 9.14145 -5.27782 12.5
      vertex 7.82936 -4.5488 14
      vertex 7.54253 -5.01006 14
    endloop
  endfacet
  facet normal 0.600636 -0.373501 0.706918
    outer loop
      vertex 7.54253 -5.01006 14
      vertex 8.77669 -5.8644 12.5
      vertex 9.14145 -5.27782 12.5
    endloop
  endfacet
  facet normal 0.600586 -0.373577 0.706921
    outer loop
      vertex 8.77669 -5.8644 12.5
      vertex 7.54253 -5.01006 14
      vertex 7.52948 -5.03104 14
    endloop
  endfacet
  facet normal 0.574922 -0.411987 -0.706917
    outer loop
      vertex 7.5151 -5.05112 11
      vertex 8.77669 -5.8644 12.5
      vertex 8.37435 -6.42586 12.5
    endloop
  endfacet
  facet normal 0.575043 -0.411809 -0.706923
    outer loop
      vertex 8.77669 -5.8644 12.5
      vertex 7.5151 -5.05112 11
      vertex 7.52948 -5.03104 11
    endloop
  endfacet
  facet normal 0.574923 -0.411986 -0.706917
    outer loop
      vertex 8.37435 -6.42586 12.5
      vertex 7.19871 -5.49264 11
      vertex 7.5151 -5.05112 11
    endloop
  endfacet
  facet normal 0.574911 -0.412001 -0.706917
    outer loop
      vertex 7.19871 -5.49264 11
      vertex 8.37435 -6.42586 12.5
      vertex 7.18432 -5.51272 11
    endloop
  endfacet
  facet normal 0.575043 -0.411809 0.706923
    outer loop
      vertex 7.5151 -5.05112 14
      vertex 8.77669 -5.8644 12.5
      vertex 7.52948 -5.03104 14
    endloop
  endfacet
  facet normal 0.574923 -0.411985 0.706917
    outer loop
      vertex 8.77669 -5.8644 12.5
      vertex 7.5151 -5.05112 14
      vertex 7.19871 -5.49264 14
    endloop
  endfacet
  facet normal 0.574922 -0.411987 0.706917
    outer loop
      vertex 7.19871 -5.49264 14
      vertex 8.37435 -6.42586 12.5
      vertex 8.77669 -5.8644 12.5
    endloop
  endfacet
  facet normal 0.574911 -0.412001 0.706917
    outer loop
      vertex 8.37435 -6.42586 12.5
      vertex 7.19871 -5.49264 14
      vertex 7.18432 -5.51272 14
    endloop
  endfacet
  facet normal 0.546749 -0.448704 -0.706916
    outer loop
      vertex 7.16865 -5.53182 11
      vertex 8.37435 -6.42586 12.5
      vertex 7.93615 -6.95981 12.5
    endloop
  endfacet
  facet normal 0.546816 -0.448618 -0.706919
    outer loop
      vertex 8.37435 -6.42586 12.5
      vertex 7.16865 -5.53182 11
      vertex 7.18432 -5.51272 11
    endloop
  endfacet
  facet normal 0.546745 -0.448707 -0.706917
    outer loop
      vertex 7.93615 -6.95981 12.5
      vertex 6.82406 -5.9517 11
      vertex 7.16865 -5.53182 11
    endloop
  endfacet
  facet normal 0.546701 -0.448758 -0.706919
    outer loop
      vertex 6.82406 -5.9517 11
      vertex 7.93615 -6.95981 12.5
      vertex 6.80839 -5.97079 11
    endloop
  endfacet
  facet normal 0.546816 -0.448618 0.706919
    outer loop
      vertex 7.16865 -5.53182 14
      vertex 8.37435 -6.42586 12.5
      vertex 7.18432 -5.51272 14
    endloop
  endfacet
  facet normal 0.546746 -0.448707 0.706916
    outer loop
      vertex 8.37435 -6.42586 12.5
      vertex 7.16865 -5.53182 14
      vertex 6.82406 -5.9517 14
    endloop
  endfacet
  facet normal 0.546748 -0.448703 0.706917
    outer loop
      vertex 6.82406 -5.9517 14
      vertex 7.93615 -6.95981 12.5
      vertex 8.37435 -6.42586 12.5
    endloop
  endfacet
  facet normal 0.546701 -0.448758 0.706919
    outer loop
      vertex 7.93615 -6.95981 12.5
      vertex 6.82406 -5.9517 14
      vertex 6.80839 -5.97079 14
    endloop
  endfacet
  facet normal 0.516228 -0.483503 -0.706918
    outer loop
      vertex 6.7915 -5.98882 11
      vertex 7.93615 -6.95981 12.5
      vertex 7.46396 -7.46396 12.5
    endloop
  endfacet
  facet normal 0.516187 -0.483549 -0.706917
    outer loop
      vertex 7.93615 -6.95981 12.5
      vertex 6.7915 -5.98882 11
      vertex 6.80839 -5.97079 11
    endloop
  endfacet
  facet normal 0.516234 -0.483499 -0.706917
    outer loop
      vertex 7.46396 -7.46396 12.5
      vertex 6.42019 -6.38527 11
      vertex 6.7915 -5.98882 11
    endloop
  endfacet
  facet normal 0.516186 -0.483548 -0.706918
    outer loop
      vertex 6.42019 -6.38527 11
      vertex 7.46396 -7.46396 12.5
      vertex 6.4033 -6.4033 11
    endloop
  endfacet
  facet normal 0.516187 -0.483549 0.706917
    outer loop
      vertex 6.7915 -5.98882 14
      vertex 7.93615 -6.95981 12.5
      vertex 6.80839 -5.97079 14
    endloop
  endfacet
  facet normal 0.516233 -0.483497 0.706918
    outer loop
      vertex 7.93615 -6.95981 12.5
      vertex 6.7915 -5.98882 14
      vertex 6.42019 -6.38527 14
    endloop
  endfacet
  facet normal 0.516229 -0.483504 0.706917
    outer loop
      vertex 6.42019 -6.38527 14
      vertex 7.46396 -7.46396 12.5
      vertex 7.93615 -6.95981 12.5
    endloop
  endfacet
  facet normal 0.516186 -0.483548 0.706918
    outer loop
      vertex 7.46396 -7.46396 12.5
      vertex 6.42019 -6.38527 14
      vertex 6.4033 -6.4033 14
    endloop
  endfacet
  facet normal 0.483504 -0.516229 -0.706917
    outer loop
      vertex 6.38527 -6.42019 11
      vertex 7.46396 -7.46396 12.5
      vertex 6.95981 -7.93615 12.5
    endloop
  endfacet
  facet normal 0.483548 -0.516186 -0.706918
    outer loop
      vertex 7.46396 -7.46396 12.5
      vertex 6.38527 -6.42019 11
      vertex 6.4033 -6.4033 11
    endloop
  endfacet
  facet normal 0.483497 -0.516233 -0.706918
    outer loop
      vertex 6.95981 -7.93615 12.5
      vertex 5.98882 -6.7915 11
      vertex 6.38527 -6.42019 11
    endloop
  endfacet
  facet normal 0.483549 -0.516187 -0.706917
    outer loop
      vertex 5.98882 -6.7915 11
      vertex 6.95981 -7.93615 12.5
      vertex 5.97079 -6.80839 11
    endloop
  endfacet
  facet normal 0.483548 -0.516186 0.706918
    outer loop
      vertex 6.38527 -6.42019 14
      vertex 7.46396 -7.46396 12.5
      vertex 6.4033 -6.4033 14
    endloop
  endfacet
  facet normal 0.483499 -0.516234 0.706917
    outer loop
      vertex 7.46396 -7.46396 12.5
      vertex 6.38527 -6.42019 14
      vertex 5.98882 -6.7915 14
    endloop
  endfacet
  facet normal 0.483503 -0.516228 0.706918
    outer loop
      vertex 5.98882 -6.7915 14
      vertex 6.95981 -7.93615 12.5
      vertex 7.46396 -7.46396 12.5
    endloop
  endfacet
  facet normal 0.483549 -0.516187 0.706917
    outer loop
      vertex 6.95981 -7.93615 12.5
      vertex 5.98882 -6.7915 14
      vertex 5.97079 -6.80839 14
    endloop
  endfacet
  facet normal 0.448703 -0.546748 -0.706917
    outer loop
      vertex 5.9517 -6.82406 11
      vertex 6.95981 -7.93615 12.5
      vertex 6.42586 -8.37435 12.5
    endloop
  endfacet
  facet normal 0.448758 -0.546701 -0.706919
    outer loop
      vertex 6.95981 -7.93615 12.5
      vertex 5.9517 -6.82406 11
      vertex 5.97079 -6.80839 11
    endloop
  endfacet
  facet normal 0.448707 -0.546746 -0.706916
    outer loop
      vertex 6.42586 -8.37435 12.5
      vertex 5.53182 -7.16865 11
      vertex 5.9517 -6.82406 11
    endloop
  endfacet
  facet normal 0.448618 -0.546816 -0.706919
    outer loop
      vertex 5.53182 -7.16865 11
      vertex 6.42586 -8.37435 12.5
      vertex 5.51272 -7.18432 11
    endloop
  endfacet
  facet normal 0.448758 -0.546701 0.706919
    outer loop
      vertex 5.9517 -6.82406 14
      vertex 6.95981 -7.93615 12.5
      vertex 5.97079 -6.80839 14
    endloop
  endfacet
  facet normal 0.448707 -0.546745 0.706917
    outer loop
      vertex 6.95981 -7.93615 12.5
      vertex 5.9517 -6.82406 14
      vertex 5.53182 -7.16865 14
    endloop
  endfacet
  facet normal 0.448704 -0.546749 0.706916
    outer loop
      vertex 5.53182 -7.16865 14
      vertex 6.42586 -8.37435 12.5
      vertex 6.95981 -7.93615 12.5
    endloop
  endfacet
  facet normal 0.448618 -0.546816 0.706919
    outer loop
      vertex 6.42586 -8.37435 12.5
      vertex 5.53182 -7.16865 14
      vertex 5.51272 -7.18432 14
    endloop
  endfacet
  facet normal 0.411987 -0.574922 -0.706917
    outer loop
      vertex 5.49264 -7.19871 11
      vertex 6.42586 -8.37435 12.5
      vertex 5.8644 -8.77669 12.5
    endloop
  endfacet
  facet normal 0.412001 -0.574911 -0.706917
    outer loop
      vertex 6.42586 -8.37435 12.5
      vertex 5.49264 -7.19871 11
      vertex 5.51272 -7.18432 11
    endloop
  endfacet
  facet normal 0.411985 -0.574923 -0.706917
    outer loop
      vertex 5.8644 -8.77669 12.5
      vertex 5.05112 -7.5151 11
      vertex 5.49264 -7.19871 11
    endloop
  endfacet
  facet normal 0.411809 -0.575043 -0.706923
    outer loop
      vertex 5.05112 -7.5151 11
      vertex 5.8644 -8.77669 12.5
      vertex 5.03104 -7.52948 11
    endloop
  endfacet
  facet normal 0.412001 -0.574911 0.706917
    outer loop
      vertex 5.49264 -7.19871 14
      vertex 6.42586 -8.37435 12.5
      vertex 5.51272 -7.18432 14
    endloop
  endfacet
  facet normal 0.411986 -0.574923 0.706917
    outer loop
      vertex 6.42586 -8.37435 12.5
      vertex 5.49264 -7.19871 14
      vertex 5.05112 -7.5151 14
    endloop
  endfacet
  facet normal 0.411987 -0.574922 0.706917
    outer loop
      vertex 5.05112 -7.5151 14
      vertex 5.8644 -8.77669 12.5
      vertex 6.42586 -8.37435 12.5
    endloop
  endfacet
  facet normal 0.411809 -0.575043 0.706923
    outer loop
      vertex 5.8644 -8.77669 12.5
      vertex 5.05112 -7.5151 14
      vertex 5.03104 -7.52948 14
    endloop
  endfacet
  facet normal 0.373501 -0.600636 -0.706918
    outer loop
      vertex 5.01006 -7.54253 11
      vertex 5.8644 -8.77669 12.5
      vertex 5.27782 -9.14145 12.5
    endloop
  endfacet
  facet normal 0.373577 -0.600586 -0.706921
    outer loop
      vertex 5.8644 -8.77669 12.5
      vertex 5.01006 -7.54253 11
      vertex 5.03104 -7.52948 11
    endloop
  endfacet
  facet normal 0.3735 -0.600636 -0.706919
    outer loop
      vertex 5.27782 -9.14145 12.5
      vertex 4.5488 -7.82936 11
      vertex 5.01006 -7.54253 11
    endloop
  endfacet
  facet normal 0.373579 -0.60059 -0.706916
    outer loop
      vertex 4.5488 -7.82936 11
      vertex 5.27782 -9.14145 12.5
      vertex 4.52782 -7.84241 11
    endloop
  endfacet
  facet normal 0.373577 -0.600586 0.706921
    outer loop
      vertex 5.01006 -7.54253 14
      vertex 5.8644 -8.77669 12.5
      vertex 5.03104 -7.52948 14
    endloop
  endfacet
  facet normal 0.3735 -0.600637 0.706918
    outer loop
      vertex 5.8644 -8.77669 12.5
      vertex 5.01006 -7.54253 14
      vertex 4.5488 -7.82936 14
    endloop
  endfacet
  facet normal 0.373501 -0.600636 0.706919
    outer loop
      vertex 4.5488 -7.82936 14
      vertex 5.27782 -9.14145 12.5
      vertex 5.8644 -8.77669 12.5
    endloop
  endfacet
  facet normal 0.373579 -0.60059 0.706916
    outer loop
      vertex 5.27782 -9.14145 12.5
      vertex 4.5488 -7.82936 14
      vertex 4.52782 -7.84241 14
    endloop
  endfacet
  facet normal 0.333413 -0.623779 -0.706919
    outer loop
      vertex 4.50603 -7.85405 11
      vertex 5.27782 -9.14145 12.5
      vertex 4.66864 -9.46706 12.5
    endloop
  endfacet
  facet normal 0.333262 -0.623865 -0.706915
    outer loop
      vertex 5.27782 -9.14145 12.5
      vertex 4.50603 -7.85405 11
      vertex 4.52782 -7.84241 11
    endloop
  endfacet
  facet normal 0.333425 -0.623776 -0.706917
    outer loop
      vertex 4.66864 -9.46706 12.5
      vertex 4.02699 -8.11011 11
      vertex 4.50603 -7.85405 11
    endloop
  endfacet
  facet normal 0.333259 -0.623859 -0.706921
    outer loop
      vertex 4.02699 -8.11011 11
      vertex 4.66864 -9.46706 12.5
      vertex 4.0052 -8.12175 11
    endloop
  endfacet
  facet normal 0.333262 -0.623865 0.706915
    outer loop
      vertex 4.50603 -7.85405 14
      vertex 5.27782 -9.14145 12.5
      vertex 4.52782 -7.84241 14
    endloop
  endfacet
  facet normal 0.333424 -0.623773 0.706919
    outer loop
      vertex 5.27782 -9.14145 12.5
      vertex 4.50603 -7.85405 14
      vertex 4.02699 -8.11011 14
    endloop
  endfacet
  facet normal 0.333414 -0.623781 0.706917
    outer loop
      vertex 4.02699 -8.11011 14
      vertex 4.66864 -9.46706 12.5
      vertex 5.27782 -9.14145 12.5
    endloop
  endfacet
  facet normal 0.333259 -0.623859 0.706921
    outer loop
      vertex 4.66864 -9.46706 12.5
      vertex 4.02699 -8.11011 14
      vertex 4.0052 -8.12175 14
    endloop
  endfacet
  facet normal 0.291903 -0.644252 -0.706917
    outer loop
      vertex 3.9827 -8.13195 11
      vertex 4.66864 -9.46706 12.5
      vertex 4.03947 -9.75213 12.5
    endloop
  endfacet
  facet normal 0.292033 -0.64419 -0.706921
    outer loop
      vertex 4.66864 -9.46706 12.5
      vertex 3.9827 -8.13195 11
      vertex 4.0052 -8.12175 11
    endloop
  endfacet
  facet normal 0.291903 -0.644252 -0.706917
    outer loop
      vertex 4.03947 -9.75213 12.5
      vertex 3.48794 -8.35612 11
      vertex 3.9827 -8.13195 11
    endloop
  endfacet
  facet normal 0.292036 -0.644196 -0.706914
    outer loop
      vertex 3.48794 -8.35612 11
      vertex 4.03947 -9.75213 12.5
      vertex 3.46544 -8.36632 11
    endloop
  endfacet
  facet normal 0.292033 -0.64419 0.706921
    outer loop
      vertex 3.9827 -8.13195 14
      vertex 4.66864 -9.46706 12.5
      vertex 4.0052 -8.12175 14
    endloop
  endfacet
  facet normal 0.291903 -0.644252 0.706917
    outer loop
      vertex 4.66864 -9.46706 12.5
      vertex 3.9827 -8.13195 14
      vertex 3.48794 -8.35612 14
    endloop
  endfacet
  facet normal 0.291903 -0.644252 0.706917
    outer loop
      vertex 3.48794 -8.35612 14
      vertex 4.03947 -9.75213 12.5
      vertex 4.66864 -9.46706 12.5
    endloop
  endfacet
  facet normal 0.292036 -0.644196 0.706914
    outer loop
      vertex 4.03947 -9.75213 12.5
      vertex 3.48794 -8.35612 14
      vertex 3.46544 -8.36632 14
    endloop
  endfacet
  facet normal 0.249102 -0.661981 -0.706915
    outer loop
      vertex 4.03947 -9.75213 12.5
      vertex 3.44232 -8.37502 11
      vertex 3.46544 -8.36632 11
    endloop
  endfacet
  facet normal 0.249151 -0.661962 -0.706916
    outer loop
      vertex 3.44232 -8.37502 11
      vertex 4.03947 -9.75213 12.5
      vertex 3.393 -9.99545 12.5
    endloop
  endfacet
  facet normal 0.249141 -0.661963 -0.706918
    outer loop
      vertex 3.393 -9.99545 12.5
      vertex 2.93396 -8.56635 11
      vertex 3.44232 -8.37502 11
    endloop
  endfacet
  facet normal 0.2491 -0.661977 -0.706919
    outer loop
      vertex 2.93396 -8.56635 11
      vertex 3.393 -9.99545 12.5
      vertex 2.91084 -8.57505 11
    endloop
  endfacet
  facet normal 0.249102 -0.661981 0.706915
    outer loop
      vertex 3.44232 -8.37502 14
      vertex 4.03947 -9.75213 12.5
      vertex 3.46544 -8.36632 14
    endloop
  endfacet
  facet normal 0.249142 -0.661965 0.706916
    outer loop
      vertex 4.03947 -9.75213 12.5
      vertex 3.44232 -8.37502 14
      vertex 2.93396 -8.56635 14
    endloop
  endfacet
  facet normal 0.24915 -0.66196 0.706918
    outer loop
      vertex 2.93396 -8.56635 14
      vertex 3.393 -9.99545 12.5
      vertex 4.03947 -9.75213 12.5
    endloop
  endfacet
  facet normal 0.2491 -0.661977 0.706919
    outer loop
      vertex 3.393 -9.99545 12.5
      vertex 2.93396 -8.56635 14
      vertex 2.91084 -8.57505 14
    endloop
  endfacet
  facet normal 0.205288 -0.676848 -0.706918
    outer loop
      vertex 3.393 -9.99545 12.5
      vertex 2.8872 -8.58222 11
      vertex 2.91084 -8.57505 11
    endloop
  endfacet
  facet normal 0.205352 -0.676827 -0.70692
    outer loop
      vertex 2.8872 -8.58222 11
      vertex 3.393 -9.99545 12.5
      vertex 2.732 -10.196 12.5
    endloop
  endfacet
  facet normal 0.205319 -0.67683 -0.706926
    outer loop
      vertex 2.732 -10.196 12.5
      vertex 2.36741 -8.7399 11
      vertex 2.8872 -8.58222 11
    endloop
  endfacet
  facet normal 0.205285 -0.67684 -0.706927
    outer loop
      vertex 2.36741 -8.7399 11
      vertex 2.732 -10.196 12.5
      vertex 2.34377 -8.74707 11
    endloop
  endfacet
  facet normal 0.205288 -0.676848 0.706918
    outer loop
      vertex 2.8872 -8.58222 14
      vertex 3.393 -9.99545 12.5
      vertex 2.91084 -8.57505 14
    endloop
  endfacet
  facet normal 0.205321 -0.676837 0.706919
    outer loop
      vertex 3.393 -9.99545 12.5
      vertex 2.8872 -8.58222 14
      vertex 2.36741 -8.7399 14
    endloop
  endfacet
  facet normal 0.20535 -0.676822 0.706926
    outer loop
      vertex 2.36741 -8.7399 14
      vertex 2.732 -10.196 12.5
      vertex 3.393 -9.99545 12.5
    endloop
  endfacet
  facet normal 0.205285 -0.67684 0.706927
    outer loop
      vertex 2.732 -10.196 12.5
      vertex 2.36741 -8.7399 14
      vertex 2.34377 -8.74707 14
    endloop
  endfacet
  facet normal 0.160608 -0.68881 -0.706927
    outer loop
      vertex 2.732 -10.196 12.5
      vertex 2.31971 -8.75268 11
      vertex 2.34377 -8.74707 11
    endloop
  endfacet
  facet normal 0.160558 -0.688823 -0.706926
    outer loop
      vertex 2.31971 -8.75268 11
      vertex 2.732 -10.196 12.5
      vertex 2.0593 -10.3528 12.5
    endloop
  endfacet
  facet normal 0.160607 -0.688822 -0.706916
    outer loop
      vertex 2.0593 -10.3528 12.5
      vertex 1.79072 -8.87602 11
      vertex 2.31971 -8.75268 11
    endloop
  endfacet
  facet normal 0.160674 -0.688808 -0.706914
    outer loop
      vertex 1.79072 -8.87602 11
      vertex 2.0593 -10.3528 12.5
      vertex 1.76667 -8.88163 11
    endloop
  endfacet
  facet normal 0.160608 -0.68881 0.706927
    outer loop
      vertex 2.31971 -8.75268 14
      vertex 2.732 -10.196 12.5
      vertex 2.34377 -8.74707 14
    endloop
  endfacet
  facet normal 0.160604 -0.688811 0.706927
    outer loop
      vertex 2.732 -10.196 12.5
      vertex 2.31971 -8.75268 14
      vertex 1.79072 -8.87602 14
    endloop
  endfacet
  facet normal 0.16056 -0.688831 0.706917
    outer loop
      vertex 1.79072 -8.87602 14
      vertex 2.0593 -10.3528 12.5
      vertex 2.732 -10.196 12.5
    endloop
  endfacet
  facet normal 0.160674 -0.688808 0.706914
    outer loop
      vertex 2.0593 -10.3528 12.5
      vertex 1.79072 -8.87602 14
      vertex 1.76667 -8.88163 14
    endloop
  endfacet
  facet normal 0.11535 -0.697827 -0.706918
    outer loop
      vertex 2.0593 -10.3528 12.5
      vertex 1.74229 -8.88566 11
      vertex 1.76667 -8.88163 11
    endloop
  endfacet
  facet normal 0.115198 -0.697855 -0.706914
    outer loop
      vertex 1.74229 -8.88566 11
      vertex 2.0593 -10.3528 12.5
      vertex 1.37779 -10.4653 12.5
    endloop
  endfacet
  facet normal 0.115216 -0.697856 -0.70691
    outer loop
      vertex 1.37779 -10.4653 12.5
      vertex 1.20637 -8.97414 11
      vertex 1.74229 -8.88566 11
    endloop
  endfacet
  facet normal 0.115118 -0.69787 -0.706913
    outer loop
      vertex 1.20637 -8.97414 11
      vertex 1.37779 -10.4653 12.5
      vertex 1.182 -8.97816 11
    endloop
  endfacet
  facet normal 0.11535 -0.697827 0.706918
    outer loop
      vertex 1.74229 -8.88566 14
      vertex 2.0593 -10.3528 12.5
      vertex 1.76667 -8.88163 14
    endloop
  endfacet
  facet normal 0.115215 -0.697852 0.706914
    outer loop
      vertex 2.0593 -10.3528 12.5
      vertex 1.74229 -8.88566 14
      vertex 1.20637 -8.97414 14
    endloop
  endfacet
  facet normal 0.115199 -0.697859 0.706911
    outer loop
      vertex 1.20637 -8.97414 14
      vertex 1.37779 -10.4653 12.5
      vertex 2.0593 -10.3528 12.5
    endloop
  endfacet
  facet normal 0.115118 -0.69787 0.706913
    outer loop
      vertex 1.37779 -10.4653 12.5
      vertex 1.20637 -8.97414 14
      vertex 1.182 -8.97816 14
    endloop
  endfacet
  facet normal 0.0692739 -0.703903 -0.70691
    outer loop
      vertex 1.37779 -10.4653 12.5
      vertex 1.15741 -8.98058 11
      vertex 1.182 -8.97816 11
    endloop
  endfacet
  facet normal 0.0693229 -0.703897 -0.706911
    outer loop
      vertex 1.15741 -8.98058 11
      vertex 1.37779 -10.4653 12.5
      vertex 0.690372 -10.533 12.5
    endloop
  endfacet
  facet normal 0.0693273 -0.703897 -0.70691
    outer loop
      vertex 0.690372 -10.533 12.5
      vertex 0.616851 -9.03382 11
      vertex 1.15741 -8.98058 11
    endloop
  endfacet
  facet normal 0.069572 -0.703879 -0.706904
    outer loop
      vertex 0.616851 -9.03382 11
      vertex 0.690372 -10.533 12.5
      vertex 0.592266 -9.03625 11
    endloop
  endfacet
  facet normal 0.0692739 -0.703903 0.70691
    outer loop
      vertex 1.15741 -8.98058 14
      vertex 1.37779 -10.4653 12.5
      vertex 1.182 -8.97816 14
    endloop
  endfacet
  facet normal 0.0693272 -0.703896 0.706911
    outer loop
      vertex 1.37779 -10.4653 12.5
      vertex 1.15741 -8.98058 14
      vertex 0.616851 -9.03382 14
    endloop
  endfacet
  facet normal 0.069323 -0.703898 0.706911
    outer loop
      vertex 0.616851 -9.03382 14
      vertex 0.690372 -10.533 12.5
      vertex 1.37779 -10.4653 12.5
    endloop
  endfacet
  facet normal 0.069572 -0.703879 0.706904
    outer loop
      vertex 0.690372 -10.533 12.5
      vertex 0.616851 -9.03382 14
      vertex 0.592266 -9.03625 14
    endloop
  endfacet
  facet normal 0.0231419 -0.706925 -0.70691
    outer loop
      vertex 0.567576 -9.03705 11
      vertex 0.690372 -10.533 12.5
      vertex 0 -10.5556 12.5
    endloop
  endfacet
  facet normal 0.0229061 -0.706938 -0.706904
    outer loop
      vertex 0.690372 -10.533 12.5
      vertex 0.567576 -9.03705 11
      vertex 0.592266 -9.03625 11
    endloop
  endfacet
  facet normal 0.0229056 -0.706928 -0.706914
    outer loop
      vertex 0.0246901 -9.05483 11
      vertex 0 -10.5556 12.5
      vertex 0 -9.05563 11
    endloop
  endfacet
  facet normal 0.0231525 -0.706926 -0.706908
    outer loop
      vertex 0 -10.5556 12.5
      vertex 0.0246901 -9.05483 11
      vertex 0.567576 -9.03705 11
    endloop
  endfacet
  facet normal 0.0231524 -0.706924 0.706911
    outer loop
      vertex 0.690372 -10.533 12.5
      vertex 0.567576 -9.03705 14
      vertex 0.0246901 -9.05483 14
    endloop
  endfacet
  facet normal 0.0229061 -0.706938 0.706904
    outer loop
      vertex 0.567576 -9.03705 14
      vertex 0.690372 -10.533 12.5
      vertex 0.592266 -9.03625 14
    endloop
  endfacet
  facet normal 0.0229056 -0.706928 0.706914
    outer loop
      vertex 0 -10.5556 12.5
      vertex 0.0246901 -9.05483 14
      vertex 0 -9.05563 14
    endloop
  endfacet
  facet normal 0.0231419 -0.706926 0.706908
    outer loop
      vertex 0.0246901 -9.05483 14
      vertex 0 -10.5556 12.5
      vertex 0.690372 -10.533 12.5
    endloop
  endfacet
  facet normal -0.0231419 -0.706926 -0.706908
    outer loop
      vertex -0.0246901 -9.05483 11
      vertex 0 -10.5556 12.5
      vertex -0.690372 -10.533 12.5
    endloop
  endfacet
  facet normal -0.0229056 -0.706928 -0.706914
    outer loop
      vertex 0 -10.5556 12.5
      vertex -0.0246901 -9.05483 11
      vertex 0 -9.05563 11
    endloop
  endfacet
  facet normal -0.0231524 -0.706924 -0.706911
    outer loop
      vertex -0.690372 -10.533 12.5
      vertex -0.567576 -9.03705 11
      vertex -0.0246901 -9.05483 11
    endloop
  endfacet
  facet normal -0.0229061 -0.706938 -0.706904
    outer loop
      vertex -0.567576 -9.03705 11
      vertex -0.690372 -10.533 12.5
      vertex -0.592266 -9.03625 11
    endloop
  endfacet
  facet normal -0.0231525 -0.706926 0.706908
    outer loop
      vertex 0 -10.5556 12.5
      vertex -0.0246901 -9.05483 14
      vertex -0.567576 -9.03705 14
    endloop
  endfacet
  facet normal -0.0229056 -0.706928 0.706914
    outer loop
      vertex -0.0246901 -9.05483 14
      vertex 0 -10.5556 12.5
      vertex 0 -9.05563 14
    endloop
  endfacet
  facet normal -0.0229061 -0.706938 0.706904
    outer loop
      vertex -0.690372 -10.533 12.5
      vertex -0.567576 -9.03705 14
      vertex -0.592266 -9.03625 14
    endloop
  endfacet
  facet normal -0.0231419 -0.706925 0.70691
    outer loop
      vertex -0.567576 -9.03705 14
      vertex -0.690372 -10.533 12.5
      vertex 0 -10.5556 12.5
    endloop
  endfacet
  facet normal -0.069572 -0.703879 -0.706904
    outer loop
      vertex -0.690372 -10.533 12.5
      vertex -0.616851 -9.03382 11
      vertex -0.592266 -9.03625 11
    endloop
  endfacet
  facet normal -0.069323 -0.703898 -0.706911
    outer loop
      vertex -0.616851 -9.03382 11
      vertex -0.690372 -10.533 12.5
      vertex -1.37779 -10.4653 12.5
    endloop
  endfacet
  facet normal -0.0693272 -0.703896 -0.706911
    outer loop
      vertex -1.37779 -10.4653 12.5
      vertex -1.15741 -8.98058 11
      vertex -0.616851 -9.03382 11
    endloop
  endfacet
  facet normal -0.0692739 -0.703903 -0.70691
    outer loop
      vertex -1.15741 -8.98058 11
      vertex -1.37779 -10.4653 12.5
      vertex -1.182 -8.97816 11
    endloop
  endfacet
  facet normal -0.069572 -0.703879 0.706904
    outer loop
      vertex -0.616851 -9.03382 14
      vertex -0.690372 -10.533 12.5
      vertex -0.592266 -9.03625 14
    endloop
  endfacet
  facet normal -0.0693273 -0.703897 0.70691
    outer loop
      vertex -0.690372 -10.533 12.5
      vertex -0.616851 -9.03382 14
      vertex -1.15741 -8.98058 14
    endloop
  endfacet
  facet normal -0.0692739 -0.703903 0.70691
    outer loop
      vertex -1.37779 -10.4653 12.5
      vertex -1.15741 -8.98058 14
      vertex -1.182 -8.97816 14
    endloop
  endfacet
  facet normal -0.0693229 -0.703897 0.706911
    outer loop
      vertex -1.15741 -8.98058 14
      vertex -1.37779 -10.4653 12.5
      vertex -0.690372 -10.533 12.5
    endloop
  endfacet
  facet normal -0.115118 -0.69787 -0.706913
    outer loop
      vertex -1.37779 -10.4653 12.5
      vertex -1.20637 -8.97414 11
      vertex -1.182 -8.97816 11
    endloop
  endfacet
  facet normal -0.115199 -0.697859 -0.706911
    outer loop
      vertex -1.20637 -8.97414 11
      vertex -1.37779 -10.4653 12.5
      vertex -2.0593 -10.3528 12.5
    endloop
  endfacet
  facet normal -0.115215 -0.697852 -0.706914
    outer loop
      vertex -2.0593 -10.3528 12.5
      vertex -1.74229 -8.88566 11
      vertex -1.20637 -8.97414 11
    endloop
  endfacet
  facet normal -0.11535 -0.697827 -0.706918
    outer loop
      vertex -1.74229 -8.88566 11
      vertex -2.0593 -10.3528 12.5
      vertex -1.76667 -8.88163 11
    endloop
  endfacet
  facet normal -0.115118 -0.69787 0.706913
    outer loop
      vertex -1.20637 -8.97414 14
      vertex -1.37779 -10.4653 12.5
      vertex -1.182 -8.97816 14
    endloop
  endfacet
  facet normal -0.115216 -0.697856 0.70691
    outer loop
      vertex -1.37779 -10.4653 12.5
      vertex -1.20637 -8.97414 14
      vertex -1.74229 -8.88566 14
    endloop
  endfacet
  facet normal -0.11535 -0.697827 0.706918
    outer loop
      vertex -2.0593 -10.3528 12.5
      vertex -1.74229 -8.88566 14
      vertex -1.76667 -8.88163 14
    endloop
  endfacet
  facet normal -0.115198 -0.697855 0.706914
    outer loop
      vertex -1.74229 -8.88566 14
      vertex -2.0593 -10.3528 12.5
      vertex -1.37779 -10.4653 12.5
    endloop
  endfacet
  facet normal -0.160674 -0.688808 -0.706914
    outer loop
      vertex -2.0593 -10.3528 12.5
      vertex -1.79072 -8.87602 11
      vertex -1.76667 -8.88163 11
    endloop
  endfacet
  facet normal -0.16056 -0.688831 -0.706917
    outer loop
      vertex -1.79072 -8.87602 11
      vertex -2.0593 -10.3528 12.5
      vertex -2.732 -10.196 12.5
    endloop
  endfacet
  facet normal -0.160604 -0.688811 -0.706927
    outer loop
      vertex -2.732 -10.196 12.5
      vertex -2.31971 -8.75268 11
      vertex -1.79072 -8.87602 11
    endloop
  endfacet
  facet normal -0.160608 -0.68881 -0.706927
    outer loop
      vertex -2.31971 -8.75268 11
      vertex -2.732 -10.196 12.5
      vertex -2.34377 -8.74707 11
    endloop
  endfacet
  facet normal -0.160674 -0.688808 0.706914
    outer loop
      vertex -1.79072 -8.87602 14
      vertex -2.0593 -10.3528 12.5
      vertex -1.76667 -8.88163 14
    endloop
  endfacet
  facet normal -0.160607 -0.688822 0.706916
    outer loop
      vertex -2.0593 -10.3528 12.5
      vertex -1.79072 -8.87602 14
      vertex -2.31971 -8.75268 14
    endloop
  endfacet
  facet normal -0.160608 -0.68881 0.706927
    outer loop
      vertex -2.732 -10.196 12.5
      vertex -2.31971 -8.75268 14
      vertex -2.34377 -8.74707 14
    endloop
  endfacet
  facet normal -0.160558 -0.688823 0.706926
    outer loop
      vertex -2.31971 -8.75268 14
      vertex -2.732 -10.196 12.5
      vertex -2.0593 -10.3528 12.5
    endloop
  endfacet
  facet normal -0.205285 -0.67684 -0.706927
    outer loop
      vertex -2.732 -10.196 12.5
      vertex -2.36741 -8.7399 11
      vertex -2.34377 -8.74707 11
    endloop
  endfacet
  facet normal -0.20535 -0.676822 -0.706926
    outer loop
      vertex -2.36741 -8.7399 11
      vertex -2.732 -10.196 12.5
      vertex -3.393 -9.99545 12.5
    endloop
  endfacet
  facet normal -0.205321 -0.676837 -0.706919
    outer loop
      vertex -3.393 -9.99545 12.5
      vertex -2.8872 -8.58222 11
      vertex -2.36741 -8.7399 11
    endloop
  endfacet
  facet normal -0.205288 -0.676848 -0.706918
    outer loop
      vertex -2.8872 -8.58222 11
      vertex -3.393 -9.99545 12.5
      vertex -2.91084 -8.57505 11
    endloop
  endfacet
  facet normal -0.205285 -0.67684 0.706927
    outer loop
      vertex -2.36741 -8.7399 14
      vertex -2.732 -10.196 12.5
      vertex -2.34377 -8.74707 14
    endloop
  endfacet
  facet normal -0.205319 -0.67683 0.706926
    outer loop
      vertex -2.732 -10.196 12.5
      vertex -2.36741 -8.7399 14
      vertex -2.8872 -8.58222 14
    endloop
  endfacet
  facet normal -0.205288 -0.676848 0.706918
    outer loop
      vertex -3.393 -9.99545 12.5
      vertex -2.8872 -8.58222 14
      vertex -2.91084 -8.57505 14
    endloop
  endfacet
  facet normal -0.205352 -0.676827 0.70692
    outer loop
      vertex -2.8872 -8.58222 14
      vertex -3.393 -9.99545 12.5
      vertex -2.732 -10.196 12.5
    endloop
  endfacet
  facet normal -0.2491 -0.661977 -0.706919
    outer loop
      vertex -3.393 -9.99545 12.5
      vertex -2.93396 -8.56635 11
      vertex -2.91084 -8.57505 11
    endloop
  endfacet
  facet normal -0.24915 -0.66196 -0.706918
    outer loop
      vertex -2.93396 -8.56635 11
      vertex -3.393 -9.99545 12.5
      vertex -4.03947 -9.75213 12.5
    endloop
  endfacet
  facet normal -0.249142 -0.661965 -0.706916
    outer loop
      vertex -4.03947 -9.75213 12.5
      vertex -3.44232 -8.37502 11
      vertex -2.93396 -8.56635 11
    endloop
  endfacet
  facet normal -0.249102 -0.661981 -0.706915
    outer loop
      vertex -3.44232 -8.37502 11
      vertex -4.03947 -9.75213 12.5
      vertex -3.46544 -8.36632 11
    endloop
  endfacet
  facet normal -0.2491 -0.661977 0.706919
    outer loop
      vertex -2.93396 -8.56635 14
      vertex -3.393 -9.99545 12.5
      vertex -2.91084 -8.57505 14
    endloop
  endfacet
  facet normal -0.249141 -0.661963 0.706918
    outer loop
      vertex -3.393 -9.99545 12.5
      vertex -2.93396 -8.56635 14
      vertex -3.44232 -8.37502 14
    endloop
  endfacet
  facet normal -0.249102 -0.661981 0.706915
    outer loop
      vertex -4.03947 -9.75213 12.5
      vertex -3.44232 -8.37502 14
      vertex -3.46544 -8.36632 14
    endloop
  endfacet
  facet normal -0.249151 -0.661962 0.706916
    outer loop
      vertex -3.44232 -8.37502 14
      vertex -4.03947 -9.75213 12.5
      vertex -3.393 -9.99545 12.5
    endloop
  endfacet
  facet normal -0.292036 -0.644196 -0.706914
    outer loop
      vertex -4.03947 -9.75213 12.5
      vertex -3.48794 -8.35612 11
      vertex -3.46544 -8.36632 11
    endloop
  endfacet
  facet normal -0.291903 -0.644252 -0.706917
    outer loop
      vertex -3.48794 -8.35612 11
      vertex -4.03947 -9.75213 12.5
      vertex -4.66864 -9.46706 12.5
    endloop
  endfacet
  facet normal -0.292033 -0.64419 -0.706921
    outer loop
      vertex -3.9827 -8.13195 11
      vertex -4.66864 -9.46706 12.5
      vertex -4.0052 -8.12175 11
    endloop
  endfacet
  facet normal -0.291903 -0.644252 -0.706917
    outer loop
      vertex -4.66864 -9.46706 12.5
      vertex -3.9827 -8.13195 11
      vertex -3.48794 -8.35612 11
    endloop
  endfacet
  facet normal -0.291903 -0.644252 0.706917
    outer loop
      vertex -4.03947 -9.75213 12.5
      vertex -3.48794 -8.35612 14
      vertex -3.9827 -8.13195 14
    endloop
  endfacet
  facet normal -0.292036 -0.644196 0.706914
    outer loop
      vertex -3.48794 -8.35612 14
      vertex -4.03947 -9.75213 12.5
      vertex -3.46544 -8.36632 14
    endloop
  endfacet
  facet normal -0.292033 -0.64419 0.706921
    outer loop
      vertex -4.66864 -9.46706 12.5
      vertex -3.9827 -8.13195 14
      vertex -4.0052 -8.12175 14
    endloop
  endfacet
  facet normal -0.291903 -0.644252 0.706917
    outer loop
      vertex -3.9827 -8.13195 14
      vertex -4.66864 -9.46706 12.5
      vertex -4.03947 -9.75213 12.5
    endloop
  endfacet
  facet normal -0.333259 -0.623859 -0.706921
    outer loop
      vertex -4.66864 -9.46706 12.5
      vertex -4.02699 -8.11011 11
      vertex -4.0052 -8.12175 11
    endloop
  endfacet
  facet normal -0.333414 -0.623781 -0.706917
    outer loop
      vertex -4.02699 -8.11011 11
      vertex -4.66864 -9.46706 12.5
      vertex -5.27782 -9.14145 12.5
    endloop
  endfacet
  facet normal -0.333262 -0.623865 -0.706915
    outer loop
      vertex -4.50603 -7.85405 11
      vertex -5.27782 -9.14145 12.5
      vertex -4.52782 -7.84241 11
    endloop
  endfacet
  facet normal -0.333424 -0.623773 -0.706919
    outer loop
      vertex -5.27782 -9.14145 12.5
      vertex -4.50603 -7.85405 11
      vertex -4.02699 -8.11011 11
    endloop
  endfacet
  facet normal -0.333259 -0.623859 0.706921
    outer loop
      vertex -4.02699 -8.11011 14
      vertex -4.66864 -9.46706 12.5
      vertex -4.0052 -8.12175 14
    endloop
  endfacet
  facet normal -0.333425 -0.623776 0.706917
    outer loop
      vertex -4.66864 -9.46706 12.5
      vertex -4.02699 -8.11011 14
      vertex -4.50603 -7.85405 14
    endloop
  endfacet
  facet normal -0.333262 -0.623865 0.706915
    outer loop
      vertex -5.27782 -9.14145 12.5
      vertex -4.50603 -7.85405 14
      vertex -4.52782 -7.84241 14
    endloop
  endfacet
  facet normal -0.333413 -0.623779 0.706919
    outer loop
      vertex -4.50603 -7.85405 14
      vertex -5.27782 -9.14145 12.5
      vertex -4.66864 -9.46706 12.5
    endloop
  endfacet
  facet normal -0.373579 -0.60059 -0.706916
    outer loop
      vertex -5.27782 -9.14145 12.5
      vertex -4.5488 -7.82936 11
      vertex -4.52782 -7.84241 11
    endloop
  endfacet
  facet normal -0.373501 -0.600636 -0.706919
    outer loop
      vertex -4.5488 -7.82936 11
      vertex -5.27782 -9.14145 12.5
      vertex -5.8644 -8.77669 12.5
    endloop
  endfacet
  facet normal -0.3735 -0.600637 -0.706918
    outer loop
      vertex -5.8644 -8.77669 12.5
      vertex -5.01006 -7.54253 11
      vertex -4.5488 -7.82936 11
    endloop
  endfacet
  facet normal -0.373577 -0.600586 -0.706921
    outer loop
      vertex -5.01006 -7.54253 11
      vertex -5.8644 -8.77669 12.5
      vertex -5.03104 -7.52948 11
    endloop
  endfacet
  facet normal -0.373579 -0.60059 0.706916
    outer loop
      vertex -4.5488 -7.82936 14
      vertex -5.27782 -9.14145 12.5
      vertex -4.52782 -7.84241 14
    endloop
  endfacet
  facet normal -0.3735 -0.600636 0.706919
    outer loop
      vertex -5.27782 -9.14145 12.5
      vertex -4.5488 -7.82936 14
      vertex -5.01006 -7.54253 14
    endloop
  endfacet
  facet normal -0.373577 -0.600586 0.706921
    outer loop
      vertex -5.8644 -8.77669 12.5
      vertex -5.01006 -7.54253 14
      vertex -5.03104 -7.52948 14
    endloop
  endfacet
  facet normal -0.373501 -0.600636 0.706918
    outer loop
      vertex -5.01006 -7.54253 14
      vertex -5.8644 -8.77669 12.5
      vertex -5.27782 -9.14145 12.5
    endloop
  endfacet
  facet normal -0.411809 -0.575043 -0.706923
    outer loop
      vertex -5.8644 -8.77669 12.5
      vertex -5.05112 -7.5151 11
      vertex -5.03104 -7.52948 11
    endloop
  endfacet
  facet normal -0.411987 -0.574922 -0.706917
    outer loop
      vertex -5.05112 -7.5151 11
      vertex -5.8644 -8.77669 12.5
      vertex -6.42586 -8.37435 12.5
    endloop
  endfacet
  facet normal -0.412001 -0.574911 -0.706917
    outer loop
      vertex -5.49264 -7.19871 11
      vertex -6.42586 -8.37435 12.5
      vertex -5.51272 -7.18432 11
    endloop
  endfacet
  facet normal -0.411986 -0.574923 -0.706917
    outer loop
      vertex -6.42586 -8.37435 12.5
      vertex -5.49264 -7.19871 11
      vertex -5.05112 -7.5151 11
    endloop
  endfacet
  facet normal -0.411809 -0.575043 0.706923
    outer loop
      vertex -5.05112 -7.5151 14
      vertex -5.8644 -8.77669 12.5
      vertex -5.03104 -7.52948 14
    endloop
  endfacet
  facet normal -0.411985 -0.574923 0.706917
    outer loop
      vertex -5.8644 -8.77669 12.5
      vertex -5.05112 -7.5151 14
      vertex -5.49264 -7.19871 14
    endloop
  endfacet
  facet normal -0.412001 -0.574911 0.706917
    outer loop
      vertex -6.42586 -8.37435 12.5
      vertex -5.49264 -7.19871 14
      vertex -5.51272 -7.18432 14
    endloop
  endfacet
  facet normal -0.411987 -0.574922 0.706917
    outer loop
      vertex -5.49264 -7.19871 14
      vertex -6.42586 -8.37435 12.5
      vertex -5.8644 -8.77669 12.5
    endloop
  endfacet
  facet normal -0.448618 -0.546816 -0.706919
    outer loop
      vertex -6.42586 -8.37435 12.5
      vertex -5.53182 -7.16865 11
      vertex -5.51272 -7.18432 11
    endloop
  endfacet
  facet normal -0.448704 -0.546749 -0.706916
    outer loop
      vertex -5.53182 -7.16865 11
      vertex -6.42586 -8.37435 12.5
      vertex -6.95981 -7.93615 12.5
    endloop
  endfacet
  facet normal -0.448758 -0.546701 -0.706919
    outer loop
      vertex -5.9517 -6.82406 11
      vertex -6.95981 -7.93615 12.5
      vertex -5.97079 -6.80839 11
    endloop
  endfacet
  facet normal -0.448707 -0.546745 -0.706917
    outer loop
      vertex -6.95981 -7.93615 12.5
      vertex -5.9517 -6.82406 11
      vertex -5.53182 -7.16865 11
    endloop
  endfacet
  facet normal -0.448618 -0.546816 0.706919
    outer loop
      vertex -5.53182 -7.16865 14
      vertex -6.42586 -8.37435 12.5
      vertex -5.51272 -7.18432 14
    endloop
  endfacet
  facet normal -0.448707 -0.546746 0.706916
    outer loop
      vertex -6.42586 -8.37435 12.5
      vertex -5.53182 -7.16865 14
      vertex -5.9517 -6.82406 14
    endloop
  endfacet
  facet normal -0.448758 -0.546701 0.706919
    outer loop
      vertex -6.95981 -7.93615 12.5
      vertex -5.9517 -6.82406 14
      vertex -5.97079 -6.80839 14
    endloop
  endfacet
  facet normal -0.448703 -0.546748 0.706917
    outer loop
      vertex -5.9517 -6.82406 14
      vertex -6.95981 -7.93615 12.5
      vertex -6.42586 -8.37435 12.5
    endloop
  endfacet
  facet normal -0.483549 -0.516187 -0.706917
    outer loop
      vertex -6.95981 -7.93615 12.5
      vertex -5.98882 -6.7915 11
      vertex -5.97079 -6.80839 11
    endloop
  endfacet
  facet normal -0.483503 -0.516228 -0.706918
    outer loop
      vertex -5.98882 -6.7915 11
      vertex -6.95981 -7.93615 12.5
      vertex -7.46396 -7.46396 12.5
    endloop
  endfacet
  facet normal -0.483499 -0.516234 -0.706917
    outer loop
      vertex -7.46396 -7.46396 12.5
      vertex -6.38527 -6.42019 11
      vertex -5.98882 -6.7915 11
    endloop
  endfacet
  facet normal -0.483548 -0.516186 -0.706918
    outer loop
      vertex -6.38527 -6.42019 11
      vertex -7.46396 -7.46396 12.5
      vertex -6.4033 -6.4033 11
    endloop
  endfacet
  facet normal -0.483497 -0.516233 0.706918
    outer loop
      vertex -6.95981 -7.93615 12.5
      vertex -5.98882 -6.7915 14
      vertex -6.38527 -6.42019 14
    endloop
  endfacet
  facet normal -0.483549 -0.516187 0.706917
    outer loop
      vertex -5.98882 -6.7915 14
      vertex -6.95981 -7.93615 12.5
      vertex -5.97079 -6.80839 14
    endloop
  endfacet
  facet normal -0.483548 -0.516186 0.706918
    outer loop
      vertex -7.46396 -7.46396 12.5
      vertex -6.38527 -6.42019 14
      vertex -6.4033 -6.4033 14
    endloop
  endfacet
  facet normal -0.483504 -0.516229 0.706917
    outer loop
      vertex -6.38527 -6.42019 14
      vertex -7.46396 -7.46396 12.5
      vertex -6.95981 -7.93615 12.5
    endloop
  endfacet
  facet normal -0.516186 -0.483548 -0.706918
    outer loop
      vertex -7.46396 -7.46396 12.5
      vertex -6.42019 -6.38527 11
      vertex -6.4033 -6.4033 11
    endloop
  endfacet
  facet normal -0.516229 -0.483504 -0.706917
    outer loop
      vertex -6.42019 -6.38527 11
      vertex -7.46396 -7.46396 12.5
      vertex -7.93615 -6.95981 12.5
    endloop
  endfacet
  facet normal -0.516233 -0.483497 -0.706918
    outer loop
      vertex -7.93615 -6.95981 12.5
      vertex -6.7915 -5.98882 11
      vertex -6.42019 -6.38527 11
    endloop
  endfacet
  facet normal -0.516187 -0.483549 -0.706917
    outer loop
      vertex -6.7915 -5.98882 11
      vertex -7.93615 -6.95981 12.5
      vertex -6.80839 -5.97079 11
    endloop
  endfacet
  facet normal -0.516234 -0.483499 0.706917
    outer loop
      vertex -7.46396 -7.46396 12.5
      vertex -6.42019 -6.38527 14
      vertex -6.7915 -5.98882 14
    endloop
  endfacet
  facet normal -0.516186 -0.483548 0.706918
    outer loop
      vertex -6.42019 -6.38527 14
      vertex -7.46396 -7.46396 12.5
      vertex -6.4033 -6.4033 14
    endloop
  endfacet
  facet normal -0.516187 -0.483549 0.706917
    outer loop
      vertex -7.93615 -6.95981 12.5
      vertex -6.7915 -5.98882 14
      vertex -6.80839 -5.97079 14
    endloop
  endfacet
  facet normal -0.516228 -0.483503 0.706918
    outer loop
      vertex -6.7915 -5.98882 14
      vertex -7.93615 -6.95981 12.5
      vertex -7.46396 -7.46396 12.5
    endloop
  endfacet
  facet normal -0.546701 -0.448758 -0.706919
    outer loop
      vertex -7.93615 -6.95981 12.5
      vertex -6.82406 -5.9517 11
      vertex -6.80839 -5.97079 11
    endloop
  endfacet
  facet normal -0.546748 -0.448703 -0.706917
    outer loop
      vertex -6.82406 -5.9517 11
      vertex -7.93615 -6.95981 12.5
      vertex -8.37435 -6.42586 12.5
    endloop
  endfacet
  facet normal -0.546816 -0.448618 -0.706919
    outer loop
      vertex -7.16865 -5.53182 11
      vertex -8.37435 -6.42586 12.5
      vertex -7.18432 -5.51272 11
    endloop
  endfacet
  facet normal -0.546746 -0.448707 -0.706916
    outer loop
      vertex -8.37435 -6.42586 12.5
      vertex -7.16865 -5.53182 11
      vertex -6.82406 -5.9517 11
    endloop
  endfacet
  facet normal -0.546701 -0.448758 0.706919
    outer loop
      vertex -6.82406 -5.9517 14
      vertex -7.93615 -6.95981 12.5
      vertex -6.80839 -5.97079 14
    endloop
  endfacet
  facet normal -0.546745 -0.448707 0.706917
    outer loop
      vertex -7.93615 -6.95981 12.5
      vertex -6.82406 -5.9517 14
      vertex -7.16865 -5.53182 14
    endloop
  endfacet
  facet normal -0.546816 -0.448618 0.706919
    outer loop
      vertex -8.37435 -6.42586 12.5
      vertex -7.16865 -5.53182 14
      vertex -7.18432 -5.51272 14
    endloop
  endfacet
  facet normal -0.546749 -0.448704 0.706916
    outer loop
      vertex -7.16865 -5.53182 14
      vertex -8.37435 -6.42586 12.5
      vertex -7.93615 -6.95981 12.5
    endloop
  endfacet
  facet normal -0.574911 -0.412001 -0.706917
    outer loop
      vertex -8.37435 -6.42586 12.5
      vertex -7.19871 -5.49264 11
      vertex -7.18432 -5.51272 11
    endloop
  endfacet
  facet normal -0.574922 -0.411987 -0.706917
    outer loop
      vertex -7.19871 -5.49264 11
      vertex -8.37435 -6.42586 12.5
      vertex -8.77669 -5.8644 12.5
    endloop
  endfacet
  facet normal -0.575043 -0.411809 -0.706923
    outer loop
      vertex -7.5151 -5.05112 11
      vertex -8.77669 -5.8644 12.5
      vertex -7.52948 -5.03104 11
    endloop
  endfacet
  facet normal -0.574923 -0.411985 -0.706917
    outer loop
      vertex -8.77669 -5.8644 12.5
      vertex -7.5151 -5.05112 11
      vertex -7.19871 -5.49264 11
    endloop
  endfacet
  facet normal -0.574911 -0.412001 0.706917
    outer loop
      vertex -7.19871 -5.49264 14
      vertex -8.37435 -6.42586 12.5
      vertex -7.18432 -5.51272 14
    endloop
  endfacet
  facet normal -0.574923 -0.411986 0.706917
    outer loop
      vertex -8.37435 -6.42586 12.5
      vertex -7.19871 -5.49264 14
      vertex -7.5151 -5.05112 14
    endloop
  endfacet
  facet normal -0.575043 -0.411809 0.706923
    outer loop
      vertex -8.77669 -5.8644 12.5
      vertex -7.5151 -5.05112 14
      vertex -7.52948 -5.03104 14
    endloop
  endfacet
  facet normal -0.574922 -0.411987 0.706917
    outer loop
      vertex -7.5151 -5.05112 14
      vertex -8.77669 -5.8644 12.5
      vertex -8.37435 -6.42586 12.5
    endloop
  endfacet
  facet normal -0.600586 -0.373577 -0.706921
    outer loop
      vertex -8.77669 -5.8644 12.5
      vertex -7.54253 -5.01006 11
      vertex -7.52948 -5.03104 11
    endloop
  endfacet
  facet normal -0.600636 -0.373501 -0.706918
    outer loop
      vertex -7.54253 -5.01006 11
      vertex -8.77669 -5.8644 12.5
      vertex -9.14145 -5.27782 12.5
    endloop
  endfacet
  facet normal -0.60059 -0.373579 -0.706916
    outer loop
      vertex -7.82936 -4.5488 11
      vertex -9.14145 -5.27782 12.5
      vertex -7.84241 -4.52782 11
    endloop
  endfacet
  facet normal -0.600636 -0.3735 -0.706919
    outer loop
      vertex -9.14145 -5.27782 12.5
      vertex -7.82936 -4.5488 11
      vertex -7.54253 -5.01006 11
    endloop
  endfacet
  facet normal -0.600637 -0.3735 0.706918
    outer loop
      vertex -8.77669 -5.8644 12.5
      vertex -7.54253 -5.01006 14
      vertex -7.82936 -4.5488 14
    endloop
  endfacet
  facet normal -0.600586 -0.373577 0.706921
    outer loop
      vertex -7.54253 -5.01006 14
      vertex -8.77669 -5.8644 12.5
      vertex -7.52948 -5.03104 14
    endloop
  endfacet
  facet normal -0.60059 -0.373579 0.706916
    outer loop
      vertex -9.14145 -5.27782 12.5
      vertex -7.82936 -4.5488 14
      vertex -7.84241 -4.52782 14
    endloop
  endfacet
  facet normal -0.600636 -0.373501 0.706919
    outer loop
      vertex -7.82936 -4.5488 14
      vertex -9.14145 -5.27782 12.5
      vertex -8.77669 -5.8644 12.5
    endloop
  endfacet
  facet normal -0.623865 -0.333262 -0.706915
    outer loop
      vertex -9.14145 -5.27782 12.5
      vertex -7.85405 -4.50603 11
      vertex -7.84241 -4.52782 11
    endloop
  endfacet
  facet normal -0.623779 -0.333413 -0.706919
    outer loop
      vertex -7.85405 -4.50603 11
      vertex -9.14145 -5.27782 12.5
      vertex -9.46706 -4.66864 12.5
    endloop
  endfacet
  facet normal -0.623859 -0.333259 -0.706921
    outer loop
      vertex -8.11011 -4.02699 11
      vertex -9.46706 -4.66864 12.5
      vertex -8.12175 -4.0052 11
    endloop
  endfacet
  facet normal -0.623776 -0.333425 -0.706917
    outer loop
      vertex -9.46706 -4.66864 12.5
      vertex -8.11011 -4.02699 11
      vertex -7.85405 -4.50603 11
    endloop
  endfacet
  facet normal -0.623865 -0.333262 0.706915
    outer loop
      vertex -7.85405 -4.50603 14
      vertex -9.14145 -5.27782 12.5
      vertex -7.84241 -4.52782 14
    endloop
  endfacet
  facet normal -0.623773 -0.333424 0.706919
    outer loop
      vertex -9.14145 -5.27782 12.5
      vertex -7.85405 -4.50603 14
      vertex -8.11011 -4.02699 14
    endloop
  endfacet
  facet normal -0.623859 -0.333259 0.706921
    outer loop
      vertex -9.46706 -4.66864 12.5
      vertex -8.11011 -4.02699 14
      vertex -8.12175 -4.0052 14
    endloop
  endfacet
  facet normal -0.623781 -0.333414 0.706917
    outer loop
      vertex -8.11011 -4.02699 14
      vertex -9.46706 -4.66864 12.5
      vertex -9.14145 -5.27782 12.5
    endloop
  endfacet
  facet normal -0.64419 -0.292033 -0.706921
    outer loop
      vertex -9.46706 -4.66864 12.5
      vertex -8.13195 -3.9827 11
      vertex -8.12175 -4.0052 11
    endloop
  endfacet
  facet normal -0.644252 -0.291903 -0.706917
    outer loop
      vertex -8.13195 -3.9827 11
      vertex -9.46706 -4.66864 12.5
      vertex -9.75213 -4.03947 12.5
    endloop
  endfacet
  facet normal -0.644252 -0.291903 -0.706917
    outer loop
      vertex -9.75213 -4.03947 12.5
      vertex -8.35612 -3.48794 11
      vertex -8.13195 -3.9827 11
    endloop
  endfacet
  facet normal -0.644196 -0.292036 -0.706914
    outer loop
      vertex -8.35612 -3.48794 11
      vertex -9.75213 -4.03947 12.5
      vertex -8.36632 -3.46544 11
    endloop
  endfacet
  facet normal -0.64419 -0.292033 0.706921
    outer loop
      vertex -8.13195 -3.9827 14
      vertex -9.46706 -4.66864 12.5
      vertex -8.12175 -4.0052 14
    endloop
  endfacet
  facet normal -0.644252 -0.291903 0.706917
    outer loop
      vertex -9.46706 -4.66864 12.5
      vertex -8.13195 -3.9827 14
      vertex -8.35612 -3.48794 14
    endloop
  endfacet
  facet normal -0.644196 -0.292036 0.706914
    outer loop
      vertex -9.75213 -4.03947 12.5
      vertex -8.35612 -3.48794 14
      vertex -8.36632 -3.46544 14
    endloop
  endfacet
  facet normal -0.644252 -0.291903 0.706917
    outer loop
      vertex -8.35612 -3.48794 14
      vertex -9.75213 -4.03947 12.5
      vertex -9.46706 -4.66864 12.5
    endloop
  endfacet
  facet normal -0.661981 -0.249102 -0.706915
    outer loop
      vertex -9.75213 -4.03947 12.5
      vertex -8.37502 -3.44232 11
      vertex -8.36632 -3.46544 11
    endloop
  endfacet
  facet normal -0.661962 -0.249151 -0.706916
    outer loop
      vertex -8.37502 -3.44232 11
      vertex -9.75213 -4.03947 12.5
      vertex -9.99545 -3.393 12.5
    endloop
  endfacet
  facet normal -0.661963 -0.249141 -0.706918
    outer loop
      vertex -9.99545 -3.393 12.5
      vertex -8.56635 -2.93396 11
      vertex -8.37502 -3.44232 11
    endloop
  endfacet
  facet normal -0.661977 -0.2491 -0.706919
    outer loop
      vertex -8.56635 -2.93396 11
      vertex -9.99545 -3.393 12.5
      vertex -8.57505 -2.91084 11
    endloop
  endfacet
  facet normal -0.661965 -0.249142 0.706916
    outer loop
      vertex -9.75213 -4.03947 12.5
      vertex -8.37502 -3.44232 14
      vertex -8.56635 -2.93396 14
    endloop
  endfacet
  facet normal -0.661981 -0.249102 0.706915
    outer loop
      vertex -8.37502 -3.44232 14
      vertex -9.75213 -4.03947 12.5
      vertex -8.36632 -3.46544 14
    endloop
  endfacet
  facet normal -0.661977 -0.2491 0.706919
    outer loop
      vertex -9.99545 -3.393 12.5
      vertex -8.56635 -2.93396 14
      vertex -8.57505 -2.91084 14
    endloop
  endfacet
  facet normal -0.66196 -0.24915 0.706918
    outer loop
      vertex -8.56635 -2.93396 14
      vertex -9.99545 -3.393 12.5
      vertex -9.75213 -4.03947 12.5
    endloop
  endfacet
  facet normal -0.676848 -0.205288 -0.706918
    outer loop
      vertex -9.99545 -3.393 12.5
      vertex -8.58222 -2.8872 11
      vertex -8.57505 -2.91084 11
    endloop
  endfacet
  facet normal -0.676827 -0.205352 -0.70692
    outer loop
      vertex -8.58222 -2.8872 11
      vertex -9.99545 -3.393 12.5
      vertex -10.196 -2.732 12.5
    endloop
  endfacet
  facet normal -0.67683 -0.205319 -0.706926
    outer loop
      vertex -10.196 -2.732 12.5
      vertex -8.7399 -2.36741 11
      vertex -8.58222 -2.8872 11
    endloop
  endfacet
  facet normal -0.67684 -0.205285 -0.706927
    outer loop
      vertex -8.7399 -2.36741 11
      vertex -10.196 -2.732 12.5
      vertex -8.74707 -2.34377 11
    endloop
  endfacet
  facet normal -0.676837 -0.205321 0.706919
    outer loop
      vertex -9.99545 -3.393 12.5
      vertex -8.58222 -2.8872 14
      vertex -8.7399 -2.36741 14
    endloop
  endfacet
  facet normal -0.676848 -0.205288 0.706918
    outer loop
      vertex -8.58222 -2.8872 14
      vertex -9.99545 -3.393 12.5
      vertex -8.57505 -2.91084 14
    endloop
  endfacet
  facet normal -0.67684 -0.205285 0.706927
    outer loop
      vertex -10.196 -2.732 12.5
      vertex -8.7399 -2.36741 14
      vertex -8.74707 -2.34377 14
    endloop
  endfacet
  facet normal -0.676822 -0.20535 0.706926
    outer loop
      vertex -8.7399 -2.36741 14
      vertex -10.196 -2.732 12.5
      vertex -9.99545 -3.393 12.5
    endloop
  endfacet
  facet normal -0.68881 -0.160608 -0.706927
    outer loop
      vertex -10.196 -2.732 12.5
      vertex -8.75268 -2.31971 11
      vertex -8.74707 -2.34377 11
    endloop
  endfacet
  facet normal -0.688823 -0.160558 -0.706926
    outer loop
      vertex -8.75268 -2.31971 11
      vertex -10.196 -2.732 12.5
      vertex -10.3528 -2.0593 12.5
    endloop
  endfacet
  facet normal -0.688808 -0.160674 -0.706914
    outer loop
      vertex -8.87602 -1.79072 11
      vertex -10.3528 -2.0593 12.5
      vertex -8.88163 -1.76667 11
    endloop
  endfacet
  facet normal -0.688822 -0.160607 -0.706916
    outer loop
      vertex -10.3528 -2.0593 12.5
      vertex -8.87602 -1.79072 11
      vertex -8.75268 -2.31971 11
    endloop
  endfacet
  facet normal -0.688811 -0.160604 0.706927
    outer loop
      vertex -10.196 -2.732 12.5
      vertex -8.75268 -2.31971 14
      vertex -8.87602 -1.79072 14
    endloop
  endfacet
  facet normal -0.68881 -0.160608 0.706927
    outer loop
      vertex -8.75268 -2.31971 14
      vertex -10.196 -2.732 12.5
      vertex -8.74707 -2.34377 14
    endloop
  endfacet
  facet normal -0.688808 -0.160674 0.706914
    outer loop
      vertex -10.3528 -2.0593 12.5
      vertex -8.87602 -1.79072 14
      vertex -8.88163 -1.76667 14
    endloop
  endfacet
  facet normal -0.688831 -0.16056 0.706917
    outer loop
      vertex -8.87602 -1.79072 14
      vertex -10.3528 -2.0593 12.5
      vertex -10.196 -2.732 12.5
    endloop
  endfacet
  facet normal -0.697827 -0.11535 -0.706918
    outer loop
      vertex -10.3528 -2.0593 12.5
      vertex -8.88566 -1.74229 11
      vertex -8.88163 -1.76667 11
    endloop
  endfacet
  facet normal -0.697855 -0.115198 -0.706914
    outer loop
      vertex -8.88566 -1.74229 11
      vertex -10.3528 -2.0593 12.5
      vertex -10.4653 -1.37779 12.5
    endloop
  endfacet
  facet normal -0.69787 -0.115118 -0.706913
    outer loop
      vertex -8.97414 -1.20637 11
      vertex -10.4653 -1.37779 12.5
      vertex -8.97816 -1.182 11
    endloop
  endfacet
  facet normal -0.697856 -0.115216 -0.70691
    outer loop
      vertex -10.4653 -1.37779 12.5
      vertex -8.97414 -1.20637 11
      vertex -8.88566 -1.74229 11
    endloop
  endfacet
  facet normal -0.697852 -0.115215 0.706914
    outer loop
      vertex -10.3528 -2.0593 12.5
      vertex -8.88566 -1.74229 14
      vertex -8.97414 -1.20637 14
    endloop
  endfacet
  facet normal -0.697827 -0.11535 0.706918
    outer loop
      vertex -8.88566 -1.74229 14
      vertex -10.3528 -2.0593 12.5
      vertex -8.88163 -1.76667 14
    endloop
  endfacet
  facet normal -0.69787 -0.115118 0.706913
    outer loop
      vertex -10.4653 -1.37779 12.5
      vertex -8.97414 -1.20637 14
      vertex -8.97816 -1.182 14
    endloop
  endfacet
  facet normal -0.697859 -0.115199 0.706911
    outer loop
      vertex -8.97414 -1.20637 14
      vertex -10.4653 -1.37779 12.5
      vertex -10.3528 -2.0593 12.5
    endloop
  endfacet
  facet normal -0.703903 -0.0692739 -0.70691
    outer loop
      vertex -10.4653 -1.37779 12.5
      vertex -8.98058 -1.15741 11
      vertex -8.97816 -1.182 11
    endloop
  endfacet
  facet normal -0.703897 -0.0693229 -0.706911
    outer loop
      vertex -8.98058 -1.15741 11
      vertex -10.4653 -1.37779 12.5
      vertex -10.533 -0.690372 12.5
    endloop
  endfacet
  facet normal -0.703879 -0.069572 -0.706904
    outer loop
      vertex -9.03382 -0.616851 11
      vertex -10.533 -0.690372 12.5
      vertex -9.03625 -0.592266 11
    endloop
  endfacet
  facet normal -0.703897 -0.0693273 -0.70691
    outer loop
      vertex -10.533 -0.690372 12.5
      vertex -9.03382 -0.616851 11
      vertex -8.98058 -1.15741 11
    endloop
  endfacet
  facet normal -0.703896 -0.0693272 0.706911
    outer loop
      vertex -10.4653 -1.37779 12.5
      vertex -8.98058 -1.15741 14
      vertex -9.03382 -0.616851 14
    endloop
  endfacet
  facet normal -0.703903 -0.0692739 0.70691
    outer loop
      vertex -8.98058 -1.15741 14
      vertex -10.4653 -1.37779 12.5
      vertex -8.97816 -1.182 14
    endloop
  endfacet
  facet normal -0.703879 -0.069572 0.706904
    outer loop
      vertex -10.533 -0.690372 12.5
      vertex -9.03382 -0.616851 14
      vertex -9.03625 -0.592266 14
    endloop
  endfacet
  facet normal -0.703898 -0.069323 0.706911
    outer loop
      vertex -9.03382 -0.616851 14
      vertex -10.533 -0.690372 12.5
      vertex -10.4653 -1.37779 12.5
    endloop
  endfacet
  facet normal -0.706938 -0.0229061 -0.706904
    outer loop
      vertex -10.533 -0.690372 12.5
      vertex -9.03705 -0.567576 11
      vertex -9.03625 -0.592266 11
    endloop
  endfacet
  facet normal -0.706925 -0.0231419 -0.70691
    outer loop
      vertex -9.03705 -0.567576 11
      vertex -10.533 -0.690372 12.5
      vertex -10.5556 0 12.5
    endloop
  endfacet
  facet normal -0.706928 -0.0229056 -0.706914
    outer loop
      vertex -9.05483 -0.0246901 11
      vertex -10.5556 0 12.5
      vertex -9.05563 0 11
    endloop
  endfacet
  facet normal -0.706926 -0.0231525 -0.706908
    outer loop
      vertex -10.5556 0 12.5
      vertex -9.05483 -0.0246901 11
      vertex -9.03705 -0.567576 11
    endloop
  endfacet
  facet normal -0.706924 -0.0231524 0.706911
    outer loop
      vertex -10.533 -0.690372 12.5
      vertex -9.03705 -0.567576 14
      vertex -9.05483 -0.0246901 14
    endloop
  endfacet
  facet normal -0.706938 -0.0229061 0.706904
    outer loop
      vertex -9.03705 -0.567576 14
      vertex -10.533 -0.690372 12.5
      vertex -9.03625 -0.592266 14
    endloop
  endfacet
  facet normal -0.706928 -0.0229056 0.706914
    outer loop
      vertex -10.5556 0 12.5
      vertex -9.05483 -0.0246901 14
      vertex -9.05563 0 14
    endloop
  endfacet
  facet normal -0.706926 -0.0231419 0.706908
    outer loop
      vertex -9.05483 -0.0246901 14
      vertex -10.5556 0 12.5
      vertex -10.533 -0.690372 12.5
    endloop
  endfacet
  facet normal -0.706928 0.0229056 -0.706914
    outer loop
      vertex -10.5556 0 15.5
      vertex -9.05483 0.0246901 14
      vertex -9.05563 0 14
    endloop
  endfacet
  facet normal -0.706926 0.0231419 -0.706908
    outer loop
      vertex -9.05483 0.0246901 14
      vertex -10.5556 0 15.5
      vertex -10.533 0.690372 15.5
    endloop
  endfacet
  facet normal -0.706924 0.0231524 -0.706911
    outer loop
      vertex -10.533 0.690372 15.5
      vertex -9.03705 0.567576 14
      vertex -9.05483 0.0246901 14
    endloop
  endfacet
  facet normal -0.706938 0.0229061 -0.706904
    outer loop
      vertex -9.03705 0.567576 14
      vertex -10.533 0.690372 15.5
      vertex -9.03625 0.592266 14
    endloop
  endfacet
  facet normal -0.706926 0.0231814 0.706908
    outer loop
      vertex -9.77415 0.111918 16.2778
      vertex -10.5556 0 15.5
      vertex -9.77782 0 16.2778
    endloop
  endfacet
  facet normal -0.706923 0.0231383 0.706911
    outer loop
      vertex -10.5556 0 15.5
      vertex -9.77415 0.111918 16.2778
      vertex -9.76818 0.294314 16.2778
    endloop
  endfacet
  facet normal -0.707871 0 0.706342
    outer loop
      vertex -10.533 0.690372 15.5
      vertex -9.75688 0.639499 16.2778
      vertex -9.75688 0.6395 16.2778
    endloop
  endfacet
  facet normal -0.706924 0.0231419 0.706911
    outer loop
      vertex -9.75688 0.639499 16.2778
      vertex -10.533 0.690372 15.5
      vertex -9.76818 0.294314 16.2778
    endloop
  endfacet
  facet normal -0.706924 0.0231418 0.706911
    outer loop
      vertex -9.76818 0.294314 16.2778
      vertex -10.533 0.690372 15.5
      vertex -10.5556 0 15.5
    endloop
  endfacet
  facet normal -0.703879 0.069572 -0.706904
    outer loop
      vertex -10.533 0.690372 15.5
      vertex -9.03382 0.616851 14
      vertex -9.03625 0.592266 14
    endloop
  endfacet
  facet normal -0.703898 0.069323 -0.706911
    outer loop
      vertex -9.03382 0.616851 14
      vertex -10.533 0.690372 15.5
      vertex -10.4653 1.37779 15.5
    endloop
  endfacet
  facet normal -0.703896 0.0693272 -0.706911
    outer loop
      vertex -10.4653 1.37779 15.5
      vertex -8.98058 1.15741 14
      vertex -9.03382 0.616851 14
    endloop
  endfacet
  facet normal -0.703903 0.0692739 -0.70691
    outer loop
      vertex -8.98058 1.15741 14
      vertex -10.4653 1.37779 15.5
      vertex -8.97816 1.182 14
    endloop
  endfacet
  facet normal -0.703899 0.0693377 0.706907
    outer loop
      vertex -10.533 0.690372 15.5
      vertex -9.74591 0.750938 16.2778
      vertex -9.72802 0.932553 16.2778
    endloop
  endfacet
  facet normal -0.7039 0.0692922 0.706911
    outer loop
      vertex -9.74591 0.750938 16.2778
      vertex -10.533 0.690372 15.5
      vertex -9.75688 0.6395 16.2778
    endloop
  endfacet
  facet normal -0.703898 0.0693234 0.70691
    outer loop
      vertex -9.69417 1.27626 16.2778
      vertex -10.4653 1.37779 15.5
      vertex -9.72802 0.932553 16.2778
    endloop
  endfacet
  facet normal -0.703898 0.069323 0.70691
    outer loop
      vertex -9.72802 0.932553 16.2778
      vertex -10.4653 1.37779 15.5
      vertex -10.533 0.690372 15.5
    endloop
  endfacet
  facet normal -0.69787 0.115118 -0.706913
    outer loop
      vertex -10.4653 1.37779 15.5
      vertex -8.97414 1.20637 14
      vertex -8.97816 1.182 14
    endloop
  endfacet
  facet normal -0.697859 0.115199 -0.706911
    outer loop
      vertex -8.97414 1.20637 14
      vertex -10.4653 1.37779 15.5
      vertex -10.3528 2.0593 15.5
    endloop
  endfacet
  facet normal -0.697852 0.115215 -0.706914
    outer loop
      vertex -10.3528 2.0593 15.5
      vertex -8.88566 1.74229 14
      vertex -8.97414 1.20637 14
    endloop
  endfacet
  facet normal -0.697827 0.11535 -0.706918
    outer loop
      vertex -8.88566 1.74229 14
      vertex -10.3528 2.0593 15.5
      vertex -8.88163 1.76667 14
    endloop
  endfacet
  facet normal -0.697855 0.115224 0.70691
    outer loop
      vertex -10.4653 1.37779 15.5
      vertex -9.67593 1.38674 16.2778
      vertex -9.6462 1.5668 16.2778
    endloop
  endfacet
  facet normal -0.697856 0.115214 0.706911
    outer loop
      vertex -9.67593 1.38674 16.2778
      vertex -10.4653 1.37779 15.5
      vertex -9.69417 1.27626 16.2778
    endloop
  endfacet
  facet normal -0.697847 0.115216 0.70692
    outer loop
      vertex -10.3528 2.0593 15.5
      vertex -9.6462 1.5668 16.2778
      vertex -9.58994 1.90756 16.2778
    endloop
  endfacet
  facet normal -0.697854 0.115198 0.706915
    outer loop
      vertex -9.6462 1.5668 16.2778
      vertex -10.3528 2.0593 15.5
      vertex -10.4653 1.37779 15.5
    endloop
  endfacet
  facet normal -0.688808 0.160674 -0.706914
    outer loop
      vertex -10.3528 2.0593 15.5
      vertex -8.87602 1.79072 14
      vertex -8.88163 1.76667 14
    endloop
  endfacet
  facet normal -0.688831 0.16056 -0.706917
    outer loop
      vertex -8.87602 1.79072 14
      vertex -10.3528 2.0593 15.5
      vertex -10.196 2.732 15.5
    endloop
  endfacet
  facet normal -0.688811 0.160604 -0.706927
    outer loop
      vertex -10.196 2.732 15.5
      vertex -8.75268 2.31971 14
      vertex -8.87602 1.79072 14
    endloop
  endfacet
  facet normal -0.68881 0.160608 -0.706927
    outer loop
      vertex -8.75268 2.31971 14
      vertex -10.196 2.732 15.5
      vertex -8.74707 2.34377 14
    endloop
  endfacet
  facet normal -0.688816 0.160606 0.706921
    outer loop
      vertex -10.3528 2.0593 15.5
      vertex -9.56451 2.01661 16.2778
      vertex -9.52307 2.19434 16.2778
    endloop
  endfacet
  facet normal -0.688813 0.160628 0.706919
    outer loop
      vertex -9.56451 2.01661 16.2778
      vertex -10.3528 2.0593 15.5
      vertex -9.58994 1.90756 16.2778
    endloop
  endfacet
  facet normal -0.688797 0.160598 0.706942
    outer loop
      vertex -10.196 2.732 15.5
      vertex -9.52307 2.19434 16.2778
      vertex -9.44465 2.53068 16.2778
    endloop
  endfacet
  facet normal -0.688818 0.160557 0.706931
    outer loop
      vertex -9.52307 2.19434 16.2778
      vertex -10.196 2.732 15.5
      vertex -10.3528 2.0593 15.5
    endloop
  endfacet
  facet normal -0.67684 0.205285 -0.706927
    outer loop
      vertex -10.196 2.732 15.5
      vertex -8.7399 2.36741 14
      vertex -8.74707 2.34377 14
    endloop
  endfacet
  facet normal -0.676822 0.20535 -0.706926
    outer loop
      vertex -8.7399 2.36741 14
      vertex -10.196 2.732 15.5
      vertex -9.99545 3.393 15.5
    endloop
  endfacet
  facet normal -0.676837 0.205321 -0.706919
    outer loop
      vertex -9.99545 3.393 15.5
      vertex -8.58222 2.8872 14
      vertex -8.7399 2.36741 14
    endloop
  endfacet
  facet normal -0.676848 0.205288 -0.706918
    outer loop
      vertex -8.58222 2.8872 14
      vertex -9.99545 3.393 15.5
      vertex -8.57505 2.91084 14
    endloop
  endfacet
  facet normal -0.67682 0.205286 0.706945
    outer loop
      vertex -10.196 2.732 15.5
      vertex -9.41214 2.63784 16.2778
      vertex -9.35917 2.81248 16.2778
    endloop
  endfacet
  facet normal -0.676811 0.20533 0.706941
    outer loop
      vertex -9.41214 2.63784 16.2778
      vertex -10.196 2.732 15.5
      vertex -9.44465 2.53068 16.2778
    endloop
  endfacet
  facet normal -0.67683 0.205322 0.706926
    outer loop
      vertex -9.99545 3.393 15.5
      vertex -9.35917 2.81248 16.2778
      vertex -9.25891 3.14298 16.2778
    endloop
  endfacet
  facet normal -0.676815 0.205348 0.706933
    outer loop
      vertex -9.35917 2.81248 16.2778
      vertex -9.99545 3.393 15.5
      vertex -10.196 2.732 15.5
    endloop
  endfacet
  facet normal -0.661977 0.2491 -0.706919
    outer loop
      vertex -9.99545 3.393 15.5
      vertex -8.56635 2.93396 14
      vertex -8.57505 2.91084 14
    endloop
  endfacet
  facet normal -0.66196 0.24915 -0.706918
    outer loop
      vertex -8.56635 2.93396 14
      vertex -9.99545 3.393 15.5
      vertex -9.75213 4.03947 15.5
    endloop
  endfacet
  facet normal -0.661965 0.249142 -0.706916
    outer loop
      vertex -9.75213 4.03947 15.5
      vertex -8.37502 3.44232 14
      vertex -8.56635 2.93396 14
    endloop
  endfacet
  facet normal -0.661981 0.249102 -0.706915
    outer loop
      vertex -8.37502 3.44232 14
      vertex -9.75213 4.03947 15.5
      vertex -8.36632 3.46544 14
    endloop
  endfacet
  facet normal -0.661963 0.24912 0.706926
    outer loop
      vertex -9.21947 3.24778 16.2778
      vertex -9.99545 3.393 15.5
      vertex -9.25891 3.14298 16.2778
    endloop
  endfacet
  facet normal -0.661947 0.249175 0.706921
    outer loop
      vertex -9.99545 3.393 15.5
      vertex -9.21947 3.24778 16.2778
      vertex -9.15518 3.41857 16.2778
    endloop
  endfacet
  facet normal 0 0.933945 0.357416
    outer loop
      vertex -9.75213 4.03947 15.5
      vertex -9.03353 3.74181 16.2778
      vertex -9.03352 3.74181 16.2778
    endloop
  endfacet
  facet normal -0.661965 0.249128 0.706921
    outer loop
      vertex -9.75213 4.03947 15.5
      vertex -9.15518 3.41857 16.2778
      vertex -9.03353 3.74181 16.2778
    endloop
  endfacet
  facet normal -0.661952 0.249147 0.706927
    outer loop
      vertex -9.15518 3.41857 16.2778
      vertex -9.75213 4.03947 15.5
      vertex -9.99545 3.393 15.5
    endloop
  endfacet
  facet normal -0.644196 0.292036 -0.706914
    outer loop
      vertex -9.75213 4.03947 15.5
      vertex -8.35612 3.48794 14
      vertex -8.36632 3.46544 14
    endloop
  endfacet
  facet normal -0.644252 0.291903 -0.706917
    outer loop
      vertex -8.35612 3.48794 14
      vertex -9.75213 4.03947 15.5
      vertex -9.46706 4.66864 15.5
    endloop
  endfacet
  facet normal -0.64419 0.292033 -0.706921
    outer loop
      vertex -8.13195 3.9827 14
      vertex -9.46706 4.66864 15.5
      vertex -8.12175 4.0052 14
    endloop
  endfacet
  facet normal -0.644252 0.291903 -0.706917
    outer loop
      vertex -9.46706 4.66864 15.5
      vertex -8.13195 3.9827 14
      vertex -8.35612 3.48794 14
    endloop
  endfacet
  facet normal -0.644242 0.291905 0.706926
    outer loop
      vertex -9.03352 3.74181 16.2778
      vertex -8.91199 4.01003 16.2778
      vertex -9.75213 4.03947 15.5
    endloop
  endfacet
  facet normal -0.644251 0.291888 0.706924
    outer loop
      vertex -9.46706 4.66864 15.5
      vertex -8.91199 4.01003 16.2778
      vertex -8.76946 4.32462 16.2778
    endloop
  endfacet
  facet normal -0.644243 0.291899 0.706927
    outer loop
      vertex -8.91199 4.01003 16.2778
      vertex -9.46706 4.66864 15.5
      vertex -9.75213 4.03947 15.5
    endloop
  endfacet
  facet normal -0.623859 0.333259 -0.706921
    outer loop
      vertex -9.46706 4.66864 15.5
      vertex -8.11011 4.02699 14
      vertex -8.12175 4.0052 14
    endloop
  endfacet
  facet normal -0.623781 0.333414 -0.706917
    outer loop
      vertex -8.11011 4.02699 14
      vertex -9.46706 4.66864 15.5
      vertex -9.14145 5.27782 15.5
    endloop
  endfacet
  facet normal -0.623865 0.333262 -0.706915
    outer loop
      vertex -7.85405 4.50603 14
      vertex -9.14145 5.27782 15.5
      vertex -7.84241 4.52782 14
    endloop
  endfacet
  facet normal -0.623773 0.333424 -0.706919
    outer loop
      vertex -9.14145 5.27782 15.5
      vertex -7.85405 4.50603 14
      vertex -8.11011 4.02699 14
    endloop
  endfacet
  facet normal -0.623771 0.333414 0.706927
    outer loop
      vertex -9.46706 4.66864 15.5
      vertex -8.71667 4.42337 16.2778
      vertex -8.63064 4.58432 16.2778
    endloop
  endfacet
  facet normal -0.623756 0.333449 0.706923
    outer loop
      vertex -8.71667 4.42337 16.2778
      vertex -9.46706 4.66864 15.5
      vertex -8.76946 4.32462 16.2778
    endloop
  endfacet
  facet normal -0.623778 0.333402 0.706926
    outer loop
      vertex -9.14145 5.27782 15.5
      vertex -8.63064 4.58432 16.2778
      vertex -8.46784 4.88891 16.2778
    endloop
  endfacet
  facet normal -0.623772 0.333409 0.706928
    outer loop
      vertex -8.63064 4.58432 16.2778
      vertex -9.14145 5.27782 15.5
      vertex -9.46706 4.66864 15.5
    endloop
  endfacet
  facet normal -0.60059 0.373579 -0.706916
    outer loop
      vertex -9.14145 5.27782 15.5
      vertex -7.82936 4.5488 14
      vertex -7.84241 4.52782 14
    endloop
  endfacet
  facet normal -0.600636 0.373501 -0.706919
    outer loop
      vertex -7.82936 4.5488 14
      vertex -9.14145 5.27782 15.5
      vertex -8.77669 5.8644 15.5
    endloop
  endfacet
  facet normal -0.600637 0.3735 -0.706918
    outer loop
      vertex -8.77669 5.8644 15.5
      vertex -7.54253 5.01006 14
      vertex -7.82936 4.5488 14
    endloop
  endfacet
  facet normal -0.600586 0.373577 -0.706921
    outer loop
      vertex -7.54253 5.01006 14
      vertex -8.77669 5.8644 15.5
      vertex -7.52948 5.03104 14
    endloop
  endfacet
  facet normal -0.600625 0.373506 0.706924
    outer loop
      vertex -9.14145 5.27782 15.5
      vertex -8.40871 4.984 16.2778
      vertex -8.31234 5.13897 16.2778
    endloop
  endfacet
  facet normal -0.600632 0.373492 0.706926
    outer loop
      vertex -8.40871 4.984 16.2778
      vertex -9.14145 5.27782 15.5
      vertex -8.46784 4.88891 16.2778
    endloop
  endfacet
  facet normal -0.600629 0.373496 0.706927
    outer loop
      vertex -8.77669 5.8644 15.5
      vertex -8.31234 5.13897 16.2778
      vertex -8.12996 5.43226 16.2778
    endloop
  endfacet
  facet normal -0.600629 0.373496 0.706927
    outer loop
      vertex -8.31234 5.13897 16.2778
      vertex -8.77669 5.8644 15.5
      vertex -9.14145 5.27782 15.5
    endloop
  endfacet
  facet normal -0.575043 0.411809 -0.706923
    outer loop
      vertex -8.77669 5.8644 15.5
      vertex -7.5151 5.05112 14
      vertex -7.52948 5.03104 14
    endloop
  endfacet
  facet normal -0.574922 0.411987 -0.706917
    outer loop
      vertex -7.5151 5.05112 14
      vertex -8.77669 5.8644 15.5
      vertex -8.37435 6.42586 15.5
    endloop
  endfacet
  facet normal -0.574911 0.412001 -0.706917
    outer loop
      vertex -7.19871 5.49264 14
      vertex -8.37435 6.42586 15.5
      vertex -7.18432 5.51272 14
    endloop
  endfacet
  facet normal -0.574923 0.411986 -0.706917
    outer loop
      vertex -8.37435 6.42586 15.5
      vertex -7.19871 5.49264 14
      vertex -7.5151 5.05112 14
    endloop
  endfacet
  facet normal -0.574912 0.41198 0.706929
    outer loop
      vertex -8.77669 5.8644 15.5
      vertex -8.06473 5.52328 16.2778
      vertex -7.95843 5.67162 16.2778
    endloop
  endfacet
  facet normal -0.574898 0.412004 0.706926
    outer loop
      vertex -8.06473 5.52328 16.2778
      vertex -8.77669 5.8644 15.5
      vertex -8.12996 5.43226 16.2778
    endloop
  endfacet
  facet normal -0.574922 0.411972 0.706926
    outer loop
      vertex -8.37435 6.42586 15.5
      vertex -7.95843 5.67162 16.2778
      vertex -7.75726 5.95236 16.2778
    endloop
  endfacet
  facet normal -0.574912 0.41198 0.706929
    outer loop
      vertex -7.95843 5.67162 16.2778
      vertex -8.37435 6.42586 15.5
      vertex -8.77669 5.8644 15.5
    endloop
  endfacet
  facet normal -0.546816 0.448618 -0.706919
    outer loop
      vertex -8.37435 6.42586 15.5
      vertex -7.16865 5.53182 14
      vertex -7.18432 5.51272 14
    endloop
  endfacet
  facet normal -0.546749 0.448704 -0.706916
    outer loop
      vertex -7.16865 5.53182 14
      vertex -8.37435 6.42586 15.5
      vertex -7.93615 6.95981 15.5
    endloop
  endfacet
  facet normal -0.546701 0.448758 -0.706919
    outer loop
      vertex -6.82406 5.9517 14
      vertex -7.93615 6.95981 15.5
      vertex -6.80839 5.97079 14
    endloop
  endfacet
  facet normal -0.546745 0.448707 -0.706917
    outer loop
      vertex -7.93615 6.95981 15.5
      vertex -6.82406 5.9517 14
      vertex -7.16865 5.53182 14
    endloop
  endfacet
  facet normal -0.546765 0.448668 0.706927
    outer loop
      vertex -7.68623 6.03892 16.2778
      vertex -8.37435 6.42586 15.5
      vertex -7.75726 5.95236 16.2778
    endloop
  endfacet
  facet normal -0.546731 0.448717 0.706921
    outer loop
      vertex -8.37435 6.42586 15.5
      vertex -7.68623 6.03892 16.2778
      vertex -7.57045 6.17999 16.2778
    endloop
  endfacet
  facet normal -0.546736 0.448702 0.706927
    outer loop
      vertex -7.93615 6.95981 15.5
      vertex -7.57045 6.17999 16.2778
      vertex -7.35135 6.44696 16.2778
    endloop
  endfacet
  facet normal -0.546742 0.448698 0.706926
    outer loop
      vertex -7.57045 6.17999 16.2778
      vertex -7.93615 6.95981 15.5
      vertex -8.37435 6.42586 15.5
    endloop
  endfacet
  facet normal -0.516187 0.483549 -0.706917
    outer loop
      vertex -7.93615 6.95981 15.5
      vertex -6.7915 5.98882 14
      vertex -6.80839 5.97079 14
    endloop
  endfacet
  facet normal -0.516228 0.483503 -0.706918
    outer loop
      vertex -6.7915 5.98882 14
      vertex -7.93615 6.95981 15.5
      vertex -7.46396 7.46396 15.5
    endloop
  endfacet
  facet normal -0.516234 0.483499 -0.706917
    outer loop
      vertex -7.46396 7.46396 15.5
      vertex -6.42019 6.38527 14
      vertex -6.7915 5.98882 14
    endloop
  endfacet
  facet normal -0.516186 0.483548 -0.706918
    outer loop
      vertex -6.42019 6.38527 14
      vertex -7.46396 7.46396 15.5
      vertex -6.4033 6.4033 14
    endloop
  endfacet
  facet normal -0.516232 0.483483 0.706929
    outer loop
      vertex -7.93615 6.95981 15.5
      vertex -7.2748 6.52869 16.2778
      vertex -7.15005 6.66189 16.2778
    endloop
  endfacet
  facet normal -0.516218 0.483501 0.706927
    outer loop
      vertex -7.2748 6.52869 16.2778
      vertex -7.93615 6.95981 15.5
      vertex -7.35135 6.44696 16.2778
    endloop
  endfacet
  facet normal -0.516224 0.483497 0.706925
    outer loop
      vertex -7.46396 7.46396 15.5
      vertex -7.15005 6.66189 16.2778
      vertex -6.91396 6.91396 16.2778
    endloop
  endfacet
  facet normal -0.516223 0.483498 0.706925
    outer loop
      vertex -7.15005 6.66189 16.2778
      vertex -7.46396 7.46396 15.5
      vertex -7.93615 6.95981 15.5
    endloop
  endfacet
  facet normal -0.483548 0.516186 -0.706918
    outer loop
      vertex -7.46396 7.46396 15.5
      vertex -6.38527 6.42019 14
      vertex -6.4033 6.4033 14
    endloop
  endfacet
  facet normal -0.483504 0.516229 -0.706917
    outer loop
      vertex -6.38527 6.42019 14
      vertex -7.46396 7.46396 15.5
      vertex -6.95981 7.93615 15.5
    endloop
  endfacet
  facet normal -0.483497 0.516233 -0.706918
    outer loop
      vertex -6.95981 7.93615 15.5
      vertex -5.98882 6.7915 14
      vertex -6.38527 6.42019 14
    endloop
  endfacet
  facet normal -0.483549 0.516187 -0.706917
    outer loop
      vertex -5.98882 6.7915 14
      vertex -6.95981 7.93615 15.5
      vertex -5.97079 6.80839 14
    endloop
  endfacet
  facet normal -0.483502 0.516219 0.706925
    outer loop
      vertex -6.83223 6.99051 16.2778
      vertex -7.46396 7.46396 15.5
      vertex -6.91396 6.91396 16.2778
    endloop
  endfacet
  facet normal -0.483505 0.516216 0.706926
    outer loop
      vertex -7.46396 7.46396 15.5
      vertex -6.83223 6.99051 16.2778
      vertex -6.69904 7.11526 16.2778
    endloop
  endfacet
  facet normal -0.483486 0.516232 0.706927
    outer loop
      vertex -6.95981 7.93615 15.5
      vertex -6.69904 7.11526 16.2778
      vertex -6.44696 7.35135 16.2778
    endloop
  endfacet
  facet normal -0.483499 0.516224 0.706924
    outer loop
      vertex -6.69904 7.11526 16.2778
      vertex -6.95981 7.93615 15.5
      vertex -7.46396 7.46396 15.5
    endloop
  endfacet
  facet normal -0.448758 0.546701 -0.706919
    outer loop
      vertex -6.95981 7.93615 15.5
      vertex -5.9517 6.82406 14
      vertex -5.97079 6.80839 14
    endloop
  endfacet
  facet normal -0.448703 0.546748 -0.706917
    outer loop
      vertex -5.9517 6.82406 14
      vertex -6.95981 7.93615 15.5
      vertex -6.42586 8.37435 15.5
    endloop
  endfacet
  facet normal -0.448618 0.546816 -0.706919
    outer loop
      vertex -5.53182 7.16865 14
      vertex -6.42586 8.37435 15.5
      vertex -5.51272 7.18432 14
    endloop
  endfacet
  facet normal -0.448707 0.546746 -0.706916
    outer loop
      vertex -6.42586 8.37435 15.5
      vertex -5.53182 7.16865 14
      vertex -5.9517 6.82406 14
    endloop
  endfacet
  facet normal -0.448691 0.546747 0.706926
    outer loop
      vertex -6.95981 7.93615 15.5
      vertex -6.3604 7.42239 16.2778
      vertex -6.21933 7.53816 16.2778
    endloop
  endfacet
  facet normal -0.448705 0.546733 0.706927
    outer loop
      vertex -6.3604 7.42239 16.2778
      vertex -6.95981 7.93615 15.5
      vertex -6.44696 7.35135 16.2778
    endloop
  endfacet
  facet normal -0.448703 0.546737 0.706926
    outer loop
      vertex -6.42586 8.37435 15.5
      vertex -6.21933 7.53816 16.2778
      vertex -5.95236 7.75726 16.2778
    endloop
  endfacet
  facet normal -0.448697 0.54674 0.706927
    outer loop
      vertex -6.21933 7.53816 16.2778
      vertex -6.42586 8.37435 15.5
      vertex -6.95981 7.93615 15.5
    endloop
  endfacet
  facet normal -0.412001 0.574911 -0.706917
    outer loop
      vertex -6.42586 8.37435 15.5
      vertex -5.49264 7.19871 14
      vertex -5.51272 7.18432 14
    endloop
  endfacet
  facet normal -0.411987 0.574922 -0.706917
    outer loop
      vertex -5.49264 7.19871 14
      vertex -6.42586 8.37435 15.5
      vertex -5.8644 8.77669 15.5
    endloop
  endfacet
  facet normal -0.411809 0.575043 -0.706923
    outer loop
      vertex -5.05112 7.5151 14
      vertex -5.8644 8.77669 15.5
      vertex -5.03104 7.52948 14
    endloop
  endfacet
  facet normal -0.411985 0.574923 -0.706917
    outer loop
      vertex -5.8644 8.77669 15.5
      vertex -5.05112 7.5151 14
      vertex -5.49264 7.19871 14
    endloop
  endfacet
  facet normal -0.411983 0.574916 0.706924
    outer loop
      vertex -6.42586 8.37435 15.5
      vertex -5.86134 7.82249 16.2778
      vertex -5.713 7.92879 16.2778
    endloop
  endfacet
  facet normal -0.412004 0.574898 0.706927
    outer loop
      vertex -5.86134 7.82249 16.2778
      vertex -6.42586 8.37435 15.5
      vertex -5.95236 7.75726 16.2778
    endloop
  endfacet
  facet normal -0.411971 0.574921 0.706927
    outer loop
      vertex -5.8644 8.77669 15.5
      vertex -5.713 7.92879 16.2778
      vertex -5.43226 8.12996 16.2778
    endloop
  endfacet
  facet normal -0.411983 0.574916 0.706924
    outer loop
      vertex -5.713 7.92879 16.2778
      vertex -5.8644 8.77669 15.5
      vertex -6.42586 8.37435 15.5
    endloop
  endfacet
  facet normal -0.373577 0.600586 -0.706921
    outer loop
      vertex -5.8644 8.77669 15.5
      vertex -5.01006 7.54253 14
      vertex -5.03104 7.52948 14
    endloop
  endfacet
  facet normal -0.373501 0.600636 -0.706918
    outer loop
      vertex -5.01006 7.54253 14
      vertex -5.8644 8.77669 15.5
      vertex -5.27782 9.14145 15.5
    endloop
  endfacet
  facet normal -0.373579 0.60059 -0.706916
    outer loop
      vertex -4.5488 7.82936 14
      vertex -5.27782 9.14145 15.5
      vertex -4.52782 7.84241 14
    endloop
  endfacet
  facet normal -0.3735 0.600636 -0.706919
    outer loop
      vertex -5.27782 9.14145 15.5
      vertex -4.5488 7.82936 14
      vertex -5.01006 7.54253 14
    endloop
  endfacet
  facet normal -0.373504 0.600622 0.706928
    outer loop
      vertex -5.8644 8.77669 15.5
      vertex -5.33717 8.18909 16.2778
      vertex -5.1822 8.28546 16.2778
    endloop
  endfacet
  facet normal -0.373492 0.600632 0.706927
    outer loop
      vertex -5.33717 8.18909 16.2778
      vertex -5.8644 8.77669 15.5
      vertex -5.43226 8.12996 16.2778
    endloop
  endfacet
  facet normal -0.373497 0.60063 0.706926
    outer loop
      vertex -5.27782 9.14145 15.5
      vertex -5.1822 8.28546 16.2778
      vertex -4.88891 8.46784 16.2778
    endloop
  endfacet
  facet normal -0.373497 0.60063 0.706926
    outer loop
      vertex -5.1822 8.28546 16.2778
      vertex -5.27782 9.14145 15.5
      vertex -5.8644 8.77669 15.5
    endloop
  endfacet
  facet normal -0.333262 0.623865 -0.706915
    outer loop
      vertex -5.27782 9.14145 15.5
      vertex -4.50603 7.85405 14
      vertex -4.52782 7.84241 14
    endloop
  endfacet
  facet normal -0.333413 0.623779 -0.706919
    outer loop
      vertex -4.50603 7.85405 14
      vertex -5.27782 9.14145 15.5
      vertex -4.66864 9.46706 15.5
    endloop
  endfacet
  facet normal -0.333259 0.623859 -0.706921
    outer loop
      vertex -4.02699 8.11011 14
      vertex -4.66864 9.46706 15.5
      vertex -4.0052 8.12175 14
    endloop
  endfacet
  facet normal -0.333425 0.623776 -0.706917
    outer loop
      vertex -4.66864 9.46706 15.5
      vertex -4.02699 8.11011 14
      vertex -4.50603 7.85405 14
    endloop
  endfacet
  facet normal -0.333373 0.623795 0.706925
    outer loop
      vertex -4.79015 8.52062 16.2778
      vertex -5.27782 9.14145 15.5
      vertex -4.88891 8.46784 16.2778
    endloop
  endfacet
  facet normal -0.333428 0.623758 0.706931
    outer loop
      vertex -5.27782 9.14145 15.5
      vertex -4.79015 8.52062 16.2778
      vertex -4.62921 8.60665 16.2778
    endloop
  endfacet
  facet normal -0.333419 0.623771 0.706924
    outer loop
      vertex -4.66864 9.46706 15.5
      vertex -4.62921 8.60665 16.2778
      vertex -4.32462 8.76946 16.2778
    endloop
  endfacet
  facet normal -0.33341 0.623773 0.706926
    outer loop
      vertex -4.62921 8.60665 16.2778
      vertex -4.66864 9.46706 15.5
      vertex -5.27782 9.14145 15.5
    endloop
  endfacet
  facet normal -0.292033 0.64419 -0.706921
    outer loop
      vertex -4.66864 9.46706 15.5
      vertex -3.9827 8.13195 14
      vertex -4.0052 8.12175 14
    endloop
  endfacet
  facet normal -0.291903 0.644252 -0.706917
    outer loop
      vertex -3.9827 8.13195 14
      vertex -4.66864 9.46706 15.5
      vertex -4.03947 9.75213 15.5
    endloop
  endfacet
  facet normal -0.291903 0.644252 -0.706917
    outer loop
      vertex -4.03947 9.75213 15.5
      vertex -3.48794 8.35612 14
      vertex -3.9827 8.13195 14
    endloop
  endfacet
  facet normal -0.292036 0.644196 -0.706914
    outer loop
      vertex -3.48794 8.35612 14
      vertex -4.03947 9.75213 15.5
      vertex -3.46544 8.36632 14
    endloop
  endfacet
  facet normal -0.291897 0.644248 0.706924
    outer loop
      vertex -4.32462 8.76946 16.2778
      vertex -4.05639 8.89099 16.2778
      vertex -4.66864 9.46706 15.5
    endloop
  endfacet
  facet normal -0.291895 0.644246 0.706926
    outer loop
      vertex -4.03947 9.75213 15.5
      vertex -4.05639 8.89099 16.2778
      vertex -3.74181 9.03352 16.2778
    endloop
  endfacet
  facet normal -0.2919 0.644245 0.706925
    outer loop
      vertex -4.05639 8.89099 16.2778
      vertex -4.03947 9.75213 15.5
      vertex -4.66864 9.46706 15.5
    endloop
  endfacet
  facet normal -0.249102 0.661981 -0.706915
    outer loop
      vertex -4.03947 9.75213 15.5
      vertex -3.44232 8.37502 14
      vertex -3.46544 8.36632 14
    endloop
  endfacet
  facet normal -0.249151 0.661962 -0.706916
    outer loop
      vertex -3.44232 8.37502 14
      vertex -4.03947 9.75213 15.5
      vertex -3.393 9.99545 15.5
    endloop
  endfacet
  facet normal -0.2491 0.661977 -0.706919
    outer loop
      vertex -2.93396 8.56635 14
      vertex -3.393 9.99545 15.5
      vertex -2.91084 8.57505 14
    endloop
  endfacet
  facet normal -0.249141 0.661963 -0.706918
    outer loop
      vertex -3.393 9.99545 15.5
      vertex -2.93396 8.56635 14
      vertex -3.44232 8.37502 14
    endloop
  endfacet
  facet normal -0.249128 0.661964 0.706922
    outer loop
      vertex -4.03947 9.75213 15.5
      vertex -3.63701 9.07297 16.2778
      vertex -3.46621 9.13725 16.2778
    endloop
  endfacet
  facet normal -0.933945 0 0.357416
    outer loop
      vertex -3.74181 9.03353 16.2778
      vertex -4.03947 9.75213 15.5
      vertex -3.74181 9.03352 16.2778
    endloop
  endfacet
  facet normal -0.249122 0.661967 0.706921
    outer loop
      vertex -3.63701 9.07297 16.2778
      vertex -4.03947 9.75213 15.5
      vertex -3.74181 9.03353 16.2778
    endloop
  endfacet
  facet normal -0.249151 0.661952 0.706926
    outer loop
      vertex -3.393 9.99545 15.5
      vertex -3.46621 9.13725 16.2778
      vertex -3.14298 9.25891 16.2778
    endloop
  endfacet
  facet normal -0.249147 0.661952 0.706926
    outer loop
      vertex -3.46621 9.13725 16.2778
      vertex -3.393 9.99545 15.5
      vertex -4.03947 9.75213 15.5
    endloop
  endfacet
  facet normal -0.205288 0.676848 -0.706918
    outer loop
      vertex -3.393 9.99545 15.5
      vertex -2.8872 8.58222 14
      vertex -2.91084 8.57505 14
    endloop
  endfacet
  facet normal -0.205352 0.676827 -0.70692
    outer loop
      vertex -2.8872 8.58222 14
      vertex -3.393 9.99545 15.5
      vertex -2.732 10.196 15.5
    endloop
  endfacet
  facet normal -0.205285 0.67684 -0.706927
    outer loop
      vertex -2.36741 8.7399 14
      vertex -2.732 10.196 15.5
      vertex -2.34377 8.74707 14
    endloop
  endfacet
  facet normal -0.205319 0.67683 -0.706926
    outer loop
      vertex -2.732 10.196 15.5
      vertex -2.36741 8.7399 14
      vertex -2.8872 8.58222 14
    endloop
  endfacet
  facet normal -0.205326 0.676825 0.70693
    outer loop
      vertex -3.393 9.99545 15.5
      vertex -3.03582 9.29141 16.2778
      vertex -2.86118 9.34439 16.2778
    endloop
  endfacet
  facet normal -0.205277 0.676844 0.706925
    outer loop
      vertex -3.03582 9.29141 16.2778
      vertex -3.393 9.99545 15.5
      vertex -3.14298 9.25891 16.2778
    endloop
  endfacet
  facet normal -0.205318 0.676815 0.706942
    outer loop
      vertex -2.732 10.196 15.5
      vertex -2.86118 9.34439 16.2778
      vertex -2.53068 9.44465 16.2778
    endloop
  endfacet
  facet normal -0.205348 0.676813 0.706935
    outer loop
      vertex -2.86118 9.34439 16.2778
      vertex -2.732 10.196 15.5
      vertex -3.393 9.99545 15.5
    endloop
  endfacet
  facet normal -0.160608 0.68881 -0.706927
    outer loop
      vertex -2.732 10.196 15.5
      vertex -2.31971 8.75268 14
      vertex -2.34377 8.74707 14
    endloop
  endfacet
  facet normal -0.160558 0.688823 -0.706926
    outer loop
      vertex -2.31971 8.75268 14
      vertex -2.732 10.196 15.5
      vertex -2.0593 10.3528 15.5
    endloop
  endfacet
  facet normal -0.160674 0.688808 -0.706914
    outer loop
      vertex -1.79072 8.87602 14
      vertex -2.0593 10.3528 15.5
      vertex -1.76667 8.88163 14
    endloop
  endfacet
  facet normal -0.160607 0.688822 -0.706916
    outer loop
      vertex -2.0593 10.3528 15.5
      vertex -1.79072 8.87602 14
      vertex -2.31971 8.75268 14
    endloop
  endfacet
  facet normal -0.160563 0.688806 0.706941
    outer loop
      vertex -2.42163 9.47007 16.2778
      vertex -2.732 10.196 15.5
      vertex -2.53068 9.44465 16.2778
    endloop
  endfacet
  facet normal -0.160609 0.688791 0.706945
    outer loop
      vertex -2.732 10.196 15.5
      vertex -2.42163 9.47007 16.2778
      vertex -2.24391 9.51151 16.2778
    endloop
  endfacet
  facet normal -0.160618 0.688816 0.706919
    outer loop
      vertex -2.0593 10.3528 15.5
      vertex -2.24391 9.51151 16.2778
      vertex -1.90756 9.58994 16.2778
    endloop
  endfacet
  facet normal -0.160556 0.688815 0.706934
    outer loop
      vertex -2.24391 9.51151 16.2778
      vertex -2.0593 10.3528 15.5
      vertex -2.732 10.196 15.5
    endloop
  endfacet
  facet normal -0.11535 0.697827 -0.706918
    outer loop
      vertex -2.0593 10.3528 15.5
      vertex -1.74229 8.88566 14
      vertex -1.76667 8.88163 14
    endloop
  endfacet
  facet normal -0.115198 0.697855 -0.706914
    outer loop
      vertex -1.74229 8.88566 14
      vertex -2.0593 10.3528 15.5
      vertex -1.37779 10.4653 15.5
    endloop
  endfacet
  facet normal -0.115118 0.69787 -0.706913
    outer loop
      vertex -1.20637 8.97414 14
      vertex -1.37779 10.4653 15.5
      vertex -1.182 8.97816 14
    endloop
  endfacet
  facet normal -0.115216 0.697856 -0.70691
    outer loop
      vertex -1.37779 10.4653 15.5
      vertex -1.20637 8.97414 14
      vertex -1.74229 8.88566 14
    endloop
  endfacet
  facet normal -0.115213 0.697847 0.70692
    outer loop
      vertex -1.79708 9.60818 16.2778
      vertex -2.0593 10.3528 15.5
      vertex -1.90756 9.58994 16.2778
    endloop
  endfacet
  facet normal -0.115222 0.697845 0.70692
    outer loop
      vertex -2.0593 10.3528 15.5
      vertex -1.79708 9.60818 16.2778
      vertex -1.61702 9.63791 16.2778
    endloop
  endfacet
  facet normal -0.115217 0.697855 0.706911
    outer loop
      vertex -1.37779 10.4653 15.5
      vertex -1.61702 9.63791 16.2778
      vertex -1.27626 9.69417 16.2778
    endloop
  endfacet
  facet normal -0.115198 0.697854 0.706915
    outer loop
      vertex -1.61702 9.63791 16.2778
      vertex -1.37779 10.4653 15.5
      vertex -2.0593 10.3528 15.5
    endloop
  endfacet
  facet normal -0.0692739 0.703903 -0.70691
    outer loop
      vertex -1.37779 10.4653 15.5
      vertex -1.15741 8.98058 14
      vertex -1.182 8.97816 14
    endloop
  endfacet
  facet normal -0.0693229 0.703897 -0.706911
    outer loop
      vertex -1.15741 8.98058 14
      vertex -1.37779 10.4653 15.5
      vertex -0.690372 10.533 15.5
    endloop
  endfacet
  facet normal -0.069572 0.703879 -0.706904
    outer loop
      vertex -0.616851 9.03382 14
      vertex -0.690372 10.533 15.5
      vertex -0.592266 9.03625 14
    endloop
  endfacet
  facet normal -0.0693273 0.703897 -0.70691
    outer loop
      vertex -0.690372 10.533 15.5
      vertex -0.616851 9.03382 14
      vertex -1.15741 8.98058 14
    endloop
  endfacet
  facet normal -0.0692911 0.703901 0.70691
    outer loop
      vertex -1.37779 10.4653 15.5
      vertex -1.27626 9.69417 16.2778
      vertex -1.16482 9.70514 16.2778
    endloop
  endfacet
  facet normal -0.0693378 0.703893 0.706914
    outer loop
      vertex -1.37779 10.4653 15.5
      vertex -1.16482 9.70514 16.2778
      vertex -0.983207 9.72303 16.2778
    endloop
  endfacet
  facet normal -0.0693233 0.703897 0.706911
    outer loop
      vertex -0.690372 10.533 15.5
      vertex -0.983207 9.72303 16.2778
      vertex -0.6395 9.75688 16.2778
    endloop
  endfacet
  facet normal -0.0693229 0.703897 0.706911
    outer loop
      vertex -0.983207 9.72303 16.2778
      vertex -0.690372 10.533 15.5
      vertex -1.37779 10.4653 15.5
    endloop
  endfacet
  facet normal -0.0231419 0.706925 -0.70691
    outer loop
      vertex -0.567576 9.03705 14
      vertex -0.690372 10.533 15.5
      vertex 0 10.5556 15.5
    endloop
  endfacet
  facet normal -0.0229061 0.706938 -0.706904
    outer loop
      vertex -0.690372 10.533 15.5
      vertex -0.567576 9.03705 14
      vertex -0.592266 9.03625 14
    endloop
  endfacet
  facet normal -0.0229056 0.706928 -0.706914
    outer loop
      vertex -0.0246901 9.05483 14
      vertex 0 10.5556 15.5
      vertex 0 9.05563 14
    endloop
  endfacet
  facet normal -0.0231525 0.706926 -0.706908
    outer loop
      vertex 0 10.5556 15.5
      vertex -0.0246901 9.05483 14
      vertex -0.567576 9.03705 14
    endloop
  endfacet
  facet normal -0.0231815 0.706922 0.706911
    outer loop
      vertex -0.690372 10.533 15.5
      vertex -0.639499 9.75688 16.2778
      vertex -0.527582 9.76055 16.2778
    endloop
  endfacet
  facet normal 0 0.707871 0.706342
    outer loop
      vertex -0.639499 9.75688 16.2778
      vertex -0.690372 10.533 15.5
      vertex -0.6395 9.75688 16.2778
    endloop
  endfacet
  facet normal -0.0231384 0.706927 0.706908
    outer loop
      vertex -0.690372 10.533 15.5
      vertex -0.527582 9.76055 16.2778
      vertex -0.345186 9.76652 16.2778
    endloop
  endfacet
  facet normal -0.0231419 0.706926 0.706908
    outer loop
      vertex 0 10.5556 15.5
      vertex -0.345186 9.76652 16.2778
      vertex 0 9.77782 16.2778
    endloop
  endfacet
  facet normal -0.0231419 0.706926 0.706908
    outer loop
      vertex -0.345186 9.76652 16.2778
      vertex 0 10.5556 15.5
      vertex -0.690372 10.533 15.5
    endloop
  endfacet
  facet normal 0.0231419 0.706926 -0.706908
    outer loop
      vertex 0.0246901 9.05483 14
      vertex 0 10.5556 15.5
      vertex 0.690372 10.533 15.5
    endloop
  endfacet
  facet normal 0.0229056 0.706928 -0.706914
    outer loop
      vertex 0 10.5556 15.5
      vertex 0.0246901 9.05483 14
      vertex 0 9.05563 14
    endloop
  endfacet
  facet normal 0.0229061 0.706938 -0.706904
    outer loop
      vertex 0.567576 9.03705 14
      vertex 0.690372 10.533 15.5
      vertex 0.592266 9.03625 14
    endloop
  endfacet
  facet normal 0.0231524 0.706924 -0.706911
    outer loop
      vertex 0.690372 10.533 15.5
      vertex 0.567576 9.03705 14
      vertex 0.0246901 9.05483 14
    endloop
  endfacet
  facet normal 0.0231383 0.706923 0.706911
    outer loop
      vertex 0 10.5556 15.5
      vertex 0.111918 9.77415 16.2778
      vertex 0.294314 9.76818 16.2778
    endloop
  endfacet
  facet normal 0.0231814 0.706926 0.706908
    outer loop
      vertex 0.111918 9.77415 16.2778
      vertex 0 10.5556 15.5
      vertex 0 9.77782 16.2778
    endloop
  endfacet
  facet normal 0 0.707871 0.706342
    outer loop
      vertex 0.690372 10.533 15.5
      vertex 0.639499 9.75688 16.2778
      vertex 0.6395 9.75688 16.2778
    endloop
  endfacet
  facet normal 0.0231419 0.706924 0.706911
    outer loop
      vertex 0.690372 10.533 15.5
      vertex 0.294314 9.76818 16.2778
      vertex 0.639499 9.75688 16.2778
    endloop
  endfacet
  facet normal 0.0231418 0.706924 0.706911
    outer loop
      vertex 0.294314 9.76818 16.2778
      vertex 0.690372 10.533 15.5
      vertex 0 10.5556 15.5
    endloop
  endfacet
  facet normal 0.069323 0.703898 -0.706911
    outer loop
      vertex 0.616851 9.03382 14
      vertex 0.690372 10.533 15.5
      vertex 1.37779 10.4653 15.5
    endloop
  endfacet
  facet normal 0.069572 0.703879 -0.706904
    outer loop
      vertex 0.690372 10.533 15.5
      vertex 0.616851 9.03382 14
      vertex 0.592266 9.03625 14
    endloop
  endfacet
  facet normal 0.0692739 0.703903 -0.70691
    outer loop
      vertex 1.15741 8.98058 14
      vertex 1.37779 10.4653 15.5
      vertex 1.182 8.97816 14
    endloop
  endfacet
  facet normal 0.0693272 0.703896 -0.706911
    outer loop
      vertex 1.37779 10.4653 15.5
      vertex 1.15741 8.98058 14
      vertex 0.616851 9.03382 14
    endloop
  endfacet
  facet normal 0.0693377 0.703899 0.706907
    outer loop
      vertex 0.690372 10.533 15.5
      vertex 0.750938 9.74591 16.2778
      vertex 0.932553 9.72802 16.2778
    endloop
  endfacet
  facet normal 0.0692922 0.7039 0.706911
    outer loop
      vertex 0.750938 9.74591 16.2778
      vertex 0.690372 10.533 15.5
      vertex 0.6395 9.75688 16.2778
    endloop
  endfacet
  facet normal 0.0693234 0.703898 0.70691
    outer loop
      vertex 1.37779 10.4653 15.5
      vertex 0.932553 9.72802 16.2778
      vertex 1.27626 9.69417 16.2778
    endloop
  endfacet
  facet normal 0.069323 0.703898 0.70691
    outer loop
      vertex 0.932553 9.72802 16.2778
      vertex 1.37779 10.4653 15.5
      vertex 0.690372 10.533 15.5
    endloop
  endfacet
  facet normal 0.115199 0.697859 -0.706911
    outer loop
      vertex 1.20637 8.97414 14
      vertex 1.37779 10.4653 15.5
      vertex 2.0593 10.3528 15.5
    endloop
  endfacet
  facet normal 0.115118 0.69787 -0.706913
    outer loop
      vertex 1.37779 10.4653 15.5
      vertex 1.20637 8.97414 14
      vertex 1.182 8.97816 14
    endloop
  endfacet
  facet normal 0.11535 0.697827 -0.706918
    outer loop
      vertex 1.74229 8.88566 14
      vertex 2.0593 10.3528 15.5
      vertex 1.76667 8.88163 14
    endloop
  endfacet
  facet normal 0.115215 0.697852 -0.706914
    outer loop
      vertex 2.0593 10.3528 15.5
      vertex 1.74229 8.88566 14
      vertex 1.20637 8.97414 14
    endloop
  endfacet
  facet normal 0.115224 0.697855 0.70691
    outer loop
      vertex 1.37779 10.4653 15.5
      vertex 1.38674 9.67593 16.2778
      vertex 1.5668 9.6462 16.2778
    endloop
  endfacet
  facet normal 0.115214 0.697856 0.706911
    outer loop
      vertex 1.38674 9.67593 16.2778
      vertex 1.37779 10.4653 15.5
      vertex 1.27626 9.69417 16.2778
    endloop
  endfacet
  facet normal 0.115216 0.697847 0.70692
    outer loop
      vertex 2.0593 10.3528 15.5
      vertex 1.5668 9.6462 16.2778
      vertex 1.90756 9.58994 16.2778
    endloop
  endfacet
  facet normal 0.115198 0.697854 0.706915
    outer loop
      vertex 1.5668 9.6462 16.2778
      vertex 2.0593 10.3528 15.5
      vertex 1.37779 10.4653 15.5
    endloop
  endfacet
  facet normal 0.16056 0.688831 -0.706917
    outer loop
      vertex 1.79072 8.87602 14
      vertex 2.0593 10.3528 15.5
      vertex 2.732 10.196 15.5
    endloop
  endfacet
  facet normal 0.160674 0.688808 -0.706914
    outer loop
      vertex 2.0593 10.3528 15.5
      vertex 1.79072 8.87602 14
      vertex 1.76667 8.88163 14
    endloop
  endfacet
  facet normal 0.160608 0.68881 -0.706927
    outer loop
      vertex 2.31971 8.75268 14
      vertex 2.732 10.196 15.5
      vertex 2.34377 8.74707 14
    endloop
  endfacet
  facet normal 0.160604 0.688811 -0.706927
    outer loop
      vertex 2.732 10.196 15.5
      vertex 2.31971 8.75268 14
      vertex 1.79072 8.87602 14
    endloop
  endfacet
  facet normal 0.160606 0.688816 0.706921
    outer loop
      vertex 2.0593 10.3528 15.5
      vertex 2.01661 9.56451 16.2778
      vertex 2.19434 9.52307 16.2778
    endloop
  endfacet
  facet normal 0.160628 0.688813 0.706919
    outer loop
      vertex 2.0593 10.3528 15.5
      vertex 1.90756 9.58994 16.2778
      vertex 2.01661 9.56451 16.2778
    endloop
  endfacet
  facet normal 0.160598 0.688797 0.706942
    outer loop
      vertex 2.732 10.196 15.5
      vertex 2.19434 9.52307 16.2778
      vertex 2.53068 9.44465 16.2778
    endloop
  endfacet
  facet normal 0.160557 0.688818 0.706931
    outer loop
      vertex 2.19434 9.52307 16.2778
      vertex 2.732 10.196 15.5
      vertex 2.0593 10.3528 15.5
    endloop
  endfacet
  facet normal 0.20535 0.676822 -0.706926
    outer loop
      vertex 2.36741 8.7399 14
      vertex 2.732 10.196 15.5
      vertex 3.393 9.99545 15.5
    endloop
  endfacet
  facet normal 0.205285 0.67684 -0.706927
    outer loop
      vertex 2.732 10.196 15.5
      vertex 2.36741 8.7399 14
      vertex 2.34377 8.74707 14
    endloop
  endfacet
  facet normal 0.205288 0.676848 -0.706918
    outer loop
      vertex 2.8872 8.58222 14
      vertex 3.393 9.99545 15.5
      vertex 2.91084 8.57505 14
    endloop
  endfacet
  facet normal 0.205321 0.676837 -0.706919
    outer loop
      vertex 3.393 9.99545 15.5
      vertex 2.8872 8.58222 14
      vertex 2.36741 8.7399 14
    endloop
  endfacet
  facet normal 0.205286 0.67682 0.706945
    outer loop
      vertex 2.732 10.196 15.5
      vertex 2.63784 9.41214 16.2778
      vertex 2.81248 9.35917 16.2778
    endloop
  endfacet
  facet normal 0.20533 0.676811 0.706941
    outer loop
      vertex 2.63784 9.41214 16.2778
      vertex 2.732 10.196 15.5
      vertex 2.53068 9.44465 16.2778
    endloop
  endfacet
  facet normal 0.205322 0.67683 0.706926
    outer loop
      vertex 3.393 9.99545 15.5
      vertex 2.81248 9.35917 16.2778
      vertex 3.14298 9.25891 16.2778
    endloop
  endfacet
  facet normal 0.205348 0.676815 0.706933
    outer loop
      vertex 2.81248 9.35917 16.2778
      vertex 3.393 9.99545 15.5
      vertex 2.732 10.196 15.5
    endloop
  endfacet
  facet normal 0.24915 0.66196 -0.706918
    outer loop
      vertex 2.93396 8.56635 14
      vertex 3.393 9.99545 15.5
      vertex 4.03947 9.75213 15.5
    endloop
  endfacet
  facet normal 0.2491 0.661977 -0.706919
    outer loop
      vertex 3.393 9.99545 15.5
      vertex 2.93396 8.56635 14
      vertex 2.91084 8.57505 14
    endloop
  endfacet
  facet normal 0.249102 0.661981 -0.706915
    outer loop
      vertex 3.44232 8.37502 14
      vertex 4.03947 9.75213 15.5
      vertex 3.46544 8.36632 14
    endloop
  endfacet
  facet normal 0.249142 0.661965 -0.706916
    outer loop
      vertex 4.03947 9.75213 15.5
      vertex 3.44232 8.37502 14
      vertex 2.93396 8.56635 14
    endloop
  endfacet
  facet normal 0.249175 0.661947 0.706921
    outer loop
      vertex 3.393 9.99545 15.5
      vertex 3.24778 9.21947 16.2778
      vertex 3.41857 9.15518 16.2778
    endloop
  endfacet
  facet normal 0.24912 0.661963 0.706926
    outer loop
      vertex 3.393 9.99545 15.5
      vertex 3.14298 9.25891 16.2778
      vertex 3.24778 9.21947 16.2778
    endloop
  endfacet
  facet normal 0.933945 0 0.357416
    outer loop
      vertex 4.03947 9.75213 15.5
      vertex 3.74181 9.03353 16.2778
      vertex 3.74181 9.03352 16.2778
    endloop
  endfacet
  facet normal 0.249128 0.661965 0.706921
    outer loop
      vertex 4.03947 9.75213 15.5
      vertex 3.41857 9.15518 16.2778
      vertex 3.74181 9.03353 16.2778
    endloop
  endfacet
  facet normal 0.249147 0.661952 0.706927
    outer loop
      vertex 3.41857 9.15518 16.2778
      vertex 4.03947 9.75213 15.5
      vertex 3.393 9.99545 15.5
    endloop
  endfacet
  facet normal 0.291903 0.644252 -0.706917
    outer loop
      vertex 3.48794 8.35612 14
      vertex 4.03947 9.75213 15.5
      vertex 4.66864 9.46706 15.5
    endloop
  endfacet
  facet normal 0.292036 0.644196 -0.706914
    outer loop
      vertex 4.03947 9.75213 15.5
      vertex 3.48794 8.35612 14
      vertex 3.46544 8.36632 14
    endloop
  endfacet
  facet normal 0.292033 0.64419 -0.706921
    outer loop
      vertex 3.9827 8.13195 14
      vertex 4.66864 9.46706 15.5
      vertex 4.0052 8.12175 14
    endloop
  endfacet
  facet normal 0.291903 0.644252 -0.706917
    outer loop
      vertex 4.66864 9.46706 15.5
      vertex 3.9827 8.13195 14
      vertex 3.48794 8.35612 14
    endloop
  endfacet
  facet normal 0.291905 0.644242 0.706926
    outer loop
      vertex 4.01003 8.91199 16.2778
      vertex 4.03947 9.75213 15.5
      vertex 3.74181 9.03352 16.2778
    endloop
  endfacet
  facet normal 0.291899 0.644243 0.706927
    outer loop
      vertex 4.01003 8.91199 16.2778
      vertex 4.66864 9.46706 15.5
      vertex 4.03947 9.75213 15.5
    endloop
  endfacet
  facet normal 0.291888 0.644251 0.706924
    outer loop
      vertex 4.66864 9.46706 15.5
      vertex 4.01003 8.91199 16.2778
      vertex 4.32462 8.76946 16.2778
    endloop
  endfacet
  facet normal 0.333414 0.623781 -0.706917
    outer loop
      vertex 4.02699 8.11011 14
      vertex 4.66864 9.46706 15.5
      vertex 5.27782 9.14145 15.5
    endloop
  endfacet
  facet normal 0.333259 0.623859 -0.706921
    outer loop
      vertex 4.66864 9.46706 15.5
      vertex 4.02699 8.11011 14
      vertex 4.0052 8.12175 14
    endloop
  endfacet
  facet normal 0.333262 0.623865 -0.706915
    outer loop
      vertex 4.50603 7.85405 14
      vertex 5.27782 9.14145 15.5
      vertex 4.52782 7.84241 14
    endloop
  endfacet
  facet normal 0.333424 0.623773 -0.706919
    outer loop
      vertex 5.27782 9.14145 15.5
      vertex 4.50603 7.85405 14
      vertex 4.02699 8.11011 14
    endloop
  endfacet
  facet normal 0.333414 0.623771 0.706927
    outer loop
      vertex 4.66864 9.46706 15.5
      vertex 4.42337 8.71667 16.2778
      vertex 4.58432 8.63064 16.2778
    endloop
  endfacet
  facet normal 0.333449 0.623756 0.706923
    outer loop
      vertex 4.42337 8.71667 16.2778
      vertex 4.66864 9.46706 15.5
      vertex 4.32462 8.76946 16.2778
    endloop
  endfacet
  facet normal 0.333409 0.623772 0.706928
    outer loop
      vertex 4.58432 8.63064 16.2778
      vertex 5.27782 9.14145 15.5
      vertex 4.66864 9.46706 15.5
    endloop
  endfacet
  facet normal 0.333402 0.623778 0.706926
    outer loop
      vertex 5.27782 9.14145 15.5
      vertex 4.58432 8.63064 16.2778
      vertex 4.88891 8.46784 16.2778
    endloop
  endfacet
  facet normal 0.373501 0.600636 -0.706919
    outer loop
      vertex 4.5488 7.82936 14
      vertex 5.27782 9.14145 15.5
      vertex 5.8644 8.77669 15.5
    endloop
  endfacet
  facet normal 0.373579 0.60059 -0.706916
    outer loop
      vertex 5.27782 9.14145 15.5
      vertex 4.5488 7.82936 14
      vertex 4.52782 7.84241 14
    endloop
  endfacet
  facet normal 0.373577 0.600586 -0.706921
    outer loop
      vertex 5.01006 7.54253 14
      vertex 5.8644 8.77669 15.5
      vertex 5.03104 7.52948 14
    endloop
  endfacet
  facet normal 0.3735 0.600637 -0.706918
    outer loop
      vertex 5.8644 8.77669 15.5
      vertex 5.01006 7.54253 14
      vertex 4.5488 7.82936 14
    endloop
  endfacet
  facet normal 0.373506 0.600625 0.706924
    outer loop
      vertex 5.27782 9.14145 15.5
      vertex 4.984 8.40871 16.2778
      vertex 5.13897 8.31234 16.2778
    endloop
  endfacet
  facet normal 0.373492 0.600632 0.706926
    outer loop
      vertex 4.984 8.40871 16.2778
      vertex 5.27782 9.14145 15.5
      vertex 4.88891 8.46784 16.2778
    endloop
  endfacet
  facet normal 0.373496 0.600629 0.706927
    outer loop
      vertex 5.13897 8.31234 16.2778
      vertex 5.8644 8.77669 15.5
      vertex 5.27782 9.14145 15.5
    endloop
  endfacet
  facet normal 0.373496 0.600629 0.706927
    outer loop
      vertex 5.8644 8.77669 15.5
      vertex 5.13897 8.31234 16.2778
      vertex 5.43226 8.12996 16.2778
    endloop
  endfacet
  facet normal 0.411987 0.574922 -0.706917
    outer loop
      vertex 5.05112 7.5151 14
      vertex 5.8644 8.77669 15.5
      vertex 6.42586 8.37435 15.5
    endloop
  endfacet
  facet normal 0.411809 0.575043 -0.706923
    outer loop
      vertex 5.8644 8.77669 15.5
      vertex 5.05112 7.5151 14
      vertex 5.03104 7.52948 14
    endloop
  endfacet
  facet normal 0.412001 0.574911 -0.706917
    outer loop
      vertex 5.49264 7.19871 14
      vertex 6.42586 8.37435 15.5
      vertex 5.51272 7.18432 14
    endloop
  endfacet
  facet normal 0.411986 0.574923 -0.706917
    outer loop
      vertex 6.42586 8.37435 15.5
      vertex 5.49264 7.19871 14
      vertex 5.05112 7.5151 14
    endloop
  endfacet
  facet normal 0.41198 0.574912 0.706929
    outer loop
      vertex 5.8644 8.77669 15.5
      vertex 5.52328 8.06473 16.2778
      vertex 5.67162 7.95843 16.2778
    endloop
  endfacet
  facet normal 0.412004 0.574898 0.706926
    outer loop
      vertex 5.52328 8.06473 16.2778
      vertex 5.8644 8.77669 15.5
      vertex 5.43226 8.12996 16.2778
    endloop
  endfacet
  facet normal 0.41198 0.574912 0.706929
    outer loop
      vertex 5.67162 7.95843 16.2778
      vertex 6.42586 8.37435 15.5
      vertex 5.8644 8.77669 15.5
    endloop
  endfacet
  facet normal 0.411972 0.574922 0.706926
    outer loop
      vertex 6.42586 8.37435 15.5
      vertex 5.67162 7.95843 16.2778
      vertex 5.95236 7.75726 16.2778
    endloop
  endfacet
  facet normal 0.448704 0.546749 -0.706916
    outer loop
      vertex 5.53182 7.16865 14
      vertex 6.42586 8.37435 15.5
      vertex 6.95981 7.93615 15.5
    endloop
  endfacet
  facet normal 0.448618 0.546816 -0.706919
    outer loop
      vertex 6.42586 8.37435 15.5
      vertex 5.53182 7.16865 14
      vertex 5.51272 7.18432 14
    endloop
  endfacet
  facet normal 0.448758 0.546701 -0.706919
    outer loop
      vertex 5.9517 6.82406 14
      vertex 6.95981 7.93615 15.5
      vertex 5.97079 6.80839 14
    endloop
  endfacet
  facet normal 0.448707 0.546745 -0.706917
    outer loop
      vertex 6.95981 7.93615 15.5
      vertex 5.9517 6.82406 14
      vertex 5.53182 7.16865 14
    endloop
  endfacet
  facet normal 0.448717 0.546731 0.706921
    outer loop
      vertex 6.42586 8.37435 15.5
      vertex 6.03892 7.68623 16.2778
      vertex 6.17999 7.57045 16.2778
    endloop
  endfacet
  facet normal 0.448668 0.546765 0.706927
    outer loop
      vertex 6.03892 7.68623 16.2778
      vertex 6.42586 8.37435 15.5
      vertex 5.95236 7.75726 16.2778
    endloop
  endfacet
  facet normal 0.448698 0.546742 0.706926
    outer loop
      vertex 6.17999 7.57045 16.2778
      vertex 6.95981 7.93615 15.5
      vertex 6.42586 8.37435 15.5
    endloop
  endfacet
  facet normal 0.448702 0.546736 0.706927
    outer loop
      vertex 6.95981 7.93615 15.5
      vertex 6.17999 7.57045 16.2778
      vertex 6.44696 7.35135 16.2778
    endloop
  endfacet
  facet normal 0.483503 0.516228 -0.706918
    outer loop
      vertex 5.98882 6.7915 14
      vertex 6.95981 7.93615 15.5
      vertex 7.46396 7.46396 15.5
    endloop
  endfacet
  facet normal 0.483549 0.516187 -0.706917
    outer loop
      vertex 6.95981 7.93615 15.5
      vertex 5.98882 6.7915 14
      vertex 5.97079 6.80839 14
    endloop
  endfacet
  facet normal 0.483548 0.516186 -0.706918
    outer loop
      vertex 6.38527 6.42019 14
      vertex 7.46396 7.46396 15.5
      vertex 6.4033 6.4033 14
    endloop
  endfacet
  facet normal 0.483499 0.516234 -0.706917
    outer loop
      vertex 7.46396 7.46396 15.5
      vertex 6.38527 6.42019 14
      vertex 5.98882 6.7915 14
    endloop
  endfacet
  facet normal 0.483483 0.516232 0.706929
    outer loop
      vertex 6.95981 7.93615 15.5
      vertex 6.52869 7.2748 16.2778
      vertex 6.66189 7.15005 16.2778
    endloop
  endfacet
  facet normal 0.483501 0.516218 0.706927
    outer loop
      vertex 6.52869 7.2748 16.2778
      vertex 6.95981 7.93615 15.5
      vertex 6.44696 7.35135 16.2778
    endloop
  endfacet
  facet normal 0.483498 0.516223 0.706925
    outer loop
      vertex 6.66189 7.15005 16.2778
      vertex 7.46396 7.46396 15.5
      vertex 6.95981 7.93615 15.5
    endloop
  endfacet
  facet normal 0.483497 0.516224 0.706925
    outer loop
      vertex 7.46396 7.46396 15.5
      vertex 6.66189 7.15005 16.2778
      vertex 6.91396 6.91396 16.2778
    endloop
  endfacet
  facet normal 0.516229 0.483504 -0.706917
    outer loop
      vertex 6.42019 6.38527 14
      vertex 7.46396 7.46396 15.5
      vertex 7.93615 6.95981 15.5
    endloop
  endfacet
  facet normal 0.516186 0.483548 -0.706918
    outer loop
      vertex 7.46396 7.46396 15.5
      vertex 6.42019 6.38527 14
      vertex 6.4033 6.4033 14
    endloop
  endfacet
  facet normal 0.516187 0.483549 -0.706917
    outer loop
      vertex 6.7915 5.98882 14
      vertex 7.93615 6.95981 15.5
      vertex 6.80839 5.97079 14
    endloop
  endfacet
  facet normal 0.516233 0.483497 -0.706918
    outer loop
      vertex 7.93615 6.95981 15.5
      vertex 6.7915 5.98882 14
      vertex 6.42019 6.38527 14
    endloop
  endfacet
  facet normal 0.516216 0.483505 0.706926
    outer loop
      vertex 7.46396 7.46396 15.5
      vertex 6.99051 6.83223 16.2778
      vertex 7.11526 6.69904 16.2778
    endloop
  endfacet
  facet normal 0.516219 0.483502 0.706925
    outer loop
      vertex 6.99051 6.83223 16.2778
      vertex 7.46396 7.46396 15.5
      vertex 6.91396 6.91396 16.2778
    endloop
  endfacet
  facet normal 0.516224 0.483499 0.706924
    outer loop
      vertex 7.11526 6.69904 16.2778
      vertex 7.93615 6.95981 15.5
      vertex 7.46396 7.46396 15.5
    endloop
  endfacet
  facet normal 0.516232 0.483486 0.706927
    outer loop
      vertex 7.93615 6.95981 15.5
      vertex 7.11526 6.69904 16.2778
      vertex 7.35135 6.44696 16.2778
    endloop
  endfacet
  facet normal 0.546748 0.448703 -0.706917
    outer loop
      vertex 6.82406 5.9517 14
      vertex 7.93615 6.95981 15.5
      vertex 8.37435 6.42586 15.5
    endloop
  endfacet
  facet normal 0.546701 0.448758 -0.706919
    outer loop
      vertex 7.93615 6.95981 15.5
      vertex 6.82406 5.9517 14
      vertex 6.80839 5.97079 14
    endloop
  endfacet
  facet normal 0.546816 0.448618 -0.706919
    outer loop
      vertex 7.16865 5.53182 14
      vertex 8.37435 6.42586 15.5
      vertex 7.18432 5.51272 14
    endloop
  endfacet
  facet normal 0.546746 0.448707 -0.706916
    outer loop
      vertex 8.37435 6.42586 15.5
      vertex 7.16865 5.53182 14
      vertex 6.82406 5.9517 14
    endloop
  endfacet
  facet normal 0.546747 0.448691 0.706926
    outer loop
      vertex 7.93615 6.95981 15.5
      vertex 7.42239 6.3604 16.2778
      vertex 7.53816 6.21933 16.2778
    endloop
  endfacet
  facet normal 0.546733 0.448705 0.706927
    outer loop
      vertex 7.42239 6.3604 16.2778
      vertex 7.93615 6.95981 15.5
      vertex 7.35135 6.44696 16.2778
    endloop
  endfacet
  facet normal 0.54674 0.448697 0.706927
    outer loop
      vertex 7.53816 6.21933 16.2778
      vertex 8.37435 6.42586 15.5
      vertex 7.93615 6.95981 15.5
    endloop
  endfacet
  facet normal 0.546737 0.448703 0.706926
    outer loop
      vertex 8.37435 6.42586 15.5
      vertex 7.53816 6.21933 16.2778
      vertex 7.75726 5.95236 16.2778
    endloop
  endfacet
  facet normal 0.574922 0.411987 -0.706917
    outer loop
      vertex 7.19871 5.49264 14
      vertex 8.37435 6.42586 15.5
      vertex 8.77669 5.8644 15.5
    endloop
  endfacet
  facet normal 0.574911 0.412001 -0.706917
    outer loop
      vertex 8.37435 6.42586 15.5
      vertex 7.19871 5.49264 14
      vertex 7.18432 5.51272 14
    endloop
  endfacet
  facet normal 0.575043 0.411809 -0.706923
    outer loop
      vertex 7.5151 5.05112 14
      vertex 8.77669 5.8644 15.5
      vertex 7.52948 5.03104 14
    endloop
  endfacet
  facet normal 0.574923 0.411985 -0.706917
    outer loop
      vertex 8.77669 5.8644 15.5
      vertex 7.5151 5.05112 14
      vertex 7.19871 5.49264 14
    endloop
  endfacet
  facet normal 0.574916 0.411983 0.706924
    outer loop
      vertex 8.37435 6.42586 15.5
      vertex 7.82249 5.86134 16.2778
      vertex 7.92879 5.713 16.2778
    endloop
  endfacet
  facet normal 0.574898 0.412004 0.706927
    outer loop
      vertex 7.82249 5.86134 16.2778
      vertex 8.37435 6.42586 15.5
      vertex 7.75726 5.95236 16.2778
    endloop
  endfacet
  facet normal 0.574916 0.411983 0.706924
    outer loop
      vertex 7.92879 5.713 16.2778
      vertex 8.77669 5.8644 15.5
      vertex 8.37435 6.42586 15.5
    endloop
  endfacet
  facet normal 0.574921 0.411971 0.706927
    outer loop
      vertex 8.77669 5.8644 15.5
      vertex 7.92879 5.713 16.2778
      vertex 8.12996 5.43226 16.2778
    endloop
  endfacet
  facet normal 0.600636 0.373501 -0.706918
    outer loop
      vertex 7.54253 5.01006 14
      vertex 8.77669 5.8644 15.5
      vertex 9.14145 5.27782 15.5
    endloop
  endfacet
  facet normal 0.600586 0.373577 -0.706921
    outer loop
      vertex 8.77669 5.8644 15.5
      vertex 7.54253 5.01006 14
      vertex 7.52948 5.03104 14
    endloop
  endfacet
  facet normal 0.60059 0.373579 -0.706916
    outer loop
      vertex 7.82936 4.5488 14
      vertex 9.14145 5.27782 15.5
      vertex 7.84241 4.52782 14
    endloop
  endfacet
  facet normal 0.600636 0.3735 -0.706919
    outer loop
      vertex 9.14145 5.27782 15.5
      vertex 7.82936 4.5488 14
      vertex 7.54253 5.01006 14
    endloop
  endfacet
  facet normal 0.600622 0.373504 0.706928
    outer loop
      vertex 8.77669 5.8644 15.5
      vertex 8.18909 5.33717 16.2778
      vertex 8.28546 5.1822 16.2778
    endloop
  endfacet
  facet normal 0.600632 0.373492 0.706927
    outer loop
      vertex 8.18909 5.33717 16.2778
      vertex 8.77669 5.8644 15.5
      vertex 8.12996 5.43226 16.2778
    endloop
  endfacet
  facet normal 0.60063 0.373497 0.706926
    outer loop
      vertex 8.28546 5.1822 16.2778
      vertex 9.14145 5.27782 15.5
      vertex 8.77669 5.8644 15.5
    endloop
  endfacet
  facet normal 0.60063 0.373497 0.706926
    outer loop
      vertex 9.14145 5.27782 15.5
      vertex 8.28546 5.1822 16.2778
      vertex 8.46784 4.88891 16.2778
    endloop
  endfacet
  facet normal 0.623779 0.333413 -0.706919
    outer loop
      vertex 7.85405 4.50603 14
      vertex 9.14145 5.27782 15.5
      vertex 9.46706 4.66864 15.5
    endloop
  endfacet
  facet normal 0.623865 0.333262 -0.706915
    outer loop
      vertex 9.14145 5.27782 15.5
      vertex 7.85405 4.50603 14
      vertex 7.84241 4.52782 14
    endloop
  endfacet
  facet normal 0.623859 0.333259 -0.706921
    outer loop
      vertex 8.11011 4.02699 14
      vertex 9.46706 4.66864 15.5
      vertex 8.12175 4.0052 14
    endloop
  endfacet
  facet normal 0.623776 0.333425 -0.706917
    outer loop
      vertex 9.46706 4.66864 15.5
      vertex 8.11011 4.02699 14
      vertex 7.85405 4.50603 14
    endloop
  endfacet
  facet normal 0.623758 0.333428 0.706931
    outer loop
      vertex 9.14145 5.27782 15.5
      vertex 8.52062 4.79015 16.2778
      vertex 8.60665 4.62921 16.2778
    endloop
  endfacet
  facet normal 0.623795 0.333373 0.706925
    outer loop
      vertex 8.52062 4.79015 16.2778
      vertex 9.14145 5.27782 15.5
      vertex 8.46784 4.88891 16.2778
    endloop
  endfacet
  facet normal 0.623773 0.33341 0.706926
    outer loop
      vertex 8.60665 4.62921 16.2778
      vertex 9.46706 4.66864 15.5
      vertex 9.14145 5.27782 15.5
    endloop
  endfacet
  facet normal 0.623771 0.333419 0.706924
    outer loop
      vertex 9.46706 4.66864 15.5
      vertex 8.60665 4.62921 16.2778
      vertex 8.76946 4.32462 16.2778
    endloop
  endfacet
  facet normal 0.644252 0.291903 -0.706917
    outer loop
      vertex 8.13195 3.9827 14
      vertex 9.46706 4.66864 15.5
      vertex 9.75213 4.03947 15.5
    endloop
  endfacet
  facet normal 0.64419 0.292033 -0.706921
    outer loop
      vertex 9.46706 4.66864 15.5
      vertex 8.13195 3.9827 14
      vertex 8.12175 4.0052 14
    endloop
  endfacet
  facet normal 0.644196 0.292036 -0.706914
    outer loop
      vertex 8.35612 3.48794 14
      vertex 9.75213 4.03947 15.5
      vertex 8.36632 3.46544 14
    endloop
  endfacet
  facet normal 0.644252 0.291903 -0.706917
    outer loop
      vertex 9.75213 4.03947 15.5
      vertex 8.35612 3.48794 14
      vertex 8.13195 3.9827 14
    endloop
  endfacet
  facet normal 0.644248 0.291897 0.706924
    outer loop
      vertex 8.76946 4.32462 16.2778
      vertex 8.89099 4.05639 16.2778
      vertex 9.46706 4.66864 15.5
    endloop
  endfacet
  facet normal 0.644245 0.2919 0.706925
    outer loop
      vertex 8.89099 4.05639 16.2778
      vertex 9.75213 4.03947 15.5
      vertex 9.46706 4.66864 15.5
    endloop
  endfacet
  facet normal 0.644246 0.291895 0.706926
    outer loop
      vertex 9.75213 4.03947 15.5
      vertex 8.89099 4.05639 16.2778
      vertex 9.03352 3.74181 16.2778
    endloop
  endfacet
  facet normal 0.661962 0.249151 -0.706916
    outer loop
      vertex 8.37502 3.44232 14
      vertex 9.75213 4.03947 15.5
      vertex 9.99545 3.393 15.5
    endloop
  endfacet
  facet normal 0.661981 0.249102 -0.706915
    outer loop
      vertex 9.75213 4.03947 15.5
      vertex 8.37502 3.44232 14
      vertex 8.36632 3.46544 14
    endloop
  endfacet
  facet normal 0.661977 0.2491 -0.706919
    outer loop
      vertex 8.56635 2.93396 14
      vertex 9.99545 3.393 15.5
      vertex 8.57505 2.91084 14
    endloop
  endfacet
  facet normal 0.661963 0.249141 -0.706918
    outer loop
      vertex 9.99545 3.393 15.5
      vertex 8.56635 2.93396 14
      vertex 8.37502 3.44232 14
    endloop
  endfacet
  facet normal 0.661964 0.249128 0.706922
    outer loop
      vertex 9.75213 4.03947 15.5
      vertex 9.07297 3.63701 16.2778
      vertex 9.13725 3.46621 16.2778
    endloop
  endfacet
  facet normal 0.661967 0.249122 0.706921
    outer loop
      vertex 9.75213 4.03947 15.5
      vertex 9.03353 3.74181 16.2778
      vertex 9.07297 3.63701 16.2778
    endloop
  endfacet
  facet normal 0 0.933945 0.357416
    outer loop
      vertex 9.03353 3.74181 16.2778
      vertex 9.75213 4.03947 15.5
      vertex 9.03352 3.74181 16.2778
    endloop
  endfacet
  facet normal 0.661952 0.249151 0.706926
    outer loop
      vertex 9.99545 3.393 15.5
      vertex 9.13725 3.46621 16.2778
      vertex 9.25891 3.14298 16.2778
    endloop
  endfacet
  facet normal 0.661952 0.249147 0.706926
    outer loop
      vertex 9.13725 3.46621 16.2778
      vertex 9.99545 3.393 15.5
      vertex 9.75213 4.03947 15.5
    endloop
  endfacet
  facet normal 0.676827 0.205352 -0.70692
    outer loop
      vertex 8.58222 2.8872 14
      vertex 9.99545 3.393 15.5
      vertex 10.196 2.732 15.5
    endloop
  endfacet
  facet normal 0.676848 0.205288 -0.706918
    outer loop
      vertex 9.99545 3.393 15.5
      vertex 8.58222 2.8872 14
      vertex 8.57505 2.91084 14
    endloop
  endfacet
  facet normal 0.67684 0.205285 -0.706927
    outer loop
      vertex 8.7399 2.36741 14
      vertex 10.196 2.732 15.5
      vertex 8.74707 2.34377 14
    endloop
  endfacet
  facet normal 0.67683 0.205319 -0.706926
    outer loop
      vertex 10.196 2.732 15.5
      vertex 8.7399 2.36741 14
      vertex 8.58222 2.8872 14
    endloop
  endfacet
  facet normal 0.676825 0.205326 0.70693
    outer loop
      vertex 9.99545 3.393 15.5
      vertex 9.29141 3.03582 16.2778
      vertex 9.34439 2.86118 16.2778
    endloop
  endfacet
  facet normal 0.676844 0.205277 0.706925
    outer loop
      vertex 9.29141 3.03582 16.2778
      vertex 9.99545 3.393 15.5
      vertex 9.25891 3.14298 16.2778
    endloop
  endfacet
  facet normal 0.676813 0.205348 0.706935
    outer loop
      vertex 9.34439 2.86118 16.2778
      vertex 10.196 2.732 15.5
      vertex 9.99545 3.393 15.5
    endloop
  endfacet
  facet normal 0.676815 0.205318 0.706942
    outer loop
      vertex 10.196 2.732 15.5
      vertex 9.34439 2.86118 16.2778
      vertex 9.44465 2.53068 16.2778
    endloop
  endfacet
  facet normal 0.688823 0.160558 -0.706926
    outer loop
      vertex 8.75268 2.31971 14
      vertex 10.196 2.732 15.5
      vertex 10.3528 2.0593 15.5
    endloop
  endfacet
  facet normal 0.68881 0.160608 -0.706927
    outer loop
      vertex 10.196 2.732 15.5
      vertex 8.75268 2.31971 14
      vertex 8.74707 2.34377 14
    endloop
  endfacet
  facet normal 0.688808 0.160674 -0.706914
    outer loop
      vertex 8.87602 1.79072 14
      vertex 10.3528 2.0593 15.5
      vertex 8.88163 1.76667 14
    endloop
  endfacet
  facet normal 0.688822 0.160607 -0.706916
    outer loop
      vertex 10.3528 2.0593 15.5
      vertex 8.87602 1.79072 14
      vertex 8.75268 2.31971 14
    endloop
  endfacet
  facet normal 0.688791 0.160609 0.706945
    outer loop
      vertex 10.196 2.732 15.5
      vertex 9.47007 2.42163 16.2778
      vertex 9.51151 2.24391 16.2778
    endloop
  endfacet
  facet normal 0.688806 0.160563 0.706941
    outer loop
      vertex 9.47007 2.42163 16.2778
      vertex 10.196 2.732 15.5
      vertex 9.44465 2.53068 16.2778
    endloop
  endfacet
  facet normal 0.688816 0.160618 0.706919
    outer loop
      vertex 10.3528 2.0593 15.5
      vertex 9.51151 2.24391 16.2778
      vertex 9.58994 1.90756 16.2778
    endloop
  endfacet
  facet normal 0.688815 0.160556 0.706934
    outer loop
      vertex 9.51151 2.24391 16.2778
      vertex 10.3528 2.0593 15.5
      vertex 10.196 2.732 15.5
    endloop
  endfacet
  facet normal 0.697855 0.115198 -0.706914
    outer loop
      vertex 8.88566 1.74229 14
      vertex 10.3528 2.0593 15.5
      vertex 10.4653 1.37779 15.5
    endloop
  endfacet
  facet normal 0.697827 0.11535 -0.706918
    outer loop
      vertex 10.3528 2.0593 15.5
      vertex 8.88566 1.74229 14
      vertex 8.88163 1.76667 14
    endloop
  endfacet
  facet normal 0.69787 0.115118 -0.706913
    outer loop
      vertex 8.97414 1.20637 14
      vertex 10.4653 1.37779 15.5
      vertex 8.97816 1.182 14
    endloop
  endfacet
  facet normal 0.697856 0.115216 -0.70691
    outer loop
      vertex 10.4653 1.37779 15.5
      vertex 8.97414 1.20637 14
      vertex 8.88566 1.74229 14
    endloop
  endfacet
  facet normal 0.697845 0.115222 0.70692
    outer loop
      vertex 10.3528 2.0593 15.5
      vertex 9.60818 1.79708 16.2778
      vertex 9.63791 1.61702 16.2778
    endloop
  endfacet
  facet normal 0.697847 0.115213 0.70692
    outer loop
      vertex 9.60818 1.79708 16.2778
      vertex 10.3528 2.0593 15.5
      vertex 9.58994 1.90756 16.2778
    endloop
  endfacet
  facet normal 0.697854 0.115198 0.706915
    outer loop
      vertex 9.63791 1.61702 16.2778
      vertex 10.4653 1.37779 15.5
      vertex 10.3528 2.0593 15.5
    endloop
  endfacet
  facet normal 0.697855 0.115217 0.706911
    outer loop
      vertex 10.4653 1.37779 15.5
      vertex 9.63791 1.61702 16.2778
      vertex 9.69417 1.27626 16.2778
    endloop
  endfacet
  facet normal 0.703897 0.0693229 -0.706911
    outer loop
      vertex 8.98058 1.15741 14
      vertex 10.4653 1.37779 15.5
      vertex 10.533 0.690372 15.5
    endloop
  endfacet
  facet normal 0.703903 0.0692739 -0.70691
    outer loop
      vertex 10.4653 1.37779 15.5
      vertex 8.98058 1.15741 14
      vertex 8.97816 1.182 14
    endloop
  endfacet
  facet normal 0.703879 0.069572 -0.706904
    outer loop
      vertex 9.03382 0.616851 14
      vertex 10.533 0.690372 15.5
      vertex 9.03625 0.592266 14
    endloop
  endfacet
  facet normal 0.703897 0.0693273 -0.70691
    outer loop
      vertex 10.533 0.690372 15.5
      vertex 9.03382 0.616851 14
      vertex 8.98058 1.15741 14
    endloop
  endfacet
  facet normal 0.703893 0.0693378 0.706914
    outer loop
      vertex 10.4653 1.37779 15.5
      vertex 9.70514 1.16482 16.2778
      vertex 9.72303 0.983207 16.2778
    endloop
  endfacet
  facet normal 0.703901 0.0692911 0.70691
    outer loop
      vertex 10.4653 1.37779 15.5
      vertex 9.69417 1.27626 16.2778
      vertex 9.70514 1.16482 16.2778
    endloop
  endfacet
  facet normal 0.703897 0.0693229 0.706911
    outer loop
      vertex 9.72303 0.983207 16.2778
      vertex 10.533 0.690372 15.5
      vertex 10.4653 1.37779 15.5
    endloop
  endfacet
  facet normal 0.703897 0.0693233 0.706911
    outer loop
      vertex 10.533 0.690372 15.5
      vertex 9.72303 0.983207 16.2778
      vertex 9.75688 0.6395 16.2778
    endloop
  endfacet
  facet normal 0.706938 0.0229061 -0.706904
    outer loop
      vertex 10.533 0.690372 15.5
      vertex 9.03705 0.567576 14
      vertex 9.03625 0.592266 14
    endloop
  endfacet
  facet normal 0.706925 0.0231419 -0.70691
    outer loop
      vertex 9.03705 0.567576 14
      vertex 10.533 0.690372 15.5
      vertex 10.5556 0 15.5
    endloop
  endfacet
  facet normal 0.706926 0.0231525 -0.706908
    outer loop
      vertex 10.5556 0 15.5
      vertex 9.05483 0.0246901 14
      vertex 9.03705 0.567576 14
    endloop
  endfacet
  facet normal 0.706928 0.0229056 -0.706914
    outer loop
      vertex 9.05483 0.0246901 14
      vertex 10.5556 0 15.5
      vertex 9.05563 0 14
    endloop
  endfacet
  facet normal 0.706927 0.0231384 0.706908
    outer loop
      vertex 10.533 0.690372 15.5
      vertex 9.76055 0.527582 16.2778
      vertex 9.76652 0.345186 16.2778
    endloop
  endfacet
  facet normal 0.707871 -0 0.706342
    outer loop
      vertex 9.75688 0.639499 16.2778
      vertex 10.533 0.690372 15.5
      vertex 9.75688 0.6395 16.2778
    endloop
  endfacet
  facet normal 0.706922 0.0231815 0.706911
    outer loop
      vertex 10.533 0.690372 15.5
      vertex 9.75688 0.639499 16.2778
      vertex 9.76055 0.527582 16.2778
    endloop
  endfacet
  facet normal 0.706926 0.0231419 0.706908
    outer loop
      vertex 9.76652 0.345186 16.2778
      vertex 10.5556 0 15.5
      vertex 10.533 0.690372 15.5
    endloop
  endfacet
  facet normal 0.706926 0.0231419 0.706908
    outer loop
      vertex 10.5556 0 15.5
      vertex 9.76652 0.345186 16.2778
      vertex 9.77782 0 16.2778
    endloop
  endfacet
  facet normal 0.706928 -0.0229056 -0.706914
    outer loop
      vertex 10.5556 0 15.5
      vertex 9.05483 -0.0246901 14
      vertex 9.05563 0 14
    endloop
  endfacet
  facet normal 0.706926 -0.0231419 -0.706908
    outer loop
      vertex 9.05483 -0.0246901 14
      vertex 10.5556 0 15.5
      vertex 10.533 -0.690372 15.5
    endloop
  endfacet
  facet normal 0.706924 -0.0231524 -0.706911
    outer loop
      vertex 10.533 -0.690372 15.5
      vertex 9.03705 -0.567576 14
      vertex 9.05483 -0.0246901 14
    endloop
  endfacet
  facet normal 0.706938 -0.0229061 -0.706904
    outer loop
      vertex 9.03705 -0.567576 14
      vertex 10.533 -0.690372 15.5
      vertex 9.03625 -0.592266 14
    endloop
  endfacet
  facet normal 0.706926 -0.0231814 0.706908
    outer loop
      vertex 9.77415 -0.111918 16.2778
      vertex 10.5556 0 15.5
      vertex 9.77782 0 16.2778
    endloop
  endfacet
  facet normal 0.706923 -0.0231383 0.706911
    outer loop
      vertex 10.5556 0 15.5
      vertex 9.77415 -0.111918 16.2778
      vertex 9.76818 -0.294314 16.2778
    endloop
  endfacet
  facet normal 0.706924 -0.0231418 0.706911
    outer loop
      vertex 9.76818 -0.294314 16.2778
      vertex 10.533 -0.690372 15.5
      vertex 10.5556 0 15.5
    endloop
  endfacet
  facet normal 0.706924 -0.0231419 0.706911
    outer loop
      vertex 9.75688 -0.639499 16.2778
      vertex 10.533 -0.690372 15.5
      vertex 9.76818 -0.294314 16.2778
    endloop
  endfacet
  facet normal 0.707871 0 0.706342
    outer loop
      vertex 10.533 -0.690372 15.5
      vertex 9.75688 -0.639499 16.2778
      vertex 9.75688 -0.6395 16.2778
    endloop
  endfacet
  facet normal 0.703898 -0.069323 -0.706911
    outer loop
      vertex 9.03382 -0.616851 14
      vertex 10.533 -0.690372 15.5
      vertex 10.4653 -1.37779 15.5
    endloop
  endfacet
  facet normal 0.703879 -0.069572 -0.706904
    outer loop
      vertex 10.533 -0.690372 15.5
      vertex 9.03382 -0.616851 14
      vertex 9.03625 -0.592266 14
    endloop
  endfacet
  facet normal 0.703896 -0.0693272 -0.706911
    outer loop
      vertex 10.4653 -1.37779 15.5
      vertex 8.98058 -1.15741 14
      vertex 9.03382 -0.616851 14
    endloop
  endfacet
  facet normal 0.703903 -0.0692739 -0.70691
    outer loop
      vertex 8.98058 -1.15741 14
      vertex 10.4653 -1.37779 15.5
      vertex 8.97816 -1.182 14
    endloop
  endfacet
  facet normal 0.7039 -0.0692922 0.706911
    outer loop
      vertex 9.74591 -0.750938 16.2778
      vertex 10.533 -0.690372 15.5
      vertex 9.75688 -0.6395 16.2778
    endloop
  endfacet
  facet normal 0.703899 -0.0693377 0.706907
    outer loop
      vertex 10.533 -0.690372 15.5
      vertex 9.74591 -0.750938 16.2778
      vertex 9.72802 -0.932553 16.2778
    endloop
  endfacet
  facet normal 0.703898 -0.069323 0.70691
    outer loop
      vertex 9.72802 -0.932553 16.2778
      vertex 10.4653 -1.37779 15.5
      vertex 10.533 -0.690372 15.5
    endloop
  endfacet
  facet normal 0.703898 -0.0693234 0.70691
    outer loop
      vertex 9.69417 -1.27626 16.2778
      vertex 10.4653 -1.37779 15.5
      vertex 9.72802 -0.932553 16.2778
    endloop
  endfacet
  facet normal 0.697859 -0.115199 -0.706911
    outer loop
      vertex 8.97414 -1.20637 14
      vertex 10.4653 -1.37779 15.5
      vertex 10.3528 -2.0593 15.5
    endloop
  endfacet
  facet normal 0.69787 -0.115118 -0.706913
    outer loop
      vertex 10.4653 -1.37779 15.5
      vertex 8.97414 -1.20637 14
      vertex 8.97816 -1.182 14
    endloop
  endfacet
  facet normal 0.697852 -0.115215 -0.706914
    outer loop
      vertex 10.3528 -2.0593 15.5
      vertex 8.88566 -1.74229 14
      vertex 8.97414 -1.20637 14
    endloop
  endfacet
  facet normal 0.697827 -0.11535 -0.706918
    outer loop
      vertex 8.88566 -1.74229 14
      vertex 10.3528 -2.0593 15.5
      vertex 8.88163 -1.76667 14
    endloop
  endfacet
  facet normal 0.697856 -0.115214 0.706911
    outer loop
      vertex 9.67593 -1.38674 16.2778
      vertex 10.4653 -1.37779 15.5
      vertex 9.69417 -1.27626 16.2778
    endloop
  endfacet
  facet normal 0.697855 -0.115224 0.70691
    outer loop
      vertex 10.4653 -1.37779 15.5
      vertex 9.67593 -1.38674 16.2778
      vertex 9.6462 -1.5668 16.2778
    endloop
  endfacet
  facet normal 0.697854 -0.115198 0.706915
    outer loop
      vertex 9.6462 -1.5668 16.2778
      vertex 10.3528 -2.0593 15.5
      vertex 10.4653 -1.37779 15.5
    endloop
  endfacet
  facet normal 0.697847 -0.115216 0.70692
    outer loop
      vertex 10.3528 -2.0593 15.5
      vertex 9.6462 -1.5668 16.2778
      vertex 9.58994 -1.90756 16.2778
    endloop
  endfacet
  facet normal 0.688831 -0.16056 -0.706917
    outer loop
      vertex 8.87602 -1.79072 14
      vertex 10.3528 -2.0593 15.5
      vertex 10.196 -2.732 15.5
    endloop
  endfacet
  facet normal 0.688808 -0.160674 -0.706914
    outer loop
      vertex 10.3528 -2.0593 15.5
      vertex 8.87602 -1.79072 14
      vertex 8.88163 -1.76667 14
    endloop
  endfacet
  facet normal 0.688811 -0.160604 -0.706927
    outer loop
      vertex 10.196 -2.732 15.5
      vertex 8.75268 -2.31971 14
      vertex 8.87602 -1.79072 14
    endloop
  endfacet
  facet normal 0.68881 -0.160608 -0.706927
    outer loop
      vertex 8.75268 -2.31971 14
      vertex 10.196 -2.732 15.5
      vertex 8.74707 -2.34377 14
    endloop
  endfacet
  facet normal 0.688813 -0.160628 0.706919
    outer loop
      vertex 9.56451 -2.01661 16.2778
      vertex 10.3528 -2.0593 15.5
      vertex 9.58994 -1.90756 16.2778
    endloop
  endfacet
  facet normal 0.688816 -0.160606 0.706921
    outer loop
      vertex 10.3528 -2.0593 15.5
      vertex 9.56451 -2.01661 16.2778
      vertex 9.52307 -2.19434 16.2778
    endloop
  endfacet
  facet normal 0.688818 -0.160557 0.706931
    outer loop
      vertex 9.52307 -2.19434 16.2778
      vertex 10.196 -2.732 15.5
      vertex 10.3528 -2.0593 15.5
    endloop
  endfacet
  facet normal 0.688797 -0.160598 0.706942
    outer loop
      vertex 10.196 -2.732 15.5
      vertex 9.52307 -2.19434 16.2778
      vertex 9.44465 -2.53068 16.2778
    endloop
  endfacet
  facet normal 0.676822 -0.20535 -0.706926
    outer loop
      vertex 8.7399 -2.36741 14
      vertex 10.196 -2.732 15.5
      vertex 9.99545 -3.393 15.5
    endloop
  endfacet
  facet normal 0.67684 -0.205285 -0.706927
    outer loop
      vertex 10.196 -2.732 15.5
      vertex 8.7399 -2.36741 14
      vertex 8.74707 -2.34377 14
    endloop
  endfacet
  facet normal 0.676837 -0.205321 -0.706919
    outer loop
      vertex 9.99545 -3.393 15.5
      vertex 8.58222 -2.8872 14
      vertex 8.7399 -2.36741 14
    endloop
  endfacet
  facet normal 0.676848 -0.205288 -0.706918
    outer loop
      vertex 8.58222 -2.8872 14
      vertex 9.99545 -3.393 15.5
      vertex 8.57505 -2.91084 14
    endloop
  endfacet
  facet normal 0.676811 -0.20533 0.706941
    outer loop
      vertex 9.41214 -2.63784 16.2778
      vertex 10.196 -2.732 15.5
      vertex 9.44465 -2.53068 16.2778
    endloop
  endfacet
  facet normal 0.67682 -0.205286 0.706945
    outer loop
      vertex 10.196 -2.732 15.5
      vertex 9.41214 -2.63784 16.2778
      vertex 9.35917 -2.81248 16.2778
    endloop
  endfacet
  facet normal 0.676815 -0.205348 0.706933
    outer loop
      vertex 9.35917 -2.81248 16.2778
      vertex 9.99545 -3.393 15.5
      vertex 10.196 -2.732 15.5
    endloop
  endfacet
  facet normal 0.67683 -0.205322 0.706926
    outer loop
      vertex 9.99545 -3.393 15.5
      vertex 9.35917 -2.81248 16.2778
      vertex 9.25891 -3.14298 16.2778
    endloop
  endfacet
  facet normal 0.66196 -0.24915 -0.706918
    outer loop
      vertex 8.56635 -2.93396 14
      vertex 9.99545 -3.393 15.5
      vertex 9.75213 -4.03947 15.5
    endloop
  endfacet
  facet normal 0.661977 -0.2491 -0.706919
    outer loop
      vertex 9.99545 -3.393 15.5
      vertex 8.56635 -2.93396 14
      vertex 8.57505 -2.91084 14
    endloop
  endfacet
  facet normal 0.661965 -0.249142 -0.706916
    outer loop
      vertex 9.75213 -4.03947 15.5
      vertex 8.37502 -3.44232 14
      vertex 8.56635 -2.93396 14
    endloop
  endfacet
  facet normal 0.661981 -0.249102 -0.706915
    outer loop
      vertex 8.37502 -3.44232 14
      vertex 9.75213 -4.03947 15.5
      vertex 8.36632 -3.46544 14
    endloop
  endfacet
  facet normal 0.661963 -0.24912 0.706926
    outer loop
      vertex 9.21947 -3.24778 16.2778
      vertex 9.99545 -3.393 15.5
      vertex 9.25891 -3.14298 16.2778
    endloop
  endfacet
  facet normal 0.661947 -0.249175 0.706921
    outer loop
      vertex 9.99545 -3.393 15.5
      vertex 9.21947 -3.24778 16.2778
      vertex 9.15518 -3.41857 16.2778
    endloop
  endfacet
  facet normal 0.661952 -0.249147 0.706927
    outer loop
      vertex 9.15518 -3.41857 16.2778
      vertex 9.75213 -4.03947 15.5
      vertex 9.99545 -3.393 15.5
    endloop
  endfacet
  facet normal 0.661965 -0.249128 0.706921
    outer loop
      vertex 9.03353 -3.74181 16.2778
      vertex 9.75213 -4.03947 15.5
      vertex 9.15518 -3.41857 16.2778
    endloop
  endfacet
  facet normal 0 -0.933945 0.357416
    outer loop
      vertex 9.75213 -4.03947 15.5
      vertex 9.03353 -3.74181 16.2778
      vertex 9.03352 -3.74181 16.2778
    endloop
  endfacet
  facet normal 0.644252 -0.291903 -0.706917
    outer loop
      vertex 8.35612 -3.48794 14
      vertex 9.75213 -4.03947 15.5
      vertex 9.46706 -4.66864 15.5
    endloop
  endfacet
  facet normal 0.644196 -0.292036 -0.706914
    outer loop
      vertex 9.75213 -4.03947 15.5
      vertex 8.35612 -3.48794 14
      vertex 8.36632 -3.46544 14
    endloop
  endfacet
  facet normal 0.644252 -0.291903 -0.706917
    outer loop
      vertex 9.46706 -4.66864 15.5
      vertex 8.13195 -3.9827 14
      vertex 8.35612 -3.48794 14
    endloop
  endfacet
  facet normal 0.64419 -0.292033 -0.706921
    outer loop
      vertex 8.13195 -3.9827 14
      vertex 9.46706 -4.66864 15.5
      vertex 8.12175 -4.0052 14
    endloop
  endfacet
  facet normal 0.644242 -0.291905 0.706926
    outer loop
      vertex 9.75213 -4.03947 15.5
      vertex 9.03352 -3.74181 16.2778
      vertex 8.91199 -4.01003 16.2778
    endloop
  endfacet
  facet normal 0.644243 -0.291899 0.706927
    outer loop
      vertex 8.91199 -4.01003 16.2778
      vertex 9.46706 -4.66864 15.5
      vertex 9.75213 -4.03947 15.5
    endloop
  endfacet
  facet normal 0.644251 -0.291888 0.706924
    outer loop
      vertex 9.46706 -4.66864 15.5
      vertex 8.91199 -4.01003 16.2778
      vertex 8.76946 -4.32462 16.2778
    endloop
  endfacet
  facet normal 0.623781 -0.333414 -0.706917
    outer loop
      vertex 8.11011 -4.02699 14
      vertex 9.46706 -4.66864 15.5
      vertex 9.14145 -5.27782 15.5
    endloop
  endfacet
  facet normal 0.623859 -0.333259 -0.706921
    outer loop
      vertex 9.46706 -4.66864 15.5
      vertex 8.11011 -4.02699 14
      vertex 8.12175 -4.0052 14
    endloop
  endfacet
  facet normal 0.623773 -0.333424 -0.706919
    outer loop
      vertex 9.14145 -5.27782 15.5
      vertex 7.85405 -4.50603 14
      vertex 8.11011 -4.02699 14
    endloop
  endfacet
  facet normal 0.623865 -0.333262 -0.706915
    outer loop
      vertex 7.85405 -4.50603 14
      vertex 9.14145 -5.27782 15.5
      vertex 7.84241 -4.52782 14
    endloop
  endfacet
  facet normal 0.623756 -0.333449 0.706923
    outer loop
      vertex 8.71667 -4.42337 16.2778
      vertex 9.46706 -4.66864 15.5
      vertex 8.76946 -4.32462 16.2778
    endloop
  endfacet
  facet normal 0.623771 -0.333414 0.706927
    outer loop
      vertex 9.46706 -4.66864 15.5
      vertex 8.71667 -4.42337 16.2778
      vertex 8.63064 -4.58432 16.2778
    endloop
  endfacet
  facet normal 0.623772 -0.333409 0.706928
    outer loop
      vertex 8.63064 -4.58432 16.2778
      vertex 9.14145 -5.27782 15.5
      vertex 9.46706 -4.66864 15.5
    endloop
  endfacet
  facet normal 0.623778 -0.333402 0.706926
    outer loop
      vertex 9.14145 -5.27782 15.5
      vertex 8.63064 -4.58432 16.2778
      vertex 8.46784 -4.88891 16.2778
    endloop
  endfacet
  facet normal 0.600636 -0.373501 -0.706919
    outer loop
      vertex 7.82936 -4.5488 14
      vertex 9.14145 -5.27782 15.5
      vertex 8.77669 -5.8644 15.5
    endloop
  endfacet
  facet normal 0.60059 -0.373579 -0.706916
    outer loop
      vertex 9.14145 -5.27782 15.5
      vertex 7.82936 -4.5488 14
      vertex 7.84241 -4.52782 14
    endloop
  endfacet
  facet normal 0.600637 -0.3735 -0.706918
    outer loop
      vertex 8.77669 -5.8644 15.5
      vertex 7.54253 -5.01006 14
      vertex 7.82936 -4.5488 14
    endloop
  endfacet
  facet normal 0.600586 -0.373577 -0.706921
    outer loop
      vertex 7.54253 -5.01006 14
      vertex 8.77669 -5.8644 15.5
      vertex 7.52948 -5.03104 14
    endloop
  endfacet
  facet normal 0.600632 -0.373492 0.706926
    outer loop
      vertex 8.40871 -4.984 16.2778
      vertex 9.14145 -5.27782 15.5
      vertex 8.46784 -4.88891 16.2778
    endloop
  endfacet
  facet normal 0.600625 -0.373506 0.706924
    outer loop
      vertex 9.14145 -5.27782 15.5
      vertex 8.40871 -4.984 16.2778
      vertex 8.31234 -5.13897 16.2778
    endloop
  endfacet
  facet normal 0.600629 -0.373496 0.706927
    outer loop
      vertex 8.31234 -5.13897 16.2778
      vertex 8.77669 -5.8644 15.5
      vertex 9.14145 -5.27782 15.5
    endloop
  endfacet
  facet normal 0.600629 -0.373496 0.706927
    outer loop
      vertex 8.77669 -5.8644 15.5
      vertex 8.31234 -5.13897 16.2778
      vertex 8.12996 -5.43226 16.2778
    endloop
  endfacet
  facet normal 0.574922 -0.411987 -0.706917
    outer loop
      vertex 7.5151 -5.05112 14
      vertex 8.77669 -5.8644 15.5
      vertex 8.37435 -6.42586 15.5
    endloop
  endfacet
  facet normal 0.575043 -0.411809 -0.706923
    outer loop
      vertex 8.77669 -5.8644 15.5
      vertex 7.5151 -5.05112 14
      vertex 7.52948 -5.03104 14
    endloop
  endfacet
  facet normal 0.574923 -0.411986 -0.706917
    outer loop
      vertex 8.37435 -6.42586 15.5
      vertex 7.19871 -5.49264 14
      vertex 7.5151 -5.05112 14
    endloop
  endfacet
  facet normal 0.574911 -0.412001 -0.706917
    outer loop
      vertex 7.19871 -5.49264 14
      vertex 8.37435 -6.42586 15.5
      vertex 7.18432 -5.51272 14
    endloop
  endfacet
  facet normal 0.574898 -0.412004 0.706926
    outer loop
      vertex 8.06473 -5.52328 16.2778
      vertex 8.77669 -5.8644 15.5
      vertex 8.12996 -5.43226 16.2778
    endloop
  endfacet
  facet normal 0.574912 -0.41198 0.706929
    outer loop
      vertex 8.77669 -5.8644 15.5
      vertex 8.06473 -5.52328 16.2778
      vertex 7.95843 -5.67162 16.2778
    endloop
  endfacet
  facet normal 0.574912 -0.41198 0.706929
    outer loop
      vertex 7.95843 -5.67162 16.2778
      vertex 8.37435 -6.42586 15.5
      vertex 8.77669 -5.8644 15.5
    endloop
  endfacet
  facet normal 0.574922 -0.411972 0.706926
    outer loop
      vertex 8.37435 -6.42586 15.5
      vertex 7.95843 -5.67162 16.2778
      vertex 7.75726 -5.95236 16.2778
    endloop
  endfacet
  facet normal 0.546749 -0.448704 -0.706916
    outer loop
      vertex 7.16865 -5.53182 14
      vertex 8.37435 -6.42586 15.5
      vertex 7.93615 -6.95981 15.5
    endloop
  endfacet
  facet normal 0.546816 -0.448618 -0.706919
    outer loop
      vertex 8.37435 -6.42586 15.5
      vertex 7.16865 -5.53182 14
      vertex 7.18432 -5.51272 14
    endloop
  endfacet
  facet normal 0.546745 -0.448707 -0.706917
    outer loop
      vertex 7.93615 -6.95981 15.5
      vertex 6.82406 -5.9517 14
      vertex 7.16865 -5.53182 14
    endloop
  endfacet
  facet normal 0.546701 -0.448758 -0.706919
    outer loop
      vertex 6.82406 -5.9517 14
      vertex 7.93615 -6.95981 15.5
      vertex 6.80839 -5.97079 14
    endloop
  endfacet
  facet normal 0.546765 -0.448668 0.706927
    outer loop
      vertex 7.68623 -6.03892 16.2778
      vertex 8.37435 -6.42586 15.5
      vertex 7.75726 -5.95236 16.2778
    endloop
  endfacet
  facet normal 0.546731 -0.448717 0.706921
    outer loop
      vertex 8.37435 -6.42586 15.5
      vertex 7.68623 -6.03892 16.2778
      vertex 7.57045 -6.17999 16.2778
    endloop
  endfacet
  facet normal 0.546742 -0.448698 0.706926
    outer loop
      vertex 7.57045 -6.17999 16.2778
      vertex 7.93615 -6.95981 15.5
      vertex 8.37435 -6.42586 15.5
    endloop
  endfacet
  facet normal 0.546736 -0.448702 0.706927
    outer loop
      vertex 7.93615 -6.95981 15.5
      vertex 7.57045 -6.17999 16.2778
      vertex 7.35135 -6.44696 16.2778
    endloop
  endfacet
  facet normal 0.516228 -0.483503 -0.706918
    outer loop
      vertex 6.7915 -5.98882 14
      vertex 7.93615 -6.95981 15.5
      vertex 7.46396 -7.46396 15.5
    endloop
  endfacet
  facet normal 0.516187 -0.483549 -0.706917
    outer loop
      vertex 7.93615 -6.95981 15.5
      vertex 6.7915 -5.98882 14
      vertex 6.80839 -5.97079 14
    endloop
  endfacet
  facet normal 0.516234 -0.483499 -0.706917
    outer loop
      vertex 7.46396 -7.46396 15.5
      vertex 6.42019 -6.38527 14
      vertex 6.7915 -5.98882 14
    endloop
  endfacet
  facet normal 0.516186 -0.483548 -0.706918
    outer loop
      vertex 6.42019 -6.38527 14
      vertex 7.46396 -7.46396 15.5
      vertex 6.4033 -6.4033 14
    endloop
  endfacet
  facet normal 0.516218 -0.483501 0.706927
    outer loop
      vertex 7.2748 -6.52869 16.2778
      vertex 7.93615 -6.95981 15.5
      vertex 7.35135 -6.44696 16.2778
    endloop
  endfacet
  facet normal 0.516232 -0.483483 0.706929
    outer loop
      vertex 7.93615 -6.95981 15.5
      vertex 7.2748 -6.52869 16.2778
      vertex 7.15005 -6.66189 16.2778
    endloop
  endfacet
  facet normal 0.516223 -0.483498 0.706925
    outer loop
      vertex 7.15005 -6.66189 16.2778
      vertex 7.46396 -7.46396 15.5
      vertex 7.93615 -6.95981 15.5
    endloop
  endfacet
  facet normal 0.516224 -0.483497 0.706925
    outer loop
      vertex 7.46396 -7.46396 15.5
      vertex 7.15005 -6.66189 16.2778
      vertex 6.91396 -6.91396 16.2778
    endloop
  endfacet
  facet normal 0.483504 -0.516229 -0.706917
    outer loop
      vertex 6.38527 -6.42019 14
      vertex 7.46396 -7.46396 15.5
      vertex 6.95981 -7.93615 15.5
    endloop
  endfacet
  facet normal 0.483548 -0.516186 -0.706918
    outer loop
      vertex 7.46396 -7.46396 15.5
      vertex 6.38527 -6.42019 14
      vertex 6.4033 -6.4033 14
    endloop
  endfacet
  facet normal 0.483497 -0.516233 -0.706918
    outer loop
      vertex 6.95981 -7.93615 15.5
      vertex 5.98882 -6.7915 14
      vertex 6.38527 -6.42019 14
    endloop
  endfacet
  facet normal 0.483549 -0.516187 -0.706917
    outer loop
      vertex 5.98882 -6.7915 14
      vertex 6.95981 -7.93615 15.5
      vertex 5.97079 -6.80839 14
    endloop
  endfacet
  facet normal 0.483502 -0.516219 0.706925
    outer loop
      vertex 6.83223 -6.99051 16.2778
      vertex 7.46396 -7.46396 15.5
      vertex 6.91396 -6.91396 16.2778
    endloop
  endfacet
  facet normal 0.483505 -0.516216 0.706926
    outer loop
      vertex 7.46396 -7.46396 15.5
      vertex 6.83223 -6.99051 16.2778
      vertex 6.69904 -7.11526 16.2778
    endloop
  endfacet
  facet normal 0.483499 -0.516224 0.706924
    outer loop
      vertex 6.69904 -7.11526 16.2778
      vertex 6.95981 -7.93615 15.5
      vertex 7.46396 -7.46396 15.5
    endloop
  endfacet
  facet normal 0.483486 -0.516232 0.706927
    outer loop
      vertex 6.95981 -7.93615 15.5
      vertex 6.69904 -7.11526 16.2778
      vertex 6.44696 -7.35135 16.2778
    endloop
  endfacet
  facet normal 0.448703 -0.546748 -0.706917
    outer loop
      vertex 5.9517 -6.82406 14
      vertex 6.95981 -7.93615 15.5
      vertex 6.42586 -8.37435 15.5
    endloop
  endfacet
  facet normal 0.448758 -0.546701 -0.706919
    outer loop
      vertex 6.95981 -7.93615 15.5
      vertex 5.9517 -6.82406 14
      vertex 5.97079 -6.80839 14
    endloop
  endfacet
  facet normal 0.448707 -0.546746 -0.706916
    outer loop
      vertex 6.42586 -8.37435 15.5
      vertex 5.53182 -7.16865 14
      vertex 5.9517 -6.82406 14
    endloop
  endfacet
  facet normal 0.448618 -0.546816 -0.706919
    outer loop
      vertex 5.53182 -7.16865 14
      vertex 6.42586 -8.37435 15.5
      vertex 5.51272 -7.18432 14
    endloop
  endfacet
  facet normal 0.448705 -0.546733 0.706927
    outer loop
      vertex 6.3604 -7.42239 16.2778
      vertex 6.95981 -7.93615 15.5
      vertex 6.44696 -7.35135 16.2778
    endloop
  endfacet
  facet normal 0.448691 -0.546747 0.706926
    outer loop
      vertex 6.95981 -7.93615 15.5
      vertex 6.3604 -7.42239 16.2778
      vertex 6.21933 -7.53816 16.2778
    endloop
  endfacet
  facet normal 0.448697 -0.54674 0.706927
    outer loop
      vertex 6.21933 -7.53816 16.2778
      vertex 6.42586 -8.37435 15.5
      vertex 6.95981 -7.93615 15.5
    endloop
  endfacet
  facet normal 0.448703 -0.546737 0.706926
    outer loop
      vertex 6.42586 -8.37435 15.5
      vertex 6.21933 -7.53816 16.2778
      vertex 5.95236 -7.75726 16.2778
    endloop
  endfacet
  facet normal 0.411987 -0.574922 -0.706917
    outer loop
      vertex 5.49264 -7.19871 14
      vertex 6.42586 -8.37435 15.5
      vertex 5.8644 -8.77669 15.5
    endloop
  endfacet
  facet normal 0.412001 -0.574911 -0.706917
    outer loop
      vertex 6.42586 -8.37435 15.5
      vertex 5.49264 -7.19871 14
      vertex 5.51272 -7.18432 14
    endloop
  endfacet
  facet normal 0.411985 -0.574923 -0.706917
    outer loop
      vertex 5.8644 -8.77669 15.5
      vertex 5.05112 -7.5151 14
      vertex 5.49264 -7.19871 14
    endloop
  endfacet
  facet normal 0.411809 -0.575043 -0.706923
    outer loop
      vertex 5.05112 -7.5151 14
      vertex 5.8644 -8.77669 15.5
      vertex 5.03104 -7.52948 14
    endloop
  endfacet
  facet normal 0.412004 -0.574898 0.706927
    outer loop
      vertex 5.86134 -7.82249 16.2778
      vertex 6.42586 -8.37435 15.5
      vertex 5.95236 -7.75726 16.2778
    endloop
  endfacet
  facet normal 0.411983 -0.574916 0.706924
    outer loop
      vertex 6.42586 -8.37435 15.5
      vertex 5.86134 -7.82249 16.2778
      vertex 5.713 -7.92879 16.2778
    endloop
  endfacet
  facet normal 0.411983 -0.574916 0.706924
    outer loop
      vertex 5.713 -7.92879 16.2778
      vertex 5.8644 -8.77669 15.5
      vertex 6.42586 -8.37435 15.5
    endloop
  endfacet
  facet normal 0.411971 -0.574921 0.706927
    outer loop
      vertex 5.8644 -8.77669 15.5
      vertex 5.713 -7.92879 16.2778
      vertex 5.43226 -8.12996 16.2778
    endloop
  endfacet
  facet normal 0.373501 -0.600636 -0.706918
    outer loop
      vertex 5.01006 -7.54253 14
      vertex 5.8644 -8.77669 15.5
      vertex 5.27782 -9.14145 15.5
    endloop
  endfacet
  facet normal 0.373577 -0.600586 -0.706921
    outer loop
      vertex 5.8644 -8.77669 15.5
      vertex 5.01006 -7.54253 14
      vertex 5.03104 -7.52948 14
    endloop
  endfacet
  facet normal 0.3735 -0.600636 -0.706919
    outer loop
      vertex 5.27782 -9.14145 15.5
      vertex 4.5488 -7.82936 14
      vertex 5.01006 -7.54253 14
    endloop
  endfacet
  facet normal 0.373579 -0.60059 -0.706916
    outer loop
      vertex 4.5488 -7.82936 14
      vertex 5.27782 -9.14145 15.5
      vertex 4.52782 -7.84241 14
    endloop
  endfacet
  facet normal 0.373492 -0.600632 0.706927
    outer loop
      vertex 5.33717 -8.18909 16.2778
      vertex 5.8644 -8.77669 15.5
      vertex 5.43226 -8.12996 16.2778
    endloop
  endfacet
  facet normal 0.373504 -0.600622 0.706928
    outer loop
      vertex 5.8644 -8.77669 15.5
      vertex 5.33717 -8.18909 16.2778
      vertex 5.1822 -8.28546 16.2778
    endloop
  endfacet
  facet normal 0.373497 -0.60063 0.706926
    outer loop
      vertex 5.1822 -8.28546 16.2778
      vertex 5.27782 -9.14145 15.5
      vertex 5.8644 -8.77669 15.5
    endloop
  endfacet
  facet normal 0.373497 -0.60063 0.706926
    outer loop
      vertex 5.27782 -9.14145 15.5
      vertex 5.1822 -8.28546 16.2778
      vertex 4.88891 -8.46784 16.2778
    endloop
  endfacet
  facet normal 0.333413 -0.623779 -0.706919
    outer loop
      vertex 4.50603 -7.85405 14
      vertex 5.27782 -9.14145 15.5
      vertex 4.66864 -9.46706 15.5
    endloop
  endfacet
  facet normal 0.333262 -0.623865 -0.706915
    outer loop
      vertex 5.27782 -9.14145 15.5
      vertex 4.50603 -7.85405 14
      vertex 4.52782 -7.84241 14
    endloop
  endfacet
  facet normal 0.333425 -0.623776 -0.706917
    outer loop
      vertex 4.66864 -9.46706 15.5
      vertex 4.02699 -8.11011 14
      vertex 4.50603 -7.85405 14
    endloop
  endfacet
  facet normal 0.333259 -0.623859 -0.706921
    outer loop
      vertex 4.02699 -8.11011 14
      vertex 4.66864 -9.46706 15.5
      vertex 4.0052 -8.12175 14
    endloop
  endfacet
  facet normal 0.333373 -0.623795 0.706925
    outer loop
      vertex 4.79015 -8.52062 16.2778
      vertex 5.27782 -9.14145 15.5
      vertex 4.88891 -8.46784 16.2778
    endloop
  endfacet
  facet normal 0.333428 -0.623758 0.706931
    outer loop
      vertex 5.27782 -9.14145 15.5
      vertex 4.79015 -8.52062 16.2778
      vertex 4.62921 -8.60665 16.2778
    endloop
  endfacet
  facet normal 0.33341 -0.623773 0.706926
    outer loop
      vertex 4.62921 -8.60665 16.2778
      vertex 4.66864 -9.46706 15.5
      vertex 5.27782 -9.14145 15.5
    endloop
  endfacet
  facet normal 0.333419 -0.623771 0.706924
    outer loop
      vertex 4.66864 -9.46706 15.5
      vertex 4.62921 -8.60665 16.2778
      vertex 4.32462 -8.76946 16.2778
    endloop
  endfacet
  facet normal 0.291903 -0.644252 -0.706917
    outer loop
      vertex 3.9827 -8.13195 14
      vertex 4.66864 -9.46706 15.5
      vertex 4.03947 -9.75213 15.5
    endloop
  endfacet
  facet normal 0.292033 -0.64419 -0.706921
    outer loop
      vertex 4.66864 -9.46706 15.5
      vertex 3.9827 -8.13195 14
      vertex 4.0052 -8.12175 14
    endloop
  endfacet
  facet normal 0.291903 -0.644252 -0.706917
    outer loop
      vertex 4.03947 -9.75213 15.5
      vertex 3.48794 -8.35612 14
      vertex 3.9827 -8.13195 14
    endloop
  endfacet
  facet normal 0.292036 -0.644196 -0.706914
    outer loop
      vertex 3.48794 -8.35612 14
      vertex 4.03947 -9.75213 15.5
      vertex 3.46544 -8.36632 14
    endloop
  endfacet
  facet normal 0.291897 -0.644248 0.706924
    outer loop
      vertex 4.66864 -9.46706 15.5
      vertex 4.32462 -8.76946 16.2778
      vertex 4.05639 -8.89099 16.2778
    endloop
  endfacet
  facet normal 0.2919 -0.644245 0.706925
    outer loop
      vertex 4.05639 -8.89099 16.2778
      vertex 4.03947 -9.75213 15.5
      vertex 4.66864 -9.46706 15.5
    endloop
  endfacet
  facet normal 0.291895 -0.644246 0.706926
    outer loop
      vertex 4.03947 -9.75213 15.5
      vertex 4.05639 -8.89099 16.2778
      vertex 3.74181 -9.03352 16.2778
    endloop
  endfacet
  facet normal 0.249102 -0.661981 -0.706915
    outer loop
      vertex 4.03947 -9.75213 15.5
      vertex 3.44232 -8.37502 14
      vertex 3.46544 -8.36632 14
    endloop
  endfacet
  facet normal 0.249151 -0.661962 -0.706916
    outer loop
      vertex 3.44232 -8.37502 14
      vertex 4.03947 -9.75213 15.5
      vertex 3.393 -9.99545 15.5
    endloop
  endfacet
  facet normal 0.249141 -0.661963 -0.706918
    outer loop
      vertex 3.393 -9.99545 15.5
      vertex 2.93396 -8.56635 14
      vertex 3.44232 -8.37502 14
    endloop
  endfacet
  facet normal 0.2491 -0.661977 -0.706919
    outer loop
      vertex 2.93396 -8.56635 14
      vertex 3.393 -9.99545 15.5
      vertex 2.91084 -8.57505 14
    endloop
  endfacet
  facet normal 0.933945 -0 0.357416
    outer loop
      vertex 3.74181 -9.03353 16.2778
      vertex 4.03947 -9.75213 15.5
      vertex 3.74181 -9.03352 16.2778
    endloop
  endfacet
  facet normal 0.249122 -0.661967 0.706921
    outer loop
      vertex 3.63701 -9.07297 16.2778
      vertex 4.03947 -9.75213 15.5
      vertex 3.74181 -9.03353 16.2778
    endloop
  endfacet
  facet normal 0.249128 -0.661964 0.706922
    outer loop
      vertex 4.03947 -9.75213 15.5
      vertex 3.63701 -9.07297 16.2778
      vertex 3.46621 -9.13725 16.2778
    endloop
  endfacet
  facet normal 0.249147 -0.661952 0.706926
    outer loop
      vertex 3.46621 -9.13725 16.2778
      vertex 3.393 -9.99545 15.5
      vertex 4.03947 -9.75213 15.5
    endloop
  endfacet
  facet normal 0.249151 -0.661952 0.706926
    outer loop
      vertex 3.14298 -9.25891 16.2778
      vertex 3.393 -9.99545 15.5
      vertex 3.46621 -9.13725 16.2778
    endloop
  endfacet
  facet normal 0.205288 -0.676848 -0.706918
    outer loop
      vertex 3.393 -9.99545 15.5
      vertex 2.8872 -8.58222 14
      vertex 2.91084 -8.57505 14
    endloop
  endfacet
  facet normal 0.205352 -0.676827 -0.70692
    outer loop
      vertex 2.8872 -8.58222 14
      vertex 3.393 -9.99545 15.5
      vertex 2.732 -10.196 15.5
    endloop
  endfacet
  facet normal 0.205319 -0.67683 -0.706926
    outer loop
      vertex 2.732 -10.196 15.5
      vertex 2.36741 -8.7399 14
      vertex 2.8872 -8.58222 14
    endloop
  endfacet
  facet normal 0.205285 -0.67684 -0.706927
    outer loop
      vertex 2.36741 -8.7399 14
      vertex 2.732 -10.196 15.5
      vertex 2.34377 -8.74707 14
    endloop
  endfacet
  facet normal 0.205277 -0.676844 0.706925
    outer loop
      vertex 3.03582 -9.29141 16.2778
      vertex 3.393 -9.99545 15.5
      vertex 3.14298 -9.25891 16.2778
    endloop
  endfacet
  facet normal 0.205326 -0.676825 0.70693
    outer loop
      vertex 3.393 -9.99545 15.5
      vertex 3.03582 -9.29141 16.2778
      vertex 2.86118 -9.34439 16.2778
    endloop
  endfacet
  facet normal 0.205348 -0.676813 0.706935
    outer loop
      vertex 2.86118 -9.34439 16.2778
      vertex 2.732 -10.196 15.5
      vertex 3.393 -9.99545 15.5
    endloop
  endfacet
  facet normal 0.205318 -0.676815 0.706942
    outer loop
      vertex 2.732 -10.196 15.5
      vertex 2.86118 -9.34439 16.2778
      vertex 2.53068 -9.44465 16.2778
    endloop
  endfacet
  facet normal 0.160608 -0.68881 -0.706927
    outer loop
      vertex 2.732 -10.196 15.5
      vertex 2.31971 -8.75268 14
      vertex 2.34377 -8.74707 14
    endloop
  endfacet
  facet normal 0.160558 -0.688823 -0.706926
    outer loop
      vertex 2.31971 -8.75268 14
      vertex 2.732 -10.196 15.5
      vertex 2.0593 -10.3528 15.5
    endloop
  endfacet
  facet normal 0.160607 -0.688822 -0.706916
    outer loop
      vertex 2.0593 -10.3528 15.5
      vertex 1.79072 -8.87602 14
      vertex 2.31971 -8.75268 14
    endloop
  endfacet
  facet normal 0.160674 -0.688808 -0.706914
    outer loop
      vertex 1.79072 -8.87602 14
      vertex 2.0593 -10.3528 15.5
      vertex 1.76667 -8.88163 14
    endloop
  endfacet
  facet normal 0.160563 -0.688806 0.706941
    outer loop
      vertex 2.42163 -9.47007 16.2778
      vertex 2.732 -10.196 15.5
      vertex 2.53068 -9.44465 16.2778
    endloop
  endfacet
  facet normal 0.160609 -0.688791 0.706945
    outer loop
      vertex 2.732 -10.196 15.5
      vertex 2.42163 -9.47007 16.2778
      vertex 2.24391 -9.51151 16.2778
    endloop
  endfacet
  facet normal 0.160556 -0.688815 0.706934
    outer loop
      vertex 2.24391 -9.51151 16.2778
      vertex 2.0593 -10.3528 15.5
      vertex 2.732 -10.196 15.5
    endloop
  endfacet
  facet normal 0.160618 -0.688816 0.706919
    outer loop
      vertex 1.90756 -9.58994 16.2778
      vertex 2.0593 -10.3528 15.5
      vertex 2.24391 -9.51151 16.2778
    endloop
  endfacet
  facet normal 0.11535 -0.697827 -0.706918
    outer loop
      vertex 2.0593 -10.3528 15.5
      vertex 1.74229 -8.88566 14
      vertex 1.76667 -8.88163 14
    endloop
  endfacet
  facet normal 0.115198 -0.697855 -0.706914
    outer loop
      vertex 1.74229 -8.88566 14
      vertex 2.0593 -10.3528 15.5
      vertex 1.37779 -10.4653 15.5
    endloop
  endfacet
  facet normal 0.115216 -0.697856 -0.70691
    outer loop
      vertex 1.37779 -10.4653 15.5
      vertex 1.20637 -8.97414 14
      vertex 1.74229 -8.88566 14
    endloop
  endfacet
  facet normal 0.115118 -0.69787 -0.706913
    outer loop
      vertex 1.20637 -8.97414 14
      vertex 1.37779 -10.4653 15.5
      vertex 1.182 -8.97816 14
    endloop
  endfacet
  facet normal 0.115213 -0.697847 0.70692
    outer loop
      vertex 1.79708 -9.60818 16.2778
      vertex 2.0593 -10.3528 15.5
      vertex 1.90756 -9.58994 16.2778
    endloop
  endfacet
  facet normal 0.115222 -0.697845 0.70692
    outer loop
      vertex 2.0593 -10.3528 15.5
      vertex 1.79708 -9.60818 16.2778
      vertex 1.61702 -9.63791 16.2778
    endloop
  endfacet
  facet normal 0.115198 -0.697854 0.706915
    outer loop
      vertex 1.61702 -9.63791 16.2778
      vertex 1.37779 -10.4653 15.5
      vertex 2.0593 -10.3528 15.5
    endloop
  endfacet
  facet normal 0.115217 -0.697855 0.706911
    outer loop
      vertex 1.37779 -10.4653 15.5
      vertex 1.61702 -9.63791 16.2778
      vertex 1.27626 -9.69417 16.2778
    endloop
  endfacet
  facet normal 0.0692739 -0.703903 -0.70691
    outer loop
      vertex 1.37779 -10.4653 15.5
      vertex 1.15741 -8.98058 14
      vertex 1.182 -8.97816 14
    endloop
  endfacet
  facet normal 0.0693229 -0.703897 -0.706911
    outer loop
      vertex 1.15741 -8.98058 14
      vertex 1.37779 -10.4653 15.5
      vertex 0.690372 -10.533 15.5
    endloop
  endfacet
  facet normal 0.0693273 -0.703897 -0.70691
    outer loop
      vertex 0.690372 -10.533 15.5
      vertex 0.616851 -9.03382 14
      vertex 1.15741 -8.98058 14
    endloop
  endfacet
  facet normal 0.069572 -0.703879 -0.706904
    outer loop
      vertex 0.616851 -9.03382 14
      vertex 0.690372 -10.533 15.5
      vertex 0.592266 -9.03625 14
    endloop
  endfacet
  facet normal 0.0692911 -0.703901 0.70691
    outer loop
      vertex 1.16482 -9.70514 16.2778
      vertex 1.37779 -10.4653 15.5
      vertex 1.27626 -9.69417 16.2778
    endloop
  endfacet
  facet normal 0.0693378 -0.703893 0.706914
    outer loop
      vertex 1.37779 -10.4653 15.5
      vertex 1.16482 -9.70514 16.2778
      vertex 0.983207 -9.72303 16.2778
    endloop
  endfacet
  facet normal 0.0693229 -0.703897 0.706911
    outer loop
      vertex 0.983207 -9.72303 16.2778
      vertex 0.690372 -10.533 15.5
      vertex 1.37779 -10.4653 15.5
    endloop
  endfacet
  facet normal 0.0693233 -0.703897 0.706911
    outer loop
      vertex 0.690372 -10.533 15.5
      vertex 0.983207 -9.72303 16.2778
      vertex 0.6395 -9.75688 16.2778
    endloop
  endfacet
  facet normal 0.0231419 -0.706925 -0.70691
    outer loop
      vertex 0.567576 -9.03705 14
      vertex 0.690372 -10.533 15.5
      vertex 0 -10.5556 15.5
    endloop
  endfacet
  facet normal 0.0229061 -0.706938 -0.706904
    outer loop
      vertex 0.690372 -10.533 15.5
      vertex 0.567576 -9.03705 14
      vertex 0.592266 -9.03625 14
    endloop
  endfacet
  facet normal 0.0229056 -0.706928 -0.706914
    outer loop
      vertex 0.0246901 -9.05483 14
      vertex 0 -10.5556 15.5
      vertex 0 -9.05563 14
    endloop
  endfacet
  facet normal 0.0231525 -0.706926 -0.706908
    outer loop
      vertex 0 -10.5556 15.5
      vertex 0.0246901 -9.05483 14
      vertex 0.567576 -9.03705 14
    endloop
  endfacet
  facet normal 0 -0.707871 0.706342
    outer loop
      vertex 0.639499 -9.75688 16.2778
      vertex 0.690372 -10.533 15.5
      vertex 0.6395 -9.75688 16.2778
    endloop
  endfacet
  facet normal 0.0231815 -0.706922 0.706911
    outer loop
      vertex 0.527582 -9.76055 16.2778
      vertex 0.690372 -10.533 15.5
      vertex 0.639499 -9.75688 16.2778
    endloop
  endfacet
  facet normal 0.0231384 -0.706927 0.706908
    outer loop
      vertex 0.690372 -10.533 15.5
      vertex 0.527582 -9.76055 16.2778
      vertex 0.345186 -9.76652 16.2778
    endloop
  endfacet
  facet normal 0.0231419 -0.706926 0.706908
    outer loop
      vertex 0 -10.5556 15.5
      vertex 0.345186 -9.76652 16.2778
      vertex 0 -9.77782 16.2778
    endloop
  endfacet
  facet normal 0.0231419 -0.706926 0.706908
    outer loop
      vertex 0.345186 -9.76652 16.2778
      vertex 0 -10.5556 15.5
      vertex 0.690372 -10.533 15.5
    endloop
  endfacet
  facet normal -0.0231419 -0.706926 -0.706908
    outer loop
      vertex -0.0246901 -9.05483 14
      vertex 0 -10.5556 15.5
      vertex -0.690372 -10.533 15.5
    endloop
  endfacet
  facet normal -0.0229056 -0.706928 -0.706914
    outer loop
      vertex 0 -10.5556 15.5
      vertex -0.0246901 -9.05483 14
      vertex 0 -9.05563 14
    endloop
  endfacet
  facet normal -0.0231524 -0.706924 -0.706911
    outer loop
      vertex -0.690372 -10.533 15.5
      vertex -0.567576 -9.03705 14
      vertex -0.0246901 -9.05483 14
    endloop
  endfacet
  facet normal -0.0229061 -0.706938 -0.706904
    outer loop
      vertex -0.567576 -9.03705 14
      vertex -0.690372 -10.533 15.5
      vertex -0.592266 -9.03625 14
    endloop
  endfacet
  facet normal -0.0231814 -0.706926 0.706908
    outer loop
      vertex -0.111918 -9.77415 16.2778
      vertex 0 -10.5556 15.5
      vertex 0 -9.77782 16.2778
    endloop
  endfacet
  facet normal -0.0231383 -0.706923 0.706911
    outer loop
      vertex 0 -10.5556 15.5
      vertex -0.111918 -9.77415 16.2778
      vertex -0.294314 -9.76818 16.2778
    endloop
  endfacet
  facet normal -0.0231419 -0.706924 0.706911
    outer loop
      vertex -0.690372 -10.533 15.5
      vertex -0.294314 -9.76818 16.2778
      vertex -0.639499 -9.75688 16.2778
    endloop
  endfacet
  facet normal 0 -0.707871 0.706342
    outer loop
      vertex -0.690372 -10.533 15.5
      vertex -0.639499 -9.75688 16.2778
      vertex -0.6395 -9.75688 16.2778
    endloop
  endfacet
  facet normal -0.0231418 -0.706924 0.706911
    outer loop
      vertex -0.294314 -9.76818 16.2778
      vertex -0.690372 -10.533 15.5
      vertex 0 -10.5556 15.5
    endloop
  endfacet
  facet normal -0.069572 -0.703879 -0.706904
    outer loop
      vertex -0.690372 -10.533 15.5
      vertex -0.616851 -9.03382 14
      vertex -0.592266 -9.03625 14
    endloop
  endfacet
  facet normal -0.069323 -0.703898 -0.706911
    outer loop
      vertex -0.616851 -9.03382 14
      vertex -0.690372 -10.533 15.5
      vertex -1.37779 -10.4653 15.5
    endloop
  endfacet
  facet normal -0.0693272 -0.703896 -0.706911
    outer loop
      vertex -1.37779 -10.4653 15.5
      vertex -1.15741 -8.98058 14
      vertex -0.616851 -9.03382 14
    endloop
  endfacet
  facet normal -0.0692739 -0.703903 -0.70691
    outer loop
      vertex -1.15741 -8.98058 14
      vertex -1.37779 -10.4653 15.5
      vertex -1.182 -8.97816 14
    endloop
  endfacet
  facet normal -0.0692922 -0.7039 0.706911
    outer loop
      vertex -0.750938 -9.74591 16.2778
      vertex -0.690372 -10.533 15.5
      vertex -0.6395 -9.75688 16.2778
    endloop
  endfacet
  facet normal -0.0693377 -0.703899 0.706907
    outer loop
      vertex -0.690372 -10.533 15.5
      vertex -0.750938 -9.74591 16.2778
      vertex -0.932553 -9.72802 16.2778
    endloop
  endfacet
  facet normal -0.0693234 -0.703898 0.70691
    outer loop
      vertex -1.37779 -10.4653 15.5
      vertex -0.932553 -9.72802 16.2778
      vertex -1.27626 -9.69417 16.2778
    endloop
  endfacet
  facet normal -0.069323 -0.703898 0.70691
    outer loop
      vertex -0.932553 -9.72802 16.2778
      vertex -1.37779 -10.4653 15.5
      vertex -0.690372 -10.533 15.5
    endloop
  endfacet
  facet normal -0.115118 -0.69787 -0.706913
    outer loop
      vertex -1.37779 -10.4653 15.5
      vertex -1.20637 -8.97414 14
      vertex -1.182 -8.97816 14
    endloop
  endfacet
  facet normal -0.115199 -0.697859 -0.706911
    outer loop
      vertex -1.20637 -8.97414 14
      vertex -1.37779 -10.4653 15.5
      vertex -2.0593 -10.3528 15.5
    endloop
  endfacet
  facet normal -0.115215 -0.697852 -0.706914
    outer loop
      vertex -2.0593 -10.3528 15.5
      vertex -1.74229 -8.88566 14
      vertex -1.20637 -8.97414 14
    endloop
  endfacet
  facet normal -0.11535 -0.697827 -0.706918
    outer loop
      vertex -1.74229 -8.88566 14
      vertex -2.0593 -10.3528 15.5
      vertex -1.76667 -8.88163 14
    endloop
  endfacet
  facet normal -0.115214 -0.697856 0.706911
    outer loop
      vertex -1.38674 -9.67593 16.2778
      vertex -1.37779 -10.4653 15.5
      vertex -1.27626 -9.69417 16.2778
    endloop
  endfacet
  facet normal -0.115224 -0.697855 0.70691
    outer loop
      vertex -1.37779 -10.4653 15.5
      vertex -1.38674 -9.67593 16.2778
      vertex -1.5668 -9.6462 16.2778
    endloop
  endfacet
  facet normal -0.115216 -0.697847 0.70692
    outer loop
      vertex -2.0593 -10.3528 15.5
      vertex -1.5668 -9.6462 16.2778
      vertex -1.90756 -9.58994 16.2778
    endloop
  endfacet
  facet normal -0.115198 -0.697854 0.706915
    outer loop
      vertex -1.5668 -9.6462 16.2778
      vertex -2.0593 -10.3528 15.5
      vertex -1.37779 -10.4653 15.5
    endloop
  endfacet
  facet normal -0.160674 -0.688808 -0.706914
    outer loop
      vertex -2.0593 -10.3528 15.5
      vertex -1.79072 -8.87602 14
      vertex -1.76667 -8.88163 14
    endloop
  endfacet
  facet normal -0.16056 -0.688831 -0.706917
    outer loop
      vertex -1.79072 -8.87602 14
      vertex -2.0593 -10.3528 15.5
      vertex -2.732 -10.196 15.5
    endloop
  endfacet
  facet normal -0.160604 -0.688811 -0.706927
    outer loop
      vertex -2.732 -10.196 15.5
      vertex -2.31971 -8.75268 14
      vertex -1.79072 -8.87602 14
    endloop
  endfacet
  facet normal -0.160608 -0.68881 -0.706927
    outer loop
      vertex -2.31971 -8.75268 14
      vertex -2.732 -10.196 15.5
      vertex -2.34377 -8.74707 14
    endloop
  endfacet
  facet normal -0.160628 -0.688813 0.706919
    outer loop
      vertex -2.01661 -9.56451 16.2778
      vertex -2.0593 -10.3528 15.5
      vertex -1.90756 -9.58994 16.2778
    endloop
  endfacet
  facet normal -0.160606 -0.688816 0.706921
    outer loop
      vertex -2.0593 -10.3528 15.5
      vertex -2.01661 -9.56451 16.2778
      vertex -2.19434 -9.52307 16.2778
    endloop
  endfacet
  facet normal -0.160598 -0.688797 0.706942
    outer loop
      vertex -2.732 -10.196 15.5
      vertex -2.19434 -9.52307 16.2778
      vertex -2.53068 -9.44465 16.2778
    endloop
  endfacet
  facet normal -0.160557 -0.688818 0.706931
    outer loop
      vertex -2.19434 -9.52307 16.2778
      vertex -2.732 -10.196 15.5
      vertex -2.0593 -10.3528 15.5
    endloop
  endfacet
  facet normal -0.205285 -0.67684 -0.706927
    outer loop
      vertex -2.732 -10.196 15.5
      vertex -2.36741 -8.7399 14
      vertex -2.34377 -8.74707 14
    endloop
  endfacet
  facet normal -0.20535 -0.676822 -0.706926
    outer loop
      vertex -2.36741 -8.7399 14
      vertex -2.732 -10.196 15.5
      vertex -3.393 -9.99545 15.5
    endloop
  endfacet
  facet normal -0.205321 -0.676837 -0.706919
    outer loop
      vertex -3.393 -9.99545 15.5
      vertex -2.8872 -8.58222 14
      vertex -2.36741 -8.7399 14
    endloop
  endfacet
  facet normal -0.205288 -0.676848 -0.706918
    outer loop
      vertex -2.8872 -8.58222 14
      vertex -3.393 -9.99545 15.5
      vertex -2.91084 -8.57505 14
    endloop
  endfacet
  facet normal -0.20533 -0.676811 0.706941
    outer loop
      vertex -2.63784 -9.41214 16.2778
      vertex -2.732 -10.196 15.5
      vertex -2.53068 -9.44465 16.2778
    endloop
  endfacet
  facet normal -0.205286 -0.67682 0.706945
    outer loop
      vertex -2.732 -10.196 15.5
      vertex -2.63784 -9.41214 16.2778
      vertex -2.81248 -9.35917 16.2778
    endloop
  endfacet
  facet normal -0.205322 -0.67683 0.706926
    outer loop
      vertex -3.393 -9.99545 15.5
      vertex -2.81248 -9.35917 16.2778
      vertex -3.14298 -9.25891 16.2778
    endloop
  endfacet
  facet normal -0.205348 -0.676815 0.706933
    outer loop
      vertex -2.81248 -9.35917 16.2778
      vertex -3.393 -9.99545 15.5
      vertex -2.732 -10.196 15.5
    endloop
  endfacet
  facet normal -0.2491 -0.661977 -0.706919
    outer loop
      vertex -3.393 -9.99545 15.5
      vertex -2.93396 -8.56635 14
      vertex -2.91084 -8.57505 14
    endloop
  endfacet
  facet normal -0.24915 -0.66196 -0.706918
    outer loop
      vertex -2.93396 -8.56635 14
      vertex -3.393 -9.99545 15.5
      vertex -4.03947 -9.75213 15.5
    endloop
  endfacet
  facet normal -0.249142 -0.661965 -0.706916
    outer loop
      vertex -4.03947 -9.75213 15.5
      vertex -3.44232 -8.37502 14
      vertex -2.93396 -8.56635 14
    endloop
  endfacet
  facet normal -0.249102 -0.661981 -0.706915
    outer loop
      vertex -3.44232 -8.37502 14
      vertex -4.03947 -9.75213 15.5
      vertex -3.46544 -8.36632 14
    endloop
  endfacet
  facet normal -0.24912 -0.661963 0.706926
    outer loop
      vertex -3.24778 -9.21947 16.2778
      vertex -3.393 -9.99545 15.5
      vertex -3.14298 -9.25891 16.2778
    endloop
  endfacet
  facet normal -0.249175 -0.661947 0.706921
    outer loop
      vertex -3.393 -9.99545 15.5
      vertex -3.24778 -9.21947 16.2778
      vertex -3.41857 -9.15518 16.2778
    endloop
  endfacet
  facet normal -0.249128 -0.661965 0.706921
    outer loop
      vertex -4.03947 -9.75213 15.5
      vertex -3.41857 -9.15518 16.2778
      vertex -3.74181 -9.03353 16.2778
    endloop
  endfacet
  facet normal -0.249147 -0.661952 0.706927
    outer loop
      vertex -3.41857 -9.15518 16.2778
      vertex -4.03947 -9.75213 15.5
      vertex -3.393 -9.99545 15.5
    endloop
  endfacet
  facet normal -0.933945 0 0.357416
    outer loop
      vertex -4.03947 -9.75213 15.5
      vertex -3.74181 -9.03353 16.2778
      vertex -3.74181 -9.03352 16.2778
    endloop
  endfacet
  facet normal -0.292036 -0.644196 -0.706914
    outer loop
      vertex -4.03947 -9.75213 15.5
      vertex -3.48794 -8.35612 14
      vertex -3.46544 -8.36632 14
    endloop
  endfacet
  facet normal -0.291903 -0.644252 -0.706917
    outer loop
      vertex -3.48794 -8.35612 14
      vertex -4.03947 -9.75213 15.5
      vertex -4.66864 -9.46706 15.5
    endloop
  endfacet
  facet normal -0.292033 -0.64419 -0.706921
    outer loop
      vertex -3.9827 -8.13195 14
      vertex -4.66864 -9.46706 15.5
      vertex -4.0052 -8.12175 14
    endloop
  endfacet
  facet normal -0.291903 -0.644252 -0.706917
    outer loop
      vertex -4.66864 -9.46706 15.5
      vertex -3.9827 -8.13195 14
      vertex -3.48794 -8.35612 14
    endloop
  endfacet
  facet normal -0.291905 -0.644242 0.706926
    outer loop
      vertex -3.74181 -9.03352 16.2778
      vertex -4.01003 -8.91199 16.2778
      vertex -4.03947 -9.75213 15.5
    endloop
  endfacet
  facet normal -0.291888 -0.644251 0.706924
    outer loop
      vertex -4.66864 -9.46706 15.5
      vertex -4.01003 -8.91199 16.2778
      vertex -4.32462 -8.76946 16.2778
    endloop
  endfacet
  facet normal -0.291899 -0.644243 0.706927
    outer loop
      vertex -4.01003 -8.91199 16.2778
      vertex -4.66864 -9.46706 15.5
      vertex -4.03947 -9.75213 15.5
    endloop
  endfacet
  facet normal -0.333259 -0.623859 -0.706921
    outer loop
      vertex -4.66864 -9.46706 15.5
      vertex -4.02699 -8.11011 14
      vertex -4.0052 -8.12175 14
    endloop
  endfacet
  facet normal -0.333414 -0.623781 -0.706917
    outer loop
      vertex -4.02699 -8.11011 14
      vertex -4.66864 -9.46706 15.5
      vertex -5.27782 -9.14145 15.5
    endloop
  endfacet
  facet normal -0.333262 -0.623865 -0.706915
    outer loop
      vertex -4.50603 -7.85405 14
      vertex -5.27782 -9.14145 15.5
      vertex -4.52782 -7.84241 14
    endloop
  endfacet
  facet normal -0.333424 -0.623773 -0.706919
    outer loop
      vertex -5.27782 -9.14145 15.5
      vertex -4.50603 -7.85405 14
      vertex -4.02699 -8.11011 14
    endloop
  endfacet
  facet normal -0.333414 -0.623771 0.706927
    outer loop
      vertex -4.66864 -9.46706 15.5
      vertex -4.42337 -8.71667 16.2778
      vertex -4.58432 -8.63064 16.2778
    endloop
  endfacet
  facet normal -0.333449 -0.623756 0.706923
    outer loop
      vertex -4.42337 -8.71667 16.2778
      vertex -4.66864 -9.46706 15.5
      vertex -4.32462 -8.76946 16.2778
    endloop
  endfacet
  facet normal -0.333402 -0.623778 0.706926
    outer loop
      vertex -5.27782 -9.14145 15.5
      vertex -4.58432 -8.63064 16.2778
      vertex -4.88891 -8.46784 16.2778
    endloop
  endfacet
  facet normal -0.333409 -0.623772 0.706928
    outer loop
      vertex -4.58432 -8.63064 16.2778
      vertex -5.27782 -9.14145 15.5
      vertex -4.66864 -9.46706 15.5
    endloop
  endfacet
  facet normal -0.373579 -0.60059 -0.706916
    outer loop
      vertex -5.27782 -9.14145 15.5
      vertex -4.5488 -7.82936 14
      vertex -4.52782 -7.84241 14
    endloop
  endfacet
  facet normal -0.373501 -0.600636 -0.706919
    outer loop
      vertex -4.5488 -7.82936 14
      vertex -5.27782 -9.14145 15.5
      vertex -5.8644 -8.77669 15.5
    endloop
  endfacet
  facet normal -0.3735 -0.600637 -0.706918
    outer loop
      vertex -5.8644 -8.77669 15.5
      vertex -5.01006 -7.54253 14
      vertex -4.5488 -7.82936 14
    endloop
  endfacet
  facet normal -0.373577 -0.600586 -0.706921
    outer loop
      vertex -5.01006 -7.54253 14
      vertex -5.8644 -8.77669 15.5
      vertex -5.03104 -7.52948 14
    endloop
  endfacet
  facet normal -0.373506 -0.600625 0.706924
    outer loop
      vertex -5.27782 -9.14145 15.5
      vertex -4.984 -8.40871 16.2778
      vertex -5.13897 -8.31234 16.2778
    endloop
  endfacet
  facet normal -0.373492 -0.600632 0.706926
    outer loop
      vertex -4.984 -8.40871 16.2778
      vertex -5.27782 -9.14145 15.5
      vertex -4.88891 -8.46784 16.2778
    endloop
  endfacet
  facet normal -0.373496 -0.600629 0.706927
    outer loop
      vertex -5.8644 -8.77669 15.5
      vertex -5.13897 -8.31234 16.2778
      vertex -5.43226 -8.12996 16.2778
    endloop
  endfacet
  facet normal -0.373496 -0.600629 0.706927
    outer loop
      vertex -5.13897 -8.31234 16.2778
      vertex -5.8644 -8.77669 15.5
      vertex -5.27782 -9.14145 15.5
    endloop
  endfacet
  facet normal -0.411809 -0.575043 -0.706923
    outer loop
      vertex -5.8644 -8.77669 15.5
      vertex -5.05112 -7.5151 14
      vertex -5.03104 -7.52948 14
    endloop
  endfacet
  facet normal -0.411987 -0.574922 -0.706917
    outer loop
      vertex -5.05112 -7.5151 14
      vertex -5.8644 -8.77669 15.5
      vertex -6.42586 -8.37435 15.5
    endloop
  endfacet
  facet normal -0.412001 -0.574911 -0.706917
    outer loop
      vertex -5.49264 -7.19871 14
      vertex -6.42586 -8.37435 15.5
      vertex -5.51272 -7.18432 14
    endloop
  endfacet
  facet normal -0.411986 -0.574923 -0.706917
    outer loop
      vertex -6.42586 -8.37435 15.5
      vertex -5.49264 -7.19871 14
      vertex -5.05112 -7.5151 14
    endloop
  endfacet
  facet normal -0.41198 -0.574912 0.706929
    outer loop
      vertex -5.8644 -8.77669 15.5
      vertex -5.52328 -8.06473 16.2778
      vertex -5.67162 -7.95843 16.2778
    endloop
  endfacet
  facet normal -0.412004 -0.574898 0.706926
    outer loop
      vertex -5.52328 -8.06473 16.2778
      vertex -5.8644 -8.77669 15.5
      vertex -5.43226 -8.12996 16.2778
    endloop
  endfacet
  facet normal -0.411972 -0.574922 0.706926
    outer loop
      vertex -6.42586 -8.37435 15.5
      vertex -5.67162 -7.95843 16.2778
      vertex -5.95236 -7.75726 16.2778
    endloop
  endfacet
  facet normal -0.41198 -0.574912 0.706929
    outer loop
      vertex -5.67162 -7.95843 16.2778
      vertex -6.42586 -8.37435 15.5
      vertex -5.8644 -8.77669 15.5
    endloop
  endfacet
  facet normal -0.448618 -0.546816 -0.706919
    outer loop
      vertex -6.42586 -8.37435 15.5
      vertex -5.53182 -7.16865 14
      vertex -5.51272 -7.18432 14
    endloop
  endfacet
  facet normal -0.448704 -0.546749 -0.706916
    outer loop
      vertex -5.53182 -7.16865 14
      vertex -6.42586 -8.37435 15.5
      vertex -6.95981 -7.93615 15.5
    endloop
  endfacet
  facet normal -0.448758 -0.546701 -0.706919
    outer loop
      vertex -5.9517 -6.82406 14
      vertex -6.95981 -7.93615 15.5
      vertex -5.97079 -6.80839 14
    endloop
  endfacet
  facet normal -0.448707 -0.546745 -0.706917
    outer loop
      vertex -6.95981 -7.93615 15.5
      vertex -5.9517 -6.82406 14
      vertex -5.53182 -7.16865 14
    endloop
  endfacet
  facet normal -0.448668 -0.546765 0.706927
    outer loop
      vertex -6.03892 -7.68623 16.2778
      vertex -6.42586 -8.37435 15.5
      vertex -5.95236 -7.75726 16.2778
    endloop
  endfacet
  facet normal -0.448717 -0.546731 0.706921
    outer loop
      vertex -6.42586 -8.37435 15.5
      vertex -6.03892 -7.68623 16.2778
      vertex -6.17999 -7.57045 16.2778
    endloop
  endfacet
  facet normal -0.448702 -0.546736 0.706927
    outer loop
      vertex -6.95981 -7.93615 15.5
      vertex -6.17999 -7.57045 16.2778
      vertex -6.44696 -7.35135 16.2778
    endloop
  endfacet
  facet normal -0.448698 -0.546742 0.706926
    outer loop
      vertex -6.17999 -7.57045 16.2778
      vertex -6.95981 -7.93615 15.5
      vertex -6.42586 -8.37435 15.5
    endloop
  endfacet
  facet normal -0.483549 -0.516187 -0.706917
    outer loop
      vertex -6.95981 -7.93615 15.5
      vertex -5.98882 -6.7915 14
      vertex -5.97079 -6.80839 14
    endloop
  endfacet
  facet normal -0.483503 -0.516228 -0.706918
    outer loop
      vertex -5.98882 -6.7915 14
      vertex -6.95981 -7.93615 15.5
      vertex -7.46396 -7.46396 15.5
    endloop
  endfacet
  facet normal -0.483499 -0.516234 -0.706917
    outer loop
      vertex -7.46396 -7.46396 15.5
      vertex -6.38527 -6.42019 14
      vertex -5.98882 -6.7915 14
    endloop
  endfacet
  facet normal -0.483548 -0.516186 -0.706918
    outer loop
      vertex -6.38527 -6.42019 14
      vertex -7.46396 -7.46396 15.5
      vertex -6.4033 -6.4033 14
    endloop
  endfacet
  facet normal -0.483483 -0.516232 0.706929
    outer loop
      vertex -6.95981 -7.93615 15.5
      vertex -6.52869 -7.2748 16.2778
      vertex -6.66189 -7.15005 16.2778
    endloop
  endfacet
  facet normal -0.483501 -0.516218 0.706927
    outer loop
      vertex -6.52869 -7.2748 16.2778
      vertex -6.95981 -7.93615 15.5
      vertex -6.44696 -7.35135 16.2778
    endloop
  endfacet
  facet normal -0.483497 -0.516224 0.706925
    outer loop
      vertex -7.46396 -7.46396 15.5
      vertex -6.66189 -7.15005 16.2778
      vertex -6.91396 -6.91396 16.2778
    endloop
  endfacet
  facet normal -0.483498 -0.516223 0.706925
    outer loop
      vertex -6.66189 -7.15005 16.2778
      vertex -7.46396 -7.46396 15.5
      vertex -6.95981 -7.93615 15.5
    endloop
  endfacet
  facet normal -0.516186 -0.483548 -0.706918
    outer loop
      vertex -7.46396 -7.46396 15.5
      vertex -6.42019 -6.38527 14
      vertex -6.4033 -6.4033 14
    endloop
  endfacet
  facet normal -0.516229 -0.483504 -0.706917
    outer loop
      vertex -6.42019 -6.38527 14
      vertex -7.46396 -7.46396 15.5
      vertex -7.93615 -6.95981 15.5
    endloop
  endfacet
  facet normal -0.516233 -0.483497 -0.706918
    outer loop
      vertex -7.93615 -6.95981 15.5
      vertex -6.7915 -5.98882 14
      vertex -6.42019 -6.38527 14
    endloop
  endfacet
  facet normal -0.516187 -0.483549 -0.706917
    outer loop
      vertex -6.7915 -5.98882 14
      vertex -7.93615 -6.95981 15.5
      vertex -6.80839 -5.97079 14
    endloop
  endfacet
  facet normal -0.516219 -0.483502 0.706925
    outer loop
      vertex -6.99051 -6.83223 16.2778
      vertex -7.46396 -7.46396 15.5
      vertex -6.91396 -6.91396 16.2778
    endloop
  endfacet
  facet normal -0.516216 -0.483505 0.706926
    outer loop
      vertex -7.46396 -7.46396 15.5
      vertex -6.99051 -6.83223 16.2778
      vertex -7.11526 -6.69904 16.2778
    endloop
  endfacet
  facet normal -0.516232 -0.483486 0.706927
    outer loop
      vertex -7.93615 -6.95981 15.5
      vertex -7.11526 -6.69904 16.2778
      vertex -7.35135 -6.44696 16.2778
    endloop
  endfacet
  facet normal -0.516224 -0.483499 0.706924
    outer loop
      vertex -7.11526 -6.69904 16.2778
      vertex -7.93615 -6.95981 15.5
      vertex -7.46396 -7.46396 15.5
    endloop
  endfacet
  facet normal -0.546701 -0.448758 -0.706919
    outer loop
      vertex -7.93615 -6.95981 15.5
      vertex -6.82406 -5.9517 14
      vertex -6.80839 -5.97079 14
    endloop
  endfacet
  facet normal -0.546748 -0.448703 -0.706917
    outer loop
      vertex -6.82406 -5.9517 14
      vertex -7.93615 -6.95981 15.5
      vertex -8.37435 -6.42586 15.5
    endloop
  endfacet
  facet normal -0.546816 -0.448618 -0.706919
    outer loop
      vertex -7.16865 -5.53182 14
      vertex -8.37435 -6.42586 15.5
      vertex -7.18432 -5.51272 14
    endloop
  endfacet
  facet normal -0.546746 -0.448707 -0.706916
    outer loop
      vertex -8.37435 -6.42586 15.5
      vertex -7.16865 -5.53182 14
      vertex -6.82406 -5.9517 14
    endloop
  endfacet
  facet normal -0.546747 -0.448691 0.706926
    outer loop
      vertex -7.93615 -6.95981 15.5
      vertex -7.42239 -6.3604 16.2778
      vertex -7.53816 -6.21933 16.2778
    endloop
  endfacet
  facet normal -0.546733 -0.448705 0.706927
    outer loop
      vertex -7.42239 -6.3604 16.2778
      vertex -7.93615 -6.95981 15.5
      vertex -7.35135 -6.44696 16.2778
    endloop
  endfacet
  facet normal -0.546737 -0.448703 0.706926
    outer loop
      vertex -8.37435 -6.42586 15.5
      vertex -7.53816 -6.21933 16.2778
      vertex -7.75726 -5.95236 16.2778
    endloop
  endfacet
  facet normal -0.54674 -0.448697 0.706927
    outer loop
      vertex -7.53816 -6.21933 16.2778
      vertex -8.37435 -6.42586 15.5
      vertex -7.93615 -6.95981 15.5
    endloop
  endfacet
  facet normal -0.574911 -0.412001 -0.706917
    outer loop
      vertex -8.37435 -6.42586 15.5
      vertex -7.19871 -5.49264 14
      vertex -7.18432 -5.51272 14
    endloop
  endfacet
  facet normal -0.574922 -0.411987 -0.706917
    outer loop
      vertex -7.19871 -5.49264 14
      vertex -8.37435 -6.42586 15.5
      vertex -8.77669 -5.8644 15.5
    endloop
  endfacet
  facet normal -0.575043 -0.411809 -0.706923
    outer loop
      vertex -7.5151 -5.05112 14
      vertex -8.77669 -5.8644 15.5
      vertex -7.52948 -5.03104 14
    endloop
  endfacet
  facet normal -0.574923 -0.411985 -0.706917
    outer loop
      vertex -8.77669 -5.8644 15.5
      vertex -7.5151 -5.05112 14
      vertex -7.19871 -5.49264 14
    endloop
  endfacet
  facet normal -0.574916 -0.411983 0.706924
    outer loop
      vertex -8.37435 -6.42586 15.5
      vertex -7.82249 -5.86134 16.2778
      vertex -7.92879 -5.713 16.2778
    endloop
  endfacet
  facet normal -0.574898 -0.412004 0.706927
    outer loop
      vertex -7.82249 -5.86134 16.2778
      vertex -8.37435 -6.42586 15.5
      vertex -7.75726 -5.95236 16.2778
    endloop
  endfacet
  facet normal -0.574921 -0.411971 0.706927
    outer loop
      vertex -8.77669 -5.8644 15.5
      vertex -7.92879 -5.713 16.2778
      vertex -8.12996 -5.43226 16.2778
    endloop
  endfacet
  facet normal -0.574916 -0.411983 0.706924
    outer loop
      vertex -7.92879 -5.713 16.2778
      vertex -8.77669 -5.8644 15.5
      vertex -8.37435 -6.42586 15.5
    endloop
  endfacet
  facet normal -0.600586 -0.373577 -0.706921
    outer loop
      vertex -8.77669 -5.8644 15.5
      vertex -7.54253 -5.01006 14
      vertex -7.52948 -5.03104 14
    endloop
  endfacet
  facet normal -0.600636 -0.373501 -0.706918
    outer loop
      vertex -7.54253 -5.01006 14
      vertex -8.77669 -5.8644 15.5
      vertex -9.14145 -5.27782 15.5
    endloop
  endfacet
  facet normal -0.60059 -0.373579 -0.706916
    outer loop
      vertex -7.82936 -4.5488 14
      vertex -9.14145 -5.27782 15.5
      vertex -7.84241 -4.52782 14
    endloop
  endfacet
  facet normal -0.600636 -0.3735 -0.706919
    outer loop
      vertex -9.14145 -5.27782 15.5
      vertex -7.82936 -4.5488 14
      vertex -7.54253 -5.01006 14
    endloop
  endfacet
  facet normal -0.600622 -0.373504 0.706928
    outer loop
      vertex -8.77669 -5.8644 15.5
      vertex -8.18909 -5.33717 16.2778
      vertex -8.28546 -5.1822 16.2778
    endloop
  endfacet
  facet normal -0.600632 -0.373492 0.706927
    outer loop
      vertex -8.18909 -5.33717 16.2778
      vertex -8.77669 -5.8644 15.5
      vertex -8.12996 -5.43226 16.2778
    endloop
  endfacet
  facet normal -0.60063 -0.373497 0.706926
    outer loop
      vertex -9.14145 -5.27782 15.5
      vertex -8.28546 -5.1822 16.2778
      vertex -8.46784 -4.88891 16.2778
    endloop
  endfacet
  facet normal -0.60063 -0.373497 0.706926
    outer loop
      vertex -8.28546 -5.1822 16.2778
      vertex -9.14145 -5.27782 15.5
      vertex -8.77669 -5.8644 15.5
    endloop
  endfacet
  facet normal -0.623865 -0.333262 -0.706915
    outer loop
      vertex -9.14145 -5.27782 15.5
      vertex -7.85405 -4.50603 14
      vertex -7.84241 -4.52782 14
    endloop
  endfacet
  facet normal -0.623779 -0.333413 -0.706919
    outer loop
      vertex -7.85405 -4.50603 14
      vertex -9.14145 -5.27782 15.5
      vertex -9.46706 -4.66864 15.5
    endloop
  endfacet
  facet normal -0.623859 -0.333259 -0.706921
    outer loop
      vertex -8.11011 -4.02699 14
      vertex -9.46706 -4.66864 15.5
      vertex -8.12175 -4.0052 14
    endloop
  endfacet
  facet normal -0.623776 -0.333425 -0.706917
    outer loop
      vertex -9.46706 -4.66864 15.5
      vertex -8.11011 -4.02699 14
      vertex -7.85405 -4.50603 14
    endloop
  endfacet
  facet normal -0.623795 -0.333373 0.706925
    outer loop
      vertex -8.52062 -4.79015 16.2778
      vertex -9.14145 -5.27782 15.5
      vertex -8.46784 -4.88891 16.2778
    endloop
  endfacet
  facet normal -0.623758 -0.333428 0.706931
    outer loop
      vertex -9.14145 -5.27782 15.5
      vertex -8.52062 -4.79015 16.2778
      vertex -8.60665 -4.62921 16.2778
    endloop
  endfacet
  facet normal -0.623771 -0.333419 0.706924
    outer loop
      vertex -9.46706 -4.66864 15.5
      vertex -8.60665 -4.62921 16.2778
      vertex -8.76946 -4.32462 16.2778
    endloop
  endfacet
  facet normal -0.623773 -0.33341 0.706926
    outer loop
      vertex -8.60665 -4.62921 16.2778
      vertex -9.46706 -4.66864 15.5
      vertex -9.14145 -5.27782 15.5
    endloop
  endfacet
  facet normal -0.64419 -0.292033 -0.706921
    outer loop
      vertex -9.46706 -4.66864 15.5
      vertex -8.13195 -3.9827 14
      vertex -8.12175 -4.0052 14
    endloop
  endfacet
  facet normal -0.644252 -0.291903 -0.706917
    outer loop
      vertex -8.13195 -3.9827 14
      vertex -9.46706 -4.66864 15.5
      vertex -9.75213 -4.03947 15.5
    endloop
  endfacet
  facet normal -0.644252 -0.291903 -0.706917
    outer loop
      vertex -9.75213 -4.03947 15.5
      vertex -8.35612 -3.48794 14
      vertex -8.13195 -3.9827 14
    endloop
  endfacet
  facet normal -0.644196 -0.292036 -0.706914
    outer loop
      vertex -8.35612 -3.48794 14
      vertex -9.75213 -4.03947 15.5
      vertex -8.36632 -3.46544 14
    endloop
  endfacet
  facet normal -0.644248 -0.291897 0.706924
    outer loop
      vertex -8.76946 -4.32462 16.2778
      vertex -8.89099 -4.05639 16.2778
      vertex -9.46706 -4.66864 15.5
    endloop
  endfacet
  facet normal -0.644246 -0.291895 0.706926
    outer loop
      vertex -9.75213 -4.03947 15.5
      vertex -8.89099 -4.05639 16.2778
      vertex -9.03352 -3.74181 16.2778
    endloop
  endfacet
  facet normal -0.644245 -0.2919 0.706925
    outer loop
      vertex -8.89099 -4.05639 16.2778
      vertex -9.75213 -4.03947 15.5
      vertex -9.46706 -4.66864 15.5
    endloop
  endfacet
  facet normal -0.661981 -0.249102 -0.706915
    outer loop
      vertex -9.75213 -4.03947 15.5
      vertex -8.37502 -3.44232 14
      vertex -8.36632 -3.46544 14
    endloop
  endfacet
  facet normal -0.661962 -0.249151 -0.706916
    outer loop
      vertex -8.37502 -3.44232 14
      vertex -9.75213 -4.03947 15.5
      vertex -9.99545 -3.393 15.5
    endloop
  endfacet
  facet normal -0.661963 -0.249141 -0.706918
    outer loop
      vertex -9.99545 -3.393 15.5
      vertex -8.56635 -2.93396 14
      vertex -8.37502 -3.44232 14
    endloop
  endfacet
  facet normal -0.661977 -0.2491 -0.706919
    outer loop
      vertex -8.56635 -2.93396 14
      vertex -9.99545 -3.393 15.5
      vertex -8.57505 -2.91084 14
    endloop
  endfacet
  facet normal -0.661964 -0.249128 0.706922
    outer loop
      vertex -9.75213 -4.03947 15.5
      vertex -9.07297 -3.63701 16.2778
      vertex -9.13725 -3.46621 16.2778
    endloop
  endfacet
  facet normal 0 -0.933945 0.357416
    outer loop
      vertex -9.03353 -3.74181 16.2778
      vertex -9.75213 -4.03947 15.5
      vertex -9.03352 -3.74181 16.2778
    endloop
  endfacet
  facet normal -0.661967 -0.249122 0.706921
    outer loop
      vertex -9.07297 -3.63701 16.2778
      vertex -9.75213 -4.03947 15.5
      vertex -9.03353 -3.74181 16.2778
    endloop
  endfacet
  facet normal -0.661953 -0.249148 0.706926
    outer loop
      vertex -9.25891 -3.14298 16.2778
      vertex -9.99545 -3.393 15.5
      vertex -9.75213 -4.03947 15.5
    endloop
  endfacet
  facet normal -0.66195 -0.24915 0.706927
    outer loop
      vertex -9.13725 -3.46621 16.2778
      vertex -9.25891 -3.14298 16.2778
      vertex -9.75213 -4.03947 15.5
    endloop
  endfacet
  facet normal -0.676848 -0.205288 -0.706918
    outer loop
      vertex -9.99545 -3.393 15.5
      vertex -8.58222 -2.8872 14
      vertex -8.57505 -2.91084 14
    endloop
  endfacet
  facet normal -0.676827 -0.205352 -0.70692
    outer loop
      vertex -8.58222 -2.8872 14
      vertex -9.99545 -3.393 15.5
      vertex -10.196 -2.732 15.5
    endloop
  endfacet
  facet normal -0.67683 -0.205319 -0.706926
    outer loop
      vertex -10.196 -2.732 15.5
      vertex -8.7399 -2.36741 14
      vertex -8.58222 -2.8872 14
    endloop
  endfacet
  facet normal -0.67684 -0.205285 -0.706927
    outer loop
      vertex -8.7399 -2.36741 14
      vertex -10.196 -2.732 15.5
      vertex -8.74707 -2.34377 14
    endloop
  endfacet
  facet normal -0.676825 -0.205326 0.70693
    outer loop
      vertex -9.99545 -3.393 15.5
      vertex -9.29141 -3.03582 16.2778
      vertex -9.34439 -2.86118 16.2778
    endloop
  endfacet
  facet normal -0.676844 -0.205277 0.706925
    outer loop
      vertex -9.29141 -3.03582 16.2778
      vertex -9.99545 -3.393 15.5
      vertex -9.25891 -3.14298 16.2778
    endloop
  endfacet
  facet normal -0.676815 -0.205318 0.706942
    outer loop
      vertex -10.196 -2.732 15.5
      vertex -9.34439 -2.86118 16.2778
      vertex -9.44465 -2.53068 16.2778
    endloop
  endfacet
  facet normal -0.676813 -0.205348 0.706935
    outer loop
      vertex -9.34439 -2.86118 16.2778
      vertex -10.196 -2.732 15.5
      vertex -9.99545 -3.393 15.5
    endloop
  endfacet
  facet normal -0.68881 -0.160608 -0.706927
    outer loop
      vertex -10.196 -2.732 15.5
      vertex -8.75268 -2.31971 14
      vertex -8.74707 -2.34377 14
    endloop
  endfacet
  facet normal -0.688823 -0.160558 -0.706926
    outer loop
      vertex -8.75268 -2.31971 14
      vertex -10.196 -2.732 15.5
      vertex -10.3528 -2.0593 15.5
    endloop
  endfacet
  facet normal -0.688808 -0.160674 -0.706914
    outer loop
      vertex -8.87602 -1.79072 14
      vertex -10.3528 -2.0593 15.5
      vertex -8.88163 -1.76667 14
    endloop
  endfacet
  facet normal -0.688822 -0.160607 -0.706916
    outer loop
      vertex -10.3528 -2.0593 15.5
      vertex -8.87602 -1.79072 14
      vertex -8.75268 -2.31971 14
    endloop
  endfacet
  facet normal -0.688806 -0.160563 0.706941
    outer loop
      vertex -9.47007 -2.42163 16.2778
      vertex -10.196 -2.732 15.5
      vertex -9.44465 -2.53068 16.2778
    endloop
  endfacet
  facet normal -0.688791 -0.160609 0.706945
    outer loop
      vertex -10.196 -2.732 15.5
      vertex -9.47007 -2.42163 16.2778
      vertex -9.51151 -2.24391 16.2778
    endloop
  endfacet
  facet normal -0.688828 -0.160559 0.70692
    outer loop
      vertex -9.58994 -1.90756 16.2778
      vertex -10.3528 -2.0593 15.5
      vertex -10.196 -2.732 15.5
    endloop
  endfacet
  facet normal -0.68879 -0.160612 0.706946
    outer loop
      vertex -9.51151 -2.24391 16.2778
      vertex -9.58994 -1.90756 16.2778
      vertex -10.196 -2.732 15.5
    endloop
  endfacet
  facet normal -0.697827 -0.11535 -0.706918
    outer loop
      vertex -10.3528 -2.0593 15.5
      vertex -8.88566 -1.74229 14
      vertex -8.88163 -1.76667 14
    endloop
  endfacet
  facet normal -0.697855 -0.115198 -0.706914
    outer loop
      vertex -8.88566 -1.74229 14
      vertex -10.3528 -2.0593 15.5
      vertex -10.4653 -1.37779 15.5
    endloop
  endfacet
  facet normal -0.69787 -0.115118 -0.706913
    outer loop
      vertex -8.97414 -1.20637 14
      vertex -10.4653 -1.37779 15.5
      vertex -8.97816 -1.182 14
    endloop
  endfacet
  facet normal -0.697856 -0.115216 -0.70691
    outer loop
      vertex -10.4653 -1.37779 15.5
      vertex -8.97414 -1.20637 14
      vertex -8.88566 -1.74229 14
    endloop
  endfacet
  facet normal -0.697847 -0.115213 0.70692
    outer loop
      vertex -9.60818 -1.79708 16.2778
      vertex -10.3528 -2.0593 15.5
      vertex -9.58994 -1.90756 16.2778
    endloop
  endfacet
  facet normal -0.697845 -0.115222 0.70692
    outer loop
      vertex -10.3528 -2.0593 15.5
      vertex -9.60818 -1.79708 16.2778
      vertex -9.63791 -1.61702 16.2778
    endloop
  endfacet
  facet normal -0.697855 -0.115217 0.706911
    outer loop
      vertex -10.4653 -1.37779 15.5
      vertex -9.63791 -1.61702 16.2778
      vertex -9.69417 -1.27626 16.2778
    endloop
  endfacet
  facet normal -0.697854 -0.115198 0.706915
    outer loop
      vertex -9.63791 -1.61702 16.2778
      vertex -10.4653 -1.37779 15.5
      vertex -10.3528 -2.0593 15.5
    endloop
  endfacet
  facet normal -0.703903 -0.0692739 -0.70691
    outer loop
      vertex -10.4653 -1.37779 15.5
      vertex -8.98058 -1.15741 14
      vertex -8.97816 -1.182 14
    endloop
  endfacet
  facet normal -0.703897 -0.0693229 -0.706911
    outer loop
      vertex -8.98058 -1.15741 14
      vertex -10.4653 -1.37779 15.5
      vertex -10.533 -0.690372 15.5
    endloop
  endfacet
  facet normal -0.703879 -0.069572 -0.706904
    outer loop
      vertex -9.03382 -0.616851 14
      vertex -10.533 -0.690372 15.5
      vertex -9.03625 -0.592266 14
    endloop
  endfacet
  facet normal -0.703897 -0.0693273 -0.70691
    outer loop
      vertex -10.533 -0.690372 15.5
      vertex -9.03382 -0.616851 14
      vertex -8.98058 -1.15741 14
    endloop
  endfacet
  facet normal -0.703901 -0.0692911 0.70691
    outer loop
      vertex -10.4653 -1.37779 15.5
      vertex -9.69417 -1.27626 16.2778
      vertex -9.70514 -1.16482 16.2778
    endloop
  endfacet
  facet normal -0.703893 -0.0693378 0.706914
    outer loop
      vertex -10.4653 -1.37779 15.5
      vertex -9.70514 -1.16482 16.2778
      vertex -9.72303 -0.983207 16.2778
    endloop
  endfacet
  facet normal -0.703897 -0.0693233 0.706911
    outer loop
      vertex -10.533 -0.690372 15.5
      vertex -9.72303 -0.983207 16.2778
      vertex -9.75688 -0.6395 16.2778
    endloop
  endfacet
  facet normal -0.703897 -0.0693229 0.706911
    outer loop
      vertex -9.72303 -0.983207 16.2778
      vertex -10.533 -0.690372 15.5
      vertex -10.4653 -1.37779 15.5
    endloop
  endfacet
  facet normal -0.706938 -0.0229061 -0.706904
    outer loop
      vertex -10.533 -0.690372 15.5
      vertex -9.03705 -0.567576 14
      vertex -9.03625 -0.592266 14
    endloop
  endfacet
  facet normal -0.706925 -0.0231419 -0.70691
    outer loop
      vertex -9.03705 -0.567576 14
      vertex -10.533 -0.690372 15.5
      vertex -10.5556 0 15.5
    endloop
  endfacet
  facet normal -0.706928 -0.0229056 -0.706914
    outer loop
      vertex -9.05483 -0.0246901 14
      vertex -10.5556 0 15.5
      vertex -9.05563 0 14
    endloop
  endfacet
  facet normal -0.706926 -0.0231525 -0.706908
    outer loop
      vertex -10.5556 0 15.5
      vertex -9.05483 -0.0246901 14
      vertex -9.03705 -0.567576 14
    endloop
  endfacet
  facet normal -0.706922 -0.0231815 0.706911
    outer loop
      vertex -10.533 -0.690372 15.5
      vertex -9.75688 -0.639499 16.2778
      vertex -9.76055 -0.527582 16.2778
    endloop
  endfacet
  facet normal -0.707871 0 0.706342
    outer loop
      vertex -9.75688 -0.639499 16.2778
      vertex -10.533 -0.690372 15.5
      vertex -9.75688 -0.6395 16.2778
    endloop
  endfacet
  facet normal -0.706927 -0.0231384 0.706908
    outer loop
      vertex -10.533 -0.690372 15.5
      vertex -9.76055 -0.527582 16.2778
      vertex -9.76652 -0.345186 16.2778
    endloop
  endfacet
  facet normal -0.706926 -0.0231419 0.706908
    outer loop
      vertex -10.5556 0 15.5
      vertex -9.76652 -0.345186 16.2778
      vertex -9.77782 0 16.2778
    endloop
  endfacet
  facet normal -0.706926 -0.0231419 0.706908
    outer loop
      vertex -9.76652 -0.345186 16.2778
      vertex -10.5556 0 15.5
      vertex -10.533 -0.690372 15.5
    endloop
  endfacet
  facet normal -0.999466 0.0326856 0
    outer loop
      vertex -18 0 0.599991
      vertex -17.9615 1.17726 3
      vertex -17.9615 1.17726 0.599991
    endloop
  endfacet
  facet normal -0.999466 0.0326856 0
    outer loop
      vertex -17.9615 1.17726 3
      vertex -18 0 0.599991
      vertex -18 0 3
    endloop
  endfacet
  facet normal -0.447164 0.0146389 0.894332
    outer loop
      vertex -17.9615 1.17726 3
      vertex -9 0 7.5
      vertex -8.98073 0.588628 7.5
    endloop
  endfacet
  facet normal -0.447166 0.0146237 0.894332
    outer loop
      vertex -9 0 7.5
      vertex -17.9615 1.17726 3
      vertex -18 0 3
    endloop
  endfacet
  facet normal -0.999465 0.0327196 0
    outer loop
      vertex -9 0 7.5
      vertex -8.98073 0.588628 7.94436
      vertex -8.98073 0.588628 7.5
    endloop
  endfacet
  facet normal -0.999465 0.0327196 0
    outer loop
      vertex -8.98073 0.588628 7.94436
      vertex -9 0 7.5
      vertex -9 0 7.94436
    endloop
  endfacet
  facet normal -0.706918 0.0231812 -0.706916
    outer loop
      vertex -16.5 0 23
      vertex -9.77415 0.111918 16.2778
      vertex -9.77782 0 16.2778
    endloop
  endfacet
  facet normal -0.706918 0.023124 -0.706917
    outer loop
      vertex -9.77415 0.111918 16.2778
      vertex -16.5 0 23
      vertex -16.4647 1.07915 23
    endloop
  endfacet
  facet normal -0.706917 0.0231417 -0.706918
    outer loop
      vertex -9.76818 0.294314 16.2778
      vertex -16.4647 1.07915 23
      vertex -9.75688 0.639499 16.2778
    endloop
  endfacet
  facet normal -0.706917 0.0231381 -0.706918
    outer loop
      vertex -16.4647 1.07915 23
      vertex -9.76818 0.294314 16.2778
      vertex -9.77415 0.111918 16.2778
    endloop
  endfacet
  facet normal -0.999465 0.0326934 0
    outer loop
      vertex -16.5 0 23
      vertex -16.4647 1.07915 25
      vertex -16.4647 1.07915 23
    endloop
  endfacet
  facet normal -0.999465 0.0326934 0
    outer loop
      vertex -16.4647 1.07915 25
      vertex -16.5 0 23
      vertex -16.5 0 25
    endloop
  endfacet
  facet normal -0 0 1
    outer loop
      vertex -11.6673 -11.6673 25
      vertex -2.37599 -11.88 25
      vertex -2.37599 -2.37599 25
    endloop
  endfacet
  facet normal 0 0 1
    outer loop
      vertex -2.37599 -11.88 25
      vertex -4.27051 -15.9378 25
      vertex -3.21899 -16.183 25
    endloop
  endfacet
  facet normal 0 0 1
    outer loop
      vertex -2.37599 -11.88 25
      vertex -5.30375 -15.6243 25
      vertex -4.27051 -15.9378 25
    endloop
  endfacet
  facet normal 0 0 1
    outer loop
      vertex -2.37599 -11.88 25
      vertex -6.31428 -15.244 25
      vertex -5.30375 -15.6243 25
    endloop
  endfacet
  facet normal 0 0 1
    outer loop
      vertex -2.37599 -11.88 25
      vertex -7.29776 -14.7984 25
      vertex -6.31428 -15.244 25
    endloop
  endfacet
  facet normal 0 0 1
    outer loop
      vertex -2.37599 -11.88 25
      vertex -8.25 -14.2894 25
      vertex -7.29776 -14.7984 25
    endloop
  endfacet
  facet normal 0 0 1
    outer loop
      vertex -2.37599 -11.88 25
      vertex -9.16691 -13.7192 25
      vertex -8.25 -14.2894 25
    endloop
  endfacet
  facet normal 0 0 1
    outer loop
      vertex -2.37599 -11.88 25
      vertex -10.0446 -13.0903 25
      vertex -9.16691 -13.7192 25
    endloop
  endfacet
  facet normal 0 0 1
    outer loop
      vertex -2.37599 -11.88 25
      vertex -10.8792 -12.4054 25
      vertex -10.0446 -13.0903 25
    endloop
  endfacet
  facet normal 0 0 1
    outer loop
      vertex -2.37599 -11.88 25
      vertex -11.6673 -11.6673 25
      vertex -10.8792 -12.4054 25
    endloop
  endfacet
  facet normal -0 0 1
    outer loop
      vertex -11.88 -2.37599 25
      vertex -11.6673 -11.6673 25
      vertex -2.37599 -2.37599 25
    endloop
  endfacet
  facet normal -0 0 1
    outer loop
      vertex -13.7192 9.16691 25
      vertex -11.88 2.37599 25
      vertex -13.0903 10.0446 25
    endloop
  endfacet
  facet normal 0 0 1
    outer loop
      vertex -11.88 -2.37599 25
      vertex -12.4054 -10.8792 25
      vertex -11.6673 -11.6673 25
    endloop
  endfacet
  facet normal -0 0 1
    outer loop
      vertex -14.2894 8.25 25
      vertex -11.88 2.37599 25
      vertex -13.7192 9.16691 25
    endloop
  endfacet
  facet normal 0 0 1
    outer loop
      vertex -11.88 -2.37599 25
      vertex -13.0903 -10.0446 25
      vertex -12.4054 -10.8792 25
    endloop
  endfacet
  facet normal -0 0 1
    outer loop
      vertex -14.7984 7.29776 25
      vertex -11.88 2.37599 25
      vertex -14.2894 8.25 25
    endloop
  endfacet
  facet normal 0 0 1
    outer loop
      vertex -11.88 -2.37599 25
      vertex -13.7192 -9.16691 25
      vertex -13.0903 -10.0446 25
    endloop
  endfacet
  facet normal -0 0 1
    outer loop
      vertex -15.244 6.31428 25
      vertex -11.88 2.37599 25
      vertex -14.7984 7.29776 25
    endloop
  endfacet
  facet normal 0 0 1
    outer loop
      vertex -11.88 -2.37599 25
      vertex -14.2894 -8.25 25
      vertex -13.7192 -9.16691 25
    endloop
  endfacet
  facet normal -0 0 1
    outer loop
      vertex -15.6243 5.30375 25
      vertex -11.88 2.37599 25
      vertex -15.244 6.31428 25
    endloop
  endfacet
  facet normal 0 0 1
    outer loop
      vertex -11.88 -2.37599 25
      vertex -14.7984 -7.29776 25
      vertex -14.2894 -8.25 25
    endloop
  endfacet
  facet normal -0 0 1
    outer loop
      vertex -15.9378 4.27051 25
      vertex -11.88 2.37599 25
      vertex -15.6243 5.30375 25
    endloop
  endfacet
  facet normal 0 0 1
    outer loop
      vertex -11.88 -2.37599 25
      vertex -15.244 -6.31428 25
      vertex -14.7984 -7.29776 25
    endloop
  endfacet
  facet normal -0 0 1
    outer loop
      vertex -16.183 3.21899 25
      vertex -11.88 2.37599 25
      vertex -15.9378 4.27051 25
    endloop
  endfacet
  facet normal 0 0 1
    outer loop
      vertex -11.88 -2.37599 25
      vertex -15.6243 -5.30375 25
      vertex -15.244 -6.31428 25
    endloop
  endfacet
  facet normal 0 0 1
    outer loop
      vertex -16.3588 2.15368 25
      vertex -11.88 2.37599 25
      vertex -16.183 3.21899 25
    endloop
  endfacet
  facet normal 0 0 1
    outer loop
      vertex -11.88 -2.37599 25
      vertex -15.9378 -4.27051 25
      vertex -15.6243 -5.30375 25
    endloop
  endfacet
  facet normal 0 0 1
    outer loop
      vertex -16.4647 1.07915 25
      vertex -11.88 2.37599 25
      vertex -16.3588 2.15368 25
    endloop
  endfacet
  facet normal 0 0 1
    outer loop
      vertex -11.88 -2.37599 25
      vertex -16.183 -3.21899 25
      vertex -15.9378 -4.27051 25
    endloop
  endfacet
  facet normal 0 0 1
    outer loop
      vertex -16.5 0 25
      vertex -11.88 2.37599 25
      vertex -16.4647 1.07915 25
    endloop
  endfacet
  facet normal 0 0 1
    outer loop
      vertex -11.88 -2.37599 25
      vertex -16.3588 -2.15368 25
      vertex -16.183 -3.21899 25
    endloop
  endfacet
  facet normal 0 0 1
    outer loop
      vertex -11.88 2.37599 25
      vertex -16.5 0 25
      vertex -11.88 -2.37599 25
    endloop
  endfacet
  facet normal 0 0 1
    outer loop
      vertex -11.88 -2.37599 25
      vertex -16.4647 -1.07915 25
      vertex -16.3588 -2.15368 25
    endloop
  endfacet
  facet normal 0 0 1
    outer loop
      vertex -11.88 -2.37599 25
      vertex -16.5 0 25
      vertex -16.4647 -1.07915 25
    endloop
  endfacet
  facet normal 0 0 1
    outer loop
      vertex 2.15368 16.3588 25
      vertex 2.37599 11.88 25
      vertex 3.21899 16.183 25
    endloop
  endfacet
  facet normal 0 0 1
    outer loop
      vertex 1.07915 16.4647 25
      vertex 2.37599 11.88 25
      vertex 2.15368 16.3588 25
    endloop
  endfacet
  facet normal 0 0 1
    outer loop
      vertex 0 16.5 25
      vertex 2.37599 11.88 25
      vertex 1.07915 16.4647 25
    endloop
  endfacet
  facet normal 0 0 1
    outer loop
      vertex -2.37599 11.88 25
      vertex 0 16.5 25
      vertex -1.07915 16.4647 25
    endloop
  endfacet
  facet normal 0 0 1
    outer loop
      vertex -2.37599 11.88 25
      vertex -1.07915 16.4647 25
      vertex -2.15368 16.3588 25
    endloop
  endfacet
  facet normal 0 0 1
    outer loop
      vertex 0 16.5 25
      vertex -2.37599 11.88 25
      vertex 2.37599 11.88 25
    endloop
  endfacet
  facet normal -0 0 1
    outer loop
      vertex -3.21899 16.183 25
      vertex -2.37599 11.88 25
      vertex -2.15368 16.3588 25
    endloop
  endfacet
  facet normal -0 0 1
    outer loop
      vertex -4.27051 15.9378 25
      vertex -2.37599 11.88 25
      vertex -3.21899 16.183 25
    endloop
  endfacet
  facet normal -0 0 1
    outer loop
      vertex -5.30375 15.6243 25
      vertex -2.37599 11.88 25
      vertex -4.27051 15.9378 25
    endloop
  endfacet
  facet normal -0 0 1
    outer loop
      vertex -6.31428 15.244 25
      vertex -2.37599 11.88 25
      vertex -5.30375 15.6243 25
    endloop
  endfacet
  facet normal -0 0 1
    outer loop
      vertex -7.29776 14.7984 25
      vertex -2.37599 11.88 25
      vertex -6.31428 15.244 25
    endloop
  endfacet
  facet normal -0 0 1
    outer loop
      vertex -8.25 14.2894 25
      vertex -2.37599 11.88 25
      vertex -7.29776 14.7984 25
    endloop
  endfacet
  facet normal -0 0 1
    outer loop
      vertex -9.16691 13.7192 25
      vertex -2.37599 11.88 25
      vertex -8.25 14.2894 25
    endloop
  endfacet
  facet normal -0 0 1
    outer loop
      vertex -10.0446 13.0903 25
      vertex -2.37599 11.88 25
      vertex -9.16691 13.7192 25
    endloop
  endfacet
  facet normal -0 0 1
    outer loop
      vertex -10.8792 12.4054 25
      vertex -2.37599 11.88 25
      vertex -10.0446 13.0903 25
    endloop
  endfacet
  facet normal 0 0 1
    outer loop
      vertex -11.6673 11.6673 25
      vertex -2.37599 11.88 25
      vertex -10.8792 12.4054 25
    endloop
  endfacet
  facet normal 0 0 1
    outer loop
      vertex -2.37599 11.88 25
      vertex -11.6673 11.6673 25
      vertex -2.37599 2.37599 25
    endloop
  endfacet
  facet normal 0 0 1
    outer loop
      vertex -11.6673 11.6673 25
      vertex -11.88 2.37599 25
      vertex -2.37599 2.37599 25
    endloop
  endfacet
  facet normal -0 0 1
    outer loop
      vertex -13.0903 10.0446 25
      vertex -11.88 2.37599 25
      vertex -12.4054 10.8792 25
    endloop
  endfacet
  facet normal -0 0 1
    outer loop
      vertex -12.4054 10.8792 25
      vertex -11.88 2.37599 25
      vertex -11.6673 11.6673 25
    endloop
  endfacet
  facet normal 0 0 1
    outer loop
      vertex 11.88 2.37599 25
      vertex 16.5 0 25
      vertex 16.4647 1.07915 25
    endloop
  endfacet
  facet normal 0 0 1
    outer loop
      vertex 11.88 2.37599 25
      vertex 16.4647 1.07915 25
      vertex 16.3588 2.15368 25
    endloop
  endfacet
  facet normal 0 0 1
    outer loop
      vertex 11.88 -2.37599 25
      vertex 16.5 0 25
      vertex 11.88 2.37599 25
    endloop
  endfacet
  facet normal -0 0 1
    outer loop
      vertex 11.88 2.37599 25
      vertex 16.3588 2.15368 25
      vertex 16.183 3.21899 25
    endloop
  endfacet
  facet normal 0 0 1
    outer loop
      vertex 16.5 0 25
      vertex 11.88 -2.37599 25
      vertex 16.4647 -1.07915 25
    endloop
  endfacet
  facet normal 0 0 1
    outer loop
      vertex 11.88 2.37599 25
      vertex 16.183 3.21899 25
      vertex 15.9378 4.27051 25
    endloop
  endfacet
  facet normal 0 0 1
    outer loop
      vertex 16.4647 -1.07915 25
      vertex 11.88 -2.37599 25
      vertex 16.3588 -2.15368 25
    endloop
  endfacet
  facet normal 0 0 1
    outer loop
      vertex 11.88 2.37599 25
      vertex 15.9378 4.27051 25
      vertex 15.6243 5.30375 25
    endloop
  endfacet
  facet normal 0 0 1
    outer loop
      vertex 16.3588 -2.15368 25
      vertex 11.88 -2.37599 25
      vertex 16.183 -3.21899 25
    endloop
  endfacet
  facet normal 0 0 1
    outer loop
      vertex 11.88 2.37599 25
      vertex 15.6243 5.30375 25
      vertex 15.244 6.31428 25
    endloop
  endfacet
  facet normal 0 0 1
    outer loop
      vertex 16.183 -3.21899 25
      vertex 11.88 -2.37599 25
      vertex 15.9378 -4.27051 25
    endloop
  endfacet
  facet normal 0 0 1
    outer loop
      vertex 11.88 2.37599 25
      vertex 15.244 6.31428 25
      vertex 14.7984 7.29776 25
    endloop
  endfacet
  facet normal 0 0 1
    outer loop
      vertex 15.9378 -4.27051 25
      vertex 11.88 -2.37599 25
      vertex 15.6243 -5.30375 25
    endloop
  endfacet
  facet normal 0 0 1
    outer loop
      vertex 11.88 2.37599 25
      vertex 14.7984 7.29776 25
      vertex 14.2894 8.25 25
    endloop
  endfacet
  facet normal 0 0 1
    outer loop
      vertex 15.6243 -5.30375 25
      vertex 11.88 -2.37599 25
      vertex 15.244 -6.31428 25
    endloop
  endfacet
  facet normal 0 0 1
    outer loop
      vertex 11.88 2.37599 25
      vertex 14.2894 8.25 25
      vertex 13.7192 9.16691 25
    endloop
  endfacet
  facet normal 0 0 1
    outer loop
      vertex 15.244 -6.31428 25
      vertex 11.88 -2.37599 25
      vertex 14.7984 -7.29776 25
    endloop
  endfacet
  facet normal 0 0 1
    outer loop
      vertex 11.88 2.37599 25
      vertex 13.7192 9.16691 25
      vertex 13.0903 10.0446 25
    endloop
  endfacet
  facet normal 0 0 1
    outer loop
      vertex 14.7984 -7.29776 25
      vertex 11.88 -2.37599 25
      vertex 14.2894 -8.25 25
    endloop
  endfacet
  facet normal 0 0 1
    outer loop
      vertex 11.88 2.37599 25
      vertex 13.0903 10.0446 25
      vertex 12.4054 10.8792 25
    endloop
  endfacet
  facet normal 0 0 1
    outer loop
      vertex 14.2894 -8.25 25
      vertex 11.88 -2.37599 25
      vertex 13.7192 -9.16691 25
    endloop
  endfacet
  facet normal 0 0 1
    outer loop
      vertex 13.7192 -9.16691 25
      vertex 11.88 -2.37599 25
      vertex 13.0903 -10.0446 25
    endloop
  endfacet
  facet normal 0 0 1
    outer loop
      vertex 11.6673 11.6673 25
      vertex 11.88 2.37599 25
      vertex 12.4054 10.8792 25
    endloop
  endfacet
  facet normal -0 0 1
    outer loop
      vertex 2.37599 11.88 25
      vertex 11.6673 11.6673 25
      vertex 10.8792 12.4054 25
    endloop
  endfacet
  facet normal 0 0 1
    outer loop
      vertex 2.37599 11.88 25
      vertex 10.8792 12.4054 25
      vertex 10.0446 13.0903 25
    endloop
  endfacet
  facet normal 0 0 1
    outer loop
      vertex 2.37599 11.88 25
      vertex 10.0446 13.0903 25
      vertex 9.16691 13.7192 25
    endloop
  endfacet
  facet normal 0 0 1
    outer loop
      vertex 2.37599 11.88 25
      vertex 9.16691 13.7192 25
      vertex 8.25 14.2894 25
    endloop
  endfacet
  facet normal 0 0 1
    outer loop
      vertex 2.37599 11.88 25
      vertex 8.25 14.2894 25
      vertex 7.29776 14.7984 25
    endloop
  endfacet
  facet normal 0 0 1
    outer loop
      vertex 2.37599 11.88 25
      vertex 7.29776 14.7984 25
      vertex 6.31428 15.244 25
    endloop
  endfacet
  facet normal 0 0 1
    outer loop
      vertex 2.37599 11.88 25
      vertex 6.31428 15.244 25
      vertex 5.30375 15.6243 25
    endloop
  endfacet
  facet normal 0 0 1
    outer loop
      vertex 2.37599 11.88 25
      vertex 5.30375 15.6243 25
      vertex 4.27051 15.9378 25
    endloop
  endfacet
  facet normal 0 0 1
    outer loop
      vertex 2.37599 11.88 25
      vertex 4.27051 15.9378 25
      vertex 3.21899 16.183 25
    endloop
  endfacet
  facet normal 0 0 1
    outer loop
      vertex 11.6673 11.6673 25
      vertex 2.37599 11.88 25
      vertex 2.37599 2.37599 25
    endloop
  endfacet
  facet normal 0 0 1
    outer loop
      vertex 11.6673 11.6673 25
      vertex 2.37599 2.37599 25
      vertex 11.88 2.37599 25
    endloop
  endfacet
  facet normal 0 0 1
    outer loop
      vertex 13.0903 -10.0446 25
      vertex 11.88 -2.37599 25
      vertex 12.4054 -10.8792 25
    endloop
  endfacet
  facet normal 0 0 1
    outer loop
      vertex 11.88 -2.37599 25
      vertex 11.6673 -11.6673 25
      vertex 12.4054 -10.8792 25
    endloop
  endfacet
  facet normal -0 0 1
    outer loop
      vertex 2.37599 -2.37599 25
      vertex 11.6673 -11.6673 25
      vertex 11.88 -2.37599 25
    endloop
  endfacet
  facet normal 0 0 1
    outer loop
      vertex 2.37599 -11.88 25
      vertex 11.6673 -11.6673 25
      vertex 2.37599 -2.37599 25
    endloop
  endfacet
  facet normal 0 0 1
    outer loop
      vertex 11.6673 -11.6673 25
      vertex 2.37599 -11.88 25
      vertex 10.8792 -12.4054 25
    endloop
  endfacet
  facet normal 0 0 1
    outer loop
      vertex 10.0446 -13.0903 25
      vertex 2.37599 -11.88 25
      vertex 9.16691 -13.7192 25
    endloop
  endfacet
  facet normal 0 0 1
    outer loop
      vertex 9.16691 -13.7192 25
      vertex 2.37599 -11.88 25
      vertex 8.25 -14.2894 25
    endloop
  endfacet
  facet normal 0 0 1
    outer loop
      vertex 8.25 -14.2894 25
      vertex 2.37599 -11.88 25
      vertex 7.29776 -14.7984 25
    endloop
  endfacet
  facet normal 0 0 1
    outer loop
      vertex 7.29776 -14.7984 25
      vertex 2.37599 -11.88 25
      vertex 6.31428 -15.244 25
    endloop
  endfacet
  facet normal 0 0 1
    outer loop
      vertex 6.31428 -15.244 25
      vertex 2.37599 -11.88 25
      vertex 5.30375 -15.6243 25
    endloop
  endfacet
  facet normal 0 0 1
    outer loop
      vertex 5.30375 -15.6243 25
      vertex 2.37599 -11.88 25
      vertex 4.27051 -15.9378 25
    endloop
  endfacet
  facet normal 0 0 1
    outer loop
      vertex 10.8792 -12.4054 25
      vertex 2.37599 -11.88 25
      vertex 10.0446 -13.0903 25
    endloop
  endfacet
  facet normal 0 0 1
    outer loop
      vertex 4.27051 -15.9378 25
      vertex 2.37599 -11.88 25
      vertex 3.21899 -16.183 25
    endloop
  endfacet
  facet normal 0 0 1
    outer loop
      vertex 2.37599 -11.88 25
      vertex 2.15368 -16.3588 25
      vertex 3.21899 -16.183 25
    endloop
  endfacet
  facet normal 0 0 1
    outer loop
      vertex 2.37599 -11.88 25
      vertex 1.07915 -16.4647 25
      vertex 2.15368 -16.3588 25
    endloop
  endfacet
  facet normal 0 0 1
    outer loop
      vertex 2.37599 -11.88 25
      vertex 0 -16.5 25
      vertex 1.07915 -16.4647 25
    endloop
  endfacet
  facet normal -0 0 1
    outer loop
      vertex -2.37599 -11.88 25
      vertex 0 -16.5 25
      vertex 2.37599 -11.88 25
    endloop
  endfacet
  facet normal 0 0 1
    outer loop
      vertex 0 -16.5 25
      vertex -2.37599 -11.88 25
      vertex -1.07915 -16.4647 25
    endloop
  endfacet
  facet normal 0 0 1
    outer loop
      vertex -1.07915 -16.4647 25
      vertex -2.37599 -11.88 25
      vertex -2.15368 -16.3588 25
    endloop
  endfacet
  facet normal 0 0 1
    outer loop
      vertex -2.15368 -16.3588 25
      vertex -2.37599 -11.88 25
      vertex -3.21899 -16.183 25
    endloop
  endfacet
  facet normal 0 0 -1
    outer loop
      vertex 17.3627 -1.13801 0
      vertex 17.3627 1.13801 0
      vertex 17.4 0 0
    endloop
  endfacet
  facet normal 0 0 -1
    outer loop
      vertex 17.2511 -2.27115 0
      vertex 17.3627 1.13801 0
      vertex 17.3627 -1.13801 0
    endloop
  endfacet
  facet normal 0 0 -1
    outer loop
      vertex 17.2511 -2.27115 0
      vertex 17.2511 2.27115 0
      vertex 17.3627 1.13801 0
    endloop
  endfacet
  facet normal 0 0 -1
    outer loop
      vertex 17.0657 -3.39457 0
      vertex 17.2511 2.27115 0
      vertex 17.2511 -2.27115 0
    endloop
  endfacet
  facet normal 0 0 -1
    outer loop
      vertex 17.0657 -3.39457 0
      vertex 17.0657 3.39457 0
      vertex 17.2511 2.27115 0
    endloop
  endfacet
  facet normal 0 0 -1
    outer loop
      vertex 16.8071 -4.50345 0
      vertex 17.0657 3.39457 0
      vertex 17.0657 -3.39457 0
    endloop
  endfacet
  facet normal 0 0 -1
    outer loop
      vertex 16.8071 -4.50345 0
      vertex 16.8071 4.50345 0
      vertex 17.0657 3.39457 0
    endloop
  endfacet
  facet normal 0 0 -1
    outer loop
      vertex 16.4766 -5.59304 0
      vertex 16.8071 4.50345 0
      vertex 16.8071 -4.50345 0
    endloop
  endfacet
  facet normal 0 0 -1
    outer loop
      vertex 16.4766 -5.59304 0
      vertex 16.4766 5.59304 0
      vertex 16.8071 4.50345 0
    endloop
  endfacet
  facet normal 0 0 -1
    outer loop
      vertex 16.0755 -6.65869 0
      vertex 16.4766 5.59304 0
      vertex 16.4766 -5.59304 0
    endloop
  endfacet
  facet normal 0 0 -1
    outer loop
      vertex 16.0755 -6.65869 0
      vertex 16.0755 6.65869 0
      vertex 16.4766 5.59304 0
    endloop
  endfacet
  facet normal 0 0 -1
    outer loop
      vertex 15.6056 -7.69582 0
      vertex 16.0755 6.65869 0
      vertex 16.0755 -6.65869 0
    endloop
  endfacet
  facet normal 0 0 -1
    outer loop
      vertex 15.6056 -7.69582 0
      vertex 15.6056 7.69582 0
      vertex 16.0755 6.65869 0
    endloop
  endfacet
  facet normal 0 0 -1
    outer loop
      vertex 15.0688 -8.7 0
      vertex 15.6056 7.69582 0
      vertex 15.6056 -7.69582 0
    endloop
  endfacet
  facet normal 0 0 -1
    outer loop
      vertex 15.0688 -8.7 0
      vertex 15.0688 8.7 0
      vertex 15.6056 7.69582 0
    endloop
  endfacet
  facet normal 0 0 -1
    outer loop
      vertex 14.4676 -9.66692 0
      vertex 15.0688 8.7 0
      vertex 15.0688 -8.7 0
    endloop
  endfacet
  facet normal 0 0 -1
    outer loop
      vertex 14.4676 -9.66692 0
      vertex 14.4676 9.66692 0
      vertex 15.0688 8.7 0
    endloop
  endfacet
  facet normal 0 0 -1
    outer loop
      vertex 13.8043 -10.5924 0
      vertex 14.4676 9.66692 0
      vertex 14.4676 -9.66692 0
    endloop
  endfacet
  facet normal 0 0 -1
    outer loop
      vertex 13.8043 -10.5924 0
      vertex 13.8043 10.5924 0
      vertex 14.4676 9.66692 0
    endloop
  endfacet
  facet normal 0 0 -1
    outer loop
      vertex 13.082 -11.4726 0
      vertex 13.8043 10.5924 0
      vertex 13.8043 -10.5924 0
    endloop
  endfacet
  facet normal 0 0 -1
    outer loop
      vertex 13.082 -11.4726 0
      vertex 13.082 11.4726 0
      vertex 13.8043 10.5924 0
    endloop
  endfacet
  facet normal 0 0 -1
    outer loop
      vertex 12.3037 -12.3037 0
      vertex 13.082 11.4726 0
      vertex 13.082 -11.4726 0
    endloop
  endfacet
  facet normal 0 0 -1
    outer loop
      vertex 12.3037 -12.3037 0
      vertex 12.3037 12.3037 0
      vertex 13.082 11.4726 0
    endloop
  endfacet
  facet normal 0 0 -1
    outer loop
      vertex 11.4726 -13.082 0
      vertex 12.3037 12.3037 0
      vertex 12.3037 -12.3037 0
    endloop
  endfacet
  facet normal 0 0 -1
    outer loop
      vertex 11.4726 -13.082 0
      vertex 11.4726 13.082 0
      vertex 12.3037 12.3037 0
    endloop
  endfacet
  facet normal 0 0 -1
    outer loop
      vertex 10.5924 -13.8043 0
      vertex 11.4726 13.082 0
      vertex 11.4726 -13.082 0
    endloop
  endfacet
  facet normal 0 0 -1
    outer loop
      vertex 10.5924 -13.8043 0
      vertex 10.5924 13.8043 0
      vertex 11.4726 13.082 0
    endloop
  endfacet
  facet normal 0 0 -1
    outer loop
      vertex 9.66692 -14.4676 0
      vertex 10.5924 13.8043 0
      vertex 10.5924 -13.8043 0
    endloop
  endfacet
  facet normal 0 0 -1
    outer loop
      vertex 9.66692 -14.4676 0
      vertex 9.66692 14.4676 0
      vertex 10.5924 13.8043 0
    endloop
  endfacet
  facet normal 0 0 -1
    outer loop
      vertex 8.7 -15.0688 0
      vertex 9.66692 14.4676 0
      vertex 9.66692 -14.4676 0
    endloop
  endfacet
  facet normal 0 0 -1
    outer loop
      vertex 8.7 -15.0688 0
      vertex 8.7 15.0688 0
      vertex 9.66692 14.4676 0
    endloop
  endfacet
  facet normal 0 0 -1
    outer loop
      vertex 7.69582 -15.6056 0
      vertex 8.7 15.0688 0
      vertex 8.7 -15.0688 0
    endloop
  endfacet
  facet normal 0 0 -1
    outer loop
      vertex 7.69582 -15.6056 0
      vertex 7.69582 15.6056 0
      vertex 8.7 15.0688 0
    endloop
  endfacet
  facet normal 0 0 -1
    outer loop
      vertex 6.65869 -16.0755 0
      vertex 7.69582 15.6056 0
      vertex 7.69582 -15.6056 0
    endloop
  endfacet
  facet normal 0 0 -1
    outer loop
      vertex 6.65869 -16.0755 0
      vertex 6.65869 16.0755 0
      vertex 7.69582 15.6056 0
    endloop
  endfacet
  facet normal 0 0 -1
    outer loop
      vertex 5.59304 -16.4766 0
      vertex 6.65869 16.0755 0
      vertex 6.65869 -16.0755 0
    endloop
  endfacet
  facet normal 0 0 -1
    outer loop
      vertex 5.59304 -16.4766 0
      vertex 5.59304 16.4766 0
      vertex 6.65869 16.0755 0
    endloop
  endfacet
  facet normal 0 0 -1
    outer loop
      vertex 4.50345 -16.8071 0
      vertex 5.59304 16.4766 0
      vertex 5.59304 -16.4766 0
    endloop
  endfacet
  facet normal 0 0 -1
    outer loop
      vertex 4.50345 -16.8071 0
      vertex 4.50345 16.8071 0
      vertex 5.59304 16.4766 0
    endloop
  endfacet
  facet normal 0 0 -1
    outer loop
      vertex 3.39457 -17.0657 0
      vertex 4.50345 16.8071 0
      vertex 4.50345 -16.8071 0
    endloop
  endfacet
  facet normal 0 0 -1
    outer loop
      vertex 3.39457 -17.0657 0
      vertex 3.39457 17.0657 0
      vertex 4.50345 16.8071 0
    endloop
  endfacet
  facet normal 0 0 -1
    outer loop
      vertex 2.27115 -17.2511 0
      vertex 3.39457 17.0657 0
      vertex 3.39457 -17.0657 0
    endloop
  endfacet
  facet normal 0 0 -1
    outer loop
      vertex 2.27115 -17.2511 0
      vertex 2.27115 17.2511 0
      vertex 3.39457 17.0657 0
    endloop
  endfacet
  facet normal 0 0 -1
    outer loop
      vertex 1.13801 -17.3627 0
      vertex 2.27115 17.2511 0
      vertex 2.27115 -17.2511 0
    endloop
  endfacet
  facet normal 0 0 -1
    outer loop
      vertex 1.13801 -17.3627 0
      vertex 1.13801 17.3627 0
      vertex 2.27115 17.2511 0
    endloop
  endfacet
  facet normal 0 0 -1
    outer loop
      vertex 0 -17.4 0
      vertex 1.13801 17.3627 0
      vertex 1.13801 -17.3627 0
    endloop
  endfacet
  facet normal 0 0 -1
    outer loop
      vertex 0 -17.4 0
      vertex 0 17.4 0
      vertex 1.13801 17.3627 0
    endloop
  endfacet
  facet normal 0 0 -1
    outer loop
      vertex -1.13801 -17.3627 0
      vertex 0 17.4 0
      vertex 0 -17.4 0
    endloop
  endfacet
  facet normal 0 0 -1
    outer loop
      vertex -1.13801 -17.3627 0
      vertex -1.13801 17.3627 0
      vertex 0 17.4 0
    endloop
  endfacet
  facet normal 0 0 -1
    outer loop
      vertex -2.27115 -17.2511 0
      vertex -1.13801 17.3627 0
      vertex -1.13801 -17.3627 0
    endloop
  endfacet
  facet normal 0 0 -1
    outer loop
      vertex -2.27115 -17.2511 0
      vertex -2.27115 17.2511 0
      vertex -1.13801 17.3627 0
    endloop
  endfacet
  facet normal 0 0 -1
    outer loop
      vertex -3.39457 -17.0657 0
      vertex -2.27115 17.2511 0
      vertex -2.27115 -17.2511 0
    endloop
  endfacet
  facet normal 0 0 -1
    outer loop
      vertex -3.39457 -17.0657 0
      vertex -3.39457 17.0657 0
      vertex -2.27115 17.2511 0
    endloop
  endfacet
  facet normal 0 0 -1
    outer loop
      vertex -4.50345 -16.8071 0
      vertex -3.39457 17.0657 0
      vertex -3.39457 -17.0657 0
    endloop
  endfacet
  facet normal 0 0 -1
    outer loop
      vertex -4.50345 -16.8071 0
      vertex -4.50345 16.8071 0
      vertex -3.39457 17.0657 0
    endloop
  endfacet
  facet normal 0 0 -1
    outer loop
      vertex -5.59304 -16.4766 0
      vertex -4.50345 16.8071 0
      vertex -4.50345 -16.8071 0
    endloop
  endfacet
  facet normal 0 0 -1
    outer loop
      vertex -5.59304 -16.4766 0
      vertex -5.59304 16.4766 0
      vertex -4.50345 16.8071 0
    endloop
  endfacet
  facet normal 0 0 -1
    outer loop
      vertex -6.65869 -16.0755 0
      vertex -5.59304 16.4766 0
      vertex -5.59304 -16.4766 0
    endloop
  endfacet
  facet normal 0 0 -1
    outer loop
      vertex -6.65869 -16.0755 0
      vertex -6.65869 16.0755 0
      vertex -5.59304 16.4766 0
    endloop
  endfacet
  facet normal 0 0 -1
    outer loop
      vertex -7.69582 -15.6056 0
      vertex -6.65869 16.0755 0
      vertex -6.65869 -16.0755 0
    endloop
  endfacet
  facet normal 0 0 -1
    outer loop
      vertex -7.69582 -15.6056 0
      vertex -7.69582 15.6056 0
      vertex -6.65869 16.0755 0
    endloop
  endfacet
  facet normal 0 0 -1
    outer loop
      vertex -8.7 -15.0688 0
      vertex -7.69582 15.6056 0
      vertex -7.69582 -15.6056 0
    endloop
  endfacet
  facet normal 0 0 -1
    outer loop
      vertex -8.7 -15.0688 0
      vertex -8.7 15.0688 0
      vertex -7.69582 15.6056 0
    endloop
  endfacet
  facet normal 0 0 -1
    outer loop
      vertex -9.66692 -14.4676 0
      vertex -8.7 15.0688 0
      vertex -8.7 -15.0688 0
    endloop
  endfacet
  facet normal 0 0 -1
    outer loop
      vertex -9.66692 -14.4676 0
      vertex -9.66692 14.4676 0
      vertex -8.7 15.0688 0
    endloop
  endfacet
  facet normal 0 0 -1
    outer loop
      vertex -10.5924 -13.8043 0
      vertex -9.66692 14.4676 0
      vertex -9.66692 -14.4676 0
    endloop
  endfacet
  facet normal 0 0 -1
    outer loop
      vertex -10.5924 -13.8043 0
      vertex -10.5924 13.8043 0
      vertex -9.66692 14.4676 0
    endloop
  endfacet
  facet normal 0 0 -1
    outer loop
      vertex -11.4726 -13.082 0
      vertex -10.5924 13.8043 0
      vertex -10.5924 -13.8043 0
    endloop
  endfacet
  facet normal 0 0 -1
    outer loop
      vertex -11.4726 -13.082 0
      vertex -11.4726 13.082 0
      vertex -10.5924 13.8043 0
    endloop
  endfacet
  facet normal 0 0 -1
    outer loop
      vertex -12.3037 -12.3037 0
      vertex -11.4726 13.082 0
      vertex -11.4726 -13.082 0
    endloop
  endfacet
  facet normal 0 0 -1
    outer loop
      vertex -12.3037 -12.3037 0
      vertex -12.3037 12.3037 0
      vertex -11.4726 13.082 0
    endloop
  endfacet
  facet normal 0 0 -1
    outer loop
      vertex -13.082 -11.4726 0
      vertex -12.3037 12.3037 0
      vertex -12.3037 -12.3037 0
    endloop
  endfacet
  facet normal 0 0 -1
    outer loop
      vertex -13.082 -11.4726 0
      vertex -13.082 11.4726 0
      vertex -12.3037 12.3037 0
    endloop
  endfacet
  facet normal 0 0 -1
    outer loop
      vertex -13.8043 -10.5924 0
      vertex -13.082 11.4726 0
      vertex -13.082 -11.4726 0
    endloop
  endfacet
  facet normal 0 0 -1
    outer loop
      vertex -13.8043 -10.5924 0
      vertex -13.8043 10.5924 0
      vertex -13.082 11.4726 0
    endloop
  endfacet
  facet normal 0 0 -1
    outer loop
      vertex -14.4676 -9.66692 0
      vertex -13.8043 10.5924 0
      vertex -13.8043 -10.5924 0
    endloop
  endfacet
  facet normal 0 0 -1
    outer loop
      vertex -14.4676 -9.66692 0
      vertex -14.4676 9.66692 0
      vertex -13.8043 10.5924 0
    endloop
  endfacet
  facet normal 0 0 -1
    outer loop
      vertex -15.0688 -8.7 0
      vertex -14.4676 9.66692 0
      vertex -14.4676 -9.66692 0
    endloop
  endfacet
  facet normal 0 0 -1
    outer loop
      vertex -15.0688 -8.7 0
      vertex -15.0688 8.7 0
      vertex -14.4676 9.66692 0
    endloop
  endfacet
  facet normal 0 0 -1
    outer loop
      vertex -15.6056 -7.69582 0
      vertex -15.0688 8.7 0
      vertex -15.0688 -8.7 0
    endloop
  endfacet
  facet normal 0 0 -1
    outer loop
      vertex -15.6056 -7.69582 0
      vertex -15.6056 7.69582 0
      vertex -15.0688 8.7 0
    endloop
  endfacet
  facet normal 0 0 -1
    outer loop
      vertex -16.0755 -6.65869 0
      vertex -15.6056 7.69582 0
      vertex -15.6056 -7.69582 0
    endloop
  endfacet
  facet normal 0 0 -1
    outer loop
      vertex -16.0755 -6.65869 0
      vertex -16.0755 6.65869 0
      vertex -15.6056 7.69582 0
    endloop
  endfacet
  facet normal 0 0 -1
    outer loop
      vertex -16.4766 -5.59304 0
      vertex -16.0755 6.65869 0
      vertex -16.0755 -6.65869 0
    endloop
  endfacet
  facet normal 0 0 -1
    outer loop
      vertex -16.4766 -5.59304 0
      vertex -16.4766 5.59304 0
      vertex -16.0755 6.65869 0
    endloop
  endfacet
  facet normal 0 0 -1
    outer loop
      vertex -16.8071 -4.50345 0
      vertex -16.4766 5.59304 0
      vertex -16.4766 -5.59304 0
    endloop
  endfacet
  facet normal 0 0 -1
    outer loop
      vertex -16.8071 -4.50345 0
      vertex -16.8071 4.50345 0
      vertex -16.4766 5.59304 0
    endloop
  endfacet
  facet normal 0 0 -1
    outer loop
      vertex -17.0657 -3.39457 0
      vertex -16.8071 4.50345 0
      vertex -16.8071 -4.50345 0
    endloop
  endfacet
  facet normal 0 0 -1
    outer loop
      vertex -17.0657 -3.39457 0
      vertex -17.0657 3.39457 0
      vertex -16.8071 4.50345 0
    endloop
  endfacet
  facet normal 0 0 -1
    outer loop
      vertex -17.2511 -2.27115 0
      vertex -17.0657 3.39457 0
      vertex -17.0657 -3.39457 0
    endloop
  endfacet
  facet normal 0 0 -1
    outer loop
      vertex -17.2511 -2.27115 0
      vertex -17.2511 2.27115 0
      vertex -17.0657 3.39457 0
    endloop
  endfacet
  facet normal 0 0 -1
    outer loop
      vertex -17.3627 -1.13801 0
      vertex -17.2511 2.27115 0
      vertex -17.2511 -2.27115 0
    endloop
  endfacet
  facet normal 0 0 -1
    outer loop
      vertex -17.3627 -1.13801 0
      vertex -17.3627 1.13801 0
      vertex -17.2511 2.27115 0
    endloop
  endfacet
  facet normal 0 -0 -1
    outer loop
      vertex -17.3627 1.13801 0
      vertex -17.3627 -1.13801 0
      vertex -17.4 0 0
    endloop
  endfacet
  facet normal -0.706912 0.0231182 -0.706923
    outer loop
      vertex -17.9615 1.17726 0.599991
      vertex -17.4 0 0
      vertex -18 0 0.599991
    endloop
  endfacet
  facet normal -0.706861 0.0231684 -0.706973
    outer loop
      vertex -17.3627 1.13801 0
      vertex -17.4 0 0
      vertex -17.9615 1.17726 0.599991
    endloop
  endfacet
  facet normal -0.995181 0.098057 0
    outer loop
      vertex -17.9615 1.17726 0.599991
      vertex -17.846 2.34947 3
      vertex -17.846 2.34947 0.599991
    endloop
  endfacet
  facet normal -0.995181 0.098057 0
    outer loop
      vertex -17.846 2.34947 3
      vertex -17.9615 1.17726 0.599991
      vertex -17.9615 1.17726 3
    endloop
  endfacet
  facet normal -0.445249 0.0438555 0.894332
    outer loop
      vertex -8.98073 0.588628 7.5
      vertex -8.923 1.17474 7.5
      vertex -17.9615 1.17726 3
    endloop
  endfacet
  facet normal -0.445249 0.0438712 0.894332
    outer loop
      vertex -8.923 1.17474 7.5
      vertex -17.846 2.34947 3
      vertex -17.9615 1.17726 3
    endloop
  endfacet
  facet normal -0.995184 0.0980222 0
    outer loop
      vertex -8.98073 0.588628 7.5
      vertex -8.923 1.17474 7.94436
      vertex -8.923 1.17474 7.5
    endloop
  endfacet
  facet normal -0.995184 0.0980222 0
    outer loop
      vertex -8.923 1.17474 7.94436
      vertex -8.98073 0.588628 7.5
      vertex -8.98073 0.588628 7.94436
    endloop
  endfacet
  facet normal -0.707863 0 -0.706349
    outer loop
      vertex -16.4647 1.07915 23
      vertex -9.75688 0.6395 16.2778
      vertex -9.75688 0.639499 16.2778
    endloop
  endfacet
  facet normal -0.703886 0.0693713 -0.706917
    outer loop
      vertex -9.75688 0.6395 16.2778
      vertex -16.4647 1.07915 23
      vertex -16.3588 2.15368 23
    endloop
  endfacet
  facet normal -0.703899 0.0692921 -0.706912
    outer loop
      vertex -9.74591 0.750938 16.2778
      vertex -9.75688 0.6395 16.2778
      vertex -16.3588 2.15368 23
    endloop
  endfacet
  facet normal -0.703894 0.069323 -0.706914
    outer loop
      vertex -9.72802 0.932553 16.2778
      vertex -16.3588 2.15368 23
      vertex -9.69417 1.27626 16.2778
    endloop
  endfacet
  facet normal -0.703892 0.0693369 -0.706915
    outer loop
      vertex -16.3588 2.15368 23
      vertex -9.72802 0.932553 16.2778
      vertex -9.74591 0.750938 16.2778
    endloop
  endfacet
  facet normal -0.995179 0.0980795 0
    outer loop
      vertex -16.4647 1.07915 23
      vertex -16.3588 2.15368 25
      vertex -16.3588 2.15368 23
    endloop
  endfacet
  facet normal -0.995179 0.0980795 0
    outer loop
      vertex -16.3588 2.15368 25
      vertex -16.4647 1.07915 23
      vertex -16.4647 1.07915 25
    endloop
  endfacet
  facet normal -0.703833 0.0693499 -0.706972
    outer loop
      vertex -17.846 2.34947 0.599991
      vertex -17.3627 1.13801 0
      vertex -17.9615 1.17726 0.599991
    endloop
  endfacet
  facet normal -0.703866 0.0693219 -0.706942
    outer loop
      vertex -17.2511 2.27115 0
      vertex -17.3627 1.13801 0
      vertex -17.846 2.34947 0.599991
    endloop
  endfacet
  facet normal -0.98664 0.162917 0
    outer loop
      vertex -17.846 2.34947 0.599991
      vertex -17.6541 3.51163 3
      vertex -17.6541 3.51163 0.599991
    endloop
  endfacet
  facet normal -0.98664 0.162917 0
    outer loop
      vertex -17.6541 3.51163 3
      vertex -17.846 2.34947 0.599991
      vertex -17.846 2.34947 3
    endloop
  endfacet
  facet normal -0.44143 0.0728766 0.894331
    outer loop
      vertex -8.923 1.17474 7.5
      vertex -8.82707 1.75581 7.5
      vertex -17.846 2.34947 3
    endloop
  endfacet
  facet normal -0.441429 0.0728903 0.894331
    outer loop
      vertex -8.82707 1.75581 7.5
      vertex -17.6541 3.51163 3
      vertex -17.846 2.34947 3
    endloop
  endfacet
  facet normal -0.986645 0.162887 0
    outer loop
      vertex -8.923 1.17474 7.5
      vertex -8.82707 1.75581 7.94436
      vertex -8.82707 1.75581 7.5
    endloop
  endfacet
  facet normal -0.986645 0.162887 0
    outer loop
      vertex -8.82707 1.75581 7.94436
      vertex -8.923 1.17474 7.5
      vertex -8.923 1.17474 7.94436
    endloop
  endfacet
  facet normal -0.69786 0.115163 -0.706915
    outer loop
      vertex -9.69417 1.27626 16.2778
      vertex -16.3588 2.15368 23
      vertex -16.183 3.21899 23
    endloop
  endfacet
  facet normal -0.697848 0.115213 -0.706918
    outer loop
      vertex -9.67593 1.38674 16.2778
      vertex -9.69417 1.27626 16.2778
      vertex -16.183 3.21899 23
    endloop
  endfacet
  facet normal -0.697848 0.115216 -0.706919
    outer loop
      vertex -9.6462 1.5668 16.2778
      vertex -16.183 3.21899 23
      vertex -9.58994 1.90756 16.2778
    endloop
  endfacet
  facet normal -0.697846 0.115223 -0.706919
    outer loop
      vertex -16.183 3.21899 23
      vertex -9.6462 1.5668 16.2778
      vertex -9.67593 1.38674 16.2778
    endloop
  endfacet
  facet normal -0.986656 0.16282 0
    outer loop
      vertex -16.3588 2.15368 23
      vertex -16.183 3.21899 25
      vertex -16.183 3.21899 23
    endloop
  endfacet
  facet normal -0.986656 0.16282 0
    outer loop
      vertex -16.183 3.21899 25
      vertex -16.3588 2.15368 23
      vertex -16.3588 2.15368 25
    endloop
  endfacet
  facet normal -0.697822 0.115227 -0.706942
    outer loop
      vertex -17.6541 3.51163 0.599991
      vertex -17.2511 2.27115 0
      vertex -17.846 2.34947 0.599991
    endloop
  endfacet
  facet normal -0.697893 0.115174 -0.706881
    outer loop
      vertex -17.0657 3.39457 0
      vertex -17.2511 2.27115 0
      vertex -17.6541 3.51163 0.599991
    endloop
  endfacet
  facet normal -0.97389 0.227021 0
    outer loop
      vertex -17.6541 3.51163 0.599991
      vertex -17.3867 4.65874 3
      vertex -17.3867 4.65874 0.599991
    endloop
  endfacet
  facet normal -0.97389 0.227021 0
    outer loop
      vertex -17.3867 4.65874 3
      vertex -17.6541 3.51163 0.599991
      vertex -17.6541 3.51163 3
    endloop
  endfacet
  facet normal -0.435718 0.101599 0.894331
    outer loop
      vertex -8.82707 1.75581 7.5
      vertex -8.69333 2.32937 7.5
      vertex -17.6541 3.51163 3
    endloop
  endfacet
  facet normal -0.435723 0.10157 0.894332
    outer loop
      vertex -8.69333 2.32937 7.5
      vertex -17.3867 4.65874 3
      vertex -17.6541 3.51163 3
    endloop
  endfacet
  facet normal -0.973875 0.227084 0
    outer loop
      vertex -8.82707 1.75581 7.5
      vertex -8.69333 2.32937 7.94436
      vertex -8.69333 2.32937 7.5
    endloop
  endfacet
  facet normal -0.973875 0.227084 0
    outer loop
      vertex -8.69333 2.32937 7.94436
      vertex -8.82707 1.75581 7.5
      vertex -8.82707 1.75581 7.94436
    endloop
  endfacet
  facet normal -0.688814 0.160629 -0.706918
    outer loop
      vertex -16.183 3.21899 23
      vertex -9.56451 2.01661 16.2778
      vertex -9.58994 1.90756 16.2778
    endloop
  endfacet
  facet normal -0.688815 0.160622 -0.706918
    outer loop
      vertex -9.56451 2.01661 16.2778
      vertex -16.183 3.21899 23
      vertex -15.9378 4.27051 23
    endloop
  endfacet
  facet normal -0.68882 0.160607 -0.706918
    outer loop
      vertex -15.9378 4.27051 23
      vertex -9.52307 2.19434 16.2778
      vertex -9.56451 2.01661 16.2778
    endloop
  endfacet
  facet normal -0.688821 0.160603 -0.706917
    outer loop
      vertex -9.52307 2.19434 16.2778
      vertex -15.9378 4.27051 23
      vertex -9.44465 2.53068 16.2778
    endloop
  endfacet
  facet normal -0.973873 0.227094 0
    outer loop
      vertex -16.183 3.21899 23
      vertex -15.9378 4.27051 25
      vertex -15.9378 4.27051 23
    endloop
  endfacet
  facet normal -0.973873 0.227094 0
    outer loop
      vertex -15.9378 4.27051 25
      vertex -16.183 3.21899 23
      vertex -16.183 3.21899 25
    endloop
  endfacet
  facet normal -0.688862 0.160579 -0.706883
    outer loop
      vertex -17.3867 4.65874 0.599991
      vertex -17.0657 3.39457 0
      vertex -17.6541 3.51163 0.599991
    endloop
  endfacet
  facet normal -0.688783 0.16063 -0.706949
    outer loop
      vertex -16.8071 4.50345 0
      vertex -17.0657 3.39457 0
      vertex -17.3867 4.65874 0.599991
    endloop
  endfacet
  facet normal -0.956922 0.290344 0
    outer loop
      vertex -17.3867 4.65874 0.599991
      vertex -17.0447 5.78591 3
      vertex -17.0447 5.78591 0.599991
    endloop
  endfacet
  facet normal -0.956922 0.290344 0
    outer loop
      vertex -17.0447 5.78591 3
      vertex -17.3867 4.65874 0.599991
      vertex -17.3867 4.65874 3
    endloop
  endfacet
  facet normal -0.428139 0.129874 0.894332
    outer loop
      vertex -8.69333 2.32937 7.5
      vertex -8.52237 2.89295 7.5
      vertex -17.3867 4.65874 3
    endloop
  endfacet
  facet normal -0.428133 0.129902 0.894331
    outer loop
      vertex -8.52237 2.89295 7.5
      vertex -17.0447 5.78591 3
      vertex -17.3867 4.65874 3
    endloop
  endfacet
  facet normal -0.95694 0.290284 0
    outer loop
      vertex -8.69333 2.32937 7.5
      vertex -8.52237 2.89295 7.94436
      vertex -8.52237 2.89295 7.5
    endloop
  endfacet
  facet normal -0.95694 0.290284 0
    outer loop
      vertex -8.52237 2.89295 7.94436
      vertex -8.69333 2.32937 7.5
      vertex -8.69333 2.32937 7.94436
    endloop
  endfacet
  facet normal -0.676834 0.205337 -0.706917
    outer loop
      vertex -15.9378 4.27051 23
      vertex -9.41214 2.63784 16.2778
      vertex -9.44465 2.53068 16.2778
    endloop
  endfacet
  facet normal -0.676828 0.205359 -0.706917
    outer loop
      vertex -9.41214 2.63784 16.2778
      vertex -15.9378 4.27051 23
      vertex -15.6243 5.30375 23
    endloop
  endfacet
  facet normal -0.676841 0.205326 -0.706914
    outer loop
      vertex -9.35917 2.81248 16.2778
      vertex -15.6243 5.30375 23
      vertex -9.25891 3.14298 16.2778
    endloop
  endfacet
  facet normal -0.676852 0.205296 -0.706913
    outer loop
      vertex -15.6243 5.30375 23
      vertex -9.35917 2.81248 16.2778
      vertex -9.41214 2.63784 16.2778
    endloop
  endfacet
  facet normal -0.956922 0.290344 0
    outer loop
      vertex -15.9378 4.27051 23
      vertex -15.6243 5.30375 25
      vertex -15.6243 5.30375 23
    endloop
  endfacet
  facet normal -0.956922 0.290344 0
    outer loop
      vertex -15.6243 5.30375 25
      vertex -15.9378 4.27051 23
      vertex -15.9378 4.27051 25
    endloop
  endfacet
  facet normal -0.676799 0.205351 -0.706947
    outer loop
      vertex -17.0447 5.78591 0.599991
      vertex -16.8071 4.50345 0
      vertex -17.3867 4.65874 0.599991
    endloop
  endfacet
  facet normal -0.67687 0.205312 -0.706891
    outer loop
      vertex -16.4766 5.59304 0
      vertex -16.8071 4.50345 0
      vertex -17.0447 5.78591 0.599991
    endloop
  endfacet
  facet normal -0.935909 0.352242 0
    outer loop
      vertex -17.0447 5.78591 0.599991
      vertex -16.6298 6.8883 3
      vertex -16.6298 6.8883 0.599991
    endloop
  endfacet
  facet normal -0.935909 0.352242 0
    outer loop
      vertex -16.6298 6.8883 3
      vertex -17.0447 5.78591 0.599991
      vertex -17.0447 5.78591 3
    endloop
  endfacet
  facet normal -0.418732 0.157594 0.894331
    outer loop
      vertex -8.52237 2.89295 7.5
      vertex -8.31492 3.44415 7.5
      vertex -17.0447 5.78591 3
    endloop
  endfacet
  facet normal -0.418732 0.157596 0.894331
    outer loop
      vertex -8.31492 3.44415 7.5
      vertex -16.6298 6.8883 3
      vertex -17.0447 5.78591 3
    endloop
  endfacet
  facet normal -0.93591 0.35224 0
    outer loop
      vertex -8.52237 2.89295 7.5
      vertex -8.31492 3.44415 7.94436
      vertex -8.31492 3.44415 7.5
    endloop
  endfacet
  facet normal -0.93591 0.35224 0
    outer loop
      vertex -8.31492 3.44415 7.94436
      vertex -8.52237 2.89295 7.5
      vertex -8.52237 2.89295 7.94436
    endloop
  endfacet
  facet normal -0.661974 0.249124 -0.706914
    outer loop
      vertex -15.6243 5.30375 23
      vertex -9.21947 3.24778 16.2778
      vertex -9.25891 3.14298 16.2778
    endloop
  endfacet
  facet normal -0.661973 0.249125 -0.706914
    outer loop
      vertex -9.21947 3.24778 16.2778
      vertex -15.6243 5.30375 23
      vertex -15.244 6.31428 23
    endloop
  endfacet
  facet normal -0.661951 0.249176 -0.706918
    outer loop
      vertex -15.244 6.31428 23
      vertex -9.15518 3.41857 16.2778
      vertex -9.21947 3.24778 16.2778
    endloop
  endfacet
  facet normal -0.66197 0.24913 -0.706915
    outer loop
      vertex -9.15518 3.41857 16.2778
      vertex -15.244 6.31428 23
      vertex -9.03353 3.74181 16.2778
    endloop
  endfacet
  facet normal -0.935917 0.35222 0
    outer loop
      vertex -15.6243 5.30375 23
      vertex -15.244 6.31428 25
      vertex -15.244 6.31428 23
    endloop
  endfacet
  facet normal -0.935917 0.35222 0
    outer loop
      vertex -15.244 6.31428 25
      vertex -15.6243 5.30375 23
      vertex -15.6243 5.30375 25
    endloop
  endfacet
  facet normal -0.661988 0.249149 -0.706892
    outer loop
      vertex -16.6298 6.8883 0.599991
      vertex -16.4766 5.59304 0
      vertex -17.0447 5.78591 0.599991
    endloop
  endfacet
  facet normal -0.661968 0.249158 -0.706908
    outer loop
      vertex -16.0755 6.65869 0
      vertex -16.4766 5.59304 0
      vertex -16.6298 6.8883 0.599991
    endloop
  endfacet
  facet normal -0.910872 0.41269 0
    outer loop
      vertex -16.6298 6.8883 0.599991
      vertex -16.1437 7.9612 3
      vertex -16.1437 7.9612 0.599991
    endloop
  endfacet
  facet normal -0.910872 0.41269 0
    outer loop
      vertex -16.1437 7.9612 3
      vertex -16.6298 6.8883 0.599991
      vertex -16.6298 6.8883 3
    endloop
  endfacet
  facet normal -0.407523 0.184652 0.894331
    outer loop
      vertex -16.1437 7.9612 3
      vertex -8.31492 3.44415 7.5
      vertex -8.07185 3.9806 7.5
    endloop
  endfacet
  facet normal -0.40753 0.18464 0.894331
    outer loop
      vertex -8.31492 3.44415 7.5
      vertex -16.1437 7.9612 3
      vertex -16.6298 6.8883 3
    endloop
  endfacet
  facet normal -0.910859 0.412718 0
    outer loop
      vertex -8.31492 3.44415 7.5
      vertex -8.07185 3.9806 7.94436
      vertex -8.07185 3.9806 7.5
    endloop
  endfacet
  facet normal -0.910859 0.412718 0
    outer loop
      vertex -8.07185 3.9806 7.94436
      vertex -8.31492 3.44415 7.5
      vertex -8.31492 3.44415 7.94436
    endloop
  endfacet
  facet normal 0 0 -1
    outer loop
      vertex -9.03353 3.74181 16.2778
      vertex -8.91199 4.01003 16.2778
      vertex -9.03352 3.74181 16.2778
    endloop
  endfacet
  facet normal -0.644242 0.291929 -0.706915
    outer loop
      vertex -15.244 6.31428 23
      vertex -8.91199 4.01003 16.2778
      vertex -9.03353 3.74181 16.2778
    endloop
  endfacet
  facet normal -0.644259 0.291892 -0.706916
    outer loop
      vertex -8.91199 4.01003 16.2778
      vertex -14.7984 7.29776 23
      vertex -8.76946 4.32462 16.2778
    endloop
  endfacet
  facet normal -0.644254 0.291902 -0.706916
    outer loop
      vertex -8.91199 4.01003 16.2778
      vertex -15.244 6.31428 23
      vertex -14.7984 7.29776 23
    endloop
  endfacet
  facet normal -0.910867 0.4127 0
    outer loop
      vertex -15.244 6.31428 23
      vertex -14.7984 7.29776 25
      vertex -14.7984 7.29776 23
    endloop
  endfacet
  facet normal -0.910867 0.4127 0
    outer loop
      vertex -14.7984 7.29776 25
      vertex -15.244 6.31428 23
      vertex -15.244 6.31428 25
    endloop
  endfacet
  facet normal -0.644265 0.291898 -0.706908
    outer loop
      vertex -16.1437 7.9612 0.599991
      vertex -16.0755 6.65869 0
      vertex -16.6298 6.8883 0.599991
    endloop
  endfacet
  facet normal -0.64426 0.291899 -0.706912
    outer loop
      vertex -15.6056 7.69582 0
      vertex -16.0755 6.65869 0
      vertex -16.1437 7.9612 0.599991
    endloop
  endfacet
  facet normal -0.881939 0.471364 0
    outer loop
      vertex -16.1437 7.9612 0.599991
      vertex -15.5885 9 3
      vertex -15.5885 9 0.599991
    endloop
  endfacet
  facet normal -0.881939 0.471364 0
    outer loop
      vertex -15.5885 9 3
      vertex -16.1437 7.9612 0.599991
      vertex -16.1437 7.9612 3
    endloop
  endfacet
  facet normal -0.394578 0.210902 0.894331
    outer loop
      vertex -8.07185 3.9806 7.5
      vertex -7.79423 4.5 7.5
      vertex -16.1437 7.9612 3
    endloop
  endfacet
  facet normal -0.394583 0.21089 0.894332
    outer loop
      vertex -7.79423 4.5 7.5
      vertex -15.5885 9 3
      vertex -16.1437 7.9612 3
    endloop
  endfacet
  facet normal -0.881925 0.47139 0
    outer loop
      vertex -8.07185 3.9806 7.5
      vertex -7.79423 4.5 7.94436
      vertex -7.79423 4.5 7.5
    endloop
  endfacet
  facet normal -0.881925 0.47139 0
    outer loop
      vertex -7.79423 4.5 7.94436
      vertex -8.07185 3.9806 7.5
      vertex -8.07185 3.9806 7.94436
    endloop
  endfacet
  facet normal -0.623763 0.333452 -0.706916
    outer loop
      vertex -14.7984 7.29776 23
      vertex -8.71667 4.42337 16.2778
      vertex -8.76946 4.32462 16.2778
    endloop
  endfacet
  facet normal -0.623776 0.333426 -0.706916
    outer loop
      vertex -8.71667 4.42337 16.2778
      vertex -14.7984 7.29776 23
      vertex -14.2894 8.25 23
    endloop
  endfacet
  facet normal -0.623787 0.333407 -0.706915
    outer loop
      vertex -8.63064 4.58432 16.2778
      vertex -14.2894 8.25 23
      vertex -8.46784 4.88891 16.2778
    endloop
  endfacet
  facet normal -0.62378 0.333419 -0.706916
    outer loop
      vertex -14.2894 8.25 23
      vertex -8.63064 4.58432 16.2778
      vertex -8.71667 4.42337 16.2778
    endloop
  endfacet
  facet normal -0.881915 0.471409 0
    outer loop
      vertex -14.7984 7.29776 23
      vertex -14.2894 8.25 25
      vertex -14.2894 8.25 23
    endloop
  endfacet
  facet normal -0.881915 0.471409 0
    outer loop
      vertex -14.2894 8.25 25
      vertex -14.7984 7.29776 23
      vertex -14.7984 7.29776 25
    endloop
  endfacet
  facet normal -0.623796 0.333396 -0.706913
    outer loop
      vertex -15.5885 9 0.599991
      vertex -15.6056 7.69582 0
      vertex -16.1437 7.9612 0.599991
    endloop
  endfacet
  facet normal -0.623721 0.33342 -0.706967
    outer loop
      vertex -15.5885 9 0.599991
      vertex -15.0688 8.7 0
      vertex -15.6056 7.69582 0
    endloop
  endfacet
  facet normal -0.849212 0.528052 0
    outer loop
      vertex -15.5885 9 0.599991
      vertex -14.9665 10.0003 3
      vertex -14.9665 10.0003 0.599991
    endloop
  endfacet
  facet normal -0.849212 0.528052 0
    outer loop
      vertex -14.9665 10.0003 3
      vertex -15.5885 9 0.599991
      vertex -15.5885 9 3
    endloop
  endfacet
  facet normal -0.379937 0.236259 0.894332
    outer loop
      vertex -7.79423 4.5 7.5
      vertex -7.48323 5.00013 7.5
      vertex -15.5885 9 3
    endloop
  endfacet
  facet normal -0.37994 0.236252 0.894332
    outer loop
      vertex -7.48323 5.00013 7.5
      vertex -14.9665 10.0003 3
      vertex -15.5885 9 3
    endloop
  endfacet
  facet normal -0.849203 0.528067 0
    outer loop
      vertex -7.79423 4.5 7.5
      vertex -7.48323 5.00013 7.94436
      vertex -7.48323 5.00013 7.5
    endloop
  endfacet
  facet normal -0.849203 0.528067 0
    outer loop
      vertex -7.48323 5.00013 7.94436
      vertex -7.79423 4.5 7.5
      vertex -7.79423 4.5 7.94436
    endloop
  endfacet
  facet normal -0.600641 0.373498 -0.706916
    outer loop
      vertex -14.2894 8.25 23
      vertex -8.40871 4.984 16.2778
      vertex -8.46784 4.88891 16.2778
    endloop
  endfacet
  facet normal -0.600631 0.373515 -0.706915
    outer loop
      vertex -8.40871 4.984 16.2778
      vertex -14.2894 8.25 23
      vertex -13.7192 9.16691 23
    endloop
  endfacet
  facet normal -0.600639 0.373503 -0.706914
    outer loop
      vertex -8.31234 5.13897 16.2778
      vertex -13.7192 9.16691 23
      vertex -8.12996 5.43226 16.2778
    endloop
  endfacet
  facet normal -0.600634 0.373511 -0.706915
    outer loop
      vertex -13.7192 9.16691 23
      vertex -8.31234 5.13897 16.2778
      vertex -8.40871 4.984 16.2778
    endloop
  endfacet
  facet normal -0.84919 0.528087 0
    outer loop
      vertex -14.2894 8.25 23
      vertex -13.7192 9.16691 25
      vertex -13.7192 9.16691 23
    endloop
  endfacet
  facet normal -0.84919 0.528087 0
    outer loop
      vertex -13.7192 9.16691 25
      vertex -14.2894 8.25 23
      vertex -14.2894 8.25 25
    endloop
  endfacet
  facet normal -0.600604 0.373464 -0.706965
    outer loop
      vertex -14.9665 10.0003 0.599991
      vertex -15.0688 8.7 0
      vertex -15.5885 9 0.599991
    endloop
  endfacet
  facet normal -0.600635 0.373456 -0.706943
    outer loop
      vertex -14.9665 10.0003 0.599991
      vertex -14.4676 9.66692 0
      vertex -15.0688 8.7 0
    endloop
  endfacet
  facet normal -0.812832 0.582498 0
    outer loop
      vertex -14.9665 10.0003 0.599991
      vertex -14.2804 10.9577 3
      vertex -14.2804 10.9577 0.599991
    endloop
  endfacet
  facet normal -0.812832 0.582498 0
    outer loop
      vertex -14.2804 10.9577 3
      vertex -14.9665 10.0003 0.599991
      vertex -14.9665 10.0003 3
    endloop
  endfacet
  facet normal -0.363669 0.260604 0.894332
    outer loop
      vertex -7.48323 5.00013 7.5
      vertex -7.14018 5.47885 7.5
      vertex -14.9665 10.0003 3
    endloop
  endfacet
  facet normal -0.363664 0.260612 0.894332
    outer loop
      vertex -7.14018 5.47885 7.5
      vertex -14.2804 10.9577 3
      vertex -14.9665 10.0003 3
    endloop
  endfacet
  facet normal -0.812843 0.582482 0
    outer loop
      vertex -7.48323 5.00013 7.5
      vertex -7.14018 5.47885 7.94436
      vertex -7.14018 5.47885 7.5
    endloop
  endfacet
  facet normal -0.812843 0.582482 0
    outer loop
      vertex -7.14018 5.47885 7.94436
      vertex -7.48323 5.00013 7.5
      vertex -7.48323 5.00013 7.94436
    endloop
  endfacet
  facet normal -0.574908 0.412011 -0.706914
    outer loop
      vertex -13.7192 9.16691 23
      vertex -8.06473 5.52328 16.2778
      vertex -8.12996 5.43226 16.2778
    endloop
  endfacet
  facet normal -0.574939 0.411966 -0.706915
    outer loop
      vertex -8.06473 5.52328 16.2778
      vertex -13.7192 9.16691 23
      vertex -13.0903 10.0446 23
    endloop
  endfacet
  facet normal -0.574929 0.411977 -0.706916
    outer loop
      vertex -7.95843 5.67162 16.2778
      vertex -13.0903 10.0446 23
      vertex -7.75726 5.95236 16.2778
    endloop
  endfacet
  facet normal -0.574922 0.411987 -0.706917
    outer loop
      vertex -13.0903 10.0446 23
      vertex -7.95843 5.67162 16.2778
      vertex -8.06473 5.52328 16.2778
    endloop
  endfacet
  facet normal -0.812866 0.582451 0
    outer loop
      vertex -13.7192 9.16691 23
      vertex -13.0903 10.0446 25
      vertex -13.0903 10.0446 23
    endloop
  endfacet
  facet normal -0.812866 0.582451 0
    outer loop
      vertex -13.0903 10.0446 25
      vertex -13.7192 9.16691 23
      vertex -13.7192 9.16691 25
    endloop
  endfacet
  facet normal -0.574891 0.411983 -0.706944
    outer loop
      vertex -14.2804 10.9577 0.599991
      vertex -14.4676 9.66692 0
      vertex -14.9665 10.0003 0.599991
    endloop
  endfacet
  facet normal -0.574839 0.411993 -0.706981
    outer loop
      vertex -14.2804 10.9577 0.599991
      vertex -13.8043 10.5924 0
      vertex -14.4676 9.66692 0
    endloop
  endfacet
  facet normal -0.77298 0.63443 0
    outer loop
      vertex -14.2804 10.9577 0.599991
      vertex -13.5331 11.8682 3
      vertex -13.5331 11.8682 0.599991
    endloop
  endfacet
  facet normal -0.77298 0.63443 0
    outer loop
      vertex -13.5331 11.8682 3
      vertex -14.2804 10.9577 0.599991
      vertex -14.2804 10.9577 3
    endloop
  endfacet
  facet normal -0.345849 0.283829 0.894332
    outer loop
      vertex -7.14018 5.47885 7.5
      vertex -6.76656 5.93411 7.5
      vertex -14.2804 10.9577 3
    endloop
  endfacet
  facet normal -0.345836 0.283848 0.894331
    outer loop
      vertex -6.76656 5.93411 7.5
      vertex -13.5331 11.8682 3
      vertex -14.2804 10.9577 3
    endloop
  endfacet
  facet normal -0.773012 0.634391 0
    outer loop
      vertex -7.14018 5.47885 7.5
      vertex -6.76656 5.93411 7.94436
      vertex -6.76656 5.93411 7.5
    endloop
  endfacet
  facet normal -0.773012 0.634391 0
    outer loop
      vertex -6.76656 5.93411 7.94436
      vertex -7.14018 5.47885 7.5
      vertex -7.14018 5.47885 7.94436
    endloop
  endfacet
  facet normal -0.546772 0.448674 -0.706917
    outer loop
      vertex -13.0903 10.0446 23
      vertex -7.68623 6.03892 16.2778
      vertex -7.75726 5.95236 16.2778
    endloop
  endfacet
  facet normal -0.54676 0.448689 -0.706917
    outer loop
      vertex -7.68623 6.03892 16.2778
      vertex -13.0903 10.0446 23
      vertex -12.4054 10.8792 23
    endloop
  endfacet
  facet normal -0.546743 0.448707 -0.706918
    outer loop
      vertex -7.57045 6.17999 16.2778
      vertex -12.4054 10.8792 23
      vertex -7.35135 6.44696 16.2778
    endloop
  endfacet
  facet normal -0.546733 0.448719 -0.706919
    outer loop
      vertex -12.4054 10.8792 23
      vertex -7.57045 6.17999 16.2778
      vertex -7.68623 6.03892 16.2778
    endloop
  endfacet
  facet normal -0.773028 0.634372 0
    outer loop
      vertex -13.0903 10.0446 23
      vertex -12.4054 10.8792 25
      vertex -12.4054 10.8792 23
    endloop
  endfacet
  facet normal -0.773028 0.634372 0
    outer loop
      vertex -12.4054 10.8792 25
      vertex -13.0903 10.0446 23
      vertex -13.0903 10.0446 25
    endloop
  endfacet
  facet normal -0.546679 0.448691 -0.706978
    outer loop
      vertex -13.5331 11.8682 0.599991
      vertex -13.8043 10.5924 0
      vertex -14.2804 10.9577 0.599991
    endloop
  endfacet
  facet normal -0.546766 0.448681 -0.706918
    outer loop
      vertex -13.5331 11.8682 0.599991
      vertex -13.082 11.4726 0
      vertex -13.8043 10.5924 0
    endloop
  endfacet
  facet normal -0.729863 0.683594 0
    outer loop
      vertex -13.5331 11.8682 0.599991
      vertex -12.7279 12.7279 3
      vertex -12.7279 12.7279 0.599991
    endloop
  endfacet
  facet normal -0.729863 0.683594 0
    outer loop
      vertex -12.7279 12.7279 3
      vertex -13.5331 11.8682 0.599991
      vertex -13.5331 11.8682 3
    endloop
  endfacet
  facet normal -0.326545 0.305844 0.894331
    outer loop
      vertex -12.7279 12.7279 3
      vertex -6.76656 5.93411 7.5
      vertex -6.36396 6.36396 7.5
    endloop
  endfacet
  facet normal -0.326545 0.305844 0.894331
    outer loop
      vertex -6.76656 5.93411 7.5
      vertex -12.7279 12.7279 3
      vertex -13.5331 11.8682 3
    endloop
  endfacet
  facet normal -0.729863 0.683594 0
    outer loop
      vertex -6.76656 5.93411 7.5
      vertex -6.36396 6.36396 7.94436
      vertex -6.36396 6.36396 7.5
    endloop
  endfacet
  facet normal -0.729863 0.683594 0
    outer loop
      vertex -6.36396 6.36396 7.94436
      vertex -6.76656 5.93411 7.5
      vertex -6.76656 5.93411 7.94436
    endloop
  endfacet
  facet normal -0.516225 0.483507 -0.706918
    outer loop
      vertex -12.4054 10.8792 23
      vertex -7.2748 6.52869 16.2778
      vertex -7.35135 6.44696 16.2778
    endloop
  endfacet
  facet normal -0.516241 0.483489 -0.706919
    outer loop
      vertex -7.2748 6.52869 16.2778
      vertex -12.4054 10.8792 23
      vertex -11.6673 11.6673 23
    endloop
  endfacet
  facet normal -0.51624 0.48349 -0.706919
    outer loop
      vertex -11.6673 11.6673 23
      vertex -7.15005 6.66189 16.2778
      vertex -7.2748 6.52869 16.2778
    endloop
  endfacet
  facet normal -0.516228 0.483502 -0.706919
    outer loop
      vertex -7.15005 6.66189 16.2778
      vertex -11.6673 11.6673 23
      vertex -6.91396 6.91396 16.2778
    endloop
  endfacet
  facet normal -0.729881 0.683574 0
    outer loop
      vertex -12.4054 10.8792 23
      vertex -11.6673 11.6673 25
      vertex -11.6673 11.6673 23
    endloop
  endfacet
  facet normal -0.729881 0.683574 0
    outer loop
      vertex -11.6673 11.6673 25
      vertex -12.4054 10.8792 23
      vertex -12.4054 10.8792 25
    endloop
  endfacet
  facet normal -0.516229 0.483503 -0.706918
    outer loop
      vertex -12.7279 12.7279 0.599991
      vertex -13.082 11.4726 0
      vertex -13.5331 11.8682 0.599991
    endloop
  endfacet
  facet normal -0.5163 0.483499 -0.706868
    outer loop
      vertex -12.7279 12.7279 0.599991
      vertex -12.3037 12.3037 0
      vertex -13.082 11.4726 0
    endloop
  endfacet
  facet normal -0.683594 0.729863 0
    outer loop
      vertex -11.8682 13.5331 0.599991
      vertex -12.7279 12.7279 3
      vertex -11.8682 13.5331 3
    endloop
  endfacet
  facet normal -0.683594 0.729863 0
    outer loop
      vertex -12.7279 12.7279 3
      vertex -11.8682 13.5331 0.599991
      vertex -12.7279 12.7279 0.599991
    endloop
  endfacet
  facet normal -0.305844 0.326545 0.894331
    outer loop
      vertex -11.8682 13.5331 3
      vertex -6.36396 6.36396 7.5
      vertex -5.93411 6.76656 7.5
    endloop
  endfacet
  facet normal -0.305844 0.326545 0.894331
    outer loop
      vertex -6.36396 6.36396 7.5
      vertex -11.8682 13.5331 3
      vertex -12.7279 12.7279 3
    endloop
  endfacet
  facet normal -0.683594 0.729863 0
    outer loop
      vertex -5.93411 6.76656 7.5
      vertex -6.36396 6.36396 7.94436
      vertex -5.93411 6.76656 7.94436
    endloop
  endfacet
  facet normal -0.683594 0.729863 0
    outer loop
      vertex -6.36396 6.36396 7.94436
      vertex -5.93411 6.76656 7.5
      vertex -6.36396 6.36396 7.5
    endloop
  endfacet
  facet normal -0.483506 0.516224 -0.70692
    outer loop
      vertex -11.6673 11.6673 23
      vertex -6.83223 6.99051 16.2778
      vertex -6.91396 6.91396 16.2778
    endloop
  endfacet
  facet normal -0.483489 0.516241 -0.706919
    outer loop
      vertex -6.83223 6.99051 16.2778
      vertex -11.6673 11.6673 23
      vertex -10.8792 12.4054 23
    endloop
  endfacet
  facet normal -0.483492 0.516238 -0.706918
    outer loop
      vertex -6.69904 7.11526 16.2778
      vertex -10.8792 12.4054 23
      vertex -6.44696 7.35135 16.2778
    endloop
  endfacet
  facet normal -0.48351 0.516222 -0.706917
    outer loop
      vertex -10.8792 12.4054 23
      vertex -6.69904 7.11526 16.2778
      vertex -6.83223 6.99051 16.2778
    endloop
  endfacet
  facet normal -0.683574 0.729881 0
    outer loop
      vertex -10.8792 12.4054 23
      vertex -11.6673 11.6673 25
      vertex -10.8792 12.4054 25
    endloop
  endfacet
  facet normal -0.683574 0.729881 0
    outer loop
      vertex -11.6673 11.6673 25
      vertex -10.8792 12.4054 23
      vertex -11.6673 11.6673 23
    endloop
  endfacet
  facet normal -0.483536 0.516264 -0.706869
    outer loop
      vertex -11.8682 13.5331 0.599991
      vertex -12.3037 12.3037 0
      vertex -12.7279 12.7279 0.599991
    endloop
  endfacet
  facet normal -0.483465 0.516263 -0.706919
    outer loop
      vertex -11.8682 13.5331 0.599991
      vertex -11.4726 13.082 0
      vertex -12.3037 12.3037 0
    endloop
  endfacet
  facet normal -0.63443 0.77298 0
    outer loop
      vertex -10.9577 14.2804 0.599991
      vertex -11.8682 13.5331 3
      vertex -10.9577 14.2804 3
    endloop
  endfacet
  facet normal -0.63443 0.77298 0
    outer loop
      vertex -11.8682 13.5331 3
      vertex -10.9577 14.2804 0.599991
      vertex -11.8682 13.5331 0.599991
    endloop
  endfacet
  facet normal -0.283831 0.345851 0.894331
    outer loop
      vertex -5.93411 6.76656 7.5
      vertex -5.47885 7.14018 7.5
      vertex -11.8682 13.5331 3
    endloop
  endfacet
  facet normal -0.283847 0.345835 0.894332
    outer loop
      vertex -5.47885 7.14018 7.5
      vertex -10.9577 14.2804 3
      vertex -11.8682 13.5331 3
    endloop
  endfacet
  facet normal -0.634391 0.773012 0
    outer loop
      vertex -5.47885 7.14018 7.5
      vertex -5.93411 6.76656 7.94436
      vertex -5.47885 7.14018 7.94436
    endloop
  endfacet
  facet normal -0.634391 0.773012 0
    outer loop
      vertex -5.93411 6.76656 7.94436
      vertex -5.47885 7.14018 7.5
      vertex -5.93411 6.76656 7.5
    endloop
  endfacet
  facet normal -0.448711 0.54674 -0.706918
    outer loop
      vertex -10.8792 12.4054 23
      vertex -6.3604 7.42239 16.2778
      vertex -6.44696 7.35135 16.2778
    endloop
  endfacet
  facet normal -0.448689 0.546759 -0.706918
    outer loop
      vertex -6.3604 7.42239 16.2778
      vertex -10.8792 12.4054 23
      vertex -10.0446 13.0903 23
    endloop
  endfacet
  facet normal -0.448697 0.546754 -0.706917
    outer loop
      vertex -10.0446 13.0903 23
      vertex -6.21933 7.53816 16.2778
      vertex -6.3604 7.42239 16.2778
    endloop
  endfacet
  facet normal -0.448709 0.546745 -0.706916
    outer loop
      vertex -6.21933 7.53816 16.2778
      vertex -10.0446 13.0903 23
      vertex -5.95236 7.75726 16.2778
    endloop
  endfacet
  facet normal -0.634372 0.773028 0
    outer loop
      vertex -10.0446 13.0903 23
      vertex -10.8792 12.4054 25
      vertex -10.0446 13.0903 25
    endloop
  endfacet
  facet normal -0.634372 0.773028 0
    outer loop
      vertex -10.8792 12.4054 25
      vertex -10.0446 13.0903 23
      vertex -10.8792 12.4054 23
    endloop
  endfacet
  facet normal -0.448729 0.546725 -0.706919
    outer loop
      vertex -10.9577 14.2804 0.599991
      vertex -11.4726 13.082 0
      vertex -11.8682 13.5331 0.599991
    endloop
  endfacet
  facet normal -0.448642 0.546718 -0.706979
    outer loop
      vertex -10.9577 14.2804 0.599991
      vertex -10.5924 13.8043 0
      vertex -11.4726 13.082 0
    endloop
  endfacet
  facet normal -0.582498 0.812832 0
    outer loop
      vertex -10.0003 14.9665 0.599991
      vertex -10.9577 14.2804 3
      vertex -10.0003 14.9665 3
    endloop
  endfacet
  facet normal -0.582498 0.812832 0
    outer loop
      vertex -10.9577 14.2804 3
      vertex -10.0003 14.9665 0.599991
      vertex -10.9577 14.2804 0.599991
    endloop
  endfacet
  facet normal -0.260605 0.363669 0.894332
    outer loop
      vertex -5.47885 7.14018 7.5
      vertex -5.00013 7.48323 7.5
      vertex -10.9577 14.2804 3
    endloop
  endfacet
  facet normal -0.260612 0.363664 0.894332
    outer loop
      vertex -5.00013 7.48323 7.5
      vertex -10.0003 14.9665 3
      vertex -10.9577 14.2804 3
    endloop
  endfacet
  facet normal -0.582482 0.812843 0
    outer loop
      vertex -5.00013 7.48323 7.5
      vertex -5.47885 7.14018 7.94436
      vertex -5.00013 7.48323 7.94436
    endloop
  endfacet
  facet normal -0.582482 0.812843 0
    outer loop
      vertex -5.47885 7.14018 7.94436
      vertex -5.00013 7.48323 7.5
      vertex -5.47885 7.14018 7.5
    endloop
  endfacet
  facet normal -0.412009 0.574906 -0.706917
    outer loop
      vertex -10.0446 13.0903 23
      vertex -5.86134 7.82249 16.2778
      vertex -5.95236 7.75726 16.2778
    endloop
  endfacet
  facet normal -0.411966 0.574938 -0.706916
    outer loop
      vertex -5.86134 7.82249 16.2778
      vertex -10.0446 13.0903 23
      vertex -9.16691 13.7192 23
    endloop
  endfacet
  facet normal -0.411978 0.574931 -0.706915
    outer loop
      vertex -5.713 7.92879 16.2778
      vertex -9.16691 13.7192 23
      vertex -5.43226 8.12996 16.2778
    endloop
  endfacet
  facet normal -0.411989 0.574924 -0.706914
    outer loop
      vertex -9.16691 13.7192 23
      vertex -5.713 7.92879 16.2778
      vertex -5.86134 7.82249 16.2778
    endloop
  endfacet
  facet normal -0.582451 0.812866 0
    outer loop
      vertex -9.16691 13.7192 23
      vertex -10.0446 13.0903 25
      vertex -9.16691 13.7192 25
    endloop
  endfacet
  facet normal -0.582451 0.812866 0
    outer loop
      vertex -10.0446 13.0903 25
      vertex -9.16691 13.7192 23
      vertex -10.0446 13.0903 23
    endloop
  endfacet
  facet normal -0.411962 0.574862 -0.70698
    outer loop
      vertex -10.0003 14.9665 0.599991
      vertex -10.5924 13.8043 0
      vertex -10.9577 14.2804 0.599991
    endloop
  endfacet
  facet normal -0.412014 0.57487 -0.706944
    outer loop
      vertex -10.0003 14.9665 0.599991
      vertex -9.66692 14.4676 0
      vertex -10.5924 13.8043 0
    endloop
  endfacet
  facet normal -0.528052 0.849212 0
    outer loop
      vertex -9 15.5885 0.599991
      vertex -10.0003 14.9665 3
      vertex -9 15.5885 3
    endloop
  endfacet
  facet normal -0.528052 0.849212 0
    outer loop
      vertex -10.0003 14.9665 3
      vertex -9 15.5885 0.599991
      vertex -10.0003 14.9665 0.599991
    endloop
  endfacet
  facet normal -0.236259 0.379936 0.894332
    outer loop
      vertex -5.00013 7.48323 7.5
      vertex -4.5 7.79423 7.5
      vertex -10.0003 14.9665 3
    endloop
  endfacet
  facet normal -0.236252 0.379941 0.894332
    outer loop
      vertex -4.5 7.79423 7.5
      vertex -9 15.5885 3
      vertex -10.0003 14.9665 3
    endloop
  endfacet
  facet normal -0.528067 0.849203 0
    outer loop
      vertex -4.5 7.79423 7.5
      vertex -5.00013 7.48323 7.94436
      vertex -4.5 7.79423 7.94436
    endloop
  endfacet
  facet normal -0.528067 0.849203 0
    outer loop
      vertex -5.00013 7.48323 7.94436
      vertex -4.5 7.79423 7.5
      vertex -5.00013 7.48323 7.5
    endloop
  endfacet
  facet normal -0.373498 0.600642 -0.706914
    outer loop
      vertex -9.16691 13.7192 23
      vertex -5.33717 8.18909 16.2778
      vertex -5.43226 8.12996 16.2778
    endloop
  endfacet
  facet normal -0.373515 0.600631 -0.706915
    outer loop
      vertex -5.33717 8.18909 16.2778
      vertex -9.16691 13.7192 23
      vertex -8.25 14.2894 23
    endloop
  endfacet
  facet normal -0.373502 0.600638 -0.706916
    outer loop
      vertex -5.1822 8.28546 16.2778
      vertex -8.25 14.2894 23
      vertex -4.88891 8.46784 16.2778
    endloop
  endfacet
  facet normal -0.373511 0.600633 -0.706915
    outer loop
      vertex -8.25 14.2894 23
      vertex -5.1822 8.28546 16.2778
      vertex -5.33717 8.18909 16.2778
    endloop
  endfacet
  facet normal -0.528087 0.84919 0
    outer loop
      vertex -8.25 14.2894 23
      vertex -9.16691 13.7192 25
      vertex -8.25 14.2894 25
    endloop
  endfacet
  facet normal -0.528087 0.84919 0
    outer loop
      vertex -9.16691 13.7192 25
      vertex -8.25 14.2894 23
      vertex -9.16691 13.7192 23
    endloop
  endfacet
  facet normal -0.373475 0.600622 -0.706943
    outer loop
      vertex -9 15.5885 0.599991
      vertex -9.66692 14.4676 0
      vertex -10.0003 14.9665 0.599991
    endloop
  endfacet
  facet normal -0.373444 0.600616 -0.706966
    outer loop
      vertex -9 15.5885 0.599991
      vertex -8.7 15.0688 0
      vertex -9.66692 14.4676 0
    endloop
  endfacet
  facet normal -0.471364 0.881939 0
    outer loop
      vertex -7.9612 16.1437 0.599991
      vertex -9 15.5885 3
      vertex -7.9612 16.1437 3
    endloop
  endfacet
  facet normal -0.471364 0.881939 0
    outer loop
      vertex -9 15.5885 3
      vertex -7.9612 16.1437 0.599991
      vertex -9 15.5885 0.599991
    endloop
  endfacet
  facet normal -0.210902 0.394577 0.894332
    outer loop
      vertex -4.5 7.79423 7.5
      vertex -3.9806 8.07185 7.5
      vertex -9 15.5885 3
    endloop
  endfacet
  facet normal -0.21089 0.394584 0.894332
    outer loop
      vertex -3.9806 8.07185 7.5
      vertex -7.9612 16.1437 3
      vertex -9 15.5885 3
    endloop
  endfacet
  facet normal -0.47139 0.881925 0
    outer loop
      vertex -3.9806 8.07185 7.5
      vertex -4.5 7.79423 7.94436
      vertex -3.9806 8.07185 7.94436
    endloop
  endfacet
  facet normal -0.47139 0.881925 0
    outer loop
      vertex -4.5 7.79423 7.94436
      vertex -3.9806 8.07185 7.5
      vertex -4.5 7.79423 7.5
    endloop
  endfacet
  facet normal -0.333377 0.623804 -0.706915
    outer loop
      vertex -8.25 14.2894 23
      vertex -4.79015 8.52062 16.2778
      vertex -4.88891 8.46784 16.2778
    endloop
  endfacet
  facet normal -0.333426 0.623776 -0.706916
    outer loop
      vertex -4.79015 8.52062 16.2778
      vertex -8.25 14.2894 23
      vertex -7.29776 14.7984 23
    endloop
  endfacet
  facet normal -0.333435 0.623772 -0.706916
    outer loop
      vertex -7.29776 14.7984 23
      vertex -4.62921 8.60665 16.2778
      vertex -4.79015 8.52062 16.2778
    endloop
  endfacet
  facet normal -0.333423 0.623778 -0.706916
    outer loop
      vertex -4.62921 8.60665 16.2778
      vertex -7.29776 14.7984 23
      vertex -4.32462 8.76946 16.2778
    endloop
  endfacet
  facet normal -0.471409 0.881915 0
    outer loop
      vertex -7.29776 14.7984 23
      vertex -8.25 14.2894 25
      vertex -7.29776 14.7984 25
    endloop
  endfacet
  facet normal -0.471409 0.881915 0
    outer loop
      vertex -8.25 14.2894 25
      vertex -7.29776 14.7984 23
      vertex -8.25 14.2894 23
    endloop
  endfacet
  facet normal -0.333371 0.623749 -0.706966
    outer loop
      vertex -7.9612 16.1437 0.599991
      vertex -8.7 15.0688 0
      vertex -9 15.5885 0.599991
    endloop
  endfacet
  facet normal -0.333446 0.62377 -0.706912
    outer loop
      vertex -7.9612 16.1437 0.599991
      vertex -7.69582 15.6056 0
      vertex -8.7 15.0688 0
    endloop
  endfacet
  facet normal -0.41269 0.910872 0
    outer loop
      vertex -6.8883 16.6298 0.599991
      vertex -7.9612 16.1437 3
      vertex -6.8883 16.6298 3
    endloop
  endfacet
  facet normal -0.41269 0.910872 0
    outer loop
      vertex -7.9612 16.1437 3
      vertex -6.8883 16.6298 0.599991
      vertex -7.9612 16.1437 0.599991
    endloop
  endfacet
  facet normal -0.184653 0.407524 0.894331
    outer loop
      vertex -6.8883 16.6298 3
      vertex -3.9806 8.07185 7.5
      vertex -3.44415 8.31492 7.5
    endloop
  endfacet
  facet normal -0.18464 0.407529 0.894331
    outer loop
      vertex -3.9806 8.07185 7.5
      vertex -6.8883 16.6298 3
      vertex -7.9612 16.1437 3
    endloop
  endfacet
  facet normal -0.412718 0.910859 0
    outer loop
      vertex -3.44415 8.31492 7.5
      vertex -3.9806 8.07185 7.94436
      vertex -3.44415 8.31492 7.94436
    endloop
  endfacet
  facet normal -0.412718 0.910859 0
    outer loop
      vertex -3.9806 8.07185 7.94436
      vertex -3.44415 8.31492 7.5
      vertex -3.9806 8.07185 7.5
    endloop
  endfacet
  facet normal 0 0 -1
    outer loop
      vertex -4.05639 8.89099 16.2778
      vertex -3.74181 9.03353 16.2778
      vertex -3.74181 9.03352 16.2778
    endloop
  endfacet
  facet normal -0.2919 0.644255 -0.706916
    outer loop
      vertex -7.29776 14.7984 23
      vertex -4.05639 8.89099 16.2778
      vertex -4.32462 8.76946 16.2778
    endloop
  endfacet
  facet normal -0.291916 0.644248 -0.706916
    outer loop
      vertex -4.05639 8.89099 16.2778
      vertex -6.31428 15.244 23
      vertex -3.74181 9.03353 16.2778
    endloop
  endfacet
  facet normal -0.291902 0.644254 -0.706916
    outer loop
      vertex -4.05639 8.89099 16.2778
      vertex -7.29776 14.7984 23
      vertex -6.31428 15.244 23
    endloop
  endfacet
  facet normal -0.4127 0.910867 0
    outer loop
      vertex -6.31428 15.244 23
      vertex -7.29776 14.7984 25
      vertex -6.31428 15.244 25
    endloop
  endfacet
  facet normal -0.4127 0.910867 0
    outer loop
      vertex -7.29776 14.7984 25
      vertex -6.31428 15.244 23
      vertex -7.29776 14.7984 23
    endloop
  endfacet
  facet normal -0.291896 0.644261 -0.706911
    outer loop
      vertex -6.8883 16.6298 0.599991
      vertex -7.69582 15.6056 0
      vertex -7.9612 16.1437 0.599991
    endloop
  endfacet
  facet normal -0.291901 0.644263 -0.706908
    outer loop
      vertex -6.8883 16.6298 0.599991
      vertex -6.65869 16.0755 0
      vertex -7.69582 15.6056 0
    endloop
  endfacet
  facet normal -0.352242 0.935909 0
    outer loop
      vertex -5.78591 17.0447 0.599991
      vertex -6.8883 16.6298 3
      vertex -5.78591 17.0447 3
    endloop
  endfacet
  facet normal -0.352242 0.935909 0
    outer loop
      vertex -6.8883 16.6298 3
      vertex -5.78591 17.0447 0.599991
      vertex -6.8883 16.6298 0.599991
    endloop
  endfacet
  facet normal -0.157594 0.418732 0.894331
    outer loop
      vertex -3.44415 8.31492 7.5
      vertex -2.89295 8.52237 7.5
      vertex -6.8883 16.6298 3
    endloop
  endfacet
  facet normal -0.157596 0.418732 0.894331
    outer loop
      vertex -2.89295 8.52237 7.5
      vertex -5.78591 17.0447 3
      vertex -6.8883 16.6298 3
    endloop
  endfacet
  facet normal -0.35224 0.93591 0
    outer loop
      vertex -2.89295 8.52237 7.5
      vertex -3.44415 8.31492 7.94436
      vertex -2.89295 8.52237 7.94436
    endloop
  endfacet
  facet normal -0.35224 0.93591 0
    outer loop
      vertex -3.44415 8.31492 7.94436
      vertex -2.89295 8.52237 7.5
      vertex -3.44415 8.31492 7.5
    endloop
  endfacet
  facet normal -0.249124 0.661973 -0.706915
    outer loop
      vertex -6.31428 15.244 23
      vertex -3.63701 9.07297 16.2778
      vertex -3.74181 9.03353 16.2778
    endloop
  endfacet
  facet normal -0.249125 0.661972 -0.706915
    outer loop
      vertex -3.63701 9.07297 16.2778
      vertex -6.31428 15.244 23
      vertex -5.30375 15.6243 23
    endloop
  endfacet
  facet normal -0.249155 0.661963 -0.706914
    outer loop
      vertex -3.46621 9.13725 16.2778
      vertex -5.30375 15.6243 23
      vertex -3.14298 9.25891 16.2778
    endloop
  endfacet
  facet normal -0.24913 0.661971 -0.706915
    outer loop
      vertex -5.30375 15.6243 23
      vertex -3.46621 9.13725 16.2778
      vertex -3.63701 9.07297 16.2778
    endloop
  endfacet
  facet normal -0.35222 0.935917 0
    outer loop
      vertex -5.30375 15.6243 23
      vertex -6.31428 15.244 25
      vertex -5.30375 15.6243 25
    endloop
  endfacet
  facet normal -0.35222 0.935917 0
    outer loop
      vertex -6.31428 15.244 25
      vertex -5.30375 15.6243 23
      vertex -6.31428 15.244 23
    endloop
  endfacet
  facet normal -0.249143 0.661974 -0.706907
    outer loop
      vertex -5.78591 17.0447 0.599991
      vertex -6.65869 16.0755 0
      vertex -6.8883 16.6298 0.599991
    endloop
  endfacet
  facet normal -0.249164 0.661983 -0.706892
    outer loop
      vertex -5.78591 17.0447 0.599991
      vertex -5.59304 16.4766 0
      vertex -6.65869 16.0755 0
    endloop
  endfacet
  facet normal -0.290344 0.956922 0
    outer loop
      vertex -4.65874 17.3867 0.599991
      vertex -5.78591 17.0447 3
      vertex -4.65874 17.3867 3
    endloop
  endfacet
  facet normal -0.290344 0.956922 0
    outer loop
      vertex -5.78591 17.0447 3
      vertex -4.65874 17.3867 0.599991
      vertex -5.78591 17.0447 0.599991
    endloop
  endfacet
  facet normal -0.129875 0.428142 0.894331
    outer loop
      vertex -2.89295 8.52237 7.5
      vertex -2.32937 8.69333 7.5
      vertex -5.78591 17.0447 3
    endloop
  endfacet
  facet normal -0.129901 0.428131 0.894332
    outer loop
      vertex -2.32937 8.69333 7.5
      vertex -4.65874 17.3867 3
      vertex -5.78591 17.0447 3
    endloop
  endfacet
  facet normal -0.290284 0.95694 0
    outer loop
      vertex -2.32937 8.69333 7.5
      vertex -2.89295 8.52237 7.94436
      vertex -2.32937 8.69333 7.94436
    endloop
  endfacet
  facet normal -0.290284 0.95694 0
    outer loop
      vertex -2.89295 8.52237 7.94436
      vertex -2.32937 8.69333 7.5
      vertex -2.89295 8.52237 7.5
    endloop
  endfacet
  facet normal -0.20528 0.676856 -0.706913
    outer loop
      vertex -5.30375 15.6243 23
      vertex -3.03582 9.29141 16.2778
      vertex -3.14298 9.25891 16.2778
    endloop
  endfacet
  facet normal -0.20536 0.676829 -0.706915
    outer loop
      vertex -3.03582 9.29141 16.2778
      vertex -5.30375 15.6243 23
      vertex -4.27051 15.9378 23
    endloop
  endfacet
  facet normal -0.205325 0.676838 -0.706917
    outer loop
      vertex -2.86118 9.34439 16.2778
      vertex -4.27051 15.9378 23
      vertex -2.53068 9.44465 16.2778
    endloop
  endfacet
  facet normal -0.20533 0.676837 -0.706917
    outer loop
      vertex -4.27051 15.9378 23
      vertex -2.86118 9.34439 16.2778
      vertex -3.03582 9.29141 16.2778
    endloop
  endfacet
  facet normal -0.290344 0.956922 0
    outer loop
      vertex -4.27051 15.9378 23
      vertex -5.30375 15.6243 25
      vertex -4.27051 15.9378 25
    endloop
  endfacet
  facet normal -0.290344 0.956922 0
    outer loop
      vertex -5.30375 15.6243 25
      vertex -4.27051 15.9378 23
      vertex -5.30375 15.6243 23
    endloop
  endfacet
  facet normal -0.205367 0.676852 -0.706892
    outer loop
      vertex -4.65874 17.3867 0.599991
      vertex -5.59304 16.4766 0
      vertex -5.78591 17.0447 0.599991
    endloop
  endfacet
  facet normal -0.205295 0.676815 -0.706948
    outer loop
      vertex -4.65874 17.3867 0.599991
      vertex -4.50345 16.8071 0
      vertex -5.59304 16.4766 0
    endloop
  endfacet
  facet normal -0.227021 0.97389 0
    outer loop
      vertex -3.51163 17.6541 0.599991
      vertex -4.65874 17.3867 3
      vertex -3.51163 17.6541 3
    endloop
  endfacet
  facet normal -0.227021 0.97389 0
    outer loop
      vertex -4.65874 17.3867 3
      vertex -3.51163 17.6541 0.599991
      vertex -4.65874 17.3867 0.599991
    endloop
  endfacet
  facet normal -0.101598 0.435715 0.894332
    outer loop
      vertex -2.32937 8.69333 7.5
      vertex -1.75581 8.82707 7.5
      vertex -4.65874 17.3867 3
    endloop
  endfacet
  facet normal -0.101571 0.435724 0.894331
    outer loop
      vertex -1.75581 8.82707 7.5
      vertex -3.51163 17.6541 3
      vertex -4.65874 17.3867 3
    endloop
  endfacet
  facet normal -0.227084 0.973875 0
    outer loop
      vertex -1.75581 8.82707 7.5
      vertex -2.32937 8.69333 7.94436
      vertex -1.75581 8.82707 7.94436
    endloop
  endfacet
  facet normal -0.227084 0.973875 0
    outer loop
      vertex -2.32937 8.69333 7.94436
      vertex -1.75581 8.82707 7.5
      vertex -2.32937 8.69333 7.5
    endloop
  endfacet
  facet normal -0.160569 0.68883 -0.706917
    outer loop
      vertex -4.27051 15.9378 23
      vertex -2.42163 9.47007 16.2778
      vertex -2.53068 9.44465 16.2778
    endloop
  endfacet
  facet normal -0.160622 0.688816 -0.706918
    outer loop
      vertex -2.42163 9.47007 16.2778
      vertex -4.27051 15.9378 23
      vertex -3.21899 16.183 23
    endloop
  endfacet
  facet normal -0.160615 0.688817 -0.706919
    outer loop
      vertex -3.21899 16.183 23
      vertex -2.24391 9.51151 16.2778
      vertex -2.42163 9.47007 16.2778
    endloop
  endfacet
  facet normal -0.160618 0.688816 -0.706918
    outer loop
      vertex -2.24391 9.51151 16.2778
      vertex -3.21899 16.183 23
      vertex -1.90756 9.58994 16.2778
    endloop
  endfacet
  facet normal -0.227094 0.973873 0
    outer loop
      vertex -3.21899 16.183 23
      vertex -4.27051 15.9378 25
      vertex -3.21899 16.183 25
    endloop
  endfacet
  facet normal -0.227094 0.973873 0
    outer loop
      vertex -4.27051 15.9378 25
      vertex -3.21899 16.183 23
      vertex -4.27051 15.9378 23
    endloop
  endfacet
  facet normal -0.160564 0.688799 -0.706947
    outer loop
      vertex -3.51163 17.6541 0.599991
      vertex -4.50345 16.8071 0
      vertex -4.65874 17.3867 0.599991
    endloop
  endfacet
  facet normal -0.160645 0.688847 -0.706882
    outer loop
      vertex -3.51163 17.6541 0.599991
      vertex -3.39457 17.0657 0
      vertex -4.50345 16.8071 0
    endloop
  endfacet
  facet normal -0.162917 0.98664 0
    outer loop
      vertex -2.34947 17.846 0.599991
      vertex -3.51163 17.6541 3
      vertex -2.34947 17.846 3
    endloop
  endfacet
  facet normal -0.162917 0.98664 0
    outer loop
      vertex -3.51163 17.6541 3
      vertex -2.34947 17.846 0.599991
      vertex -3.51163 17.6541 0.599991
    endloop
  endfacet
  facet normal -0.0728768 0.441432 0.894331
    outer loop
      vertex -1.75581 8.82707 7.5
      vertex -1.17474 8.923 7.5
      vertex -3.51163 17.6541 3
    endloop
  endfacet
  facet normal -0.0728902 0.441428 0.894331
    outer loop
      vertex -1.17474 8.923 7.5
      vertex -2.34947 17.846 3
      vertex -3.51163 17.6541 3
    endloop
  endfacet
  facet normal -0.162887 0.986645 0
    outer loop
      vertex -1.17474 8.923 7.5
      vertex -1.75581 8.82707 7.94436
      vertex -1.17474 8.923 7.94436
    endloop
  endfacet
  facet normal -0.162887 0.986645 0
    outer loop
      vertex -1.75581 8.82707 7.94436
      vertex -1.17474 8.923 7.5
      vertex -1.75581 8.82707 7.5
    endloop
  endfacet
  facet normal -0.115213 0.697848 -0.706919
    outer loop
      vertex -3.21899 16.183 23
      vertex -1.79708 9.60818 16.2778
      vertex -1.90756 9.58994 16.2778
    endloop
  endfacet
  facet normal -0.115162 0.697858 -0.706917
    outer loop
      vertex -1.79708 9.60818 16.2778
      vertex -3.21899 16.183 23
      vertex -2.15368 16.3588 23
    endloop
  endfacet
  facet normal -0.115223 0.697851 -0.706914
    outer loop
      vertex -2.15368 16.3588 23
      vertex -1.61702 9.63791 16.2778
      vertex -1.79708 9.60818 16.2778
    endloop
  endfacet
  facet normal -0.115216 0.697852 -0.706914
    outer loop
      vertex -1.61702 9.63791 16.2778
      vertex -2.15368 16.3588 23
      vertex -1.27626 9.69417 16.2778
    endloop
  endfacet
  facet normal -0.16282 0.986656 0
    outer loop
      vertex -2.15368 16.3588 23
      vertex -3.21899 16.183 25
      vertex -2.15368 16.3588 25
    endloop
  endfacet
  facet normal -0.16282 0.986656 0
    outer loop
      vertex -3.21899 16.183 25
      vertex -2.15368 16.3588 23
      vertex -3.21899 16.183 23
    endloop
  endfacet
  facet normal -0.115237 0.697881 -0.706882
    outer loop
      vertex -2.34947 17.846 0.599991
      vertex -3.39457 17.0657 0
      vertex -3.51163 17.6541 0.599991
    endloop
  endfacet
  facet normal -0.115164 0.697831 -0.706943
    outer loop
      vertex -2.34947 17.846 0.599991
      vertex -2.27115 17.2511 0
      vertex -3.39457 17.0657 0
    endloop
  endfacet
  facet normal -0.098057 0.995181 0
    outer loop
      vertex -1.17726 17.9615 0.599991
      vertex -2.34947 17.846 3
      vertex -1.17726 17.9615 3
    endloop
  endfacet
  facet normal -0.098057 0.995181 0
    outer loop
      vertex -2.34947 17.846 3
      vertex -1.17726 17.9615 0.599991
      vertex -2.34947 17.846 0.599991
    endloop
  endfacet
  facet normal -0.0438557 0.445251 0.894331
    outer loop
      vertex -1.17474 8.923 7.5
      vertex -0.588628 8.98073 7.5
      vertex -2.34947 17.846 3
    endloop
  endfacet
  facet normal -0.0438711 0.445248 0.894332
    outer loop
      vertex -0.588628 8.98073 7.5
      vertex -1.17726 17.9615 3
      vertex -2.34947 17.846 3
    endloop
  endfacet
  facet normal -0.0980222 0.995184 0
    outer loop
      vertex -0.588628 8.98073 7.5
      vertex -1.17474 8.923 7.94436
      vertex -0.588628 8.98073 7.94436
    endloop
  endfacet
  facet normal -0.0980222 0.995184 0
    outer loop
      vertex -1.17474 8.923 7.94436
      vertex -0.588628 8.98073 7.5
      vertex -1.17474 8.923 7.5
    endloop
  endfacet
  facet normal -0.0692907 0.703898 -0.706914
    outer loop
      vertex -2.15368 16.3588 23
      vertex -1.16482 9.70514 16.2778
      vertex -1.27626 9.69417 16.2778
    endloop
  endfacet
  facet normal -0.0693715 0.703888 -0.706916
    outer loop
      vertex -1.16482 9.70514 16.2778
      vertex -2.15368 16.3588 23
      vertex -1.07915 16.4647 23
    endloop
  endfacet
  facet normal 0 0.707863 -0.706349
    outer loop
      vertex -0.6395 9.75688 16.2778
      vertex -1.07915 16.4647 23
      vertex -0.639499 9.75688 16.2778
    endloop
  endfacet
  facet normal -0.0693226 0.70389 -0.706918
    outer loop
      vertex -0.983207 9.72303 16.2778
      vertex -1.07915 16.4647 23
      vertex -0.6395 9.75688 16.2778
    endloop
  endfacet
  facet normal -0.0693374 0.703889 -0.706918
    outer loop
      vertex -1.07915 16.4647 23
      vertex -0.983207 9.72303 16.2778
      vertex -1.16482 9.70514 16.2778
    endloop
  endfacet
  facet normal -0.0980795 0.995179 0
    outer loop
      vertex -1.07915 16.4647 23
      vertex -2.15368 16.3588 25
      vertex -1.07915 16.4647 25
    endloop
  endfacet
  facet normal -0.0980795 0.995179 0
    outer loop
      vertex -2.15368 16.3588 25
      vertex -1.07915 16.4647 23
      vertex -2.15368 16.3588 23
    endloop
  endfacet
  facet normal -0.0693528 0.703862 -0.706943
    outer loop
      vertex -1.17726 17.9615 0.599991
      vertex -2.27115 17.2511 0
      vertex -2.34947 17.846 0.599991
    endloop
  endfacet
  facet normal -0.0693189 0.703835 -0.706973
    outer loop
      vertex -1.17726 17.9615 0.599991
      vertex -1.13801 17.3627 0
      vertex -2.27115 17.2511 0
    endloop
  endfacet
  facet normal -0.0326856 0.999466 0
    outer loop
      vertex 0 18 0.599991
      vertex -1.17726 17.9615 3
      vertex 0 18 3
    endloop
  endfacet
  facet normal -0.0326856 0.999466 0
    outer loop
      vertex -1.17726 17.9615 3
      vertex 0 18 0.599991
      vertex -1.17726 17.9615 0.599991
    endloop
  endfacet
  facet normal -0.0146389 0.447166 0.894331
    outer loop
      vertex 0 18 3
      vertex -0.588628 8.98073 7.5
      vertex 0 9 7.5
    endloop
  endfacet
  facet normal -0.0146237 0.447165 0.894332
    outer loop
      vertex -0.588628 8.98073 7.5
      vertex 0 18 3
      vertex -1.17726 17.9615 3
    endloop
  endfacet
  facet normal -0.0327196 0.999465 0
    outer loop
      vertex 0 9 7.5
      vertex -0.588628 8.98073 7.94436
      vertex 0 9 7.94436
    endloop
  endfacet
  facet normal -0.0327196 0.999465 0
    outer loop
      vertex -0.588628 8.98073 7.94436
      vertex 0 9 7.5
      vertex -0.588628 8.98073 7.5
    endloop
  endfacet
  facet normal -0.0231239 0.706918 -0.706917
    outer loop
      vertex -0.527582 9.76055 16.2778
      vertex -1.07915 16.4647 23
      vertex 0 16.5 23
    endloop
  endfacet
  facet normal -0.0231813 0.706915 -0.706919
    outer loop
      vertex -1.07915 16.4647 23
      vertex -0.527582 9.76055 16.2778
      vertex -0.639499 9.75688 16.2778
    endloop
  endfacet
  facet normal -0.0231417 0.706918 -0.706916
    outer loop
      vertex -0.345186 9.76652 16.2778
      vertex 0 16.5 23
      vertex 0 9.77782 16.2778
    endloop
  endfacet
  facet normal -0.0231381 0.706918 -0.706917
    outer loop
      vertex 0 16.5 23
      vertex -0.345186 9.76652 16.2778
      vertex -0.527582 9.76055 16.2778
    endloop
  endfacet
  facet normal -0.0326934 0.999465 0
    outer loop
      vertex 0 16.5 23
      vertex -1.07915 16.4647 25
      vertex 0 16.5 25
    endloop
  endfacet
  facet normal -0.0326934 0.999465 0
    outer loop
      vertex -1.07915 16.4647 25
      vertex 0 16.5 23
      vertex -1.07915 16.4647 23
    endloop
  endfacet
  facet normal -0.0231166 0.706863 -0.706972
    outer loop
      vertex 0 18 0.599991
      vertex -1.13801 17.3627 0
      vertex -1.17726 17.9615 0.599991
    endloop
  endfacet
  facet normal -0.0231701 0.706912 -0.706922
    outer loop
      vertex 0 18 0.599991
      vertex 0 17.4 0
      vertex -1.13801 17.3627 0
    endloop
  endfacet
  facet normal 0.0326856 0.999466 -0
    outer loop
      vertex 1.17726 17.9615 0.599991
      vertex 0 18 3
      vertex 1.17726 17.9615 3
    endloop
  endfacet
  facet normal 0.0326856 0.999466 0
    outer loop
      vertex 0 18 3
      vertex 1.17726 17.9615 0.599991
      vertex 0 18 0.599991
    endloop
  endfacet
  facet normal 0.0146237 0.447165 0.894332
    outer loop
      vertex 0 18 3
      vertex 0.588628 8.98073 7.5
      vertex 1.17726 17.9615 3
    endloop
  endfacet
  facet normal 0.0146389 0.447166 0.894331
    outer loop
      vertex 0.588628 8.98073 7.5
      vertex 0 18 3
      vertex 0 9 7.5
    endloop
  endfacet
  facet normal 0.0327196 0.999465 -0
    outer loop
      vertex 0.588628 8.98073 7.5
      vertex 0 9 7.94436
      vertex 0.588628 8.98073 7.94436
    endloop
  endfacet
  facet normal 0.0327196 0.999465 0
    outer loop
      vertex 0 9 7.94436
      vertex 0.588628 8.98073 7.5
      vertex 0 9 7.5
    endloop
  endfacet
  facet normal 0.023124 0.706918 -0.706917
    outer loop
      vertex 0.111918 9.77415 16.2778
      vertex 0 16.5 23
      vertex 1.07915 16.4647 23
    endloop
  endfacet
  facet normal 0.0231812 0.706918 -0.706916
    outer loop
      vertex 0 16.5 23
      vertex 0.111918 9.77415 16.2778
      vertex 0 9.77782 16.2778
    endloop
  endfacet
  facet normal 0.0231417 0.706917 -0.706918
    outer loop
      vertex 0.294314 9.76818 16.2778
      vertex 1.07915 16.4647 23
      vertex 0.639499 9.75688 16.2778
    endloop
  endfacet
  facet normal 0.0231381 0.706917 -0.706918
    outer loop
      vertex 1.07915 16.4647 23
      vertex 0.294314 9.76818 16.2778
      vertex 0.111918 9.77415 16.2778
    endloop
  endfacet
  facet normal 0.0326934 0.999465 -0
    outer loop
      vertex 1.07915 16.4647 23
      vertex 0 16.5 25
      vertex 1.07915 16.4647 25
    endloop
  endfacet
  facet normal 0.0326934 0.999465 0
    outer loop
      vertex 0 16.5 25
      vertex 1.07915 16.4647 23
      vertex 0 16.5 23
    endloop
  endfacet
  facet normal 0.0231182 0.706912 -0.706923
    outer loop
      vertex 0 18 0.599991
      vertex 1.17726 17.9615 0.599991
      vertex 0 17.4 0
    endloop
  endfacet
  facet normal 0.0231684 0.706861 -0.706973
    outer loop
      vertex 1.17726 17.9615 0.599991
      vertex 1.13801 17.3627 0
      vertex 0 17.4 0
    endloop
  endfacet
  facet normal 0.098057 0.995181 -0
    outer loop
      vertex 2.34947 17.846 0.599991
      vertex 1.17726 17.9615 3
      vertex 2.34947 17.846 3
    endloop
  endfacet
  facet normal 0.098057 0.995181 0
    outer loop
      vertex 1.17726 17.9615 3
      vertex 2.34947 17.846 0.599991
      vertex 1.17726 17.9615 0.599991
    endloop
  endfacet
  facet normal 0.0438555 0.445249 0.894332
    outer loop
      vertex 1.17474 8.923 7.5
      vertex 1.17726 17.9615 3
      vertex 0.588628 8.98073 7.5
    endloop
  endfacet
  facet normal 0.0438712 0.445249 0.894332
    outer loop
      vertex 2.34947 17.846 3
      vertex 1.17726 17.9615 3
      vertex 1.17474 8.923 7.5
    endloop
  endfacet
  facet normal 0.0980222 0.995184 -0
    outer loop
      vertex 1.17474 8.923 7.5
      vertex 0.588628 8.98073 7.94436
      vertex 1.17474 8.923 7.94436
    endloop
  endfacet
  facet normal 0.0980222 0.995184 0
    outer loop
      vertex 0.588628 8.98073 7.94436
      vertex 1.17474 8.923 7.5
      vertex 0.588628 8.98073 7.5
    endloop
  endfacet
  facet normal 0.0693714 0.703887 -0.706917
    outer loop
      vertex 0.750938 9.74591 16.2778
      vertex 1.07915 16.4647 23
      vertex 2.15368 16.3588 23
    endloop
  endfacet
  facet normal 0.0692915 0.703893 -0.706919
    outer loop
      vertex 0.6395 9.75688 16.2778
      vertex 1.07915 16.4647 23
      vertex 0.750938 9.74591 16.2778
    endloop
  endfacet
  facet normal 0 0.707863 -0.706349
    outer loop
      vertex 1.07915 16.4647 23
      vertex 0.6395 9.75688 16.2778
      vertex 0.639499 9.75688 16.2778
    endloop
  endfacet
  facet normal 0.069323 0.703894 -0.706914
    outer loop
      vertex 0.932553 9.72802 16.2778
      vertex 2.15368 16.3588 23
      vertex 1.27626 9.69417 16.2778
    endloop
  endfacet
  facet normal 0.0693369 0.703892 -0.706915
    outer loop
      vertex 2.15368 16.3588 23
      vertex 0.932553 9.72802 16.2778
      vertex 0.750938 9.74591 16.2778
    endloop
  endfacet
  facet normal 0.0980795 0.995179 -0
    outer loop
      vertex 2.15368 16.3588 23
      vertex 1.07915 16.4647 25
      vertex 2.15368 16.3588 25
    endloop
  endfacet
  facet normal 0.0980795 0.995179 0
    outer loop
      vertex 1.07915 16.4647 25
      vertex 2.15368 16.3588 23
      vertex 1.07915 16.4647 23
    endloop
  endfacet
  facet normal 0.0693499 0.703833 -0.706972
    outer loop
      vertex 1.17726 17.9615 0.599991
      vertex 2.34947 17.846 0.599991
      vertex 1.13801 17.3627 0
    endloop
  endfacet
  facet normal 0.0693219 0.703866 -0.706942
    outer loop
      vertex 2.34947 17.846 0.599991
      vertex 2.27115 17.2511 0
      vertex 1.13801 17.3627 0
    endloop
  endfacet
  facet normal 0.162917 0.98664 -0
    outer loop
      vertex 3.51163 17.6541 0.599991
      vertex 2.34947 17.846 3
      vertex 3.51163 17.6541 3
    endloop
  endfacet
  facet normal 0.162917 0.98664 0
    outer loop
      vertex 2.34947 17.846 3
      vertex 3.51163 17.6541 0.599991
      vertex 2.34947 17.846 0.599991
    endloop
  endfacet
  facet normal 0.0728766 0.44143 0.894331
    outer loop
      vertex 1.75581 8.82707 7.5
      vertex 2.34947 17.846 3
      vertex 1.17474 8.923 7.5
    endloop
  endfacet
  facet normal 0.0728903 0.441429 0.894331
    outer loop
      vertex 3.51163 17.6541 3
      vertex 2.34947 17.846 3
      vertex 1.75581 8.82707 7.5
    endloop
  endfacet
  facet normal 0.162887 0.986645 -0
    outer loop
      vertex 1.75581 8.82707 7.5
      vertex 1.17474 8.923 7.94436
      vertex 1.75581 8.82707 7.94436
    endloop
  endfacet
  facet normal 0.162887 0.986645 0
    outer loop
      vertex 1.17474 8.923 7.94436
      vertex 1.75581 8.82707 7.5
      vertex 1.17474 8.923 7.5
    endloop
  endfacet
  facet normal 0.115162 0.69786 -0.706916
    outer loop
      vertex 1.38674 9.67593 16.2778
      vertex 2.15368 16.3588 23
      vertex 3.21899 16.183 23
    endloop
  endfacet
  facet normal 0.115214 0.697852 -0.706914
    outer loop
      vertex 1.27626 9.69417 16.2778
      vertex 2.15368 16.3588 23
      vertex 1.38674 9.67593 16.2778
    endloop
  endfacet
  facet normal 0.115216 0.697848 -0.706919
    outer loop
      vertex 1.90756 9.58994 16.2778
      vertex 1.5668 9.6462 16.2778
      vertex 3.21899 16.183 23
    endloop
  endfacet
  facet normal 0.115223 0.697846 -0.706919
    outer loop
      vertex 3.21899 16.183 23
      vertex 1.5668 9.6462 16.2778
      vertex 1.38674 9.67593 16.2778
    endloop
  endfacet
  facet normal 0.16282 0.986656 -0
    outer loop
      vertex 3.21899 16.183 23
      vertex 2.15368 16.3588 25
      vertex 3.21899 16.183 25
    endloop
  endfacet
  facet normal 0.16282 0.986656 0
    outer loop
      vertex 2.15368 16.3588 25
      vertex 3.21899 16.183 23
      vertex 2.15368 16.3588 23
    endloop
  endfacet
  facet normal 0.115227 0.697822 -0.706942
    outer loop
      vertex 2.34947 17.846 0.599991
      vertex 3.51163 17.6541 0.599991
      vertex 2.27115 17.2511 0
    endloop
  endfacet
  facet normal 0.115174 0.697893 -0.706881
    outer loop
      vertex 3.51163 17.6541 0.599991
      vertex 3.39457 17.0657 0
      vertex 2.27115 17.2511 0
    endloop
  endfacet
  facet normal 0.227021 0.97389 -0
    outer loop
      vertex 4.65874 17.3867 0.599991
      vertex 3.51163 17.6541 3
      vertex 4.65874 17.3867 3
    endloop
  endfacet
  facet normal 0.227021 0.97389 0
    outer loop
      vertex 3.51163 17.6541 3
      vertex 4.65874 17.3867 0.599991
      vertex 3.51163 17.6541 0.599991
    endloop
  endfacet
  facet normal 0.101599 0.435718 0.894331
    outer loop
      vertex 2.32937 8.69333 7.5
      vertex 3.51163 17.6541 3
      vertex 1.75581 8.82707 7.5
    endloop
  endfacet
  facet normal 0.10157 0.435723 0.894332
    outer loop
      vertex 4.65874 17.3867 3
      vertex 3.51163 17.6541 3
      vertex 2.32937 8.69333 7.5
    endloop
  endfacet
  facet normal 0.227084 0.973875 -0
    outer loop
      vertex 2.32937 8.69333 7.5
      vertex 1.75581 8.82707 7.94436
      vertex 2.32937 8.69333 7.94436
    endloop
  endfacet
  facet normal 0.227084 0.973875 0
    outer loop
      vertex 1.75581 8.82707 7.94436
      vertex 2.32937 8.69333 7.5
      vertex 1.75581 8.82707 7.5
    endloop
  endfacet
  facet normal 0.160622 0.688815 -0.706918
    outer loop
      vertex 2.01661 9.56451 16.2778
      vertex 3.21899 16.183 23
      vertex 4.27051 15.9378 23
    endloop
  endfacet
  facet normal 0.160629 0.688814 -0.706918
    outer loop
      vertex 3.21899 16.183 23
      vertex 2.01661 9.56451 16.2778
      vertex 1.90756 9.58994 16.2778
    endloop
  endfacet
  facet normal 0.160603 0.688821 -0.706917
    outer loop
      vertex 2.19434 9.52307 16.2778
      vertex 4.27051 15.9378 23
      vertex 2.53068 9.44465 16.2778
    endloop
  endfacet
  facet normal 0.160607 0.68882 -0.706918
    outer loop
      vertex 4.27051 15.9378 23
      vertex 2.19434 9.52307 16.2778
      vertex 2.01661 9.56451 16.2778
    endloop
  endfacet
  facet normal 0.227094 0.973873 -0
    outer loop
      vertex 4.27051 15.9378 23
      vertex 3.21899 16.183 25
      vertex 4.27051 15.9378 25
    endloop
  endfacet
  facet normal 0.227094 0.973873 0
    outer loop
      vertex 3.21899 16.183 25
      vertex 4.27051 15.9378 23
      vertex 3.21899 16.183 23
    endloop
  endfacet
  facet normal 0.160579 0.688862 -0.706883
    outer loop
      vertex 3.51163 17.6541 0.599991
      vertex 4.65874 17.3867 0.599991
      vertex 3.39457 17.0657 0
    endloop
  endfacet
  facet normal 0.16063 0.688783 -0.706949
    outer loop
      vertex 4.65874 17.3867 0.599991
      vertex 4.50345 16.8071 0
      vertex 3.39457 17.0657 0
    endloop
  endfacet
  facet normal 0.290344 0.956922 -0
    outer loop
      vertex 5.78591 17.0447 0.599991
      vertex 4.65874 17.3867 3
      vertex 5.78591 17.0447 3
    endloop
  endfacet
  facet normal 0.290344 0.956922 0
    outer loop
      vertex 4.65874 17.3867 3
      vertex 5.78591 17.0447 0.599991
      vertex 4.65874 17.3867 0.599991
    endloop
  endfacet
  facet normal 0.129874 0.428139 0.894332
    outer loop
      vertex 2.89295 8.52237 7.5
      vertex 4.65874 17.3867 3
      vertex 2.32937 8.69333 7.5
    endloop
  endfacet
  facet normal 0.129902 0.428133 0.894331
    outer loop
      vertex 5.78591 17.0447 3
      vertex 4.65874 17.3867 3
      vertex 2.89295 8.52237 7.5
    endloop
  endfacet
  facet normal 0.290284 0.95694 -0
    outer loop
      vertex 2.89295 8.52237 7.5
      vertex 2.32937 8.69333 7.94436
      vertex 2.89295 8.52237 7.94436
    endloop
  endfacet
  facet normal 0.290284 0.95694 0
    outer loop
      vertex 2.32937 8.69333 7.94436
      vertex 2.89295 8.52237 7.5
      vertex 2.32937 8.69333 7.5
    endloop
  endfacet
  facet normal 0.205359 0.676828 -0.706917
    outer loop
      vertex 2.63784 9.41214 16.2778
      vertex 4.27051 15.9378 23
      vertex 5.30375 15.6243 23
    endloop
  endfacet
  facet normal 0.205337 0.676834 -0.706917
    outer loop
      vertex 4.27051 15.9378 23
      vertex 2.63784 9.41214 16.2778
      vertex 2.53068 9.44465 16.2778
    endloop
  endfacet
  facet normal 0.205326 0.676841 -0.706914
    outer loop
      vertex 3.14298 9.25891 16.2778
      vertex 2.81248 9.35917 16.2778
      vertex 5.30375 15.6243 23
    endloop
  endfacet
  facet normal 0.205296 0.676852 -0.706913
    outer loop
      vertex 5.30375 15.6243 23
      vertex 2.81248 9.35917 16.2778
      vertex 2.63784 9.41214 16.2778
    endloop
  endfacet
  facet normal 0.290344 0.956922 -0
    outer loop
      vertex 5.30375 15.6243 23
      vertex 4.27051 15.9378 25
      vertex 5.30375 15.6243 25
    endloop
  endfacet
  facet normal 0.290344 0.956922 0
    outer loop
      vertex 4.27051 15.9378 25
      vertex 5.30375 15.6243 23
      vertex 4.27051 15.9378 23
    endloop
  endfacet
  facet normal 0.205351 0.676799 -0.706947
    outer loop
      vertex 4.65874 17.3867 0.599991
      vertex 5.78591 17.0447 0.599991
      vertex 4.50345 16.8071 0
    endloop
  endfacet
  facet normal 0.205312 0.67687 -0.706891
    outer loop
      vertex 5.78591 17.0447 0.599991
      vertex 5.59304 16.4766 0
      vertex 4.50345 16.8071 0
    endloop
  endfacet
  facet normal 0.352242 0.935909 -0
    outer loop
      vertex 6.8883 16.6298 0.599991
      vertex 5.78591 17.0447 3
      vertex 6.8883 16.6298 3
    endloop
  endfacet
  facet normal 0.352242 0.935909 0
    outer loop
      vertex 5.78591 17.0447 3
      vertex 6.8883 16.6298 0.599991
      vertex 5.78591 17.0447 0.599991
    endloop
  endfacet
  facet normal 0.157594 0.418732 0.894331
    outer loop
      vertex 3.44415 8.31492 7.5
      vertex 5.78591 17.0447 3
      vertex 2.89295 8.52237 7.5
    endloop
  endfacet
  facet normal 0.157596 0.418732 0.894331
    outer loop
      vertex 6.8883 16.6298 3
      vertex 5.78591 17.0447 3
      vertex 3.44415 8.31492 7.5
    endloop
  endfacet
  facet normal 0.35224 0.93591 -0
    outer loop
      vertex 3.44415 8.31492 7.5
      vertex 2.89295 8.52237 7.94436
      vertex 3.44415 8.31492 7.94436
    endloop
  endfacet
  facet normal 0.35224 0.93591 0
    outer loop
      vertex 2.89295 8.52237 7.94436
      vertex 3.44415 8.31492 7.5
      vertex 2.89295 8.52237 7.5
    endloop
  endfacet
  facet normal 0.249125 0.661973 -0.706914
    outer loop
      vertex 3.24778 9.21947 16.2778
      vertex 5.30375 15.6243 23
      vertex 6.31428 15.244 23
    endloop
  endfacet
  facet normal 0.249124 0.661974 -0.706914
    outer loop
      vertex 5.30375 15.6243 23
      vertex 3.24778 9.21947 16.2778
      vertex 3.14298 9.25891 16.2778
    endloop
  endfacet
  facet normal 0.24913 0.66197 -0.706915
    outer loop
      vertex 3.41857 9.15518 16.2778
      vertex 6.31428 15.244 23
      vertex 3.74181 9.03353 16.2778
    endloop
  endfacet
  facet normal 0.249176 0.661951 -0.706918
    outer loop
      vertex 6.31428 15.244 23
      vertex 3.41857 9.15518 16.2778
      vertex 3.24778 9.21947 16.2778
    endloop
  endfacet
  facet normal 0.35222 0.935917 -0
    outer loop
      vertex 6.31428 15.244 23
      vertex 5.30375 15.6243 25
      vertex 6.31428 15.244 25
    endloop
  endfacet
  facet normal 0.35222 0.935917 0
    outer loop
      vertex 5.30375 15.6243 25
      vertex 6.31428 15.244 23
      vertex 5.30375 15.6243 23
    endloop
  endfacet
  facet normal 0.249149 0.661988 -0.706892
    outer loop
      vertex 5.78591 17.0447 0.599991
      vertex 6.8883 16.6298 0.599991
      vertex 5.59304 16.4766 0
    endloop
  endfacet
  facet normal 0.249158 0.661968 -0.706908
    outer loop
      vertex 6.8883 16.6298 0.599991
      vertex 6.65869 16.0755 0
      vertex 5.59304 16.4766 0
    endloop
  endfacet
  facet normal 0.41269 0.910872 -0
    outer loop
      vertex 7.9612 16.1437 0.599991
      vertex 6.8883 16.6298 3
      vertex 7.9612 16.1437 3
    endloop
  endfacet
  facet normal 0.41269 0.910872 0
    outer loop
      vertex 6.8883 16.6298 3
      vertex 7.9612 16.1437 0.599991
      vertex 6.8883 16.6298 0.599991
    endloop
  endfacet
  facet normal 0.18464 0.407529 0.894331
    outer loop
      vertex 6.8883 16.6298 3
      vertex 3.9806 8.07185 7.5
      vertex 7.9612 16.1437 3
    endloop
  endfacet
  facet normal 0.184653 0.407524 0.894331
    outer loop
      vertex 3.9806 8.07185 7.5
      vertex 6.8883 16.6298 3
      vertex 3.44415 8.31492 7.5
    endloop
  endfacet
  facet normal 0.412718 0.910859 -0
    outer loop
      vertex 3.9806 8.07185 7.5
      vertex 3.44415 8.31492 7.94436
      vertex 3.9806 8.07185 7.94436
    endloop
  endfacet
  facet normal 0.412718 0.910859 0
    outer loop
      vertex 3.44415 8.31492 7.94436
      vertex 3.9806 8.07185 7.5
      vertex 3.44415 8.31492 7.5
    endloop
  endfacet
  facet normal 0.291892 0.644259 -0.706916
    outer loop
      vertex 4.01003 8.91199 16.2778
      vertex 7.29776 14.7984 23
      vertex 4.32462 8.76946 16.2778
    endloop
  endfacet
  facet normal 0.291902 0.644254 -0.706916
    outer loop
      vertex 7.29776 14.7984 23
      vertex 4.01003 8.91199 16.2778
      vertex 6.31428 15.244 23
    endloop
  endfacet
  facet normal 0 0 -1
    outer loop
      vertex 3.74181 9.03353 16.2778
      vertex 4.01003 8.91199 16.2778
      vertex 3.74181 9.03352 16.2778
    endloop
  endfacet
  facet normal 0.291929 0.644242 -0.706915
    outer loop
      vertex 4.01003 8.91199 16.2778
      vertex 3.74181 9.03353 16.2778
      vertex 6.31428 15.244 23
    endloop
  endfacet
  facet normal 0.4127 0.910867 -0
    outer loop
      vertex 7.29776 14.7984 23
      vertex 6.31428 15.244 25
      vertex 7.29776 14.7984 25
    endloop
  endfacet
  facet normal 0.4127 0.910867 0
    outer loop
      vertex 6.31428 15.244 25
      vertex 7.29776 14.7984 23
      vertex 6.31428 15.244 23
    endloop
  endfacet
  facet normal 0.291898 0.644265 -0.706908
    outer loop
      vertex 6.8883 16.6298 0.599991
      vertex 7.9612 16.1437 0.599991
      vertex 6.65869 16.0755 0
    endloop
  endfacet
  facet normal 0.291899 0.64426 -0.706912
    outer loop
      vertex 7.9612 16.1437 0.599991
      vertex 7.69582 15.6056 0
      vertex 6.65869 16.0755 0
    endloop
  endfacet
  facet normal 0.471364 0.881939 -0
    outer loop
      vertex 9 15.5885 0.599991
      vertex 7.9612 16.1437 3
      vertex 9 15.5885 3
    endloop
  endfacet
  facet normal 0.471364 0.881939 0
    outer loop
      vertex 7.9612 16.1437 3
      vertex 9 15.5885 0.599991
      vertex 7.9612 16.1437 0.599991
    endloop
  endfacet
  facet normal 0.210902 0.394578 0.894331
    outer loop
      vertex 4.5 7.79423 7.5
      vertex 7.9612 16.1437 3
      vertex 3.9806 8.07185 7.5
    endloop
  endfacet
  facet normal 0.21089 0.394583 0.894332
    outer loop
      vertex 9 15.5885 3
      vertex 7.9612 16.1437 3
      vertex 4.5 7.79423 7.5
    endloop
  endfacet
  facet normal 0.47139 0.881925 -0
    outer loop
      vertex 4.5 7.79423 7.5
      vertex 3.9806 8.07185 7.94436
      vertex 4.5 7.79423 7.94436
    endloop
  endfacet
  facet normal 0.47139 0.881925 0
    outer loop
      vertex 3.9806 8.07185 7.94436
      vertex 4.5 7.79423 7.5
      vertex 3.9806 8.07185 7.5
    endloop
  endfacet
  facet normal 0.333426 0.623776 -0.706916
    outer loop
      vertex 4.42337 8.71667 16.2778
      vertex 7.29776 14.7984 23
      vertex 8.25 14.2894 23
    endloop
  endfacet
  facet normal 0.333452 0.623763 -0.706916
    outer loop
      vertex 7.29776 14.7984 23
      vertex 4.42337 8.71667 16.2778
      vertex 4.32462 8.76946 16.2778
    endloop
  endfacet
  facet normal 0.333407 0.623787 -0.706915
    outer loop
      vertex 4.58432 8.63064 16.2778
      vertex 8.25 14.2894 23
      vertex 4.88891 8.46784 16.2778
    endloop
  endfacet
  facet normal 0.333419 0.62378 -0.706916
    outer loop
      vertex 8.25 14.2894 23
      vertex 4.58432 8.63064 16.2778
      vertex 4.42337 8.71667 16.2778
    endloop
  endfacet
  facet normal 0.471409 0.881915 -0
    outer loop
      vertex 8.25 14.2894 23
      vertex 7.29776 14.7984 25
      vertex 8.25 14.2894 25
    endloop
  endfacet
  facet normal 0.471409 0.881915 0
    outer loop
      vertex 7.29776 14.7984 25
      vertex 8.25 14.2894 23
      vertex 7.29776 14.7984 23
    endloop
  endfacet
  facet normal 0.333396 0.623796 -0.706913
    outer loop
      vertex 7.9612 16.1437 0.599991
      vertex 9 15.5885 0.599991
      vertex 7.69582 15.6056 0
    endloop
  endfacet
  facet normal 0.33342 0.623721 -0.706967
    outer loop
      vertex 9 15.5885 0.599991
      vertex 8.7 15.0688 0
      vertex 7.69582 15.6056 0
    endloop
  endfacet
  facet normal 0.528052 0.849212 -0
    outer loop
      vertex 10.0003 14.9665 0.599991
      vertex 9 15.5885 3
      vertex 10.0003 14.9665 3
    endloop
  endfacet
  facet normal 0.528052 0.849212 0
    outer loop
      vertex 9 15.5885 3
      vertex 10.0003 14.9665 0.599991
      vertex 9 15.5885 0.599991
    endloop
  endfacet
  facet normal 0.236259 0.379937 0.894332
    outer loop
      vertex 5.00013 7.48323 7.5
      vertex 9 15.5885 3
      vertex 4.5 7.79423 7.5
    endloop
  endfacet
  facet normal 0.236252 0.37994 0.894332
    outer loop
      vertex 10.0003 14.9665 3
      vertex 9 15.5885 3
      vertex 5.00013 7.48323 7.5
    endloop
  endfacet
  facet normal 0.528067 0.849203 -0
    outer loop
      vertex 5.00013 7.48323 7.5
      vertex 4.5 7.79423 7.94436
      vertex 5.00013 7.48323 7.94436
    endloop
  endfacet
  facet normal 0.528067 0.849203 0
    outer loop
      vertex 4.5 7.79423 7.94436
      vertex 5.00013 7.48323 7.5
      vertex 4.5 7.79423 7.5
    endloop
  endfacet
  facet normal 0.373515 0.600631 -0.706915
    outer loop
      vertex 4.984 8.40871 16.2778
      vertex 8.25 14.2894 23
      vertex 9.16691 13.7192 23
    endloop
  endfacet
  facet normal 0.373498 0.600641 -0.706916
    outer loop
      vertex 8.25 14.2894 23
      vertex 4.984 8.40871 16.2778
      vertex 4.88891 8.46784 16.2778
    endloop
  endfacet
  facet normal 0.373503 0.600639 -0.706914
    outer loop
      vertex 5.13897 8.31234 16.2778
      vertex 9.16691 13.7192 23
      vertex 5.43226 8.12996 16.2778
    endloop
  endfacet
  facet normal 0.373511 0.600634 -0.706915
    outer loop
      vertex 9.16691 13.7192 23
      vertex 5.13897 8.31234 16.2778
      vertex 4.984 8.40871 16.2778
    endloop
  endfacet
  facet normal 0.528087 0.84919 -0
    outer loop
      vertex 9.16691 13.7192 23
      vertex 8.25 14.2894 25
      vertex 9.16691 13.7192 25
    endloop
  endfacet
  facet normal 0.528087 0.84919 0
    outer loop
      vertex 8.25 14.2894 25
      vertex 9.16691 13.7192 23
      vertex 8.25 14.2894 23
    endloop
  endfacet
  facet normal 0.373464 0.600604 -0.706965
    outer loop
      vertex 9 15.5885 0.599991
      vertex 10.0003 14.9665 0.599991
      vertex 8.7 15.0688 0
    endloop
  endfacet
  facet normal 0.373456 0.600635 -0.706943
    outer loop
      vertex 10.0003 14.9665 0.599991
      vertex 9.66692 14.4676 0
      vertex 8.7 15.0688 0
    endloop
  endfacet
  facet normal 0.582498 0.812832 -0
    outer loop
      vertex 10.9577 14.2804 0.599991
      vertex 10.0003 14.9665 3
      vertex 10.9577 14.2804 3
    endloop
  endfacet
  facet normal 0.582498 0.812832 0
    outer loop
      vertex 10.0003 14.9665 3
      vertex 10.9577 14.2804 0.599991
      vertex 10.0003 14.9665 0.599991
    endloop
  endfacet
  facet normal 0.260604 0.363669 0.894332
    outer loop
      vertex 5.47885 7.14018 7.5
      vertex 10.0003 14.9665 3
      vertex 5.00013 7.48323 7.5
    endloop
  endfacet
  facet normal 0.260612 0.363664 0.894332
    outer loop
      vertex 10.9577 14.2804 3
      vertex 10.0003 14.9665 3
      vertex 5.47885 7.14018 7.5
    endloop
  endfacet
  facet normal 0.582482 0.812843 -0
    outer loop
      vertex 5.47885 7.14018 7.5
      vertex 5.00013 7.48323 7.94436
      vertex 5.47885 7.14018 7.94436
    endloop
  endfacet
  facet normal 0.582482 0.812843 0
    outer loop
      vertex 5.00013 7.48323 7.94436
      vertex 5.47885 7.14018 7.5
      vertex 5.00013 7.48323 7.5
    endloop
  endfacet
  facet normal 0.411966 0.574939 -0.706915
    outer loop
      vertex 5.52328 8.06473 16.2778
      vertex 9.16691 13.7192 23
      vertex 10.0446 13.0903 23
    endloop
  endfacet
  facet normal 0.412011 0.574908 -0.706914
    outer loop
      vertex 9.16691 13.7192 23
      vertex 5.52328 8.06473 16.2778
      vertex 5.43226 8.12996 16.2778
    endloop
  endfacet
  facet normal 0.411977 0.574929 -0.706916
    outer loop
      vertex 5.67162 7.95843 16.2778
      vertex 10.0446 13.0903 23
      vertex 5.95236 7.75726 16.2778
    endloop
  endfacet
  facet normal 0.411987 0.574922 -0.706917
    outer loop
      vertex 10.0446 13.0903 23
      vertex 5.67162 7.95843 16.2778
      vertex 5.52328 8.06473 16.2778
    endloop
  endfacet
  facet normal 0.582451 0.812866 -0
    outer loop
      vertex 10.0446 13.0903 23
      vertex 9.16691 13.7192 25
      vertex 10.0446 13.0903 25
    endloop
  endfacet
  facet normal 0.582451 0.812866 0
    outer loop
      vertex 9.16691 13.7192 25
      vertex 10.0446 13.0903 23
      vertex 9.16691 13.7192 23
    endloop
  endfacet
  facet normal 0.411983 0.574891 -0.706944
    outer loop
      vertex 10.0003 14.9665 0.599991
      vertex 10.9577 14.2804 0.599991
      vertex 9.66692 14.4676 0
    endloop
  endfacet
  facet normal 0.411993 0.574839 -0.706981
    outer loop
      vertex 10.9577 14.2804 0.599991
      vertex 10.5924 13.8043 0
      vertex 9.66692 14.4676 0
    endloop
  endfacet
  facet normal 0.63443 0.77298 -0
    outer loop
      vertex 11.8682 13.5331 0.599991
      vertex 10.9577 14.2804 3
      vertex 11.8682 13.5331 3
    endloop
  endfacet
  facet normal 0.63443 0.77298 0
    outer loop
      vertex 10.9577 14.2804 3
      vertex 11.8682 13.5331 0.599991
      vertex 10.9577 14.2804 0.599991
    endloop
  endfacet
  facet normal 0.283829 0.345849 0.894332
    outer loop
      vertex 5.93411 6.76656 7.5
      vertex 10.9577 14.2804 3
      vertex 5.47885 7.14018 7.5
    endloop
  endfacet
  facet normal 0.283848 0.345836 0.894331
    outer loop
      vertex 11.8682 13.5331 3
      vertex 10.9577 14.2804 3
      vertex 5.93411 6.76656 7.5
    endloop
  endfacet
  facet normal 0.634391 0.773012 -0
    outer loop
      vertex 5.93411 6.76656 7.5
      vertex 5.47885 7.14018 7.94436
      vertex 5.93411 6.76656 7.94436
    endloop
  endfacet
  facet normal 0.634391 0.773012 0
    outer loop
      vertex 5.47885 7.14018 7.94436
      vertex 5.93411 6.76656 7.5
      vertex 5.47885 7.14018 7.5
    endloop
  endfacet
  facet normal 0.448689 0.54676 -0.706917
    outer loop
      vertex 6.03892 7.68623 16.2778
      vertex 10.0446 13.0903 23
      vertex 10.8792 12.4054 23
    endloop
  endfacet
  facet normal 0.448674 0.546772 -0.706917
    outer loop
      vertex 10.0446 13.0903 23
      vertex 6.03892 7.68623 16.2778
      vertex 5.95236 7.75726 16.2778
    endloop
  endfacet
  facet normal 0.448707 0.546743 -0.706918
    outer loop
      vertex 6.17999 7.57045 16.2778
      vertex 10.8792 12.4054 23
      vertex 6.44696 7.35135 16.2778
    endloop
  endfacet
  facet normal 0.448719 0.546733 -0.706919
    outer loop
      vertex 10.8792 12.4054 23
      vertex 6.17999 7.57045 16.2778
      vertex 6.03892 7.68623 16.2778
    endloop
  endfacet
  facet normal 0.634372 0.773028 -0
    outer loop
      vertex 10.8792 12.4054 23
      vertex 10.0446 13.0903 25
      vertex 10.8792 12.4054 25
    endloop
  endfacet
  facet normal 0.634372 0.773028 0
    outer loop
      vertex 10.0446 13.0903 25
      vertex 10.8792 12.4054 23
      vertex 10.0446 13.0903 23
    endloop
  endfacet
  facet normal 0.448691 0.546679 -0.706978
    outer loop
      vertex 10.9577 14.2804 0.599991
      vertex 11.8682 13.5331 0.599991
      vertex 10.5924 13.8043 0
    endloop
  endfacet
  facet normal 0.448681 0.546766 -0.706918
    outer loop
      vertex 11.8682 13.5331 0.599991
      vertex 11.4726 13.082 0
      vertex 10.5924 13.8043 0
    endloop
  endfacet
  facet normal 0.683594 0.729863 -0
    outer loop
      vertex 12.7279 12.7279 0.599991
      vertex 11.8682 13.5331 3
      vertex 12.7279 12.7279 3
    endloop
  endfacet
  facet normal 0.683594 0.729863 0
    outer loop
      vertex 11.8682 13.5331 3
      vertex 12.7279 12.7279 0.599991
      vertex 11.8682 13.5331 0.599991
    endloop
  endfacet
  facet normal 0.305844 0.326545 0.894331
    outer loop
      vertex 11.8682 13.5331 3
      vertex 6.36396 6.36396 7.5
      vertex 12.7279 12.7279 3
    endloop
  endfacet
  facet normal 0.305844 0.326545 0.894331
    outer loop
      vertex 6.36396 6.36396 7.5
      vertex 11.8682 13.5331 3
      vertex 5.93411 6.76656 7.5
    endloop
  endfacet
  facet normal 0.683594 0.729863 -0
    outer loop
      vertex 6.36396 6.36396 7.5
      vertex 5.93411 6.76656 7.94436
      vertex 6.36396 6.36396 7.94436
    endloop
  endfacet
  facet normal 0.683594 0.729863 0
    outer loop
      vertex 5.93411 6.76656 7.94436
      vertex 6.36396 6.36396 7.5
      vertex 5.93411 6.76656 7.5
    endloop
  endfacet
  facet normal 0.483489 0.516241 -0.706919
    outer loop
      vertex 6.52869 7.2748 16.2778
      vertex 10.8792 12.4054 23
      vertex 11.6673 11.6673 23
    endloop
  endfacet
  facet normal 0.483507 0.516225 -0.706918
    outer loop
      vertex 10.8792 12.4054 23
      vertex 6.52869 7.2748 16.2778
      vertex 6.44696 7.35135 16.2778
    endloop
  endfacet
  facet normal 0.483502 0.516228 -0.706919
    outer loop
      vertex 6.66189 7.15005 16.2778
      vertex 11.6673 11.6673 23
      vertex 6.91396 6.91396 16.2778
    endloop
  endfacet
  facet normal 0.48349 0.51624 -0.706919
    outer loop
      vertex 11.6673 11.6673 23
      vertex 6.66189 7.15005 16.2778
      vertex 6.52869 7.2748 16.2778
    endloop
  endfacet
  facet normal 0.683574 0.729881 -0
    outer loop
      vertex 11.6673 11.6673 23
      vertex 10.8792 12.4054 25
      vertex 11.6673 11.6673 25
    endloop
  endfacet
  facet normal 0.683574 0.729881 0
    outer loop
      vertex 10.8792 12.4054 25
      vertex 11.6673 11.6673 23
      vertex 10.8792 12.4054 23
    endloop
  endfacet
  facet normal 0.483503 0.516229 -0.706918
    outer loop
      vertex 11.8682 13.5331 0.599991
      vertex 12.7279 12.7279 0.599991
      vertex 11.4726 13.082 0
    endloop
  endfacet
  facet normal 0.483499 0.5163 -0.706868
    outer loop
      vertex 12.7279 12.7279 0.599991
      vertex 12.3037 12.3037 0
      vertex 11.4726 13.082 0
    endloop
  endfacet
  facet normal 0.729863 0.683594 0
    outer loop
      vertex 13.5331 11.8682 3
      vertex 12.7279 12.7279 0.599991
      vertex 12.7279 12.7279 3
    endloop
  endfacet
  facet normal 0.729863 0.683594 0
    outer loop
      vertex 12.7279 12.7279 0.599991
      vertex 13.5331 11.8682 3
      vertex 13.5331 11.8682 0.599991
    endloop
  endfacet
  facet normal 0.326545 0.305844 0.894331
    outer loop
      vertex 12.7279 12.7279 3
      vertex 6.76656 5.93411 7.5
      vertex 13.5331 11.8682 3
    endloop
  endfacet
  facet normal 0.326545 0.305844 0.894331
    outer loop
      vertex 6.76656 5.93411 7.5
      vertex 12.7279 12.7279 3
      vertex 6.36396 6.36396 7.5
    endloop
  endfacet
  facet normal 0.729863 0.683594 0
    outer loop
      vertex 6.76656 5.93411 7.94436
      vertex 6.36396 6.36396 7.5
      vertex 6.36396 6.36396 7.94436
    endloop
  endfacet
  facet normal 0.729863 0.683594 0
    outer loop
      vertex 6.36396 6.36396 7.5
      vertex 6.76656 5.93411 7.94436
      vertex 6.76656 5.93411 7.5
    endloop
  endfacet
  facet normal 0.516241 0.483489 -0.706919
    outer loop
      vertex 6.99051 6.83223 16.2778
      vertex 11.6673 11.6673 23
      vertex 12.4054 10.8792 23
    endloop
  endfacet
  facet normal 0.516224 0.483506 -0.70692
    outer loop
      vertex 11.6673 11.6673 23
      vertex 6.99051 6.83223 16.2778
      vertex 6.91396 6.91396 16.2778
    endloop
  endfacet
  facet normal 0.516238 0.483492 -0.706918
    outer loop
      vertex 7.11526 6.69904 16.2778
      vertex 12.4054 10.8792 23
      vertex 7.35135 6.44696 16.2778
    endloop
  endfacet
  facet normal 0.516222 0.48351 -0.706917
    outer loop
      vertex 12.4054 10.8792 23
      vertex 7.11526 6.69904 16.2778
      vertex 6.99051 6.83223 16.2778
    endloop
  endfacet
  facet normal 0.729881 0.683574 0
    outer loop
      vertex 12.4054 10.8792 25
      vertex 11.6673 11.6673 23
      vertex 11.6673 11.6673 25
    endloop
  endfacet
  facet normal 0.729881 0.683574 0
    outer loop
      vertex 11.6673 11.6673 23
      vertex 12.4054 10.8792 25
      vertex 12.4054 10.8792 23
    endloop
  endfacet
  facet normal 0.516264 0.483536 -0.706869
    outer loop
      vertex 12.7279 12.7279 0.599991
      vertex 13.5331 11.8682 0.599991
      vertex 12.3037 12.3037 0
    endloop
  endfacet
  facet normal 0.516263 0.483465 -0.706919
    outer loop
      vertex 13.5331 11.8682 0.599991
      vertex 13.082 11.4726 0
      vertex 12.3037 12.3037 0
    endloop
  endfacet
  facet normal 0.77298 0.63443 0
    outer loop
      vertex 14.2804 10.9577 3
      vertex 13.5331 11.8682 0.599991
      vertex 13.5331 11.8682 3
    endloop
  endfacet
  facet normal 0.77298 0.63443 0
    outer loop
      vertex 13.5331 11.8682 0.599991
      vertex 14.2804 10.9577 3
      vertex 14.2804 10.9577 0.599991
    endloop
  endfacet
  facet normal 0.345851 0.283831 0.894331
    outer loop
      vertex 7.14018 5.47885 7.5
      vertex 13.5331 11.8682 3
      vertex 6.76656 5.93411 7.5
    endloop
  endfacet
  facet normal 0.345835 0.283847 0.894332
    outer loop
      vertex 14.2804 10.9577 3
      vertex 13.5331 11.8682 3
      vertex 7.14018 5.47885 7.5
    endloop
  endfacet
  facet normal 0.773012 0.634391 0
    outer loop
      vertex 7.14018 5.47885 7.94436
      vertex 6.76656 5.93411 7.5
      vertex 6.76656 5.93411 7.94436
    endloop
  endfacet
  facet normal 0.773012 0.634391 0
    outer loop
      vertex 6.76656 5.93411 7.5
      vertex 7.14018 5.47885 7.94436
      vertex 7.14018 5.47885 7.5
    endloop
  endfacet
  facet normal 0.546759 0.448689 -0.706918
    outer loop
      vertex 7.42239 6.3604 16.2778
      vertex 12.4054 10.8792 23
      vertex 13.0903 10.0446 23
    endloop
  endfacet
  facet normal 0.54674 0.448711 -0.706918
    outer loop
      vertex 12.4054 10.8792 23
      vertex 7.42239 6.3604 16.2778
      vertex 7.35135 6.44696 16.2778
    endloop
  endfacet
  facet normal 0.546745 0.448709 -0.706916
    outer loop
      vertex 7.53816 6.21933 16.2778
      vertex 13.0903 10.0446 23
      vertex 7.75726 5.95236 16.2778
    endloop
  endfacet
  facet normal 0.546754 0.448697 -0.706917
    outer loop
      vertex 13.0903 10.0446 23
      vertex 7.53816 6.21933 16.2778
      vertex 7.42239 6.3604 16.2778
    endloop
  endfacet
  facet normal 0.773028 0.634372 0
    outer loop
      vertex 13.0903 10.0446 25
      vertex 12.4054 10.8792 23
      vertex 12.4054 10.8792 25
    endloop
  endfacet
  facet normal 0.773028 0.634372 0
    outer loop
      vertex 12.4054 10.8792 23
      vertex 13.0903 10.0446 25
      vertex 13.0903 10.0446 23
    endloop
  endfacet
  facet normal 0.546725 0.448729 -0.706919
    outer loop
      vertex 13.5331 11.8682 0.599991
      vertex 14.2804 10.9577 0.599991
      vertex 13.082 11.4726 0
    endloop
  endfacet
  facet normal 0.546718 0.448642 -0.706979
    outer loop
      vertex 14.2804 10.9577 0.599991
      vertex 13.8043 10.5924 0
      vertex 13.082 11.4726 0
    endloop
  endfacet
  facet normal 0.812832 0.582498 0
    outer loop
      vertex 14.9665 10.0003 3
      vertex 14.2804 10.9577 0.599991
      vertex 14.2804 10.9577 3
    endloop
  endfacet
  facet normal 0.812832 0.582498 0
    outer loop
      vertex 14.2804 10.9577 0.599991
      vertex 14.9665 10.0003 3
      vertex 14.9665 10.0003 0.599991
    endloop
  endfacet
  facet normal 0.363669 0.260605 0.894332
    outer loop
      vertex 7.48323 5.00013 7.5
      vertex 14.2804 10.9577 3
      vertex 7.14018 5.47885 7.5
    endloop
  endfacet
  facet normal 0.363664 0.260612 0.894332
    outer loop
      vertex 14.9665 10.0003 3
      vertex 14.2804 10.9577 3
      vertex 7.48323 5.00013 7.5
    endloop
  endfacet
  facet normal 0.812843 0.582482 0
    outer loop
      vertex 7.48323 5.00013 7.94436
      vertex 7.14018 5.47885 7.5
      vertex 7.14018 5.47885 7.94436
    endloop
  endfacet
  facet normal 0.812843 0.582482 0
    outer loop
      vertex 7.14018 5.47885 7.5
      vertex 7.48323 5.00013 7.94436
      vertex 7.48323 5.00013 7.5
    endloop
  endfacet
  facet normal 0.574938 0.411966 -0.706916
    outer loop
      vertex 7.82249 5.86134 16.2778
      vertex 13.0903 10.0446 23
      vertex 13.7192 9.16691 23
    endloop
  endfacet
  facet normal 0.574906 0.412009 -0.706917
    outer loop
      vertex 13.0903 10.0446 23
      vertex 7.82249 5.86134 16.2778
      vertex 7.75726 5.95236 16.2778
    endloop
  endfacet
  facet normal 0.574931 0.411978 -0.706915
    outer loop
      vertex 7.92879 5.713 16.2778
      vertex 13.7192 9.16691 23
      vertex 8.12996 5.43226 16.2778
    endloop
  endfacet
  facet normal 0.574924 0.411989 -0.706914
    outer loop
      vertex 13.7192 9.16691 23
      vertex 7.92879 5.713 16.2778
      vertex 7.82249 5.86134 16.2778
    endloop
  endfacet
  facet normal 0.812866 0.582451 0
    outer loop
      vertex 13.7192 9.16691 25
      vertex 13.0903 10.0446 23
      vertex 13.0903 10.0446 25
    endloop
  endfacet
  facet normal 0.812866 0.582451 0
    outer loop
      vertex 13.0903 10.0446 23
      vertex 13.7192 9.16691 25
      vertex 13.7192 9.16691 23
    endloop
  endfacet
  facet normal 0.574862 0.411962 -0.70698
    outer loop
      vertex 14.2804 10.9577 0.599991
      vertex 14.9665 10.0003 0.599991
      vertex 13.8043 10.5924 0
    endloop
  endfacet
  facet normal 0.57487 0.412014 -0.706944
    outer loop
      vertex 14.9665 10.0003 0.599991
      vertex 14.4676 9.66692 0
      vertex 13.8043 10.5924 0
    endloop
  endfacet
  facet normal 0.849212 0.528052 0
    outer loop
      vertex 15.5885 9 3
      vertex 14.9665 10.0003 0.599991
      vertex 14.9665 10.0003 3
    endloop
  endfacet
  facet normal 0.849212 0.528052 0
    outer loop
      vertex 14.9665 10.0003 0.599991
      vertex 15.5885 9 3
      vertex 15.5885 9 0.599991
    endloop
  endfacet
  facet normal 0.379936 0.236259 0.894332
    outer loop
      vertex 7.79423 4.5 7.5
      vertex 14.9665 10.0003 3
      vertex 7.48323 5.00013 7.5
    endloop
  endfacet
  facet normal 0.379941 0.236252 0.894332
    outer loop
      vertex 15.5885 9 3
      vertex 14.9665 10.0003 3
      vertex 7.79423 4.5 7.5
    endloop
  endfacet
  facet normal 0.849203 0.528067 0
    outer loop
      vertex 7.79423 4.5 7.94436
      vertex 7.48323 5.00013 7.5
      vertex 7.48323 5.00013 7.94436
    endloop
  endfacet
  facet normal 0.849203 0.528067 0
    outer loop
      vertex 7.48323 5.00013 7.5
      vertex 7.79423 4.5 7.94436
      vertex 7.79423 4.5 7.5
    endloop
  endfacet
  facet normal 0.600631 0.373515 -0.706915
    outer loop
      vertex 8.18909 5.33717 16.2778
      vertex 13.7192 9.16691 23
      vertex 14.2894 8.25 23
    endloop
  endfacet
  facet normal 0.600642 0.373498 -0.706914
    outer loop
      vertex 13.7192 9.16691 23
      vertex 8.18909 5.33717 16.2778
      vertex 8.12996 5.43226 16.2778
    endloop
  endfacet
  facet normal 0.600638 0.373502 -0.706916
    outer loop
      vertex 8.28546 5.1822 16.2778
      vertex 14.2894 8.25 23
      vertex 8.46784 4.88891 16.2778
    endloop
  endfacet
  facet normal 0.600633 0.373511 -0.706915
    outer loop
      vertex 14.2894 8.25 23
      vertex 8.28546 5.1822 16.2778
      vertex 8.18909 5.33717 16.2778
    endloop
  endfacet
  facet normal 0.84919 0.528087 0
    outer loop
      vertex 14.2894 8.25 25
      vertex 13.7192 9.16691 23
      vertex 13.7192 9.16691 25
    endloop
  endfacet
  facet normal 0.84919 0.528087 0
    outer loop
      vertex 13.7192 9.16691 23
      vertex 14.2894 8.25 25
      vertex 14.2894 8.25 23
    endloop
  endfacet
  facet normal 0.600622 0.373475 -0.706943
    outer loop
      vertex 14.9665 10.0003 0.599991
      vertex 15.5885 9 0.599991
      vertex 14.4676 9.66692 0
    endloop
  endfacet
  facet normal 0.600616 0.373444 -0.706966
    outer loop
      vertex 15.5885 9 0.599991
      vertex 15.0688 8.7 0
      vertex 14.4676 9.66692 0
    endloop
  endfacet
  facet normal 0.881939 0.471364 0
    outer loop
      vertex 16.1437 7.9612 3
      vertex 15.5885 9 0.599991
      vertex 15.5885 9 3
    endloop
  endfacet
  facet normal 0.881939 0.471364 0
    outer loop
      vertex 15.5885 9 0.599991
      vertex 16.1437 7.9612 3
      vertex 16.1437 7.9612 0.599991
    endloop
  endfacet
  facet normal 0.394577 0.210902 0.894332
    outer loop
      vertex 8.07185 3.9806 7.5
      vertex 15.5885 9 3
      vertex 7.79423 4.5 7.5
    endloop
  endfacet
  facet normal 0.394584 0.21089 0.894332
    outer loop
      vertex 16.1437 7.9612 3
      vertex 15.5885 9 3
      vertex 8.07185 3.9806 7.5
    endloop
  endfacet
  facet normal 0.881925 0.47139 0
    outer loop
      vertex 8.07185 3.9806 7.94436
      vertex 7.79423 4.5 7.5
      vertex 7.79423 4.5 7.94436
    endloop
  endfacet
  facet normal 0.881925 0.47139 0
    outer loop
      vertex 7.79423 4.5 7.5
      vertex 8.07185 3.9806 7.94436
      vertex 8.07185 3.9806 7.5
    endloop
  endfacet
  facet normal 0.623776 0.333426 -0.706916
    outer loop
      vertex 8.52062 4.79015 16.2778
      vertex 14.2894 8.25 23
      vertex 14.7984 7.29776 23
    endloop
  endfacet
  facet normal 0.623804 0.333377 -0.706915
    outer loop
      vertex 14.2894 8.25 23
      vertex 8.52062 4.79015 16.2778
      vertex 8.46784 4.88891 16.2778
    endloop
  endfacet
  facet normal 0.623778 0.333423 -0.706916
    outer loop
      vertex 8.60665 4.62921 16.2778
      vertex 14.7984 7.29776 23
      vertex 8.76946 4.32462 16.2778
    endloop
  endfacet
  facet normal 0.623772 0.333435 -0.706916
    outer loop
      vertex 14.7984 7.29776 23
      vertex 8.60665 4.62921 16.2778
      vertex 8.52062 4.79015 16.2778
    endloop
  endfacet
  facet normal 0.881915 0.471409 0
    outer loop
      vertex 14.7984 7.29776 25
      vertex 14.2894 8.25 23
      vertex 14.2894 8.25 25
    endloop
  endfacet
  facet normal 0.881915 0.471409 0
    outer loop
      vertex 14.2894 8.25 23
      vertex 14.7984 7.29776 25
      vertex 14.7984 7.29776 23
    endloop
  endfacet
  facet normal 0.623749 0.333371 -0.706966
    outer loop
      vertex 15.5885 9 0.599991
      vertex 16.1437 7.9612 0.599991
      vertex 15.0688 8.7 0
    endloop
  endfacet
  facet normal 0.62377 0.333446 -0.706912
    outer loop
      vertex 16.1437 7.9612 0.599991
      vertex 15.6056 7.69582 0
      vertex 15.0688 8.7 0
    endloop
  endfacet
  facet normal 0.910872 0.41269 0
    outer loop
      vertex 16.6298 6.8883 3
      vertex 16.1437 7.9612 0.599991
      vertex 16.1437 7.9612 3
    endloop
  endfacet
  facet normal 0.910872 0.41269 0
    outer loop
      vertex 16.1437 7.9612 0.599991
      vertex 16.6298 6.8883 3
      vertex 16.6298 6.8883 0.599991
    endloop
  endfacet
  facet normal 0.40753 0.18464 0.894331
    outer loop
      vertex 16.1437 7.9612 3
      vertex 8.31492 3.44415 7.5
      vertex 16.6298 6.8883 3
    endloop
  endfacet
  facet normal 0.407523 0.184652 0.894331
    outer loop
      vertex 8.31492 3.44415 7.5
      vertex 16.1437 7.9612 3
      vertex 8.07185 3.9806 7.5
    endloop
  endfacet
  facet normal 0.910859 0.412718 0
    outer loop
      vertex 8.31492 3.44415 7.94436
      vertex 8.07185 3.9806 7.5
      vertex 8.07185 3.9806 7.94436
    endloop
  endfacet
  facet normal 0.910859 0.412718 0
    outer loop
      vertex 8.07185 3.9806 7.5
      vertex 8.31492 3.44415 7.94436
      vertex 8.31492 3.44415 7.5
    endloop
  endfacet
  facet normal 0.644248 0.291916 -0.706916
    outer loop
      vertex 8.89099 4.05639 16.2778
      vertex 15.244 6.31428 23
      vertex 9.03353 3.74181 16.2778
    endloop
  endfacet
  facet normal 0 0 -1
    outer loop
      vertex 8.89099 4.05639 16.2778
      vertex 9.03353 3.74181 16.2778
      vertex 9.03352 3.74181 16.2778
    endloop
  endfacet
  facet normal 0.644254 0.291902 -0.706916
    outer loop
      vertex 15.244 6.31428 23
      vertex 8.89099 4.05639 16.2778
      vertex 14.7984 7.29776 23
    endloop
  endfacet
  facet normal 0.644255 0.2919 -0.706916
    outer loop
      vertex 14.7984 7.29776 23
      vertex 8.89099 4.05639 16.2778
      vertex 8.76946 4.32462 16.2778
    endloop
  endfacet
  facet normal 0.910867 0.4127 0
    outer loop
      vertex 15.244 6.31428 25
      vertex 14.7984 7.29776 23
      vertex 14.7984 7.29776 25
    endloop
  endfacet
  facet normal 0.910867 0.4127 0
    outer loop
      vertex 14.7984 7.29776 23
      vertex 15.244 6.31428 25
      vertex 15.244 6.31428 23
    endloop
  endfacet
  facet normal 0.644261 0.291896 -0.706911
    outer loop
      vertex 16.1437 7.9612 0.599991
      vertex 16.6298 6.8883 0.599991
      vertex 15.6056 7.69582 0
    endloop
  endfacet
  facet normal 0.644263 0.291901 -0.706908
    outer loop
      vertex 16.6298 6.8883 0.599991
      vertex 16.0755 6.65869 0
      vertex 15.6056 7.69582 0
    endloop
  endfacet
  facet normal 0.935909 0.352242 0
    outer loop
      vertex 17.0447 5.78591 3
      vertex 16.6298 6.8883 0.599991
      vertex 16.6298 6.8883 3
    endloop
  endfacet
  facet normal 0.935909 0.352242 0
    outer loop
      vertex 16.6298 6.8883 0.599991
      vertex 17.0447 5.78591 3
      vertex 17.0447 5.78591 0.599991
    endloop
  endfacet
  facet normal 0.418732 0.157594 0.894331
    outer loop
      vertex 8.52237 2.89295 7.5
      vertex 16.6298 6.8883 3
      vertex 8.31492 3.44415 7.5
    endloop
  endfacet
  facet normal 0.418732 0.157596 0.894331
    outer loop
      vertex 17.0447 5.78591 3
      vertex 16.6298 6.8883 3
      vertex 8.52237 2.89295 7.5
    endloop
  endfacet
  facet normal 0.93591 0.35224 0
    outer loop
      vertex 8.52237 2.89295 7.94436
      vertex 8.31492 3.44415 7.5
      vertex 8.31492 3.44415 7.94436
    endloop
  endfacet
  facet normal 0.93591 0.35224 0
    outer loop
      vertex 8.31492 3.44415 7.5
      vertex 8.52237 2.89295 7.94436
      vertex 8.52237 2.89295 7.5
    endloop
  endfacet
  facet normal 0.661972 0.249125 -0.706915
    outer loop
      vertex 9.07297 3.63701 16.2778
      vertex 15.244 6.31428 23
      vertex 15.6243 5.30375 23
    endloop
  endfacet
  facet normal 0.661973 0.249124 -0.706915
    outer loop
      vertex 15.244 6.31428 23
      vertex 9.07297 3.63701 16.2778
      vertex 9.03353 3.74181 16.2778
    endloop
  endfacet
  facet normal 0.661963 0.249155 -0.706914
    outer loop
      vertex 9.13725 3.46621 16.2778
      vertex 15.6243 5.30375 23
      vertex 9.25891 3.14298 16.2778
    endloop
  endfacet
  facet normal 0.661971 0.24913 -0.706915
    outer loop
      vertex 15.6243 5.30375 23
      vertex 9.13725 3.46621 16.2778
      vertex 9.07297 3.63701 16.2778
    endloop
  endfacet
  facet normal 0.935917 0.35222 0
    outer loop
      vertex 15.6243 5.30375 25
      vertex 15.244 6.31428 23
      vertex 15.244 6.31428 25
    endloop
  endfacet
  facet normal 0.935917 0.35222 0
    outer loop
      vertex 15.244 6.31428 23
      vertex 15.6243 5.30375 25
      vertex 15.6243 5.30375 23
    endloop
  endfacet
  facet normal 0.661974 0.249143 -0.706907
    outer loop
      vertex 16.6298 6.8883 0.599991
      vertex 17.0447 5.78591 0.599991
      vertex 16.0755 6.65869 0
    endloop
  endfacet
  facet normal 0.661983 0.249164 -0.706892
    outer loop
      vertex 17.0447 5.78591 0.599991
      vertex 16.4766 5.59304 0
      vertex 16.0755 6.65869 0
    endloop
  endfacet
  facet normal 0.956922 0.290344 0
    outer loop
      vertex 17.3867 4.65874 3
      vertex 17.0447 5.78591 0.599991
      vertex 17.0447 5.78591 3
    endloop
  endfacet
  facet normal 0.956922 0.290344 0
    outer loop
      vertex 17.0447 5.78591 0.599991
      vertex 17.3867 4.65874 3
      vertex 17.3867 4.65874 0.599991
    endloop
  endfacet
  facet normal 0.428142 0.129875 0.894331
    outer loop
      vertex 8.69333 2.32937 7.5
      vertex 17.0447 5.78591 3
      vertex 8.52237 2.89295 7.5
    endloop
  endfacet
  facet normal 0.428131 0.129901 0.894332
    outer loop
      vertex 17.3867 4.65874 3
      vertex 17.0447 5.78591 3
      vertex 8.69333 2.32937 7.5
    endloop
  endfacet
  facet normal 0.95694 0.290284 0
    outer loop
      vertex 8.69333 2.32937 7.94436
      vertex 8.52237 2.89295 7.5
      vertex 8.52237 2.89295 7.94436
    endloop
  endfacet
  facet normal 0.95694 0.290284 0
    outer loop
      vertex 8.52237 2.89295 7.5
      vertex 8.69333 2.32937 7.94436
      vertex 8.69333 2.32937 7.5
    endloop
  endfacet
  facet normal 0.676829 0.20536 -0.706915
    outer loop
      vertex 9.29141 3.03582 16.2778
      vertex 15.6243 5.30375 23
      vertex 15.9378 4.27051 23
    endloop
  endfacet
  facet normal 0.676856 0.20528 -0.706913
    outer loop
      vertex 9.29141 3.03582 16.2778
      vertex 9.25891 3.14298 16.2778
      vertex 15.6243 5.30375 23
    endloop
  endfacet
  facet normal 0.676838 0.205325 -0.706917
    outer loop
      vertex 9.34439 2.86118 16.2778
      vertex 15.9378 4.27051 23
      vertex 9.44465 2.53068 16.2778
    endloop
  endfacet
  facet normal 0.676837 0.20533 -0.706917
    outer loop
      vertex 15.9378 4.27051 23
      vertex 9.34439 2.86118 16.2778
      vertex 9.29141 3.03582 16.2778
    endloop
  endfacet
  facet normal 0.956922 0.290344 0
    outer loop
      vertex 15.9378 4.27051 25
      vertex 15.6243 5.30375 23
      vertex 15.6243 5.30375 25
    endloop
  endfacet
  facet normal 0.956922 0.290344 0
    outer loop
      vertex 15.6243 5.30375 23
      vertex 15.9378 4.27051 25
      vertex 15.9378 4.27051 23
    endloop
  endfacet
  facet normal 0.676852 0.205367 -0.706892
    outer loop
      vertex 17.0447 5.78591 0.599991
      vertex 17.3867 4.65874 0.599991
      vertex 16.4766 5.59304 0
    endloop
  endfacet
  facet normal 0.676815 0.205295 -0.706948
    outer loop
      vertex 17.3867 4.65874 0.599991
      vertex 16.8071 4.50345 0
      vertex 16.4766 5.59304 0
    endloop
  endfacet
  facet normal 0.97389 0.227021 0
    outer loop
      vertex 17.6541 3.51163 3
      vertex 17.3867 4.65874 0.599991
      vertex 17.3867 4.65874 3
    endloop
  endfacet
  facet normal 0.97389 0.227021 0
    outer loop
      vertex 17.3867 4.65874 0.599991
      vertex 17.6541 3.51163 3
      vertex 17.6541 3.51163 0.599991
    endloop
  endfacet
  facet normal 0.435715 0.101598 0.894332
    outer loop
      vertex 8.82707 1.75581 7.5
      vertex 17.3867 4.65874 3
      vertex 8.69333 2.32937 7.5
    endloop
  endfacet
  facet normal 0.435724 0.101571 0.894331
    outer loop
      vertex 17.6541 3.51163 3
      vertex 17.3867 4.65874 3
      vertex 8.82707 1.75581 7.5
    endloop
  endfacet
  facet normal 0.973875 0.227084 0
    outer loop
      vertex 8.82707 1.75581 7.94436
      vertex 8.69333 2.32937 7.5
      vertex 8.69333 2.32937 7.94436
    endloop
  endfacet
  facet normal 0.973875 0.227084 0
    outer loop
      vertex 8.69333 2.32937 7.5
      vertex 8.82707 1.75581 7.94436
      vertex 8.82707 1.75581 7.5
    endloop
  endfacet
  facet normal 0.688816 0.160622 -0.706918
    outer loop
      vertex 9.47007 2.42163 16.2778
      vertex 15.9378 4.27051 23
      vertex 16.183 3.21899 23
    endloop
  endfacet
  facet normal 0.68883 0.160569 -0.706917
    outer loop
      vertex 15.9378 4.27051 23
      vertex 9.47007 2.42163 16.2778
      vertex 9.44465 2.53068 16.2778
    endloop
  endfacet
  facet normal 0.688816 0.160618 -0.706918
    outer loop
      vertex 9.51151 2.24391 16.2778
      vertex 16.183 3.21899 23
      vertex 9.58994 1.90756 16.2778
    endloop
  endfacet
  facet normal 0.688817 0.160615 -0.706919
    outer loop
      vertex 16.183 3.21899 23
      vertex 9.51151 2.24391 16.2778
      vertex 9.47007 2.42163 16.2778
    endloop
  endfacet
  facet normal 0.973873 0.227094 0
    outer loop
      vertex 16.183 3.21899 25
      vertex 15.9378 4.27051 23
      vertex 15.9378 4.27051 25
    endloop
  endfacet
  facet normal 0.973873 0.227094 0
    outer loop
      vertex 15.9378 4.27051 23
      vertex 16.183 3.21899 25
      vertex 16.183 3.21899 23
    endloop
  endfacet
  facet normal 0.688799 0.160564 -0.706947
    outer loop
      vertex 17.3867 4.65874 0.599991
      vertex 17.6541 3.51163 0.599991
      vertex 16.8071 4.50345 0
    endloop
  endfacet
  facet normal 0.688847 0.160645 -0.706882
    outer loop
      vertex 17.6541 3.51163 0.599991
      vertex 17.0657 3.39457 0
      vertex 16.8071 4.50345 0
    endloop
  endfacet
  facet normal 0.98664 0.162917 0
    outer loop
      vertex 17.846 2.34947 3
      vertex 17.6541 3.51163 0.599991
      vertex 17.6541 3.51163 3
    endloop
  endfacet
  facet normal 0.98664 0.162917 0
    outer loop
      vertex 17.6541 3.51163 0.599991
      vertex 17.846 2.34947 3
      vertex 17.846 2.34947 0.599991
    endloop
  endfacet
  facet normal 0.441432 0.0728768 0.894331
    outer loop
      vertex 8.923 1.17474 7.5
      vertex 17.6541 3.51163 3
      vertex 8.82707 1.75581 7.5
    endloop
  endfacet
  facet normal 0.441428 0.0728902 0.894331
    outer loop
      vertex 17.846 2.34947 3
      vertex 17.6541 3.51163 3
      vertex 8.923 1.17474 7.5
    endloop
  endfacet
  facet normal 0.986645 0.162887 0
    outer loop
      vertex 8.923 1.17474 7.94436
      vertex 8.82707 1.75581 7.5
      vertex 8.82707 1.75581 7.94436
    endloop
  endfacet
  facet normal 0.986645 0.162887 0
    outer loop
      vertex 8.82707 1.75581 7.5
      vertex 8.923 1.17474 7.94436
      vertex 8.923 1.17474 7.5
    endloop
  endfacet
  facet normal 0.697858 0.115162 -0.706917
    outer loop
      vertex 9.60818 1.79708 16.2778
      vertex 16.183 3.21899 23
      vertex 16.3588 2.15368 23
    endloop
  endfacet
  facet normal 0.697848 0.115213 -0.706919
    outer loop
      vertex 9.60818 1.79708 16.2778
      vertex 9.58994 1.90756 16.2778
      vertex 16.183 3.21899 23
    endloop
  endfacet
  facet normal 0.697852 0.115216 -0.706914
    outer loop
      vertex 9.63791 1.61702 16.2778
      vertex 16.3588 2.15368 23
      vertex 9.69417 1.27626 16.2778
    endloop
  endfacet
  facet normal 0.697851 0.115223 -0.706914
    outer loop
      vertex 16.3588 2.15368 23
      vertex 9.63791 1.61702 16.2778
      vertex 9.60818 1.79708 16.2778
    endloop
  endfacet
  facet normal 0.986656 0.16282 0
    outer loop
      vertex 16.3588 2.15368 25
      vertex 16.183 3.21899 23
      vertex 16.183 3.21899 25
    endloop
  endfacet
  facet normal 0.986656 0.16282 0
    outer loop
      vertex 16.183 3.21899 23
      vertex 16.3588 2.15368 25
      vertex 16.3588 2.15368 23
    endloop
  endfacet
  facet normal 0.697881 0.115237 -0.706882
    outer loop
      vertex 17.6541 3.51163 0.599991
      vertex 17.846 2.34947 0.599991
      vertex 17.0657 3.39457 0
    endloop
  endfacet
  facet normal 0.697831 0.115164 -0.706943
    outer loop
      vertex 17.846 2.34947 0.599991
      vertex 17.2511 2.27115 0
      vertex 17.0657 3.39457 0
    endloop
  endfacet
  facet normal 0.995181 0.098057 0
    outer loop
      vertex 17.9615 1.17726 3
      vertex 17.846 2.34947 0.599991
      vertex 17.846 2.34947 3
    endloop
  endfacet
  facet normal 0.995181 0.098057 0
    outer loop
      vertex 17.846 2.34947 0.599991
      vertex 17.9615 1.17726 3
      vertex 17.9615 1.17726 0.599991
    endloop
  endfacet
  facet normal 0.445251 0.0438557 0.894331
    outer loop
      vertex 8.98073 0.588628 7.5
      vertex 17.846 2.34947 3
      vertex 8.923 1.17474 7.5
    endloop
  endfacet
  facet normal 0.445248 0.0438711 0.894332
    outer loop
      vertex 17.9615 1.17726 3
      vertex 17.846 2.34947 3
      vertex 8.98073 0.588628 7.5
    endloop
  endfacet
  facet normal 0.995184 0.0980222 0
    outer loop
      vertex 8.98073 0.588628 7.94436
      vertex 8.923 1.17474 7.5
      vertex 8.923 1.17474 7.94436
    endloop
  endfacet
  facet normal 0.995184 0.0980222 0
    outer loop
      vertex 8.923 1.17474 7.5
      vertex 8.98073 0.588628 7.94436
      vertex 8.98073 0.588628 7.5
    endloop
  endfacet
  facet normal 0.703888 0.0693715 -0.706916
    outer loop
      vertex 9.70514 1.16482 16.2778
      vertex 16.3588 2.15368 23
      vertex 16.4647 1.07915 23
    endloop
  endfacet
  facet normal 0.703898 0.0692907 -0.706914
    outer loop
      vertex 16.3588 2.15368 23
      vertex 9.70514 1.16482 16.2778
      vertex 9.69417 1.27626 16.2778
    endloop
  endfacet
  facet normal 0.707863 0 -0.706349
    outer loop
      vertex 9.75688 0.6395 16.2778
      vertex 16.4647 1.07915 23
      vertex 9.75688 0.639499 16.2778
    endloop
  endfacet
  facet normal 0.70389 0.0693226 -0.706918
    outer loop
      vertex 9.72303 0.983207 16.2778
      vertex 16.4647 1.07915 23
      vertex 9.75688 0.6395 16.2778
    endloop
  endfacet
  facet normal 0.703889 0.0693374 -0.706918
    outer loop
      vertex 16.4647 1.07915 23
      vertex 9.72303 0.983207 16.2778
      vertex 9.70514 1.16482 16.2778
    endloop
  endfacet
  facet normal 0.995179 0.0980795 0
    outer loop
      vertex 16.4647 1.07915 25
      vertex 16.3588 2.15368 23
      vertex 16.3588 2.15368 25
    endloop
  endfacet
  facet normal 0.995179 0.0980795 0
    outer loop
      vertex 16.3588 2.15368 23
      vertex 16.4647 1.07915 25
      vertex 16.4647 1.07915 23
    endloop
  endfacet
  facet normal 0.703862 0.0693528 -0.706943
    outer loop
      vertex 17.846 2.34947 0.599991
      vertex 17.9615 1.17726 0.599991
      vertex 17.2511 2.27115 0
    endloop
  endfacet
  facet normal 0.703835 0.0693189 -0.706973
    outer loop
      vertex 17.9615 1.17726 0.599991
      vertex 17.3627 1.13801 0
      vertex 17.2511 2.27115 0
    endloop
  endfacet
  facet normal 0.999466 0.0326856 0
    outer loop
      vertex 18 0 3
      vertex 17.9615 1.17726 0.599991
      vertex 17.9615 1.17726 3
    endloop
  endfacet
  facet normal 0.999466 0.0326856 0
    outer loop
      vertex 17.9615 1.17726 0.599991
      vertex 18 0 3
      vertex 18 0 0.599991
    endloop
  endfacet
  facet normal 0.447166 0.0146237 0.894332
    outer loop
      vertex 17.9615 1.17726 3
      vertex 9 0 7.5
      vertex 18 0 3
    endloop
  endfacet
  facet normal 0.447164 0.0146389 0.894332
    outer loop
      vertex 9 0 7.5
      vertex 17.9615 1.17726 3
      vertex 8.98073 0.588628 7.5
    endloop
  endfacet
  facet normal 0.999465 0.0327196 0
    outer loop
      vertex 9 0 7.94436
      vertex 8.98073 0.588628 7.5
      vertex 8.98073 0.588628 7.94436
    endloop
  endfacet
  facet normal 0.999465 0.0327196 0
    outer loop
      vertex 8.98073 0.588628 7.5
      vertex 9 0 7.94436
      vertex 9 0 7.5
    endloop
  endfacet
  facet normal 0.706915 0.0231813 -0.706919
    outer loop
      vertex 16.4647 1.07915 23
      vertex 9.76055 0.527582 16.2778
      vertex 9.75688 0.639499 16.2778
    endloop
  endfacet
  facet normal 0.706918 0.0231239 -0.706917
    outer loop
      vertex 9.76055 0.527582 16.2778
      vertex 16.4647 1.07915 23
      vertex 16.5 0 23
    endloop
  endfacet
  facet normal 0.706918 0.0231381 -0.706917
    outer loop
      vertex 16.5 0 23
      vertex 9.76652 0.345186 16.2778
      vertex 9.76055 0.527582 16.2778
    endloop
  endfacet
  facet normal 0.706918 0.0231417 -0.706916
    outer loop
      vertex 9.76652 0.345186 16.2778
      vertex 16.5 0 23
      vertex 9.77782 0 16.2778
    endloop
  endfacet
  facet normal 0.999465 0.0326934 0
    outer loop
      vertex 16.5 0 25
      vertex 16.4647 1.07915 23
      vertex 16.4647 1.07915 25
    endloop
  endfacet
  facet normal 0.999465 0.0326934 0
    outer loop
      vertex 16.4647 1.07915 23
      vertex 16.5 0 25
      vertex 16.5 0 23
    endloop
  endfacet
  facet normal 0.706863 0.0231166 -0.706972
    outer loop
      vertex 17.9615 1.17726 0.599991
      vertex 18 0 0.599991
      vertex 17.3627 1.13801 0
    endloop
  endfacet
  facet normal 0.706912 0.0231701 -0.706922
    outer loop
      vertex 18 0 0.599991
      vertex 17.4 0 0
      vertex 17.3627 1.13801 0
    endloop
  endfacet
  facet normal 0.999466 -0.0326856 0
    outer loop
      vertex 17.9615 -1.17726 3
      vertex 18 0 0.599991
      vertex 18 0 3
    endloop
  endfacet
  facet normal 0.999466 -0.0326856 0
    outer loop
      vertex 18 0 0.599991
      vertex 17.9615 -1.17726 3
      vertex 17.9615 -1.17726 0.599991
    endloop
  endfacet
  facet normal 0.447166 -0.0146237 0.894332
    outer loop
      vertex 9 0 7.5
      vertex 17.9615 -1.17726 3
      vertex 18 0 3
    endloop
  endfacet
  facet normal 0.447164 -0.0146389 0.894332
    outer loop
      vertex 17.9615 -1.17726 3
      vertex 9 0 7.5
      vertex 8.98073 -0.588628 7.5
    endloop
  endfacet
  facet normal 0.999465 -0.0327196 0
    outer loop
      vertex 8.98073 -0.588628 7.94436
      vertex 9 0 7.5
      vertex 9 0 7.94436
    endloop
  endfacet
  facet normal 0.999465 -0.0327196 0
    outer loop
      vertex 9 0 7.5
      vertex 8.98073 -0.588628 7.94436
      vertex 8.98073 -0.588628 7.5
    endloop
  endfacet
  facet normal 0.706918 -0.0231812 -0.706916
    outer loop
      vertex 16.5 0 23
      vertex 9.77415 -0.111918 16.2778
      vertex 9.77782 0 16.2778
    endloop
  endfacet
  facet normal 0.706918 -0.023124 -0.706917
    outer loop
      vertex 9.77415 -0.111918 16.2778
      vertex 16.5 0 23
      vertex 16.4647 -1.07915 23
    endloop
  endfacet
  facet normal 0.706917 -0.0231381 -0.706918
    outer loop
      vertex 16.4647 -1.07915 23
      vertex 9.76818 -0.294314 16.2778
      vertex 9.77415 -0.111918 16.2778
    endloop
  endfacet
  facet normal 0.706917 -0.0231417 -0.706918
    outer loop
      vertex 9.76818 -0.294314 16.2778
      vertex 16.4647 -1.07915 23
      vertex 9.75688 -0.639499 16.2778
    endloop
  endfacet
  facet normal 0.999465 -0.0326934 0
    outer loop
      vertex 16.4647 -1.07915 25
      vertex 16.5 0 23
      vertex 16.5 0 25
    endloop
  endfacet
  facet normal 0.999465 -0.0326934 0
    outer loop
      vertex 16.5 0 23
      vertex 16.4647 -1.07915 25
      vertex 16.4647 -1.07915 23
    endloop
  endfacet
  facet normal 0.706912 -0.0231182 -0.706923
    outer loop
      vertex 18 0 0.599991
      vertex 17.9615 -1.17726 0.599991
      vertex 17.4 0 0
    endloop
  endfacet
  facet normal 0.706861 -0.0231684 -0.706973
    outer loop
      vertex 17.4 0 0
      vertex 17.9615 -1.17726 0.599991
      vertex 17.3627 -1.13801 0
    endloop
  endfacet
  facet normal 0.995181 -0.098057 0
    outer loop
      vertex 17.846 -2.34947 3
      vertex 17.9615 -1.17726 0.599991
      vertex 17.9615 -1.17726 3
    endloop
  endfacet
  facet normal 0.995181 -0.098057 0
    outer loop
      vertex 17.9615 -1.17726 0.599991
      vertex 17.846 -2.34947 3
      vertex 17.846 -2.34947 0.599991
    endloop
  endfacet
  facet normal 0.445249 -0.0438555 0.894332
    outer loop
      vertex 17.9615 -1.17726 3
      vertex 8.98073 -0.588628 7.5
      vertex 8.923 -1.17474 7.5
    endloop
  endfacet
  facet normal 0.445249 -0.0438712 0.894332
    outer loop
      vertex 17.846 -2.34947 3
      vertex 17.9615 -1.17726 3
      vertex 8.923 -1.17474 7.5
    endloop
  endfacet
  facet normal 0.995184 -0.0980222 0
    outer loop
      vertex 8.923 -1.17474 7.94436
      vertex 8.98073 -0.588628 7.5
      vertex 8.98073 -0.588628 7.94436
    endloop
  endfacet
  facet normal 0.995184 -0.0980222 0
    outer loop
      vertex 8.98073 -0.588628 7.5
      vertex 8.923 -1.17474 7.94436
      vertex 8.923 -1.17474 7.5
    endloop
  endfacet
  facet normal 0.703893 -0.0692915 -0.706919
    outer loop
      vertex 16.4647 -1.07915 23
      vertex 9.74591 -0.750938 16.2778
      vertex 9.75688 -0.6395 16.2778
    endloop
  endfacet
  facet normal 0.703887 -0.0693714 -0.706917
    outer loop
      vertex 9.74591 -0.750938 16.2778
      vertex 16.4647 -1.07915 23
      vertex 16.3588 -2.15368 23
    endloop
  endfacet
  facet normal 0.707863 0 -0.706349
    outer loop
      vertex 16.4647 -1.07915 23
      vertex 9.75688 -0.6395 16.2778
      vertex 9.75688 -0.639499 16.2778
    endloop
  endfacet
  facet normal 0.703892 -0.0693369 -0.706915
    outer loop
      vertex 16.3588 -2.15368 23
      vertex 9.72802 -0.932553 16.2778
      vertex 9.74591 -0.750938 16.2778
    endloop
  endfacet
  facet normal 0.703894 -0.069323 -0.706914
    outer loop
      vertex 9.72802 -0.932553 16.2778
      vertex 16.3588 -2.15368 23
      vertex 9.69417 -1.27626 16.2778
    endloop
  endfacet
  facet normal 0.995179 -0.0980795 0
    outer loop
      vertex 16.3588 -2.15368 25
      vertex 16.4647 -1.07915 23
      vertex 16.4647 -1.07915 25
    endloop
  endfacet
  facet normal 0.995179 -0.0980795 0
    outer loop
      vertex 16.4647 -1.07915 23
      vertex 16.3588 -2.15368 25
      vertex 16.3588 -2.15368 23
    endloop
  endfacet
  facet normal 0.703833 -0.0693499 -0.706972
    outer loop
      vertex 17.9615 -1.17726 0.599991
      vertex 17.846 -2.34947 0.599991
      vertex 17.3627 -1.13801 0
    endloop
  endfacet
  facet normal 0.703866 -0.0693219 -0.706942
    outer loop
      vertex 17.3627 -1.13801 0
      vertex 17.846 -2.34947 0.599991
      vertex 17.2511 -2.27115 0
    endloop
  endfacet
  facet normal 0.98664 -0.162917 0
    outer loop
      vertex 17.6541 -3.51163 3
      vertex 17.846 -2.34947 0.599991
      vertex 17.846 -2.34947 3
    endloop
  endfacet
  facet normal 0.98664 -0.162917 0
    outer loop
      vertex 17.846 -2.34947 0.599991
      vertex 17.6541 -3.51163 3
      vertex 17.6541 -3.51163 0.599991
    endloop
  endfacet
  facet normal 0.44143 -0.0728766 0.894331
    outer loop
      vertex 17.846 -2.34947 3
      vertex 8.923 -1.17474 7.5
      vertex 8.82707 -1.75581 7.5
    endloop
  endfacet
  facet normal 0.441429 -0.0728903 0.894331
    outer loop
      vertex 17.6541 -3.51163 3
      vertex 17.846 -2.34947 3
      vertex 8.82707 -1.75581 7.5
    endloop
  endfacet
  facet normal 0.986645 -0.162887 0
    outer loop
      vertex 8.82707 -1.75581 7.94436
      vertex 8.923 -1.17474 7.5
      vertex 8.923 -1.17474 7.94436
    endloop
  endfacet
  facet normal 0.986645 -0.162887 0
    outer loop
      vertex 8.923 -1.17474 7.5
      vertex 8.82707 -1.75581 7.94436
      vertex 8.82707 -1.75581 7.5
    endloop
  endfacet
  facet normal 0.697852 -0.115214 -0.706914
    outer loop
      vertex 16.3588 -2.15368 23
      vertex 9.67593 -1.38674 16.2778
      vertex 9.69417 -1.27626 16.2778
    endloop
  endfacet
  facet normal 0.69786 -0.115162 -0.706916
    outer loop
      vertex 9.67593 -1.38674 16.2778
      vertex 16.3588 -2.15368 23
      vertex 16.183 -3.21899 23
    endloop
  endfacet
  facet normal 0.697846 -0.115223 -0.706919
    outer loop
      vertex 16.183 -3.21899 23
      vertex 9.6462 -1.5668 16.2778
      vertex 9.67593 -1.38674 16.2778
    endloop
  endfacet
  facet normal 0.697848 -0.115216 -0.706919
    outer loop
      vertex 9.58994 -1.90756 16.2778
      vertex 9.6462 -1.5668 16.2778
      vertex 16.183 -3.21899 23
    endloop
  endfacet
  facet normal 0.986656 -0.16282 0
    outer loop
      vertex 16.183 -3.21899 25
      vertex 16.3588 -2.15368 23
      vertex 16.3588 -2.15368 25
    endloop
  endfacet
  facet normal 0.986656 -0.16282 0
    outer loop
      vertex 16.3588 -2.15368 23
      vertex 16.183 -3.21899 25
      vertex 16.183 -3.21899 23
    endloop
  endfacet
  facet normal 0.697822 -0.115227 -0.706942
    outer loop
      vertex 17.846 -2.34947 0.599991
      vertex 17.6541 -3.51163 0.599991
      vertex 17.2511 -2.27115 0
    endloop
  endfacet
  facet normal 0.697893 -0.115174 -0.706881
    outer loop
      vertex 17.2511 -2.27115 0
      vertex 17.6541 -3.51163 0.599991
      vertex 17.0657 -3.39457 0
    endloop
  endfacet
  facet normal 0.97389 -0.227021 0
    outer loop
      vertex 17.3867 -4.65874 3
      vertex 17.6541 -3.51163 0.599991
      vertex 17.6541 -3.51163 3
    endloop
  endfacet
  facet normal 0.97389 -0.227021 0
    outer loop
      vertex 17.6541 -3.51163 0.599991
      vertex 17.3867 -4.65874 3
      vertex 17.3867 -4.65874 0.599991
    endloop
  endfacet
  facet normal 0.435718 -0.101599 0.894331
    outer loop
      vertex 17.6541 -3.51163 3
      vertex 8.82707 -1.75581 7.5
      vertex 8.69333 -2.32937 7.5
    endloop
  endfacet
  facet normal 0.435723 -0.10157 0.894332
    outer loop
      vertex 17.3867 -4.65874 3
      vertex 17.6541 -3.51163 3
      vertex 8.69333 -2.32937 7.5
    endloop
  endfacet
  facet normal 0.973875 -0.227084 0
    outer loop
      vertex 8.69333 -2.32937 7.94436
      vertex 8.82707 -1.75581 7.5
      vertex 8.82707 -1.75581 7.94436
    endloop
  endfacet
  facet normal 0.973875 -0.227084 0
    outer loop
      vertex 8.82707 -1.75581 7.5
      vertex 8.69333 -2.32937 7.94436
      vertex 8.69333 -2.32937 7.5
    endloop
  endfacet
  facet normal 0.688815 -0.160622 -0.706918
    outer loop
      vertex 9.56451 -2.01661 16.2778
      vertex 16.183 -3.21899 23
      vertex 15.9378 -4.27051 23
    endloop
  endfacet
  facet normal 0.688814 -0.160629 -0.706918
    outer loop
      vertex 16.183 -3.21899 23
      vertex 9.56451 -2.01661 16.2778
      vertex 9.58994 -1.90756 16.2778
    endloop
  endfacet
  facet normal 0.68882 -0.160607 -0.706918
    outer loop
      vertex 15.9378 -4.27051 23
      vertex 9.52307 -2.19434 16.2778
      vertex 9.56451 -2.01661 16.2778
    endloop
  endfacet
  facet normal 0.688821 -0.160603 -0.706917
    outer loop
      vertex 9.52307 -2.19434 16.2778
      vertex 15.9378 -4.27051 23
      vertex 9.44465 -2.53068 16.2778
    endloop
  endfacet
  facet normal 0.973873 -0.227094 0
    outer loop
      vertex 15.9378 -4.27051 25
      vertex 16.183 -3.21899 23
      vertex 16.183 -3.21899 25
    endloop
  endfacet
  facet normal 0.973873 -0.227094 0
    outer loop
      vertex 16.183 -3.21899 23
      vertex 15.9378 -4.27051 25
      vertex 15.9378 -4.27051 23
    endloop
  endfacet
  facet normal 0.688862 -0.160579 -0.706883
    outer loop
      vertex 17.6541 -3.51163 0.599991
      vertex 17.3867 -4.65874 0.599991
      vertex 17.0657 -3.39457 0
    endloop
  endfacet
  facet normal 0.688783 -0.16063 -0.706949
    outer loop
      vertex 17.0657 -3.39457 0
      vertex 17.3867 -4.65874 0.599991
      vertex 16.8071 -4.50345 0
    endloop
  endfacet
  facet normal 0.956922 -0.290344 0
    outer loop
      vertex 17.0447 -5.78591 3
      vertex 17.3867 -4.65874 0.599991
      vertex 17.3867 -4.65874 3
    endloop
  endfacet
  facet normal 0.956922 -0.290344 0
    outer loop
      vertex 17.3867 -4.65874 0.599991
      vertex 17.0447 -5.78591 3
      vertex 17.0447 -5.78591 0.599991
    endloop
  endfacet
  facet normal 0.428139 -0.129874 0.894332
    outer loop
      vertex 17.3867 -4.65874 3
      vertex 8.69333 -2.32937 7.5
      vertex 8.52237 -2.89295 7.5
    endloop
  endfacet
  facet normal 0.428133 -0.129902 0.894331
    outer loop
      vertex 17.0447 -5.78591 3
      vertex 17.3867 -4.65874 3
      vertex 8.52237 -2.89295 7.5
    endloop
  endfacet
  facet normal 0.95694 -0.290284 0
    outer loop
      vertex 8.52237 -2.89295 7.94436
      vertex 8.69333 -2.32937 7.5
      vertex 8.69333 -2.32937 7.94436
    endloop
  endfacet
  facet normal 0.95694 -0.290284 0
    outer loop
      vertex 8.69333 -2.32937 7.5
      vertex 8.52237 -2.89295 7.94436
      vertex 8.52237 -2.89295 7.5
    endloop
  endfacet
  facet normal 0.676828 -0.205359 -0.706917
    outer loop
      vertex 9.41214 -2.63784 16.2778
      vertex 15.9378 -4.27051 23
      vertex 15.6243 -5.30375 23
    endloop
  endfacet
  facet normal 0.676834 -0.205337 -0.706917
    outer loop
      vertex 15.9378 -4.27051 23
      vertex 9.41214 -2.63784 16.2778
      vertex 9.44465 -2.53068 16.2778
    endloop
  endfacet
  facet normal 0.676852 -0.205296 -0.706913
    outer loop
      vertex 15.6243 -5.30375 23
      vertex 9.35917 -2.81248 16.2778
      vertex 9.41214 -2.63784 16.2778
    endloop
  endfacet
  facet normal 0.676841 -0.205326 -0.706914
    outer loop
      vertex 9.25891 -3.14298 16.2778
      vertex 9.35917 -2.81248 16.2778
      vertex 15.6243 -5.30375 23
    endloop
  endfacet
  facet normal 0.956922 -0.290344 0
    outer loop
      vertex 15.6243 -5.30375 25
      vertex 15.9378 -4.27051 23
      vertex 15.9378 -4.27051 25
    endloop
  endfacet
  facet normal 0.956922 -0.290344 0
    outer loop
      vertex 15.9378 -4.27051 23
      vertex 15.6243 -5.30375 25
      vertex 15.6243 -5.30375 23
    endloop
  endfacet
  facet normal 0.676799 -0.205351 -0.706947
    outer loop
      vertex 17.3867 -4.65874 0.599991
      vertex 17.0447 -5.78591 0.599991
      vertex 16.8071 -4.50345 0
    endloop
  endfacet
  facet normal 0.67687 -0.205312 -0.706891
    outer loop
      vertex 16.8071 -4.50345 0
      vertex 17.0447 -5.78591 0.599991
      vertex 16.4766 -5.59304 0
    endloop
  endfacet
  facet normal 0.935909 -0.352242 0
    outer loop
      vertex 16.6298 -6.8883 3
      vertex 17.0447 -5.78591 0.599991
      vertex 17.0447 -5.78591 3
    endloop
  endfacet
  facet normal 0.935909 -0.352242 0
    outer loop
      vertex 17.0447 -5.78591 0.599991
      vertex 16.6298 -6.8883 3
      vertex 16.6298 -6.8883 0.599991
    endloop
  endfacet
  facet normal 0.418732 -0.157594 0.894331
    outer loop
      vertex 17.0447 -5.78591 3
      vertex 8.52237 -2.89295 7.5
      vertex 8.31492 -3.44415 7.5
    endloop
  endfacet
  facet normal 0.418732 -0.157596 0.894331
    outer loop
      vertex 16.6298 -6.8883 3
      vertex 17.0447 -5.78591 3
      vertex 8.31492 -3.44415 7.5
    endloop
  endfacet
  facet normal 0.93591 -0.35224 0
    outer loop
      vertex 8.31492 -3.44415 7.94436
      vertex 8.52237 -2.89295 7.5
      vertex 8.52237 -2.89295 7.94436
    endloop
  endfacet
  facet normal 0.93591 -0.35224 0
    outer loop
      vertex 8.52237 -2.89295 7.5
      vertex 8.31492 -3.44415 7.94436
      vertex 8.31492 -3.44415 7.5
    endloop
  endfacet
  facet normal 0.661973 -0.249125 -0.706914
    outer loop
      vertex 9.21947 -3.24778 16.2778
      vertex 15.6243 -5.30375 23
      vertex 15.244 -6.31428 23
    endloop
  endfacet
  facet normal 0.661974 -0.249124 -0.706914
    outer loop
      vertex 15.6243 -5.30375 23
      vertex 9.21947 -3.24778 16.2778
      vertex 9.25891 -3.14298 16.2778
    endloop
  endfacet
  facet normal 0.661951 -0.249176 -0.706918
    outer loop
      vertex 15.244 -6.31428 23
      vertex 9.15518 -3.41857 16.2778
      vertex 9.21947 -3.24778 16.2778
    endloop
  endfacet
  facet normal 0.66197 -0.24913 -0.706915
    outer loop
      vertex 9.15518 -3.41857 16.2778
      vertex 15.244 -6.31428 23
      vertex 9.03353 -3.74181 16.2778
    endloop
  endfacet
  facet normal 0.935917 -0.35222 0
    outer loop
      vertex 15.244 -6.31428 25
      vertex 15.6243 -5.30375 23
      vertex 15.6243 -5.30375 25
    endloop
  endfacet
  facet normal 0.935917 -0.35222 0
    outer loop
      vertex 15.6243 -5.30375 23
      vertex 15.244 -6.31428 25
      vertex 15.244 -6.31428 23
    endloop
  endfacet
  facet normal 0.661988 -0.249149 -0.706892
    outer loop
      vertex 17.0447 -5.78591 0.599991
      vertex 16.6298 -6.8883 0.599991
      vertex 16.4766 -5.59304 0
    endloop
  endfacet
  facet normal 0.661968 -0.249158 -0.706908
    outer loop
      vertex 16.4766 -5.59304 0
      vertex 16.6298 -6.8883 0.599991
      vertex 16.0755 -6.65869 0
    endloop
  endfacet
  facet normal 0.910872 -0.41269 0
    outer loop
      vertex 16.1437 -7.9612 3
      vertex 16.6298 -6.8883 0.599991
      vertex 16.6298 -6.8883 3
    endloop
  endfacet
  facet normal 0.910872 -0.41269 0
    outer loop
      vertex 16.6298 -6.8883 0.599991
      vertex 16.1437 -7.9612 3
      vertex 16.1437 -7.9612 0.599991
    endloop
  endfacet
  facet normal 0.40753 -0.18464 0.894331
    outer loop
      vertex 8.31492 -3.44415 7.5
      vertex 16.1437 -7.9612 3
      vertex 16.6298 -6.8883 3
    endloop
  endfacet
  facet normal 0.407523 -0.184652 0.894331
    outer loop
      vertex 16.1437 -7.9612 3
      vertex 8.31492 -3.44415 7.5
      vertex 8.07185 -3.9806 7.5
    endloop
  endfacet
  facet normal 0.910859 -0.412718 0
    outer loop
      vertex 8.07185 -3.9806 7.94436
      vertex 8.31492 -3.44415 7.5
      vertex 8.31492 -3.44415 7.94436
    endloop
  endfacet
  facet normal 0.910859 -0.412718 0
    outer loop
      vertex 8.31492 -3.44415 7.5
      vertex 8.07185 -3.9806 7.94436
      vertex 8.07185 -3.9806 7.5
    endloop
  endfacet
  facet normal 0.644254 -0.291902 -0.706916
    outer loop
      vertex 8.91199 -4.01003 16.2778
      vertex 15.244 -6.31428 23
      vertex 14.7984 -7.29776 23
    endloop
  endfacet
  facet normal 0.644242 -0.291929 -0.706915
    outer loop
      vertex 15.244 -6.31428 23
      vertex 8.91199 -4.01003 16.2778
      vertex 9.03353 -3.74181 16.2778
    endloop
  endfacet
  facet normal -0 0 -1
    outer loop
      vertex 9.03353 -3.74181 16.2778
      vertex 8.91199 -4.01003 16.2778
      vertex 9.03352 -3.74181 16.2778
    endloop
  endfacet
  facet normal 0.644259 -0.291892 -0.706916
    outer loop
      vertex 8.91199 -4.01003 16.2778
      vertex 14.7984 -7.29776 23
      vertex 8.76946 -4.32462 16.2778
    endloop
  endfacet
  facet normal 0.910867 -0.4127 0
    outer loop
      vertex 14.7984 -7.29776 25
      vertex 15.244 -6.31428 23
      vertex 15.244 -6.31428 25
    endloop
  endfacet
  facet normal 0.910867 -0.4127 0
    outer loop
      vertex 15.244 -6.31428 23
      vertex 14.7984 -7.29776 25
      vertex 14.7984 -7.29776 23
    endloop
  endfacet
  facet normal 0.644265 -0.291898 -0.706908
    outer loop
      vertex 16.6298 -6.8883 0.599991
      vertex 16.1437 -7.9612 0.599991
      vertex 16.0755 -6.65869 0
    endloop
  endfacet
  facet normal 0.64426 -0.291899 -0.706912
    outer loop
      vertex 16.0755 -6.65869 0
      vertex 16.1437 -7.9612 0.599991
      vertex 15.6056 -7.69582 0
    endloop
  endfacet
  facet normal 0.881939 -0.471364 0
    outer loop
      vertex 15.5885 -9 3
      vertex 16.1437 -7.9612 0.599991
      vertex 16.1437 -7.9612 3
    endloop
  endfacet
  facet normal 0.881939 -0.471364 0
    outer loop
      vertex 16.1437 -7.9612 0.599991
      vertex 15.5885 -9 3
      vertex 15.5885 -9 0.599991
    endloop
  endfacet
  facet normal 0.394578 -0.210902 0.894331
    outer loop
      vertex 16.1437 -7.9612 3
      vertex 8.07185 -3.9806 7.5
      vertex 7.79423 -4.5 7.5
    endloop
  endfacet
  facet normal 0.394583 -0.21089 0.894332
    outer loop
      vertex 15.5885 -9 3
      vertex 16.1437 -7.9612 3
      vertex 7.79423 -4.5 7.5
    endloop
  endfacet
  facet normal 0.881925 -0.47139 0
    outer loop
      vertex 7.79423 -4.5 7.94436
      vertex 8.07185 -3.9806 7.5
      vertex 8.07185 -3.9806 7.94436
    endloop
  endfacet
  facet normal 0.881925 -0.47139 0
    outer loop
      vertex 8.07185 -3.9806 7.5
      vertex 7.79423 -4.5 7.94436
      vertex 7.79423 -4.5 7.5
    endloop
  endfacet
  facet normal 0.623776 -0.333426 -0.706916
    outer loop
      vertex 8.71667 -4.42337 16.2778
      vertex 14.7984 -7.29776 23
      vertex 14.2894 -8.25 23
    endloop
  endfacet
  facet normal 0.623763 -0.333452 -0.706916
    outer loop
      vertex 14.7984 -7.29776 23
      vertex 8.71667 -4.42337 16.2778
      vertex 8.76946 -4.32462 16.2778
    endloop
  endfacet
  facet normal 0.62378 -0.333419 -0.706916
    outer loop
      vertex 14.2894 -8.25 23
      vertex 8.63064 -4.58432 16.2778
      vertex 8.71667 -4.42337 16.2778
    endloop
  endfacet
  facet normal 0.623787 -0.333407 -0.706915
    outer loop
      vertex 8.63064 -4.58432 16.2778
      vertex 14.2894 -8.25 23
      vertex 8.46784 -4.88891 16.2778
    endloop
  endfacet
  facet normal 0.881915 -0.471409 0
    outer loop
      vertex 14.2894 -8.25 25
      vertex 14.7984 -7.29776 23
      vertex 14.7984 -7.29776 25
    endloop
  endfacet
  facet normal 0.881915 -0.471409 0
    outer loop
      vertex 14.7984 -7.29776 23
      vertex 14.2894 -8.25 25
      vertex 14.2894 -8.25 23
    endloop
  endfacet
  facet normal 0.623796 -0.333396 -0.706913
    outer loop
      vertex 15.6056 -7.69582 0
      vertex 16.1437 -7.9612 0.599991
      vertex 15.5885 -9 0.599991
    endloop
  endfacet
  facet normal 0.623721 -0.33342 -0.706967
    outer loop
      vertex 15.6056 -7.69582 0
      vertex 15.5885 -9 0.599991
      vertex 15.0688 -8.7 0
    endloop
  endfacet
  facet normal 0.849212 -0.528052 0
    outer loop
      vertex 14.9665 -10.0003 3
      vertex 15.5885 -9 0.599991
      vertex 15.5885 -9 3
    endloop
  endfacet
  facet normal 0.849212 -0.528052 0
    outer loop
      vertex 15.5885 -9 0.599991
      vertex 14.9665 -10.0003 3
      vertex 14.9665 -10.0003 0.599991
    endloop
  endfacet
  facet normal 0.379937 -0.236259 0.894332
    outer loop
      vertex 15.5885 -9 3
      vertex 7.79423 -4.5 7.5
      vertex 7.48323 -5.00013 7.5
    endloop
  endfacet
  facet normal 0.37994 -0.236252 0.894332
    outer loop
      vertex 14.9665 -10.0003 3
      vertex 15.5885 -9 3
      vertex 7.48323 -5.00013 7.5
    endloop
  endfacet
  facet normal 0.849203 -0.528067 0
    outer loop
      vertex 7.48323 -5.00013 7.94436
      vertex 7.79423 -4.5 7.5
      vertex 7.79423 -4.5 7.94436
    endloop
  endfacet
  facet normal 0.849203 -0.528067 0
    outer loop
      vertex 7.79423 -4.5 7.5
      vertex 7.48323 -5.00013 7.94436
      vertex 7.48323 -5.00013 7.5
    endloop
  endfacet
  facet normal 0.600631 -0.373515 -0.706915
    outer loop
      vertex 8.40871 -4.984 16.2778
      vertex 14.2894 -8.25 23
      vertex 13.7192 -9.16691 23
    endloop
  endfacet
  facet normal 0.600641 -0.373498 -0.706916
    outer loop
      vertex 14.2894 -8.25 23
      vertex 8.40871 -4.984 16.2778
      vertex 8.46784 -4.88891 16.2778
    endloop
  endfacet
  facet normal 0.600634 -0.373511 -0.706915
    outer loop
      vertex 13.7192 -9.16691 23
      vertex 8.31234 -5.13897 16.2778
      vertex 8.40871 -4.984 16.2778
    endloop
  endfacet
  facet normal 0.600639 -0.373503 -0.706914
    outer loop
      vertex 8.31234 -5.13897 16.2778
      vertex 13.7192 -9.16691 23
      vertex 8.12996 -5.43226 16.2778
    endloop
  endfacet
  facet normal 0.84919 -0.528087 0
    outer loop
      vertex 13.7192 -9.16691 25
      vertex 14.2894 -8.25 23
      vertex 14.2894 -8.25 25
    endloop
  endfacet
  facet normal 0.84919 -0.528087 0
    outer loop
      vertex 14.2894 -8.25 23
      vertex 13.7192 -9.16691 25
      vertex 13.7192 -9.16691 23
    endloop
  endfacet
  facet normal 0.600604 -0.373464 -0.706965
    outer loop
      vertex 15.0688 -8.7 0
      vertex 15.5885 -9 0.599991
      vertex 14.9665 -10.0003 0.599991
    endloop
  endfacet
  facet normal 0.600635 -0.373456 -0.706943
    outer loop
      vertex 15.0688 -8.7 0
      vertex 14.9665 -10.0003 0.599991
      vertex 14.4676 -9.66692 0
    endloop
  endfacet
  facet normal 0.812832 -0.582498 0
    outer loop
      vertex 14.2804 -10.9577 3
      vertex 14.9665 -10.0003 0.599991
      vertex 14.9665 -10.0003 3
    endloop
  endfacet
  facet normal 0.812832 -0.582498 0
    outer loop
      vertex 14.9665 -10.0003 0.599991
      vertex 14.2804 -10.9577 3
      vertex 14.2804 -10.9577 0.599991
    endloop
  endfacet
  facet normal 0.363669 -0.260604 0.894332
    outer loop
      vertex 14.9665 -10.0003 3
      vertex 7.48323 -5.00013 7.5
      vertex 7.14018 -5.47885 7.5
    endloop
  endfacet
  facet normal 0.363664 -0.260612 0.894332
    outer loop
      vertex 14.2804 -10.9577 3
      vertex 14.9665 -10.0003 3
      vertex 7.14018 -5.47885 7.5
    endloop
  endfacet
  facet normal 0.812843 -0.582482 0
    outer loop
      vertex 7.14018 -5.47885 7.94436
      vertex 7.48323 -5.00013 7.5
      vertex 7.48323 -5.00013 7.94436
    endloop
  endfacet
  facet normal 0.812843 -0.582482 0
    outer loop
      vertex 7.48323 -5.00013 7.5
      vertex 7.14018 -5.47885 7.94436
      vertex 7.14018 -5.47885 7.5
    endloop
  endfacet
  facet normal 0.574939 -0.411966 -0.706915
    outer loop
      vertex 8.06473 -5.52328 16.2778
      vertex 13.7192 -9.16691 23
      vertex 13.0903 -10.0446 23
    endloop
  endfacet
  facet normal 0.574908 -0.412011 -0.706914
    outer loop
      vertex 13.7192 -9.16691 23
      vertex 8.06473 -5.52328 16.2778
      vertex 8.12996 -5.43226 16.2778
    endloop
  endfacet
  facet normal 0.574922 -0.411987 -0.706917
    outer loop
      vertex 13.0903 -10.0446 23
      vertex 7.95843 -5.67162 16.2778
      vertex 8.06473 -5.52328 16.2778
    endloop
  endfacet
  facet normal 0.574929 -0.411977 -0.706916
    outer loop
      vertex 7.95843 -5.67162 16.2778
      vertex 13.0903 -10.0446 23
      vertex 7.75726 -5.95236 16.2778
    endloop
  endfacet
  facet normal 0.812866 -0.582451 0
    outer loop
      vertex 13.0903 -10.0446 25
      vertex 13.7192 -9.16691 23
      vertex 13.7192 -9.16691 25
    endloop
  endfacet
  facet normal 0.812866 -0.582451 0
    outer loop
      vertex 13.7192 -9.16691 23
      vertex 13.0903 -10.0446 25
      vertex 13.0903 -10.0446 23
    endloop
  endfacet
  facet normal 0.574891 -0.411983 -0.706944
    outer loop
      vertex 14.4676 -9.66692 0
      vertex 14.9665 -10.0003 0.599991
      vertex 14.2804 -10.9577 0.599991
    endloop
  endfacet
  facet normal 0.574839 -0.411993 -0.706981
    outer loop
      vertex 14.4676 -9.66692 0
      vertex 14.2804 -10.9577 0.599991
      vertex 13.8043 -10.5924 0
    endloop
  endfacet
  facet normal 0.77298 -0.63443 0
    outer loop
      vertex 13.5331 -11.8682 3
      vertex 14.2804 -10.9577 0.599991
      vertex 14.2804 -10.9577 3
    endloop
  endfacet
  facet normal 0.77298 -0.63443 0
    outer loop
      vertex 14.2804 -10.9577 0.599991
      vertex 13.5331 -11.8682 3
      vertex 13.5331 -11.8682 0.599991
    endloop
  endfacet
  facet normal 0.345849 -0.283829 0.894332
    outer loop
      vertex 14.2804 -10.9577 3
      vertex 7.14018 -5.47885 7.5
      vertex 6.76656 -5.93411 7.5
    endloop
  endfacet
  facet normal 0.345836 -0.283848 0.894331
    outer loop
      vertex 13.5331 -11.8682 3
      vertex 14.2804 -10.9577 3
      vertex 6.76656 -5.93411 7.5
    endloop
  endfacet
  facet normal 0.773012 -0.634391 0
    outer loop
      vertex 6.76656 -5.93411 7.94436
      vertex 7.14018 -5.47885 7.5
      vertex 7.14018 -5.47885 7.94436
    endloop
  endfacet
  facet normal 0.773012 -0.634391 0
    outer loop
      vertex 7.14018 -5.47885 7.5
      vertex 6.76656 -5.93411 7.94436
      vertex 6.76656 -5.93411 7.5
    endloop
  endfacet
  facet normal 0.54676 -0.448689 -0.706917
    outer loop
      vertex 7.68623 -6.03892 16.2778
      vertex 13.0903 -10.0446 23
      vertex 12.4054 -10.8792 23
    endloop
  endfacet
  facet normal 0.546772 -0.448674 -0.706917
    outer loop
      vertex 13.0903 -10.0446 23
      vertex 7.68623 -6.03892 16.2778
      vertex 7.75726 -5.95236 16.2778
    endloop
  endfacet
  facet normal 0.546733 -0.448719 -0.706919
    outer loop
      vertex 12.4054 -10.8792 23
      vertex 7.57045 -6.17999 16.2778
      vertex 7.68623 -6.03892 16.2778
    endloop
  endfacet
  facet normal 0.546743 -0.448707 -0.706918
    outer loop
      vertex 7.57045 -6.17999 16.2778
      vertex 12.4054 -10.8792 23
      vertex 7.35135 -6.44696 16.2778
    endloop
  endfacet
  facet normal 0.773028 -0.634372 0
    outer loop
      vertex 12.4054 -10.8792 25
      vertex 13.0903 -10.0446 23
      vertex 13.0903 -10.0446 25
    endloop
  endfacet
  facet normal 0.773028 -0.634372 0
    outer loop
      vertex 13.0903 -10.0446 23
      vertex 12.4054 -10.8792 25
      vertex 12.4054 -10.8792 23
    endloop
  endfacet
  facet normal 0.546679 -0.448691 -0.706978
    outer loop
      vertex 13.8043 -10.5924 0
      vertex 14.2804 -10.9577 0.599991
      vertex 13.5331 -11.8682 0.599991
    endloop
  endfacet
  facet normal 0.546766 -0.448681 -0.706918
    outer loop
      vertex 13.8043 -10.5924 0
      vertex 13.5331 -11.8682 0.599991
      vertex 13.082 -11.4726 0
    endloop
  endfacet
  facet normal 0.729863 -0.683594 0
    outer loop
      vertex 12.7279 -12.7279 3
      vertex 13.5331 -11.8682 0.599991
      vertex 13.5331 -11.8682 3
    endloop
  endfacet
  facet normal 0.729863 -0.683594 0
    outer loop
      vertex 13.5331 -11.8682 0.599991
      vertex 12.7279 -12.7279 3
      vertex 12.7279 -12.7279 0.599991
    endloop
  endfacet
  facet normal 0.326545 -0.305844 0.894331
    outer loop
      vertex 6.76656 -5.93411 7.5
      vertex 12.7279 -12.7279 3
      vertex 13.5331 -11.8682 3
    endloop
  endfacet
  facet normal 0.326545 -0.305844 0.894331
    outer loop
      vertex 12.7279 -12.7279 3
      vertex 6.76656 -5.93411 7.5
      vertex 6.36396 -6.36396 7.5
    endloop
  endfacet
  facet normal 0.729863 -0.683594 0
    outer loop
      vertex 6.36396 -6.36396 7.94436
      vertex 6.76656 -5.93411 7.5
      vertex 6.76656 -5.93411 7.94436
    endloop
  endfacet
  facet normal 0.729863 -0.683594 0
    outer loop
      vertex 6.76656 -5.93411 7.5
      vertex 6.36396 -6.36396 7.94436
      vertex 6.36396 -6.36396 7.5
    endloop
  endfacet
  facet normal 0.516241 -0.483489 -0.706919
    outer loop
      vertex 7.2748 -6.52869 16.2778
      vertex 12.4054 -10.8792 23
      vertex 11.6673 -11.6673 23
    endloop
  endfacet
  facet normal 0.516225 -0.483507 -0.706918
    outer loop
      vertex 12.4054 -10.8792 23
      vertex 7.2748 -6.52869 16.2778
      vertex 7.35135 -6.44696 16.2778
    endloop
  endfacet
  facet normal 0.51624 -0.48349 -0.706919
    outer loop
      vertex 11.6673 -11.6673 23
      vertex 7.15005 -6.66189 16.2778
      vertex 7.2748 -6.52869 16.2778
    endloop
  endfacet
  facet normal 0.516228 -0.483502 -0.706919
    outer loop
      vertex 7.15005 -6.66189 16.2778
      vertex 11.6673 -11.6673 23
      vertex 6.91396 -6.91396 16.2778
    endloop
  endfacet
  facet normal 0.729881 -0.683574 0
    outer loop
      vertex 11.6673 -11.6673 25
      vertex 12.4054 -10.8792 23
      vertex 12.4054 -10.8792 25
    endloop
  endfacet
  facet normal 0.729881 -0.683574 0
    outer loop
      vertex 12.4054 -10.8792 23
      vertex 11.6673 -11.6673 25
      vertex 11.6673 -11.6673 23
    endloop
  endfacet
  facet normal 0.516229 -0.483503 -0.706918
    outer loop
      vertex 13.082 -11.4726 0
      vertex 13.5331 -11.8682 0.599991
      vertex 12.7279 -12.7279 0.599991
    endloop
  endfacet
  facet normal 0.5163 -0.483499 -0.706868
    outer loop
      vertex 13.082 -11.4726 0
      vertex 12.7279 -12.7279 0.599991
      vertex 12.3037 -12.3037 0
    endloop
  endfacet
  facet normal 0.683594 -0.729863 0
    outer loop
      vertex 11.8682 -13.5331 0.599991
      vertex 12.7279 -12.7279 3
      vertex 11.8682 -13.5331 3
    endloop
  endfacet
  facet normal 0.683594 -0.729863 0
    outer loop
      vertex 12.7279 -12.7279 3
      vertex 11.8682 -13.5331 0.599991
      vertex 12.7279 -12.7279 0.599991
    endloop
  endfacet
  facet normal 0.305844 -0.326545 0.894331
    outer loop
      vertex 6.36396 -6.36396 7.5
      vertex 11.8682 -13.5331 3
      vertex 12.7279 -12.7279 3
    endloop
  endfacet
  facet normal 0.305844 -0.326545 0.894331
    outer loop
      vertex 11.8682 -13.5331 3
      vertex 6.36396 -6.36396 7.5
      vertex 5.93411 -6.76656 7.5
    endloop
  endfacet
  facet normal 0.683594 -0.729863 0
    outer loop
      vertex 5.93411 -6.76656 7.5
      vertex 6.36396 -6.36396 7.94436
      vertex 5.93411 -6.76656 7.94436
    endloop
  endfacet
  facet normal 0.683594 -0.729863 0
    outer loop
      vertex 6.36396 -6.36396 7.94436
      vertex 5.93411 -6.76656 7.5
      vertex 6.36396 -6.36396 7.5
    endloop
  endfacet
  facet normal 0.483489 -0.516241 -0.706919
    outer loop
      vertex 6.83223 -6.99051 16.2778
      vertex 11.6673 -11.6673 23
      vertex 10.8792 -12.4054 23
    endloop
  endfacet
  facet normal 0.483506 -0.516224 -0.70692
    outer loop
      vertex 11.6673 -11.6673 23
      vertex 6.83223 -6.99051 16.2778
      vertex 6.91396 -6.91396 16.2778
    endloop
  endfacet
  facet normal 0.48351 -0.516222 -0.706917
    outer loop
      vertex 10.8792 -12.4054 23
      vertex 6.69904 -7.11526 16.2778
      vertex 6.83223 -6.99051 16.2778
    endloop
  endfacet
  facet normal 0.483492 -0.516238 -0.706918
    outer loop
      vertex 6.69904 -7.11526 16.2778
      vertex 10.8792 -12.4054 23
      vertex 6.44696 -7.35135 16.2778
    endloop
  endfacet
  facet normal 0.683574 -0.729881 0
    outer loop
      vertex 10.8792 -12.4054 23
      vertex 11.6673 -11.6673 25
      vertex 10.8792 -12.4054 25
    endloop
  endfacet
  facet normal 0.683574 -0.729881 0
    outer loop
      vertex 11.6673 -11.6673 25
      vertex 10.8792 -12.4054 23
      vertex 11.6673 -11.6673 23
    endloop
  endfacet
  facet normal 0.483536 -0.516264 -0.706869
    outer loop
      vertex 12.3037 -12.3037 0
      vertex 12.7279 -12.7279 0.599991
      vertex 11.8682 -13.5331 0.599991
    endloop
  endfacet
  facet normal 0.483465 -0.516263 -0.706919
    outer loop
      vertex 12.3037 -12.3037 0
      vertex 11.8682 -13.5331 0.599991
      vertex 11.4726 -13.082 0
    endloop
  endfacet
  facet normal 0.63443 -0.77298 0
    outer loop
      vertex 10.9577 -14.2804 0.599991
      vertex 11.8682 -13.5331 3
      vertex 10.9577 -14.2804 3
    endloop
  endfacet
  facet normal 0.63443 -0.77298 0
    outer loop
      vertex 11.8682 -13.5331 3
      vertex 10.9577 -14.2804 0.599991
      vertex 11.8682 -13.5331 0.599991
    endloop
  endfacet
  facet normal 0.283831 -0.345851 0.894331
    outer loop
      vertex 11.8682 -13.5331 3
      vertex 5.93411 -6.76656 7.5
      vertex 5.47885 -7.14018 7.5
    endloop
  endfacet
  facet normal 0.283847 -0.345835 0.894332
    outer loop
      vertex 10.9577 -14.2804 3
      vertex 11.8682 -13.5331 3
      vertex 5.47885 -7.14018 7.5
    endloop
  endfacet
  facet normal 0.634391 -0.773012 0
    outer loop
      vertex 5.47885 -7.14018 7.5
      vertex 5.93411 -6.76656 7.94436
      vertex 5.47885 -7.14018 7.94436
    endloop
  endfacet
  facet normal 0.634391 -0.773012 0
    outer loop
      vertex 5.93411 -6.76656 7.94436
      vertex 5.47885 -7.14018 7.5
      vertex 5.93411 -6.76656 7.5
    endloop
  endfacet
  facet normal 0.448689 -0.546759 -0.706918
    outer loop
      vertex 6.3604 -7.42239 16.2778
      vertex 10.8792 -12.4054 23
      vertex 10.0446 -13.0903 23
    endloop
  endfacet
  facet normal 0.448711 -0.54674 -0.706918
    outer loop
      vertex 10.8792 -12.4054 23
      vertex 6.3604 -7.42239 16.2778
      vertex 6.44696 -7.35135 16.2778
    endloop
  endfacet
  facet normal 0.448697 -0.546754 -0.706917
    outer loop
      vertex 10.0446 -13.0903 23
      vertex 6.21933 -7.53816 16.2778
      vertex 6.3604 -7.42239 16.2778
    endloop
  endfacet
  facet normal 0.448709 -0.546745 -0.706916
    outer loop
      vertex 6.21933 -7.53816 16.2778
      vertex 10.0446 -13.0903 23
      vertex 5.95236 -7.75726 16.2778
    endloop
  endfacet
  facet normal 0.634372 -0.773028 0
    outer loop
      vertex 10.0446 -13.0903 23
      vertex 10.8792 -12.4054 25
      vertex 10.0446 -13.0903 25
    endloop
  endfacet
  facet normal 0.634372 -0.773028 0
    outer loop
      vertex 10.8792 -12.4054 25
      vertex 10.0446 -13.0903 23
      vertex 10.8792 -12.4054 23
    endloop
  endfacet
  facet normal 0.448729 -0.546725 -0.706919
    outer loop
      vertex 11.4726 -13.082 0
      vertex 11.8682 -13.5331 0.599991
      vertex 10.9577 -14.2804 0.599991
    endloop
  endfacet
  facet normal 0.448642 -0.546718 -0.706979
    outer loop
      vertex 11.4726 -13.082 0
      vertex 10.9577 -14.2804 0.599991
      vertex 10.5924 -13.8043 0
    endloop
  endfacet
  facet normal 0.582498 -0.812832 0
    outer loop
      vertex 10.0003 -14.9665 0.599991
      vertex 10.9577 -14.2804 3
      vertex 10.0003 -14.9665 3
    endloop
  endfacet
  facet normal 0.582498 -0.812832 0
    outer loop
      vertex 10.9577 -14.2804 3
      vertex 10.0003 -14.9665 0.599991
      vertex 10.9577 -14.2804 0.599991
    endloop
  endfacet
  facet normal 0.260605 -0.363669 0.894332
    outer loop
      vertex 10.9577 -14.2804 3
      vertex 5.47885 -7.14018 7.5
      vertex 5.00013 -7.48323 7.5
    endloop
  endfacet
  facet normal 0.260612 -0.363664 0.894332
    outer loop
      vertex 10.0003 -14.9665 3
      vertex 10.9577 -14.2804 3
      vertex 5.00013 -7.48323 7.5
    endloop
  endfacet
  facet normal 0.582482 -0.812843 0
    outer loop
      vertex 5.00013 -7.48323 7.5
      vertex 5.47885 -7.14018 7.94436
      vertex 5.00013 -7.48323 7.94436
    endloop
  endfacet
  facet normal 0.582482 -0.812843 0
    outer loop
      vertex 5.47885 -7.14018 7.94436
      vertex 5.00013 -7.48323 7.5
      vertex 5.47885 -7.14018 7.5
    endloop
  endfacet
  facet normal 0.411966 -0.574938 -0.706916
    outer loop
      vertex 5.86134 -7.82249 16.2778
      vertex 10.0446 -13.0903 23
      vertex 9.16691 -13.7192 23
    endloop
  endfacet
  facet normal 0.412009 -0.574906 -0.706917
    outer loop
      vertex 10.0446 -13.0903 23
      vertex 5.86134 -7.82249 16.2778
      vertex 5.95236 -7.75726 16.2778
    endloop
  endfacet
  facet normal 0.411989 -0.574924 -0.706914
    outer loop
      vertex 9.16691 -13.7192 23
      vertex 5.713 -7.92879 16.2778
      vertex 5.86134 -7.82249 16.2778
    endloop
  endfacet
  facet normal 0.411978 -0.574931 -0.706915
    outer loop
      vertex 5.713 -7.92879 16.2778
      vertex 9.16691 -13.7192 23
      vertex 5.43226 -8.12996 16.2778
    endloop
  endfacet
  facet normal 0.582451 -0.812866 0
    outer loop
      vertex 9.16691 -13.7192 23
      vertex 10.0446 -13.0903 25
      vertex 9.16691 -13.7192 25
    endloop
  endfacet
  facet normal 0.582451 -0.812866 0
    outer loop
      vertex 10.0446 -13.0903 25
      vertex 9.16691 -13.7192 23
      vertex 10.0446 -13.0903 23
    endloop
  endfacet
  facet normal 0.411962 -0.574862 -0.70698
    outer loop
      vertex 10.5924 -13.8043 0
      vertex 10.9577 -14.2804 0.599991
      vertex 10.0003 -14.9665 0.599991
    endloop
  endfacet
  facet normal 0.412014 -0.57487 -0.706944
    outer loop
      vertex 10.5924 -13.8043 0
      vertex 10.0003 -14.9665 0.599991
      vertex 9.66692 -14.4676 0
    endloop
  endfacet
  facet normal 0.528052 -0.849212 0
    outer loop
      vertex 9 -15.5885 0.599991
      vertex 10.0003 -14.9665 3
      vertex 9 -15.5885 3
    endloop
  endfacet
  facet normal 0.528052 -0.849212 0
    outer loop
      vertex 10.0003 -14.9665 3
      vertex 9 -15.5885 0.599991
      vertex 10.0003 -14.9665 0.599991
    endloop
  endfacet
  facet normal 0.236259 -0.379936 0.894332
    outer loop
      vertex 10.0003 -14.9665 3
      vertex 5.00013 -7.48323 7.5
      vertex 4.5 -7.79423 7.5
    endloop
  endfacet
  facet normal 0.236252 -0.379941 0.894332
    outer loop
      vertex 9 -15.5885 3
      vertex 10.0003 -14.9665 3
      vertex 4.5 -7.79423 7.5
    endloop
  endfacet
  facet normal 0.528067 -0.849203 0
    outer loop
      vertex 4.5 -7.79423 7.5
      vertex 5.00013 -7.48323 7.94436
      vertex 4.5 -7.79423 7.94436
    endloop
  endfacet
  facet normal 0.528067 -0.849203 0
    outer loop
      vertex 5.00013 -7.48323 7.94436
      vertex 4.5 -7.79423 7.5
      vertex 5.00013 -7.48323 7.5
    endloop
  endfacet
  facet normal 0.373515 -0.600631 -0.706915
    outer loop
      vertex 5.33717 -8.18909 16.2778
      vertex 9.16691 -13.7192 23
      vertex 8.25 -14.2894 23
    endloop
  endfacet
  facet normal 0.373498 -0.600642 -0.706914
    outer loop
      vertex 9.16691 -13.7192 23
      vertex 5.33717 -8.18909 16.2778
      vertex 5.43226 -8.12996 16.2778
    endloop
  endfacet
  facet normal 0.373511 -0.600633 -0.706915
    outer loop
      vertex 8.25 -14.2894 23
      vertex 5.1822 -8.28546 16.2778
      vertex 5.33717 -8.18909 16.2778
    endloop
  endfacet
  facet normal 0.373502 -0.600638 -0.706916
    outer loop
      vertex 5.1822 -8.28546 16.2778
      vertex 8.25 -14.2894 23
      vertex 4.88891 -8.46784 16.2778
    endloop
  endfacet
  facet normal 0.528087 -0.84919 0
    outer loop
      vertex 8.25 -14.2894 23
      vertex 9.16691 -13.7192 25
      vertex 8.25 -14.2894 25
    endloop
  endfacet
  facet normal 0.528087 -0.84919 0
    outer loop
      vertex 9.16691 -13.7192 25
      vertex 8.25 -14.2894 23
      vertex 9.16691 -13.7192 23
    endloop
  endfacet
  facet normal 0.373475 -0.600622 -0.706943
    outer loop
      vertex 9.66692 -14.4676 0
      vertex 10.0003 -14.9665 0.599991
      vertex 9 -15.5885 0.599991
    endloop
  endfacet
  facet normal 0.373444 -0.600616 -0.706966
    outer loop
      vertex 9.66692 -14.4676 0
      vertex 9 -15.5885 0.599991
      vertex 8.7 -15.0688 0
    endloop
  endfacet
  facet normal 0.471364 -0.881939 0
    outer loop
      vertex 7.9612 -16.1437 0.599991
      vertex 9 -15.5885 3
      vertex 7.9612 -16.1437 3
    endloop
  endfacet
  facet normal 0.471364 -0.881939 0
    outer loop
      vertex 9 -15.5885 3
      vertex 7.9612 -16.1437 0.599991
      vertex 9 -15.5885 0.599991
    endloop
  endfacet
  facet normal 0.210902 -0.394577 0.894332
    outer loop
      vertex 9 -15.5885 3
      vertex 4.5 -7.79423 7.5
      vertex 3.9806 -8.07185 7.5
    endloop
  endfacet
  facet normal 0.21089 -0.394584 0.894332
    outer loop
      vertex 7.9612 -16.1437 3
      vertex 9 -15.5885 3
      vertex 3.9806 -8.07185 7.5
    endloop
  endfacet
  facet normal 0.47139 -0.881925 0
    outer loop
      vertex 3.9806 -8.07185 7.5
      vertex 4.5 -7.79423 7.94436
      vertex 3.9806 -8.07185 7.94436
    endloop
  endfacet
  facet normal 0.47139 -0.881925 0
    outer loop
      vertex 4.5 -7.79423 7.94436
      vertex 3.9806 -8.07185 7.5
      vertex 4.5 -7.79423 7.5
    endloop
  endfacet
  facet normal 0.333426 -0.623776 -0.706916
    outer loop
      vertex 4.79015 -8.52062 16.2778
      vertex 8.25 -14.2894 23
      vertex 7.29776 -14.7984 23
    endloop
  endfacet
  facet normal 0.333377 -0.623804 -0.706915
    outer loop
      vertex 8.25 -14.2894 23
      vertex 4.79015 -8.52062 16.2778
      vertex 4.88891 -8.46784 16.2778
    endloop
  endfacet
  facet normal 0.333435 -0.623772 -0.706916
    outer loop
      vertex 7.29776 -14.7984 23
      vertex 4.62921 -8.60665 16.2778
      vertex 4.79015 -8.52062 16.2778
    endloop
  endfacet
  facet normal 0.333423 -0.623778 -0.706916
    outer loop
      vertex 4.62921 -8.60665 16.2778
      vertex 7.29776 -14.7984 23
      vertex 4.32462 -8.76946 16.2778
    endloop
  endfacet
  facet normal 0.471409 -0.881915 0
    outer loop
      vertex 7.29776 -14.7984 23
      vertex 8.25 -14.2894 25
      vertex 7.29776 -14.7984 25
    endloop
  endfacet
  facet normal 0.471409 -0.881915 0
    outer loop
      vertex 8.25 -14.2894 25
      vertex 7.29776 -14.7984 23
      vertex 8.25 -14.2894 23
    endloop
  endfacet
  facet normal 0.333371 -0.623749 -0.706966
    outer loop
      vertex 8.7 -15.0688 0
      vertex 9 -15.5885 0.599991
      vertex 7.9612 -16.1437 0.599991
    endloop
  endfacet
  facet normal 0.333446 -0.62377 -0.706912
    outer loop
      vertex 8.7 -15.0688 0
      vertex 7.9612 -16.1437 0.599991
      vertex 7.69582 -15.6056 0
    endloop
  endfacet
  facet normal 0.41269 -0.910872 0
    outer loop
      vertex 6.8883 -16.6298 0.599991
      vertex 7.9612 -16.1437 3
      vertex 6.8883 -16.6298 3
    endloop
  endfacet
  facet normal 0.41269 -0.910872 0
    outer loop
      vertex 7.9612 -16.1437 3
      vertex 6.8883 -16.6298 0.599991
      vertex 7.9612 -16.1437 0.599991
    endloop
  endfacet
  facet normal 0.18464 -0.407529 0.894331
    outer loop
      vertex 3.9806 -8.07185 7.5
      vertex 6.8883 -16.6298 3
      vertex 7.9612 -16.1437 3
    endloop
  endfacet
  facet normal 0.184653 -0.407524 0.894331
    outer loop
      vertex 6.8883 -16.6298 3
      vertex 3.9806 -8.07185 7.5
      vertex 3.44415 -8.31492 7.5
    endloop
  endfacet
  facet normal 0.412718 -0.910859 0
    outer loop
      vertex 3.44415 -8.31492 7.5
      vertex 3.9806 -8.07185 7.94436
      vertex 3.44415 -8.31492 7.94436
    endloop
  endfacet
  facet normal 0.412718 -0.910859 0
    outer loop
      vertex 3.9806 -8.07185 7.94436
      vertex 3.44415 -8.31492 7.5
      vertex 3.9806 -8.07185 7.5
    endloop
  endfacet
  facet normal 0.291902 -0.644254 -0.706916
    outer loop
      vertex 4.05639 -8.89099 16.2778
      vertex 7.29776 -14.7984 23
      vertex 6.31428 -15.244 23
    endloop
  endfacet
  facet normal 0.2919 -0.644255 -0.706916
    outer loop
      vertex 7.29776 -14.7984 23
      vertex 4.05639 -8.89099 16.2778
      vertex 4.32462 -8.76946 16.2778
    endloop
  endfacet
  facet normal 0.291916 -0.644248 -0.706916
    outer loop
      vertex 3.74181 -9.03353 16.2778
      vertex 4.05639 -8.89099 16.2778
      vertex 6.31428 -15.244 23
    endloop
  endfacet
  facet normal 0 0 -1
    outer loop
      vertex 4.05639 -8.89099 16.2778
      vertex 3.74181 -9.03353 16.2778
      vertex 3.74181 -9.03352 16.2778
    endloop
  endfacet
  facet normal 0.4127 -0.910867 0
    outer loop
      vertex 6.31428 -15.244 23
      vertex 7.29776 -14.7984 25
      vertex 6.31428 -15.244 25
    endloop
  endfacet
  facet normal 0.4127 -0.910867 0
    outer loop
      vertex 7.29776 -14.7984 25
      vertex 6.31428 -15.244 23
      vertex 7.29776 -14.7984 23
    endloop
  endfacet
  facet normal 0.291896 -0.644261 -0.706911
    outer loop
      vertex 7.69582 -15.6056 0
      vertex 7.9612 -16.1437 0.599991
      vertex 6.8883 -16.6298 0.599991
    endloop
  endfacet
  facet normal 0.291901 -0.644263 -0.706908
    outer loop
      vertex 7.69582 -15.6056 0
      vertex 6.8883 -16.6298 0.599991
      vertex 6.65869 -16.0755 0
    endloop
  endfacet
  facet normal 0.352242 -0.935909 0
    outer loop
      vertex 5.78591 -17.0447 0.599991
      vertex 6.8883 -16.6298 3
      vertex 5.78591 -17.0447 3
    endloop
  endfacet
  facet normal 0.352242 -0.935909 0
    outer loop
      vertex 6.8883 -16.6298 3
      vertex 5.78591 -17.0447 0.599991
      vertex 6.8883 -16.6298 0.599991
    endloop
  endfacet
  facet normal 0.157594 -0.418732 0.894331
    outer loop
      vertex 6.8883 -16.6298 3
      vertex 3.44415 -8.31492 7.5
      vertex 2.89295 -8.52237 7.5
    endloop
  endfacet
  facet normal 0.157596 -0.418732 0.894331
    outer loop
      vertex 5.78591 -17.0447 3
      vertex 6.8883 -16.6298 3
      vertex 2.89295 -8.52237 7.5
    endloop
  endfacet
  facet normal 0.35224 -0.93591 0
    outer loop
      vertex 2.89295 -8.52237 7.5
      vertex 3.44415 -8.31492 7.94436
      vertex 2.89295 -8.52237 7.94436
    endloop
  endfacet
  facet normal 0.35224 -0.93591 0
    outer loop
      vertex 3.44415 -8.31492 7.94436
      vertex 2.89295 -8.52237 7.5
      vertex 3.44415 -8.31492 7.5
    endloop
  endfacet
  facet normal 0.249125 -0.661972 -0.706915
    outer loop
      vertex 3.63701 -9.07297 16.2778
      vertex 6.31428 -15.244 23
      vertex 5.30375 -15.6243 23
    endloop
  endfacet
  facet normal 0.249124 -0.661973 -0.706915
    outer loop
      vertex 6.31428 -15.244 23
      vertex 3.63701 -9.07297 16.2778
      vertex 3.74181 -9.03353 16.2778
    endloop
  endfacet
  facet normal 0.24913 -0.661971 -0.706915
    outer loop
      vertex 5.30375 -15.6243 23
      vertex 3.46621 -9.13725 16.2778
      vertex 3.63701 -9.07297 16.2778
    endloop
  endfacet
  facet normal 0.249155 -0.661963 -0.706914
    outer loop
      vertex 3.46621 -9.13725 16.2778
      vertex 5.30375 -15.6243 23
      vertex 3.14298 -9.25891 16.2778
    endloop
  endfacet
  facet normal 0.35222 -0.935917 0
    outer loop
      vertex 5.30375 -15.6243 23
      vertex 6.31428 -15.244 25
      vertex 5.30375 -15.6243 25
    endloop
  endfacet
  facet normal 0.35222 -0.935917 0
    outer loop
      vertex 6.31428 -15.244 25
      vertex 5.30375 -15.6243 23
      vertex 6.31428 -15.244 23
    endloop
  endfacet
  facet normal 0.249143 -0.661974 -0.706907
    outer loop
      vertex 6.65869 -16.0755 0
      vertex 6.8883 -16.6298 0.599991
      vertex 5.78591 -17.0447 0.599991
    endloop
  endfacet
  facet normal 0.249164 -0.661983 -0.706892
    outer loop
      vertex 6.65869 -16.0755 0
      vertex 5.78591 -17.0447 0.599991
      vertex 5.59304 -16.4766 0
    endloop
  endfacet
  facet normal 0.290344 -0.956922 0
    outer loop
      vertex 4.65874 -17.3867 0.599991
      vertex 5.78591 -17.0447 3
      vertex 4.65874 -17.3867 3
    endloop
  endfacet
  facet normal 0.290344 -0.956922 0
    outer loop
      vertex 5.78591 -17.0447 3
      vertex 4.65874 -17.3867 0.599991
      vertex 5.78591 -17.0447 0.599991
    endloop
  endfacet
  facet normal 0.129875 -0.428142 0.894331
    outer loop
      vertex 5.78591 -17.0447 3
      vertex 2.89295 -8.52237 7.5
      vertex 2.32937 -8.69333 7.5
    endloop
  endfacet
  facet normal 0.129901 -0.428131 0.894332
    outer loop
      vertex 4.65874 -17.3867 3
      vertex 5.78591 -17.0447 3
      vertex 2.32937 -8.69333 7.5
    endloop
  endfacet
  facet normal 0.290284 -0.95694 0
    outer loop
      vertex 2.32937 -8.69333 7.5
      vertex 2.89295 -8.52237 7.94436
      vertex 2.32937 -8.69333 7.94436
    endloop
  endfacet
  facet normal 0.290284 -0.95694 0
    outer loop
      vertex 2.89295 -8.52237 7.94436
      vertex 2.32937 -8.69333 7.5
      vertex 2.89295 -8.52237 7.5
    endloop
  endfacet
  facet normal 0.20536 -0.676829 -0.706915
    outer loop
      vertex 3.03582 -9.29141 16.2778
      vertex 5.30375 -15.6243 23
      vertex 4.27051 -15.9378 23
    endloop
  endfacet
  facet normal 0.20528 -0.676856 -0.706913
    outer loop
      vertex 5.30375 -15.6243 23
      vertex 3.03582 -9.29141 16.2778
      vertex 3.14298 -9.25891 16.2778
    endloop
  endfacet
  facet normal 0.20533 -0.676837 -0.706917
    outer loop
      vertex 4.27051 -15.9378 23
      vertex 2.86118 -9.34439 16.2778
      vertex 3.03582 -9.29141 16.2778
    endloop
  endfacet
  facet normal 0.205325 -0.676838 -0.706917
    outer loop
      vertex 2.86118 -9.34439 16.2778
      vertex 4.27051 -15.9378 23
      vertex 2.53068 -9.44465 16.2778
    endloop
  endfacet
  facet normal 0.290344 -0.956922 0
    outer loop
      vertex 4.27051 -15.9378 23
      vertex 5.30375 -15.6243 25
      vertex 4.27051 -15.9378 25
    endloop
  endfacet
  facet normal 0.290344 -0.956922 0
    outer loop
      vertex 5.30375 -15.6243 25
      vertex 4.27051 -15.9378 23
      vertex 5.30375 -15.6243 23
    endloop
  endfacet
  facet normal 0.205367 -0.676852 -0.706892
    outer loop
      vertex 5.59304 -16.4766 0
      vertex 5.78591 -17.0447 0.599991
      vertex 4.65874 -17.3867 0.599991
    endloop
  endfacet
  facet normal 0.205295 -0.676815 -0.706948
    outer loop
      vertex 5.59304 -16.4766 0
      vertex 4.65874 -17.3867 0.599991
      vertex 4.50345 -16.8071 0
    endloop
  endfacet
  facet normal 0.227021 -0.97389 0
    outer loop
      vertex 3.51163 -17.6541 0.599991
      vertex 4.65874 -17.3867 3
      vertex 3.51163 -17.6541 3
    endloop
  endfacet
  facet normal 0.227021 -0.97389 0
    outer loop
      vertex 4.65874 -17.3867 3
      vertex 3.51163 -17.6541 0.599991
      vertex 4.65874 -17.3867 0.599991
    endloop
  endfacet
  facet normal 0.101598 -0.435715 0.894332
    outer loop
      vertex 4.65874 -17.3867 3
      vertex 2.32937 -8.69333 7.5
      vertex 1.75581 -8.82707 7.5
    endloop
  endfacet
  facet normal 0.101571 -0.435724 0.894331
    outer loop
      vertex 3.51163 -17.6541 3
      vertex 4.65874 -17.3867 3
      vertex 1.75581 -8.82707 7.5
    endloop
  endfacet
  facet normal 0.227084 -0.973875 0
    outer loop
      vertex 1.75581 -8.82707 7.5
      vertex 2.32937 -8.69333 7.94436
      vertex 1.75581 -8.82707 7.94436
    endloop
  endfacet
  facet normal 0.227084 -0.973875 0
    outer loop
      vertex 2.32937 -8.69333 7.94436
      vertex 1.75581 -8.82707 7.5
      vertex 2.32937 -8.69333 7.5
    endloop
  endfacet
  facet normal 0.160622 -0.688816 -0.706918
    outer loop
      vertex 2.42163 -9.47007 16.2778
      vertex 4.27051 -15.9378 23
      vertex 3.21899 -16.183 23
    endloop
  endfacet
  facet normal 0.160569 -0.68883 -0.706917
    outer loop
      vertex 4.27051 -15.9378 23
      vertex 2.42163 -9.47007 16.2778
      vertex 2.53068 -9.44465 16.2778
    endloop
  endfacet
  facet normal 0.160615 -0.688817 -0.706919
    outer loop
      vertex 3.21899 -16.183 23
      vertex 2.24391 -9.51151 16.2778
      vertex 2.42163 -9.47007 16.2778
    endloop
  endfacet
  facet normal 0.160618 -0.688816 -0.706918
    outer loop
      vertex 2.24391 -9.51151 16.2778
      vertex 3.21899 -16.183 23
      vertex 1.90756 -9.58994 16.2778
    endloop
  endfacet
  facet normal 0.227094 -0.973873 0
    outer loop
      vertex 3.21899 -16.183 23
      vertex 4.27051 -15.9378 25
      vertex 3.21899 -16.183 25
    endloop
  endfacet
  facet normal 0.227094 -0.973873 0
    outer loop
      vertex 4.27051 -15.9378 25
      vertex 3.21899 -16.183 23
      vertex 4.27051 -15.9378 23
    endloop
  endfacet
  facet normal 0.160564 -0.688799 -0.706947
    outer loop
      vertex 4.50345 -16.8071 0
      vertex 4.65874 -17.3867 0.599991
      vertex 3.51163 -17.6541 0.599991
    endloop
  endfacet
  facet normal 0.160645 -0.688847 -0.706882
    outer loop
      vertex 4.50345 -16.8071 0
      vertex 3.51163 -17.6541 0.599991
      vertex 3.39457 -17.0657 0
    endloop
  endfacet
  facet normal 0.162917 -0.98664 0
    outer loop
      vertex 2.34947 -17.846 0.599991
      vertex 3.51163 -17.6541 3
      vertex 2.34947 -17.846 3
    endloop
  endfacet
  facet normal 0.162917 -0.98664 0
    outer loop
      vertex 3.51163 -17.6541 3
      vertex 2.34947 -17.846 0.599991
      vertex 3.51163 -17.6541 0.599991
    endloop
  endfacet
  facet normal 0.0728768 -0.441432 0.894331
    outer loop
      vertex 3.51163 -17.6541 3
      vertex 1.75581 -8.82707 7.5
      vertex 1.17474 -8.923 7.5
    endloop
  endfacet
  facet normal 0.0728902 -0.441428 0.894331
    outer loop
      vertex 2.34947 -17.846 3
      vertex 3.51163 -17.6541 3
      vertex 1.17474 -8.923 7.5
    endloop
  endfacet
  facet normal 0.162887 -0.986645 0
    outer loop
      vertex 1.17474 -8.923 7.5
      vertex 1.75581 -8.82707 7.94436
      vertex 1.17474 -8.923 7.94436
    endloop
  endfacet
  facet normal 0.162887 -0.986645 0
    outer loop
      vertex 1.75581 -8.82707 7.94436
      vertex 1.17474 -8.923 7.5
      vertex 1.75581 -8.82707 7.5
    endloop
  endfacet
  facet normal 0.115162 -0.697858 -0.706917
    outer loop
      vertex 1.79708 -9.60818 16.2778
      vertex 3.21899 -16.183 23
      vertex 2.15368 -16.3588 23
    endloop
  endfacet
  facet normal 0.115213 -0.697848 -0.706919
    outer loop
      vertex 3.21899 -16.183 23
      vertex 1.79708 -9.60818 16.2778
      vertex 1.90756 -9.58994 16.2778
    endloop
  endfacet
  facet normal 0.115223 -0.697851 -0.706914
    outer loop
      vertex 2.15368 -16.3588 23
      vertex 1.61702 -9.63791 16.2778
      vertex 1.79708 -9.60818 16.2778
    endloop
  endfacet
  facet normal 0.115216 -0.697852 -0.706914
    outer loop
      vertex 2.15368 -16.3588 23
      vertex 1.27626 -9.69417 16.2778
      vertex 1.61702 -9.63791 16.2778
    endloop
  endfacet
  facet normal 0.16282 -0.986656 0
    outer loop
      vertex 2.15368 -16.3588 23
      vertex 3.21899 -16.183 25
      vertex 2.15368 -16.3588 25
    endloop
  endfacet
  facet normal 0.16282 -0.986656 0
    outer loop
      vertex 3.21899 -16.183 25
      vertex 2.15368 -16.3588 23
      vertex 3.21899 -16.183 23
    endloop
  endfacet
  facet normal 0.115237 -0.697881 -0.706882
    outer loop
      vertex 3.39457 -17.0657 0
      vertex 3.51163 -17.6541 0.599991
      vertex 2.34947 -17.846 0.599991
    endloop
  endfacet
  facet normal 0.115164 -0.697831 -0.706943
    outer loop
      vertex 3.39457 -17.0657 0
      vertex 2.34947 -17.846 0.599991
      vertex 2.27115 -17.2511 0
    endloop
  endfacet
  facet normal 0.098057 -0.995181 0
    outer loop
      vertex 1.17726 -17.9615 0.599991
      vertex 2.34947 -17.846 3
      vertex 1.17726 -17.9615 3
    endloop
  endfacet
  facet normal 0.098057 -0.995181 0
    outer loop
      vertex 2.34947 -17.846 3
      vertex 1.17726 -17.9615 0.599991
      vertex 2.34947 -17.846 0.599991
    endloop
  endfacet
  facet normal 0.0438557 -0.445251 0.894331
    outer loop
      vertex 2.34947 -17.846 3
      vertex 1.17474 -8.923 7.5
      vertex 0.588628 -8.98073 7.5
    endloop
  endfacet
  facet normal 0.0438711 -0.445248 0.894332
    outer loop
      vertex 1.17726 -17.9615 3
      vertex 2.34947 -17.846 3
      vertex 0.588628 -8.98073 7.5
    endloop
  endfacet
  facet normal 0.0980222 -0.995184 0
    outer loop
      vertex 0.588628 -8.98073 7.5
      vertex 1.17474 -8.923 7.94436
      vertex 0.588628 -8.98073 7.94436
    endloop
  endfacet
  facet normal 0.0980222 -0.995184 0
    outer loop
      vertex 1.17474 -8.923 7.94436
      vertex 0.588628 -8.98073 7.5
      vertex 1.17474 -8.923 7.5
    endloop
  endfacet
  facet normal 0.0692907 -0.703898 -0.706914
    outer loop
      vertex 2.15368 -16.3588 23
      vertex 1.16482 -9.70514 16.2778
      vertex 1.27626 -9.69417 16.2778
    endloop
  endfacet
  facet normal 0.0693715 -0.703888 -0.706916
    outer loop
      vertex 1.16482 -9.70514 16.2778
      vertex 2.15368 -16.3588 23
      vertex 1.07915 -16.4647 23
    endloop
  endfacet
  facet normal 0.0693374 -0.703889 -0.706918
    outer loop
      vertex 1.07915 -16.4647 23
      vertex 0.983207 -9.72303 16.2778
      vertex 1.16482 -9.70514 16.2778
    endloop
  endfacet
  facet normal 0.0693226 -0.70389 -0.706918
    outer loop
      vertex 1.07915 -16.4647 23
      vertex 0.6395 -9.75688 16.2778
      vertex 0.983207 -9.72303 16.2778
    endloop
  endfacet
  facet normal -0 -0.707863 -0.706349
    outer loop
      vertex 0.6395 -9.75688 16.2778
      vertex 1.07915 -16.4647 23
      vertex 0.639499 -9.75688 16.2778
    endloop
  endfacet
  facet normal 0.0980795 -0.995179 0
    outer loop
      vertex 1.07915 -16.4647 23
      vertex 2.15368 -16.3588 25
      vertex 1.07915 -16.4647 25
    endloop
  endfacet
  facet normal 0.0980795 -0.995179 0
    outer loop
      vertex 2.15368 -16.3588 25
      vertex 1.07915 -16.4647 23
      vertex 2.15368 -16.3588 23
    endloop
  endfacet
  facet normal 0.0693528 -0.703862 -0.706943
    outer loop
      vertex 2.27115 -17.2511 0
      vertex 2.34947 -17.846 0.599991
      vertex 1.17726 -17.9615 0.599991
    endloop
  endfacet
  facet normal 0.0693189 -0.703835 -0.706973
    outer loop
      vertex 2.27115 -17.2511 0
      vertex 1.17726 -17.9615 0.599991
      vertex 1.13801 -17.3627 0
    endloop
  endfacet
  facet normal 0.0326856 -0.999466 0
    outer loop
      vertex 0 -18 0.599991
      vertex 1.17726 -17.9615 3
      vertex 0 -18 3
    endloop
  endfacet
  facet normal 0.0326856 -0.999466 0
    outer loop
      vertex 1.17726 -17.9615 3
      vertex 0 -18 0.599991
      vertex 1.17726 -17.9615 0.599991
    endloop
  endfacet
  facet normal 0.0146389 -0.447164 0.894332
    outer loop
      vertex 0 -9 7.5
      vertex 1.17726 -17.9615 3
      vertex 0.588628 -8.98073 7.5
    endloop
  endfacet
  facet normal 0.0146237 -0.447166 0.894332
    outer loop
      vertex 1.17726 -17.9615 3
      vertex 0 -9 7.5
      vertex 0 -18 3
    endloop
  endfacet
  facet normal 0.0327196 -0.999465 0
    outer loop
      vertex 0 -9 7.5
      vertex 0.588628 -8.98073 7.94436
      vertex 0 -9 7.94436
    endloop
  endfacet
  facet normal 0.0327196 -0.999465 0
    outer loop
      vertex 0.588628 -8.98073 7.94436
      vertex 0 -9 7.5
      vertex 0.588628 -8.98073 7.5
    endloop
  endfacet
  facet normal 0.0231239 -0.706918 -0.706917
    outer loop
      vertex 0.527582 -9.76055 16.2778
      vertex 1.07915 -16.4647 23
      vertex 0 -16.5 23
    endloop
  endfacet
  facet normal 0.0231813 -0.706915 -0.706919
    outer loop
      vertex 1.07915 -16.4647 23
      vertex 0.527582 -9.76055 16.2778
      vertex 0.639499 -9.75688 16.2778
    endloop
  endfacet
  facet normal 0.0231417 -0.706918 -0.706916
    outer loop
      vertex 0.345186 -9.76652 16.2778
      vertex 0 -16.5 23
      vertex 0 -9.77782 16.2778
    endloop
  endfacet
  facet normal 0.0231381 -0.706918 -0.706917
    outer loop
      vertex 0 -16.5 23
      vertex 0.345186 -9.76652 16.2778
      vertex 0.527582 -9.76055 16.2778
    endloop
  endfacet
  facet normal 0.0326934 -0.999465 0
    outer loop
      vertex 0 -16.5 23
      vertex 1.07915 -16.4647 25
      vertex 0 -16.5 25
    endloop
  endfacet
  facet normal 0.0326934 -0.999465 0
    outer loop
      vertex 1.07915 -16.4647 25
      vertex 0 -16.5 23
      vertex 1.07915 -16.4647 23
    endloop
  endfacet
  facet normal 0.0231166 -0.706863 -0.706972
    outer loop
      vertex 1.13801 -17.3627 0
      vertex 1.17726 -17.9615 0.599991
      vertex 0 -18 0.599991
    endloop
  endfacet
  facet normal 0.0231701 -0.706912 -0.706922
    outer loop
      vertex 0 -17.4 0
      vertex 1.13801 -17.3627 0
      vertex 0 -18 0.599991
    endloop
  endfacet
  facet normal -0.0326856 -0.999466 0
    outer loop
      vertex -1.17726 -17.9615 0.599991
      vertex 0 -18 3
      vertex -1.17726 -17.9615 3
    endloop
  endfacet
  facet normal -0.0326856 -0.999466 -0
    outer loop
      vertex 0 -18 3
      vertex -1.17726 -17.9615 0.599991
      vertex 0 -18 0.599991
    endloop
  endfacet
  facet normal -0.0146389 -0.447166 0.894331
    outer loop
      vertex -0.588628 -8.98073 7.5
      vertex 0 -18 3
      vertex 0 -9 7.5
    endloop
  endfacet
  facet normal -0.0146237 -0.447165 0.894332
    outer loop
      vertex 0 -18 3
      vertex -0.588628 -8.98073 7.5
      vertex -1.17726 -17.9615 3
    endloop
  endfacet
  facet normal -0.0327196 -0.999465 0
    outer loop
      vertex -0.588628 -8.98073 7.5
      vertex 0 -9 7.94436
      vertex -0.588628 -8.98073 7.94436
    endloop
  endfacet
  facet normal -0.0327196 -0.999465 -0
    outer loop
      vertex 0 -9 7.94436
      vertex -0.588628 -8.98073 7.5
      vertex 0 -9 7.5
    endloop
  endfacet
  facet normal -0.023124 -0.706918 -0.706917
    outer loop
      vertex -0.111918 -9.77415 16.2778
      vertex 0 -16.5 23
      vertex -1.07915 -16.4647 23
    endloop
  endfacet
  facet normal -0.0231812 -0.706918 -0.706916
    outer loop
      vertex 0 -16.5 23
      vertex -0.111918 -9.77415 16.2778
      vertex 0 -9.77782 16.2778
    endloop
  endfacet
  facet normal -0.0231417 -0.706917 -0.706918
    outer loop
      vertex -0.294314 -9.76818 16.2778
      vertex -1.07915 -16.4647 23
      vertex -0.639499 -9.75688 16.2778
    endloop
  endfacet
  facet normal -0.0231381 -0.706917 -0.706918
    outer loop
      vertex -1.07915 -16.4647 23
      vertex -0.294314 -9.76818 16.2778
      vertex -0.111918 -9.77415 16.2778
    endloop
  endfacet
  facet normal -0.0326934 -0.999465 0
    outer loop
      vertex -1.07915 -16.4647 23
      vertex 0 -16.5 25
      vertex -1.07915 -16.4647 25
    endloop
  endfacet
  facet normal -0.0326934 -0.999465 -0
    outer loop
      vertex 0 -16.5 25
      vertex -1.07915 -16.4647 23
      vertex 0 -16.5 23
    endloop
  endfacet
  facet normal -0.0231182 -0.706912 -0.706923
    outer loop
      vertex 0 -17.4 0
      vertex 0 -18 0.599991
      vertex -1.17726 -17.9615 0.599991
    endloop
  endfacet
  facet normal -0.0231684 -0.706861 -0.706973
    outer loop
      vertex -1.13801 -17.3627 0
      vertex 0 -17.4 0
      vertex -1.17726 -17.9615 0.599991
    endloop
  endfacet
  facet normal -0.098057 -0.995181 0
    outer loop
      vertex -2.34947 -17.846 0.599991
      vertex -1.17726 -17.9615 3
      vertex -2.34947 -17.846 3
    endloop
  endfacet
  facet normal -0.098057 -0.995181 -0
    outer loop
      vertex -1.17726 -17.9615 3
      vertex -2.34947 -17.846 0.599991
      vertex -1.17726 -17.9615 0.599991
    endloop
  endfacet
  facet normal -0.0438555 -0.445249 0.894332
    outer loop
      vertex -0.588628 -8.98073 7.5
      vertex -1.17474 -8.923 7.5
      vertex -1.17726 -17.9615 3
    endloop
  endfacet
  facet normal -0.0438712 -0.445249 0.894332
    outer loop
      vertex -1.17726 -17.9615 3
      vertex -1.17474 -8.923 7.5
      vertex -2.34947 -17.846 3
    endloop
  endfacet
  facet normal -0.0980222 -0.995184 0
    outer loop
      vertex -1.17474 -8.923 7.5
      vertex -0.588628 -8.98073 7.94436
      vertex -1.17474 -8.923 7.94436
    endloop
  endfacet
  facet normal -0.0980222 -0.995184 -0
    outer loop
      vertex -0.588628 -8.98073 7.94436
      vertex -1.17474 -8.923 7.5
      vertex -0.588628 -8.98073 7.5
    endloop
  endfacet
  facet normal 0 -0.707863 -0.706349
    outer loop
      vertex -1.07915 -16.4647 23
      vertex -0.6395 -9.75688 16.2778
      vertex -0.639499 -9.75688 16.2778
    endloop
  endfacet
  facet normal -0.0692915 -0.703893 -0.706919
    outer loop
      vertex -1.07915 -16.4647 23
      vertex -0.750938 -9.74591 16.2778
      vertex -0.6395 -9.75688 16.2778
    endloop
  endfacet
  facet normal -0.0693714 -0.703887 -0.706917
    outer loop
      vertex -0.750938 -9.74591 16.2778
      vertex -1.07915 -16.4647 23
      vertex -2.15368 -16.3588 23
    endloop
  endfacet
  facet normal -0.069323 -0.703894 -0.706914
    outer loop
      vertex -0.932553 -9.72802 16.2778
      vertex -2.15368 -16.3588 23
      vertex -1.27626 -9.69417 16.2778
    endloop
  endfacet
  facet normal -0.0693369 -0.703892 -0.706915
    outer loop
      vertex -2.15368 -16.3588 23
      vertex -0.932553 -9.72802 16.2778
      vertex -0.750938 -9.74591 16.2778
    endloop
  endfacet
  facet normal -0.0980795 -0.995179 0
    outer loop
      vertex -2.15368 -16.3588 23
      vertex -1.07915 -16.4647 25
      vertex -2.15368 -16.3588 25
    endloop
  endfacet
  facet normal -0.0980795 -0.995179 -0
    outer loop
      vertex -1.07915 -16.4647 25
      vertex -2.15368 -16.3588 23
      vertex -1.07915 -16.4647 23
    endloop
  endfacet
  facet normal -0.0693499 -0.703833 -0.706972
    outer loop
      vertex -1.13801 -17.3627 0
      vertex -1.17726 -17.9615 0.599991
      vertex -2.34947 -17.846 0.599991
    endloop
  endfacet
  facet normal -0.0693219 -0.703866 -0.706942
    outer loop
      vertex -2.27115 -17.2511 0
      vertex -1.13801 -17.3627 0
      vertex -2.34947 -17.846 0.599991
    endloop
  endfacet
  facet normal -0.162917 -0.98664 0
    outer loop
      vertex -3.51163 -17.6541 0.599991
      vertex -2.34947 -17.846 3
      vertex -3.51163 -17.6541 3
    endloop
  endfacet
  facet normal -0.162917 -0.98664 -0
    outer loop
      vertex -2.34947 -17.846 3
      vertex -3.51163 -17.6541 0.599991
      vertex -2.34947 -17.846 0.599991
    endloop
  endfacet
  facet normal -0.0728766 -0.44143 0.894331
    outer loop
      vertex -1.17474 -8.923 7.5
      vertex -1.75581 -8.82707 7.5
      vertex -2.34947 -17.846 3
    endloop
  endfacet
  facet normal -0.0728903 -0.441429 0.894331
    outer loop
      vertex -2.34947 -17.846 3
      vertex -1.75581 -8.82707 7.5
      vertex -3.51163 -17.6541 3
    endloop
  endfacet
  facet normal -0.162887 -0.986645 0
    outer loop
      vertex -1.75581 -8.82707 7.5
      vertex -1.17474 -8.923 7.94436
      vertex -1.75581 -8.82707 7.94436
    endloop
  endfacet
  facet normal -0.162887 -0.986645 -0
    outer loop
      vertex -1.17474 -8.923 7.94436
      vertex -1.75581 -8.82707 7.5
      vertex -1.17474 -8.923 7.5
    endloop
  endfacet
  facet normal -0.115214 -0.697852 -0.706914
    outer loop
      vertex -2.15368 -16.3588 23
      vertex -1.38674 -9.67593 16.2778
      vertex -1.27626 -9.69417 16.2778
    endloop
  endfacet
  facet normal -0.115162 -0.69786 -0.706916
    outer loop
      vertex -1.38674 -9.67593 16.2778
      vertex -2.15368 -16.3588 23
      vertex -3.21899 -16.183 23
    endloop
  endfacet
  facet normal -0.115216 -0.697848 -0.706919
    outer loop
      vertex -1.5668 -9.6462 16.2778
      vertex -3.21899 -16.183 23
      vertex -1.90756 -9.58994 16.2778
    endloop
  endfacet
  facet normal -0.115223 -0.697846 -0.706919
    outer loop
      vertex -3.21899 -16.183 23
      vertex -1.5668 -9.6462 16.2778
      vertex -1.38674 -9.67593 16.2778
    endloop
  endfacet
  facet normal -0.16282 -0.986656 0
    outer loop
      vertex -3.21899 -16.183 23
      vertex -2.15368 -16.3588 25
      vertex -3.21899 -16.183 25
    endloop
  endfacet
  facet normal -0.16282 -0.986656 -0
    outer loop
      vertex -2.15368 -16.3588 25
      vertex -3.21899 -16.183 23
      vertex -2.15368 -16.3588 23
    endloop
  endfacet
  facet normal -0.115227 -0.697822 -0.706942
    outer loop
      vertex -2.27115 -17.2511 0
      vertex -2.34947 -17.846 0.599991
      vertex -3.51163 -17.6541 0.599991
    endloop
  endfacet
  facet normal -0.115174 -0.697893 -0.706881
    outer loop
      vertex -3.39457 -17.0657 0
      vertex -2.27115 -17.2511 0
      vertex -3.51163 -17.6541 0.599991
    endloop
  endfacet
  facet normal -0.227021 -0.97389 0
    outer loop
      vertex -4.65874 -17.3867 0.599991
      vertex -3.51163 -17.6541 3
      vertex -4.65874 -17.3867 3
    endloop
  endfacet
  facet normal -0.227021 -0.97389 -0
    outer loop
      vertex -3.51163 -17.6541 3
      vertex -4.65874 -17.3867 0.599991
      vertex -3.51163 -17.6541 0.599991
    endloop
  endfacet
  facet normal -0.101599 -0.435718 0.894331
    outer loop
      vertex -1.75581 -8.82707 7.5
      vertex -2.32937 -8.69333 7.5
      vertex -3.51163 -17.6541 3
    endloop
  endfacet
  facet normal -0.10157 -0.435723 0.894332
    outer loop
      vertex -3.51163 -17.6541 3
      vertex -2.32937 -8.69333 7.5
      vertex -4.65874 -17.3867 3
    endloop
  endfacet
  facet normal -0.227084 -0.973875 0
    outer loop
      vertex -2.32937 -8.69333 7.5
      vertex -1.75581 -8.82707 7.94436
      vertex -2.32937 -8.69333 7.94436
    endloop
  endfacet
  facet normal -0.227084 -0.973875 -0
    outer loop
      vertex -1.75581 -8.82707 7.94436
      vertex -2.32937 -8.69333 7.5
      vertex -1.75581 -8.82707 7.5
    endloop
  endfacet
  facet normal -0.160629 -0.688814 -0.706918
    outer loop
      vertex -3.21899 -16.183 23
      vertex -2.01661 -9.56451 16.2778
      vertex -1.90756 -9.58994 16.2778
    endloop
  endfacet
  facet normal -0.160622 -0.688815 -0.706918
    outer loop
      vertex -2.01661 -9.56451 16.2778
      vertex -3.21899 -16.183 23
      vertex -4.27051 -15.9378 23
    endloop
  endfacet
  facet normal -0.160607 -0.68882 -0.706918
    outer loop
      vertex -4.27051 -15.9378 23
      vertex -2.19434 -9.52307 16.2778
      vertex -2.01661 -9.56451 16.2778
    endloop
  endfacet
  facet normal -0.160603 -0.688821 -0.706917
    outer loop
      vertex -2.19434 -9.52307 16.2778
      vertex -4.27051 -15.9378 23
      vertex -2.53068 -9.44465 16.2778
    endloop
  endfacet
  facet normal -0.227094 -0.973873 0
    outer loop
      vertex -4.27051 -15.9378 23
      vertex -3.21899 -16.183 25
      vertex -4.27051 -15.9378 25
    endloop
  endfacet
  facet normal -0.227094 -0.973873 -0
    outer loop
      vertex -3.21899 -16.183 25
      vertex -4.27051 -15.9378 23
      vertex -3.21899 -16.183 23
    endloop
  endfacet
  facet normal -0.160579 -0.688862 -0.706883
    outer loop
      vertex -3.39457 -17.0657 0
      vertex -3.51163 -17.6541 0.599991
      vertex -4.65874 -17.3867 0.599991
    endloop
  endfacet
  facet normal -0.16063 -0.688783 -0.706949
    outer loop
      vertex -4.50345 -16.8071 0
      vertex -3.39457 -17.0657 0
      vertex -4.65874 -17.3867 0.599991
    endloop
  endfacet
  facet normal -0.290344 -0.956922 0
    outer loop
      vertex -5.78591 -17.0447 0.599991
      vertex -4.65874 -17.3867 3
      vertex -5.78591 -17.0447 3
    endloop
  endfacet
  facet normal -0.290344 -0.956922 -0
    outer loop
      vertex -4.65874 -17.3867 3
      vertex -5.78591 -17.0447 0.599991
      vertex -4.65874 -17.3867 0.599991
    endloop
  endfacet
  facet normal -0.129874 -0.428139 0.894332
    outer loop
      vertex -2.32937 -8.69333 7.5
      vertex -2.89295 -8.52237 7.5
      vertex -4.65874 -17.3867 3
    endloop
  endfacet
  facet normal -0.129902 -0.428133 0.894331
    outer loop
      vertex -4.65874 -17.3867 3
      vertex -2.89295 -8.52237 7.5
      vertex -5.78591 -17.0447 3
    endloop
  endfacet
  facet normal -0.290284 -0.95694 0
    outer loop
      vertex -2.89295 -8.52237 7.5
      vertex -2.32937 -8.69333 7.94436
      vertex -2.89295 -8.52237 7.94436
    endloop
  endfacet
  facet normal -0.290284 -0.95694 -0
    outer loop
      vertex -2.32937 -8.69333 7.94436
      vertex -2.89295 -8.52237 7.5
      vertex -2.32937 -8.69333 7.5
    endloop
  endfacet
  facet normal -0.205337 -0.676834 -0.706917
    outer loop
      vertex -4.27051 -15.9378 23
      vertex -2.63784 -9.41214 16.2778
      vertex -2.53068 -9.44465 16.2778
    endloop
  endfacet
  facet normal -0.205359 -0.676828 -0.706917
    outer loop
      vertex -2.63784 -9.41214 16.2778
      vertex -4.27051 -15.9378 23
      vertex -5.30375 -15.6243 23
    endloop
  endfacet
  facet normal -0.205326 -0.676841 -0.706914
    outer loop
      vertex -2.81248 -9.35917 16.2778
      vertex -5.30375 -15.6243 23
      vertex -3.14298 -9.25891 16.2778
    endloop
  endfacet
  facet normal -0.205296 -0.676852 -0.706913
    outer loop
      vertex -5.30375 -15.6243 23
      vertex -2.81248 -9.35917 16.2778
      vertex -2.63784 -9.41214 16.2778
    endloop
  endfacet
  facet normal -0.290344 -0.956922 0
    outer loop
      vertex -5.30375 -15.6243 23
      vertex -4.27051 -15.9378 25
      vertex -5.30375 -15.6243 25
    endloop
  endfacet
  facet normal -0.290344 -0.956922 -0
    outer loop
      vertex -4.27051 -15.9378 25
      vertex -5.30375 -15.6243 23
      vertex -4.27051 -15.9378 23
    endloop
  endfacet
  facet normal -0.205351 -0.676799 -0.706947
    outer loop
      vertex -4.50345 -16.8071 0
      vertex -4.65874 -17.3867 0.599991
      vertex -5.78591 -17.0447 0.599991
    endloop
  endfacet
  facet normal -0.205312 -0.67687 -0.706891
    outer loop
      vertex -5.59304 -16.4766 0
      vertex -4.50345 -16.8071 0
      vertex -5.78591 -17.0447 0.599991
    endloop
  endfacet
  facet normal -0.352242 -0.935909 0
    outer loop
      vertex -6.8883 -16.6298 0.599991
      vertex -5.78591 -17.0447 3
      vertex -6.8883 -16.6298 3
    endloop
  endfacet
  facet normal -0.352242 -0.935909 -0
    outer loop
      vertex -5.78591 -17.0447 3
      vertex -6.8883 -16.6298 0.599991
      vertex -5.78591 -17.0447 0.599991
    endloop
  endfacet
  facet normal -0.157594 -0.418732 0.894331
    outer loop
      vertex -2.89295 -8.52237 7.5
      vertex -3.44415 -8.31492 7.5
      vertex -5.78591 -17.0447 3
    endloop
  endfacet
  facet normal -0.157596 -0.418732 0.894331
    outer loop
      vertex -5.78591 -17.0447 3
      vertex -3.44415 -8.31492 7.5
      vertex -6.8883 -16.6298 3
    endloop
  endfacet
  facet normal -0.35224 -0.93591 0
    outer loop
      vertex -3.44415 -8.31492 7.5
      vertex -2.89295 -8.52237 7.94436
      vertex -3.44415 -8.31492 7.94436
    endloop
  endfacet
  facet normal -0.35224 -0.93591 -0
    outer loop
      vertex -2.89295 -8.52237 7.94436
      vertex -3.44415 -8.31492 7.5
      vertex -2.89295 -8.52237 7.5
    endloop
  endfacet
  facet normal -0.249124 -0.661974 -0.706914
    outer loop
      vertex -5.30375 -15.6243 23
      vertex -3.24778 -9.21947 16.2778
      vertex -3.14298 -9.25891 16.2778
    endloop
  endfacet
  facet normal -0.249125 -0.661973 -0.706914
    outer loop
      vertex -3.24778 -9.21947 16.2778
      vertex -5.30375 -15.6243 23
      vertex -6.31428 -15.244 23
    endloop
  endfacet
  facet normal -0.249176 -0.661951 -0.706918
    outer loop
      vertex -6.31428 -15.244 23
      vertex -3.41857 -9.15518 16.2778
      vertex -3.24778 -9.21947 16.2778
    endloop
  endfacet
  facet normal -0.24913 -0.66197 -0.706915
    outer loop
      vertex -3.41857 -9.15518 16.2778
      vertex -6.31428 -15.244 23
      vertex -3.74181 -9.03353 16.2778
    endloop
  endfacet
  facet normal -0.35222 -0.935917 0
    outer loop
      vertex -6.31428 -15.244 23
      vertex -5.30375 -15.6243 25
      vertex -6.31428 -15.244 25
    endloop
  endfacet
  facet normal -0.35222 -0.935917 -0
    outer loop
      vertex -5.30375 -15.6243 25
      vertex -6.31428 -15.244 23
      vertex -5.30375 -15.6243 23
    endloop
  endfacet
  facet normal -0.249149 -0.661988 -0.706892
    outer loop
      vertex -5.59304 -16.4766 0
      vertex -5.78591 -17.0447 0.599991
      vertex -6.8883 -16.6298 0.599991
    endloop
  endfacet
  facet normal -0.249158 -0.661968 -0.706908
    outer loop
      vertex -6.65869 -16.0755 0
      vertex -5.59304 -16.4766 0
      vertex -6.8883 -16.6298 0.599991
    endloop
  endfacet
  facet normal -0.41269 -0.910872 0
    outer loop
      vertex -7.9612 -16.1437 0.599991
      vertex -6.8883 -16.6298 3
      vertex -7.9612 -16.1437 3
    endloop
  endfacet
  facet normal -0.41269 -0.910872 -0
    outer loop
      vertex -6.8883 -16.6298 3
      vertex -7.9612 -16.1437 0.599991
      vertex -6.8883 -16.6298 0.599991
    endloop
  endfacet
  facet normal -0.184653 -0.407524 0.894331
    outer loop
      vertex -3.9806 -8.07185 7.5
      vertex -6.8883 -16.6298 3
      vertex -3.44415 -8.31492 7.5
    endloop
  endfacet
  facet normal -0.18464 -0.407529 0.894331
    outer loop
      vertex -6.8883 -16.6298 3
      vertex -3.9806 -8.07185 7.5
      vertex -7.9612 -16.1437 3
    endloop
  endfacet
  facet normal -0.412718 -0.910859 0
    outer loop
      vertex -3.9806 -8.07185 7.5
      vertex -3.44415 -8.31492 7.94436
      vertex -3.9806 -8.07185 7.94436
    endloop
  endfacet
  facet normal -0.412718 -0.910859 -0
    outer loop
      vertex -3.44415 -8.31492 7.94436
      vertex -3.9806 -8.07185 7.5
      vertex -3.44415 -8.31492 7.5
    endloop
  endfacet
  facet normal 0 0 -1
    outer loop
      vertex -3.74181 -9.03353 16.2778
      vertex -4.01003 -8.91199 16.2778
      vertex -3.74181 -9.03352 16.2778
    endloop
  endfacet
  facet normal -0.291929 -0.644242 -0.706915
    outer loop
      vertex -6.31428 -15.244 23
      vertex -4.01003 -8.91199 16.2778
      vertex -3.74181 -9.03353 16.2778
    endloop
  endfacet
  facet normal -0.291902 -0.644254 -0.706916
    outer loop
      vertex -7.29776 -14.7984 23
      vertex -4.01003 -8.91199 16.2778
      vertex -6.31428 -15.244 23
    endloop
  endfacet
  facet normal -0.291892 -0.644259 -0.706916
    outer loop
      vertex -4.01003 -8.91199 16.2778
      vertex -7.29776 -14.7984 23
      vertex -4.32462 -8.76946 16.2778
    endloop
  endfacet
  facet normal -0.4127 -0.910867 0
    outer loop
      vertex -7.29776 -14.7984 23
      vertex -6.31428 -15.244 25
      vertex -7.29776 -14.7984 25
    endloop
  endfacet
  facet normal -0.4127 -0.910867 -0
    outer loop
      vertex -6.31428 -15.244 25
      vertex -7.29776 -14.7984 23
      vertex -6.31428 -15.244 23
    endloop
  endfacet
  facet normal -0.291898 -0.644265 -0.706908
    outer loop
      vertex -6.65869 -16.0755 0
      vertex -6.8883 -16.6298 0.599991
      vertex -7.9612 -16.1437 0.599991
    endloop
  endfacet
  facet normal -0.291899 -0.64426 -0.706912
    outer loop
      vertex -7.69582 -15.6056 0
      vertex -6.65869 -16.0755 0
      vertex -7.9612 -16.1437 0.599991
    endloop
  endfacet
  facet normal -0.471364 -0.881939 0
    outer loop
      vertex -9 -15.5885 0.599991
      vertex -7.9612 -16.1437 3
      vertex -9 -15.5885 3
    endloop
  endfacet
  facet normal -0.471364 -0.881939 -0
    outer loop
      vertex -7.9612 -16.1437 3
      vertex -9 -15.5885 0.599991
      vertex -7.9612 -16.1437 0.599991
    endloop
  endfacet
  facet normal -0.210902 -0.394578 0.894331
    outer loop
      vertex -3.9806 -8.07185 7.5
      vertex -4.5 -7.79423 7.5
      vertex -7.9612 -16.1437 3
    endloop
  endfacet
  facet normal -0.21089 -0.394583 0.894332
    outer loop
      vertex -7.9612 -16.1437 3
      vertex -4.5 -7.79423 7.5
      vertex -9 -15.5885 3
    endloop
  endfacet
  facet normal -0.47139 -0.881925 0
    outer loop
      vertex -4.5 -7.79423 7.5
      vertex -3.9806 -8.07185 7.94436
      vertex -4.5 -7.79423 7.94436
    endloop
  endfacet
  facet normal -0.47139 -0.881925 -0
    outer loop
      vertex -3.9806 -8.07185 7.94436
      vertex -4.5 -7.79423 7.5
      vertex -3.9806 -8.07185 7.5
    endloop
  endfacet
  facet normal -0.333452 -0.623763 -0.706916
    outer loop
      vertex -7.29776 -14.7984 23
      vertex -4.42337 -8.71667 16.2778
      vertex -4.32462 -8.76946 16.2778
    endloop
  endfacet
  facet normal -0.333426 -0.623776 -0.706916
    outer loop
      vertex -4.42337 -8.71667 16.2778
      vertex -7.29776 -14.7984 23
      vertex -8.25 -14.2894 23
    endloop
  endfacet
  facet normal -0.333407 -0.623787 -0.706915
    outer loop
      vertex -4.58432 -8.63064 16.2778
      vertex -8.25 -14.2894 23
      vertex -4.88891 -8.46784 16.2778
    endloop
  endfacet
  facet normal -0.333419 -0.62378 -0.706916
    outer loop
      vertex -8.25 -14.2894 23
      vertex -4.58432 -8.63064 16.2778
      vertex -4.42337 -8.71667 16.2778
    endloop
  endfacet
  facet normal -0.471409 -0.881915 0
    outer loop
      vertex -8.25 -14.2894 23
      vertex -7.29776 -14.7984 25
      vertex -8.25 -14.2894 25
    endloop
  endfacet
  facet normal -0.471409 -0.881915 -0
    outer loop
      vertex -7.29776 -14.7984 25
      vertex -8.25 -14.2894 23
      vertex -7.29776 -14.7984 23
    endloop
  endfacet
  facet normal -0.333396 -0.623796 -0.706913
    outer loop
      vertex -7.69582 -15.6056 0
      vertex -7.9612 -16.1437 0.599991
      vertex -9 -15.5885 0.599991
    endloop
  endfacet
  facet normal -0.33342 -0.623721 -0.706967
    outer loop
      vertex -8.7 -15.0688 0
      vertex -7.69582 -15.6056 0
      vertex -9 -15.5885 0.599991
    endloop
  endfacet
  facet normal -0.528052 -0.849212 0
    outer loop
      vertex -10.0003 -14.9665 0.599991
      vertex -9 -15.5885 3
      vertex -10.0003 -14.9665 3
    endloop
  endfacet
  facet normal -0.528052 -0.849212 -0
    outer loop
      vertex -9 -15.5885 3
      vertex -10.0003 -14.9665 0.599991
      vertex -9 -15.5885 0.599991
    endloop
  endfacet
  facet normal -0.236259 -0.379937 0.894332
    outer loop
      vertex -4.5 -7.79423 7.5
      vertex -5.00013 -7.48323 7.5
      vertex -9 -15.5885 3
    endloop
  endfacet
  facet normal -0.236252 -0.37994 0.894332
    outer loop
      vertex -9 -15.5885 3
      vertex -5.00013 -7.48323 7.5
      vertex -10.0003 -14.9665 3
    endloop
  endfacet
  facet normal -0.528067 -0.849203 0
    outer loop
      vertex -5.00013 -7.48323 7.5
      vertex -4.5 -7.79423 7.94436
      vertex -5.00013 -7.48323 7.94436
    endloop
  endfacet
  facet normal -0.528067 -0.849203 -0
    outer loop
      vertex -4.5 -7.79423 7.94436
      vertex -5.00013 -7.48323 7.5
      vertex -4.5 -7.79423 7.5
    endloop
  endfacet
  facet normal -0.373498 -0.600641 -0.706916
    outer loop
      vertex -8.25 -14.2894 23
      vertex -4.984 -8.40871 16.2778
      vertex -4.88891 -8.46784 16.2778
    endloop
  endfacet
  facet normal -0.373515 -0.600631 -0.706915
    outer loop
      vertex -4.984 -8.40871 16.2778
      vertex -8.25 -14.2894 23
      vertex -9.16691 -13.7192 23
    endloop
  endfacet
  facet normal -0.373503 -0.600639 -0.706914
    outer loop
      vertex -5.13897 -8.31234 16.2778
      vertex -9.16691 -13.7192 23
      vertex -5.43226 -8.12996 16.2778
    endloop
  endfacet
  facet normal -0.373511 -0.600634 -0.706915
    outer loop
      vertex -9.16691 -13.7192 23
      vertex -5.13897 -8.31234 16.2778
      vertex -4.984 -8.40871 16.2778
    endloop
  endfacet
  facet normal -0.528087 -0.84919 0
    outer loop
      vertex -9.16691 -13.7192 23
      vertex -8.25 -14.2894 25
      vertex -9.16691 -13.7192 25
    endloop
  endfacet
  facet normal -0.528087 -0.84919 -0
    outer loop
      vertex -8.25 -14.2894 25
      vertex -9.16691 -13.7192 23
      vertex -8.25 -14.2894 23
    endloop
  endfacet
  facet normal -0.373464 -0.600604 -0.706965
    outer loop
      vertex -8.7 -15.0688 0
      vertex -9 -15.5885 0.599991
      vertex -10.0003 -14.9665 0.599991
    endloop
  endfacet
  facet normal -0.373456 -0.600635 -0.706943
    outer loop
      vertex -9.66692 -14.4676 0
      vertex -8.7 -15.0688 0
      vertex -10.0003 -14.9665 0.599991
    endloop
  endfacet
  facet normal -0.582498 -0.812832 0
    outer loop
      vertex -10.9577 -14.2804 0.599991
      vertex -10.0003 -14.9665 3
      vertex -10.9577 -14.2804 3
    endloop
  endfacet
  facet normal -0.582498 -0.812832 -0
    outer loop
      vertex -10.0003 -14.9665 3
      vertex -10.9577 -14.2804 0.599991
      vertex -10.0003 -14.9665 0.599991
    endloop
  endfacet
  facet normal -0.260604 -0.363669 0.894332
    outer loop
      vertex -5.00013 -7.48323 7.5
      vertex -5.47885 -7.14018 7.5
      vertex -10.0003 -14.9665 3
    endloop
  endfacet
  facet normal -0.260612 -0.363664 0.894332
    outer loop
      vertex -10.0003 -14.9665 3
      vertex -5.47885 -7.14018 7.5
      vertex -10.9577 -14.2804 3
    endloop
  endfacet
  facet normal -0.582482 -0.812843 0
    outer loop
      vertex -5.47885 -7.14018 7.5
      vertex -5.00013 -7.48323 7.94436
      vertex -5.47885 -7.14018 7.94436
    endloop
  endfacet
  facet normal -0.582482 -0.812843 -0
    outer loop
      vertex -5.00013 -7.48323 7.94436
      vertex -5.47885 -7.14018 7.5
      vertex -5.00013 -7.48323 7.5
    endloop
  endfacet
  facet normal -0.412011 -0.574908 -0.706914
    outer loop
      vertex -9.16691 -13.7192 23
      vertex -5.52328 -8.06473 16.2778
      vertex -5.43226 -8.12996 16.2778
    endloop
  endfacet
  facet normal -0.411966 -0.574939 -0.706915
    outer loop
      vertex -5.52328 -8.06473 16.2778
      vertex -9.16691 -13.7192 23
      vertex -10.0446 -13.0903 23
    endloop
  endfacet
  facet normal -0.411977 -0.574929 -0.706916
    outer loop
      vertex -5.67162 -7.95843 16.2778
      vertex -10.0446 -13.0903 23
      vertex -5.95236 -7.75726 16.2778
    endloop
  endfacet
  facet normal -0.411987 -0.574922 -0.706917
    outer loop
      vertex -10.0446 -13.0903 23
      vertex -5.67162 -7.95843 16.2778
      vertex -5.52328 -8.06473 16.2778
    endloop
  endfacet
  facet normal -0.582451 -0.812866 0
    outer loop
      vertex -10.0446 -13.0903 23
      vertex -9.16691 -13.7192 25
      vertex -10.0446 -13.0903 25
    endloop
  endfacet
  facet normal -0.582451 -0.812866 -0
    outer loop
      vertex -9.16691 -13.7192 25
      vertex -10.0446 -13.0903 23
      vertex -9.16691 -13.7192 23
    endloop
  endfacet
  facet normal -0.411983 -0.574891 -0.706944
    outer loop
      vertex -9.66692 -14.4676 0
      vertex -10.0003 -14.9665 0.599991
      vertex -10.9577 -14.2804 0.599991
    endloop
  endfacet
  facet normal -0.411993 -0.574839 -0.706981
    outer loop
      vertex -10.5924 -13.8043 0
      vertex -9.66692 -14.4676 0
      vertex -10.9577 -14.2804 0.599991
    endloop
  endfacet
  facet normal -0.63443 -0.77298 0
    outer loop
      vertex -11.8682 -13.5331 0.599991
      vertex -10.9577 -14.2804 3
      vertex -11.8682 -13.5331 3
    endloop
  endfacet
  facet normal -0.63443 -0.77298 -0
    outer loop
      vertex -10.9577 -14.2804 3
      vertex -11.8682 -13.5331 0.599991
      vertex -10.9577 -14.2804 0.599991
    endloop
  endfacet
  facet normal -0.283829 -0.345849 0.894332
    outer loop
      vertex -5.47885 -7.14018 7.5
      vertex -5.93411 -6.76656 7.5
      vertex -10.9577 -14.2804 3
    endloop
  endfacet
  facet normal -0.283848 -0.345836 0.894331
    outer loop
      vertex -10.9577 -14.2804 3
      vertex -5.93411 -6.76656 7.5
      vertex -11.8682 -13.5331 3
    endloop
  endfacet
  facet normal -0.634391 -0.773012 0
    outer loop
      vertex -5.93411 -6.76656 7.5
      vertex -5.47885 -7.14018 7.94436
      vertex -5.93411 -6.76656 7.94436
    endloop
  endfacet
  facet normal -0.634391 -0.773012 -0
    outer loop
      vertex -5.47885 -7.14018 7.94436
      vertex -5.93411 -6.76656 7.5
      vertex -5.47885 -7.14018 7.5
    endloop
  endfacet
  facet normal -0.448674 -0.546772 -0.706917
    outer loop
      vertex -10.0446 -13.0903 23
      vertex -6.03892 -7.68623 16.2778
      vertex -5.95236 -7.75726 16.2778
    endloop
  endfacet
  facet normal -0.448689 -0.54676 -0.706917
    outer loop
      vertex -6.03892 -7.68623 16.2778
      vertex -10.0446 -13.0903 23
      vertex -10.8792 -12.4054 23
    endloop
  endfacet
  facet normal -0.448707 -0.546743 -0.706918
    outer loop
      vertex -6.17999 -7.57045 16.2778
      vertex -10.8792 -12.4054 23
      vertex -6.44696 -7.35135 16.2778
    endloop
  endfacet
  facet normal -0.448719 -0.546733 -0.706919
    outer loop
      vertex -10.8792 -12.4054 23
      vertex -6.17999 -7.57045 16.2778
      vertex -6.03892 -7.68623 16.2778
    endloop
  endfacet
  facet normal -0.634372 -0.773028 0
    outer loop
      vertex -10.8792 -12.4054 23
      vertex -10.0446 -13.0903 25
      vertex -10.8792 -12.4054 25
    endloop
  endfacet
  facet normal -0.634372 -0.773028 -0
    outer loop
      vertex -10.0446 -13.0903 25
      vertex -10.8792 -12.4054 23
      vertex -10.0446 -13.0903 23
    endloop
  endfacet
  facet normal -0.448691 -0.546679 -0.706978
    outer loop
      vertex -10.5924 -13.8043 0
      vertex -10.9577 -14.2804 0.599991
      vertex -11.8682 -13.5331 0.599991
    endloop
  endfacet
  facet normal -0.448681 -0.546766 -0.706918
    outer loop
      vertex -11.4726 -13.082 0
      vertex -10.5924 -13.8043 0
      vertex -11.8682 -13.5331 0.599991
    endloop
  endfacet
  facet normal -0.683594 -0.729863 0
    outer loop
      vertex -12.7279 -12.7279 0.599991
      vertex -11.8682 -13.5331 3
      vertex -12.7279 -12.7279 3
    endloop
  endfacet
  facet normal -0.683594 -0.729863 -0
    outer loop
      vertex -11.8682 -13.5331 3
      vertex -12.7279 -12.7279 0.599991
      vertex -11.8682 -13.5331 0.599991
    endloop
  endfacet
  facet normal -0.305844 -0.326545 0.894331
    outer loop
      vertex -6.36396 -6.36396 7.5
      vertex -11.8682 -13.5331 3
      vertex -5.93411 -6.76656 7.5
    endloop
  endfacet
  facet normal -0.305844 -0.326545 0.894331
    outer loop
      vertex -11.8682 -13.5331 3
      vertex -6.36396 -6.36396 7.5
      vertex -12.7279 -12.7279 3
    endloop
  endfacet
  facet normal -0.683594 -0.729863 0
    outer loop
      vertex -6.36396 -6.36396 7.5
      vertex -5.93411 -6.76656 7.94436
      vertex -6.36396 -6.36396 7.94436
    endloop
  endfacet
  facet normal -0.683594 -0.729863 -0
    outer loop
      vertex -5.93411 -6.76656 7.94436
      vertex -6.36396 -6.36396 7.5
      vertex -5.93411 -6.76656 7.5
    endloop
  endfacet
  facet normal -0.483507 -0.516225 -0.706918
    outer loop
      vertex -10.8792 -12.4054 23
      vertex -6.52869 -7.2748 16.2778
      vertex -6.44696 -7.35135 16.2778
    endloop
  endfacet
  facet normal -0.483489 -0.516241 -0.706919
    outer loop
      vertex -6.52869 -7.2748 16.2778
      vertex -10.8792 -12.4054 23
      vertex -11.6673 -11.6673 23
    endloop
  endfacet
  facet normal -0.48349 -0.51624 -0.706919
    outer loop
      vertex -11.6673 -11.6673 23
      vertex -6.66189 -7.15005 16.2778
      vertex -6.52869 -7.2748 16.2778
    endloop
  endfacet
  facet normal -0.483502 -0.516228 -0.706919
    outer loop
      vertex -6.66189 -7.15005 16.2778
      vertex -11.6673 -11.6673 23
      vertex -6.91396 -6.91396 16.2778
    endloop
  endfacet
  facet normal -0.683574 -0.729881 0
    outer loop
      vertex -11.6673 -11.6673 23
      vertex -10.8792 -12.4054 25
      vertex -11.6673 -11.6673 25
    endloop
  endfacet
  facet normal -0.683574 -0.729881 -0
    outer loop
      vertex -10.8792 -12.4054 25
      vertex -11.6673 -11.6673 23
      vertex -10.8792 -12.4054 23
    endloop
  endfacet
  facet normal -0.483503 -0.516229 -0.706918
    outer loop
      vertex -11.4726 -13.082 0
      vertex -11.8682 -13.5331 0.599991
      vertex -12.7279 -12.7279 0.599991
    endloop
  endfacet
  facet normal -0.483499 -0.5163 -0.706868
    outer loop
      vertex -12.3037 -12.3037 0
      vertex -11.4726 -13.082 0
      vertex -12.7279 -12.7279 0.599991
    endloop
  endfacet
  facet normal -0.729863 -0.683594 0
    outer loop
      vertex -12.7279 -12.7279 0.599991
      vertex -13.5331 -11.8682 3
      vertex -13.5331 -11.8682 0.599991
    endloop
  endfacet
  facet normal -0.729863 -0.683594 0
    outer loop
      vertex -13.5331 -11.8682 3
      vertex -12.7279 -12.7279 0.599991
      vertex -12.7279 -12.7279 3
    endloop
  endfacet
  facet normal -0.326545 -0.305844 0.894331
    outer loop
      vertex -6.76656 -5.93411 7.5
      vertex -12.7279 -12.7279 3
      vertex -6.36396 -6.36396 7.5
    endloop
  endfacet
  facet normal -0.326545 -0.305844 0.894331
    outer loop
      vertex -12.7279 -12.7279 3
      vertex -6.76656 -5.93411 7.5
      vertex -13.5331 -11.8682 3
    endloop
  endfacet
  facet normal -0.729863 -0.683594 0
    outer loop
      vertex -6.36396 -6.36396 7.5
      vertex -6.76656 -5.93411 7.94436
      vertex -6.76656 -5.93411 7.5
    endloop
  endfacet
  facet normal -0.729863 -0.683594 0
    outer loop
      vertex -6.76656 -5.93411 7.94436
      vertex -6.36396 -6.36396 7.5
      vertex -6.36396 -6.36396 7.94436
    endloop
  endfacet
  facet normal -0.516224 -0.483506 -0.70692
    outer loop
      vertex -11.6673 -11.6673 23
      vertex -6.99051 -6.83223 16.2778
      vertex -6.91396 -6.91396 16.2778
    endloop
  endfacet
  facet normal -0.516241 -0.483489 -0.706919
    outer loop
      vertex -6.99051 -6.83223 16.2778
      vertex -11.6673 -11.6673 23
      vertex -12.4054 -10.8792 23
    endloop
  endfacet
  facet normal -0.516238 -0.483492 -0.706918
    outer loop
      vertex -7.11526 -6.69904 16.2778
      vertex -12.4054 -10.8792 23
      vertex -7.35135 -6.44696 16.2778
    endloop
  endfacet
  facet normal -0.516222 -0.48351 -0.706917
    outer loop
      vertex -12.4054 -10.8792 23
      vertex -7.11526 -6.69904 16.2778
      vertex -6.99051 -6.83223 16.2778
    endloop
  endfacet
  facet normal -0.729881 -0.683574 0
    outer loop
      vertex -11.6673 -11.6673 23
      vertex -12.4054 -10.8792 25
      vertex -12.4054 -10.8792 23
    endloop
  endfacet
  facet normal -0.729881 -0.683574 0
    outer loop
      vertex -12.4054 -10.8792 25
      vertex -11.6673 -11.6673 23
      vertex -11.6673 -11.6673 25
    endloop
  endfacet
  facet normal -0.516264 -0.483536 -0.706869
    outer loop
      vertex -12.3037 -12.3037 0
      vertex -12.7279 -12.7279 0.599991
      vertex -13.5331 -11.8682 0.599991
    endloop
  endfacet
  facet normal -0.516263 -0.483465 -0.706919
    outer loop
      vertex -13.082 -11.4726 0
      vertex -12.3037 -12.3037 0
      vertex -13.5331 -11.8682 0.599991
    endloop
  endfacet
  facet normal -0.77298 -0.63443 0
    outer loop
      vertex -13.5331 -11.8682 0.599991
      vertex -14.2804 -10.9577 3
      vertex -14.2804 -10.9577 0.599991
    endloop
  endfacet
  facet normal -0.77298 -0.63443 0
    outer loop
      vertex -14.2804 -10.9577 3
      vertex -13.5331 -11.8682 0.599991
      vertex -13.5331 -11.8682 3
    endloop
  endfacet
  facet normal -0.345851 -0.283831 0.894331
    outer loop
      vertex -6.76656 -5.93411 7.5
      vertex -7.14018 -5.47885 7.5
      vertex -13.5331 -11.8682 3
    endloop
  endfacet
  facet normal -0.345835 -0.283847 0.894332
    outer loop
      vertex -13.5331 -11.8682 3
      vertex -7.14018 -5.47885 7.5
      vertex -14.2804 -10.9577 3
    endloop
  endfacet
  facet normal -0.773012 -0.634391 0
    outer loop
      vertex -6.76656 -5.93411 7.5
      vertex -7.14018 -5.47885 7.94436
      vertex -7.14018 -5.47885 7.5
    endloop
  endfacet
  facet normal -0.773012 -0.634391 0
    outer loop
      vertex -7.14018 -5.47885 7.94436
      vertex -6.76656 -5.93411 7.5
      vertex -6.76656 -5.93411 7.94436
    endloop
  endfacet
  facet normal -0.54674 -0.448711 -0.706918
    outer loop
      vertex -12.4054 -10.8792 23
      vertex -7.42239 -6.3604 16.2778
      vertex -7.35135 -6.44696 16.2778
    endloop
  endfacet
  facet normal -0.546759 -0.448689 -0.706918
    outer loop
      vertex -7.42239 -6.3604 16.2778
      vertex -12.4054 -10.8792 23
      vertex -13.0903 -10.0446 23
    endloop
  endfacet
  facet normal -0.546754 -0.448697 -0.706917
    outer loop
      vertex -13.0903 -10.0446 23
      vertex -7.53816 -6.21933 16.2778
      vertex -7.42239 -6.3604 16.2778
    endloop
  endfacet
  facet normal -0.546745 -0.448709 -0.706916
    outer loop
      vertex -7.53816 -6.21933 16.2778
      vertex -13.0903 -10.0446 23
      vertex -7.75726 -5.95236 16.2778
    endloop
  endfacet
  facet normal -0.773028 -0.634372 0
    outer loop
      vertex -12.4054 -10.8792 23
      vertex -13.0903 -10.0446 25
      vertex -13.0903 -10.0446 23
    endloop
  endfacet
  facet normal -0.773028 -0.634372 0
    outer loop
      vertex -13.0903 -10.0446 25
      vertex -12.4054 -10.8792 23
      vertex -12.4054 -10.8792 25
    endloop
  endfacet
  facet normal -0.546725 -0.448729 -0.706919
    outer loop
      vertex -13.082 -11.4726 0
      vertex -13.5331 -11.8682 0.599991
      vertex -14.2804 -10.9577 0.599991
    endloop
  endfacet
  facet normal -0.546718 -0.448642 -0.706979
    outer loop
      vertex -13.8043 -10.5924 0
      vertex -13.082 -11.4726 0
      vertex -14.2804 -10.9577 0.599991
    endloop
  endfacet
  facet normal -0.812832 -0.582498 0
    outer loop
      vertex -14.2804 -10.9577 0.599991
      vertex -14.9665 -10.0003 3
      vertex -14.9665 -10.0003 0.599991
    endloop
  endfacet
  facet normal -0.812832 -0.582498 0
    outer loop
      vertex -14.9665 -10.0003 3
      vertex -14.2804 -10.9577 0.599991
      vertex -14.2804 -10.9577 3
    endloop
  endfacet
  facet normal -0.363669 -0.260605 0.894332
    outer loop
      vertex -7.14018 -5.47885 7.5
      vertex -7.48323 -5.00013 7.5
      vertex -14.2804 -10.9577 3
    endloop
  endfacet
  facet normal -0.363664 -0.260612 0.894332
    outer loop
      vertex -14.2804 -10.9577 3
      vertex -7.48323 -5.00013 7.5
      vertex -14.9665 -10.0003 3
    endloop
  endfacet
  facet normal -0.812843 -0.582482 0
    outer loop
      vertex -7.14018 -5.47885 7.5
      vertex -7.48323 -5.00013 7.94436
      vertex -7.48323 -5.00013 7.5
    endloop
  endfacet
  facet normal -0.812843 -0.582482 0
    outer loop
      vertex -7.48323 -5.00013 7.94436
      vertex -7.14018 -5.47885 7.5
      vertex -7.14018 -5.47885 7.94436
    endloop
  endfacet
  facet normal -0.574906 -0.412009 -0.706917
    outer loop
      vertex -13.0903 -10.0446 23
      vertex -7.82249 -5.86134 16.2778
      vertex -7.75726 -5.95236 16.2778
    endloop
  endfacet
  facet normal -0.574938 -0.411966 -0.706916
    outer loop
      vertex -7.82249 -5.86134 16.2778
      vertex -13.0903 -10.0446 23
      vertex -13.7192 -9.16691 23
    endloop
  endfacet
  facet normal -0.574931 -0.411978 -0.706915
    outer loop
      vertex -7.92879 -5.713 16.2778
      vertex -13.7192 -9.16691 23
      vertex -8.12996 -5.43226 16.2778
    endloop
  endfacet
  facet normal -0.574924 -0.411989 -0.706914
    outer loop
      vertex -13.7192 -9.16691 23
      vertex -7.92879 -5.713 16.2778
      vertex -7.82249 -5.86134 16.2778
    endloop
  endfacet
  facet normal -0.812866 -0.582451 0
    outer loop
      vertex -13.0903 -10.0446 23
      vertex -13.7192 -9.16691 25
      vertex -13.7192 -9.16691 23
    endloop
  endfacet
  facet normal -0.812866 -0.582451 0
    outer loop
      vertex -13.7192 -9.16691 25
      vertex -13.0903 -10.0446 23
      vertex -13.0903 -10.0446 25
    endloop
  endfacet
  facet normal -0.574862 -0.411962 -0.70698
    outer loop
      vertex -13.8043 -10.5924 0
      vertex -14.2804 -10.9577 0.599991
      vertex -14.9665 -10.0003 0.599991
    endloop
  endfacet
  facet normal -0.57487 -0.412014 -0.706944
    outer loop
      vertex -14.4676 -9.66692 0
      vertex -13.8043 -10.5924 0
      vertex -14.9665 -10.0003 0.599991
    endloop
  endfacet
  facet normal -0.849212 -0.528052 0
    outer loop
      vertex -14.9665 -10.0003 0.599991
      vertex -15.5885 -9 3
      vertex -15.5885 -9 0.599991
    endloop
  endfacet
  facet normal -0.849212 -0.528052 0
    outer loop
      vertex -15.5885 -9 3
      vertex -14.9665 -10.0003 0.599991
      vertex -14.9665 -10.0003 3
    endloop
  endfacet
  facet normal -0.379936 -0.236259 0.894332
    outer loop
      vertex -7.48323 -5.00013 7.5
      vertex -7.79423 -4.5 7.5
      vertex -14.9665 -10.0003 3
    endloop
  endfacet
  facet normal -0.379941 -0.236252 0.894332
    outer loop
      vertex -14.9665 -10.0003 3
      vertex -7.79423 -4.5 7.5
      vertex -15.5885 -9 3
    endloop
  endfacet
  facet normal -0.849203 -0.528067 0
    outer loop
      vertex -7.48323 -5.00013 7.5
      vertex -7.79423 -4.5 7.94436
      vertex -7.79423 -4.5 7.5
    endloop
  endfacet
  facet normal -0.849203 -0.528067 0
    outer loop
      vertex -7.79423 -4.5 7.94436
      vertex -7.48323 -5.00013 7.5
      vertex -7.48323 -5.00013 7.94436
    endloop
  endfacet
  facet normal -0.600642 -0.373498 -0.706914
    outer loop
      vertex -13.7192 -9.16691 23
      vertex -8.18909 -5.33717 16.2778
      vertex -8.12996 -5.43226 16.2778
    endloop
  endfacet
  facet normal -0.600631 -0.373515 -0.706915
    outer loop
      vertex -8.18909 -5.33717 16.2778
      vertex -13.7192 -9.16691 23
      vertex -14.2894 -8.25 23
    endloop
  endfacet
  facet normal -0.600638 -0.373502 -0.706916
    outer loop
      vertex -8.28546 -5.1822 16.2778
      vertex -14.2894 -8.25 23
      vertex -8.46784 -4.88891 16.2778
    endloop
  endfacet
  facet normal -0.600633 -0.373511 -0.706915
    outer loop
      vertex -14.2894 -8.25 23
      vertex -8.28546 -5.1822 16.2778
      vertex -8.18909 -5.33717 16.2778
    endloop
  endfacet
  facet normal -0.84919 -0.528087 0
    outer loop
      vertex -13.7192 -9.16691 23
      vertex -14.2894 -8.25 25
      vertex -14.2894 -8.25 23
    endloop
  endfacet
  facet normal -0.84919 -0.528087 0
    outer loop
      vertex -14.2894 -8.25 25
      vertex -13.7192 -9.16691 23
      vertex -13.7192 -9.16691 25
    endloop
  endfacet
  facet normal -0.600622 -0.373475 -0.706943
    outer loop
      vertex -14.4676 -9.66692 0
      vertex -14.9665 -10.0003 0.599991
      vertex -15.5885 -9 0.599991
    endloop
  endfacet
  facet normal -0.600616 -0.373444 -0.706966
    outer loop
      vertex -15.0688 -8.7 0
      vertex -14.4676 -9.66692 0
      vertex -15.5885 -9 0.599991
    endloop
  endfacet
  facet normal -0.881939 -0.471364 0
    outer loop
      vertex -15.5885 -9 0.599991
      vertex -16.1437 -7.9612 3
      vertex -16.1437 -7.9612 0.599991
    endloop
  endfacet
  facet normal -0.881939 -0.471364 0
    outer loop
      vertex -16.1437 -7.9612 3
      vertex -15.5885 -9 0.599991
      vertex -15.5885 -9 3
    endloop
  endfacet
  facet normal -0.394577 -0.210902 0.894332
    outer loop
      vertex -7.79423 -4.5 7.5
      vertex -8.07185 -3.9806 7.5
      vertex -15.5885 -9 3
    endloop
  endfacet
  facet normal -0.394584 -0.21089 0.894332
    outer loop
      vertex -15.5885 -9 3
      vertex -8.07185 -3.9806 7.5
      vertex -16.1437 -7.9612 3
    endloop
  endfacet
  facet normal -0.881925 -0.47139 0
    outer loop
      vertex -7.79423 -4.5 7.5
      vertex -8.07185 -3.9806 7.94436
      vertex -8.07185 -3.9806 7.5
    endloop
  endfacet
  facet normal -0.881925 -0.47139 0
    outer loop
      vertex -8.07185 -3.9806 7.94436
      vertex -7.79423 -4.5 7.5
      vertex -7.79423 -4.5 7.94436
    endloop
  endfacet
  facet normal -0.623804 -0.333377 -0.706915
    outer loop
      vertex -14.2894 -8.25 23
      vertex -8.52062 -4.79015 16.2778
      vertex -8.46784 -4.88891 16.2778
    endloop
  endfacet
  facet normal -0.623776 -0.333426 -0.706916
    outer loop
      vertex -8.52062 -4.79015 16.2778
      vertex -14.2894 -8.25 23
      vertex -14.7984 -7.29776 23
    endloop
  endfacet
  facet normal -0.623772 -0.333435 -0.706916
    outer loop
      vertex -14.7984 -7.29776 23
      vertex -8.60665 -4.62921 16.2778
      vertex -8.52062 -4.79015 16.2778
    endloop
  endfacet
  facet normal -0.623778 -0.333423 -0.706916
    outer loop
      vertex -8.60665 -4.62921 16.2778
      vertex -14.7984 -7.29776 23
      vertex -8.76946 -4.32462 16.2778
    endloop
  endfacet
  facet normal -0.881915 -0.471409 0
    outer loop
      vertex -14.2894 -8.25 23
      vertex -14.7984 -7.29776 25
      vertex -14.7984 -7.29776 23
    endloop
  endfacet
  facet normal -0.881915 -0.471409 0
    outer loop
      vertex -14.7984 -7.29776 25
      vertex -14.2894 -8.25 23
      vertex -14.2894 -8.25 25
    endloop
  endfacet
  facet normal -0.623749 -0.333371 -0.706966
    outer loop
      vertex -15.0688 -8.7 0
      vertex -15.5885 -9 0.599991
      vertex -16.1437 -7.9612 0.599991
    endloop
  endfacet
  facet normal -0.62377 -0.333446 -0.706912
    outer loop
      vertex -15.6056 -7.69582 0
      vertex -15.0688 -8.7 0
      vertex -16.1437 -7.9612 0.599991
    endloop
  endfacet
  facet normal -0.910872 -0.41269 0
    outer loop
      vertex -16.1437 -7.9612 0.599991
      vertex -16.6298 -6.8883 3
      vertex -16.6298 -6.8883 0.599991
    endloop
  endfacet
  facet normal -0.910872 -0.41269 0
    outer loop
      vertex -16.6298 -6.8883 3
      vertex -16.1437 -7.9612 0.599991
      vertex -16.1437 -7.9612 3
    endloop
  endfacet
  facet normal -0.407523 -0.184652 0.894331
    outer loop
      vertex -8.31492 -3.44415 7.5
      vertex -16.1437 -7.9612 3
      vertex -8.07185 -3.9806 7.5
    endloop
  endfacet
  facet normal -0.40753 -0.18464 0.894331
    outer loop
      vertex -16.1437 -7.9612 3
      vertex -8.31492 -3.44415 7.5
      vertex -16.6298 -6.8883 3
    endloop
  endfacet
  facet normal -0.910859 -0.412718 0
    outer loop
      vertex -8.07185 -3.9806 7.5
      vertex -8.31492 -3.44415 7.94436
      vertex -8.31492 -3.44415 7.5
    endloop
  endfacet
  facet normal -0.910859 -0.412718 0
    outer loop
      vertex -8.31492 -3.44415 7.94436
      vertex -8.07185 -3.9806 7.5
      vertex -8.07185 -3.9806 7.94436
    endloop
  endfacet
  facet normal 0 0 -1
    outer loop
      vertex -8.89099 -4.05639 16.2778
      vertex -9.03353 -3.74181 16.2778
      vertex -9.03352 -3.74181 16.2778
    endloop
  endfacet
  facet normal -0.644255 -0.2919 -0.706916
    outer loop
      vertex -14.7984 -7.29776 23
      vertex -8.89099 -4.05639 16.2778
      vertex -8.76946 -4.32462 16.2778
    endloop
  endfacet
  facet normal -0.644254 -0.291902 -0.706916
    outer loop
      vertex -15.244 -6.31428 23
      vertex -8.89099 -4.05639 16.2778
      vertex -14.7984 -7.29776 23
    endloop
  endfacet
  facet normal -0.644248 -0.291916 -0.706916
    outer loop
      vertex -8.89099 -4.05639 16.2778
      vertex -15.244 -6.31428 23
      vertex -9.03353 -3.74181 16.2778
    endloop
  endfacet
  facet normal -0.910867 -0.4127 0
    outer loop
      vertex -14.7984 -7.29776 23
      vertex -15.244 -6.31428 25
      vertex -15.244 -6.31428 23
    endloop
  endfacet
  facet normal -0.910867 -0.4127 0
    outer loop
      vertex -15.244 -6.31428 25
      vertex -14.7984 -7.29776 23
      vertex -14.7984 -7.29776 25
    endloop
  endfacet
  facet normal -0.644261 -0.291896 -0.706911
    outer loop
      vertex -15.6056 -7.69582 0
      vertex -16.1437 -7.9612 0.599991
      vertex -16.6298 -6.8883 0.599991
    endloop
  endfacet
  facet normal -0.644263 -0.291901 -0.706908
    outer loop
      vertex -16.0755 -6.65869 0
      vertex -15.6056 -7.69582 0
      vertex -16.6298 -6.8883 0.599991
    endloop
  endfacet
  facet normal -0.935909 -0.352242 0
    outer loop
      vertex -16.6298 -6.8883 0.599991
      vertex -17.0447 -5.78591 3
      vertex -17.0447 -5.78591 0.599991
    endloop
  endfacet
  facet normal -0.935909 -0.352242 0
    outer loop
      vertex -17.0447 -5.78591 3
      vertex -16.6298 -6.8883 0.599991
      vertex -16.6298 -6.8883 3
    endloop
  endfacet
  facet normal -0.418732 -0.157594 0.894331
    outer loop
      vertex -8.31492 -3.44415 7.5
      vertex -8.52237 -2.89295 7.5
      vertex -16.6298 -6.8883 3
    endloop
  endfacet
  facet normal -0.418732 -0.157596 0.894331
    outer loop
      vertex -16.6298 -6.8883 3
      vertex -8.52237 -2.89295 7.5
      vertex -17.0447 -5.78591 3
    endloop
  endfacet
  facet normal -0.93591 -0.35224 0
    outer loop
      vertex -8.31492 -3.44415 7.5
      vertex -8.52237 -2.89295 7.94436
      vertex -8.52237 -2.89295 7.5
    endloop
  endfacet
  facet normal -0.93591 -0.35224 0
    outer loop
      vertex -8.52237 -2.89295 7.94436
      vertex -8.31492 -3.44415 7.5
      vertex -8.31492 -3.44415 7.94436
    endloop
  endfacet
  facet normal -0.661973 -0.249124 -0.706915
    outer loop
      vertex -15.244 -6.31428 23
      vertex -9.07297 -3.63701 16.2778
      vertex -9.03353 -3.74181 16.2778
    endloop
  endfacet
  facet normal -0.661972 -0.249125 -0.706915
    outer loop
      vertex -9.07297 -3.63701 16.2778
      vertex -15.244 -6.31428 23
      vertex -15.6243 -5.30375 23
    endloop
  endfacet
  facet normal -0.661963 -0.249155 -0.706914
    outer loop
      vertex -9.13725 -3.46621 16.2778
      vertex -15.6243 -5.30375 23
      vertex -9.25891 -3.14298 16.2778
    endloop
  endfacet
  facet normal -0.661971 -0.24913 -0.706915
    outer loop
      vertex -15.6243 -5.30375 23
      vertex -9.13725 -3.46621 16.2778
      vertex -9.07297 -3.63701 16.2778
    endloop
  endfacet
  facet normal -0.935917 -0.35222 0
    outer loop
      vertex -15.244 -6.31428 23
      vertex -15.6243 -5.30375 25
      vertex -15.6243 -5.30375 23
    endloop
  endfacet
  facet normal -0.935917 -0.35222 0
    outer loop
      vertex -15.6243 -5.30375 25
      vertex -15.244 -6.31428 23
      vertex -15.244 -6.31428 25
    endloop
  endfacet
  facet normal -0.661974 -0.249143 -0.706907
    outer loop
      vertex -16.0755 -6.65869 0
      vertex -16.6298 -6.8883 0.599991
      vertex -17.0447 -5.78591 0.599991
    endloop
  endfacet
  facet normal -0.661983 -0.249164 -0.706892
    outer loop
      vertex -16.4766 -5.59304 0
      vertex -16.0755 -6.65869 0
      vertex -17.0447 -5.78591 0.599991
    endloop
  endfacet
  facet normal -0.956922 -0.290344 0
    outer loop
      vertex -17.0447 -5.78591 0.599991
      vertex -17.3867 -4.65874 3
      vertex -17.3867 -4.65874 0.599991
    endloop
  endfacet
  facet normal -0.956922 -0.290344 0
    outer loop
      vertex -17.3867 -4.65874 3
      vertex -17.0447 -5.78591 0.599991
      vertex -17.0447 -5.78591 3
    endloop
  endfacet
  facet normal -0.428142 -0.129875 0.894331
    outer loop
      vertex -8.52237 -2.89295 7.5
      vertex -8.69333 -2.32937 7.5
      vertex -17.0447 -5.78591 3
    endloop
  endfacet
  facet normal -0.428131 -0.129901 0.894332
    outer loop
      vertex -17.0447 -5.78591 3
      vertex -8.69333 -2.32937 7.5
      vertex -17.3867 -4.65874 3
    endloop
  endfacet
  facet normal -0.95694 -0.290284 0
    outer loop
      vertex -8.52237 -2.89295 7.5
      vertex -8.69333 -2.32937 7.94436
      vertex -8.69333 -2.32937 7.5
    endloop
  endfacet
  facet normal -0.95694 -0.290284 0
    outer loop
      vertex -8.69333 -2.32937 7.94436
      vertex -8.52237 -2.89295 7.5
      vertex -8.52237 -2.89295 7.94436
    endloop
  endfacet
  facet normal -0.676856 -0.20528 -0.706913
    outer loop
      vertex -15.6243 -5.30375 23
      vertex -9.29141 -3.03582 16.2778
      vertex -9.25891 -3.14298 16.2778
    endloop
  endfacet
  facet normal -0.676829 -0.20536 -0.706915
    outer loop
      vertex -9.29141 -3.03582 16.2778
      vertex -15.6243 -5.30375 23
      vertex -15.9378 -4.27051 23
    endloop
  endfacet
  facet normal -0.676838 -0.205325 -0.706917
    outer loop
      vertex -9.34439 -2.86118 16.2778
      vertex -15.9378 -4.27051 23
      vertex -9.44465 -2.53068 16.2778
    endloop
  endfacet
  facet normal -0.676837 -0.20533 -0.706917
    outer loop
      vertex -15.9378 -4.27051 23
      vertex -9.34439 -2.86118 16.2778
      vertex -9.29141 -3.03582 16.2778
    endloop
  endfacet
  facet normal -0.956922 -0.290344 0
    outer loop
      vertex -15.6243 -5.30375 23
      vertex -15.9378 -4.27051 25
      vertex -15.9378 -4.27051 23
    endloop
  endfacet
  facet normal -0.956922 -0.290344 0
    outer loop
      vertex -15.9378 -4.27051 25
      vertex -15.6243 -5.30375 23
      vertex -15.6243 -5.30375 25
    endloop
  endfacet
  facet normal -0.676852 -0.205367 -0.706892
    outer loop
      vertex -16.4766 -5.59304 0
      vertex -17.0447 -5.78591 0.599991
      vertex -17.3867 -4.65874 0.599991
    endloop
  endfacet
  facet normal -0.676815 -0.205295 -0.706948
    outer loop
      vertex -16.8071 -4.50345 0
      vertex -16.4766 -5.59304 0
      vertex -17.3867 -4.65874 0.599991
    endloop
  endfacet
  facet normal -0.97389 -0.227021 0
    outer loop
      vertex -17.3867 -4.65874 0.599991
      vertex -17.6541 -3.51163 3
      vertex -17.6541 -3.51163 0.599991
    endloop
  endfacet
  facet normal -0.97389 -0.227021 0
    outer loop
      vertex -17.6541 -3.51163 3
      vertex -17.3867 -4.65874 0.599991
      vertex -17.3867 -4.65874 3
    endloop
  endfacet
  facet normal -0.435715 -0.101598 0.894332
    outer loop
      vertex -8.69333 -2.32937 7.5
      vertex -8.82707 -1.75581 7.5
      vertex -17.3867 -4.65874 3
    endloop
  endfacet
  facet normal -0.435724 -0.101571 0.894331
    outer loop
      vertex -17.3867 -4.65874 3
      vertex -8.82707 -1.75581 7.5
      vertex -17.6541 -3.51163 3
    endloop
  endfacet
  facet normal -0.973875 -0.227084 0
    outer loop
      vertex -8.69333 -2.32937 7.5
      vertex -8.82707 -1.75581 7.94436
      vertex -8.82707 -1.75581 7.5
    endloop
  endfacet
  facet normal -0.973875 -0.227084 0
    outer loop
      vertex -8.82707 -1.75581 7.94436
      vertex -8.69333 -2.32937 7.5
      vertex -8.69333 -2.32937 7.94436
    endloop
  endfacet
  facet normal -0.68883 -0.160569 -0.706917
    outer loop
      vertex -15.9378 -4.27051 23
      vertex -9.47007 -2.42163 16.2778
      vertex -9.44465 -2.53068 16.2778
    endloop
  endfacet
  facet normal -0.688816 -0.160622 -0.706918
    outer loop
      vertex -9.47007 -2.42163 16.2778
      vertex -15.9378 -4.27051 23
      vertex -16.183 -3.21899 23
    endloop
  endfacet
  facet normal -0.688817 -0.160615 -0.706919
    outer loop
      vertex -16.183 -3.21899 23
      vertex -9.51151 -2.24391 16.2778
      vertex -9.47007 -2.42163 16.2778
    endloop
  endfacet
  facet normal -0.688816 -0.160618 -0.706918
    outer loop
      vertex -9.51151 -2.24391 16.2778
      vertex -16.183 -3.21899 23
      vertex -9.58994 -1.90756 16.2778
    endloop
  endfacet
  facet normal -0.973873 -0.227094 0
    outer loop
      vertex -15.9378 -4.27051 23
      vertex -16.183 -3.21899 25
      vertex -16.183 -3.21899 23
    endloop
  endfacet
  facet normal -0.973873 -0.227094 0
    outer loop
      vertex -16.183 -3.21899 25
      vertex -15.9378 -4.27051 23
      vertex -15.9378 -4.27051 25
    endloop
  endfacet
  facet normal -0.688799 -0.160564 -0.706947
    outer loop
      vertex -16.8071 -4.50345 0
      vertex -17.3867 -4.65874 0.599991
      vertex -17.6541 -3.51163 0.599991
    endloop
  endfacet
  facet normal -0.688847 -0.160645 -0.706882
    outer loop
      vertex -17.0657 -3.39457 0
      vertex -16.8071 -4.50345 0
      vertex -17.6541 -3.51163 0.599991
    endloop
  endfacet
  facet normal -0.98664 -0.162917 0
    outer loop
      vertex -17.6541 -3.51163 0.599991
      vertex -17.846 -2.34947 3
      vertex -17.846 -2.34947 0.599991
    endloop
  endfacet
  facet normal -0.98664 -0.162917 0
    outer loop
      vertex -17.846 -2.34947 3
      vertex -17.6541 -3.51163 0.599991
      vertex -17.6541 -3.51163 3
    endloop
  endfacet
  facet normal -0.441432 -0.0728768 0.894331
    outer loop
      vertex -8.82707 -1.75581 7.5
      vertex -8.923 -1.17474 7.5
      vertex -17.6541 -3.51163 3
    endloop
  endfacet
  facet normal -0.441428 -0.0728902 0.894331
    outer loop
      vertex -17.6541 -3.51163 3
      vertex -8.923 -1.17474 7.5
      vertex -17.846 -2.34947 3
    endloop
  endfacet
  facet normal -0.986645 -0.162887 0
    outer loop
      vertex -8.82707 -1.75581 7.5
      vertex -8.923 -1.17474 7.94436
      vertex -8.923 -1.17474 7.5
    endloop
  endfacet
  facet normal -0.986645 -0.162887 0
    outer loop
      vertex -8.923 -1.17474 7.94436
      vertex -8.82707 -1.75581 7.5
      vertex -8.82707 -1.75581 7.94436
    endloop
  endfacet
  facet normal -0.697848 -0.115213 -0.706919
    outer loop
      vertex -16.183 -3.21899 23
      vertex -9.60818 -1.79708 16.2778
      vertex -9.58994 -1.90756 16.2778
    endloop
  endfacet
  facet normal -0.697858 -0.115162 -0.706917
    outer loop
      vertex -9.60818 -1.79708 16.2778
      vertex -16.183 -3.21899 23
      vertex -16.3588 -2.15368 23
    endloop
  endfacet
  facet normal -0.697851 -0.115223 -0.706914
    outer loop
      vertex -16.3588 -2.15368 23
      vertex -9.63791 -1.61702 16.2778
      vertex -9.60818 -1.79708 16.2778
    endloop
  endfacet
  facet normal -0.697852 -0.115216 -0.706914
    outer loop
      vertex -9.63791 -1.61702 16.2778
      vertex -16.3588 -2.15368 23
      vertex -9.69417 -1.27626 16.2778
    endloop
  endfacet
  facet normal -0.986656 -0.16282 0
    outer loop
      vertex -16.183 -3.21899 23
      vertex -16.3588 -2.15368 25
      vertex -16.3588 -2.15368 23
    endloop
  endfacet
  facet normal -0.986656 -0.16282 0
    outer loop
      vertex -16.3588 -2.15368 25
      vertex -16.183 -3.21899 23
      vertex -16.183 -3.21899 25
    endloop
  endfacet
  facet normal -0.697881 -0.115237 -0.706882
    outer loop
      vertex -17.0657 -3.39457 0
      vertex -17.6541 -3.51163 0.599991
      vertex -17.846 -2.34947 0.599991
    endloop
  endfacet
  facet normal -0.697831 -0.115164 -0.706943
    outer loop
      vertex -17.2511 -2.27115 0
      vertex -17.0657 -3.39457 0
      vertex -17.846 -2.34947 0.599991
    endloop
  endfacet
  facet normal -0.995181 -0.098057 0
    outer loop
      vertex -17.846 -2.34947 0.599991
      vertex -17.9615 -1.17726 3
      vertex -17.9615 -1.17726 0.599991
    endloop
  endfacet
  facet normal -0.995181 -0.098057 0
    outer loop
      vertex -17.9615 -1.17726 3
      vertex -17.846 -2.34947 0.599991
      vertex -17.846 -2.34947 3
    endloop
  endfacet
  facet normal -0.445251 -0.0438557 0.894331
    outer loop
      vertex -8.923 -1.17474 7.5
      vertex -8.98073 -0.588628 7.5
      vertex -17.846 -2.34947 3
    endloop
  endfacet
  facet normal -0.445248 -0.0438711 0.894332
    outer loop
      vertex -17.846 -2.34947 3
      vertex -8.98073 -0.588628 7.5
      vertex -17.9615 -1.17726 3
    endloop
  endfacet
  facet normal -0.995184 -0.0980222 0
    outer loop
      vertex -8.923 -1.17474 7.5
      vertex -8.98073 -0.588628 7.94436
      vertex -8.98073 -0.588628 7.5
    endloop
  endfacet
  facet normal -0.995184 -0.0980222 0
    outer loop
      vertex -8.98073 -0.588628 7.94436
      vertex -8.923 -1.17474 7.5
      vertex -8.923 -1.17474 7.94436
    endloop
  endfacet
  facet normal -0.703898 -0.0692907 -0.706914
    outer loop
      vertex -16.3588 -2.15368 23
      vertex -9.70514 -1.16482 16.2778
      vertex -9.69417 -1.27626 16.2778
    endloop
  endfacet
  facet normal -0.703888 -0.0693715 -0.706916
    outer loop
      vertex -9.70514 -1.16482 16.2778
      vertex -16.3588 -2.15368 23
      vertex -16.4647 -1.07915 23
    endloop
  endfacet
  facet normal -0.703889 -0.0693374 -0.706918
    outer loop
      vertex -16.4647 -1.07915 23
      vertex -9.72303 -0.983207 16.2778
      vertex -9.70514 -1.16482 16.2778
    endloop
  endfacet
  facet normal -0.707863 0 -0.706349
    outer loop
      vertex -9.75688 -0.6395 16.2778
      vertex -16.4647 -1.07915 23
      vertex -9.75688 -0.639499 16.2778
    endloop
  endfacet
  facet normal -0.70389 -0.0693226 -0.706918
    outer loop
      vertex -9.72303 -0.983207 16.2778
      vertex -16.4647 -1.07915 23
      vertex -9.75688 -0.6395 16.2778
    endloop
  endfacet
  facet normal -0.995179 -0.0980795 0
    outer loop
      vertex -16.3588 -2.15368 23
      vertex -16.4647 -1.07915 25
      vertex -16.4647 -1.07915 23
    endloop
  endfacet
  facet normal -0.995179 -0.0980795 0
    outer loop
      vertex -16.4647 -1.07915 25
      vertex -16.3588 -2.15368 23
      vertex -16.3588 -2.15368 25
    endloop
  endfacet
  facet normal -0.703862 -0.0693528 -0.706943
    outer loop
      vertex -17.2511 -2.27115 0
      vertex -17.846 -2.34947 0.599991
      vertex -17.9615 -1.17726 0.599991
    endloop
  endfacet
  facet normal -0.703835 -0.0693189 -0.706973
    outer loop
      vertex -17.3627 -1.13801 0
      vertex -17.2511 -2.27115 0
      vertex -17.9615 -1.17726 0.599991
    endloop
  endfacet
  facet normal -0.999466 -0.0326856 0
    outer loop
      vertex -17.9615 -1.17726 0.599991
      vertex -18 0 3
      vertex -18 0 0.599991
    endloop
  endfacet
  facet normal -0.999466 -0.0326856 0
    outer loop
      vertex -18 0 3
      vertex -17.9615 -1.17726 0.599991
      vertex -17.9615 -1.17726 3
    endloop
  endfacet
  facet normal -0.447164 -0.0146389 0.894332
    outer loop
      vertex -9 0 7.5
      vertex -17.9615 -1.17726 3
      vertex -8.98073 -0.588628 7.5
    endloop
  endfacet
  facet normal -0.447166 -0.0146237 0.894332
    outer loop
      vertex -17.9615 -1.17726 3
      vertex -9 0 7.5
      vertex -18 0 3
    endloop
  endfacet
  facet normal -0.999465 -0.0327196 0
    outer loop
      vertex -8.98073 -0.588628 7.5
      vertex -9 0 7.94436
      vertex -9 0 7.5
    endloop
  endfacet
  facet normal -0.999465 -0.0327196 0
    outer loop
      vertex -9 0 7.94436
      vertex -8.98073 -0.588628 7.5
      vertex -8.98073 -0.588628 7.94436
    endloop
  endfacet
  facet normal -0.706915 -0.0231813 -0.706919
    outer loop
      vertex -16.4647 -1.07915 23
      vertex -9.76055 -0.527582 16.2778
      vertex -9.75688 -0.639499 16.2778
    endloop
  endfacet
  facet normal -0.706918 -0.0231239 -0.706917
    outer loop
      vertex -9.76055 -0.527582 16.2778
      vertex -16.4647 -1.07915 23
      vertex -16.5 0 23
    endloop
  endfacet
  facet normal -0.706918 -0.0231417 -0.706916
    outer loop
      vertex -9.76652 -0.345186 16.2778
      vertex -16.5 0 23
      vertex -9.77782 0 16.2778
    endloop
  endfacet
  facet normal -0.706918 -0.0231381 -0.706917
    outer loop
      vertex -16.5 0 23
      vertex -9.76652 -0.345186 16.2778
      vertex -9.76055 -0.527582 16.2778
    endloop
  endfacet
  facet normal -0.999465 -0.0326934 0
    outer loop
      vertex -16.4647 -1.07915 23
      vertex -16.5 0 25
      vertex -16.5 0 23
    endloop
  endfacet
  facet normal -0.999465 -0.0326934 0
    outer loop
      vertex -16.5 0 25
      vertex -16.4647 -1.07915 23
      vertex -16.4647 -1.07915 25
    endloop
  endfacet
  facet normal -0.706863 -0.0231166 -0.706972
    outer loop
      vertex -17.3627 -1.13801 0
      vertex -17.9615 -1.17726 0.599991
      vertex -18 0 0.599991
    endloop
  endfacet
  facet normal -0.706912 -0.0231701 -0.706922
    outer loop
      vertex -17.4 0 0
      vertex -17.3627 -1.13801 0
      vertex -18 0 0.599991
    endloop
  endfacet
  facet normal -0 0 1
    outer loop
      vertex -11.88 2.37599 26.2
      vertex -2.37599 -2.37599 26.2
      vertex -2.37599 2.37599 26.2
    endloop
  endfacet
  facet normal 0 0 1
    outer loop
      vertex -2.37599 -2.37599 26.2
      vertex -11.88 2.37599 26.2
      vertex -11.88 -2.37599 26.2
    endloop
  endfacet
  facet normal 0 0 1
    outer loop
      vertex -2.37599 2.37599 26.2
      vertex 2.37599 2.37599 26.2
      vertex 2.37599 11.88 26.2
    endloop
  endfacet
  facet normal 0 0 1
    outer loop
      vertex 2.37599 2.37599 26.2
      vertex -2.37599 2.37599 26.2
      vertex 2.37599 -2.37599 26.2
    endloop
  endfacet
  facet normal 0 0 1
    outer loop
      vertex -2.37599 2.37599 26.2
      vertex 2.37599 11.88 26.2
      vertex -2.37599 11.88 26.2
    endloop
  endfacet
  facet normal 0 0 1
    outer loop
      vertex -2.37599 -2.37599 26.2
      vertex 2.37599 -2.37599 26.2
      vertex -2.37599 2.37599 26.2
    endloop
  endfacet
  facet normal 0 0 1
    outer loop
      vertex 2.37599 -2.37599 26.2
      vertex -2.37599 -2.37599 26.2
      vertex 2.37599 -11.88 26.2
    endloop
  endfacet
  facet normal 0 0 1
    outer loop
      vertex 2.37599 -11.88 26.2
      vertex -2.37599 -2.37599 26.2
      vertex -2.37599 -11.88 26.2
    endloop
  endfacet
  facet normal -0 0 1
    outer loop
      vertex 2.37599 2.37599 26.2
      vertex 11.88 -2.37599 26.2
      vertex 11.88 2.37599 26.2
    endloop
  endfacet
  facet normal 0 0 1
    outer loop
      vertex 11.88 -2.37599 26.2
      vertex 2.37599 2.37599 26.2
      vertex 2.37599 -2.37599 26.2
    endloop
  endfacet
  facet normal 0 -1 0
    outer loop
      vertex 2.37599 -2.37599 25
      vertex 11.88 -2.37599 26.2
      vertex 2.37599 -2.37599 26.2
    endloop
  endfacet
  facet normal 0 -1 -0
    outer loop
      vertex 11.88 -2.37599 26.2
      vertex 2.37599 -2.37599 25
      vertex 11.88 -2.37599 25
    endloop
  endfacet
  facet normal 1 -0 0
    outer loop
      vertex 11.88 -2.37599 26.2
      vertex 11.88 2.37599 25
      vertex 11.88 2.37599 26.2
    endloop
  endfacet
  facet normal 1 0 0
    outer loop
      vertex 11.88 2.37599 25
      vertex 11.88 -2.37599 26.2
      vertex 11.88 -2.37599 25
    endloop
  endfacet
  facet normal 0 1 -0
    outer loop
      vertex 11.88 2.37599 25
      vertex 2.37599 2.37599 26.2
      vertex 11.88 2.37599 26.2
    endloop
  endfacet
  facet normal 0 1 0
    outer loop
      vertex 2.37599 2.37599 26.2
      vertex 11.88 2.37599 25
      vertex 2.37599 2.37599 25
    endloop
  endfacet
  facet normal 1 -0 0
    outer loop
      vertex 2.37599 2.37599 26.2
      vertex 2.37599 11.88 25
      vertex 2.37599 11.88 26.2
    endloop
  endfacet
  facet normal 1 0 0
    outer loop
      vertex 2.37599 11.88 25
      vertex 2.37599 2.37599 26.2
      vertex 2.37599 2.37599 25
    endloop
  endfacet
  facet normal 0 1 -0
    outer loop
      vertex 2.37599 11.88 25
      vertex -2.37599 11.88 26.2
      vertex 2.37599 11.88 26.2
    endloop
  endfacet
  facet normal 0 1 0
    outer loop
      vertex -2.37599 11.88 26.2
      vertex 2.37599 11.88 25
      vertex -2.37599 11.88 25
    endloop
  endfacet
  facet normal -1 0 0
    outer loop
      vertex -2.37599 2.37599 25
      vertex -2.37599 11.88 26.2
      vertex -2.37599 11.88 25
    endloop
  endfacet
  facet normal -1 -0 0
    outer loop
      vertex -2.37599 11.88 26.2
      vertex -2.37599 2.37599 25
      vertex -2.37599 2.37599 26.2
    endloop
  endfacet
  facet normal 0 1 -0
    outer loop
      vertex -2.37599 2.37599 25
      vertex -11.88 2.37599 26.2
      vertex -2.37599 2.37599 26.2
    endloop
  endfacet
  facet normal 0 1 0
    outer loop
      vertex -11.88 2.37599 26.2
      vertex -2.37599 2.37599 25
      vertex -11.88 2.37599 25
    endloop
  endfacet
  facet normal -1 0 0
    outer loop
      vertex -11.88 -2.37599 25
      vertex -11.88 2.37599 26.2
      vertex -11.88 2.37599 25
    endloop
  endfacet
  facet normal -1 -0 0
    outer loop
      vertex -11.88 2.37599 26.2
      vertex -11.88 -2.37599 25
      vertex -11.88 -2.37599 26.2
    endloop
  endfacet
  facet normal 0 -1 0
    outer loop
      vertex -11.88 -2.37599 25
      vertex -2.37599 -2.37599 26.2
      vertex -11.88 -2.37599 26.2
    endloop
  endfacet
  facet normal 0 -1 -0
    outer loop
      vertex -2.37599 -2.37599 26.2
      vertex -11.88 -2.37599 25
      vertex -2.37599 -2.37599 25
    endloop
  endfacet
  facet normal -1 0 0
    outer loop
      vertex -2.37599 -11.88 25
      vertex -2.37599 -2.37599 26.2
      vertex -2.37599 -2.37599 25
    endloop
  endfacet
  facet normal -1 -0 0
    outer loop
      vertex -2.37599 -2.37599 26.2
      vertex -2.37599 -11.88 25
      vertex -2.37599 -11.88 26.2
    endloop
  endfacet
  facet normal 0 -1 0
    outer loop
      vertex -2.37599 -11.88 25
      vertex 2.37599 -11.88 26.2
      vertex -2.37599 -11.88 26.2
    endloop
  endfacet
  facet normal 0 -1 -0
    outer loop
      vertex 2.37599 -11.88 26.2
      vertex -2.37599 -11.88 25
      vertex 2.37599 -11.88 25
    endloop
  endfacet
  facet normal 1 -0 0
    outer loop
      vertex 2.37599 -11.88 26.2
      vertex 2.37599 -2.37599 25
      vertex 2.37599 -2.37599 26.2
    endloop
  endfacet
  facet normal 1 0 0
    outer loop
      vertex 2.37599 -2.37599 25
      vertex 2.37599 -11.88 26.2
      vertex 2.37599 -11.88 25
    endloop
  endfacet
endsolid OpenSCAD_Model
