solid OpenSCAD_Model
  facet normal -0.999466 0.0326856 0
    outer loop
      vertex -18 -0 3
      vertex -17.9615 1.17726 3
      vertex -18 -0 0.599991
    endloop
  endfacet
  facet normal -0.999466 0.0326856 0
    outer loop
      vertex -17.9615 1.17726 3
      vertex -17.9615 1.17726 0.599991
      vertex -18 -0 0.599991
    endloop
  endfacet
  facet normal -0.447166 0.0146382 0.894331
    outer loop
      vertex -10 -0 7
      vertex -9.97859 0.654031 7
      vertex -18 -0 3
    endloop
  endfacet
  facet normal -0.447165 0.0146237 0.894332
    outer loop
      vertex -9.97859 0.654031 7
      vertex -17.9615 1.17726 3
      vertex -18 -0 3
    endloop
  endfacet
  facet normal -0.706918 0.0231304 -0.706918
    outer loop
      vertex -15 -0 12
      vertex -14.9679 0.981047 12
      vertex -10 -0 7
    endloop
  endfacet
  facet normal -0.706916 0.0231412 -0.706918
    outer loop
      vertex -14.9679 0.981047 12
      vertex -9.97859 0.654031 7
      vertex -10 -0 7
    endloop
  endfacet
  facet normal -0.999465 0.0327026 0
    outer loop
      vertex -15 -0 14
      vertex -14.9679 0.981047 14
      vertex -15 -0 12
    endloop
  endfacet
  facet normal -0.999465 0.0327026 0
    outer loop
      vertex -14.9679 0.981047 14
      vertex -14.9679 0.981047 12
      vertex -15 -0 12
    endloop
  endfacet
  facet normal 0 0 1
    outer loop
      vertex -0 -0 14
      vertex -14.9679 0.981047 14
      vertex -15 -0 14
    endloop
  endfacet
  facet normal 0 0 -1
    outer loop
      vertex -17.4 -0 0
      vertex -17.3627 1.13801 0
      vertex -0 -0 0
    endloop
  endfacet
  facet normal -0.706912 0.0231182 -0.706923
    outer loop
      vertex -18 -0 0.599991
      vertex -17.9615 1.17726 0.599991
      vertex -17.4 -0 0
    endloop
  endfacet
  facet normal -0.706861 0.0231684 -0.706973
    outer loop
      vertex -17.9615 1.17726 0.599991
      vertex -17.3627 1.13801 0
      vertex -17.4 -0 0
    endloop
  endfacet
  facet normal -0.995181 0.098057 0
    outer loop
      vertex -17.9615 1.17726 3
      vertex -17.846 2.34947 3
      vertex -17.9615 1.17726 0.599991
    endloop
  endfacet
  facet normal -0.995181 0.098057 0
    outer loop
      vertex -17.846 2.34947 3
      vertex -17.846 2.34947 0.599991
      vertex -17.9615 1.17726 0.599991
    endloop
  endfacet
  facet normal -0.445249 0.0438529 0.894332
    outer loop
      vertex -9.97859 0.654031 7
      vertex -9.91445 1.30526 7
      vertex -17.9615 1.17726 3
    endloop
  endfacet
  facet normal -0.445249 0.0438712 0.894331
    outer loop
      vertex -9.91445 1.30526 7
      vertex -17.846 2.34947 3
      vertex -17.9615 1.17726 3
    endloop
  endfacet
  facet normal -0.70389 0.0693194 -0.706919
    outer loop
      vertex -14.9679 0.981047 12
      vertex -14.8717 1.95789 12
      vertex -9.97859 0.654031 7
    endloop
  endfacet
  facet normal -0.703889 0.0693265 -0.706919
    outer loop
      vertex -14.8717 1.95789 12
      vertex -9.91445 1.30526 7
      vertex -9.97859 0.654031 7
    endloop
  endfacet
  facet normal -0.995186 0.0980064 0
    outer loop
      vertex -14.9679 0.981047 14
      vertex -14.8717 1.95789 14
      vertex -14.9679 0.981047 12
    endloop
  endfacet
  facet normal -0.995186 0.0980064 0
    outer loop
      vertex -14.8717 1.95789 14
      vertex -14.8717 1.95789 12
      vertex -14.9679 0.981047 12
    endloop
  endfacet
  facet normal 0 0 1
    outer loop
      vertex -0 -0 14
      vertex -14.8717 1.95789 14
      vertex -14.9679 0.981047 14
    endloop
  endfacet
  facet normal 0 0 -1
    outer loop
      vertex -17.3627 1.13801 0
      vertex -17.2511 2.27115 0
      vertex -0 -0 0
    endloop
  endfacet
  facet normal -0.703833 0.0693499 -0.706972
    outer loop
      vertex -17.9615 1.17726 0.599991
      vertex -17.846 2.34947 0.599991
      vertex -17.3627 1.13801 0
    endloop
  endfacet
  facet normal -0.703866 0.0693219 -0.706942
    outer loop
      vertex -17.846 2.34947 0.599991
      vertex -17.2511 2.27115 0
      vertex -17.3627 1.13801 0
    endloop
  endfacet
  facet normal -0.98664 0.162917 0
    outer loop
      vertex -17.846 2.34947 3
      vertex -17.6541 3.51163 3
      vertex -17.846 2.34947 0.599991
    endloop
  endfacet
  facet normal -0.98664 0.162917 0
    outer loop
      vertex -17.6541 3.51163 3
      vertex -17.6541 3.51163 0.599991
      vertex -17.846 2.34947 0.599991
    endloop
  endfacet
  facet normal -0.441429 0.0728833 0.894331
    outer loop
      vertex -9.91445 1.30526 7
      vertex -9.80785 1.9509 7
      vertex -17.846 2.34947 3
    endloop
  endfacet
  facet normal -0.441429 0.0728903 0.894331
    outer loop
      vertex -9.80785 1.9509 7
      vertex -17.6541 3.51163 3
      vertex -17.846 2.34947 3
    endloop
  endfacet
  facet normal -0.697847 0.11522 -0.706919
    outer loop
      vertex -14.8717 1.95789 12
      vertex -14.7118 2.92635 12
      vertex -9.91445 1.30526 7
    endloop
  endfacet
  facet normal -0.697847 0.11522 -0.706919
    outer loop
      vertex -14.7118 2.92635 12
      vertex -9.80785 1.9509 7
      vertex -9.91445 1.30526 7
    endloop
  endfacet
  facet normal -0.986642 0.162902 0
    outer loop
      vertex -14.8717 1.95789 14
      vertex -14.7118 2.92635 14
      vertex -14.8717 1.95789 12
    endloop
  endfacet
  facet normal -0.986642 0.162902 0
    outer loop
      vertex -14.7118 2.92635 14
      vertex -14.7118 2.92635 12
      vertex -14.8717 1.95789 12
    endloop
  endfacet
  facet normal 0 0 1
    outer loop
      vertex -0 -0 14
      vertex -14.7118 2.92635 14
      vertex -14.8717 1.95789 14
    endloop
  endfacet
  facet normal 0 0 -1
    outer loop
      vertex -17.2511 2.27115 0
      vertex -17.0657 3.39457 0
      vertex -0 -0 0
    endloop
  endfacet
  facet normal -0.697822 0.115227 -0.706942
    outer loop
      vertex -17.846 2.34947 0.599991
      vertex -17.6541 3.51163 0.599991
      vertex -17.2511 2.27115 0
    endloop
  endfacet
  facet normal -0.697893 0.115174 -0.706881
    outer loop
      vertex -17.6541 3.51163 0.599991
      vertex -17.0657 3.39457 0
      vertex -17.2511 2.27115 0
    endloop
  endfacet
  facet normal -0.97389 0.227021 0
    outer loop
      vertex -17.6541 3.51163 3
      vertex -17.3867 4.65874 3
      vertex -17.6541 3.51163 0.599991
    endloop
  endfacet
  facet normal -0.97389 0.227021 0
    outer loop
      vertex -17.3867 4.65874 3
      vertex -17.3867 4.65874 0.599991
      vertex -17.6541 3.51163 0.599991
    endloop
  endfacet
  facet normal -0.43572 0.101592 0.894331
    outer loop
      vertex -9.80785 1.9509 7
      vertex -9.65926 2.58819 7
      vertex -17.6541 3.51163 3
    endloop
  endfacet
  facet normal -0.435723 0.10157 0.894332
    outer loop
      vertex -9.65926 2.58819 7
      vertex -17.3867 4.65874 3
      vertex -17.6541 3.51163 3
    endloop
  endfacet
  facet normal -0.688817 0.160614 -0.706919
    outer loop
      vertex -14.7118 2.92635 12
      vertex -14.4889 3.88229 12
      vertex -9.80785 1.9509 7
    endloop
  endfacet
  facet normal -0.68882 0.160605 -0.706918
    outer loop
      vertex -14.4889 3.88229 12
      vertex -9.65926 2.58819 7
      vertex -9.80785 1.9509 7
    endloop
  endfacet
  facet normal -0.973876 0.227082 0
    outer loop
      vertex -14.7118 2.92635 14
      vertex -14.4889 3.88229 14
      vertex -14.7118 2.92635 12
    endloop
  endfacet
  facet normal -0.973876 0.227082 0
    outer loop
      vertex -14.4889 3.88229 14
      vertex -14.4889 3.88229 12
      vertex -14.7118 2.92635 12
    endloop
  endfacet
  facet normal 0 0 1
    outer loop
      vertex -0 -0 14
      vertex -14.4889 3.88229 14
      vertex -14.7118 2.92635 14
    endloop
  endfacet
  facet normal 0 0 -1
    outer loop
      vertex -17.0657 3.39457 0
      vertex -16.8071 4.50345 0
      vertex -0 -0 0
    endloop
  endfacet
  facet normal -0.688862 0.160579 -0.706883
    outer loop
      vertex -17.6541 3.51163 0.599991
      vertex -17.3867 4.65874 0.599991
      vertex -17.0657 3.39457 0
    endloop
  endfacet
  facet normal -0.688783 0.16063 -0.706949
    outer loop
      vertex -17.3867 4.65874 0.599991
      vertex -16.8071 4.50345 0
      vertex -17.0657 3.39457 0
    endloop
  endfacet
  facet normal -0.956922 0.290344 0
    outer loop
      vertex -17.3867 4.65874 3
      vertex -17.0447 5.78591 3
      vertex -17.3867 4.65874 0.599991
    endloop
  endfacet
  facet normal -0.956922 0.290344 0
    outer loop
      vertex -17.0447 5.78591 3
      vertex -17.0447 5.78591 0.599991
      vertex -17.3867 4.65874 0.599991
    endloop
  endfacet
  facet normal -0.428138 0.129877 0.894332
    outer loop
      vertex -9.65926 2.58819 7
      vertex -9.4693 3.21439 7
      vertex -17.3867 4.65874 3
    endloop
  endfacet
  facet normal -0.428133 0.129902 0.894331
    outer loop
      vertex -9.4693 3.21439 7
      vertex -17.0447 5.78591 3
      vertex -17.3867 4.65874 3
    endloop
  endfacet
  facet normal -0.676846 0.205295 -0.706919
    outer loop
      vertex -14.4889 3.88229 12
      vertex -14.204 4.82159 12
      vertex -9.65926 2.58819 7
    endloop
  endfacet
  facet normal -0.676836 0.20532 -0.706921
    outer loop
      vertex -14.204 4.82159 12
      vertex -9.4693 3.21439 7
      vertex -9.65926 2.58819 7
    endloop
  endfacet
  facet normal -0.95695 0.290253 0
    outer loop
      vertex -14.4889 3.88229 14
      vertex -14.204 4.82159 14
      vertex -14.4889 3.88229 12
    endloop
  endfacet
  facet normal -0.95695 0.290253 0
    outer loop
      vertex -14.204 4.82159 14
      vertex -14.204 4.82159 12
      vertex -14.4889 3.88229 12
    endloop
  endfacet
  facet normal 0 0 1
    outer loop
      vertex -0 -0 14
      vertex -14.204 4.82159 14
      vertex -14.4889 3.88229 14
    endloop
  endfacet
  facet normal 0 0 -1
    outer loop
      vertex -16.8071 4.50345 0
      vertex -16.4766 5.59304 0
      vertex -0 -0 0
    endloop
  endfacet
  facet normal -0.676799 0.205351 -0.706947
    outer loop
      vertex -17.3867 4.65874 0.599991
      vertex -17.0447 5.78591 0.599991
      vertex -16.8071 4.50345 0
    endloop
  endfacet
  facet normal -0.67687 0.205312 -0.706891
    outer loop
      vertex -17.0447 5.78591 0.599991
      vertex -16.4766 5.59304 0
      vertex -16.8071 4.50345 0
    endloop
  endfacet
  facet normal -0.935909 0.352242 0
    outer loop
      vertex -17.0447 5.78591 3
      vertex -16.6298 6.8883 3
      vertex -17.0447 5.78591 0.599991
    endloop
  endfacet
  facet normal -0.935909 0.352242 0
    outer loop
      vertex -16.6298 6.8883 3
      vertex -16.6298 6.8883 0.599991
      vertex -17.0447 5.78591 0.599991
    endloop
  endfacet
  facet normal -0.418732 0.157595 0.894331
    outer loop
      vertex -9.4693 3.21439 7
      vertex -9.2388 3.82683 7
      vertex -17.0447 5.78591 3
    endloop
  endfacet
  facet normal -0.418732 0.157596 0.894331
    outer loop
      vertex -9.2388 3.82683 7
      vertex -16.6298 6.8883 3
      vertex -17.0447 5.78591 3
    endloop
  endfacet
  facet normal -0.66195 0.24917 -0.70692
    outer loop
      vertex -14.204 4.82159 12
      vertex -13.8582 5.74025 12
      vertex -9.4693 3.21439 7
    endloop
  endfacet
  facet normal -0.661965 0.249139 -0.706918
    outer loop
      vertex -13.8582 5.74025 12
      vertex -9.2388 3.82683 7
      vertex -9.4693 3.21439 7
    endloop
  endfacet
  facet normal -0.935892 0.352287 0
    outer loop
      vertex -14.204 4.82159 14
      vertex -13.8582 5.74025 14
      vertex -14.204 4.82159 12
    endloop
  endfacet
  facet normal -0.935892 0.352287 0
    outer loop
      vertex -13.8582 5.74025 14
      vertex -13.8582 5.74025 12
      vertex -14.204 4.82159 12
    endloop
  endfacet
  facet normal 0 0 1
    outer loop
      vertex -0 -0 14
      vertex -13.8582 5.74025 14
      vertex -14.204 4.82159 14
    endloop
  endfacet
  facet normal 0 0 -1
    outer loop
      vertex -16.4766 5.59304 0
      vertex -16.0755 6.65869 0
      vertex -0 -0 0
    endloop
  endfacet
  facet normal -0.661988 0.249149 -0.706892
    outer loop
      vertex -17.0447 5.78591 0.599991
      vertex -16.6298 6.8883 0.599991
      vertex -16.4766 5.59304 0
    endloop
  endfacet
  facet normal -0.661968 0.249158 -0.706908
    outer loop
      vertex -16.6298 6.8883 0.599991
      vertex -16.0755 6.65869 0
      vertex -16.4766 5.59304 0
    endloop
  endfacet
  facet normal -0.910872 0.41269 0
    outer loop
      vertex -16.6298 6.8883 3
      vertex -16.1437 7.9612 3
      vertex -16.6298 6.8883 0.599991
    endloop
  endfacet
  facet normal -0.910872 0.41269 0
    outer loop
      vertex -16.1437 7.9612 3
      vertex -16.1437 7.9612 0.599991
      vertex -16.6298 6.8883 0.599991
    endloop
  endfacet
  facet normal -0.407527 0.184647 0.894331
    outer loop
      vertex -9.2388 3.82683 7
      vertex -8.96873 4.42289 7
      vertex -16.6298 6.8883 3
    endloop
  endfacet
  facet normal -0.407529 0.18464 0.894331
    outer loop
      vertex -8.96873 4.42289 7
      vertex -16.1437 7.9612 3
      vertex -16.6298 6.8883 3
    endloop
  endfacet
  facet normal -0.644251 0.291905 -0.706918
    outer loop
      vertex -13.8582 5.74025 12
      vertex -13.4531 6.63433 12
      vertex -9.2388 3.82683 7
    endloop
  endfacet
  facet normal -0.644251 0.291905 -0.706918
    outer loop
      vertex -13.4531 6.63433 12
      vertex -8.96873 4.42289 7
      vertex -9.2388 3.82683 7
    endloop
  endfacet
  facet normal -0.910865 0.412705 0
    outer loop
      vertex -13.8582 5.74025 14
      vertex -13.4531 6.63433 14
      vertex -13.8582 5.74025 12
    endloop
  endfacet
  facet normal -0.910865 0.412705 0
    outer loop
      vertex -13.4531 6.63433 14
      vertex -13.4531 6.63433 12
      vertex -13.8582 5.74025 12
    endloop
  endfacet
  facet normal 0 0 1
    outer loop
      vertex -0 -0 14
      vertex -13.4531 6.63433 14
      vertex -13.8582 5.74025 14
    endloop
  endfacet
  facet normal 0 0 -1
    outer loop
      vertex -16.0755 6.65869 0
      vertex -15.6056 7.69582 0
      vertex -0 -0 0
    endloop
  endfacet
  facet normal -0.644265 0.291898 -0.706908
    outer loop
      vertex -16.6298 6.8883 0.599991
      vertex -16.1437 7.9612 0.599991
      vertex -16.0755 6.65869 0
    endloop
  endfacet
  facet normal -0.64426 0.291899 -0.706912
    outer loop
      vertex -16.1437 7.9612 0.599991
      vertex -15.6056 7.69582 0
      vertex -16.0755 6.65869 0
    endloop
  endfacet
  facet normal -0.881939 0.471364 0
    outer loop
      vertex -16.1437 7.9612 3
      vertex -15.5885 9 3
      vertex -16.1437 7.9612 0.599991
    endloop
  endfacet
  facet normal -0.881939 0.471364 0
    outer loop
      vertex -15.5885 9 3
      vertex -15.5885 9 0.599991
      vertex -16.1437 7.9612 0.599991
    endloop
  endfacet
  facet normal -0.394574 0.21091 0.894331
    outer loop
      vertex -8.96873 4.42289 7
      vertex -8.66025 5 7
      vertex -16.1437 7.9612 3
    endloop
  endfacet
  facet normal -0.394583 0.21089 0.894332
    outer loop
      vertex -8.66025 5 7
      vertex -15.5885 9 3
      vertex -16.1437 7.9612 3
    endloop
  endfacet
  facet normal -0.623782 0.333411 -0.706918
    outer loop
      vertex -13.4531 6.63433 12
      vertex -12.9904 7.5 12
      vertex -8.96873 4.42289 7
    endloop
  endfacet
  facet normal -0.623774 0.333423 -0.706919
    outer loop
      vertex -12.9904 7.5 12
      vertex -8.66025 5 7
      vertex -8.96873 4.42289 7
    endloop
  endfacet
  facet normal -0.881926 0.471389 0
    outer loop
      vertex -13.4531 6.63433 14
      vertex -12.9904 7.5 14
      vertex -13.4531 6.63433 12
    endloop
  endfacet
  facet normal -0.881926 0.471389 0
    outer loop
      vertex -12.9904 7.5 14
      vertex -12.9904 7.5 12
      vertex -13.4531 6.63433 12
    endloop
  endfacet
  facet normal 0 0 1
    outer loop
      vertex -0 -0 14
      vertex -12.9904 7.5 14
      vertex -13.4531 6.63433 14
    endloop
  endfacet
  facet normal 0 0 -1
    outer loop
      vertex -15.6056 7.69582 0
      vertex -15.0688 8.7 0
      vertex -0 -0 0
    endloop
  endfacet
  facet normal -0.623796 0.333396 -0.706913
    outer loop
      vertex -16.1437 7.9612 0.599991
      vertex -15.5885 9 0.599991
      vertex -15.6056 7.69582 0
    endloop
  endfacet
  facet normal -0.623721 0.33342 -0.706967
    outer loop
      vertex -15.5885 9 0.599991
      vertex -15.0688 8.7 0
      vertex -15.6056 7.69582 0
    endloop
  endfacet
  facet normal -0.849212 0.528052 0
    outer loop
      vertex -15.5885 9 3
      vertex -14.9665 10.0003 3
      vertex -15.5885 9 0.599991
    endloop
  endfacet
  facet normal -0.849212 0.528052 0
    outer loop
      vertex -14.9665 10.0003 3
      vertex -14.9665 10.0003 0.599991
      vertex -15.5885 9 0.599991
    endloop
  endfacet
  facet normal -0.379938 0.236256 0.894332
    outer loop
      vertex -8.66025 5 7
      vertex -8.3147 5.5557 7
      vertex -15.5885 9 3
    endloop
  endfacet
  facet normal -0.37994 0.236252 0.894333
    outer loop
      vertex -8.3147 5.5557 7
      vertex -14.9665 10.0003 3
      vertex -15.5885 9 3
    endloop
  endfacet
  facet normal -0.600616 0.373534 -0.706918
    outer loop
      vertex -12.9904 7.5 12
      vertex -12.472 8.33355 12
      vertex -8.66025 5 7
    endloop
  endfacet
  facet normal -0.600643 0.373497 -0.706914
    outer loop
      vertex -12.472 8.33355 12
      vertex -8.3147 5.5557 7
      vertex -8.66025 5 7
    endloop
  endfacet
  facet normal -0.849172 0.528116 0
    outer loop
      vertex -12.9904 7.5 14
      vertex -12.472 8.33355 14
      vertex -12.9904 7.5 12
    endloop
  endfacet
  facet normal -0.849172 0.528116 0
    outer loop
      vertex -12.472 8.33355 14
      vertex -12.472 8.33355 12
      vertex -12.9904 7.5 12
    endloop
  endfacet
  facet normal 0 0 1
    outer loop
      vertex -0 -0 14
      vertex -12.472 8.33355 14
      vertex -12.9904 7.5 14
    endloop
  endfacet
  facet normal 0 0 -1
    outer loop
      vertex -15.0688 8.7 0
      vertex -14.4676 9.66692 0
      vertex -0 -0 0
    endloop
  endfacet
  facet normal -0.600604 0.373464 -0.706965
    outer loop
      vertex -15.5885 9 0.599991
      vertex -14.9665 10.0003 0.599991
      vertex -15.0688 8.7 0
    endloop
  endfacet
  facet normal -0.600635 0.373456 -0.706943
    outer loop
      vertex -14.9665 10.0003 0.599991
      vertex -14.4676 9.66692 0
      vertex -15.0688 8.7 0
    endloop
  endfacet
  facet normal -0.812832 0.582498 0
    outer loop
      vertex -14.9665 10.0003 3
      vertex -14.2804 10.9577 3
      vertex -14.9665 10.0003 0.599991
    endloop
  endfacet
  facet normal -0.812832 0.582498 0
    outer loop
      vertex -14.2804 10.9577 3
      vertex -14.2804 10.9577 0.599991
      vertex -14.9665 10.0003 0.599991
    endloop
  endfacet
  facet normal -0.363667 0.260606 0.894333
    outer loop
      vertex -8.3147 5.5557 7
      vertex -7.93353 6.08761 7
      vertex -14.9665 10.0003 3
    endloop
  endfacet
  facet normal -0.363664 0.260612 0.894332
    outer loop
      vertex -7.93353 6.08761 7
      vertex -14.2804 10.9577 3
      vertex -14.9665 10.0003 3
    endloop
  endfacet
  facet normal -0.574941 0.411964 -0.706915
    outer loop
      vertex -12.472 8.33355 12
      vertex -11.9003 9.13142 12
      vertex -8.3147 5.5557 7
    endloop
  endfacet
  facet normal -0.574918 0.41199 -0.706918
    outer loop
      vertex -11.9003 9.13142 12
      vertex -7.93353 6.08761 7
      vertex -8.3147 5.5557 7
    endloop
  endfacet
  facet normal -0.812869 0.582447 0
    outer loop
      vertex -12.472 8.33355 14
      vertex -11.9003 9.13142 14
      vertex -12.472 8.33355 12
    endloop
  endfacet
  facet normal -0.812869 0.582447 0
    outer loop
      vertex -11.9003 9.13142 14
      vertex -11.9003 9.13142 12
      vertex -12.472 8.33355 12
    endloop
  endfacet
  facet normal 0 0 1
    outer loop
      vertex -0 -0 14
      vertex -11.9003 9.13142 14
      vertex -12.472 8.33355 14
    endloop
  endfacet
  facet normal 0 0 -1
    outer loop
      vertex -14.4676 9.66692 0
      vertex -13.8043 10.5924 0
      vertex -0 -0 0
    endloop
  endfacet
  facet normal -0.574891 0.411983 -0.706944
    outer loop
      vertex -14.9665 10.0003 0.599991
      vertex -14.2804 10.9577 0.599991
      vertex -14.4676 9.66692 0
    endloop
  endfacet
  facet normal -0.574839 0.411993 -0.706981
    outer loop
      vertex -14.2804 10.9577 0.599991
      vertex -13.8043 10.5924 0
      vertex -14.4676 9.66692 0
    endloop
  endfacet
  facet normal -0.77298 0.63443 0
    outer loop
      vertex -14.2804 10.9577 3
      vertex -13.5331 11.8682 3
      vertex -14.2804 10.9577 0.599991
    endloop
  endfacet
  facet normal -0.77298 0.63443 0
    outer loop
      vertex -13.5331 11.8682 3
      vertex -13.5331 11.8682 0.599991
      vertex -14.2804 10.9577 0.599991
    endloop
  endfacet
  facet normal -0.345851 0.283826 0.894332
    outer loop
      vertex -7.93353 6.08761 7
      vertex -7.5184 6.59346 7
      vertex -14.2804 10.9577 3
    endloop
  endfacet
  facet normal -0.345836 0.283848 0.894331
    outer loop
      vertex -7.5184 6.59346 7
      vertex -13.5331 11.8682 3
      vertex -14.2804 10.9577 3
    endloop
  endfacet
  facet normal -0.546749 0.448701 -0.706918
    outer loop
      vertex -11.9003 9.13142 12
      vertex -11.2776 9.89019 12
      vertex -7.93353 6.08761 7
    endloop
  endfacet
  facet normal -0.546753 0.448697 -0.706917
    outer loop
      vertex -11.2776 9.89019 12
      vertex -7.5184 6.59346 7
      vertex -7.93353 6.08761 7
    endloop
  endfacet
  facet normal -0.773014 0.634389 0
    outer loop
      vertex -11.9003 9.13142 14
      vertex -11.2776 9.89019 14
      vertex -11.9003 9.13142 12
    endloop
  endfacet
  facet normal -0.773014 0.634389 0
    outer loop
      vertex -11.2776 9.89019 14
      vertex -11.2776 9.89019 12
      vertex -11.9003 9.13142 12
    endloop
  endfacet
  facet normal 0 0 1
    outer loop
      vertex -0 -0 14
      vertex -11.2776 9.89019 14
      vertex -11.9003 9.13142 14
    endloop
  endfacet
  facet normal 0 0 -1
    outer loop
      vertex -13.8043 10.5924 0
      vertex -13.082 11.4726 0
      vertex -0 -0 0
    endloop
  endfacet
  facet normal -0.546679 0.448691 -0.706978
    outer loop
      vertex -14.2804 10.9577 0.599991
      vertex -13.5331 11.8682 0.599991
      vertex -13.8043 10.5924 0
    endloop
  endfacet
  facet normal -0.546766 0.448681 -0.706918
    outer loop
      vertex -13.5331 11.8682 0.599991
      vertex -13.082 11.4726 0
      vertex -13.8043 10.5924 0
    endloop
  endfacet
  facet normal -0.729863 0.683594 0
    outer loop
      vertex -13.5331 11.8682 3
      vertex -12.7279 12.7279 3
      vertex -13.5331 11.8682 0.599991
    endloop
  endfacet
  facet normal -0.729863 0.683594 0
    outer loop
      vertex -12.7279 12.7279 3
      vertex -12.7279 12.7279 0.599991
      vertex -13.5331 11.8682 0.599991
    endloop
  endfacet
  facet normal -0.326546 0.305844 0.894331
    outer loop
      vertex -7.5184 6.59346 7
      vertex -7.07107 7.07107 7
      vertex -13.5331 11.8682 3
    endloop
  endfacet
  facet normal -0.326546 0.305844 0.894331
    outer loop
      vertex -7.07107 7.07107 7
      vertex -12.7279 12.7279 3
      vertex -13.5331 11.8682 3
    endloop
  endfacet
  facet normal -0.516227 0.483506 -0.706917
    outer loop
      vertex -11.2776 9.89019 12
      vertex -10.6066 10.6066 12
      vertex -7.5184 6.59346 7
    endloop
  endfacet
  facet normal -0.516231 0.483502 -0.706917
    outer loop
      vertex -10.6066 10.6066 12
      vertex -7.07107 7.07107 7
      vertex -7.5184 6.59346 7
    endloop
  endfacet
  facet normal -0.72986 0.683597 0
    outer loop
      vertex -11.2776 9.89019 14
      vertex -10.6066 10.6066 14
      vertex -11.2776 9.89019 12
    endloop
  endfacet
  facet normal -0.72986 0.683597 0
    outer loop
      vertex -10.6066 10.6066 14
      vertex -10.6066 10.6066 12
      vertex -11.2776 9.89019 12
    endloop
  endfacet
  facet normal 0 0 1
    outer loop
      vertex -0 -0 14
      vertex -10.6066 10.6066 14
      vertex -11.2776 9.89019 14
    endloop
  endfacet
  facet normal 0 0 -1
    outer loop
      vertex -13.082 11.4726 0
      vertex -12.3037 12.3037 0
      vertex -0 -0 0
    endloop
  endfacet
  facet normal -0.516229 0.483503 -0.706918
    outer loop
      vertex -13.5331 11.8682 0.599991
      vertex -12.7279 12.7279 0.599991
      vertex -13.082 11.4726 0
    endloop
  endfacet
  facet normal -0.5163 0.483499 -0.706868
    outer loop
      vertex -12.7279 12.7279 0.599991
      vertex -12.3037 12.3037 0
      vertex -13.082 11.4726 0
    endloop
  endfacet
  facet normal -0.683594 0.729863 0
    outer loop
      vertex -12.7279 12.7279 3
      vertex -11.8682 13.5331 3
      vertex -12.7279 12.7279 0.599991
    endloop
  endfacet
  facet normal -0.683594 0.729863 0
    outer loop
      vertex -11.8682 13.5331 3
      vertex -11.8682 13.5331 0.599991
      vertex -12.7279 12.7279 0.599991
    endloop
  endfacet
  facet normal -0.305844 0.326546 0.894331
    outer loop
      vertex -7.07107 7.07107 7
      vertex -6.59346 7.5184 7
      vertex -12.7279 12.7279 3
    endloop
  endfacet
  facet normal -0.305844 0.326545 0.894331
    outer loop
      vertex -6.59346 7.5184 7
      vertex -11.8682 13.5331 3
      vertex -12.7279 12.7279 3
    endloop
  endfacet
  facet normal -0.483506 0.516227 -0.706917
    outer loop
      vertex -10.6066 10.6066 12
      vertex -9.89019 11.2776 12
      vertex -7.07107 7.07107 7
    endloop
  endfacet
  facet normal -0.483502 0.51623 -0.706918
    outer loop
      vertex -9.89019 11.2776 12
      vertex -6.59346 7.5184 7
      vertex -7.07107 7.07107 7
    endloop
  endfacet
  facet normal -0.683597 0.72986 0
    outer loop
      vertex -10.6066 10.6066 14
      vertex -9.89019 11.2776 14
      vertex -10.6066 10.6066 12
    endloop
  endfacet
  facet normal -0.683597 0.72986 0
    outer loop
      vertex -9.89019 11.2776 14
      vertex -9.89019 11.2776 12
      vertex -10.6066 10.6066 12
    endloop
  endfacet
  facet normal 0 0 1
    outer loop
      vertex -0 -0 14
      vertex -9.89019 11.2776 14
      vertex -10.6066 10.6066 14
    endloop
  endfacet
  facet normal 0 0 -1
    outer loop
      vertex -12.3037 12.3037 0
      vertex -11.4726 13.082 0
      vertex -0 -0 0
    endloop
  endfacet
  facet normal -0.483536 0.516264 -0.706869
    outer loop
      vertex -12.7279 12.7279 0.599991
      vertex -11.8682 13.5331 0.599991
      vertex -12.3037 12.3037 0
    endloop
  endfacet
  facet normal -0.483465 0.516263 -0.706919
    outer loop
      vertex -11.8682 13.5331 0.599991
      vertex -11.4726 13.082 0
      vertex -12.3037 12.3037 0
    endloop
  endfacet
  facet normal -0.63443 0.77298 0
    outer loop
      vertex -11.8682 13.5331 3
      vertex -10.9577 14.2804 3
      vertex -11.8682 13.5331 0.599991
    endloop
  endfacet
  facet normal -0.63443 0.77298 0
    outer loop
      vertex -10.9577 14.2804 3
      vertex -10.9577 14.2804 0.599991
      vertex -11.8682 13.5331 0.599991
    endloop
  endfacet
  facet normal -0.283828 0.345854 0.894331
    outer loop
      vertex -6.59346 7.5184 7
      vertex -6.08761 7.93353 7
      vertex -11.8682 13.5331 3
    endloop
  endfacet
  facet normal -0.283847 0.345835 0.894332
    outer loop
      vertex -6.08761 7.93353 7
      vertex -10.9577 14.2804 3
      vertex -11.8682 13.5331 3
    endloop
  endfacet
  facet normal -0.448701 0.54675 -0.706917
    outer loop
      vertex -9.89019 11.2776 12
      vertex -9.13142 11.9003 12
      vertex -6.59346 7.5184 7
    endloop
  endfacet
  facet normal -0.448697 0.546752 -0.706918
    outer loop
      vertex -9.13142 11.9003 12
      vertex -6.08761 7.93353 7
      vertex -6.59346 7.5184 7
    endloop
  endfacet
  facet normal -0.634389 0.773014 0
    outer loop
      vertex -9.89019 11.2776 14
      vertex -9.13142 11.9003 14
      vertex -9.89019 11.2776 12
    endloop
  endfacet
  facet normal -0.634389 0.773014 0
    outer loop
      vertex -9.13142 11.9003 14
      vertex -9.13142 11.9003 12
      vertex -9.89019 11.2776 12
    endloop
  endfacet
  facet normal 0 0 1
    outer loop
      vertex -0 -0 14
      vertex -9.13142 11.9003 14
      vertex -9.89019 11.2776 14
    endloop
  endfacet
  facet normal 0 0 -1
    outer loop
      vertex -11.4726 13.082 0
      vertex -10.5924 13.8043 0
      vertex -0 -0 0
    endloop
  endfacet
  facet normal -0.448729 0.546725 -0.706919
    outer loop
      vertex -11.8682 13.5331 0.599991
      vertex -10.9577 14.2804 0.599991
      vertex -11.4726 13.082 0
    endloop
  endfacet
  facet normal -0.448642 0.546718 -0.706979
    outer loop
      vertex -10.9577 14.2804 0.599991
      vertex -10.5924 13.8043 0
      vertex -11.4726 13.082 0
    endloop
  endfacet
  facet normal -0.582498 0.812832 0
    outer loop
      vertex -10.9577 14.2804 3
      vertex -10.0003 14.9665 3
      vertex -10.9577 14.2804 0.599991
    endloop
  endfacet
  facet normal -0.582498 0.812832 0
    outer loop
      vertex -10.0003 14.9665 3
      vertex -10.0003 14.9665 0.599991
      vertex -10.9577 14.2804 0.599991
    endloop
  endfacet
  facet normal -0.260607 0.363668 0.894332
    outer loop
      vertex -6.08761 7.93353 7
      vertex -5.5557 8.3147 7
      vertex -10.9577 14.2804 3
    endloop
  endfacet
  facet normal -0.260611 0.363663 0.894332
    outer loop
      vertex -5.5557 8.3147 7
      vertex -10.0003 14.9665 3
      vertex -10.9577 14.2804 3
    endloop
  endfacet
  facet normal -0.411963 0.574939 -0.706917
    outer loop
      vertex -9.13142 11.9003 12
      vertex -8.33355 12.472 12
      vertex -6.08761 7.93353 7
    endloop
  endfacet
  facet normal -0.411992 0.574921 -0.706914
    outer loop
      vertex -8.33355 12.472 12
      vertex -5.5557 8.3147 7
      vertex -6.08761 7.93353 7
    endloop
  endfacet
  facet normal -0.582447 0.812869 0
    outer loop
      vertex -9.13142 11.9003 14
      vertex -8.33355 12.472 14
      vertex -9.13142 11.9003 12
    endloop
  endfacet
  facet normal -0.582447 0.812869 0
    outer loop
      vertex -8.33355 12.472 14
      vertex -8.33355 12.472 12
      vertex -9.13142 11.9003 12
    endloop
  endfacet
  facet normal 0 0 1
    outer loop
      vertex -0 -0 14
      vertex -8.33355 12.472 14
      vertex -9.13142 11.9003 14
    endloop
  endfacet
  facet normal 0 0 -1
    outer loop
      vertex -10.5924 13.8043 0
      vertex -9.66692 14.4676 0
      vertex -0 -0 0
    endloop
  endfacet
  facet normal -0.411962 0.574862 -0.70698
    outer loop
      vertex -10.9577 14.2804 0.599991
      vertex -10.0003 14.9665 0.599991
      vertex -10.5924 13.8043 0
    endloop
  endfacet
  facet normal -0.412014 0.57487 -0.706944
    outer loop
      vertex -10.0003 14.9665 0.599991
      vertex -9.66692 14.4676 0
      vertex -10.5924 13.8043 0
    endloop
  endfacet
  facet normal -0.528052 0.849212 0
    outer loop
      vertex -10.0003 14.9665 3
      vertex -9 15.5885 3
      vertex -10.0003 14.9665 0.599991
    endloop
  endfacet
  facet normal -0.528052 0.849212 0
    outer loop
      vertex -9 15.5885 3
      vertex -9 15.5885 0.599991
      vertex -10.0003 14.9665 0.599991
    endloop
  endfacet
  facet normal -0.236256 0.379937 0.894333
    outer loop
      vertex -5.5557 8.3147 7
      vertex -5 8.66025 7
      vertex -10.0003 14.9665 3
    endloop
  endfacet
  facet normal -0.236252 0.37994 0.894332
    outer loop
      vertex -5 8.66025 7
      vertex -9 15.5885 3
      vertex -10.0003 14.9665 3
    endloop
  endfacet
  facet normal -0.373535 0.600618 -0.706915
    outer loop
      vertex -8.33355 12.472 12
      vertex -7.5 12.9904 12
      vertex -5.5557 8.3147 7
    endloop
  endfacet
  facet normal -0.373495 0.600639 -0.706919
    outer loop
      vertex -7.5 12.9904 12
      vertex -5 8.66025 7
      vertex -5.5557 8.3147 7
    endloop
  endfacet
  facet normal -0.528116 0.849172 0
    outer loop
      vertex -8.33355 12.472 14
      vertex -7.5 12.9904 14
      vertex -8.33355 12.472 12
    endloop
  endfacet
  facet normal -0.528116 0.849172 0
    outer loop
      vertex -7.5 12.9904 14
      vertex -7.5 12.9904 12
      vertex -8.33355 12.472 12
    endloop
  endfacet
  facet normal 0 0 1
    outer loop
      vertex -0 -0 14
      vertex -7.5 12.9904 14
      vertex -8.33355 12.472 14
    endloop
  endfacet
  facet normal 0 0 -1
    outer loop
      vertex -9.66692 14.4676 0
      vertex -8.7 15.0688 0
      vertex -0 -0 0
    endloop
  endfacet
  facet normal -0.373475 0.600622 -0.706943
    outer loop
      vertex -10.0003 14.9665 0.599991
      vertex -9 15.5885 0.599991
      vertex -9.66692 14.4676 0
    endloop
  endfacet
  facet normal -0.373444 0.600616 -0.706966
    outer loop
      vertex -9 15.5885 0.599991
      vertex -8.7 15.0688 0
      vertex -9.66692 14.4676 0
    endloop
  endfacet
  facet normal -0.471364 0.881939 0
    outer loop
      vertex -9 15.5885 3
      vertex -7.9612 16.1437 3
      vertex -9 15.5885 0.599991
    endloop
  endfacet
  facet normal -0.471364 0.881939 0
    outer loop
      vertex -7.9612 16.1437 3
      vertex -7.9612 16.1437 0.599991
      vertex -9 15.5885 0.599991
    endloop
  endfacet
  facet normal -0.210909 0.394572 0.894332
    outer loop
      vertex -5 8.66025 7
      vertex -4.42289 8.96873 7
      vertex -9 15.5885 3
    endloop
  endfacet
  facet normal -0.210891 0.394584 0.894331
    outer loop
      vertex -4.42289 8.96873 7
      vertex -7.9612 16.1437 3
      vertex -9 15.5885 3
    endloop
  endfacet
  facet normal -0.333411 0.623781 -0.706919
    outer loop
      vertex -7.5 12.9904 12
      vertex -6.63433 13.4531 12
      vertex -5 8.66025 7
    endloop
  endfacet
  facet normal -0.333424 0.623776 -0.706918
    outer loop
      vertex -6.63433 13.4531 12
      vertex -4.42289 8.96873 7
      vertex -5 8.66025 7
    endloop
  endfacet
  facet normal -0.471389 0.881926 0
    outer loop
      vertex -7.5 12.9904 14
      vertex -6.63433 13.4531 14
      vertex -7.5 12.9904 12
    endloop
  endfacet
  facet normal -0.471389 0.881926 0
    outer loop
      vertex -6.63433 13.4531 14
      vertex -6.63433 13.4531 12
      vertex -7.5 12.9904 12
    endloop
  endfacet
  facet normal 0 0 1
    outer loop
      vertex -0 -0 14
      vertex -6.63433 13.4531 14
      vertex -7.5 12.9904 14
    endloop
  endfacet
  facet normal 0 0 -1
    outer loop
      vertex -8.7 15.0688 0
      vertex -7.69582 15.6056 0
      vertex -0 -0 0
    endloop
  endfacet
  facet normal -0.333371 0.623749 -0.706966
    outer loop
      vertex -9 15.5885 0.599991
      vertex -7.9612 16.1437 0.599991
      vertex -8.7 15.0688 0
    endloop
  endfacet
  facet normal -0.333446 0.62377 -0.706912
    outer loop
      vertex -7.9612 16.1437 0.599991
      vertex -7.69582 15.6056 0
      vertex -8.7 15.0688 0
    endloop
  endfacet
  facet normal -0.41269 0.910872 0
    outer loop
      vertex -7.9612 16.1437 3
      vertex -6.8883 16.6298 3
      vertex -7.9612 16.1437 0.599991
    endloop
  endfacet
  facet normal -0.41269 0.910872 0
    outer loop
      vertex -6.8883 16.6298 3
      vertex -6.8883 16.6298 0.599991
      vertex -7.9612 16.1437 0.599991
    endloop
  endfacet
  facet normal -0.184647 0.407526 0.894331
    outer loop
      vertex -4.42289 8.96873 7
      vertex -3.82683 9.2388 7
      vertex -7.9612 16.1437 3
    endloop
  endfacet
  facet normal -0.18464 0.40753 0.894331
    outer loop
      vertex -3.82683 9.2388 7
      vertex -6.8883 16.6298 3
      vertex -7.9612 16.1437 3
    endloop
  endfacet
  facet normal -0.291905 0.644251 -0.706918
    outer loop
      vertex -6.63433 13.4531 12
      vertex -5.74025 13.8582 12
      vertex -4.42289 8.96873 7
    endloop
  endfacet
  facet normal -0.291905 0.644251 -0.706918
    outer loop
      vertex -5.74025 13.8582 12
      vertex -3.82683 9.2388 7
      vertex -4.42289 8.96873 7
    endloop
  endfacet
  facet normal -0.412705 0.910865 0
    outer loop
      vertex -6.63433 13.4531 14
      vertex -5.74025 13.8582 14
      vertex -6.63433 13.4531 12
    endloop
  endfacet
  facet normal -0.412705 0.910865 0
    outer loop
      vertex -5.74025 13.8582 14
      vertex -5.74025 13.8582 12
      vertex -6.63433 13.4531 12
    endloop
  endfacet
  facet normal 0 0 1
    outer loop
      vertex -0 -0 14
      vertex -5.74025 13.8582 14
      vertex -6.63433 13.4531 14
    endloop
  endfacet
  facet normal 0 0 -1
    outer loop
      vertex -7.69582 15.6056 0
      vertex -6.65869 16.0755 0
      vertex -0 -0 0
    endloop
  endfacet
  facet normal -0.291896 0.644261 -0.706911
    outer loop
      vertex -7.9612 16.1437 0.599991
      vertex -6.8883 16.6298 0.599991
      vertex -7.69582 15.6056 0
    endloop
  endfacet
  facet normal -0.291901 0.644263 -0.706908
    outer loop
      vertex -6.8883 16.6298 0.599991
      vertex -6.65869 16.0755 0
      vertex -7.69582 15.6056 0
    endloop
  endfacet
  facet normal -0.352242 0.935909 0
    outer loop
      vertex -6.8883 16.6298 3
      vertex -5.78591 17.0447 3
      vertex -6.8883 16.6298 0.599991
    endloop
  endfacet
  facet normal -0.352242 0.935909 0
    outer loop
      vertex -5.78591 17.0447 3
      vertex -5.78591 17.0447 0.599991
      vertex -6.8883 16.6298 0.599991
    endloop
  endfacet
  facet normal -0.157595 0.418732 0.894331
    outer loop
      vertex -3.82683 9.2388 7
      vertex -3.21439 9.4693 7
      vertex -6.8883 16.6298 3
    endloop
  endfacet
  facet normal -0.157596 0.418732 0.894331
    outer loop
      vertex -3.21439 9.4693 7
      vertex -5.78591 17.0447 3
      vertex -6.8883 16.6298 3
    endloop
  endfacet
  facet normal -0.249171 0.661952 -0.706918
    outer loop
      vertex -5.74025 13.8582 12
      vertex -4.82159 14.204 12
      vertex -3.82683 9.2388 7
    endloop
  endfacet
  facet normal -0.249138 0.661962 -0.706921
    outer loop
      vertex -4.82159 14.204 12
      vertex -3.21439 9.4693 7
      vertex -3.82683 9.2388 7
    endloop
  endfacet
  facet normal -0.352287 0.935892 0
    outer loop
      vertex -5.74025 13.8582 14
      vertex -4.82159 14.204 14
      vertex -5.74025 13.8582 12
    endloop
  endfacet
  facet normal -0.352287 0.935892 0
    outer loop
      vertex -4.82159 14.204 14
      vertex -4.82159 14.204 12
      vertex -5.74025 13.8582 12
    endloop
  endfacet
  facet normal 0 0 1
    outer loop
      vertex -0 -0 14
      vertex -4.82159 14.204 14
      vertex -5.74025 13.8582 14
    endloop
  endfacet
  facet normal 0 0 -1
    outer loop
      vertex -6.65869 16.0755 0
      vertex -5.59304 16.4766 0
      vertex -0 -0 0
    endloop
  endfacet
  facet normal -0.249143 0.661974 -0.706907
    outer loop
      vertex -6.8883 16.6298 0.599991
      vertex -5.78591 17.0447 0.599991
      vertex -6.65869 16.0755 0
    endloop
  endfacet
  facet normal -0.249164 0.661983 -0.706892
    outer loop
      vertex -5.78591 17.0447 0.599991
      vertex -5.59304 16.4766 0
      vertex -6.65869 16.0755 0
    endloop
  endfacet
  facet normal -0.290344 0.956922 0
    outer loop
      vertex -5.78591 17.0447 3
      vertex -4.65874 17.3867 3
      vertex -5.78591 17.0447 0.599991
    endloop
  endfacet
  facet normal -0.290344 0.956922 0
    outer loop
      vertex -4.65874 17.3867 3
      vertex -4.65874 17.3867 0.599991
      vertex -5.78591 17.0447 0.599991
    endloop
  endfacet
  facet normal -0.129878 0.428141 0.894331
    outer loop
      vertex -3.21439 9.4693 7
      vertex -2.58819 9.65926 7
      vertex -5.78591 17.0447 3
    endloop
  endfacet
  facet normal -0.129901 0.428131 0.894332
    outer loop
      vertex -2.58819 9.65926 7
      vertex -4.65874 17.3867 3
      vertex -5.78591 17.0447 3
    endloop
  endfacet
  facet normal -0.205294 0.676844 -0.70692
    outer loop
      vertex -4.82159 14.204 12
      vertex -3.88229 14.4889 12
      vertex -3.21439 9.4693 7
    endloop
  endfacet
  facet normal -0.205321 0.676838 -0.706918
    outer loop
      vertex -3.88229 14.4889 12
      vertex -2.58819 9.65926 7
      vertex -3.21439 9.4693 7
    endloop
  endfacet
  facet normal -0.290253 0.95695 0
    outer loop
      vertex -4.82159 14.204 14
      vertex -3.88229 14.4889 14
      vertex -4.82159 14.204 12
    endloop
  endfacet
  facet normal -0.290253 0.95695 0
    outer loop
      vertex -3.88229 14.4889 14
      vertex -3.88229 14.4889 12
      vertex -4.82159 14.204 12
    endloop
  endfacet
  facet normal 0 0 1
    outer loop
      vertex -0 -0 14
      vertex -3.88229 14.4889 14
      vertex -4.82159 14.204 14
    endloop
  endfacet
  facet normal 0 0 -1
    outer loop
      vertex -5.59304 16.4766 0
      vertex -4.50345 16.8071 0
      vertex -0 -0 0
    endloop
  endfacet
  facet normal -0.205367 0.676852 -0.706892
    outer loop
      vertex -5.78591 17.0447 0.599991
      vertex -4.65874 17.3867 0.599991
      vertex -5.59304 16.4766 0
    endloop
  endfacet
  facet normal -0.205295 0.676815 -0.706948
    outer loop
      vertex -4.65874 17.3867 0.599991
      vertex -4.50345 16.8071 0
      vertex -5.59304 16.4766 0
    endloop
  endfacet
  facet normal -0.227021 0.97389 0
    outer loop
      vertex -4.65874 17.3867 3
      vertex -3.51163 17.6541 3
      vertex -4.65874 17.3867 0.599991
    endloop
  endfacet
  facet normal -0.227021 0.97389 0
    outer loop
      vertex -3.51163 17.6541 3
      vertex -3.51163 17.6541 0.599991
      vertex -4.65874 17.3867 0.599991
    endloop
  endfacet
  facet normal -0.101591 0.435717 0.894332
    outer loop
      vertex -2.58819 9.65926 7
      vertex -1.9509 9.80785 7
      vertex -4.65874 17.3867 3
    endloop
  endfacet
  facet normal -0.101571 0.435724 0.894331
    outer loop
      vertex -1.9509 9.80785 7
      vertex -3.51163 17.6541 3
      vertex -4.65874 17.3867 3
    endloop
  endfacet
  facet normal -0.160614 0.688818 -0.706918
    outer loop
      vertex -3.88229 14.4889 12
      vertex -2.92635 14.7118 12
      vertex -2.58819 9.65926 7
    endloop
  endfacet
  facet normal -0.160604 0.688819 -0.706919
    outer loop
      vertex -2.92635 14.7118 12
      vertex -1.9509 9.80785 7
      vertex -2.58819 9.65926 7
    endloop
  endfacet
  facet normal -0.227082 0.973876 0
    outer loop
      vertex -3.88229 14.4889 14
      vertex -2.92635 14.7118 14
      vertex -3.88229 14.4889 12
    endloop
  endfacet
  facet normal -0.227082 0.973876 0
    outer loop
      vertex -2.92635 14.7118 14
      vertex -2.92635 14.7118 12
      vertex -3.88229 14.4889 12
    endloop
  endfacet
  facet normal 0 0 1
    outer loop
      vertex -0 -0 14
      vertex -2.92635 14.7118 14
      vertex -3.88229 14.4889 14
    endloop
  endfacet
  facet normal 0 0 -1
    outer loop
      vertex -4.50345 16.8071 0
      vertex -3.39457 17.0657 0
      vertex -0 -0 0
    endloop
  endfacet
  facet normal -0.160564 0.688799 -0.706947
    outer loop
      vertex -4.65874 17.3867 0.599991
      vertex -3.51163 17.6541 0.599991
      vertex -4.50345 16.8071 0
    endloop
  endfacet
  facet normal -0.160645 0.688847 -0.706882
    outer loop
      vertex -3.51163 17.6541 0.599991
      vertex -3.39457 17.0657 0
      vertex -4.50345 16.8071 0
    endloop
  endfacet
  facet normal -0.162917 0.98664 0
    outer loop
      vertex -3.51163 17.6541 3
      vertex -2.34947 17.846 3
      vertex -3.51163 17.6541 0.599991
    endloop
  endfacet
  facet normal -0.162917 0.98664 0
    outer loop
      vertex -2.34947 17.846 3
      vertex -2.34947 17.846 0.599991
      vertex -3.51163 17.6541 0.599991
    endloop
  endfacet
  facet normal -0.0728834 0.44143 0.894331
    outer loop
      vertex -1.9509 9.80785 7
      vertex -1.30526 9.91445 7
      vertex -3.51163 17.6541 3
    endloop
  endfacet
  facet normal -0.0728902 0.441428 0.894331
    outer loop
      vertex -1.30526 9.91445 7
      vertex -2.34947 17.846 3
      vertex -3.51163 17.6541 3
    endloop
  endfacet
  facet normal -0.11522 0.697847 -0.706919
    outer loop
      vertex -2.92635 14.7118 12
      vertex -1.95789 14.8717 12
      vertex -1.9509 9.80785 7
    endloop
  endfacet
  facet normal -0.11522 0.697847 -0.706919
    outer loop
      vertex -1.95789 14.8717 12
      vertex -1.30526 9.91445 7
      vertex -1.9509 9.80785 7
    endloop
  endfacet
  facet normal -0.162902 0.986642 0
    outer loop
      vertex -2.92635 14.7118 14
      vertex -1.95789 14.8717 14
      vertex -2.92635 14.7118 12
    endloop
  endfacet
  facet normal -0.162902 0.986642 0
    outer loop
      vertex -1.95789 14.8717 14
      vertex -1.95789 14.8717 12
      vertex -2.92635 14.7118 12
    endloop
  endfacet
  facet normal 0 0 1
    outer loop
      vertex -0 -0 14
      vertex -1.95789 14.8717 14
      vertex -2.92635 14.7118 14
    endloop
  endfacet
  facet normal 0 0 -1
    outer loop
      vertex -3.39457 17.0657 0
      vertex -2.27115 17.2511 0
      vertex -0 -0 0
    endloop
  endfacet
  facet normal -0.115237 0.697881 -0.706882
    outer loop
      vertex -3.51163 17.6541 0.599991
      vertex -2.34947 17.846 0.599991
      vertex -3.39457 17.0657 0
    endloop
  endfacet
  facet normal -0.115164 0.697831 -0.706943
    outer loop
      vertex -2.34947 17.846 0.599991
      vertex -2.27115 17.2511 0
      vertex -3.39457 17.0657 0
    endloop
  endfacet
  facet normal -0.098057 0.995181 0
    outer loop
      vertex -2.34947 17.846 3
      vertex -1.17726 17.9615 3
      vertex -2.34947 17.846 0.599991
    endloop
  endfacet
  facet normal -0.098057 0.995181 0
    outer loop
      vertex -1.17726 17.9615 3
      vertex -1.17726 17.9615 0.599991
      vertex -2.34947 17.846 0.599991
    endloop
  endfacet
  facet normal -0.0438531 0.445251 0.894331
    outer loop
      vertex -1.30526 9.91445 7
      vertex -0.654031 9.97859 7
      vertex -2.34947 17.846 3
    endloop
  endfacet
  facet normal -0.0438711 0.445248 0.894332
    outer loop
      vertex -0.654031 9.97859 7
      vertex -1.17726 17.9615 3
      vertex -2.34947 17.846 3
    endloop
  endfacet
  facet normal -0.0693194 0.703889 -0.706919
    outer loop
      vertex -1.95789 14.8717 12
      vertex -0.981047 14.9679 12
      vertex -1.30526 9.91445 7
    endloop
  endfacet
  facet normal -0.0693265 0.703889 -0.706919
    outer loop
      vertex -0.981047 14.9679 12
      vertex -0.654031 9.97859 7
      vertex -1.30526 9.91445 7
    endloop
  endfacet
  facet normal -0.0980064 0.995186 0
    outer loop
      vertex -1.95789 14.8717 14
      vertex -0.981047 14.9679 14
      vertex -1.95789 14.8717 12
    endloop
  endfacet
  facet normal -0.0980064 0.995186 0
    outer loop
      vertex -0.981047 14.9679 14
      vertex -0.981047 14.9679 12
      vertex -1.95789 14.8717 12
    endloop
  endfacet
  facet normal 0 0 1
    outer loop
      vertex -0 -0 14
      vertex -0.981047 14.9679 14
      vertex -1.95789 14.8717 14
    endloop
  endfacet
  facet normal 0 0 -1
    outer loop
      vertex -2.27115 17.2511 0
      vertex -1.13801 17.3627 0
      vertex -0 -0 0
    endloop
  endfacet
  facet normal -0.0693528 0.703862 -0.706943
    outer loop
      vertex -2.34947 17.846 0.599991
      vertex -1.17726 17.9615 0.599991
      vertex -2.27115 17.2511 0
    endloop
  endfacet
  facet normal -0.0693189 0.703835 -0.706973
    outer loop
      vertex -1.17726 17.9615 0.599991
      vertex -1.13801 17.3627 0
      vertex -2.27115 17.2511 0
    endloop
  endfacet
  facet normal -0.0326856 0.999466 0
    outer loop
      vertex -1.17726 17.9615 3
      vertex 0 18 3
      vertex -1.17726 17.9615 0.599991
    endloop
  endfacet
  facet normal -0.0326856 0.999466 0
    outer loop
      vertex 0 18 3
      vertex 0 18 0.599991
      vertex -1.17726 17.9615 0.599991
    endloop
  endfacet
  facet normal -0.0146381 0.447164 0.894332
    outer loop
      vertex -0.654031 9.97859 7
      vertex 0 10 7
      vertex -1.17726 17.9615 3
    endloop
  endfacet
  facet normal -0.0146237 0.447166 0.894332
    outer loop
      vertex 0 10 7
      vertex 0 18 3
      vertex -1.17726 17.9615 3
    endloop
  endfacet
  facet normal -0.0231304 0.706917 -0.706918
    outer loop
      vertex -0.981047 14.9679 12
      vertex 0 15 12
      vertex -0.654031 9.97859 7
    endloop
  endfacet
  facet normal -0.0231413 0.706917 -0.706917
    outer loop
      vertex 0 15 12
      vertex 0 10 7
      vertex -0.654031 9.97859 7
    endloop
  endfacet
  facet normal -0.0327026 0.999465 0
    outer loop
      vertex -0.981047 14.9679 14
      vertex 0 15 14
      vertex -0.981047 14.9679 12
    endloop
  endfacet
  facet normal -0.0327026 0.999465 0
    outer loop
      vertex 0 15 14
      vertex 0 15 12
      vertex -0.981047 14.9679 12
    endloop
  endfacet
  facet normal 0 -0 1
    outer loop
      vertex -0 -0 14
      vertex 0 15 14
      vertex -0.981047 14.9679 14
    endloop
  endfacet
  facet normal 0 0 -1
    outer loop
      vertex -1.13801 17.3627 0
      vertex 0 17.4 0
      vertex -0 -0 0
    endloop
  endfacet
  facet normal -0.0231166 0.706863 -0.706972
    outer loop
      vertex -1.17726 17.9615 0.599991
      vertex 0 18 0.599991
      vertex -1.13801 17.3627 0
    endloop
  endfacet
  facet normal -0.0231701 0.706912 -0.706922
    outer loop
      vertex 0 18 0.599991
      vertex 0 17.4 0
      vertex -1.13801 17.3627 0
    endloop
  endfacet
  facet normal 0.0326856 0.999466 0
    outer loop
      vertex 0 18 3
      vertex 1.17726 17.9615 3
      vertex 0 18 0.599991
    endloop
  endfacet
  facet normal 0.0326856 0.999466 0
    outer loop
      vertex 1.17726 17.9615 3
      vertex 1.17726 17.9615 0.599991
      vertex 0 18 0.599991
    endloop
  endfacet
  facet normal 0.0146382 0.447166 0.894331
    outer loop
      vertex 0 10 7
      vertex 0.654031 9.97859 7
      vertex 0 18 3
    endloop
  endfacet
  facet normal 0.0146237 0.447165 0.894332
    outer loop
      vertex 0.654031 9.97859 7
      vertex 1.17726 17.9615 3
      vertex 0 18 3
    endloop
  endfacet
  facet normal 0.0231304 0.706918 -0.706918
    outer loop
      vertex 0 15 12
      vertex 0.981047 14.9679 12
      vertex 0 10 7
    endloop
  endfacet
  facet normal 0.0231412 0.706916 -0.706918
    outer loop
      vertex 0.981047 14.9679 12
      vertex 0.654031 9.97859 7
      vertex 0 10 7
    endloop
  endfacet
  facet normal 0.0327026 0.999465 0
    outer loop
      vertex 0 15 14
      vertex 0.981047 14.9679 14
      vertex 0 15 12
    endloop
  endfacet
  facet normal 0.0327026 0.999465 0
    outer loop
      vertex 0.981047 14.9679 14
      vertex 0.981047 14.9679 12
      vertex 0 15 12
    endloop
  endfacet
  facet normal 0 0 1
    outer loop
      vertex -0 -0 14
      vertex 0.981047 14.9679 14
      vertex 0 15 14
    endloop
  endfacet
  facet normal 0 -0 -1
    outer loop
      vertex 0 17.4 0
      vertex 1.13801 17.3627 0
      vertex -0 -0 0
    endloop
  endfacet
  facet normal 0.0231182 0.706912 -0.706923
    outer loop
      vertex 0 18 0.599991
      vertex 1.17726 17.9615 0.599991
      vertex 0 17.4 0
    endloop
  endfacet
  facet normal 0.0231684 0.706861 -0.706973
    outer loop
      vertex 1.17726 17.9615 0.599991
      vertex 1.13801 17.3627 0
      vertex 0 17.4 0
    endloop
  endfacet
  facet normal 0.098057 0.995181 0
    outer loop
      vertex 1.17726 17.9615 3
      vertex 2.34947 17.846 3
      vertex 1.17726 17.9615 0.599991
    endloop
  endfacet
  facet normal 0.098057 0.995181 0
    outer loop
      vertex 2.34947 17.846 3
      vertex 2.34947 17.846 0.599991
      vertex 1.17726 17.9615 0.599991
    endloop
  endfacet
  facet normal 0.0438529 0.445249 0.894332
    outer loop
      vertex 0.654031 9.97859 7
      vertex 1.30526 9.91445 7
      vertex 1.17726 17.9615 3
    endloop
  endfacet
  facet normal 0.0438712 0.445249 0.894331
    outer loop
      vertex 1.30526 9.91445 7
      vertex 2.34947 17.846 3
      vertex 1.17726 17.9615 3
    endloop
  endfacet
  facet normal 0.0693194 0.70389 -0.706919
    outer loop
      vertex 0.981047 14.9679 12
      vertex 1.95789 14.8717 12
      vertex 0.654031 9.97859 7
    endloop
  endfacet
  facet normal 0.0693265 0.703889 -0.706919
    outer loop
      vertex 1.95789 14.8717 12
      vertex 1.30526 9.91445 7
      vertex 0.654031 9.97859 7
    endloop
  endfacet
  facet normal 0.0980064 0.995186 0
    outer loop
      vertex 0.981047 14.9679 14
      vertex 1.95789 14.8717 14
      vertex 0.981047 14.9679 12
    endloop
  endfacet
  facet normal 0.0980064 0.995186 0
    outer loop
      vertex 1.95789 14.8717 14
      vertex 1.95789 14.8717 12
      vertex 0.981047 14.9679 12
    endloop
  endfacet
  facet normal 0 0 1
    outer loop
      vertex -0 -0 14
      vertex 1.95789 14.8717 14
      vertex 0.981047 14.9679 14
    endloop
  endfacet
  facet normal 0 -0 -1
    outer loop
      vertex 1.13801 17.3627 0
      vertex 2.27115 17.2511 0
      vertex -0 -0 0
    endloop
  endfacet
  facet normal 0.0693499 0.703833 -0.706972
    outer loop
      vertex 1.17726 17.9615 0.599991
      vertex 2.34947 17.846 0.599991
      vertex 1.13801 17.3627 0
    endloop
  endfacet
  facet normal 0.0693219 0.703866 -0.706942
    outer loop
      vertex 2.34947 17.846 0.599991
      vertex 2.27115 17.2511 0
      vertex 1.13801 17.3627 0
    endloop
  endfacet
  facet normal 0.162917 0.98664 0
    outer loop
      vertex 2.34947 17.846 3
      vertex 3.51163 17.6541 3
      vertex 2.34947 17.846 0.599991
    endloop
  endfacet
  facet normal 0.162917 0.98664 0
    outer loop
      vertex 3.51163 17.6541 3
      vertex 3.51163 17.6541 0.599991
      vertex 2.34947 17.846 0.599991
    endloop
  endfacet
  facet normal 0.0728833 0.441429 0.894331
    outer loop
      vertex 1.30526 9.91445 7
      vertex 1.9509 9.80785 7
      vertex 2.34947 17.846 3
    endloop
  endfacet
  facet normal 0.0728903 0.441429 0.894331
    outer loop
      vertex 1.9509 9.80785 7
      vertex 3.51163 17.6541 3
      vertex 2.34947 17.846 3
    endloop
  endfacet
  facet normal 0.11522 0.697847 -0.706919
    outer loop
      vertex 1.95789 14.8717 12
      vertex 2.92635 14.7118 12
      vertex 1.30526 9.91445 7
    endloop
  endfacet
  facet normal 0.11522 0.697847 -0.706919
    outer loop
      vertex 2.92635 14.7118 12
      vertex 1.9509 9.80785 7
      vertex 1.30526 9.91445 7
    endloop
  endfacet
  facet normal 0.162902 0.986642 0
    outer loop
      vertex 1.95789 14.8717 14
      vertex 2.92635 14.7118 14
      vertex 1.95789 14.8717 12
    endloop
  endfacet
  facet normal 0.162902 0.986642 0
    outer loop
      vertex 2.92635 14.7118 14
      vertex 2.92635 14.7118 12
      vertex 1.95789 14.8717 12
    endloop
  endfacet
  facet normal 0 0 1
    outer loop
      vertex -0 -0 14
      vertex 2.92635 14.7118 14
      vertex 1.95789 14.8717 14
    endloop
  endfacet
  facet normal 0 -0 -1
    outer loop
      vertex 2.27115 17.2511 0
      vertex 3.39457 17.0657 0
      vertex -0 -0 0
    endloop
  endfacet
  facet normal 0.115227 0.697822 -0.706942
    outer loop
      vertex 2.34947 17.846 0.599991
      vertex 3.51163 17.6541 0.599991
      vertex 2.27115 17.2511 0
    endloop
  endfacet
  facet normal 0.115174 0.697893 -0.706881
    outer loop
      vertex 3.51163 17.6541 0.599991
      vertex 3.39457 17.0657 0
      vertex 2.27115 17.2511 0
    endloop
  endfacet
  facet normal 0.227021 0.97389 0
    outer loop
      vertex 3.51163 17.6541 3
      vertex 4.65874 17.3867 3
      vertex 3.51163 17.6541 0.599991
    endloop
  endfacet
  facet normal 0.227021 0.97389 0
    outer loop
      vertex 4.65874 17.3867 3
      vertex 4.65874 17.3867 0.599991
      vertex 3.51163 17.6541 0.599991
    endloop
  endfacet
  facet normal 0.101592 0.43572 0.894331
    outer loop
      vertex 1.9509 9.80785 7
      vertex 2.58819 9.65926 7
      vertex 3.51163 17.6541 3
    endloop
  endfacet
  facet normal 0.10157 0.435723 0.894332
    outer loop
      vertex 2.58819 9.65926 7
      vertex 4.65874 17.3867 3
      vertex 3.51163 17.6541 3
    endloop
  endfacet
  facet normal 0.160614 0.688817 -0.706919
    outer loop
      vertex 2.92635 14.7118 12
      vertex 3.88229 14.4889 12
      vertex 1.9509 9.80785 7
    endloop
  endfacet
  facet normal 0.160605 0.68882 -0.706918
    outer loop
      vertex 3.88229 14.4889 12
      vertex 2.58819 9.65926 7
      vertex 1.9509 9.80785 7
    endloop
  endfacet
  facet normal 0.227082 0.973876 0
    outer loop
      vertex 2.92635 14.7118 14
      vertex 3.88229 14.4889 14
      vertex 2.92635 14.7118 12
    endloop
  endfacet
  facet normal 0.227082 0.973876 0
    outer loop
      vertex 3.88229 14.4889 14
      vertex 3.88229 14.4889 12
      vertex 2.92635 14.7118 12
    endloop
  endfacet
  facet normal 0 0 1
    outer loop
      vertex -0 -0 14
      vertex 3.88229 14.4889 14
      vertex 2.92635 14.7118 14
    endloop
  endfacet
  facet normal 0 -0 -1
    outer loop
      vertex 3.39457 17.0657 0
      vertex 4.50345 16.8071 0
      vertex -0 -0 0
    endloop
  endfacet
  facet normal 0.160579 0.688862 -0.706883
    outer loop
      vertex 3.51163 17.6541 0.599991
      vertex 4.65874 17.3867 0.599991
      vertex 3.39457 17.0657 0
    endloop
  endfacet
  facet normal 0.16063 0.688783 -0.706949
    outer loop
      vertex 4.65874 17.3867 0.599991
      vertex 4.50345 16.8071 0
      vertex 3.39457 17.0657 0
    endloop
  endfacet
  facet normal 0.290344 0.956922 0
    outer loop
      vertex 4.65874 17.3867 3
      vertex 5.78591 17.0447 3
      vertex 4.65874 17.3867 0.599991
    endloop
  endfacet
  facet normal 0.290344 0.956922 0
    outer loop
      vertex 5.78591 17.0447 3
      vertex 5.78591 17.0447 0.599991
      vertex 4.65874 17.3867 0.599991
    endloop
  endfacet
  facet normal 0.129877 0.428138 0.894332
    outer loop
      vertex 2.58819 9.65926 7
      vertex 3.21439 9.4693 7
      vertex 4.65874 17.3867 3
    endloop
  endfacet
  facet normal 0.129902 0.428133 0.894331
    outer loop
      vertex 3.21439 9.4693 7
      vertex 5.78591 17.0447 3
      vertex 4.65874 17.3867 3
    endloop
  endfacet
  facet normal 0.205295 0.676846 -0.706919
    outer loop
      vertex 3.88229 14.4889 12
      vertex 4.82159 14.204 12
      vertex 2.58819 9.65926 7
    endloop
  endfacet
  facet normal 0.20532 0.676836 -0.706921
    outer loop
      vertex 4.82159 14.204 12
      vertex 3.21439 9.4693 7
      vertex 2.58819 9.65926 7
    endloop
  endfacet
  facet normal 0.290253 0.95695 0
    outer loop
      vertex 3.88229 14.4889 14
      vertex 4.82159 14.204 14
      vertex 3.88229 14.4889 12
    endloop
  endfacet
  facet normal 0.290253 0.95695 0
    outer loop
      vertex 4.82159 14.204 14
      vertex 4.82159 14.204 12
      vertex 3.88229 14.4889 12
    endloop
  endfacet
  facet normal 0 0 1
    outer loop
      vertex -0 -0 14
      vertex 4.82159 14.204 14
      vertex 3.88229 14.4889 14
    endloop
  endfacet
  facet normal 0 -0 -1
    outer loop
      vertex 4.50345 16.8071 0
      vertex 5.59304 16.4766 0
      vertex -0 -0 0
    endloop
  endfacet
  facet normal 0.205351 0.676799 -0.706947
    outer loop
      vertex 4.65874 17.3867 0.599991
      vertex 5.78591 17.0447 0.599991
      vertex 4.50345 16.8071 0
    endloop
  endfacet
  facet normal 0.205312 0.67687 -0.706891
    outer loop
      vertex 5.78591 17.0447 0.599991
      vertex 5.59304 16.4766 0
      vertex 4.50345 16.8071 0
    endloop
  endfacet
  facet normal 0.352242 0.935909 0
    outer loop
      vertex 5.78591 17.0447 3
      vertex 6.8883 16.6298 3
      vertex 5.78591 17.0447 0.599991
    endloop
  endfacet
  facet normal 0.352242 0.935909 0
    outer loop
      vertex 6.8883 16.6298 3
      vertex 6.8883 16.6298 0.599991
      vertex 5.78591 17.0447 0.599991
    endloop
  endfacet
  facet normal 0.157595 0.418732 0.894331
    outer loop
      vertex 3.21439 9.4693 7
      vertex 3.82683 9.2388 7
      vertex 5.78591 17.0447 3
    endloop
  endfacet
  facet normal 0.157596 0.418732 0.894331
    outer loop
      vertex 3.82683 9.2388 7
      vertex 6.8883 16.6298 3
      vertex 5.78591 17.0447 3
    endloop
  endfacet
  facet normal 0.24917 0.66195 -0.70692
    outer loop
      vertex 4.82159 14.204 12
      vertex 5.74025 13.8582 12
      vertex 3.21439 9.4693 7
    endloop
  endfacet
  facet normal 0.249139 0.661965 -0.706918
    outer loop
      vertex 5.74025 13.8582 12
      vertex 3.82683 9.2388 7
      vertex 3.21439 9.4693 7
    endloop
  endfacet
  facet normal 0.352287 0.935892 0
    outer loop
      vertex 4.82159 14.204 14
      vertex 5.74025 13.8582 14
      vertex 4.82159 14.204 12
    endloop
  endfacet
  facet normal 0.352287 0.935892 0
    outer loop
      vertex 5.74025 13.8582 14
      vertex 5.74025 13.8582 12
      vertex 4.82159 14.204 12
    endloop
  endfacet
  facet normal 0 0 1
    outer loop
      vertex -0 -0 14
      vertex 5.74025 13.8582 14
      vertex 4.82159 14.204 14
    endloop
  endfacet
  facet normal 0 -0 -1
    outer loop
      vertex 5.59304 16.4766 0
      vertex 6.65869 16.0755 0
      vertex -0 -0 0
    endloop
  endfacet
  facet normal 0.249149 0.661988 -0.706892
    outer loop
      vertex 5.78591 17.0447 0.599991
      vertex 6.8883 16.6298 0.599991
      vertex 5.59304 16.4766 0
    endloop
  endfacet
  facet normal 0.249158 0.661968 -0.706908
    outer loop
      vertex 6.8883 16.6298 0.599991
      vertex 6.65869 16.0755 0
      vertex 5.59304 16.4766 0
    endloop
  endfacet
  facet normal 0.41269 0.910872 0
    outer loop
      vertex 6.8883 16.6298 3
      vertex 7.9612 16.1437 3
      vertex 6.8883 16.6298 0.599991
    endloop
  endfacet
  facet normal 0.41269 0.910872 0
    outer loop
      vertex 7.9612 16.1437 3
      vertex 7.9612 16.1437 0.599991
      vertex 6.8883 16.6298 0.599991
    endloop
  endfacet
  facet normal 0.184647 0.407527 0.894331
    outer loop
      vertex 3.82683 9.2388 7
      vertex 4.42289 8.96873 7
      vertex 6.8883 16.6298 3
    endloop
  endfacet
  facet normal 0.18464 0.407529 0.894331
    outer loop
      vertex 4.42289 8.96873 7
      vertex 7.9612 16.1437 3
      vertex 6.8883 16.6298 3
    endloop
  endfacet
  facet normal 0.291905 0.644251 -0.706918
    outer loop
      vertex 5.74025 13.8582 12
      vertex 6.63433 13.4531 12
      vertex 3.82683 9.2388 7
    endloop
  endfacet
  facet normal 0.291905 0.644251 -0.706918
    outer loop
      vertex 6.63433 13.4531 12
      vertex 4.42289 8.96873 7
      vertex 3.82683 9.2388 7
    endloop
  endfacet
  facet normal 0.412705 0.910865 0
    outer loop
      vertex 5.74025 13.8582 14
      vertex 6.63433 13.4531 14
      vertex 5.74025 13.8582 12
    endloop
  endfacet
  facet normal 0.412705 0.910865 0
    outer loop
      vertex 6.63433 13.4531 14
      vertex 6.63433 13.4531 12
      vertex 5.74025 13.8582 12
    endloop
  endfacet
  facet normal 0 0 1
    outer loop
      vertex -0 -0 14
      vertex 6.63433 13.4531 14
      vertex 5.74025 13.8582 14
    endloop
  endfacet
  facet normal 0 -0 -1
    outer loop
      vertex 6.65869 16.0755 0
      vertex 7.69582 15.6056 0
      vertex -0 -0 0
    endloop
  endfacet
  facet normal 0.291898 0.644265 -0.706908
    outer loop
      vertex 6.8883 16.6298 0.599991
      vertex 7.9612 16.1437 0.599991
      vertex 6.65869 16.0755 0
    endloop
  endfacet
  facet normal 0.291899 0.64426 -0.706912
    outer loop
      vertex 7.9612 16.1437 0.599991
      vertex 7.69582 15.6056 0
      vertex 6.65869 16.0755 0
    endloop
  endfacet
  facet normal 0.471364 0.881939 0
    outer loop
      vertex 7.9612 16.1437 3
      vertex 9 15.5885 3
      vertex 7.9612 16.1437 0.599991
    endloop
  endfacet
  facet normal 0.471364 0.881939 0
    outer loop
      vertex 9 15.5885 3
      vertex 9 15.5885 0.599991
      vertex 7.9612 16.1437 0.599991
    endloop
  endfacet
  facet normal 0.21091 0.394574 0.894331
    outer loop
      vertex 4.42289 8.96873 7
      vertex 5 8.66025 7
      vertex 7.9612 16.1437 3
    endloop
  endfacet
  facet normal 0.21089 0.394583 0.894332
    outer loop
      vertex 5 8.66025 7
      vertex 9 15.5885 3
      vertex 7.9612 16.1437 3
    endloop
  endfacet
  facet normal 0.333411 0.623782 -0.706918
    outer loop
      vertex 6.63433 13.4531 12
      vertex 7.5 12.9904 12
      vertex 4.42289 8.96873 7
    endloop
  endfacet
  facet normal 0.333423 0.623774 -0.706919
    outer loop
      vertex 7.5 12.9904 12
      vertex 5 8.66025 7
      vertex 4.42289 8.96873 7
    endloop
  endfacet
  facet normal 0.471389 0.881926 0
    outer loop
      vertex 6.63433 13.4531 14
      vertex 7.5 12.9904 14
      vertex 6.63433 13.4531 12
    endloop
  endfacet
  facet normal 0.471389 0.881926 0
    outer loop
      vertex 7.5 12.9904 14
      vertex 7.5 12.9904 12
      vertex 6.63433 13.4531 12
    endloop
  endfacet
  facet normal 0 0 1
    outer loop
      vertex -0 -0 14
      vertex 7.5 12.9904 14
      vertex 6.63433 13.4531 14
    endloop
  endfacet
  facet normal 0 -0 -1
    outer loop
      vertex 7.69582 15.6056 0
      vertex 8.7 15.0688 0
      vertex -0 -0 0
    endloop
  endfacet
  facet normal 0.333396 0.623796 -0.706913
    outer loop
      vertex 7.9612 16.1437 0.599991
      vertex 9 15.5885 0.599991
      vertex 7.69582 15.6056 0
    endloop
  endfacet
  facet normal 0.33342 0.623721 -0.706967
    outer loop
      vertex 9 15.5885 0.599991
      vertex 8.7 15.0688 0
      vertex 7.69582 15.6056 0
    endloop
  endfacet
  facet normal 0.528052 0.849212 0
    outer loop
      vertex 9 15.5885 3
      vertex 10.0003 14.9665 3
      vertex 9 15.5885 0.599991
    endloop
  endfacet
  facet normal 0.528052 0.849212 0
    outer loop
      vertex 10.0003 14.9665 3
      vertex 10.0003 14.9665 0.599991
      vertex 9 15.5885 0.599991
    endloop
  endfacet
  facet normal 0.236256 0.379938 0.894332
    outer loop
      vertex 5 8.66025 7
      vertex 5.5557 8.3147 7
      vertex 9 15.5885 3
    endloop
  endfacet
  facet normal 0.236252 0.37994 0.894333
    outer loop
      vertex 5.5557 8.3147 7
      vertex 10.0003 14.9665 3
      vertex 9 15.5885 3
    endloop
  endfacet
  facet normal 0.373534 0.600616 -0.706918
    outer loop
      vertex 7.5 12.9904 12
      vertex 8.33355 12.472 12
      vertex 5 8.66025 7
    endloop
  endfacet
  facet normal 0.373497 0.600643 -0.706914
    outer loop
      vertex 8.33355 12.472 12
      vertex 5.5557 8.3147 7
      vertex 5 8.66025 7
    endloop
  endfacet
  facet normal 0.528116 0.849172 0
    outer loop
      vertex 7.5 12.9904 14
      vertex 8.33355 12.472 14
      vertex 7.5 12.9904 12
    endloop
  endfacet
  facet normal 0.528116 0.849172 0
    outer loop
      vertex 8.33355 12.472 14
      vertex 8.33355 12.472 12
      vertex 7.5 12.9904 12
    endloop
  endfacet
  facet normal 0 0 1
    outer loop
      vertex -0 -0 14
      vertex 8.33355 12.472 14
      vertex 7.5 12.9904 14
    endloop
  endfacet
  facet normal 0 -0 -1
    outer loop
      vertex 8.7 15.0688 0
      vertex 9.66692 14.4676 0
      vertex -0 -0 0
    endloop
  endfacet
  facet normal 0.373464 0.600604 -0.706965
    outer loop
      vertex 9 15.5885 0.599991
      vertex 10.0003 14.9665 0.599991
      vertex 8.7 15.0688 0
    endloop
  endfacet
  facet normal 0.373456 0.600635 -0.706943
    outer loop
      vertex 10.0003 14.9665 0.599991
      vertex 9.66692 14.4676 0
      vertex 8.7 15.0688 0
    endloop
  endfacet
  facet normal 0.582498 0.812832 0
    outer loop
      vertex 10.0003 14.9665 3
      vertex 10.9577 14.2804 3
      vertex 10.0003 14.9665 0.599991
    endloop
  endfacet
  facet normal 0.582498 0.812832 0
    outer loop
      vertex 10.9577 14.2804 3
      vertex 10.9577 14.2804 0.599991
      vertex 10.0003 14.9665 0.599991
    endloop
  endfacet
  facet normal 0.260606 0.363667 0.894333
    outer loop
      vertex 5.5557 8.3147 7
      vertex 6.08761 7.93353 7
      vertex 10.0003 14.9665 3
    endloop
  endfacet
  facet normal 0.260612 0.363664 0.894332
    outer loop
      vertex 6.08761 7.93353 7
      vertex 10.9577 14.2804 3
      vertex 10.0003 14.9665 3
    endloop
  endfacet
  facet normal 0.411964 0.574941 -0.706915
    outer loop
      vertex 8.33355 12.472 12
      vertex 9.13142 11.9003 12
      vertex 5.5557 8.3147 7
    endloop
  endfacet
  facet normal 0.41199 0.574918 -0.706918
    outer loop
      vertex 9.13142 11.9003 12
      vertex 6.08761 7.93353 7
      vertex 5.5557 8.3147 7
    endloop
  endfacet
  facet normal 0.582447 0.812869 0
    outer loop
      vertex 8.33355 12.472 14
      vertex 9.13142 11.9003 14
      vertex 8.33355 12.472 12
    endloop
  endfacet
  facet normal 0.582447 0.812869 0
    outer loop
      vertex 9.13142 11.9003 14
      vertex 9.13142 11.9003 12
      vertex 8.33355 12.472 12
    endloop
  endfacet
  facet normal 0 0 1
    outer loop
      vertex -0 -0 14
      vertex 9.13142 11.9003 14
      vertex 8.33355 12.472 14
    endloop
  endfacet
  facet normal 0 -0 -1
    outer loop
      vertex 9.66692 14.4676 0
      vertex 10.5924 13.8043 0
      vertex -0 -0 0
    endloop
  endfacet
  facet normal 0.411983 0.574891 -0.706944
    outer loop
      vertex 10.0003 14.9665 0.599991
      vertex 10.9577 14.2804 0.599991
      vertex 9.66692 14.4676 0
    endloop
  endfacet
  facet normal 0.411993 0.574839 -0.706981
    outer loop
      vertex 10.9577 14.2804 0.599991
      vertex 10.5924 13.8043 0
      vertex 9.66692 14.4676 0
    endloop
  endfacet
  facet normal 0.63443 0.77298 0
    outer loop
      vertex 10.9577 14.2804 3
      vertex 11.8682 13.5331 3
      vertex 10.9577 14.2804 0.599991
    endloop
  endfacet
  facet normal 0.63443 0.77298 0
    outer loop
      vertex 11.8682 13.5331 3
      vertex 11.8682 13.5331 0.599991
      vertex 10.9577 14.2804 0.599991
    endloop
  endfacet
  facet normal 0.283826 0.345851 0.894332
    outer loop
      vertex 6.08761 7.93353 7
      vertex 6.59346 7.5184 7
      vertex 10.9577 14.2804 3
    endloop
  endfacet
  facet normal 0.283848 0.345836 0.894331
    outer loop
      vertex 6.59346 7.5184 7
      vertex 11.8682 13.5331 3
      vertex 10.9577 14.2804 3
    endloop
  endfacet
  facet normal 0.448701 0.546749 -0.706918
    outer loop
      vertex 9.13142 11.9003 12
      vertex 9.89019 11.2776 12
      vertex 6.08761 7.93353 7
    endloop
  endfacet
  facet normal 0.448697 0.546753 -0.706917
    outer loop
      vertex 9.89019 11.2776 12
      vertex 6.59346 7.5184 7
      vertex 6.08761 7.93353 7
    endloop
  endfacet
  facet normal 0.634389 0.773014 0
    outer loop
      vertex 9.13142 11.9003 14
      vertex 9.89019 11.2776 14
      vertex 9.13142 11.9003 12
    endloop
  endfacet
  facet normal 0.634389 0.773014 0
    outer loop
      vertex 9.89019 11.2776 14
      vertex 9.89019 11.2776 12
      vertex 9.13142 11.9003 12
    endloop
  endfacet
  facet normal 0 0 1
    outer loop
      vertex -0 -0 14
      vertex 9.89019 11.2776 14
      vertex 9.13142 11.9003 14
    endloop
  endfacet
  facet normal 0 -0 -1
    outer loop
      vertex 10.5924 13.8043 0
      vertex 11.4726 13.082 0
      vertex -0 -0 0
    endloop
  endfacet
  facet normal 0.448691 0.546679 -0.706978
    outer loop
      vertex 10.9577 14.2804 0.599991
      vertex 11.8682 13.5331 0.599991
      vertex 10.5924 13.8043 0
    endloop
  endfacet
  facet normal 0.448681 0.546766 -0.706918
    outer loop
      vertex 11.8682 13.5331 0.599991
      vertex 11.4726 13.082 0
      vertex 10.5924 13.8043 0
    endloop
  endfacet
  facet normal 0.683594 0.729863 0
    outer loop
      vertex 11.8682 13.5331 3
      vertex 12.7279 12.7279 3
      vertex 11.8682 13.5331 0.599991
    endloop
  endfacet
  facet normal 0.683594 0.729863 0
    outer loop
      vertex 12.7279 12.7279 3
      vertex 12.7279 12.7279 0.599991
      vertex 11.8682 13.5331 0.599991
    endloop
  endfacet
  facet normal 0.305844 0.326546 0.894331
    outer loop
      vertex 6.59346 7.5184 7
      vertex 7.07107 7.07107 7
      vertex 11.8682 13.5331 3
    endloop
  endfacet
  facet normal 0.305844 0.326546 0.894331
    outer loop
      vertex 7.07107 7.07107 7
      vertex 12.7279 12.7279 3
      vertex 11.8682 13.5331 3
    endloop
  endfacet
  facet normal 0.483506 0.516227 -0.706917
    outer loop
      vertex 9.89019 11.2776 12
      vertex 10.6066 10.6066 12
      vertex 6.59346 7.5184 7
    endloop
  endfacet
  facet normal 0.483502 0.516231 -0.706917
    outer loop
      vertex 10.6066 10.6066 12
      vertex 7.07107 7.07107 7
      vertex 6.59346 7.5184 7
    endloop
  endfacet
  facet normal 0.683597 0.72986 0
    outer loop
      vertex 9.89019 11.2776 14
      vertex 10.6066 10.6066 14
      vertex 9.89019 11.2776 12
    endloop
  endfacet
  facet normal 0.683597 0.72986 0
    outer loop
      vertex 10.6066 10.6066 14
      vertex 10.6066 10.6066 12
      vertex 9.89019 11.2776 12
    endloop
  endfacet
  facet normal 0 0 1
    outer loop
      vertex -0 -0 14
      vertex 10.6066 10.6066 14
      vertex 9.89019 11.2776 14
    endloop
  endfacet
  facet normal 0 -0 -1
    outer loop
      vertex 11.4726 13.082 0
      vertex 12.3037 12.3037 0
      vertex -0 -0 0
    endloop
  endfacet
  facet normal 0.483503 0.516229 -0.706918
    outer loop
      vertex 11.8682 13.5331 0.599991
      vertex 12.7279 12.7279 0.599991
      vertex 11.4726 13.082 0
    endloop
  endfacet
  facet normal 0.483499 0.5163 -0.706868
    outer loop
      vertex 12.7279 12.7279 0.599991
      vertex 12.3037 12.3037 0
      vertex 11.4726 13.082 0
    endloop
  endfacet
  facet normal 0.729863 0.683594 0
    outer loop
      vertex 12.7279 12.7279 3
      vertex 13.5331 11.8682 3
      vertex 12.7279 12.7279 0.599991
    endloop
  endfacet
  facet normal 0.729863 0.683594 0
    outer loop
      vertex 13.5331 11.8682 3
      vertex 13.5331 11.8682 0.599991
      vertex 12.7279 12.7279 0.599991
    endloop
  endfacet
  facet normal 0.326546 0.305844 0.894331
    outer loop
      vertex 7.07107 7.07107 7
      vertex 7.5184 6.59346 7
      vertex 12.7279 12.7279 3
    endloop
  endfacet
  facet normal 0.326545 0.305844 0.894331
    outer loop
      vertex 7.5184 6.59346 7
      vertex 13.5331 11.8682 3
      vertex 12.7279 12.7279 3
    endloop
  endfacet
  facet normal 0.516227 0.483506 -0.706917
    outer loop
      vertex 10.6066 10.6066 12
      vertex 11.2776 9.89019 12
      vertex 7.07107 7.07107 7
    endloop
  endfacet
  facet normal 0.51623 0.483502 -0.706918
    outer loop
      vertex 11.2776 9.89019 12
      vertex 7.5184 6.59346 7
      vertex 7.07107 7.07107 7
    endloop
  endfacet
  facet normal 0.72986 0.683597 0
    outer loop
      vertex 10.6066 10.6066 14
      vertex 11.2776 9.89019 14
      vertex 10.6066 10.6066 12
    endloop
  endfacet
  facet normal 0.72986 0.683597 0
    outer loop
      vertex 11.2776 9.89019 14
      vertex 11.2776 9.89019 12
      vertex 10.6066 10.6066 12
    endloop
  endfacet
  facet normal 0 0 1
    outer loop
      vertex -0 -0 14
      vertex 11.2776 9.89019 14
      vertex 10.6066 10.6066 14
    endloop
  endfacet
  facet normal 0 -0 -1
    outer loop
      vertex 12.3037 12.3037 0
      vertex 13.082 11.4726 0
      vertex -0 -0 0
    endloop
  endfacet
  facet normal 0.516264 0.483536 -0.706869
    outer loop
      vertex 12.7279 12.7279 0.599991
      vertex 13.5331 11.8682 0.599991
      vertex 12.3037 12.3037 0
    endloop
  endfacet
  facet normal 0.516263 0.483465 -0.706919
    outer loop
      vertex 13.5331 11.8682 0.599991
      vertex 13.082 11.4726 0
      vertex 12.3037 12.3037 0
    endloop
  endfacet
  facet normal 0.77298 0.63443 0
    outer loop
      vertex 13.5331 11.8682 3
      vertex 14.2804 10.9577 3
      vertex 13.5331 11.8682 0.599991
    endloop
  endfacet
  facet normal 0.77298 0.63443 0
    outer loop
      vertex 14.2804 10.9577 3
      vertex 14.2804 10.9577 0.599991
      vertex 13.5331 11.8682 0.599991
    endloop
  endfacet
  facet normal 0.345854 0.283828 0.894331
    outer loop
      vertex 7.5184 6.59346 7
      vertex 7.93353 6.08761 7
      vertex 13.5331 11.8682 3
    endloop
  endfacet
  facet normal 0.345835 0.283847 0.894332
    outer loop
      vertex 7.93353 6.08761 7
      vertex 14.2804 10.9577 3
      vertex 13.5331 11.8682 3
    endloop
  endfacet
  facet normal 0.54675 0.448701 -0.706917
    outer loop
      vertex 11.2776 9.89019 12
      vertex 11.9003 9.13142 12
      vertex 7.5184 6.59346 7
    endloop
  endfacet
  facet normal 0.546752 0.448697 -0.706918
    outer loop
      vertex 11.9003 9.13142 12
      vertex 7.93353 6.08761 7
      vertex 7.5184 6.59346 7
    endloop
  endfacet
  facet normal 0.773014 0.634389 0
    outer loop
      vertex 11.2776 9.89019 14
      vertex 11.9003 9.13142 14
      vertex 11.2776 9.89019 12
    endloop
  endfacet
  facet normal 0.773014 0.634389 0
    outer loop
      vertex 11.9003 9.13142 14
      vertex 11.9003 9.13142 12
      vertex 11.2776 9.89019 12
    endloop
  endfacet
  facet normal 0 0 1
    outer loop
      vertex -0 -0 14
      vertex 11.9003 9.13142 14
      vertex 11.2776 9.89019 14
    endloop
  endfacet
  facet normal 0 -0 -1
    outer loop
      vertex 13.082 11.4726 0
      vertex 13.8043 10.5924 0
      vertex -0 -0 0
    endloop
  endfacet
  facet normal 0.546725 0.448729 -0.706919
    outer loop
      vertex 13.5331 11.8682 0.599991
      vertex 14.2804 10.9577 0.599991
      vertex 13.082 11.4726 0
    endloop
  endfacet
  facet normal 0.546718 0.448642 -0.706979
    outer loop
      vertex 14.2804 10.9577 0.599991
      vertex 13.8043 10.5924 0
      vertex 13.082 11.4726 0
    endloop
  endfacet
  facet normal 0.812832 0.582498 0
    outer loop
      vertex 14.2804 10.9577 3
      vertex 14.9665 10.0003 3
      vertex 14.2804 10.9577 0.599991
    endloop
  endfacet
  facet normal 0.812832 0.582498 0
    outer loop
      vertex 14.9665 10.0003 3
      vertex 14.9665 10.0003 0.599991
      vertex 14.2804 10.9577 0.599991
    endloop
  endfacet
  facet normal 0.363668 0.260607 0.894332
    outer loop
      vertex 7.93353 6.08761 7
      vertex 8.3147 5.5557 7
      vertex 14.2804 10.9577 3
    endloop
  endfacet
  facet normal 0.363663 0.260611 0.894332
    outer loop
      vertex 8.3147 5.5557 7
      vertex 14.9665 10.0003 3
      vertex 14.2804 10.9577 3
    endloop
  endfacet
  facet normal 0.574939 0.411963 -0.706917
    outer loop
      vertex 11.9003 9.13142 12
      vertex 12.472 8.33355 12
      vertex 7.93353 6.08761 7
    endloop
  endfacet
  facet normal 0.574921 0.411992 -0.706914
    outer loop
      vertex 12.472 8.33355 12
      vertex 8.3147 5.5557 7
      vertex 7.93353 6.08761 7
    endloop
  endfacet
  facet normal 0.812869 0.582447 0
    outer loop
      vertex 11.9003 9.13142 14
      vertex 12.472 8.33355 14
      vertex 11.9003 9.13142 12
    endloop
  endfacet
  facet normal 0.812869 0.582447 0
    outer loop
      vertex 12.472 8.33355 14
      vertex 12.472 8.33355 12
      vertex 11.9003 9.13142 12
    endloop
  endfacet
  facet normal 0 0 1
    outer loop
      vertex -0 -0 14
      vertex 12.472 8.33355 14
      vertex 11.9003 9.13142 14
    endloop
  endfacet
  facet normal 0 -0 -1
    outer loop
      vertex 13.8043 10.5924 0
      vertex 14.4676 9.66692 0
      vertex -0 -0 0
    endloop
  endfacet
  facet normal 0.574862 0.411962 -0.70698
    outer loop
      vertex 14.2804 10.9577 0.599991
      vertex 14.9665 10.0003 0.599991
      vertex 13.8043 10.5924 0
    endloop
  endfacet
  facet normal 0.57487 0.412014 -0.706944
    outer loop
      vertex 14.9665 10.0003 0.599991
      vertex 14.4676 9.66692 0
      vertex 13.8043 10.5924 0
    endloop
  endfacet
  facet normal 0.849212 0.528052 0
    outer loop
      vertex 14.9665 10.0003 3
      vertex 15.5885 9 3
      vertex 14.9665 10.0003 0.599991
    endloop
  endfacet
  facet normal 0.849212 0.528052 0
    outer loop
      vertex 15.5885 9 3
      vertex 15.5885 9 0.599991
      vertex 14.9665 10.0003 0.599991
    endloop
  endfacet
  facet normal 0.379937 0.236256 0.894333
    outer loop
      vertex 8.3147 5.5557 7
      vertex 8.66025 5 7
      vertex 14.9665 10.0003 3
    endloop
  endfacet
  facet normal 0.37994 0.236252 0.894332
    outer loop
      vertex 8.66025 5 7
      vertex 15.5885 9 3
      vertex 14.9665 10.0003 3
    endloop
  endfacet
  facet normal 0.600618 0.373535 -0.706915
    outer loop
      vertex 12.472 8.33355 12
      vertex 12.9904 7.5 12
      vertex 8.3147 5.5557 7
    endloop
  endfacet
  facet normal 0.600639 0.373495 -0.706919
    outer loop
      vertex 12.9904 7.5 12
      vertex 8.66025 5 7
      vertex 8.3147 5.5557 7
    endloop
  endfacet
  facet normal 0.849172 0.528116 0
    outer loop
      vertex 12.472 8.33355 14
      vertex 12.9904 7.5 14
      vertex 12.472 8.33355 12
    endloop
  endfacet
  facet normal 0.849172 0.528116 0
    outer loop
      vertex 12.9904 7.5 14
      vertex 12.9904 7.5 12
      vertex 12.472 8.33355 12
    endloop
  endfacet
  facet normal 0 0 1
    outer loop
      vertex -0 -0 14
      vertex 12.9904 7.5 14
      vertex 12.472 8.33355 14
    endloop
  endfacet
  facet normal 0 -0 -1
    outer loop
      vertex 14.4676 9.66692 0
      vertex 15.0688 8.7 0
      vertex -0 -0 0
    endloop
  endfacet
  facet normal 0.600622 0.373475 -0.706943
    outer loop
      vertex 14.9665 10.0003 0.599991
      vertex 15.5885 9 0.599991
      vertex 14.4676 9.66692 0
    endloop
  endfacet
  facet normal 0.600616 0.373444 -0.706966
    outer loop
      vertex 15.5885 9 0.599991
      vertex 15.0688 8.7 0
      vertex 14.4676 9.66692 0
    endloop
  endfacet
  facet normal 0.881939 0.471364 0
    outer loop
      vertex 15.5885 9 3
      vertex 16.1437 7.9612 3
      vertex 15.5885 9 0.599991
    endloop
  endfacet
  facet normal 0.881939 0.471364 0
    outer loop
      vertex 16.1437 7.9612 3
      vertex 16.1437 7.9612 0.599991
      vertex 15.5885 9 0.599991
    endloop
  endfacet
  facet normal 0.394572 0.210909 0.894332
    outer loop
      vertex 8.66025 5 7
      vertex 8.96873 4.42289 7
      vertex 15.5885 9 3
    endloop
  endfacet
  facet normal 0.394584 0.210891 0.894331
    outer loop
      vertex 8.96873 4.42289 7
      vertex 16.1437 7.9612 3
      vertex 15.5885 9 3
    endloop
  endfacet
  facet normal 0.623781 0.333411 -0.706919
    outer loop
      vertex 12.9904 7.5 12
      vertex 13.4531 6.63433 12
      vertex 8.66025 5 7
    endloop
  endfacet
  facet normal 0.623776 0.333424 -0.706918
    outer loop
      vertex 13.4531 6.63433 12
      vertex 8.96873 4.42289 7
      vertex 8.66025 5 7
    endloop
  endfacet
  facet normal 0.881926 0.471389 0
    outer loop
      vertex 12.9904 7.5 14
      vertex 13.4531 6.63433 14
      vertex 12.9904 7.5 12
    endloop
  endfacet
  facet normal 0.881926 0.471389 0
    outer loop
      vertex 13.4531 6.63433 14
      vertex 13.4531 6.63433 12
      vertex 12.9904 7.5 12
    endloop
  endfacet
  facet normal 0 0 1
    outer loop
      vertex -0 -0 14
      vertex 13.4531 6.63433 14
      vertex 12.9904 7.5 14
    endloop
  endfacet
  facet normal 0 -0 -1
    outer loop
      vertex 15.0688 8.7 0
      vertex 15.6056 7.69582 0
      vertex -0 -0 0
    endloop
  endfacet
  facet normal 0.623749 0.333371 -0.706966
    outer loop
      vertex 15.5885 9 0.599991
      vertex 16.1437 7.9612 0.599991
      vertex 15.0688 8.7 0
    endloop
  endfacet
  facet normal 0.62377 0.333446 -0.706912
    outer loop
      vertex 16.1437 7.9612 0.599991
      vertex 15.6056 7.69582 0
      vertex 15.0688 8.7 0
    endloop
  endfacet
  facet normal 0.910872 0.41269 0
    outer loop
      vertex 16.1437 7.9612 3
      vertex 16.6298 6.8883 3
      vertex 16.1437 7.9612 0.599991
    endloop
  endfacet
  facet normal 0.910872 0.41269 0
    outer loop
      vertex 16.6298 6.8883 3
      vertex 16.6298 6.8883 0.599991
      vertex 16.1437 7.9612 0.599991
    endloop
  endfacet
  facet normal 0.407526 0.184647 0.894331
    outer loop
      vertex 8.96873 4.42289 7
      vertex 9.2388 3.82683 7
      vertex 16.1437 7.9612 3
    endloop
  endfacet
  facet normal 0.40753 0.18464 0.894331
    outer loop
      vertex 9.2388 3.82683 7
      vertex 16.6298 6.8883 3
      vertex 16.1437 7.9612 3
    endloop
  endfacet
  facet normal 0.644251 0.291905 -0.706918
    outer loop
      vertex 13.4531 6.63433 12
      vertex 13.8582 5.74025 12
      vertex 8.96873 4.42289 7
    endloop
  endfacet
  facet normal 0.644251 0.291905 -0.706918
    outer loop
      vertex 13.8582 5.74025 12
      vertex 9.2388 3.82683 7
      vertex 8.96873 4.42289 7
    endloop
  endfacet
  facet normal 0.910865 0.412705 0
    outer loop
      vertex 13.4531 6.63433 14
      vertex 13.8582 5.74025 14
      vertex 13.4531 6.63433 12
    endloop
  endfacet
  facet normal 0.910865 0.412705 0
    outer loop
      vertex 13.8582 5.74025 14
      vertex 13.8582 5.74025 12
      vertex 13.4531 6.63433 12
    endloop
  endfacet
  facet normal 0 0 1
    outer loop
      vertex -0 -0 14
      vertex 13.8582 5.74025 14
      vertex 13.4531 6.63433 14
    endloop
  endfacet
  facet normal 0 -0 -1
    outer loop
      vertex 15.6056 7.69582 0
      vertex 16.0755 6.65869 0
      vertex -0 -0 0
    endloop
  endfacet
  facet normal 0.644261 0.291896 -0.706911
    outer loop
      vertex 16.1437 7.9612 0.599991
      vertex 16.6298 6.8883 0.599991
      vertex 15.6056 7.69582 0
    endloop
  endfacet
  facet normal 0.644263 0.291901 -0.706908
    outer loop
      vertex 16.6298 6.8883 0.599991
      vertex 16.0755 6.65869 0
      vertex 15.6056 7.69582 0
    endloop
  endfacet
  facet normal 0.935909 0.352242 0
    outer loop
      vertex 16.6298 6.8883 3
      vertex 17.0447 5.78591 3
      vertex 16.6298 6.8883 0.599991
    endloop
  endfacet
  facet normal 0.935909 0.352242 0
    outer loop
      vertex 17.0447 5.78591 3
      vertex 17.0447 5.78591 0.599991
      vertex 16.6298 6.8883 0.599991
    endloop
  endfacet
  facet normal 0.418732 0.157595 0.894331
    outer loop
      vertex 9.2388 3.82683 7
      vertex 9.4693 3.21439 7
      vertex 16.6298 6.8883 3
    endloop
  endfacet
  facet normal 0.418732 0.157596 0.894331
    outer loop
      vertex 9.4693 3.21439 7
      vertex 17.0447 5.78591 3
      vertex 16.6298 6.8883 3
    endloop
  endfacet
  facet normal 0.661952 0.249171 -0.706918
    outer loop
      vertex 13.8582 5.74025 12
      vertex 14.204 4.82159 12
      vertex 9.2388 3.82683 7
    endloop
  endfacet
  facet normal 0.661962 0.249138 -0.706921
    outer loop
      vertex 14.204 4.82159 12
      vertex 9.4693 3.21439 7
      vertex 9.2388 3.82683 7
    endloop
  endfacet
  facet normal 0.935892 0.352287 0
    outer loop
      vertex 13.8582 5.74025 14
      vertex 14.204 4.82159 14
      vertex 13.8582 5.74025 12
    endloop
  endfacet
  facet normal 0.935892 0.352287 0
    outer loop
      vertex 14.204 4.82159 14
      vertex 14.204 4.82159 12
      vertex 13.8582 5.74025 12
    endloop
  endfacet
  facet normal 0 0 1
    outer loop
      vertex -0 -0 14
      vertex 14.204 4.82159 14
      vertex 13.8582 5.74025 14
    endloop
  endfacet
  facet normal 0 -0 -1
    outer loop
      vertex 16.0755 6.65869 0
      vertex 16.4766 5.59304 0
      vertex -0 -0 0
    endloop
  endfacet
  facet normal 0.661974 0.249143 -0.706907
    outer loop
      vertex 16.6298 6.8883 0.599991
      vertex 17.0447 5.78591 0.599991
      vertex 16.0755 6.65869 0
    endloop
  endfacet
  facet normal 0.661983 0.249164 -0.706892
    outer loop
      vertex 17.0447 5.78591 0.599991
      vertex 16.4766 5.59304 0
      vertex 16.0755 6.65869 0
    endloop
  endfacet
  facet normal 0.956922 0.290344 0
    outer loop
      vertex 17.0447 5.78591 3
      vertex 17.3867 4.65874 3
      vertex 17.0447 5.78591 0.599991
    endloop
  endfacet
  facet normal 0.956922 0.290344 0
    outer loop
      vertex 17.3867 4.65874 3
      vertex 17.3867 4.65874 0.599991
      vertex 17.0447 5.78591 0.599991
    endloop
  endfacet
  facet normal 0.428141 0.129878 0.894331
    outer loop
      vertex 9.4693 3.21439 7
      vertex 9.65926 2.58819 7
      vertex 17.0447 5.78591 3
    endloop
  endfacet
  facet normal 0.428131 0.129901 0.894332
    outer loop
      vertex 9.65926 2.58819 7
      vertex 17.3867 4.65874 3
      vertex 17.0447 5.78591 3
    endloop
  endfacet
  facet normal 0.676844 0.205294 -0.70692
    outer loop
      vertex 14.204 4.82159 12
      vertex 14.4889 3.88229 12
      vertex 9.4693 3.21439 7
    endloop
  endfacet
  facet normal 0.676838 0.205321 -0.706918
    outer loop
      vertex 14.4889 3.88229 12
      vertex 9.65926 2.58819 7
      vertex 9.4693 3.21439 7
    endloop
  endfacet
  facet normal 0.95695 0.290253 0
    outer loop
      vertex 14.204 4.82159 14
      vertex 14.4889 3.88229 14
      vertex 14.204 4.82159 12
    endloop
  endfacet
  facet normal 0.95695 0.290253 0
    outer loop
      vertex 14.4889 3.88229 14
      vertex 14.4889 3.88229 12
      vertex 14.204 4.82159 12
    endloop
  endfacet
  facet normal 0 0 1
    outer loop
      vertex -0 -0 14
      vertex 14.4889 3.88229 14
      vertex 14.204 4.82159 14
    endloop
  endfacet
  facet normal 0 -0 -1
    outer loop
      vertex 16.4766 5.59304 0
      vertex 16.8071 4.50345 0
      vertex -0 -0 0
    endloop
  endfacet
  facet normal 0.676852 0.205367 -0.706892
    outer loop
      vertex 17.0447 5.78591 0.599991
      vertex 17.3867 4.65874 0.599991
      vertex 16.4766 5.59304 0
    endloop
  endfacet
  facet normal 0.676815 0.205295 -0.706948
    outer loop
      vertex 17.3867 4.65874 0.599991
      vertex 16.8071 4.50345 0
      vertex 16.4766 5.59304 0
    endloop
  endfacet
  facet normal 0.97389 0.227021 0
    outer loop
      vertex 17.3867 4.65874 3
      vertex 17.6541 3.51163 3
      vertex 17.3867 4.65874 0.599991
    endloop
  endfacet
  facet normal 0.97389 0.227021 0
    outer loop
      vertex 17.6541 3.51163 3
      vertex 17.6541 3.51163 0.599991
      vertex 17.3867 4.65874 0.599991
    endloop
  endfacet
  facet normal 0.435717 0.101591 0.894332
    outer loop
      vertex 9.65926 2.58819 7
      vertex 9.80785 1.9509 7
      vertex 17.3867 4.65874 3
    endloop
  endfacet
  facet normal 0.435724 0.101571 0.894331
    outer loop
      vertex 9.80785 1.9509 7
      vertex 17.6541 3.51163 3
      vertex 17.3867 4.65874 3
    endloop
  endfacet
  facet normal 0.688818 0.160614 -0.706918
    outer loop
      vertex 14.4889 3.88229 12
      vertex 14.7118 2.92635 12
      vertex 9.65926 2.58819 7
    endloop
  endfacet
  facet normal 0.688819 0.160604 -0.706919
    outer loop
      vertex 14.7118 2.92635 12
      vertex 9.80785 1.9509 7
      vertex 9.65926 2.58819 7
    endloop
  endfacet
  facet normal 0.973876 0.227082 0
    outer loop
      vertex 14.4889 3.88229 14
      vertex 14.7118 2.92635 14
      vertex 14.4889 3.88229 12
    endloop
  endfacet
  facet normal 0.973876 0.227082 0
    outer loop
      vertex 14.7118 2.92635 14
      vertex 14.7118 2.92635 12
      vertex 14.4889 3.88229 12
    endloop
  endfacet
  facet normal 0 0 1
    outer loop
      vertex -0 -0 14
      vertex 14.7118 2.92635 14
      vertex 14.4889 3.88229 14
    endloop
  endfacet
  facet normal 0 -0 -1
    outer loop
      vertex 16.8071 4.50345 0
      vertex 17.0657 3.39457 0
      vertex -0 -0 0
    endloop
  endfacet
  facet normal 0.688799 0.160564 -0.706947
    outer loop
      vertex 17.3867 4.65874 0.599991
      vertex 17.6541 3.51163 0.599991
      vertex 16.8071 4.50345 0
    endloop
  endfacet
  facet normal 0.688847 0.160645 -0.706882
    outer loop
      vertex 17.6541 3.51163 0.599991
      vertex 17.0657 3.39457 0
      vertex 16.8071 4.50345 0
    endloop
  endfacet
  facet normal 0.98664 0.162917 0
    outer loop
      vertex 17.6541 3.51163 3
      vertex 17.846 2.34947 3
      vertex 17.6541 3.51163 0.599991
    endloop
  endfacet
  facet normal 0.98664 0.162917 0
    outer loop
      vertex 17.846 2.34947 3
      vertex 17.846 2.34947 0.599991
      vertex 17.6541 3.51163 0.599991
    endloop
  endfacet
  facet normal 0.44143 0.0728834 0.894331
    outer loop
      vertex 9.80785 1.9509 7
      vertex 9.91445 1.30526 7
      vertex 17.6541 3.51163 3
    endloop
  endfacet
  facet normal 0.441428 0.0728902 0.894331
    outer loop
      vertex 9.91445 1.30526 7
      vertex 17.846 2.34947 3
      vertex 17.6541 3.51163 3
    endloop
  endfacet
  facet normal 0.697847 0.11522 -0.706919
    outer loop
      vertex 14.7118 2.92635 12
      vertex 14.8717 1.95789 12
      vertex 9.80785 1.9509 7
    endloop
  endfacet
  facet normal 0.697847 0.11522 -0.706919
    outer loop
      vertex 14.8717 1.95789 12
      vertex 9.91445 1.30526 7
      vertex 9.80785 1.9509 7
    endloop
  endfacet
  facet normal 0.986642 0.162902 0
    outer loop
      vertex 14.7118 2.92635 14
      vertex 14.8717 1.95789 14
      vertex 14.7118 2.92635 12
    endloop
  endfacet
  facet normal 0.986642 0.162902 0
    outer loop
      vertex 14.8717 1.95789 14
      vertex 14.8717 1.95789 12
      vertex 14.7118 2.92635 12
    endloop
  endfacet
  facet normal 0 0 1
    outer loop
      vertex -0 -0 14
      vertex 14.8717 1.95789 14
      vertex 14.7118 2.92635 14
    endloop
  endfacet
  facet normal 0 -0 -1
    outer loop
      vertex 17.0657 3.39457 0
      vertex 17.2511 2.27115 0
      vertex -0 -0 0
    endloop
  endfacet
  facet normal 0.697881 0.115237 -0.706882
    outer loop
      vertex 17.6541 3.51163 0.599991
      vertex 17.846 2.34947 0.599991
      vertex 17.0657 3.39457 0
    endloop
  endfacet
  facet normal 0.697831 0.115164 -0.706943
    outer loop
      vertex 17.846 2.34947 0.599991
      vertex 17.2511 2.27115 0
      vertex 17.0657 3.39457 0
    endloop
  endfacet
  facet normal 0.995181 0.098057 0
    outer loop
      vertex 17.846 2.34947 3
      vertex 17.9615 1.17726 3
      vertex 17.846 2.34947 0.599991
    endloop
  endfacet
  facet normal 0.995181 0.098057 0
    outer loop
      vertex 17.9615 1.17726 3
      vertex 17.9615 1.17726 0.599991
      vertex 17.846 2.34947 0.599991
    endloop
  endfacet
  facet normal 0.445251 0.0438531 0.894331
    outer loop
      vertex 9.91445 1.30526 7
      vertex 9.97859 0.654031 7
      vertex 17.846 2.34947 3
    endloop
  endfacet
  facet normal 0.445248 0.0438711 0.894332
    outer loop
      vertex 9.97859 0.654031 7
      vertex 17.9615 1.17726 3
      vertex 17.846 2.34947 3
    endloop
  endfacet
  facet normal 0.703889 0.0693194 -0.706919
    outer loop
      vertex 14.8717 1.95789 12
      vertex 14.9679 0.981047 12
      vertex 9.91445 1.30526 7
    endloop
  endfacet
  facet normal 0.703889 0.0693265 -0.706919
    outer loop
      vertex 14.9679 0.981047 12
      vertex 9.97859 0.654031 7
      vertex 9.91445 1.30526 7
    endloop
  endfacet
  facet normal 0.995186 0.0980064 0
    outer loop
      vertex 14.8717 1.95789 14
      vertex 14.9679 0.981047 14
      vertex 14.8717 1.95789 12
    endloop
  endfacet
  facet normal 0.995186 0.0980064 0
    outer loop
      vertex 14.9679 0.981047 14
      vertex 14.9679 0.981047 12
      vertex 14.8717 1.95789 12
    endloop
  endfacet
  facet normal 0 0 1
    outer loop
      vertex -0 -0 14
      vertex 14.9679 0.981047 14
      vertex 14.8717 1.95789 14
    endloop
  endfacet
  facet normal 0 -0 -1
    outer loop
      vertex 17.2511 2.27115 0
      vertex 17.3627 1.13801 0
      vertex -0 -0 0
    endloop
  endfacet
  facet normal 0.703862 0.0693528 -0.706943
    outer loop
      vertex 17.846 2.34947 0.599991
      vertex 17.9615 1.17726 0.599991
      vertex 17.2511 2.27115 0
    endloop
  endfacet
  facet normal 0.703835 0.0693189 -0.706973
    outer loop
      vertex 17.9615 1.17726 0.599991
      vertex 17.3627 1.13801 0
      vertex 17.2511 2.27115 0
    endloop
  endfacet
  facet normal 0.999466 0.0326856 0
    outer loop
      vertex 17.9615 1.17726 3
      vertex 18 0 3
      vertex 17.9615 1.17726 0.599991
    endloop
  endfacet
  facet normal 0.999466 0.0326856 0
    outer loop
      vertex 18 0 3
      vertex 18 0 0.599991
      vertex 17.9615 1.17726 0.599991
    endloop
  endfacet
  facet normal 0.447164 0.0146381 0.894332
    outer loop
      vertex 9.97859 0.654031 7
      vertex 10 0 7
      vertex 17.9615 1.17726 3
    endloop
  endfacet
  facet normal 0.447166 0.0146237 0.894332
    outer loop
      vertex 10 0 7
      vertex 18 0 3
      vertex 17.9615 1.17726 3
    endloop
  endfacet
  facet normal 0.706917 0.0231304 -0.706918
    outer loop
      vertex 14.9679 0.981047 12
      vertex 15 0 12
      vertex 9.97859 0.654031 7
    endloop
  endfacet
  facet normal 0.706917 0.0231413 -0.706917
    outer loop
      vertex 15 0 12
      vertex 10 0 7
      vertex 9.97859 0.654031 7
    endloop
  endfacet
  facet normal 0.999465 0.0327026 0
    outer loop
      vertex 14.9679 0.981047 14
      vertex 15 0 14
      vertex 14.9679 0.981047 12
    endloop
  endfacet
  facet normal 0.999465 0.0327026 0
    outer loop
      vertex 15 0 14
      vertex 15 0 12
      vertex 14.9679 0.981047 12
    endloop
  endfacet
  facet normal 0 0 1
    outer loop
      vertex -0 -0 14
      vertex 15 0 14
      vertex 14.9679 0.981047 14
    endloop
  endfacet
  facet normal 0 -0 -1
    outer loop
      vertex 17.3627 1.13801 0
      vertex 17.4 0 0
      vertex -0 -0 0
    endloop
  endfacet
  facet normal 0.706863 0.0231166 -0.706972
    outer loop
      vertex 17.9615 1.17726 0.599991
      vertex 18 0 0.599991
      vertex 17.3627 1.13801 0
    endloop
  endfacet
  facet normal 0.706912 0.0231701 -0.706922
    outer loop
      vertex 18 0 0.599991
      vertex 17.4 0 0
      vertex 17.3627 1.13801 0
    endloop
  endfacet
  facet normal 0.999466 -0.0326856 0
    outer loop
      vertex 18 0 3
      vertex 17.9615 -1.17726 3
      vertex 18 0 0.599991
    endloop
  endfacet
  facet normal 0.999466 -0.0326856 0
    outer loop
      vertex 17.9615 -1.17726 3
      vertex 17.9615 -1.17726 0.599991
      vertex 18 0 0.599991
    endloop
  endfacet
  facet normal 0.447166 -0.0146382 0.894331
    outer loop
      vertex 10 0 7
      vertex 9.97859 -0.654031 7
      vertex 18 0 3
    endloop
  endfacet
  facet normal 0.447165 -0.0146237 0.894332
    outer loop
      vertex 9.97859 -0.654031 7
      vertex 17.9615 -1.17726 3
      vertex 18 0 3
    endloop
  endfacet
  facet normal 0.706918 -0.0231304 -0.706918
    outer loop
      vertex 15 0 12
      vertex 14.9679 -0.981047 12
      vertex 10 0 7
    endloop
  endfacet
  facet normal 0.706916 -0.0231412 -0.706918
    outer loop
      vertex 14.9679 -0.981047 12
      vertex 9.97859 -0.654031 7
      vertex 10 0 7
    endloop
  endfacet
  facet normal 0.999465 -0.0327026 0
    outer loop
      vertex 15 0 14
      vertex 14.9679 -0.981047 14
      vertex 15 0 12
    endloop
  endfacet
  facet normal 0.999465 -0.0327026 0
    outer loop
      vertex 14.9679 -0.981047 14
      vertex 14.9679 -0.981047 12
      vertex 15 0 12
    endloop
  endfacet
  facet normal -0 0 1
    outer loop
      vertex -0 -0 14
      vertex 14.9679 -0.981047 14
      vertex 15 0 14
    endloop
  endfacet
  facet normal 0 0 -1
    outer loop
      vertex 17.4 0 0
      vertex 17.3627 -1.13801 0
      vertex -0 -0 0
    endloop
  endfacet
  facet normal 0.706912 -0.0231182 -0.706923
    outer loop
      vertex 18 0 0.599991
      vertex 17.9615 -1.17726 0.599991
      vertex 17.4 0 0
    endloop
  endfacet
  facet normal 0.706861 -0.0231684 -0.706973
    outer loop
      vertex 17.9615 -1.17726 0.599991
      vertex 17.3627 -1.13801 0
      vertex 17.4 0 0
    endloop
  endfacet
  facet normal 0.995181 -0.098057 0
    outer loop
      vertex 17.9615 -1.17726 3
      vertex 17.846 -2.34947 3
      vertex 17.9615 -1.17726 0.599991
    endloop
  endfacet
  facet normal 0.995181 -0.098057 0
    outer loop
      vertex 17.846 -2.34947 3
      vertex 17.846 -2.34947 0.599991
      vertex 17.9615 -1.17726 0.599991
    endloop
  endfacet
  facet normal 0.445249 -0.0438529 0.894332
    outer loop
      vertex 9.97859 -0.654031 7
      vertex 9.91445 -1.30526 7
      vertex 17.9615 -1.17726 3
    endloop
  endfacet
  facet normal 0.445249 -0.0438712 0.894331
    outer loop
      vertex 9.91445 -1.30526 7
      vertex 17.846 -2.34947 3
      vertex 17.9615 -1.17726 3
    endloop
  endfacet
  facet normal 0.70389 -0.0693194 -0.706919
    outer loop
      vertex 14.9679 -0.981047 12
      vertex 14.8717 -1.95789 12
      vertex 9.97859 -0.654031 7
    endloop
  endfacet
  facet normal 0.703889 -0.0693265 -0.706919
    outer loop
      vertex 14.8717 -1.95789 12
      vertex 9.91445 -1.30526 7
      vertex 9.97859 -0.654031 7
    endloop
  endfacet
  facet normal 0.995186 -0.0980064 0
    outer loop
      vertex 14.9679 -0.981047 14
      vertex 14.8717 -1.95789 14
      vertex 14.9679 -0.981047 12
    endloop
  endfacet
  facet normal 0.995186 -0.0980064 0
    outer loop
      vertex 14.8717 -1.95789 14
      vertex 14.8717 -1.95789 12
      vertex 14.9679 -0.981047 12
    endloop
  endfacet
  facet normal 0 0 1
    outer loop
      vertex -0 -0 14
      vertex 14.8717 -1.95789 14
      vertex 14.9679 -0.981047 14
    endloop
  endfacet
  facet normal -0 0 -1
    outer loop
      vertex 17.3627 -1.13801 0
      vertex 17.2511 -2.27115 0
      vertex -0 -0 0
    endloop
  endfacet
  facet normal 0.703833 -0.0693499 -0.706972
    outer loop
      vertex 17.9615 -1.17726 0.599991
      vertex 17.846 -2.34947 0.599991
      vertex 17.3627 -1.13801 0
    endloop
  endfacet
  facet normal 0.703866 -0.0693219 -0.706942
    outer loop
      vertex 17.846 -2.34947 0.599991
      vertex 17.2511 -2.27115 0
      vertex 17.3627 -1.13801 0
    endloop
  endfacet
  facet normal 0.98664 -0.162917 0
    outer loop
      vertex 17.846 -2.34947 3
      vertex 17.6541 -3.51163 3
      vertex 17.846 -2.34947 0.599991
    endloop
  endfacet
  facet normal 0.98664 -0.162917 0
    outer loop
      vertex 17.6541 -3.51163 3
      vertex 17.6541 -3.51163 0.599991
      vertex 17.846 -2.34947 0.599991
    endloop
  endfacet
  facet normal 0.441429 -0.0728833 0.894331
    outer loop
      vertex 9.91445 -1.30526 7
      vertex 9.80785 -1.9509 7
      vertex 17.846 -2.34947 3
    endloop
  endfacet
  facet normal 0.441429 -0.0728903 0.894331
    outer loop
      vertex 9.80785 -1.9509 7
      vertex 17.6541 -3.51163 3
      vertex 17.846 -2.34947 3
    endloop
  endfacet
  facet normal 0.697847 -0.11522 -0.706919
    outer loop
      vertex 14.8717 -1.95789 12
      vertex 14.7118 -2.92635 12
      vertex 9.91445 -1.30526 7
    endloop
  endfacet
  facet normal 0.697847 -0.11522 -0.706919
    outer loop
      vertex 14.7118 -2.92635 12
      vertex 9.80785 -1.9509 7
      vertex 9.91445 -1.30526 7
    endloop
  endfacet
  facet normal 0.986642 -0.162902 0
    outer loop
      vertex 14.8717 -1.95789 14
      vertex 14.7118 -2.92635 14
      vertex 14.8717 -1.95789 12
    endloop
  endfacet
  facet normal 0.986642 -0.162902 0
    outer loop
      vertex 14.7118 -2.92635 14
      vertex 14.7118 -2.92635 12
      vertex 14.8717 -1.95789 12
    endloop
  endfacet
  facet normal 0 0 1
    outer loop
      vertex -0 -0 14
      vertex 14.7118 -2.92635 14
      vertex 14.8717 -1.95789 14
    endloop
  endfacet
  facet normal -0 0 -1
    outer loop
      vertex 17.2511 -2.27115 0
      vertex 17.0657 -3.39457 0
      vertex -0 -0 0
    endloop
  endfacet
  facet normal 0.697822 -0.115227 -0.706942
    outer loop
      vertex 17.846 -2.34947 0.599991
      vertex 17.6541 -3.51163 0.599991
      vertex 17.2511 -2.27115 0
    endloop
  endfacet
  facet normal 0.697893 -0.115174 -0.706881
    outer loop
      vertex 17.6541 -3.51163 0.599991
      vertex 17.0657 -3.39457 0
      vertex 17.2511 -2.27115 0
    endloop
  endfacet
  facet normal 0.97389 -0.227021 0
    outer loop
      vertex 17.6541 -3.51163 3
      vertex 17.3867 -4.65874 3
      vertex 17.6541 -3.51163 0.599991
    endloop
  endfacet
  facet normal 0.97389 -0.227021 0
    outer loop
      vertex 17.3867 -4.65874 3
      vertex 17.3867 -4.65874 0.599991
      vertex 17.6541 -3.51163 0.599991
    endloop
  endfacet
  facet normal 0.43572 -0.101592 0.894331
    outer loop
      vertex 9.80785 -1.9509 7
      vertex 9.65926 -2.58819 7
      vertex 17.6541 -3.51163 3
    endloop
  endfacet
  facet normal 0.435723 -0.10157 0.894332
    outer loop
      vertex 9.65926 -2.58819 7
      vertex 17.3867 -4.65874 3
      vertex 17.6541 -3.51163 3
    endloop
  endfacet
  facet normal 0.688817 -0.160614 -0.706919
    outer loop
      vertex 14.7118 -2.92635 12
      vertex 14.4889 -3.88229 12
      vertex 9.80785 -1.9509 7
    endloop
  endfacet
  facet normal 0.68882 -0.160605 -0.706918
    outer loop
      vertex 14.4889 -3.88229 12
      vertex 9.65926 -2.58819 7
      vertex 9.80785 -1.9509 7
    endloop
  endfacet
  facet normal 0.973876 -0.227082 0
    outer loop
      vertex 14.7118 -2.92635 14
      vertex 14.4889 -3.88229 14
      vertex 14.7118 -2.92635 12
    endloop
  endfacet
  facet normal 0.973876 -0.227082 0
    outer loop
      vertex 14.4889 -3.88229 14
      vertex 14.4889 -3.88229 12
      vertex 14.7118 -2.92635 12
    endloop
  endfacet
  facet normal 0 0 1
    outer loop
      vertex -0 -0 14
      vertex 14.4889 -3.88229 14
      vertex 14.7118 -2.92635 14
    endloop
  endfacet
  facet normal -0 0 -1
    outer loop
      vertex 17.0657 -3.39457 0
      vertex 16.8071 -4.50345 0
      vertex -0 -0 0
    endloop
  endfacet
  facet normal 0.688862 -0.160579 -0.706883
    outer loop
      vertex 17.6541 -3.51163 0.599991
      vertex 17.3867 -4.65874 0.599991
      vertex 17.0657 -3.39457 0
    endloop
  endfacet
  facet normal 0.688783 -0.16063 -0.706949
    outer loop
      vertex 17.3867 -4.65874 0.599991
      vertex 16.8071 -4.50345 0
      vertex 17.0657 -3.39457 0
    endloop
  endfacet
  facet normal 0.956922 -0.290344 0
    outer loop
      vertex 17.3867 -4.65874 3
      vertex 17.0447 -5.78591 3
      vertex 17.3867 -4.65874 0.599991
    endloop
  endfacet
  facet normal 0.956922 -0.290344 0
    outer loop
      vertex 17.0447 -5.78591 3
      vertex 17.0447 -5.78591 0.599991
      vertex 17.3867 -4.65874 0.599991
    endloop
  endfacet
  facet normal 0.428138 -0.129877 0.894332
    outer loop
      vertex 9.65926 -2.58819 7
      vertex 9.4693 -3.21439 7
      vertex 17.3867 -4.65874 3
    endloop
  endfacet
  facet normal 0.428133 -0.129902 0.894331
    outer loop
      vertex 9.4693 -3.21439 7
      vertex 17.0447 -5.78591 3
      vertex 17.3867 -4.65874 3
    endloop
  endfacet
  facet normal 0.676846 -0.205295 -0.706919
    outer loop
      vertex 14.4889 -3.88229 12
      vertex 14.204 -4.82159 12
      vertex 9.65926 -2.58819 7
    endloop
  endfacet
  facet normal 0.676836 -0.20532 -0.706921
    outer loop
      vertex 14.204 -4.82159 12
      vertex 9.4693 -3.21439 7
      vertex 9.65926 -2.58819 7
    endloop
  endfacet
  facet normal 0.95695 -0.290253 0
    outer loop
      vertex 14.4889 -3.88229 14
      vertex 14.204 -4.82159 14
      vertex 14.4889 -3.88229 12
    endloop
  endfacet
  facet normal 0.95695 -0.290253 0
    outer loop
      vertex 14.204 -4.82159 14
      vertex 14.204 -4.82159 12
      vertex 14.4889 -3.88229 12
    endloop
  endfacet
  facet normal 0 0 1
    outer loop
      vertex -0 -0 14
      vertex 14.204 -4.82159 14
      vertex 14.4889 -3.88229 14
    endloop
  endfacet
  facet normal -0 0 -1
    outer loop
      vertex 16.8071 -4.50345 0
      vertex 16.4766 -5.59304 0
      vertex -0 -0 0
    endloop
  endfacet
  facet normal 0.676799 -0.205351 -0.706947
    outer loop
      vertex 17.3867 -4.65874 0.599991
      vertex 17.0447 -5.78591 0.599991
      vertex 16.8071 -4.50345 0
    endloop
  endfacet
  facet normal 0.67687 -0.205312 -0.706891
    outer loop
      vertex 17.0447 -5.78591 0.599991
      vertex 16.4766 -5.59304 0
      vertex 16.8071 -4.50345 0
    endloop
  endfacet
  facet normal 0.935909 -0.352242 0
    outer loop
      vertex 17.0447 -5.78591 3
      vertex 16.6298 -6.8883 3
      vertex 17.0447 -5.78591 0.599991
    endloop
  endfacet
  facet normal 0.935909 -0.352242 0
    outer loop
      vertex 16.6298 -6.8883 3
      vertex 16.6298 -6.8883 0.599991
      vertex 17.0447 -5.78591 0.599991
    endloop
  endfacet
  facet normal 0.418732 -0.157595 0.894331
    outer loop
      vertex 9.4693 -3.21439 7
      vertex 9.2388 -3.82683 7
      vertex 17.0447 -5.78591 3
    endloop
  endfacet
  facet normal 0.418732 -0.157596 0.894331
    outer loop
      vertex 9.2388 -3.82683 7
      vertex 16.6298 -6.8883 3
      vertex 17.0447 -5.78591 3
    endloop
  endfacet
  facet normal 0.66195 -0.24917 -0.70692
    outer loop
      vertex 14.204 -4.82159 12
      vertex 13.8582 -5.74025 12
      vertex 9.4693 -3.21439 7
    endloop
  endfacet
  facet normal 0.661965 -0.249139 -0.706918
    outer loop
      vertex 13.8582 -5.74025 12
      vertex 9.2388 -3.82683 7
      vertex 9.4693 -3.21439 7
    endloop
  endfacet
  facet normal 0.935892 -0.352287 0
    outer loop
      vertex 14.204 -4.82159 14
      vertex 13.8582 -5.74025 14
      vertex 14.204 -4.82159 12
    endloop
  endfacet
  facet normal 0.935892 -0.352287 0
    outer loop
      vertex 13.8582 -5.74025 14
      vertex 13.8582 -5.74025 12
      vertex 14.204 -4.82159 12
    endloop
  endfacet
  facet normal 0 0 1
    outer loop
      vertex -0 -0 14
      vertex 13.8582 -5.74025 14
      vertex 14.204 -4.82159 14
    endloop
  endfacet
  facet normal -0 0 -1
    outer loop
      vertex 16.4766 -5.59304 0
      vertex 16.0755 -6.65869 0
      vertex -0 -0 0
    endloop
  endfacet
  facet normal 0.661988 -0.249149 -0.706892
    outer loop
      vertex 17.0447 -5.78591 0.599991
      vertex 16.6298 -6.8883 0.599991
      vertex 16.4766 -5.59304 0
    endloop
  endfacet
  facet normal 0.661968 -0.249158 -0.706908
    outer loop
      vertex 16.6298 -6.8883 0.599991
      vertex 16.0755 -6.65869 0
      vertex 16.4766 -5.59304 0
    endloop
  endfacet
  facet normal 0.910872 -0.41269 0
    outer loop
      vertex 16.6298 -6.8883 3
      vertex 16.1437 -7.9612 3
      vertex 16.6298 -6.8883 0.599991
    endloop
  endfacet
  facet normal 0.910872 -0.41269 0
    outer loop
      vertex 16.1437 -7.9612 3
      vertex 16.1437 -7.9612 0.599991
      vertex 16.6298 -6.8883 0.599991
    endloop
  endfacet
  facet normal 0.407527 -0.184647 0.894331
    outer loop
      vertex 9.2388 -3.82683 7
      vertex 8.96873 -4.42289 7
      vertex 16.6298 -6.8883 3
    endloop
  endfacet
  facet normal 0.407529 -0.18464 0.894331
    outer loop
      vertex 8.96873 -4.42289 7
      vertex 16.1437 -7.9612 3
      vertex 16.6298 -6.8883 3
    endloop
  endfacet
  facet normal 0.644251 -0.291905 -0.706918
    outer loop
      vertex 13.8582 -5.74025 12
      vertex 13.4531 -6.63433 12
      vertex 9.2388 -3.82683 7
    endloop
  endfacet
  facet normal 0.644251 -0.291905 -0.706918
    outer loop
      vertex 13.4531 -6.63433 12
      vertex 8.96873 -4.42289 7
      vertex 9.2388 -3.82683 7
    endloop
  endfacet
  facet normal 0.910865 -0.412705 0
    outer loop
      vertex 13.8582 -5.74025 14
      vertex 13.4531 -6.63433 14
      vertex 13.8582 -5.74025 12
    endloop
  endfacet
  facet normal 0.910865 -0.412705 0
    outer loop
      vertex 13.4531 -6.63433 14
      vertex 13.4531 -6.63433 12
      vertex 13.8582 -5.74025 12
    endloop
  endfacet
  facet normal 0 0 1
    outer loop
      vertex -0 -0 14
      vertex 13.4531 -6.63433 14
      vertex 13.8582 -5.74025 14
    endloop
  endfacet
  facet normal -0 0 -1
    outer loop
      vertex 16.0755 -6.65869 0
      vertex 15.6056 -7.69582 0
      vertex -0 -0 0
    endloop
  endfacet
  facet normal 0.644265 -0.291898 -0.706908
    outer loop
      vertex 16.6298 -6.8883 0.599991
      vertex 16.1437 -7.9612 0.599991
      vertex 16.0755 -6.65869 0
    endloop
  endfacet
  facet normal 0.64426 -0.291899 -0.706912
    outer loop
      vertex 16.1437 -7.9612 0.599991
      vertex 15.6056 -7.69582 0
      vertex 16.0755 -6.65869 0
    endloop
  endfacet
  facet normal 0.881939 -0.471364 0
    outer loop
      vertex 16.1437 -7.9612 3
      vertex 15.5885 -9 3
      vertex 16.1437 -7.9612 0.599991
    endloop
  endfacet
  facet normal 0.881939 -0.471364 0
    outer loop
      vertex 15.5885 -9 3
      vertex 15.5885 -9 0.599991
      vertex 16.1437 -7.9612 0.599991
    endloop
  endfacet
  facet normal 0.394574 -0.21091 0.894331
    outer loop
      vertex 8.96873 -4.42289 7
      vertex 8.66025 -5 7
      vertex 16.1437 -7.9612 3
    endloop
  endfacet
  facet normal 0.394583 -0.21089 0.894332
    outer loop
      vertex 8.66025 -5 7
      vertex 15.5885 -9 3
      vertex 16.1437 -7.9612 3
    endloop
  endfacet
  facet normal 0.623782 -0.333411 -0.706918
    outer loop
      vertex 13.4531 -6.63433 12
      vertex 12.9904 -7.5 12
      vertex 8.96873 -4.42289 7
    endloop
  endfacet
  facet normal 0.623774 -0.333423 -0.706919
    outer loop
      vertex 12.9904 -7.5 12
      vertex 8.66025 -5 7
      vertex 8.96873 -4.42289 7
    endloop
  endfacet
  facet normal 0.881926 -0.471389 0
    outer loop
      vertex 13.4531 -6.63433 14
      vertex 12.9904 -7.5 14
      vertex 13.4531 -6.63433 12
    endloop
  endfacet
  facet normal 0.881926 -0.471389 0
    outer loop
      vertex 12.9904 -7.5 14
      vertex 12.9904 -7.5 12
      vertex 13.4531 -6.63433 12
    endloop
  endfacet
  facet normal 0 0 1
    outer loop
      vertex -0 -0 14
      vertex 12.9904 -7.5 14
      vertex 13.4531 -6.63433 14
    endloop
  endfacet
  facet normal -0 0 -1
    outer loop
      vertex 15.6056 -7.69582 0
      vertex 15.0688 -8.7 0
      vertex -0 -0 0
    endloop
  endfacet
  facet normal 0.623796 -0.333396 -0.706913
    outer loop
      vertex 16.1437 -7.9612 0.599991
      vertex 15.5885 -9 0.599991
      vertex 15.6056 -7.69582 0
    endloop
  endfacet
  facet normal 0.623721 -0.33342 -0.706967
    outer loop
      vertex 15.5885 -9 0.599991
      vertex 15.0688 -8.7 0
      vertex 15.6056 -7.69582 0
    endloop
  endfacet
  facet normal 0.849212 -0.528052 0
    outer loop
      vertex 15.5885 -9 3
      vertex 14.9665 -10.0003 3
      vertex 15.5885 -9 0.599991
    endloop
  endfacet
  facet normal 0.849212 -0.528052 0
    outer loop
      vertex 14.9665 -10.0003 3
      vertex 14.9665 -10.0003 0.599991
      vertex 15.5885 -9 0.599991
    endloop
  endfacet
  facet normal 0.379938 -0.236256 0.894332
    outer loop
      vertex 8.66025 -5 7
      vertex 8.3147 -5.5557 7
      vertex 15.5885 -9 3
    endloop
  endfacet
  facet normal 0.37994 -0.236252 0.894333
    outer loop
      vertex 8.3147 -5.5557 7
      vertex 14.9665 -10.0003 3
      vertex 15.5885 -9 3
    endloop
  endfacet
  facet normal 0.600616 -0.373534 -0.706918
    outer loop
      vertex 12.9904 -7.5 12
      vertex 12.472 -8.33355 12
      vertex 8.66025 -5 7
    endloop
  endfacet
  facet normal 0.600643 -0.373497 -0.706914
    outer loop
      vertex 12.472 -8.33355 12
      vertex 8.3147 -5.5557 7
      vertex 8.66025 -5 7
    endloop
  endfacet
  facet normal 0.849172 -0.528116 0
    outer loop
      vertex 12.9904 -7.5 14
      vertex 12.472 -8.33355 14
      vertex 12.9904 -7.5 12
    endloop
  endfacet
  facet normal 0.849172 -0.528116 0
    outer loop
      vertex 12.472 -8.33355 14
      vertex 12.472 -8.33355 12
      vertex 12.9904 -7.5 12
    endloop
  endfacet
  facet normal 0 0 1
    outer loop
      vertex -0 -0 14
      vertex 12.472 -8.33355 14
      vertex 12.9904 -7.5 14
    endloop
  endfacet
  facet normal -0 0 -1
    outer loop
      vertex 15.0688 -8.7 0
      vertex 14.4676 -9.66692 0
      vertex -0 -0 0
    endloop
  endfacet
  facet normal 0.600604 -0.373464 -0.706965
    outer loop
      vertex 15.5885 -9 0.599991
      vertex 14.9665 -10.0003 0.599991
      vertex 15.0688 -8.7 0
    endloop
  endfacet
  facet normal 0.600635 -0.373456 -0.706943
    outer loop
      vertex 14.9665 -10.0003 0.599991
      vertex 14.4676 -9.66692 0
      vertex 15.0688 -8.7 0
    endloop
  endfacet
  facet normal 0.812832 -0.582498 0
    outer loop
      vertex 14.9665 -10.0003 3
      vertex 14.2804 -10.9577 3
      vertex 14.9665 -10.0003 0.599991
    endloop
  endfacet
  facet normal 0.812832 -0.582498 0
    outer loop
      vertex 14.2804 -10.9577 3
      vertex 14.2804 -10.9577 0.599991
      vertex 14.9665 -10.0003 0.599991
    endloop
  endfacet
  facet normal 0.363667 -0.260606 0.894333
    outer loop
      vertex 8.3147 -5.5557 7
      vertex 7.93353 -6.08761 7
      vertex 14.9665 -10.0003 3
    endloop
  endfacet
  facet normal 0.363664 -0.260612 0.894332
    outer loop
      vertex 7.93353 -6.08761 7
      vertex 14.2804 -10.9577 3
      vertex 14.9665 -10.0003 3
    endloop
  endfacet
  facet normal 0.574941 -0.411964 -0.706915
    outer loop
      vertex 12.472 -8.33355 12
      vertex 11.9003 -9.13142 12
      vertex 8.3147 -5.5557 7
    endloop
  endfacet
  facet normal 0.574918 -0.41199 -0.706918
    outer loop
      vertex 11.9003 -9.13142 12
      vertex 7.93353 -6.08761 7
      vertex 8.3147 -5.5557 7
    endloop
  endfacet
  facet normal 0.812869 -0.582447 0
    outer loop
      vertex 12.472 -8.33355 14
      vertex 11.9003 -9.13142 14
      vertex 12.472 -8.33355 12
    endloop
  endfacet
  facet normal 0.812869 -0.582447 0
    outer loop
      vertex 11.9003 -9.13142 14
      vertex 11.9003 -9.13142 12
      vertex 12.472 -8.33355 12
    endloop
  endfacet
  facet normal 0 0 1
    outer loop
      vertex -0 -0 14
      vertex 11.9003 -9.13142 14
      vertex 12.472 -8.33355 14
    endloop
  endfacet
  facet normal -0 0 -1
    outer loop
      vertex 14.4676 -9.66692 0
      vertex 13.8043 -10.5924 0
      vertex -0 -0 0
    endloop
  endfacet
  facet normal 0.574891 -0.411983 -0.706944
    outer loop
      vertex 14.9665 -10.0003 0.599991
      vertex 14.2804 -10.9577 0.599991
      vertex 14.4676 -9.66692 0
    endloop
  endfacet
  facet normal 0.574839 -0.411993 -0.706981
    outer loop
      vertex 14.2804 -10.9577 0.599991
      vertex 13.8043 -10.5924 0
      vertex 14.4676 -9.66692 0
    endloop
  endfacet
  facet normal 0.77298 -0.63443 0
    outer loop
      vertex 14.2804 -10.9577 3
      vertex 13.5331 -11.8682 3
      vertex 14.2804 -10.9577 0.599991
    endloop
  endfacet
  facet normal 0.77298 -0.63443 0
    outer loop
      vertex 13.5331 -11.8682 3
      vertex 13.5331 -11.8682 0.599991
      vertex 14.2804 -10.9577 0.599991
    endloop
  endfacet
  facet normal 0.345851 -0.283826 0.894332
    outer loop
      vertex 7.93353 -6.08761 7
      vertex 7.5184 -6.59346 7
      vertex 14.2804 -10.9577 3
    endloop
  endfacet
  facet normal 0.345836 -0.283848 0.894331
    outer loop
      vertex 7.5184 -6.59346 7
      vertex 13.5331 -11.8682 3
      vertex 14.2804 -10.9577 3
    endloop
  endfacet
  facet normal 0.546749 -0.448701 -0.706918
    outer loop
      vertex 11.9003 -9.13142 12
      vertex 11.2776 -9.89019 12
      vertex 7.93353 -6.08761 7
    endloop
  endfacet
  facet normal 0.546753 -0.448697 -0.706917
    outer loop
      vertex 11.2776 -9.89019 12
      vertex 7.5184 -6.59346 7
      vertex 7.93353 -6.08761 7
    endloop
  endfacet
  facet normal 0.773014 -0.634389 0
    outer loop
      vertex 11.9003 -9.13142 14
      vertex 11.2776 -9.89019 14
      vertex 11.9003 -9.13142 12
    endloop
  endfacet
  facet normal 0.773014 -0.634389 0
    outer loop
      vertex 11.2776 -9.89019 14
      vertex 11.2776 -9.89019 12
      vertex 11.9003 -9.13142 12
    endloop
  endfacet
  facet normal 0 0 1
    outer loop
      vertex -0 -0 14
      vertex 11.2776 -9.89019 14
      vertex 11.9003 -9.13142 14
    endloop
  endfacet
  facet normal -0 0 -1
    outer loop
      vertex 13.8043 -10.5924 0
      vertex 13.082 -11.4726 0
      vertex -0 -0 0
    endloop
  endfacet
  facet normal 0.546679 -0.448691 -0.706978
    outer loop
      vertex 14.2804 -10.9577 0.599991
      vertex 13.5331 -11.8682 0.599991
      vertex 13.8043 -10.5924 0
    endloop
  endfacet
  facet normal 0.546766 -0.448681 -0.706918
    outer loop
      vertex 13.5331 -11.8682 0.599991
      vertex 13.082 -11.4726 0
      vertex 13.8043 -10.5924 0
    endloop
  endfacet
  facet normal 0.729863 -0.683594 0
    outer loop
      vertex 13.5331 -11.8682 3
      vertex 12.7279 -12.7279 3
      vertex 13.5331 -11.8682 0.599991
    endloop
  endfacet
  facet normal 0.729863 -0.683594 0
    outer loop
      vertex 12.7279 -12.7279 3
      vertex 12.7279 -12.7279 0.599991
      vertex 13.5331 -11.8682 0.599991
    endloop
  endfacet
  facet normal 0.326546 -0.305844 0.894331
    outer loop
      vertex 7.5184 -6.59346 7
      vertex 7.07107 -7.07107 7
      vertex 13.5331 -11.8682 3
    endloop
  endfacet
  facet normal 0.326546 -0.305844 0.894331
    outer loop
      vertex 7.07107 -7.07107 7
      vertex 12.7279 -12.7279 3
      vertex 13.5331 -11.8682 3
    endloop
  endfacet
  facet normal 0.516227 -0.483506 -0.706917
    outer loop
      vertex 11.2776 -9.89019 12
      vertex 10.6066 -10.6066 12
      vertex 7.5184 -6.59346 7
    endloop
  endfacet
  facet normal 0.516231 -0.483502 -0.706917
    outer loop
      vertex 10.6066 -10.6066 12
      vertex 7.07107 -7.07107 7
      vertex 7.5184 -6.59346 7
    endloop
  endfacet
  facet normal 0.72986 -0.683597 0
    outer loop
      vertex 11.2776 -9.89019 14
      vertex 10.6066 -10.6066 14
      vertex 11.2776 -9.89019 12
    endloop
  endfacet
  facet normal 0.72986 -0.683597 0
    outer loop
      vertex 10.6066 -10.6066 14
      vertex 10.6066 -10.6066 12
      vertex 11.2776 -9.89019 12
    endloop
  endfacet
  facet normal 0 0 1
    outer loop
      vertex -0 -0 14
      vertex 10.6066 -10.6066 14
      vertex 11.2776 -9.89019 14
    endloop
  endfacet
  facet normal -0 0 -1
    outer loop
      vertex 13.082 -11.4726 0
      vertex 12.3037 -12.3037 0
      vertex -0 -0 0
    endloop
  endfacet
  facet normal 0.516229 -0.483503 -0.706918
    outer loop
      vertex 13.5331 -11.8682 0.599991
      vertex 12.7279 -12.7279 0.599991
      vertex 13.082 -11.4726 0
    endloop
  endfacet
  facet normal 0.5163 -0.483499 -0.706868
    outer loop
      vertex 12.7279 -12.7279 0.599991
      vertex 12.3037 -12.3037 0
      vertex 13.082 -11.4726 0
    endloop
  endfacet
  facet normal 0.683594 -0.729863 0
    outer loop
      vertex 12.7279 -12.7279 3
      vertex 11.8682 -13.5331 3
      vertex 12.7279 -12.7279 0.599991
    endloop
  endfacet
  facet normal 0.683594 -0.729863 0
    outer loop
      vertex 11.8682 -13.5331 3
      vertex 11.8682 -13.5331 0.599991
      vertex 12.7279 -12.7279 0.599991
    endloop
  endfacet
  facet normal 0.305844 -0.326546 0.894331
    outer loop
      vertex 7.07107 -7.07107 7
      vertex 6.59346 -7.5184 7
      vertex 12.7279 -12.7279 3
    endloop
  endfacet
  facet normal 0.305844 -0.326545 0.894331
    outer loop
      vertex 6.59346 -7.5184 7
      vertex 11.8682 -13.5331 3
      vertex 12.7279 -12.7279 3
    endloop
  endfacet
  facet normal 0.483506 -0.516227 -0.706917
    outer loop
      vertex 10.6066 -10.6066 12
      vertex 9.89019 -11.2776 12
      vertex 7.07107 -7.07107 7
    endloop
  endfacet
  facet normal 0.483502 -0.51623 -0.706918
    outer loop
      vertex 9.89019 -11.2776 12
      vertex 6.59346 -7.5184 7
      vertex 7.07107 -7.07107 7
    endloop
  endfacet
  facet normal 0.683597 -0.72986 0
    outer loop
      vertex 10.6066 -10.6066 14
      vertex 9.89019 -11.2776 14
      vertex 10.6066 -10.6066 12
    endloop
  endfacet
  facet normal 0.683597 -0.72986 0
    outer loop
      vertex 9.89019 -11.2776 14
      vertex 9.89019 -11.2776 12
      vertex 10.6066 -10.6066 12
    endloop
  endfacet
  facet normal 0 0 1
    outer loop
      vertex -0 -0 14
      vertex 9.89019 -11.2776 14
      vertex 10.6066 -10.6066 14
    endloop
  endfacet
  facet normal -0 0 -1
    outer loop
      vertex 12.3037 -12.3037 0
      vertex 11.4726 -13.082 0
      vertex -0 -0 0
    endloop
  endfacet
  facet normal 0.483536 -0.516264 -0.706869
    outer loop
      vertex 12.7279 -12.7279 0.599991
      vertex 11.8682 -13.5331 0.599991
      vertex 12.3037 -12.3037 0
    endloop
  endfacet
  facet normal 0.483465 -0.516263 -0.706919
    outer loop
      vertex 11.8682 -13.5331 0.599991
      vertex 11.4726 -13.082 0
      vertex 12.3037 -12.3037 0
    endloop
  endfacet
  facet normal 0.63443 -0.77298 0
    outer loop
      vertex 11.8682 -13.5331 3
      vertex 10.9577 -14.2804 3
      vertex 11.8682 -13.5331 0.599991
    endloop
  endfacet
  facet normal 0.63443 -0.77298 0
    outer loop
      vertex 10.9577 -14.2804 3
      vertex 10.9577 -14.2804 0.599991
      vertex 11.8682 -13.5331 0.599991
    endloop
  endfacet
  facet normal 0.283828 -0.345854 0.894331
    outer loop
      vertex 6.59346 -7.5184 7
      vertex 6.08761 -7.93353 7
      vertex 11.8682 -13.5331 3
    endloop
  endfacet
  facet normal 0.283847 -0.345835 0.894332
    outer loop
      vertex 6.08761 -7.93353 7
      vertex 10.9577 -14.2804 3
      vertex 11.8682 -13.5331 3
    endloop
  endfacet
  facet normal 0.448701 -0.54675 -0.706917
    outer loop
      vertex 9.89019 -11.2776 12
      vertex 9.13142 -11.9003 12
      vertex 6.59346 -7.5184 7
    endloop
  endfacet
  facet normal 0.448697 -0.546752 -0.706918
    outer loop
      vertex 9.13142 -11.9003 12
      vertex 6.08761 -7.93353 7
      vertex 6.59346 -7.5184 7
    endloop
  endfacet
  facet normal 0.634389 -0.773014 0
    outer loop
      vertex 9.89019 -11.2776 14
      vertex 9.13142 -11.9003 14
      vertex 9.89019 -11.2776 12
    endloop
  endfacet
  facet normal 0.634389 -0.773014 0
    outer loop
      vertex 9.13142 -11.9003 14
      vertex 9.13142 -11.9003 12
      vertex 9.89019 -11.2776 12
    endloop
  endfacet
  facet normal 0 0 1
    outer loop
      vertex -0 -0 14
      vertex 9.13142 -11.9003 14
      vertex 9.89019 -11.2776 14
    endloop
  endfacet
  facet normal -0 0 -1
    outer loop
      vertex 11.4726 -13.082 0
      vertex 10.5924 -13.8043 0
      vertex -0 -0 0
    endloop
  endfacet
  facet normal 0.448729 -0.546725 -0.706919
    outer loop
      vertex 11.8682 -13.5331 0.599991
      vertex 10.9577 -14.2804 0.599991
      vertex 11.4726 -13.082 0
    endloop
  endfacet
  facet normal 0.448642 -0.546718 -0.706979
    outer loop
      vertex 10.9577 -14.2804 0.599991
      vertex 10.5924 -13.8043 0
      vertex 11.4726 -13.082 0
    endloop
  endfacet
  facet normal 0.582498 -0.812832 0
    outer loop
      vertex 10.9577 -14.2804 3
      vertex 10.0003 -14.9665 3
      vertex 10.9577 -14.2804 0.599991
    endloop
  endfacet
  facet normal 0.582498 -0.812832 0
    outer loop
      vertex 10.0003 -14.9665 3
      vertex 10.0003 -14.9665 0.599991
      vertex 10.9577 -14.2804 0.599991
    endloop
  endfacet
  facet normal 0.260607 -0.363668 0.894332
    outer loop
      vertex 6.08761 -7.93353 7
      vertex 5.5557 -8.3147 7
      vertex 10.9577 -14.2804 3
    endloop
  endfacet
  facet normal 0.260611 -0.363663 0.894332
    outer loop
      vertex 5.5557 -8.3147 7
      vertex 10.0003 -14.9665 3
      vertex 10.9577 -14.2804 3
    endloop
  endfacet
  facet normal 0.411963 -0.574939 -0.706917
    outer loop
      vertex 9.13142 -11.9003 12
      vertex 8.33355 -12.472 12
      vertex 6.08761 -7.93353 7
    endloop
  endfacet
  facet normal 0.411992 -0.574921 -0.706914
    outer loop
      vertex 8.33355 -12.472 12
      vertex 5.5557 -8.3147 7
      vertex 6.08761 -7.93353 7
    endloop
  endfacet
  facet normal 0.582447 -0.812869 0
    outer loop
      vertex 9.13142 -11.9003 14
      vertex 8.33355 -12.472 14
      vertex 9.13142 -11.9003 12
    endloop
  endfacet
  facet normal 0.582447 -0.812869 0
    outer loop
      vertex 8.33355 -12.472 14
      vertex 8.33355 -12.472 12
      vertex 9.13142 -11.9003 12
    endloop
  endfacet
  facet normal 0 0 1
    outer loop
      vertex -0 -0 14
      vertex 8.33355 -12.472 14
      vertex 9.13142 -11.9003 14
    endloop
  endfacet
  facet normal -0 0 -1
    outer loop
      vertex 10.5924 -13.8043 0
      vertex 9.66692 -14.4676 0
      vertex -0 -0 0
    endloop
  endfacet
  facet normal 0.411962 -0.574862 -0.70698
    outer loop
      vertex 10.9577 -14.2804 0.599991
      vertex 10.0003 -14.9665 0.599991
      vertex 10.5924 -13.8043 0
    endloop
  endfacet
  facet normal 0.412014 -0.57487 -0.706944
    outer loop
      vertex 10.0003 -14.9665 0.599991
      vertex 9.66692 -14.4676 0
      vertex 10.5924 -13.8043 0
    endloop
  endfacet
  facet normal 0.528052 -0.849212 0
    outer loop
      vertex 10.0003 -14.9665 3
      vertex 9 -15.5885 3
      vertex 10.0003 -14.9665 0.599991
    endloop
  endfacet
  facet normal 0.528052 -0.849212 0
    outer loop
      vertex 9 -15.5885 3
      vertex 9 -15.5885 0.599991
      vertex 10.0003 -14.9665 0.599991
    endloop
  endfacet
  facet normal 0.236256 -0.379937 0.894333
    outer loop
      vertex 5.5557 -8.3147 7
      vertex 5 -8.66025 7
      vertex 10.0003 -14.9665 3
    endloop
  endfacet
  facet normal 0.236252 -0.37994 0.894332
    outer loop
      vertex 5 -8.66025 7
      vertex 9 -15.5885 3
      vertex 10.0003 -14.9665 3
    endloop
  endfacet
  facet normal 0.373535 -0.600618 -0.706915
    outer loop
      vertex 8.33355 -12.472 12
      vertex 7.5 -12.9904 12
      vertex 5.5557 -8.3147 7
    endloop
  endfacet
  facet normal 0.373495 -0.600639 -0.706919
    outer loop
      vertex 7.5 -12.9904 12
      vertex 5 -8.66025 7
      vertex 5.5557 -8.3147 7
    endloop
  endfacet
  facet normal 0.528116 -0.849172 0
    outer loop
      vertex 8.33355 -12.472 14
      vertex 7.5 -12.9904 14
      vertex 8.33355 -12.472 12
    endloop
  endfacet
  facet normal 0.528116 -0.849172 0
    outer loop
      vertex 7.5 -12.9904 14
      vertex 7.5 -12.9904 12
      vertex 8.33355 -12.472 12
    endloop
  endfacet
  facet normal 0 0 1
    outer loop
      vertex -0 -0 14
      vertex 7.5 -12.9904 14
      vertex 8.33355 -12.472 14
    endloop
  endfacet
  facet normal -0 0 -1
    outer loop
      vertex 9.66692 -14.4676 0
      vertex 8.7 -15.0688 0
      vertex -0 -0 0
    endloop
  endfacet
  facet normal 0.373475 -0.600622 -0.706943
    outer loop
      vertex 10.0003 -14.9665 0.599991
      vertex 9 -15.5885 0.599991
      vertex 9.66692 -14.4676 0
    endloop
  endfacet
  facet normal 0.373444 -0.600616 -0.706966
    outer loop
      vertex 9 -15.5885 0.599991
      vertex 8.7 -15.0688 0
      vertex 9.66692 -14.4676 0
    endloop
  endfacet
  facet normal 0.471364 -0.881939 0
    outer loop
      vertex 9 -15.5885 3
      vertex 7.9612 -16.1437 3
      vertex 9 -15.5885 0.599991
    endloop
  endfacet
  facet normal 0.471364 -0.881939 0
    outer loop
      vertex 7.9612 -16.1437 3
      vertex 7.9612 -16.1437 0.599991
      vertex 9 -15.5885 0.599991
    endloop
  endfacet
  facet normal 0.210909 -0.394572 0.894332
    outer loop
      vertex 5 -8.66025 7
      vertex 4.42289 -8.96873 7
      vertex 9 -15.5885 3
    endloop
  endfacet
  facet normal 0.210891 -0.394584 0.894331
    outer loop
      vertex 4.42289 -8.96873 7
      vertex 7.9612 -16.1437 3
      vertex 9 -15.5885 3
    endloop
  endfacet
  facet normal 0.333411 -0.623781 -0.706919
    outer loop
      vertex 7.5 -12.9904 12
      vertex 6.63433 -13.4531 12
      vertex 5 -8.66025 7
    endloop
  endfacet
  facet normal 0.333424 -0.623776 -0.706918
    outer loop
      vertex 6.63433 -13.4531 12
      vertex 4.42289 -8.96873 7
      vertex 5 -8.66025 7
    endloop
  endfacet
  facet normal 0.471389 -0.881926 0
    outer loop
      vertex 7.5 -12.9904 14
      vertex 6.63433 -13.4531 14
      vertex 7.5 -12.9904 12
    endloop
  endfacet
  facet normal 0.471389 -0.881926 0
    outer loop
      vertex 6.63433 -13.4531 14
      vertex 6.63433 -13.4531 12
      vertex 7.5 -12.9904 12
    endloop
  endfacet
  facet normal 0 0 1
    outer loop
      vertex -0 -0 14
      vertex 6.63433 -13.4531 14
      vertex 7.5 -12.9904 14
    endloop
  endfacet
  facet normal -0 0 -1
    outer loop
      vertex 8.7 -15.0688 0
      vertex 7.69582 -15.6056 0
      vertex -0 -0 0
    endloop
  endfacet
  facet normal 0.333371 -0.623749 -0.706966
    outer loop
      vertex 9 -15.5885 0.599991
      vertex 7.9612 -16.1437 0.599991
      vertex 8.7 -15.0688 0
    endloop
  endfacet
  facet normal 0.333446 -0.62377 -0.706912
    outer loop
      vertex 7.9612 -16.1437 0.599991
      vertex 7.69582 -15.6056 0
      vertex 8.7 -15.0688 0
    endloop
  endfacet
  facet normal 0.41269 -0.910872 0
    outer loop
      vertex 7.9612 -16.1437 3
      vertex 6.8883 -16.6298 3
      vertex 7.9612 -16.1437 0.599991
    endloop
  endfacet
  facet normal 0.41269 -0.910872 0
    outer loop
      vertex 6.8883 -16.6298 3
      vertex 6.8883 -16.6298 0.599991
      vertex 7.9612 -16.1437 0.599991
    endloop
  endfacet
  facet normal 0.184647 -0.407526 0.894331
    outer loop
      vertex 4.42289 -8.96873 7
      vertex 3.82683 -9.2388 7
      vertex 7.9612 -16.1437 3
    endloop
  endfacet
  facet normal 0.18464 -0.40753 0.894331
    outer loop
      vertex 3.82683 -9.2388 7
      vertex 6.8883 -16.6298 3
      vertex 7.9612 -16.1437 3
    endloop
  endfacet
  facet normal 0.291905 -0.644251 -0.706918
    outer loop
      vertex 6.63433 -13.4531 12
      vertex 5.74025 -13.8582 12
      vertex 4.42289 -8.96873 7
    endloop
  endfacet
  facet normal 0.291905 -0.644251 -0.706918
    outer loop
      vertex 5.74025 -13.8582 12
      vertex 3.82683 -9.2388 7
      vertex 4.42289 -8.96873 7
    endloop
  endfacet
  facet normal 0.412705 -0.910865 0
    outer loop
      vertex 6.63433 -13.4531 14
      vertex 5.74025 -13.8582 14
      vertex 6.63433 -13.4531 12
    endloop
  endfacet
  facet normal 0.412705 -0.910865 0
    outer loop
      vertex 5.74025 -13.8582 14
      vertex 5.74025 -13.8582 12
      vertex 6.63433 -13.4531 12
    endloop
  endfacet
  facet normal 0 0 1
    outer loop
      vertex -0 -0 14
      vertex 5.74025 -13.8582 14
      vertex 6.63433 -13.4531 14
    endloop
  endfacet
  facet normal -0 0 -1
    outer loop
      vertex 7.69582 -15.6056 0
      vertex 6.65869 -16.0755 0
      vertex -0 -0 0
    endloop
  endfacet
  facet normal 0.291896 -0.644261 -0.706911
    outer loop
      vertex 7.9612 -16.1437 0.599991
      vertex 6.8883 -16.6298 0.599991
      vertex 7.69582 -15.6056 0
    endloop
  endfacet
  facet normal 0.291901 -0.644263 -0.706908
    outer loop
      vertex 6.8883 -16.6298 0.599991
      vertex 6.65869 -16.0755 0
      vertex 7.69582 -15.6056 0
    endloop
  endfacet
  facet normal 0.352242 -0.935909 0
    outer loop
      vertex 6.8883 -16.6298 3
      vertex 5.78591 -17.0447 3
      vertex 6.8883 -16.6298 0.599991
    endloop
  endfacet
  facet normal 0.352242 -0.935909 0
    outer loop
      vertex 5.78591 -17.0447 3
      vertex 5.78591 -17.0447 0.599991
      vertex 6.8883 -16.6298 0.599991
    endloop
  endfacet
  facet normal 0.157595 -0.418732 0.894331
    outer loop
      vertex 3.82683 -9.2388 7
      vertex 3.21439 -9.4693 7
      vertex 6.8883 -16.6298 3
    endloop
  endfacet
  facet normal 0.157596 -0.418732 0.894331
    outer loop
      vertex 3.21439 -9.4693 7
      vertex 5.78591 -17.0447 3
      vertex 6.8883 -16.6298 3
    endloop
  endfacet
  facet normal 0.249171 -0.661952 -0.706918
    outer loop
      vertex 5.74025 -13.8582 12
      vertex 4.82159 -14.204 12
      vertex 3.82683 -9.2388 7
    endloop
  endfacet
  facet normal 0.249138 -0.661962 -0.706921
    outer loop
      vertex 4.82159 -14.204 12
      vertex 3.21439 -9.4693 7
      vertex 3.82683 -9.2388 7
    endloop
  endfacet
  facet normal 0.352287 -0.935892 0
    outer loop
      vertex 5.74025 -13.8582 14
      vertex 4.82159 -14.204 14
      vertex 5.74025 -13.8582 12
    endloop
  endfacet
  facet normal 0.352287 -0.935892 0
    outer loop
      vertex 4.82159 -14.204 14
      vertex 4.82159 -14.204 12
      vertex 5.74025 -13.8582 12
    endloop
  endfacet
  facet normal 0 0 1
    outer loop
      vertex -0 -0 14
      vertex 4.82159 -14.204 14
      vertex 5.74025 -13.8582 14
    endloop
  endfacet
  facet normal -0 0 -1
    outer loop
      vertex 6.65869 -16.0755 0
      vertex 5.59304 -16.4766 0
      vertex -0 -0 0
    endloop
  endfacet
  facet normal 0.249143 -0.661974 -0.706907
    outer loop
      vertex 6.8883 -16.6298 0.599991
      vertex 5.78591 -17.0447 0.599991
      vertex 6.65869 -16.0755 0
    endloop
  endfacet
  facet normal 0.249164 -0.661983 -0.706892
    outer loop
      vertex 5.78591 -17.0447 0.599991
      vertex 5.59304 -16.4766 0
      vertex 6.65869 -16.0755 0
    endloop
  endfacet
  facet normal 0.290344 -0.956922 0
    outer loop
      vertex 5.78591 -17.0447 3
      vertex 4.65874 -17.3867 3
      vertex 5.78591 -17.0447 0.599991
    endloop
  endfacet
  facet normal 0.290344 -0.956922 0
    outer loop
      vertex 4.65874 -17.3867 3
      vertex 4.65874 -17.3867 0.599991
      vertex 5.78591 -17.0447 0.599991
    endloop
  endfacet
  facet normal 0.129878 -0.428141 0.894331
    outer loop
      vertex 3.21439 -9.4693 7
      vertex 2.58819 -9.65926 7
      vertex 5.78591 -17.0447 3
    endloop
  endfacet
  facet normal 0.129901 -0.428131 0.894332
    outer loop
      vertex 2.58819 -9.65926 7
      vertex 4.65874 -17.3867 3
      vertex 5.78591 -17.0447 3
    endloop
  endfacet
  facet normal 0.205294 -0.676844 -0.70692
    outer loop
      vertex 4.82159 -14.204 12
      vertex 3.88229 -14.4889 12
      vertex 3.21439 -9.4693 7
    endloop
  endfacet
  facet normal 0.205321 -0.676838 -0.706918
    outer loop
      vertex 3.88229 -14.4889 12
      vertex 2.58819 -9.65926 7
      vertex 3.21439 -9.4693 7
    endloop
  endfacet
  facet normal 0.290253 -0.95695 0
    outer loop
      vertex 4.82159 -14.204 14
      vertex 3.88229 -14.4889 14
      vertex 4.82159 -14.204 12
    endloop
  endfacet
  facet normal 0.290253 -0.95695 0
    outer loop
      vertex 3.88229 -14.4889 14
      vertex 3.88229 -14.4889 12
      vertex 4.82159 -14.204 12
    endloop
  endfacet
  facet normal 0 0 1
    outer loop
      vertex -0 -0 14
      vertex 3.88229 -14.4889 14
      vertex 4.82159 -14.204 14
    endloop
  endfacet
  facet normal -0 0 -1
    outer loop
      vertex 5.59304 -16.4766 0
      vertex 4.50345 -16.8071 0
      vertex -0 -0 0
    endloop
  endfacet
  facet normal 0.205367 -0.676852 -0.706892
    outer loop
      vertex 5.78591 -17.0447 0.599991
      vertex 4.65874 -17.3867 0.599991
      vertex 5.59304 -16.4766 0
    endloop
  endfacet
  facet normal 0.205295 -0.676815 -0.706948
    outer loop
      vertex 4.65874 -17.3867 0.599991
      vertex 4.50345 -16.8071 0
      vertex 5.59304 -16.4766 0
    endloop
  endfacet
  facet normal 0.227021 -0.97389 0
    outer loop
      vertex 4.65874 -17.3867 3
      vertex 3.51163 -17.6541 3
      vertex 4.65874 -17.3867 0.599991
    endloop
  endfacet
  facet normal 0.227021 -0.97389 0
    outer loop
      vertex 3.51163 -17.6541 3
      vertex 3.51163 -17.6541 0.599991
      vertex 4.65874 -17.3867 0.599991
    endloop
  endfacet
  facet normal 0.101591 -0.435717 0.894332
    outer loop
      vertex 2.58819 -9.65926 7
      vertex 1.9509 -9.80785 7
      vertex 4.65874 -17.3867 3
    endloop
  endfacet
  facet normal 0.101571 -0.435724 0.894331
    outer loop
      vertex 1.9509 -9.80785 7
      vertex 3.51163 -17.6541 3
      vertex 4.65874 -17.3867 3
    endloop
  endfacet
  facet normal 0.160614 -0.688818 -0.706918
    outer loop
      vertex 3.88229 -14.4889 12
      vertex 2.92635 -14.7118 12
      vertex 2.58819 -9.65926 7
    endloop
  endfacet
  facet normal 0.160604 -0.688819 -0.706919
    outer loop
      vertex 2.92635 -14.7118 12
      vertex 1.9509 -9.80785 7
      vertex 2.58819 -9.65926 7
    endloop
  endfacet
  facet normal 0.227082 -0.973876 0
    outer loop
      vertex 3.88229 -14.4889 14
      vertex 2.92635 -14.7118 14
      vertex 3.88229 -14.4889 12
    endloop
  endfacet
  facet normal 0.227082 -0.973876 0
    outer loop
      vertex 2.92635 -14.7118 14
      vertex 2.92635 -14.7118 12
      vertex 3.88229 -14.4889 12
    endloop
  endfacet
  facet normal 0 0 1
    outer loop
      vertex -0 -0 14
      vertex 2.92635 -14.7118 14
      vertex 3.88229 -14.4889 14
    endloop
  endfacet
  facet normal -0 0 -1
    outer loop
      vertex 4.50345 -16.8071 0
      vertex 3.39457 -17.0657 0
      vertex -0 -0 0
    endloop
  endfacet
  facet normal 0.160564 -0.688799 -0.706947
    outer loop
      vertex 4.65874 -17.3867 0.599991
      vertex 3.51163 -17.6541 0.599991
      vertex 4.50345 -16.8071 0
    endloop
  endfacet
  facet normal 0.160645 -0.688847 -0.706882
    outer loop
      vertex 3.51163 -17.6541 0.599991
      vertex 3.39457 -17.0657 0
      vertex 4.50345 -16.8071 0
    endloop
  endfacet
  facet normal 0.162917 -0.98664 0
    outer loop
      vertex 3.51163 -17.6541 3
      vertex 2.34947 -17.846 3
      vertex 3.51163 -17.6541 0.599991
    endloop
  endfacet
  facet normal 0.162917 -0.98664 0
    outer loop
      vertex 2.34947 -17.846 3
      vertex 2.34947 -17.846 0.599991
      vertex 3.51163 -17.6541 0.599991
    endloop
  endfacet
  facet normal 0.0728834 -0.44143 0.894331
    outer loop
      vertex 1.9509 -9.80785 7
      vertex 1.30526 -9.91445 7
      vertex 3.51163 -17.6541 3
    endloop
  endfacet
  facet normal 0.0728902 -0.441428 0.894331
    outer loop
      vertex 1.30526 -9.91445 7
      vertex 2.34947 -17.846 3
      vertex 3.51163 -17.6541 3
    endloop
  endfacet
  facet normal 0.11522 -0.697847 -0.706919
    outer loop
      vertex 2.92635 -14.7118 12
      vertex 1.95789 -14.8717 12
      vertex 1.9509 -9.80785 7
    endloop
  endfacet
  facet normal 0.11522 -0.697847 -0.706919
    outer loop
      vertex 1.95789 -14.8717 12
      vertex 1.30526 -9.91445 7
      vertex 1.9509 -9.80785 7
    endloop
  endfacet
  facet normal 0.162902 -0.986642 0
    outer loop
      vertex 2.92635 -14.7118 14
      vertex 1.95789 -14.8717 14
      vertex 2.92635 -14.7118 12
    endloop
  endfacet
  facet normal 0.162902 -0.986642 0
    outer loop
      vertex 1.95789 -14.8717 14
      vertex 1.95789 -14.8717 12
      vertex 2.92635 -14.7118 12
    endloop
  endfacet
  facet normal 0 0 1
    outer loop
      vertex -0 -0 14
      vertex 1.95789 -14.8717 14
      vertex 2.92635 -14.7118 14
    endloop
  endfacet
  facet normal -0 0 -1
    outer loop
      vertex 3.39457 -17.0657 0
      vertex 2.27115 -17.2511 0
      vertex -0 -0 0
    endloop
  endfacet
  facet normal 0.115237 -0.697881 -0.706882
    outer loop
      vertex 3.51163 -17.6541 0.599991
      vertex 2.34947 -17.846 0.599991
      vertex 3.39457 -17.0657 0
    endloop
  endfacet
  facet normal 0.115164 -0.697831 -0.706943
    outer loop
      vertex 2.34947 -17.846 0.599991
      vertex 2.27115 -17.2511 0
      vertex 3.39457 -17.0657 0
    endloop
  endfacet
  facet normal 0.098057 -0.995181 0
    outer loop
      vertex 2.34947 -17.846 3
      vertex 1.17726 -17.9615 3
      vertex 2.34947 -17.846 0.599991
    endloop
  endfacet
  facet normal 0.098057 -0.995181 0
    outer loop
      vertex 1.17726 -17.9615 3
      vertex 1.17726 -17.9615 0.599991
      vertex 2.34947 -17.846 0.599991
    endloop
  endfacet
  facet normal 0.0438531 -0.445251 0.894331
    outer loop
      vertex 1.30526 -9.91445 7
      vertex 0.654031 -9.97859 7
      vertex 2.34947 -17.846 3
    endloop
  endfacet
  facet normal 0.0438711 -0.445248 0.894332
    outer loop
      vertex 0.654031 -9.97859 7
      vertex 1.17726 -17.9615 3
      vertex 2.34947 -17.846 3
    endloop
  endfacet
  facet normal 0.0693194 -0.703889 -0.706919
    outer loop
      vertex 1.95789 -14.8717 12
      vertex 0.981047 -14.9679 12
      vertex 1.30526 -9.91445 7
    endloop
  endfacet
  facet normal 0.0693265 -0.703889 -0.706919
    outer loop
      vertex 0.981047 -14.9679 12
      vertex 0.654031 -9.97859 7
      vertex 1.30526 -9.91445 7
    endloop
  endfacet
  facet normal 0.0980064 -0.995186 0
    outer loop
      vertex 1.95789 -14.8717 14
      vertex 0.981047 -14.9679 14
      vertex 1.95789 -14.8717 12
    endloop
  endfacet
  facet normal 0.0980064 -0.995186 0
    outer loop
      vertex 0.981047 -14.9679 14
      vertex 0.981047 -14.9679 12
      vertex 1.95789 -14.8717 12
    endloop
  endfacet
  facet normal 0 0 1
    outer loop
      vertex -0 -0 14
      vertex 0.981047 -14.9679 14
      vertex 1.95789 -14.8717 14
    endloop
  endfacet
  facet normal -0 0 -1
    outer loop
      vertex 2.27115 -17.2511 0
      vertex 1.13801 -17.3627 0
      vertex -0 -0 0
    endloop
  endfacet
  facet normal 0.0693528 -0.703862 -0.706943
    outer loop
      vertex 2.34947 -17.846 0.599991
      vertex 1.17726 -17.9615 0.599991
      vertex 2.27115 -17.2511 0
    endloop
  endfacet
  facet normal 0.0693189 -0.703835 -0.706973
    outer loop
      vertex 1.17726 -17.9615 0.599991
      vertex 1.13801 -17.3627 0
      vertex 2.27115 -17.2511 0
    endloop
  endfacet
  facet normal 0.0326856 -0.999466 0
    outer loop
      vertex 1.17726 -17.9615 3
      vertex -0 -18 3
      vertex 1.17726 -17.9615 0.599991
    endloop
  endfacet
  facet normal 0.0326856 -0.999466 0
    outer loop
      vertex -0 -18 3
      vertex -0 -18 0.599991
      vertex 1.17726 -17.9615 0.599991
    endloop
  endfacet
  facet normal 0.0146381 -0.447164 0.894332
    outer loop
      vertex 0.654031 -9.97859 7
      vertex -0 -10 7
      vertex 1.17726 -17.9615 3
    endloop
  endfacet
  facet normal 0.0146237 -0.447166 0.894332
    outer loop
      vertex -0 -10 7
      vertex -0 -18 3
      vertex 1.17726 -17.9615 3
    endloop
  endfacet
  facet normal 0.0231304 -0.706917 -0.706918
    outer loop
      vertex 0.981047 -14.9679 12
      vertex -0 -15 12
      vertex 0.654031 -9.97859 7
    endloop
  endfacet
  facet normal 0.0231413 -0.706917 -0.706917
    outer loop
      vertex -0 -15 12
      vertex -0 -10 7
      vertex 0.654031 -9.97859 7
    endloop
  endfacet
  facet normal 0.0327026 -0.999465 0
    outer loop
      vertex 0.981047 -14.9679 14
      vertex -0 -15 14
      vertex 0.981047 -14.9679 12
    endloop
  endfacet
  facet normal 0.0327026 -0.999465 0
    outer loop
      vertex -0 -15 14
      vertex -0 -15 12
      vertex 0.981047 -14.9679 12
    endloop
  endfacet
  facet normal 0 0 1
    outer loop
      vertex -0 -0 14
      vertex -0 -15 14
      vertex 0.981047 -14.9679 14
    endloop
  endfacet
  facet normal -0 0 -1
    outer loop
      vertex 1.13801 -17.3627 0
      vertex -0 -17.4 0
      vertex -0 -0 0
    endloop
  endfacet
  facet normal 0.0231166 -0.706863 -0.706972
    outer loop
      vertex 1.17726 -17.9615 0.599991
      vertex -0 -18 0.599991
      vertex 1.13801 -17.3627 0
    endloop
  endfacet
  facet normal 0.0231701 -0.706912 -0.706922
    outer loop
      vertex -0 -18 0.599991
      vertex -0 -17.4 0
      vertex 1.13801 -17.3627 0
    endloop
  endfacet
  facet normal -0.0326856 -0.999466 -0
    outer loop
      vertex -0 -18 3
      vertex -1.17726 -17.9615 3
      vertex -0 -18 0.599991
    endloop
  endfacet
  facet normal -0.0326856 -0.999466 -0
    outer loop
      vertex -1.17726 -17.9615 3
      vertex -1.17726 -17.9615 0.599991
      vertex -0 -18 0.599991
    endloop
  endfacet
  facet normal -0.0146382 -0.447166 0.894331
    outer loop
      vertex -0 -10 7
      vertex -0.654031 -9.97859 7
      vertex -0 -18 3
    endloop
  endfacet
  facet normal -0.0146237 -0.447165 0.894332
    outer loop
      vertex -0.654031 -9.97859 7
      vertex -1.17726 -17.9615 3
      vertex -0 -18 3
    endloop
  endfacet
  facet normal -0.0231304 -0.706918 -0.706918
    outer loop
      vertex -0 -15 12
      vertex -0.981047 -14.9679 12
      vertex -0 -10 7
    endloop
  endfacet
  facet normal -0.0231412 -0.706916 -0.706918
    outer loop
      vertex -0.981047 -14.9679 12
      vertex -0.654031 -9.97859 7
      vertex -0 -10 7
    endloop
  endfacet
  facet normal -0.0327026 -0.999465 -0
    outer loop
      vertex -0 -15 14
      vertex -0.981047 -14.9679 14
      vertex -0 -15 12
    endloop
  endfacet
  facet normal -0.0327026 -0.999465 -0
    outer loop
      vertex -0.981047 -14.9679 14
      vertex -0.981047 -14.9679 12
      vertex -0 -15 12
    endloop
  endfacet
  facet normal 0 0 1
    outer loop
      vertex -0 -0 14
      vertex -0.981047 -14.9679 14
      vertex -0 -15 14
    endloop
  endfacet
  facet normal 0 0 -1
    outer loop
      vertex -0 -17.4 0
      vertex -1.13801 -17.3627 0
      vertex -0 -0 0
    endloop
  endfacet
  facet normal -0.0231182 -0.706912 -0.706923
    outer loop
      vertex -0 -18 0.599991
      vertex -1.17726 -17.9615 0.599991
      vertex -0 -17.4 0
    endloop
  endfacet
  facet normal -0.0231684 -0.706861 -0.706973
    outer loop
      vertex -1.17726 -17.9615 0.599991
      vertex -1.13801 -17.3627 0
      vertex -0 -17.4 0
    endloop
  endfacet
  facet normal -0.098057 -0.995181 -0
    outer loop
      vertex -1.17726 -17.9615 3
      vertex -2.34947 -17.846 3
      vertex -1.17726 -17.9615 0.599991
    endloop
  endfacet
  facet normal -0.098057 -0.995181 -0
    outer loop
      vertex -2.34947 -17.846 3
      vertex -2.34947 -17.846 0.599991
      vertex -1.17726 -17.9615 0.599991
    endloop
  endfacet
  facet normal -0.0438529 -0.445249 0.894332
    outer loop
      vertex -0.654031 -9.97859 7
      vertex -1.30526 -9.91445 7
      vertex -1.17726 -17.9615 3
    endloop
  endfacet
  facet normal -0.0438712 -0.445249 0.894331
    outer loop
      vertex -1.30526 -9.91445 7
      vertex -2.34947 -17.846 3
      vertex -1.17726 -17.9615 3
    endloop
  endfacet
  facet normal -0.0693194 -0.70389 -0.706919
    outer loop
      vertex -0.981047 -14.9679 12
      vertex -1.95789 -14.8717 12
      vertex -0.654031 -9.97859 7
    endloop
  endfacet
  facet normal -0.0693265 -0.703889 -0.706919
    outer loop
      vertex -1.95789 -14.8717 12
      vertex -1.30526 -9.91445 7
      vertex -0.654031 -9.97859 7
    endloop
  endfacet
  facet normal -0.0980064 -0.995186 -0
    outer loop
      vertex -0.981047 -14.9679 14
      vertex -1.95789 -14.8717 14
      vertex -0.981047 -14.9679 12
    endloop
  endfacet
  facet normal -0.0980064 -0.995186 -0
    outer loop
      vertex -1.95789 -14.8717 14
      vertex -1.95789 -14.8717 12
      vertex -0.981047 -14.9679 12
    endloop
  endfacet
  facet normal 0 0 1
    outer loop
      vertex -0 -0 14
      vertex -1.95789 -14.8717 14
      vertex -0.981047 -14.9679 14
    endloop
  endfacet
  facet normal 0 0 -1
    outer loop
      vertex -1.13801 -17.3627 0
      vertex -2.27115 -17.2511 0
      vertex -0 -0 0
    endloop
  endfacet
  facet normal -0.0693499 -0.703833 -0.706972
    outer loop
      vertex -1.17726 -17.9615 0.599991
      vertex -2.34947 -17.846 0.599991
      vertex -1.13801 -17.3627 0
    endloop
  endfacet
  facet normal -0.0693219 -0.703866 -0.706942
    outer loop
      vertex -2.34947 -17.846 0.599991
      vertex -2.27115 -17.2511 0
      vertex -1.13801 -17.3627 0
    endloop
  endfacet
  facet normal -0.162917 -0.98664 -0
    outer loop
      vertex -2.34947 -17.846 3
      vertex -3.51163 -17.6541 3
      vertex -2.34947 -17.846 0.599991
    endloop
  endfacet
  facet normal -0.162917 -0.98664 -0
    outer loop
      vertex -3.51163 -17.6541 3
      vertex -3.51163 -17.6541 0.599991
      vertex -2.34947 -17.846 0.599991
    endloop
  endfacet
  facet normal -0.0728833 -0.441429 0.894331
    outer loop
      vertex -1.30526 -9.91445 7
      vertex -1.9509 -9.80785 7
      vertex -2.34947 -17.846 3
    endloop
  endfacet
  facet normal -0.0728903 -0.441429 0.894331
    outer loop
      vertex -1.9509 -9.80785 7
      vertex -3.51163 -17.6541 3
      vertex -2.34947 -17.846 3
    endloop
  endfacet
  facet normal -0.11522 -0.697847 -0.706919
    outer loop
      vertex -1.95789 -14.8717 12
      vertex -2.92635 -14.7118 12
      vertex -1.30526 -9.91445 7
    endloop
  endfacet
  facet normal -0.11522 -0.697847 -0.706919
    outer loop
      vertex -2.92635 -14.7118 12
      vertex -1.9509 -9.80785 7
      vertex -1.30526 -9.91445 7
    endloop
  endfacet
  facet normal -0.162902 -0.986642 -0
    outer loop
      vertex -1.95789 -14.8717 14
      vertex -2.92635 -14.7118 14
      vertex -1.95789 -14.8717 12
    endloop
  endfacet
  facet normal -0.162902 -0.986642 -0
    outer loop
      vertex -2.92635 -14.7118 14
      vertex -2.92635 -14.7118 12
      vertex -1.95789 -14.8717 12
    endloop
  endfacet
  facet normal 0 0 1
    outer loop
      vertex -0 -0 14
      vertex -2.92635 -14.7118 14
      vertex -1.95789 -14.8717 14
    endloop
  endfacet
  facet normal 0 0 -1
    outer loop
      vertex -2.27115 -17.2511 0
      vertex -3.39457 -17.0657 0
      vertex -0 -0 0
    endloop
  endfacet
  facet normal -0.115227 -0.697822 -0.706942
    outer loop
      vertex -2.34947 -17.846 0.599991
      vertex -3.51163 -17.6541 0.599991
      vertex -2.27115 -17.2511 0
    endloop
  endfacet
  facet normal -0.115174 -0.697893 -0.706881
    outer loop
      vertex -3.51163 -17.6541 0.599991
      vertex -3.39457 -17.0657 0
      vertex -2.27115 -17.2511 0
    endloop
  endfacet
  facet normal -0.227021 -0.97389 -0
    outer loop
      vertex -3.51163 -17.6541 3
      vertex -4.65874 -17.3867 3
      vertex -3.51163 -17.6541 0.599991
    endloop
  endfacet
  facet normal -0.227021 -0.97389 -0
    outer loop
      vertex -4.65874 -17.3867 3
      vertex -4.65874 -17.3867 0.599991
      vertex -3.51163 -17.6541 0.599991
    endloop
  endfacet
  facet normal -0.101592 -0.43572 0.894331
    outer loop
      vertex -1.9509 -9.80785 7
      vertex -2.58819 -9.65926 7
      vertex -3.51163 -17.6541 3
    endloop
  endfacet
  facet normal -0.10157 -0.435723 0.894332
    outer loop
      vertex -2.58819 -9.65926 7
      vertex -4.65874 -17.3867 3
      vertex -3.51163 -17.6541 3
    endloop
  endfacet
  facet normal -0.160614 -0.688817 -0.706919
    outer loop
      vertex -2.92635 -14.7118 12
      vertex -3.88229 -14.4889 12
      vertex -1.9509 -9.80785 7
    endloop
  endfacet
  facet normal -0.160605 -0.68882 -0.706918
    outer loop
      vertex -3.88229 -14.4889 12
      vertex -2.58819 -9.65926 7
      vertex -1.9509 -9.80785 7
    endloop
  endfacet
  facet normal -0.227082 -0.973876 -0
    outer loop
      vertex -2.92635 -14.7118 14
      vertex -3.88229 -14.4889 14
      vertex -2.92635 -14.7118 12
    endloop
  endfacet
  facet normal -0.227082 -0.973876 -0
    outer loop
      vertex -3.88229 -14.4889 14
      vertex -3.88229 -14.4889 12
      vertex -2.92635 -14.7118 12
    endloop
  endfacet
  facet normal 0 0 1
    outer loop
      vertex -0 -0 14
      vertex -3.88229 -14.4889 14
      vertex -2.92635 -14.7118 14
    endloop
  endfacet
  facet normal 0 0 -1
    outer loop
      vertex -3.39457 -17.0657 0
      vertex -4.50345 -16.8071 0
      vertex -0 -0 0
    endloop
  endfacet
  facet normal -0.160579 -0.688862 -0.706883
    outer loop
      vertex -3.51163 -17.6541 0.599991
      vertex -4.65874 -17.3867 0.599991
      vertex -3.39457 -17.0657 0
    endloop
  endfacet
  facet normal -0.16063 -0.688783 -0.706949
    outer loop
      vertex -4.65874 -17.3867 0.599991
      vertex -4.50345 -16.8071 0
      vertex -3.39457 -17.0657 0
    endloop
  endfacet
  facet normal -0.290344 -0.956922 -0
    outer loop
      vertex -4.65874 -17.3867 3
      vertex -5.78591 -17.0447 3
      vertex -4.65874 -17.3867 0.599991
    endloop
  endfacet
  facet normal -0.290344 -0.956922 -0
    outer loop
      vertex -5.78591 -17.0447 3
      vertex -5.78591 -17.0447 0.599991
      vertex -4.65874 -17.3867 0.599991
    endloop
  endfacet
  facet normal -0.129877 -0.428138 0.894332
    outer loop
      vertex -2.58819 -9.65926 7
      vertex -3.21439 -9.4693 7
      vertex -4.65874 -17.3867 3
    endloop
  endfacet
  facet normal -0.129902 -0.428133 0.894331
    outer loop
      vertex -3.21439 -9.4693 7
      vertex -5.78591 -17.0447 3
      vertex -4.65874 -17.3867 3
    endloop
  endfacet
  facet normal -0.205295 -0.676846 -0.706919
    outer loop
      vertex -3.88229 -14.4889 12
      vertex -4.82159 -14.204 12
      vertex -2.58819 -9.65926 7
    endloop
  endfacet
  facet normal -0.20532 -0.676836 -0.706921
    outer loop
      vertex -4.82159 -14.204 12
      vertex -3.21439 -9.4693 7
      vertex -2.58819 -9.65926 7
    endloop
  endfacet
  facet normal -0.290253 -0.95695 -0
    outer loop
      vertex -3.88229 -14.4889 14
      vertex -4.82159 -14.204 14
      vertex -3.88229 -14.4889 12
    endloop
  endfacet
  facet normal -0.290253 -0.95695 -0
    outer loop
      vertex -4.82159 -14.204 14
      vertex -4.82159 -14.204 12
      vertex -3.88229 -14.4889 12
    endloop
  endfacet
  facet normal 0 0 1
    outer loop
      vertex -0 -0 14
      vertex -4.82159 -14.204 14
      vertex -3.88229 -14.4889 14
    endloop
  endfacet
  facet normal 0 0 -1
    outer loop
      vertex -4.50345 -16.8071 0
      vertex -5.59304 -16.4766 0
      vertex -0 -0 0
    endloop
  endfacet
  facet normal -0.205351 -0.676799 -0.706947
    outer loop
      vertex -4.65874 -17.3867 0.599991
      vertex -5.78591 -17.0447 0.599991
      vertex -4.50345 -16.8071 0
    endloop
  endfacet
  facet normal -0.205312 -0.67687 -0.706891
    outer loop
      vertex -5.78591 -17.0447 0.599991
      vertex -5.59304 -16.4766 0
      vertex -4.50345 -16.8071 0
    endloop
  endfacet
  facet normal -0.352242 -0.935909 -0
    outer loop
      vertex -5.78591 -17.0447 3
      vertex -6.8883 -16.6298 3
      vertex -5.78591 -17.0447 0.599991
    endloop
  endfacet
  facet normal -0.352242 -0.935909 -0
    outer loop
      vertex -6.8883 -16.6298 3
      vertex -6.8883 -16.6298 0.599991
      vertex -5.78591 -17.0447 0.599991
    endloop
  endfacet
  facet normal -0.157595 -0.418732 0.894331
    outer loop
      vertex -3.21439 -9.4693 7
      vertex -3.82683 -9.2388 7
      vertex -5.78591 -17.0447 3
    endloop
  endfacet
  facet normal -0.157596 -0.418732 0.894331
    outer loop
      vertex -3.82683 -9.2388 7
      vertex -6.8883 -16.6298 3
      vertex -5.78591 -17.0447 3
    endloop
  endfacet
  facet normal -0.24917 -0.66195 -0.70692
    outer loop
      vertex -4.82159 -14.204 12
      vertex -5.74025 -13.8582 12
      vertex -3.21439 -9.4693 7
    endloop
  endfacet
  facet normal -0.249139 -0.661965 -0.706918
    outer loop
      vertex -5.74025 -13.8582 12
      vertex -3.82683 -9.2388 7
      vertex -3.21439 -9.4693 7
    endloop
  endfacet
  facet normal -0.352287 -0.935892 -0
    outer loop
      vertex -4.82159 -14.204 14
      vertex -5.74025 -13.8582 14
      vertex -4.82159 -14.204 12
    endloop
  endfacet
  facet normal -0.352287 -0.935892 -0
    outer loop
      vertex -5.74025 -13.8582 14
      vertex -5.74025 -13.8582 12
      vertex -4.82159 -14.204 12
    endloop
  endfacet
  facet normal 0 0 1
    outer loop
      vertex -0 -0 14
      vertex -5.74025 -13.8582 14
      vertex -4.82159 -14.204 14
    endloop
  endfacet
  facet normal 0 0 -1
    outer loop
      vertex -5.59304 -16.4766 0
      vertex -6.65869 -16.0755 0
      vertex -0 -0 0
    endloop
  endfacet
  facet normal -0.249149 -0.661988 -0.706892
    outer loop
      vertex -5.78591 -17.0447 0.599991
      vertex -6.8883 -16.6298 0.599991
      vertex -5.59304 -16.4766 0
    endloop
  endfacet
  facet normal -0.249158 -0.661968 -0.706908
    outer loop
      vertex -6.8883 -16.6298 0.599991
      vertex -6.65869 -16.0755 0
      vertex -5.59304 -16.4766 0
    endloop
  endfacet
  facet normal -0.41269 -0.910872 -0
    outer loop
      vertex -6.8883 -16.6298 3
      vertex -7.9612 -16.1437 3
      vertex -6.8883 -16.6298 0.599991
    endloop
  endfacet
  facet normal -0.41269 -0.910872 -0
    outer loop
      vertex -7.9612 -16.1437 3
      vertex -7.9612 -16.1437 0.599991
      vertex -6.8883 -16.6298 0.599991
    endloop
  endfacet
  facet normal -0.184647 -0.407527 0.894331
    outer loop
      vertex -3.82683 -9.2388 7
      vertex -4.42289 -8.96873 7
      vertex -6.8883 -16.6298 3
    endloop
  endfacet
  facet normal -0.18464 -0.407529 0.894331
    outer loop
      vertex -4.42289 -8.96873 7
      vertex -7.9612 -16.1437 3
      vertex -6.8883 -16.6298 3
    endloop
  endfacet
  facet normal -0.291905 -0.644251 -0.706918
    outer loop
      vertex -5.74025 -13.8582 12
      vertex -6.63433 -13.4531 12
      vertex -3.82683 -9.2388 7
    endloop
  endfacet
  facet normal -0.291905 -0.644251 -0.706918
    outer loop
      vertex -6.63433 -13.4531 12
      vertex -4.42289 -8.96873 7
      vertex -3.82683 -9.2388 7
    endloop
  endfacet
  facet normal -0.412705 -0.910865 -0
    outer loop
      vertex -5.74025 -13.8582 14
      vertex -6.63433 -13.4531 14
      vertex -5.74025 -13.8582 12
    endloop
  endfacet
  facet normal -0.412705 -0.910865 -0
    outer loop
      vertex -6.63433 -13.4531 14
      vertex -6.63433 -13.4531 12
      vertex -5.74025 -13.8582 12
    endloop
  endfacet
  facet normal 0 0 1
    outer loop
      vertex -0 -0 14
      vertex -6.63433 -13.4531 14
      vertex -5.74025 -13.8582 14
    endloop
  endfacet
  facet normal 0 0 -1
    outer loop
      vertex -6.65869 -16.0755 0
      vertex -7.69582 -15.6056 0
      vertex -0 -0 0
    endloop
  endfacet
  facet normal -0.291898 -0.644265 -0.706908
    outer loop
      vertex -6.8883 -16.6298 0.599991
      vertex -7.9612 -16.1437 0.599991
      vertex -6.65869 -16.0755 0
    endloop
  endfacet
  facet normal -0.291899 -0.64426 -0.706912
    outer loop
      vertex -7.9612 -16.1437 0.599991
      vertex -7.69582 -15.6056 0
      vertex -6.65869 -16.0755 0
    endloop
  endfacet
  facet normal -0.471364 -0.881939 -0
    outer loop
      vertex -7.9612 -16.1437 3
      vertex -9 -15.5885 3
      vertex -7.9612 -16.1437 0.599991
    endloop
  endfacet
  facet normal -0.471364 -0.881939 -0
    outer loop
      vertex -9 -15.5885 3
      vertex -9 -15.5885 0.599991
      vertex -7.9612 -16.1437 0.599991
    endloop
  endfacet
  facet normal -0.21091 -0.394574 0.894331
    outer loop
      vertex -4.42289 -8.96873 7
      vertex -5 -8.66025 7
      vertex -7.9612 -16.1437 3
    endloop
  endfacet
  facet normal -0.21089 -0.394583 0.894332
    outer loop
      vertex -5 -8.66025 7
      vertex -9 -15.5885 3
      vertex -7.9612 -16.1437 3
    endloop
  endfacet
  facet normal -0.333411 -0.623782 -0.706918
    outer loop
      vertex -6.63433 -13.4531 12
      vertex -7.5 -12.9904 12
      vertex -4.42289 -8.96873 7
    endloop
  endfacet
  facet normal -0.333423 -0.623774 -0.706919
    outer loop
      vertex -7.5 -12.9904 12
      vertex -5 -8.66025 7
      vertex -4.42289 -8.96873 7
    endloop
  endfacet
  facet normal -0.471389 -0.881926 -0
    outer loop
      vertex -6.63433 -13.4531 14
      vertex -7.5 -12.9904 14
      vertex -6.63433 -13.4531 12
    endloop
  endfacet
  facet normal -0.471389 -0.881926 -0
    outer loop
      vertex -7.5 -12.9904 14
      vertex -7.5 -12.9904 12
      vertex -6.63433 -13.4531 12
    endloop
  endfacet
  facet normal 0 0 1
    outer loop
      vertex -0 -0 14
      vertex -7.5 -12.9904 14
      vertex -6.63433 -13.4531 14
    endloop
  endfacet
  facet normal 0 0 -1
    outer loop
      vertex -7.69582 -15.6056 0
      vertex -8.7 -15.0688 0
      vertex -0 -0 0
    endloop
  endfacet
  facet normal -0.333396 -0.623796 -0.706913
    outer loop
      vertex -7.9612 -16.1437 0.599991
      vertex -9 -15.5885 0.599991
      vertex -7.69582 -15.6056 0
    endloop
  endfacet
  facet normal -0.33342 -0.623721 -0.706967
    outer loop
      vertex -9 -15.5885 0.599991
      vertex -8.7 -15.0688 0
      vertex -7.69582 -15.6056 0
    endloop
  endfacet
  facet normal -0.528052 -0.849212 -0
    outer loop
      vertex -9 -15.5885 3
      vertex -10.0003 -14.9665 3
      vertex -9 -15.5885 0.599991
    endloop
  endfacet
  facet normal -0.528052 -0.849212 -0
    outer loop
      vertex -10.0003 -14.9665 3
      vertex -10.0003 -14.9665 0.599991
      vertex -9 -15.5885 0.599991
    endloop
  endfacet
  facet normal -0.236256 -0.379938 0.894332
    outer loop
      vertex -5 -8.66025 7
      vertex -5.5557 -8.3147 7
      vertex -9 -15.5885 3
    endloop
  endfacet
  facet normal -0.236252 -0.37994 0.894333
    outer loop
      vertex -5.5557 -8.3147 7
      vertex -10.0003 -14.9665 3
      vertex -9 -15.5885 3
    endloop
  endfacet
  facet normal -0.373534 -0.600616 -0.706918
    outer loop
      vertex -7.5 -12.9904 12
      vertex -8.33355 -12.472 12
      vertex -5 -8.66025 7
    endloop
  endfacet
  facet normal -0.373497 -0.600643 -0.706914
    outer loop
      vertex -8.33355 -12.472 12
      vertex -5.5557 -8.3147 7
      vertex -5 -8.66025 7
    endloop
  endfacet
  facet normal -0.528116 -0.849172 -0
    outer loop
      vertex -7.5 -12.9904 14
      vertex -8.33355 -12.472 14
      vertex -7.5 -12.9904 12
    endloop
  endfacet
  facet normal -0.528116 -0.849172 -0
    outer loop
      vertex -8.33355 -12.472 14
      vertex -8.33355 -12.472 12
      vertex -7.5 -12.9904 12
    endloop
  endfacet
  facet normal 0 0 1
    outer loop
      vertex -0 -0 14
      vertex -8.33355 -12.472 14
      vertex -7.5 -12.9904 14
    endloop
  endfacet
  facet normal 0 0 -1
    outer loop
      vertex -8.7 -15.0688 0
      vertex -9.66692 -14.4676 0
      vertex -0 -0 0
    endloop
  endfacet
  facet normal -0.373464 -0.600604 -0.706965
    outer loop
      vertex -9 -15.5885 0.599991
      vertex -10.0003 -14.9665 0.599991
      vertex -8.7 -15.0688 0
    endloop
  endfacet
  facet normal -0.373456 -0.600635 -0.706943
    outer loop
      vertex -10.0003 -14.9665 0.599991
      vertex -9.66692 -14.4676 0
      vertex -8.7 -15.0688 0
    endloop
  endfacet
  facet normal -0.582498 -0.812832 -0
    outer loop
      vertex -10.0003 -14.9665 3
      vertex -10.9577 -14.2804 3
      vertex -10.0003 -14.9665 0.599991
    endloop
  endfacet
  facet normal -0.582498 -0.812832 -0
    outer loop
      vertex -10.9577 -14.2804 3
      vertex -10.9577 -14.2804 0.599991
      vertex -10.0003 -14.9665 0.599991
    endloop
  endfacet
  facet normal -0.260606 -0.363667 0.894333
    outer loop
      vertex -5.5557 -8.3147 7
      vertex -6.08761 -7.93353 7
      vertex -10.0003 -14.9665 3
    endloop
  endfacet
  facet normal -0.260612 -0.363664 0.894332
    outer loop
      vertex -6.08761 -7.93353 7
      vertex -10.9577 -14.2804 3
      vertex -10.0003 -14.9665 3
    endloop
  endfacet
  facet normal -0.411964 -0.574941 -0.706915
    outer loop
      vertex -8.33355 -12.472 12
      vertex -9.13142 -11.9003 12
      vertex -5.5557 -8.3147 7
    endloop
  endfacet
  facet normal -0.41199 -0.574918 -0.706918
    outer loop
      vertex -9.13142 -11.9003 12
      vertex -6.08761 -7.93353 7
      vertex -5.5557 -8.3147 7
    endloop
  endfacet
  facet normal -0.582447 -0.812869 -0
    outer loop
      vertex -8.33355 -12.472 14
      vertex -9.13142 -11.9003 14
      vertex -8.33355 -12.472 12
    endloop
  endfacet
  facet normal -0.582447 -0.812869 -0
    outer loop
      vertex -9.13142 -11.9003 14
      vertex -9.13142 -11.9003 12
      vertex -8.33355 -12.472 12
    endloop
  endfacet
  facet normal 0 0 1
    outer loop
      vertex -0 -0 14
      vertex -9.13142 -11.9003 14
      vertex -8.33355 -12.472 14
    endloop
  endfacet
  facet normal 0 0 -1
    outer loop
      vertex -9.66692 -14.4676 0
      vertex -10.5924 -13.8043 0
      vertex -0 -0 0
    endloop
  endfacet
  facet normal -0.411983 -0.574891 -0.706944
    outer loop
      vertex -10.0003 -14.9665 0.599991
      vertex -10.9577 -14.2804 0.599991
      vertex -9.66692 -14.4676 0
    endloop
  endfacet
  facet normal -0.411993 -0.574839 -0.706981
    outer loop
      vertex -10.9577 -14.2804 0.599991
      vertex -10.5924 -13.8043 0
      vertex -9.66692 -14.4676 0
    endloop
  endfacet
  facet normal -0.63443 -0.77298 -0
    outer loop
      vertex -10.9577 -14.2804 3
      vertex -11.8682 -13.5331 3
      vertex -10.9577 -14.2804 0.599991
    endloop
  endfacet
  facet normal -0.63443 -0.77298 -0
    outer loop
      vertex -11.8682 -13.5331 3
      vertex -11.8682 -13.5331 0.599991
      vertex -10.9577 -14.2804 0.599991
    endloop
  endfacet
  facet normal -0.283826 -0.345851 0.894332
    outer loop
      vertex -6.08761 -7.93353 7
      vertex -6.59346 -7.5184 7
      vertex -10.9577 -14.2804 3
    endloop
  endfacet
  facet normal -0.283848 -0.345836 0.894331
    outer loop
      vertex -6.59346 -7.5184 7
      vertex -11.8682 -13.5331 3
      vertex -10.9577 -14.2804 3
    endloop
  endfacet
  facet normal -0.448701 -0.546749 -0.706918
    outer loop
      vertex -9.13142 -11.9003 12
      vertex -9.89019 -11.2776 12
      vertex -6.08761 -7.93353 7
    endloop
  endfacet
  facet normal -0.448697 -0.546753 -0.706917
    outer loop
      vertex -9.89019 -11.2776 12
      vertex -6.59346 -7.5184 7
      vertex -6.08761 -7.93353 7
    endloop
  endfacet
  facet normal -0.634389 -0.773014 -0
    outer loop
      vertex -9.13142 -11.9003 14
      vertex -9.89019 -11.2776 14
      vertex -9.13142 -11.9003 12
    endloop
  endfacet
  facet normal -0.634389 -0.773014 -0
    outer loop
      vertex -9.89019 -11.2776 14
      vertex -9.89019 -11.2776 12
      vertex -9.13142 -11.9003 12
    endloop
  endfacet
  facet normal 0 0 1
    outer loop
      vertex -0 -0 14
      vertex -9.89019 -11.2776 14
      vertex -9.13142 -11.9003 14
    endloop
  endfacet
  facet normal 0 0 -1
    outer loop
      vertex -10.5924 -13.8043 0
      vertex -11.4726 -13.082 0
      vertex -0 -0 0
    endloop
  endfacet
  facet normal -0.448691 -0.546679 -0.706978
    outer loop
      vertex -10.9577 -14.2804 0.599991
      vertex -11.8682 -13.5331 0.599991
      vertex -10.5924 -13.8043 0
    endloop
  endfacet
  facet normal -0.448681 -0.546766 -0.706918
    outer loop
      vertex -11.8682 -13.5331 0.599991
      vertex -11.4726 -13.082 0
      vertex -10.5924 -13.8043 0
    endloop
  endfacet
  facet normal -0.683594 -0.729863 -0
    outer loop
      vertex -11.8682 -13.5331 3
      vertex -12.7279 -12.7279 3
      vertex -11.8682 -13.5331 0.599991
    endloop
  endfacet
  facet normal -0.683594 -0.729863 -0
    outer loop
      vertex -12.7279 -12.7279 3
      vertex -12.7279 -12.7279 0.599991
      vertex -11.8682 -13.5331 0.599991
    endloop
  endfacet
  facet normal -0.305844 -0.326546 0.894331
    outer loop
      vertex -6.59346 -7.5184 7
      vertex -7.07107 -7.07107 7
      vertex -11.8682 -13.5331 3
    endloop
  endfacet
  facet normal -0.305844 -0.326546 0.894331
    outer loop
      vertex -7.07107 -7.07107 7
      vertex -12.7279 -12.7279 3
      vertex -11.8682 -13.5331 3
    endloop
  endfacet
  facet normal -0.483506 -0.516227 -0.706917
    outer loop
      vertex -9.89019 -11.2776 12
      vertex -10.6066 -10.6066 12
      vertex -6.59346 -7.5184 7
    endloop
  endfacet
  facet normal -0.483502 -0.516231 -0.706917
    outer loop
      vertex -10.6066 -10.6066 12
      vertex -7.07107 -7.07107 7
      vertex -6.59346 -7.5184 7
    endloop
  endfacet
  facet normal -0.683597 -0.72986 -0
    outer loop
      vertex -9.89019 -11.2776 14
      vertex -10.6066 -10.6066 14
      vertex -9.89019 -11.2776 12
    endloop
  endfacet
  facet normal -0.683597 -0.72986 -0
    outer loop
      vertex -10.6066 -10.6066 14
      vertex -10.6066 -10.6066 12
      vertex -9.89019 -11.2776 12
    endloop
  endfacet
  facet normal 0 0 1
    outer loop
      vertex -0 -0 14
      vertex -10.6066 -10.6066 14
      vertex -9.89019 -11.2776 14
    endloop
  endfacet
  facet normal 0 0 -1
    outer loop
      vertex -11.4726 -13.082 0
      vertex -12.3037 -12.3037 0
      vertex -0 -0 0
    endloop
  endfacet
  facet normal -0.483503 -0.516229 -0.706918
    outer loop
      vertex -11.8682 -13.5331 0.599991
      vertex -12.7279 -12.7279 0.599991
      vertex -11.4726 -13.082 0
    endloop
  endfacet
  facet normal -0.483499 -0.5163 -0.706868
    outer loop
      vertex -12.7279 -12.7279 0.599991
      vertex -12.3037 -12.3037 0
      vertex -11.4726 -13.082 0
    endloop
  endfacet
  facet normal -0.729863 -0.683594 -0
    outer loop
      vertex -12.7279 -12.7279 3
      vertex -13.5331 -11.8682 3
      vertex -12.7279 -12.7279 0.599991
    endloop
  endfacet
  facet normal -0.729863 -0.683594 -0
    outer loop
      vertex -13.5331 -11.8682 3
      vertex -13.5331 -11.8682 0.599991
      vertex -12.7279 -12.7279 0.599991
    endloop
  endfacet
  facet normal -0.326546 -0.305844 0.894331
    outer loop
      vertex -7.07107 -7.07107 7
      vertex -7.5184 -6.59346 7
      vertex -12.7279 -12.7279 3
    endloop
  endfacet
  facet normal -0.326545 -0.305844 0.894331
    outer loop
      vertex -7.5184 -6.59346 7
      vertex -13.5331 -11.8682 3
      vertex -12.7279 -12.7279 3
    endloop
  endfacet
  facet normal -0.516227 -0.483506 -0.706917
    outer loop
      vertex -10.6066 -10.6066 12
      vertex -11.2776 -9.89019 12
      vertex -7.07107 -7.07107 7
    endloop
  endfacet
  facet normal -0.51623 -0.483502 -0.706918
    outer loop
      vertex -11.2776 -9.89019 12
      vertex -7.5184 -6.59346 7
      vertex -7.07107 -7.07107 7
    endloop
  endfacet
  facet normal -0.72986 -0.683597 -0
    outer loop
      vertex -10.6066 -10.6066 14
      vertex -11.2776 -9.89019 14
      vertex -10.6066 -10.6066 12
    endloop
  endfacet
  facet normal -0.72986 -0.683597 -0
    outer loop
      vertex -11.2776 -9.89019 14
      vertex -11.2776 -9.89019 12
      vertex -10.6066 -10.6066 12
    endloop
  endfacet
  facet normal 0 0 1
    outer loop
      vertex -0 -0 14
      vertex -11.2776 -9.89019 14
      vertex -10.6066 -10.6066 14
    endloop
  endfacet
  facet normal 0 0 -1
    outer loop
      vertex -12.3037 -12.3037 0
      vertex -13.082 -11.4726 0
      vertex -0 -0 0
    endloop
  endfacet
  facet normal -0.516264 -0.483536 -0.706869
    outer loop
      vertex -12.7279 -12.7279 0.599991
      vertex -13.5331 -11.8682 0.599991
      vertex -12.3037 -12.3037 0
    endloop
  endfacet
  facet normal -0.516263 -0.483465 -0.706919
    outer loop
      vertex -13.5331 -11.8682 0.599991
      vertex -13.082 -11.4726 0
      vertex -12.3037 -12.3037 0
    endloop
  endfacet
  facet normal -0.77298 -0.63443 -0
    outer loop
      vertex -13.5331 -11.8682 3
      vertex -14.2804 -10.9577 3
      vertex -13.5331 -11.8682 0.599991
    endloop
  endfacet
  facet normal -0.77298 -0.63443 -0
    outer loop
      vertex -14.2804 -10.9577 3
      vertex -14.2804 -10.9577 0.599991
      vertex -13.5331 -11.8682 0.599991
    endloop
  endfacet
  facet normal -0.345854 -0.283828 0.894331
    outer loop
      vertex -7.5184 -6.59346 7
      vertex -7.93353 -6.08761 7
      vertex -13.5331 -11.8682 3
    endloop
  endfacet
  facet normal -0.345835 -0.283847 0.894332
    outer loop
      vertex -7.93353 -6.08761 7
      vertex -14.2804 -10.9577 3
      vertex -13.5331 -11.8682 3
    endloop
  endfacet
  facet normal -0.54675 -0.448701 -0.706917
    outer loop
      vertex -11.2776 -9.89019 12
      vertex -11.9003 -9.13142 12
      vertex -7.5184 -6.59346 7
    endloop
  endfacet
  facet normal -0.546752 -0.448697 -0.706918
    outer loop
      vertex -11.9003 -9.13142 12
      vertex -7.93353 -6.08761 7
      vertex -7.5184 -6.59346 7
    endloop
  endfacet
  facet normal -0.773014 -0.634389 -0
    outer loop
      vertex -11.2776 -9.89019 14
      vertex -11.9003 -9.13142 14
      vertex -11.2776 -9.89019 12
    endloop
  endfacet
  facet normal -0.773014 -0.634389 -0
    outer loop
      vertex -11.9003 -9.13142 14
      vertex -11.9003 -9.13142 12
      vertex -11.2776 -9.89019 12
    endloop
  endfacet
  facet normal 0 0 1
    outer loop
      vertex -0 -0 14
      vertex -11.9003 -9.13142 14
      vertex -11.2776 -9.89019 14
    endloop
  endfacet
  facet normal 0 0 -1
    outer loop
      vertex -13.082 -11.4726 0
      vertex -13.8043 -10.5924 0
      vertex -0 -0 0
    endloop
  endfacet
  facet normal -0.546725 -0.448729 -0.706919
    outer loop
      vertex -13.5331 -11.8682 0.599991
      vertex -14.2804 -10.9577 0.599991
      vertex -13.082 -11.4726 0
    endloop
  endfacet
  facet normal -0.546718 -0.448642 -0.706979
    outer loop
      vertex -14.2804 -10.9577 0.599991
      vertex -13.8043 -10.5924 0
      vertex -13.082 -11.4726 0
    endloop
  endfacet
  facet normal -0.812832 -0.582498 -0
    outer loop
      vertex -14.2804 -10.9577 3
      vertex -14.9665 -10.0003 3
      vertex -14.2804 -10.9577 0.599991
    endloop
  endfacet
  facet normal -0.812832 -0.582498 -0
    outer loop
      vertex -14.9665 -10.0003 3
      vertex -14.9665 -10.0003 0.599991
      vertex -14.2804 -10.9577 0.599991
    endloop
  endfacet
  facet normal -0.363668 -0.260607 0.894332
    outer loop
      vertex -7.93353 -6.08761 7
      vertex -8.3147 -5.5557 7
      vertex -14.2804 -10.9577 3
    endloop
  endfacet
  facet normal -0.363663 -0.260611 0.894332
    outer loop
      vertex -8.3147 -5.5557 7
      vertex -14.9665 -10.0003 3
      vertex -14.2804 -10.9577 3
    endloop
  endfacet
  facet normal -0.574939 -0.411963 -0.706917
    outer loop
      vertex -11.9003 -9.13142 12
      vertex -12.472 -8.33355 12
      vertex -7.93353 -6.08761 7
    endloop
  endfacet
  facet normal -0.574921 -0.411992 -0.706914
    outer loop
      vertex -12.472 -8.33355 12
      vertex -8.3147 -5.5557 7
      vertex -7.93353 -6.08761 7
    endloop
  endfacet
  facet normal -0.812869 -0.582447 -0
    outer loop
      vertex -11.9003 -9.13142 14
      vertex -12.472 -8.33355 14
      vertex -11.9003 -9.13142 12
    endloop
  endfacet
  facet normal -0.812869 -0.582447 -0
    outer loop
      vertex -12.472 -8.33355 14
      vertex -12.472 -8.33355 12
      vertex -11.9003 -9.13142 12
    endloop
  endfacet
  facet normal 0 0 1
    outer loop
      vertex -0 -0 14
      vertex -12.472 -8.33355 14
      vertex -11.9003 -9.13142 14
    endloop
  endfacet
  facet normal 0 0 -1
    outer loop
      vertex -13.8043 -10.5924 0
      vertex -14.4676 -9.66692 0
      vertex -0 -0 0
    endloop
  endfacet
  facet normal -0.574862 -0.411962 -0.70698
    outer loop
      vertex -14.2804 -10.9577 0.599991
      vertex -14.9665 -10.0003 0.599991
      vertex -13.8043 -10.5924 0
    endloop
  endfacet
  facet normal -0.57487 -0.412014 -0.706944
    outer loop
      vertex -14.9665 -10.0003 0.599991
      vertex -14.4676 -9.66692 0
      vertex -13.8043 -10.5924 0
    endloop
  endfacet
  facet normal -0.849212 -0.528052 -0
    outer loop
      vertex -14.9665 -10.0003 3
      vertex -15.5885 -9 3
      vertex -14.9665 -10.0003 0.599991
    endloop
  endfacet
  facet normal -0.849212 -0.528052 -0
    outer loop
      vertex -15.5885 -9 3
      vertex -15.5885 -9 0.599991
      vertex -14.9665 -10.0003 0.599991
    endloop
  endfacet
  facet normal -0.379937 -0.236256 0.894333
    outer loop
      vertex -8.3147 -5.5557 7
      vertex -8.66025 -5 7
      vertex -14.9665 -10.0003 3
    endloop
  endfacet
  facet normal -0.37994 -0.236252 0.894332
    outer loop
      vertex -8.66025 -5 7
      vertex -15.5885 -9 3
      vertex -14.9665 -10.0003 3
    endloop
  endfacet
  facet normal -0.600618 -0.373535 -0.706915
    outer loop
      vertex -12.472 -8.33355 12
      vertex -12.9904 -7.5 12
      vertex -8.3147 -5.5557 7
    endloop
  endfacet
  facet normal -0.600639 -0.373495 -0.706919
    outer loop
      vertex -12.9904 -7.5 12
      vertex -8.66025 -5 7
      vertex -8.3147 -5.5557 7
    endloop
  endfacet
  facet normal -0.849172 -0.528116 -0
    outer loop
      vertex -12.472 -8.33355 14
      vertex -12.9904 -7.5 14
      vertex -12.472 -8.33355 12
    endloop
  endfacet
  facet normal -0.849172 -0.528116 -0
    outer loop
      vertex -12.9904 -7.5 14
      vertex -12.9904 -7.5 12
      vertex -12.472 -8.33355 12
    endloop
  endfacet
  facet normal 0 0 1
    outer loop
      vertex -0 -0 14
      vertex -12.9904 -7.5 14
      vertex -12.472 -8.33355 14
    endloop
  endfacet
  facet normal 0 0 -1
    outer loop
      vertex -14.4676 -9.66692 0
      vertex -15.0688 -8.7 0
      vertex -0 -0 0
    endloop
  endfacet
  facet normal -0.600622 -0.373475 -0.706943
    outer loop
      vertex -14.9665 -10.0003 0.599991
      vertex -15.5885 -9 0.599991
      vertex -14.4676 -9.66692 0
    endloop
  endfacet
  facet normal -0.600616 -0.373444 -0.706966
    outer loop
      vertex -15.5885 -9 0.599991
      vertex -15.0688 -8.7 0
      vertex -14.4676 -9.66692 0
    endloop
  endfacet
  facet normal -0.881939 -0.471364 -0
    outer loop
      vertex -15.5885 -9 3
      vertex -16.1437 -7.9612 3
      vertex -15.5885 -9 0.599991
    endloop
  endfacet
  facet normal -0.881939 -0.471364 -0
    outer loop
      vertex -16.1437 -7.9612 3
      vertex -16.1437 -7.9612 0.599991
      vertex -15.5885 -9 0.599991
    endloop
  endfacet
  facet normal -0.394572 -0.210909 0.894332
    outer loop
      vertex -8.66025 -5 7
      vertex -8.96873 -4.42289 7
      vertex -15.5885 -9 3
    endloop
  endfacet
  facet normal -0.394584 -0.210891 0.894331
    outer loop
      vertex -8.96873 -4.42289 7
      vertex -16.1437 -7.9612 3
      vertex -15.5885 -9 3
    endloop
  endfacet
  facet normal -0.623781 -0.333411 -0.706919
    outer loop
      vertex -12.9904 -7.5 12
      vertex -13.4531 -6.63433 12
      vertex -8.66025 -5 7
    endloop
  endfacet
  facet normal -0.623776 -0.333424 -0.706918
    outer loop
      vertex -13.4531 -6.63433 12
      vertex -8.96873 -4.42289 7
      vertex -8.66025 -5 7
    endloop
  endfacet
  facet normal -0.881926 -0.471389 -0
    outer loop
      vertex -12.9904 -7.5 14
      vertex -13.4531 -6.63433 14
      vertex -12.9904 -7.5 12
    endloop
  endfacet
  facet normal -0.881926 -0.471389 -0
    outer loop
      vertex -13.4531 -6.63433 14
      vertex -13.4531 -6.63433 12
      vertex -12.9904 -7.5 12
    endloop
  endfacet
  facet normal 0 0 1
    outer loop
      vertex -0 -0 14
      vertex -13.4531 -6.63433 14
      vertex -12.9904 -7.5 14
    endloop
  endfacet
  facet normal 0 0 -1
    outer loop
      vertex -15.0688 -8.7 0
      vertex -15.6056 -7.69582 0
      vertex -0 -0 0
    endloop
  endfacet
  facet normal -0.623749 -0.333371 -0.706966
    outer loop
      vertex -15.5885 -9 0.599991
      vertex -16.1437 -7.9612 0.599991
      vertex -15.0688 -8.7 0
    endloop
  endfacet
  facet normal -0.62377 -0.333446 -0.706912
    outer loop
      vertex -16.1437 -7.9612 0.599991
      vertex -15.6056 -7.69582 0
      vertex -15.0688 -8.7 0
    endloop
  endfacet
  facet normal -0.910872 -0.41269 -0
    outer loop
      vertex -16.1437 -7.9612 3
      vertex -16.6298 -6.8883 3
      vertex -16.1437 -7.9612 0.599991
    endloop
  endfacet
  facet normal -0.910872 -0.41269 -0
    outer loop
      vertex -16.6298 -6.8883 3
      vertex -16.6298 -6.8883 0.599991
      vertex -16.1437 -7.9612 0.599991
    endloop
  endfacet
  facet normal -0.407526 -0.184647 0.894331
    outer loop
      vertex -8.96873 -4.42289 7
      vertex -9.2388 -3.82683 7
      vertex -16.1437 -7.9612 3
    endloop
  endfacet
  facet normal -0.40753 -0.18464 0.894331
    outer loop
      vertex -9.2388 -3.82683 7
      vertex -16.6298 -6.8883 3
      vertex -16.1437 -7.9612 3
    endloop
  endfacet
  facet normal -0.644251 -0.291905 -0.706918
    outer loop
      vertex -13.4531 -6.63433 12
      vertex -13.8582 -5.74025 12
      vertex -8.96873 -4.42289 7
    endloop
  endfacet
  facet normal -0.644251 -0.291905 -0.706918
    outer loop
      vertex -13.8582 -5.74025 12
      vertex -9.2388 -3.82683 7
      vertex -8.96873 -4.42289 7
    endloop
  endfacet
  facet normal -0.910865 -0.412705 -0
    outer loop
      vertex -13.4531 -6.63433 14
      vertex -13.8582 -5.74025 14
      vertex -13.4531 -6.63433 12
    endloop
  endfacet
  facet normal -0.910865 -0.412705 -0
    outer loop
      vertex -13.8582 -5.74025 14
      vertex -13.8582 -5.74025 12
      vertex -13.4531 -6.63433 12
    endloop
  endfacet
  facet normal 0 0 1
    outer loop
      vertex -0 -0 14
      vertex -13.8582 -5.74025 14
      vertex -13.4531 -6.63433 14
    endloop
  endfacet
  facet normal 0 0 -1
    outer loop
      vertex -15.6056 -7.69582 0
      vertex -16.0755 -6.65869 0
      vertex -0 -0 0
    endloop
  endfacet
  facet normal -0.644261 -0.291896 -0.706911
    outer loop
      vertex -16.1437 -7.9612 0.599991
      vertex -16.6298 -6.8883 0.599991
      vertex -15.6056 -7.69582 0
    endloop
  endfacet
  facet normal -0.644263 -0.291901 -0.706908
    outer loop
      vertex -16.6298 -6.8883 0.599991
      vertex -16.0755 -6.65869 0
      vertex -15.6056 -7.69582 0
    endloop
  endfacet
  facet normal -0.935909 -0.352242 -0
    outer loop
      vertex -16.6298 -6.8883 3
      vertex -17.0447 -5.78591 3
      vertex -16.6298 -6.8883 0.599991
    endloop
  endfacet
  facet normal -0.935909 -0.352242 -0
    outer loop
      vertex -17.0447 -5.78591 3
      vertex -17.0447 -5.78591 0.599991
      vertex -16.6298 -6.8883 0.599991
    endloop
  endfacet
  facet normal -0.418732 -0.157595 0.894331
    outer loop
      vertex -9.2388 -3.82683 7
      vertex -9.4693 -3.21439 7
      vertex -16.6298 -6.8883 3
    endloop
  endfacet
  facet normal -0.418732 -0.157596 0.894331
    outer loop
      vertex -9.4693 -3.21439 7
      vertex -17.0447 -5.78591 3
      vertex -16.6298 -6.8883 3
    endloop
  endfacet
  facet normal -0.661952 -0.249171 -0.706918
    outer loop
      vertex -13.8582 -5.74025 12
      vertex -14.204 -4.82159 12
      vertex -9.2388 -3.82683 7
    endloop
  endfacet
  facet normal -0.661962 -0.249138 -0.706921
    outer loop
      vertex -14.204 -4.82159 12
      vertex -9.4693 -3.21439 7
      vertex -9.2388 -3.82683 7
    endloop
  endfacet
  facet normal -0.935892 -0.352287 -0
    outer loop
      vertex -13.8582 -5.74025 14
      vertex -14.204 -4.82159 14
      vertex -13.8582 -5.74025 12
    endloop
  endfacet
  facet normal -0.935892 -0.352287 -0
    outer loop
      vertex -14.204 -4.82159 14
      vertex -14.204 -4.82159 12
      vertex -13.8582 -5.74025 12
    endloop
  endfacet
  facet normal 0 0 1
    outer loop
      vertex -0 -0 14
      vertex -14.204 -4.82159 14
      vertex -13.8582 -5.74025 14
    endloop
  endfacet
  facet normal 0 0 -1
    outer loop
      vertex -16.0755 -6.65869 0
      vertex -16.4766 -5.59304 0
      vertex -0 -0 0
    endloop
  endfacet
  facet normal -0.661974 -0.249143 -0.706907
    outer loop
      vertex -16.6298 -6.8883 0.599991
      vertex -17.0447 -5.78591 0.599991
      vertex -16.0755 -6.65869 0
    endloop
  endfacet
  facet normal -0.661983 -0.249164 -0.706892
    outer loop
      vertex -17.0447 -5.78591 0.599991
      vertex -16.4766 -5.59304 0
      vertex -16.0755 -6.65869 0
    endloop
  endfacet
  facet normal -0.956922 -0.290344 -0
    outer loop
      vertex -17.0447 -5.78591 3
      vertex -17.3867 -4.65874 3
      vertex -17.0447 -5.78591 0.599991
    endloop
  endfacet
  facet normal -0.956922 -0.290344 -0
    outer loop
      vertex -17.3867 -4.65874 3
      vertex -17.3867 -4.65874 0.599991
      vertex -17.0447 -5.78591 0.599991
    endloop
  endfacet
  facet normal -0.428141 -0.129878 0.894331
    outer loop
      vertex -9.4693 -3.21439 7
      vertex -9.65926 -2.58819 7
      vertex -17.0447 -5.78591 3
    endloop
  endfacet
  facet normal -0.428131 -0.129901 0.894332
    outer loop
      vertex -9.65926 -2.58819 7
      vertex -17.3867 -4.65874 3
      vertex -17.0447 -5.78591 3
    endloop
  endfacet
  facet normal -0.676844 -0.205294 -0.70692
    outer loop
      vertex -14.204 -4.82159 12
      vertex -14.4889 -3.88229 12
      vertex -9.4693 -3.21439 7
    endloop
  endfacet
  facet normal -0.676838 -0.205321 -0.706918
    outer loop
      vertex -14.4889 -3.88229 12
      vertex -9.65926 -2.58819 7
      vertex -9.4693 -3.21439 7
    endloop
  endfacet
  facet normal -0.95695 -0.290253 -0
    outer loop
      vertex -14.204 -4.82159 14
      vertex -14.4889 -3.88229 14
      vertex -14.204 -4.82159 12
    endloop
  endfacet
  facet normal -0.95695 -0.290253 -0
    outer loop
      vertex -14.4889 -3.88229 14
      vertex -14.4889 -3.88229 12
      vertex -14.204 -4.82159 12
    endloop
  endfacet
  facet normal 0 0 1
    outer loop
      vertex -0 -0 14
      vertex -14.4889 -3.88229 14
      vertex -14.204 -4.82159 14
    endloop
  endfacet
  facet normal 0 0 -1
    outer loop
      vertex -16.4766 -5.59304 0
      vertex -16.8071 -4.50345 0
      vertex -0 -0 0
    endloop
  endfacet
  facet normal -0.676852 -0.205367 -0.706892
    outer loop
      vertex -17.0447 -5.78591 0.599991
      vertex -17.3867 -4.65874 0.599991
      vertex -16.4766 -5.59304 0
    endloop
  endfacet
  facet normal -0.676815 -0.205295 -0.706948
    outer loop
      vertex -17.3867 -4.65874 0.599991
      vertex -16.8071 -4.50345 0
      vertex -16.4766 -5.59304 0
    endloop
  endfacet
  facet normal -0.97389 -0.227021 -0
    outer loop
      vertex -17.3867 -4.65874 3
      vertex -17.6541 -3.51163 3
      vertex -17.3867 -4.65874 0.599991
    endloop
  endfacet
  facet normal -0.97389 -0.227021 -0
    outer loop
      vertex -17.6541 -3.51163 3
      vertex -17.6541 -3.51163 0.599991
      vertex -17.3867 -4.65874 0.599991
    endloop
  endfacet
  facet normal -0.435717 -0.101591 0.894332
    outer loop
      vertex -9.65926 -2.58819 7
      vertex -9.80785 -1.9509 7
      vertex -17.3867 -4.65874 3
    endloop
  endfacet
  facet normal -0.435724 -0.101571 0.894331
    outer loop
      vertex -9.80785 -1.9509 7
      vertex -17.6541 -3.51163 3
      vertex -17.3867 -4.65874 3
    endloop
  endfacet
  facet normal -0.688818 -0.160614 -0.706918
    outer loop
      vertex -14.4889 -3.88229 12
      vertex -14.7118 -2.92635 12
      vertex -9.65926 -2.58819 7
    endloop
  endfacet
  facet normal -0.688819 -0.160604 -0.706919
    outer loop
      vertex -14.7118 -2.92635 12
      vertex -9.80785 -1.9509 7
      vertex -9.65926 -2.58819 7
    endloop
  endfacet
  facet normal -0.973876 -0.227082 -0
    outer loop
      vertex -14.4889 -3.88229 14
      vertex -14.7118 -2.92635 14
      vertex -14.4889 -3.88229 12
    endloop
  endfacet
  facet normal -0.973876 -0.227082 -0
    outer loop
      vertex -14.7118 -2.92635 14
      vertex -14.7118 -2.92635 12
      vertex -14.4889 -3.88229 12
    endloop
  endfacet
  facet normal 0 0 1
    outer loop
      vertex -0 -0 14
      vertex -14.7118 -2.92635 14
      vertex -14.4889 -3.88229 14
    endloop
  endfacet
  facet normal 0 0 -1
    outer loop
      vertex -16.8071 -4.50345 0
      vertex -17.0657 -3.39457 0
      vertex -0 -0 0
    endloop
  endfacet
  facet normal -0.688799 -0.160564 -0.706947
    outer loop
      vertex -17.3867 -4.65874 0.599991
      vertex -17.6541 -3.51163 0.599991
      vertex -16.8071 -4.50345 0
    endloop
  endfacet
  facet normal -0.688847 -0.160645 -0.706882
    outer loop
      vertex -17.6541 -3.51163 0.599991
      vertex -17.0657 -3.39457 0
      vertex -16.8071 -4.50345 0
    endloop
  endfacet
  facet normal -0.98664 -0.162917 -0
    outer loop
      vertex -17.6541 -3.51163 3
      vertex -17.846 -2.34947 3
      vertex -17.6541 -3.51163 0.599991
    endloop
  endfacet
  facet normal -0.98664 -0.162917 -0
    outer loop
      vertex -17.846 -2.34947 3
      vertex -17.846 -2.34947 0.599991
      vertex -17.6541 -3.51163 0.599991
    endloop
  endfacet
  facet normal -0.44143 -0.0728834 0.894331
    outer loop
      vertex -9.80785 -1.9509 7
      vertex -9.91445 -1.30526 7
      vertex -17.6541 -3.51163 3
    endloop
  endfacet
  facet normal -0.441428 -0.0728902 0.894331
    outer loop
      vertex -9.91445 -1.30526 7
      vertex -17.846 -2.34947 3
      vertex -17.6541 -3.51163 3
    endloop
  endfacet
  facet normal -0.697847 -0.11522 -0.706919
    outer loop
      vertex -14.7118 -2.92635 12
      vertex -14.8717 -1.95789 12
      vertex -9.80785 -1.9509 7
    endloop
  endfacet
  facet normal -0.697847 -0.11522 -0.706919
    outer loop
      vertex -14.8717 -1.95789 12
      vertex -9.91445 -1.30526 7
      vertex -9.80785 -1.9509 7
    endloop
  endfacet
  facet normal -0.986642 -0.162902 -0
    outer loop
      vertex -14.7118 -2.92635 14
      vertex -14.8717 -1.95789 14
      vertex -14.7118 -2.92635 12
    endloop
  endfacet
  facet normal -0.986642 -0.162902 -0
    outer loop
      vertex -14.8717 -1.95789 14
      vertex -14.8717 -1.95789 12
      vertex -14.7118 -2.92635 12
    endloop
  endfacet
  facet normal 0 0 1
    outer loop
      vertex -0 -0 14
      vertex -14.8717 -1.95789 14
      vertex -14.7118 -2.92635 14
    endloop
  endfacet
  facet normal 0 0 -1
    outer loop
      vertex -17.0657 -3.39457 0
      vertex -17.2511 -2.27115 0
      vertex -0 -0 0
    endloop
  endfacet
  facet normal -0.697881 -0.115237 -0.706882
    outer loop
      vertex -17.6541 -3.51163 0.599991
      vertex -17.846 -2.34947 0.599991
      vertex -17.0657 -3.39457 0
    endloop
  endfacet
  facet normal -0.697831 -0.115164 -0.706943
    outer loop
      vertex -17.846 -2.34947 0.599991
      vertex -17.2511 -2.27115 0
      vertex -17.0657 -3.39457 0
    endloop
  endfacet
  facet normal -0.995181 -0.098057 -0
    outer loop
      vertex -17.846 -2.34947 3
      vertex -17.9615 -1.17726 3
      vertex -17.846 -2.34947 0.599991
    endloop
  endfacet
  facet normal -0.995181 -0.098057 -0
    outer loop
      vertex -17.9615 -1.17726 3
      vertex -17.9615 -1.17726 0.599991
      vertex -17.846 -2.34947 0.599991
    endloop
  endfacet
  facet normal -0.445251 -0.0438531 0.894331
    outer loop
      vertex -9.91445 -1.30526 7
      vertex -9.97859 -0.654031 7
      vertex -17.846 -2.34947 3
    endloop
  endfacet
  facet normal -0.445248 -0.0438711 0.894332
    outer loop
      vertex -9.97859 -0.654031 7
      vertex -17.9615 -1.17726 3
      vertex -17.846 -2.34947 3
    endloop
  endfacet
  facet normal -0.703889 -0.0693194 -0.706919
    outer loop
      vertex -14.8717 -1.95789 12
      vertex -14.9679 -0.981047 12
      vertex -9.91445 -1.30526 7
    endloop
  endfacet
  facet normal -0.703889 -0.0693265 -0.706919
    outer loop
      vertex -14.9679 -0.981047 12
      vertex -9.97859 -0.654031 7
      vertex -9.91445 -1.30526 7
    endloop
  endfacet
  facet normal -0.995186 -0.0980064 -0
    outer loop
      vertex -14.8717 -1.95789 14
      vertex -14.9679 -0.981047 14
      vertex -14.8717 -1.95789 12
    endloop
  endfacet
  facet normal -0.995186 -0.0980064 -0
    outer loop
      vertex -14.9679 -0.981047 14
      vertex -14.9679 -0.981047 12
      vertex -14.8717 -1.95789 12
    endloop
  endfacet
  facet normal 0 0 1
    outer loop
      vertex -0 -0 14
      vertex -14.9679 -0.981047 14
      vertex -14.8717 -1.95789 14
    endloop
  endfacet
  facet normal 0 0 -1
    outer loop
      vertex -17.2511 -2.27115 0
      vertex -17.3627 -1.13801 0
      vertex -0 -0 0
    endloop
  endfacet
  facet normal -0.703862 -0.0693528 -0.706943
    outer loop
      vertex -17.846 -2.34947 0.599991
      vertex -17.9615 -1.17726 0.599991
      vertex -17.2511 -2.27115 0
    endloop
  endfacet
  facet normal -0.703835 -0.0693189 -0.706973
    outer loop
      vertex -17.9615 -1.17726 0.599991
      vertex -17.3627 -1.13801 0
      vertex -17.2511 -2.27115 0
    endloop
  endfacet
  facet normal -0.999466 -0.0326856 -0
    outer loop
      vertex -17.9615 -1.17726 3
      vertex -18 -0 3
      vertex -17.9615 -1.17726 0.599991
    endloop
  endfacet
  facet normal -0.999466 -0.0326856 -0
    outer loop
      vertex -18 -0 3
      vertex -18 -0 0.599991
      vertex -17.9615 -1.17726 0.599991
    endloop
  endfacet
  facet normal -0.447164 -0.0146381 0.894332
    outer loop
      vertex -9.97859 -0.654031 7
      vertex -10 -0 7
      vertex -17.9615 -1.17726 3
    endloop
  endfacet
  facet normal -0.447166 -0.0146237 0.894332
    outer loop
      vertex -10 -0 7
      vertex -18 -0 3
      vertex -17.9615 -1.17726 3
    endloop
  endfacet
  facet normal -0.706917 -0.0231304 -0.706918
    outer loop
      vertex -14.9679 -0.981047 12
      vertex -15 -0 12
      vertex -9.97859 -0.654031 7
    endloop
  endfacet
  facet normal -0.706917 -0.0231413 -0.706917
    outer loop
      vertex -15 -0 12
      vertex -10 -0 7
      vertex -9.97859 -0.654031 7
    endloop
  endfacet
  facet normal -0.999465 -0.0327026 -0
    outer loop
      vertex -14.9679 -0.981047 14
      vertex -15 -0 14
      vertex -14.9679 -0.981047 12
    endloop
  endfacet
  facet normal -0.999465 -0.0327026 -0
    outer loop
      vertex -15 -0 14
      vertex -15 -0 12
      vertex -14.9679 -0.981047 12
    endloop
  endfacet
  facet normal 0 0 1
    outer loop
      vertex -0 -0 14
      vertex -15 -0 14
      vertex -14.9679 -0.981047 14
    endloop
  endfacet
  facet normal 0 0 -1
    outer loop
      vertex -17.3627 -1.13801 0
      vertex -17.4 -0 0
      vertex -0 -0 0
    endloop
  endfacet
  facet normal -0.706863 -0.0231166 -0.706972
    outer loop
      vertex -17.9615 -1.17726 0.599991
      vertex -18 -0 0.599991
      vertex -17.3627 -1.13801 0
    endloop
  endfacet
  facet normal -0.706912 -0.0231701 -0.706922
    outer loop
      vertex -18 -0 0.599991
      vertex -17.4 -0 0
      vertex -17.3627 -1.13801 0
    endloop
  endfacet
endsolid OpenSCAD_Model
