solid OpenSCAD_Model
  facet normal -0.706926 0.0231419 -0.706908
    outer loop
      vertex -10.533 0.690372 9.66
      vertex -9 0 8.10436
      vertex -10.5556 0 9.66
    endloop
  endfacet
  facet normal -0.706926 0.0231427 -0.706908
    outer loop
      vertex -8.98073 0.588628 8.10436
      vertex -9 0 8.10436
      vertex -10.533 0.690372 9.66
    endloop
  endfacet
  facet normal -0.706917 0.0231425 0.706917
    outer loop
      vertex -9 0 11.2156
      vertex -8.98073 0.588628 11.2156
      vertex -10.5556 0 9.66
    endloop
  endfacet
  facet normal -0.706917 0.0231416 0.706918
    outer loop
      vertex -8.98073 0.588628 11.2156
      vertex -10.533 0.690372 9.66
      vertex -10.5556 0 9.66
    endloop
  endfacet
  facet normal -0.7039 0.0693232 -0.706909
    outer loop
      vertex -10.4653 1.37779 9.66
      vertex -8.98073 0.588628 8.10436
      vertex -10.533 0.690372 9.66
    endloop
  endfacet
  facet normal -0.703897 0.0693314 -0.70691
    outer loop
      vertex -8.923 1.17474 8.10436
      vertex -8.98073 0.588628 8.10436
      vertex -10.4653 1.37779 9.66
    endloop
  endfacet
  facet normal -0.70389 0.0693307 0.706918
    outer loop
      vertex -8.98073 0.588628 11.2156
      vertex -8.923 1.17474 11.2156
      vertex -10.533 0.690372 9.66
    endloop
  endfacet
  facet normal -0.703889 0.0693221 0.706919
    outer loop
      vertex -8.923 1.17474 11.2156
      vertex -10.4653 1.37779 9.66
      vertex -10.533 0.690372 9.66
    endloop
  endfacet
  facet normal -0.697859 0.115199 -0.706911
    outer loop
      vertex -10.3528 2.0593 9.66
      vertex -8.923 1.17474 8.10436
      vertex -10.4653 1.37779 9.66
    endloop
  endfacet
  facet normal -0.697854 0.11521 -0.706913
    outer loop
      vertex -8.82707 1.75581 8.10436
      vertex -8.923 1.17474 8.10436
      vertex -10.3528 2.0593 9.66
    endloop
  endfacet
  facet normal -0.697848 0.115209 0.70692
    outer loop
      vertex -8.923 1.17474 11.2156
      vertex -8.82707 1.75581 11.2156
      vertex -10.4653 1.37779 9.66
    endloop
  endfacet
  facet normal -0.697847 0.115197 0.706922
    outer loop
      vertex -8.82707 1.75581 11.2156
      vertex -10.3528 2.0593 9.66
      vertex -10.4653 1.37779 9.66
    endloop
  endfacet
  facet normal -0.688834 0.160561 -0.706914
    outer loop
      vertex -10.196 2.732 9.66
      vertex -8.82707 1.75581 8.10436
      vertex -10.3528 2.0593 9.66
    endloop
  endfacet
  facet normal -0.68881 0.160613 -0.706926
    outer loop
      vertex -8.69333 2.32937 8.10436
      vertex -8.82707 1.75581 8.10436
      vertex -10.196 2.732 9.66
    endloop
  endfacet
  facet normal -0.688813 0.160614 0.706922
    outer loop
      vertex -8.82707 1.75581 11.2156
      vertex -8.69333 2.32937 11.2156
      vertex -10.3528 2.0593 9.66
    endloop
  endfacet
  facet normal -0.688815 0.160556 0.706934
    outer loop
      vertex -8.69333 2.32937 11.2156
      vertex -10.196 2.732 9.66
      vertex -10.3528 2.0593 9.66
    endloop
  endfacet
  facet normal -0.676822 0.205351 -0.706925
    outer loop
      vertex -9.99545 3.393 9.66
      vertex -8.69333 2.32937 8.10436
      vertex -10.196 2.732 9.66
    endloop
  endfacet
  facet normal -0.67684 0.205317 -0.706917
    outer loop
      vertex -8.52237 2.89295 8.10436
      vertex -8.69333 2.32937 8.10436
      vertex -9.99545 3.393 9.66
    endloop
  endfacet
  facet normal -0.676824 0.205312 0.706935
    outer loop
      vertex -8.69333 2.32937 11.2156
      vertex -8.52237 2.89295 11.2156
      vertex -10.196 2.732 9.66
    endloop
  endfacet
  facet normal -0.67682 0.20535 0.706927
    outer loop
      vertex -8.52237 2.89295 11.2156
      vertex -9.99545 3.393 9.66
      vertex -10.196 2.732 9.66
    endloop
  endfacet
  facet normal -0.661961 0.24915 -0.706917
    outer loop
      vertex -9.75213 4.03947 9.66
      vertex -8.52237 2.89295 8.10436
      vertex -9.99545 3.393 9.66
    endloop
  endfacet
  facet normal -0.661968 0.249139 -0.706914
    outer loop
      vertex -8.31492 3.44415 8.10436
      vertex -8.52237 2.89295 8.10436
      vertex -9.75213 4.03947 9.66
    endloop
  endfacet
  facet normal -0.661957 0.249134 0.706927
    outer loop
      vertex -8.52237 2.89295 11.2156
      vertex -8.31492 3.44415 11.2156
      vertex -9.99545 3.393 9.66
    endloop
  endfacet
  facet normal -0.661955 0.249148 0.706924
    outer loop
      vertex -8.31492 3.44415 11.2156
      vertex -9.75213 4.03947 9.66
      vertex -9.99545 3.393 9.66
    endloop
  endfacet
  facet normal -0.644254 0.291904 -0.706915
    outer loop
      vertex -9.46706 4.66864 9.66
      vertex -8.31492 3.44415 8.10436
      vertex -9.75213 4.03947 9.66
    endloop
  endfacet
  facet normal -0.644247 0.291914 -0.706917
    outer loop
      vertex -8.07185 3.9806 8.10436
      vertex -8.31492 3.44415 8.10436
      vertex -9.46706 4.66864 9.66
    endloop
  endfacet
  facet normal -0.644241 0.291911 0.706924
    outer loop
      vertex -8.31492 3.44415 11.2156
      vertex -8.07185 3.9806 11.2156
      vertex -9.75213 4.03947 9.66
    endloop
  endfacet
  facet normal -0.644244 0.2919 0.706926
    outer loop
      vertex -8.07185 3.9806 11.2156
      vertex -9.46706 4.66864 9.66
      vertex -9.75213 4.03947 9.66
    endloop
  endfacet
  facet normal -0.623781 0.333414 -0.706917
    outer loop
      vertex -9.14145 5.27782 9.66
      vertex -8.07185 3.9806 8.10436
      vertex -9.46706 4.66864 9.66
    endloop
  endfacet
  facet normal -0.623783 0.333413 -0.706917
    outer loop
      vertex -7.79423 4.5 8.10436
      vertex -8.07185 3.9806 8.10436
      vertex -9.14145 5.27782 9.66
    endloop
  endfacet
  facet normal -0.623774 0.333408 0.706926
    outer loop
      vertex -8.07185 3.9806 11.2156
      vertex -7.79423 4.5 11.2156
      vertex -9.46706 4.66864 9.66
    endloop
  endfacet
  facet normal -0.623774 0.33341 0.706926
    outer loop
      vertex -7.79423 4.5 11.2156
      vertex -9.14145 5.27782 9.66
      vertex -9.46706 4.66864 9.66
    endloop
  endfacet
  facet normal -0.600638 0.373502 -0.706917
    outer loop
      vertex -8.77669 5.8644 9.66
      vertex -7.79423 4.5 8.10436
      vertex -9.14145 5.27782 9.66
    endloop
  endfacet
  facet normal -0.600639 0.3735 -0.706916
    outer loop
      vertex -7.48323 5.00013 8.10436
      vertex -7.79423 4.5 8.10436
      vertex -8.77669 5.8644 9.66
    endloop
  endfacet
  facet normal -0.600631 0.373495 0.706926
    outer loop
      vertex -7.79423 4.5 11.2156
      vertex -7.48323 5.00013 11.2156
      vertex -9.14145 5.27782 9.66
    endloop
  endfacet
  facet normal -0.60063 0.373497 0.706925
    outer loop
      vertex -7.48323 5.00013 11.2156
      vertex -8.77669 5.8644 9.66
      vertex -9.14145 5.27782 9.66
    endloop
  endfacet
  facet normal -0.574922 0.411987 -0.706916
    outer loop
      vertex -8.37435 6.42586 9.66
      vertex -7.48323 5.00013 8.10436
      vertex -8.77669 5.8644 9.66
    endloop
  endfacet
  facet normal -0.574922 0.411988 -0.706917
    outer loop
      vertex -7.14018 5.47885 8.10436
      vertex -7.48323 5.00013 8.10436
      vertex -8.37435 6.42586 9.66
    endloop
  endfacet
  facet normal -0.574914 0.411983 0.706925
    outer loop
      vertex -7.48323 5.00013 11.2156
      vertex -7.14018 5.47885 11.2156
      vertex -8.77669 5.8644 9.66
    endloop
  endfacet
  facet normal -0.574915 0.411982 0.706926
    outer loop
      vertex -7.14018 5.47885 11.2156
      vertex -8.37435 6.42586 9.66
      vertex -8.77669 5.8644 9.66
    endloop
  endfacet
  facet normal -0.546749 0.448704 -0.706917
    outer loop
      vertex -7.93615 6.95981 9.66
      vertex -7.14018 5.47885 8.10436
      vertex -8.37435 6.42586 9.66
    endloop
  endfacet
  facet normal -0.546749 0.448703 -0.706916
    outer loop
      vertex -6.76656 5.93411 8.10436
      vertex -7.14018 5.47885 8.10436
      vertex -7.93615 6.95981 9.66
    endloop
  endfacet
  facet normal -0.546742 0.448697 0.706926
    outer loop
      vertex -7.14018 5.47885 11.2156
      vertex -6.76656 5.93411 11.2156
      vertex -8.37435 6.42586 9.66
    endloop
  endfacet
  facet normal -0.546742 0.448698 0.706925
    outer loop
      vertex -6.76656 5.93411 11.2156
      vertex -7.93615 6.95981 9.66
      vertex -8.37435 6.42586 9.66
    endloop
  endfacet
  facet normal -0.51623 0.483504 -0.706916
    outer loop
      vertex -7.46396 7.46396 9.66
      vertex -6.76656 5.93411 8.10436
      vertex -7.93615 6.95981 9.66
    endloop
  endfacet
  facet normal -0.51623 0.483504 -0.706916
    outer loop
      vertex -6.36396 6.36396 8.10436
      vertex -6.76656 5.93411 8.10436
      vertex -7.46396 7.46396 9.66
    endloop
  endfacet
  facet normal -0.516223 0.483498 0.706925
    outer loop
      vertex -6.76656 5.93411 11.2156
      vertex -6.36396 6.36396 11.2156
      vertex -7.93615 6.95981 9.66
    endloop
  endfacet
  facet normal -0.516223 0.483498 0.706925
    outer loop
      vertex -6.36396 6.36396 11.2156
      vertex -7.46396 7.46396 9.66
      vertex -7.93615 6.95981 9.66
    endloop
  endfacet
  facet normal -0.483504 0.51623 -0.706916
    outer loop
      vertex -6.95981 7.93615 9.66
      vertex -6.36396 6.36396 8.10436
      vertex -7.46396 7.46396 9.66
    endloop
  endfacet
  facet normal -0.483504 0.51623 -0.706916
    outer loop
      vertex -5.93411 6.76656 8.10436
      vertex -6.36396 6.36396 8.10436
      vertex -6.95981 7.93615 9.66
    endloop
  endfacet
  facet normal -0.483498 0.516223 0.706925
    outer loop
      vertex -6.36396 6.36396 11.2156
      vertex -5.93411 6.76656 11.2156
      vertex -7.46396 7.46396 9.66
    endloop
  endfacet
  facet normal -0.483498 0.516223 0.706925
    outer loop
      vertex -5.93411 6.76656 11.2156
      vertex -6.95981 7.93615 9.66
      vertex -7.46396 7.46396 9.66
    endloop
  endfacet
  facet normal -0.448704 0.546749 -0.706916
    outer loop
      vertex -6.42586 8.37435 9.66
      vertex -5.93411 6.76656 8.10436
      vertex -6.95981 7.93615 9.66
    endloop
  endfacet
  facet normal -0.448703 0.546749 -0.706917
    outer loop
      vertex -5.47885 7.14018 8.10436
      vertex -5.93411 6.76656 8.10436
      vertex -6.42586 8.37435 9.66
    endloop
  endfacet
  facet normal -0.448697 0.546742 0.706925
    outer loop
      vertex -5.93411 6.76656 11.2156
      vertex -5.47885 7.14018 11.2156
      vertex -6.95981 7.93615 9.66
    endloop
  endfacet
  facet normal -0.448698 0.546742 0.706926
    outer loop
      vertex -5.47885 7.14018 11.2156
      vertex -6.42586 8.37435 9.66
      vertex -6.95981 7.93615 9.66
    endloop
  endfacet
  facet normal -0.411987 0.574922 -0.706917
    outer loop
      vertex -5.8644 8.77669 9.66
      vertex -5.47885 7.14018 8.10436
      vertex -6.42586 8.37435 9.66
    endloop
  endfacet
  facet normal -0.411988 0.574922 -0.706916
    outer loop
      vertex -5.00013 7.48323 8.10436
      vertex -5.47885 7.14018 8.10436
      vertex -5.8644 8.77669 9.66
    endloop
  endfacet
  facet normal -0.411983 0.574914 0.706926
    outer loop
      vertex -5.47885 7.14018 11.2156
      vertex -5.00013 7.48323 11.2156
      vertex -6.42586 8.37435 9.66
    endloop
  endfacet
  facet normal -0.411982 0.574915 0.706925
    outer loop
      vertex -5.00013 7.48323 11.2156
      vertex -5.8644 8.77669 9.66
      vertex -6.42586 8.37435 9.66
    endloop
  endfacet
  facet normal -0.373502 0.600638 -0.706916
    outer loop
      vertex -5.27782 9.14145 9.66
      vertex -5.00013 7.48323 8.10436
      vertex -5.8644 8.77669 9.66
    endloop
  endfacet
  facet normal -0.3735 0.600638 -0.706917
    outer loop
      vertex -4.5 7.79423 8.10436
      vertex -5.00013 7.48323 8.10436
      vertex -5.27782 9.14145 9.66
    endloop
  endfacet
  facet normal -0.373495 0.600631 0.706925
    outer loop
      vertex -5.00013 7.48323 11.2156
      vertex -4.5 7.79423 11.2156
      vertex -5.8644 8.77669 9.66
    endloop
  endfacet
  facet normal -0.373497 0.60063 0.706926
    outer loop
      vertex -4.5 7.79423 11.2156
      vertex -5.27782 9.14145 9.66
      vertex -5.8644 8.77669 9.66
    endloop
  endfacet
  facet normal -0.333415 0.623782 -0.706917
    outer loop
      vertex -4.66864 9.46706 9.66
      vertex -4.5 7.79423 8.10436
      vertex -5.27782 9.14145 9.66
    endloop
  endfacet
  facet normal -0.333412 0.623782 -0.706917
    outer loop
      vertex -3.9806 8.07185 8.10436
      vertex -4.5 7.79423 8.10436
      vertex -4.66864 9.46706 9.66
    endloop
  endfacet
  facet normal -0.333408 0.623775 0.706926
    outer loop
      vertex -4.5 7.79423 11.2156
      vertex -3.9806 8.07185 11.2156
      vertex -5.27782 9.14145 9.66
    endloop
  endfacet
  facet normal -0.33341 0.623773 0.706926
    outer loop
      vertex -3.9806 8.07185 11.2156
      vertex -4.66864 9.46706 9.66
      vertex -5.27782 9.14145 9.66
    endloop
  endfacet
  facet normal -0.291904 0.644252 -0.706917
    outer loop
      vertex -4.03947 9.75213 9.66
      vertex -3.9806 8.07185 8.10436
      vertex -4.66864 9.46706 9.66
    endloop
  endfacet
  facet normal -0.291915 0.64425 -0.706915
    outer loop
      vertex -3.44415 8.31492 8.10436
      vertex -3.9806 8.07185 8.10436
      vertex -4.03947 9.75213 9.66
    endloop
  endfacet
  facet normal -0.29191 0.644239 0.706926
    outer loop
      vertex -3.9806 8.07185 11.2156
      vertex -3.44415 8.31492 11.2156
      vertex -4.66864 9.46706 9.66
    endloop
  endfacet
  facet normal -0.291901 0.644246 0.706924
    outer loop
      vertex -3.44415 8.31492 11.2156
      vertex -4.03947 9.75213 9.66
      vertex -4.66864 9.46706 9.66
    endloop
  endfacet
  facet normal -0.249151 0.661963 -0.706915
    outer loop
      vertex -3.393 9.99545 9.66
      vertex -3.44415 8.31492 8.10436
      vertex -4.03947 9.75213 9.66
    endloop
  endfacet
  facet normal -0.249138 0.661965 -0.706918
    outer loop
      vertex -3.393 9.99545 9.66
      vertex -2.89295 8.52237 8.10436
      vertex -3.44415 8.31492 8.10436
    endloop
  endfacet
  facet normal -0.249136 0.66196 0.706924
    outer loop
      vertex -3.44415 8.31492 11.2156
      vertex -2.89295 8.52237 11.2156
      vertex -4.03947 9.75213 9.66
    endloop
  endfacet
  facet normal -0.249147 0.661952 0.706926
    outer loop
      vertex -2.89295 8.52237 11.2156
      vertex -3.393 9.99545 9.66
      vertex -4.03947 9.75213 9.66
    endloop
  endfacet
  facet normal -0.205353 0.676829 -0.706918
    outer loop
      vertex -2.732 10.196 9.66
      vertex -2.89295 8.52237 8.10436
      vertex -3.393 9.99545 9.66
    endloop
  endfacet
  facet normal -0.205315 0.676832 -0.706926
    outer loop
      vertex -2.732 10.196 9.66
      vertex -2.32937 8.69333 8.10436
      vertex -2.89295 8.52237 8.10436
    endloop
  endfacet
  facet normal -0.205314 0.676832 0.706926
    outer loop
      vertex -2.89295 8.52237 11.2156
      vertex -2.32937 8.69333 11.2156
      vertex -3.393 9.99545 9.66
    endloop
  endfacet
  facet normal -0.205348 0.676814 0.706934
    outer loop
      vertex -2.32937 8.69333 11.2156
      vertex -2.732 10.196 9.66
      vertex -3.393 9.99545 9.66
    endloop
  endfacet
  facet normal -0.160558 0.688824 -0.706925
    outer loop
      vertex -2.0593 10.3528 9.66
      vertex -2.32937 8.69333 8.10436
      vertex -2.732 10.196 9.66
    endloop
  endfacet
  facet normal -0.160616 0.688822 -0.706913
    outer loop
      vertex -2.0593 10.3528 9.66
      vertex -1.75581 8.82707 8.10436
      vertex -2.32937 8.69333 8.10436
    endloop
  endfacet
  facet normal -0.160611 0.688801 0.706935
    outer loop
      vertex -2.32937 8.69333 11.2156
      vertex -1.75581 8.82707 11.2156
      vertex -2.732 10.196 9.66
    endloop
  endfacet
  facet normal -0.160559 0.688825 0.706923
    outer loop
      vertex -1.75581 8.82707 11.2156
      vertex -2.0593 10.3528 9.66
      vertex -2.732 10.196 9.66
    endloop
  endfacet
  facet normal -0.115198 0.697856 -0.706913
    outer loop
      vertex -1.37779 10.4653 9.66
      vertex -1.75581 8.82707 8.10436
      vertex -2.0593 10.3528 9.66
    endloop
  endfacet
  facet normal -0.115211 0.697857 -0.70691
    outer loop
      vertex -1.37779 10.4653 9.66
      vertex -1.17474 8.923 8.10436
      vertex -1.75581 8.82707 8.10436
    endloop
  endfacet
  facet normal -0.115209 0.697845 0.706922
    outer loop
      vertex -1.75581 8.82707 11.2156
      vertex -1.17474 8.923 11.2156
      vertex -2.0593 10.3528 9.66
    endloop
  endfacet
  facet normal -0.115197 0.69785 0.70692
    outer loop
      vertex -1.17474 8.923 11.2156
      vertex -1.37779 10.4653 9.66
      vertex -2.0593 10.3528 9.66
    endloop
  endfacet
  facet normal -0.069323 0.703898 -0.70691
    outer loop
      vertex -0.690372 10.533 9.66
      vertex -1.17474 8.923 8.10436
      vertex -1.37779 10.4653 9.66
    endloop
  endfacet
  facet normal -0.0693316 0.703899 -0.706908
    outer loop
      vertex -0.690372 10.533 9.66
      vertex -0.588628 8.98073 8.10436
      vertex -1.17474 8.923 8.10436
    endloop
  endfacet
  facet normal -0.0693305 0.703888 0.706919
    outer loop
      vertex -1.17474 8.923 11.2156
      vertex -0.588628 8.98073 11.2156
      vertex -1.37779 10.4653 9.66
    endloop
  endfacet
  facet normal -0.0693223 0.70389 0.706918
    outer loop
      vertex -0.588628 8.98073 11.2156
      vertex -0.690372 10.533 9.66
      vertex -1.37779 10.4653 9.66
    endloop
  endfacet
  facet normal -0.0231419 0.706926 -0.706908
    outer loop
      vertex 0 10.5556 9.66
      vertex -0.588628 8.98073 8.10436
      vertex -0.690372 10.533 9.66
    endloop
  endfacet
  facet normal -0.0231428 0.706926 -0.706908
    outer loop
      vertex 0 10.5556 9.66
      vertex 0 9 8.10436
      vertex -0.588628 8.98073 8.10436
    endloop
  endfacet
  facet normal -0.0231425 0.706917 0.706918
    outer loop
      vertex -0.588628 8.98073 11.2156
      vertex 0 9 11.2156
      vertex -0.690372 10.533 9.66
    endloop
  endfacet
  facet normal -0.0231416 0.706917 0.706917
    outer loop
      vertex 0 9 11.2156
      vertex 0 10.5556 9.66
      vertex -0.690372 10.533 9.66
    endloop
  endfacet
  facet normal 0.0231419 0.706926 -0.706908
    outer loop
      vertex 0 10.5556 9.66
      vertex 0.690372 10.533 9.66
      vertex 0 9 8.10436
    endloop
  endfacet
  facet normal 0.0231427 0.706926 -0.706908
    outer loop
      vertex 0.690372 10.533 9.66
      vertex 0.588628 8.98073 8.10436
      vertex 0 9 8.10436
    endloop
  endfacet
  facet normal 0.0231425 0.706917 0.706917
    outer loop
      vertex 0.588628 8.98073 11.2156
      vertex 0 10.5556 9.66
      vertex 0 9 11.2156
    endloop
  endfacet
  facet normal 0.0231416 0.706917 0.706918
    outer loop
      vertex 0.588628 8.98073 11.2156
      vertex 0.690372 10.533 9.66
      vertex 0 10.5556 9.66
    endloop
  endfacet
  facet normal 0.0693232 0.7039 -0.706909
    outer loop
      vertex 0.690372 10.533 9.66
      vertex 1.37779 10.4653 9.66
      vertex 0.588628 8.98073 8.10436
    endloop
  endfacet
  facet normal 0.0693314 0.703897 -0.70691
    outer loop
      vertex 1.37779 10.4653 9.66
      vertex 1.17474 8.923 8.10436
      vertex 0.588628 8.98073 8.10436
    endloop
  endfacet
  facet normal 0.0693307 0.70389 0.706918
    outer loop
      vertex 1.17474 8.923 11.2156
      vertex 0.690372 10.533 9.66
      vertex 0.588628 8.98073 11.2156
    endloop
  endfacet
  facet normal 0.0693221 0.703889 0.706919
    outer loop
      vertex 1.17474 8.923 11.2156
      vertex 1.37779 10.4653 9.66
      vertex 0.690372 10.533 9.66
    endloop
  endfacet
  facet normal 0.115199 0.697859 -0.706911
    outer loop
      vertex 1.37779 10.4653 9.66
      vertex 2.0593 10.3528 9.66
      vertex 1.17474 8.923 8.10436
    endloop
  endfacet
  facet normal 0.11521 0.697854 -0.706913
    outer loop
      vertex 2.0593 10.3528 9.66
      vertex 1.75581 8.82707 8.10436
      vertex 1.17474 8.923 8.10436
    endloop
  endfacet
  facet normal 0.115209 0.697848 0.70692
    outer loop
      vertex 1.75581 8.82707 11.2156
      vertex 1.37779 10.4653 9.66
      vertex 1.17474 8.923 11.2156
    endloop
  endfacet
  facet normal 0.115197 0.697847 0.706922
    outer loop
      vertex 1.75581 8.82707 11.2156
      vertex 2.0593 10.3528 9.66
      vertex 1.37779 10.4653 9.66
    endloop
  endfacet
  facet normal 0.160561 0.688834 -0.706914
    outer loop
      vertex 2.0593 10.3528 9.66
      vertex 2.732 10.196 9.66
      vertex 1.75581 8.82707 8.10436
    endloop
  endfacet
  facet normal 0.160613 0.68881 -0.706926
    outer loop
      vertex 2.732 10.196 9.66
      vertex 2.32937 8.69333 8.10436
      vertex 1.75581 8.82707 8.10436
    endloop
  endfacet
  facet normal 0.160614 0.688813 0.706922
    outer loop
      vertex 2.32937 8.69333 11.2156
      vertex 2.0593 10.3528 9.66
      vertex 1.75581 8.82707 11.2156
    endloop
  endfacet
  facet normal 0.160556 0.688815 0.706934
    outer loop
      vertex 2.32937 8.69333 11.2156
      vertex 2.732 10.196 9.66
      vertex 2.0593 10.3528 9.66
    endloop
  endfacet
  facet normal 0.205351 0.676822 -0.706925
    outer loop
      vertex 2.732 10.196 9.66
      vertex 3.393 9.99545 9.66
      vertex 2.32937 8.69333 8.10436
    endloop
  endfacet
  facet normal 0.205317 0.67684 -0.706917
    outer loop
      vertex 3.393 9.99545 9.66
      vertex 2.89295 8.52237 8.10436
      vertex 2.32937 8.69333 8.10436
    endloop
  endfacet
  facet normal 0.205312 0.676824 0.706935
    outer loop
      vertex 2.89295 8.52237 11.2156
      vertex 2.732 10.196 9.66
      vertex 2.32937 8.69333 11.2156
    endloop
  endfacet
  facet normal 0.20535 0.67682 0.706927
    outer loop
      vertex 2.89295 8.52237 11.2156
      vertex 3.393 9.99545 9.66
      vertex 2.732 10.196 9.66
    endloop
  endfacet
  facet normal 0.24915 0.661961 -0.706917
    outer loop
      vertex 3.393 9.99545 9.66
      vertex 4.03947 9.75213 9.66
      vertex 2.89295 8.52237 8.10436
    endloop
  endfacet
  facet normal 0.249139 0.661968 -0.706914
    outer loop
      vertex 4.03947 9.75213 9.66
      vertex 3.44415 8.31492 8.10436
      vertex 2.89295 8.52237 8.10436
    endloop
  endfacet
  facet normal 0.249134 0.661957 0.706927
    outer loop
      vertex 3.44415 8.31492 11.2156
      vertex 3.393 9.99545 9.66
      vertex 2.89295 8.52237 11.2156
    endloop
  endfacet
  facet normal 0.249148 0.661955 0.706924
    outer loop
      vertex 3.44415 8.31492 11.2156
      vertex 4.03947 9.75213 9.66
      vertex 3.393 9.99545 9.66
    endloop
  endfacet
  facet normal 0.291904 0.644254 -0.706915
    outer loop
      vertex 4.03947 9.75213 9.66
      vertex 4.66864 9.46706 9.66
      vertex 3.44415 8.31492 8.10436
    endloop
  endfacet
  facet normal 0.291914 0.644247 -0.706917
    outer loop
      vertex 4.66864 9.46706 9.66
      vertex 3.9806 8.07185 8.10436
      vertex 3.44415 8.31492 8.10436
    endloop
  endfacet
  facet normal 0.291911 0.644241 0.706924
    outer loop
      vertex 3.9806 8.07185 11.2156
      vertex 4.03947 9.75213 9.66
      vertex 3.44415 8.31492 11.2156
    endloop
  endfacet
  facet normal 0.2919 0.644244 0.706926
    outer loop
      vertex 4.66864 9.46706 9.66
      vertex 4.03947 9.75213 9.66
      vertex 3.9806 8.07185 11.2156
    endloop
  endfacet
  facet normal 0.333414 0.623781 -0.706917
    outer loop
      vertex 4.66864 9.46706 9.66
      vertex 5.27782 9.14145 9.66
      vertex 3.9806 8.07185 8.10436
    endloop
  endfacet
  facet normal 0.333413 0.623783 -0.706917
    outer loop
      vertex 5.27782 9.14145 9.66
      vertex 4.5 7.79423 8.10436
      vertex 3.9806 8.07185 8.10436
    endloop
  endfacet
  facet normal 0.333408 0.623774 0.706926
    outer loop
      vertex 4.5 7.79423 11.2156
      vertex 4.66864 9.46706 9.66
      vertex 3.9806 8.07185 11.2156
    endloop
  endfacet
  facet normal 0.33341 0.623774 0.706926
    outer loop
      vertex 5.27782 9.14145 9.66
      vertex 4.66864 9.46706 9.66
      vertex 4.5 7.79423 11.2156
    endloop
  endfacet
  facet normal 0.373502 0.600638 -0.706917
    outer loop
      vertex 5.27782 9.14145 9.66
      vertex 5.8644 8.77669 9.66
      vertex 4.5 7.79423 8.10436
    endloop
  endfacet
  facet normal 0.3735 0.600639 -0.706916
    outer loop
      vertex 5.8644 8.77669 9.66
      vertex 5.00013 7.48323 8.10436
      vertex 4.5 7.79423 8.10436
    endloop
  endfacet
  facet normal 0.373495 0.600631 0.706926
    outer loop
      vertex 5.00013 7.48323 11.2156
      vertex 5.27782 9.14145 9.66
      vertex 4.5 7.79423 11.2156
    endloop
  endfacet
  facet normal 0.373497 0.60063 0.706925
    outer loop
      vertex 5.8644 8.77669 9.66
      vertex 5.27782 9.14145 9.66
      vertex 5.00013 7.48323 11.2156
    endloop
  endfacet
  facet normal 0.411987 0.574922 -0.706916
    outer loop
      vertex 5.8644 8.77669 9.66
      vertex 6.42586 8.37435 9.66
      vertex 5.00013 7.48323 8.10436
    endloop
  endfacet
  facet normal 0.411988 0.574922 -0.706917
    outer loop
      vertex 6.42586 8.37435 9.66
      vertex 5.47885 7.14018 8.10436
      vertex 5.00013 7.48323 8.10436
    endloop
  endfacet
  facet normal 0.411983 0.574914 0.706925
    outer loop
      vertex 5.47885 7.14018 11.2156
      vertex 5.8644 8.77669 9.66
      vertex 5.00013 7.48323 11.2156
    endloop
  endfacet
  facet normal 0.411982 0.574915 0.706926
    outer loop
      vertex 6.42586 8.37435 9.66
      vertex 5.8644 8.77669 9.66
      vertex 5.47885 7.14018 11.2156
    endloop
  endfacet
  facet normal 0.448704 0.546749 -0.706917
    outer loop
      vertex 6.42586 8.37435 9.66
      vertex 6.95981 7.93615 9.66
      vertex 5.47885 7.14018 8.10436
    endloop
  endfacet
  facet normal 0.448703 0.546749 -0.706916
    outer loop
      vertex 6.95981 7.93615 9.66
      vertex 5.93411 6.76656 8.10436
      vertex 5.47885 7.14018 8.10436
    endloop
  endfacet
  facet normal 0.448697 0.546742 0.706926
    outer loop
      vertex 5.93411 6.76656 11.2156
      vertex 6.42586 8.37435 9.66
      vertex 5.47885 7.14018 11.2156
    endloop
  endfacet
  facet normal 0.448698 0.546742 0.706925
    outer loop
      vertex 6.95981 7.93615 9.66
      vertex 6.42586 8.37435 9.66
      vertex 5.93411 6.76656 11.2156
    endloop
  endfacet
  facet normal 0.483504 0.51623 -0.706916
    outer loop
      vertex 6.95981 7.93615 9.66
      vertex 7.46396 7.46396 9.66
      vertex 5.93411 6.76656 8.10436
    endloop
  endfacet
  facet normal 0.483504 0.51623 -0.706916
    outer loop
      vertex 7.46396 7.46396 9.66
      vertex 6.36396 6.36396 8.10436
      vertex 5.93411 6.76656 8.10436
    endloop
  endfacet
  facet normal 0.483498 0.516223 0.706925
    outer loop
      vertex 6.36396 6.36396 11.2156
      vertex 6.95981 7.93615 9.66
      vertex 5.93411 6.76656 11.2156
    endloop
  endfacet
  facet normal 0.483498 0.516223 0.706925
    outer loop
      vertex 7.46396 7.46396 9.66
      vertex 6.95981 7.93615 9.66
      vertex 6.36396 6.36396 11.2156
    endloop
  endfacet
  facet normal 0.51623 0.483504 -0.706916
    outer loop
      vertex 7.46396 7.46396 9.66
      vertex 7.93615 6.95981 9.66
      vertex 6.36396 6.36396 8.10436
    endloop
  endfacet
  facet normal 0.51623 0.483504 -0.706916
    outer loop
      vertex 7.93615 6.95981 9.66
      vertex 6.76656 5.93411 8.10436
      vertex 6.36396 6.36396 8.10436
    endloop
  endfacet
  facet normal 0.516223 0.483498 0.706925
    outer loop
      vertex 6.76656 5.93411 11.2156
      vertex 7.46396 7.46396 9.66
      vertex 6.36396 6.36396 11.2156
    endloop
  endfacet
  facet normal 0.516223 0.483498 0.706925
    outer loop
      vertex 7.93615 6.95981 9.66
      vertex 7.46396 7.46396 9.66
      vertex 6.76656 5.93411 11.2156
    endloop
  endfacet
  facet normal 0.546749 0.448704 -0.706916
    outer loop
      vertex 7.93615 6.95981 9.66
      vertex 8.37435 6.42586 9.66
      vertex 6.76656 5.93411 8.10436
    endloop
  endfacet
  facet normal 0.546749 0.448703 -0.706917
    outer loop
      vertex 8.37435 6.42586 9.66
      vertex 7.14018 5.47885 8.10436
      vertex 6.76656 5.93411 8.10436
    endloop
  endfacet
  facet normal 0.546742 0.448697 0.706925
    outer loop
      vertex 7.14018 5.47885 11.2156
      vertex 7.93615 6.95981 9.66
      vertex 6.76656 5.93411 11.2156
    endloop
  endfacet
  facet normal 0.546742 0.448698 0.706926
    outer loop
      vertex 8.37435 6.42586 9.66
      vertex 7.93615 6.95981 9.66
      vertex 7.14018 5.47885 11.2156
    endloop
  endfacet
  facet normal 0.574922 0.411987 -0.706917
    outer loop
      vertex 8.37435 6.42586 9.66
      vertex 8.77669 5.8644 9.66
      vertex 7.14018 5.47885 8.10436
    endloop
  endfacet
  facet normal 0.574922 0.411988 -0.706916
    outer loop
      vertex 8.77669 5.8644 9.66
      vertex 7.48323 5.00013 8.10436
      vertex 7.14018 5.47885 8.10436
    endloop
  endfacet
  facet normal 0.574914 0.411983 0.706926
    outer loop
      vertex 7.48323 5.00013 11.2156
      vertex 8.37435 6.42586 9.66
      vertex 7.14018 5.47885 11.2156
    endloop
  endfacet
  facet normal 0.574915 0.411982 0.706925
    outer loop
      vertex 8.77669 5.8644 9.66
      vertex 8.37435 6.42586 9.66
      vertex 7.48323 5.00013 11.2156
    endloop
  endfacet
  facet normal 0.600638 0.373502 -0.706916
    outer loop
      vertex 8.77669 5.8644 9.66
      vertex 9.14145 5.27782 9.66
      vertex 7.48323 5.00013 8.10436
    endloop
  endfacet
  facet normal 0.600638 0.3735 -0.706917
    outer loop
      vertex 9.14145 5.27782 9.66
      vertex 7.79423 4.5 8.10436
      vertex 7.48323 5.00013 8.10436
    endloop
  endfacet
  facet normal 0.600631 0.373495 0.706925
    outer loop
      vertex 7.79423 4.5 11.2156
      vertex 8.77669 5.8644 9.66
      vertex 7.48323 5.00013 11.2156
    endloop
  endfacet
  facet normal 0.60063 0.373497 0.706926
    outer loop
      vertex 9.14145 5.27782 9.66
      vertex 8.77669 5.8644 9.66
      vertex 7.79423 4.5 11.2156
    endloop
  endfacet
  facet normal 0.623782 0.333415 -0.706917
    outer loop
      vertex 9.14145 5.27782 9.66
      vertex 9.46706 4.66864 9.66
      vertex 7.79423 4.5 8.10436
    endloop
  endfacet
  facet normal 0.623782 0.333412 -0.706917
    outer loop
      vertex 9.46706 4.66864 9.66
      vertex 8.07185 3.9806 8.10436
      vertex 7.79423 4.5 8.10436
    endloop
  endfacet
  facet normal 0.623775 0.333408 0.706926
    outer loop
      vertex 8.07185 3.9806 11.2156
      vertex 9.14145 5.27782 9.66
      vertex 7.79423 4.5 11.2156
    endloop
  endfacet
  facet normal 0.623773 0.33341 0.706926
    outer loop
      vertex 9.46706 4.66864 9.66
      vertex 9.14145 5.27782 9.66
      vertex 8.07185 3.9806 11.2156
    endloop
  endfacet
  facet normal 0.644252 0.291904 -0.706917
    outer loop
      vertex 9.46706 4.66864 9.66
      vertex 9.75213 4.03947 9.66
      vertex 8.07185 3.9806 8.10436
    endloop
  endfacet
  facet normal 0.64425 0.291915 -0.706915
    outer loop
      vertex 9.75213 4.03947 9.66
      vertex 8.31492 3.44415 8.10436
      vertex 8.07185 3.9806 8.10436
    endloop
  endfacet
  facet normal 0.644239 0.29191 0.706926
    outer loop
      vertex 8.31492 3.44415 11.2156
      vertex 9.46706 4.66864 9.66
      vertex 8.07185 3.9806 11.2156
    endloop
  endfacet
  facet normal 0.644246 0.291901 0.706924
    outer loop
      vertex 9.75213 4.03947 9.66
      vertex 9.46706 4.66864 9.66
      vertex 8.31492 3.44415 11.2156
    endloop
  endfacet
  facet normal 0.661963 0.249151 -0.706915
    outer loop
      vertex 9.75213 4.03947 9.66
      vertex 9.99545 3.393 9.66
      vertex 8.31492 3.44415 8.10436
    endloop
  endfacet
  facet normal 0.661965 0.249138 -0.706918
    outer loop
      vertex 9.99545 3.393 9.66
      vertex 8.52237 2.89295 8.10436
      vertex 8.31492 3.44415 8.10436
    endloop
  endfacet
  facet normal 0.66196 0.249136 0.706924
    outer loop
      vertex 8.52237 2.89295 11.2156
      vertex 9.75213 4.03947 9.66
      vertex 8.31492 3.44415 11.2156
    endloop
  endfacet
  facet normal 0.661952 0.249147 0.706926
    outer loop
      vertex 9.99545 3.393 9.66
      vertex 9.75213 4.03947 9.66
      vertex 8.52237 2.89295 11.2156
    endloop
  endfacet
  facet normal 0.676829 0.205353 -0.706918
    outer loop
      vertex 9.99545 3.393 9.66
      vertex 10.196 2.732 9.66
      vertex 8.52237 2.89295 8.10436
    endloop
  endfacet
  facet normal 0.676832 0.205315 -0.706926
    outer loop
      vertex 10.196 2.732 9.66
      vertex 8.69333 2.32937 8.10436
      vertex 8.52237 2.89295 8.10436
    endloop
  endfacet
  facet normal 0.676832 0.205314 0.706926
    outer loop
      vertex 8.69333 2.32937 11.2156
      vertex 9.99545 3.393 9.66
      vertex 8.52237 2.89295 11.2156
    endloop
  endfacet
  facet normal 0.676814 0.205348 0.706934
    outer loop
      vertex 10.196 2.732 9.66
      vertex 9.99545 3.393 9.66
      vertex 8.69333 2.32937 11.2156
    endloop
  endfacet
  facet normal 0.688824 0.160558 -0.706925
    outer loop
      vertex 10.196 2.732 9.66
      vertex 10.3528 2.0593 9.66
      vertex 8.69333 2.32937 8.10436
    endloop
  endfacet
  facet normal 0.688822 0.160616 -0.706913
    outer loop
      vertex 10.3528 2.0593 9.66
      vertex 8.82707 1.75581 8.10436
      vertex 8.69333 2.32937 8.10436
    endloop
  endfacet
  facet normal 0.688801 0.160611 0.706935
    outer loop
      vertex 8.82707 1.75581 11.2156
      vertex 10.196 2.732 9.66
      vertex 8.69333 2.32937 11.2156
    endloop
  endfacet
  facet normal 0.688825 0.160559 0.706923
    outer loop
      vertex 10.3528 2.0593 9.66
      vertex 10.196 2.732 9.66
      vertex 8.82707 1.75581 11.2156
    endloop
  endfacet
  facet normal 0.697856 0.115198 -0.706913
    outer loop
      vertex 10.3528 2.0593 9.66
      vertex 10.4653 1.37779 9.66
      vertex 8.82707 1.75581 8.10436
    endloop
  endfacet
  facet normal 0.697857 0.115211 -0.70691
    outer loop
      vertex 10.4653 1.37779 9.66
      vertex 8.923 1.17474 8.10436
      vertex 8.82707 1.75581 8.10436
    endloop
  endfacet
  facet normal 0.697845 0.115209 0.706922
    outer loop
      vertex 8.923 1.17474 11.2156
      vertex 10.3528 2.0593 9.66
      vertex 8.82707 1.75581 11.2156
    endloop
  endfacet
  facet normal 0.69785 0.115197 0.70692
    outer loop
      vertex 10.4653 1.37779 9.66
      vertex 10.3528 2.0593 9.66
      vertex 8.923 1.17474 11.2156
    endloop
  endfacet
  facet normal 0.703898 0.069323 -0.70691
    outer loop
      vertex 10.4653 1.37779 9.66
      vertex 10.533 0.690372 9.66
      vertex 8.923 1.17474 8.10436
    endloop
  endfacet
  facet normal 0.703899 0.0693316 -0.706908
    outer loop
      vertex 10.533 0.690372 9.66
      vertex 8.98073 0.588628 8.10436
      vertex 8.923 1.17474 8.10436
    endloop
  endfacet
  facet normal 0.703888 0.0693305 0.706919
    outer loop
      vertex 8.98073 0.588628 11.2156
      vertex 10.4653 1.37779 9.66
      vertex 8.923 1.17474 11.2156
    endloop
  endfacet
  facet normal 0.70389 0.0693223 0.706918
    outer loop
      vertex 10.533 0.690372 9.66
      vertex 10.4653 1.37779 9.66
      vertex 8.98073 0.588628 11.2156
    endloop
  endfacet
  facet normal 0.706926 0.0231419 -0.706908
    outer loop
      vertex 10.533 0.690372 9.66
      vertex 10.5556 0 9.66
      vertex 8.98073 0.588628 8.10436
    endloop
  endfacet
  facet normal 0.706926 0.0231428 -0.706908
    outer loop
      vertex 10.5556 0 9.66
      vertex 9 0 8.10436
      vertex 8.98073 0.588628 8.10436
    endloop
  endfacet
  facet normal 0.706917 0.0231425 0.706918
    outer loop
      vertex 9 0 11.2156
      vertex 10.533 0.690372 9.66
      vertex 8.98073 0.588628 11.2156
    endloop
  endfacet
  facet normal 0.706917 0.0231416 0.706917
    outer loop
      vertex 10.5556 0 9.66
      vertex 10.533 0.690372 9.66
      vertex 9 0 11.2156
    endloop
  endfacet
  facet normal 0.706926 -0.0231419 -0.706908
    outer loop
      vertex 10.5556 0 9.66
      vertex 10.533 -0.690372 9.66
      vertex 9 0 8.10436
    endloop
  endfacet
  facet normal 0.706926 -0.0231427 -0.706908
    outer loop
      vertex 9 0 8.10436
      vertex 10.533 -0.690372 9.66
      vertex 8.98073 -0.588628 8.10436
    endloop
  endfacet
  facet normal 0.706917 -0.0231425 0.706917
    outer loop
      vertex 10.5556 0 9.66
      vertex 9 0 11.2156
      vertex 8.98073 -0.588628 11.2156
    endloop
  endfacet
  facet normal 0.706917 -0.0231416 0.706918
    outer loop
      vertex 10.533 -0.690372 9.66
      vertex 10.5556 0 9.66
      vertex 8.98073 -0.588628 11.2156
    endloop
  endfacet
  facet normal 0.7039 -0.0693232 -0.706909
    outer loop
      vertex 10.533 -0.690372 9.66
      vertex 10.4653 -1.37779 9.66
      vertex 8.98073 -0.588628 8.10436
    endloop
  endfacet
  facet normal 0.703897 -0.0693314 -0.70691
    outer loop
      vertex 8.98073 -0.588628 8.10436
      vertex 10.4653 -1.37779 9.66
      vertex 8.923 -1.17474 8.10436
    endloop
  endfacet
  facet normal 0.70389 -0.0693307 0.706918
    outer loop
      vertex 10.533 -0.690372 9.66
      vertex 8.98073 -0.588628 11.2156
      vertex 8.923 -1.17474 11.2156
    endloop
  endfacet
  facet normal 0.703889 -0.0693221 0.706919
    outer loop
      vertex 10.4653 -1.37779 9.66
      vertex 10.533 -0.690372 9.66
      vertex 8.923 -1.17474 11.2156
    endloop
  endfacet
  facet normal 0.697859 -0.115199 -0.706911
    outer loop
      vertex 10.4653 -1.37779 9.66
      vertex 10.3528 -2.0593 9.66
      vertex 8.923 -1.17474 8.10436
    endloop
  endfacet
  facet normal 0.697854 -0.11521 -0.706913
    outer loop
      vertex 8.923 -1.17474 8.10436
      vertex 10.3528 -2.0593 9.66
      vertex 8.82707 -1.75581 8.10436
    endloop
  endfacet
  facet normal 0.697848 -0.115209 0.70692
    outer loop
      vertex 10.4653 -1.37779 9.66
      vertex 8.923 -1.17474 11.2156
      vertex 8.82707 -1.75581 11.2156
    endloop
  endfacet
  facet normal 0.697847 -0.115197 0.706922
    outer loop
      vertex 10.3528 -2.0593 9.66
      vertex 10.4653 -1.37779 9.66
      vertex 8.82707 -1.75581 11.2156
    endloop
  endfacet
  facet normal 0.688834 -0.160561 -0.706914
    outer loop
      vertex 10.3528 -2.0593 9.66
      vertex 10.196 -2.732 9.66
      vertex 8.82707 -1.75581 8.10436
    endloop
  endfacet
  facet normal 0.68881 -0.160613 -0.706926
    outer loop
      vertex 8.82707 -1.75581 8.10436
      vertex 10.196 -2.732 9.66
      vertex 8.69333 -2.32937 8.10436
    endloop
  endfacet
  facet normal 0.688813 -0.160614 0.706922
    outer loop
      vertex 10.3528 -2.0593 9.66
      vertex 8.82707 -1.75581 11.2156
      vertex 8.69333 -2.32937 11.2156
    endloop
  endfacet
  facet normal 0.688815 -0.160556 0.706934
    outer loop
      vertex 10.196 -2.732 9.66
      vertex 10.3528 -2.0593 9.66
      vertex 8.69333 -2.32937 11.2156
    endloop
  endfacet
  facet normal 0.676822 -0.205351 -0.706925
    outer loop
      vertex 10.196 -2.732 9.66
      vertex 9.99545 -3.393 9.66
      vertex 8.69333 -2.32937 8.10436
    endloop
  endfacet
  facet normal 0.67684 -0.205317 -0.706917
    outer loop
      vertex 8.69333 -2.32937 8.10436
      vertex 9.99545 -3.393 9.66
      vertex 8.52237 -2.89295 8.10436
    endloop
  endfacet
  facet normal 0.676824 -0.205312 0.706935
    outer loop
      vertex 10.196 -2.732 9.66
      vertex 8.69333 -2.32937 11.2156
      vertex 8.52237 -2.89295 11.2156
    endloop
  endfacet
  facet normal 0.67682 -0.20535 0.706927
    outer loop
      vertex 9.99545 -3.393 9.66
      vertex 10.196 -2.732 9.66
      vertex 8.52237 -2.89295 11.2156
    endloop
  endfacet
  facet normal 0.661961 -0.24915 -0.706917
    outer loop
      vertex 9.99545 -3.393 9.66
      vertex 9.75213 -4.03947 9.66
      vertex 8.52237 -2.89295 8.10436
    endloop
  endfacet
  facet normal 0.661968 -0.249139 -0.706914
    outer loop
      vertex 8.52237 -2.89295 8.10436
      vertex 9.75213 -4.03947 9.66
      vertex 8.31492 -3.44415 8.10436
    endloop
  endfacet
  facet normal 0.661957 -0.249134 0.706927
    outer loop
      vertex 9.99545 -3.393 9.66
      vertex 8.52237 -2.89295 11.2156
      vertex 8.31492 -3.44415 11.2156
    endloop
  endfacet
  facet normal 0.661955 -0.249148 0.706924
    outer loop
      vertex 9.75213 -4.03947 9.66
      vertex 9.99545 -3.393 9.66
      vertex 8.31492 -3.44415 11.2156
    endloop
  endfacet
  facet normal 0.644254 -0.291904 -0.706915
    outer loop
      vertex 9.75213 -4.03947 9.66
      vertex 9.46706 -4.66864 9.66
      vertex 8.31492 -3.44415 8.10436
    endloop
  endfacet
  facet normal 0.644247 -0.291914 -0.706917
    outer loop
      vertex 8.31492 -3.44415 8.10436
      vertex 9.46706 -4.66864 9.66
      vertex 8.07185 -3.9806 8.10436
    endloop
  endfacet
  facet normal 0.644241 -0.291911 0.706924
    outer loop
      vertex 9.75213 -4.03947 9.66
      vertex 8.31492 -3.44415 11.2156
      vertex 8.07185 -3.9806 11.2156
    endloop
  endfacet
  facet normal 0.644244 -0.2919 0.706926
    outer loop
      vertex 9.46706 -4.66864 9.66
      vertex 9.75213 -4.03947 9.66
      vertex 8.07185 -3.9806 11.2156
    endloop
  endfacet
  facet normal 0.623781 -0.333414 -0.706917
    outer loop
      vertex 9.46706 -4.66864 9.66
      vertex 9.14145 -5.27782 9.66
      vertex 8.07185 -3.9806 8.10436
    endloop
  endfacet
  facet normal 0.623783 -0.333413 -0.706917
    outer loop
      vertex 8.07185 -3.9806 8.10436
      vertex 9.14145 -5.27782 9.66
      vertex 7.79423 -4.5 8.10436
    endloop
  endfacet
  facet normal 0.623774 -0.333408 0.706926
    outer loop
      vertex 9.46706 -4.66864 9.66
      vertex 8.07185 -3.9806 11.2156
      vertex 7.79423 -4.5 11.2156
    endloop
  endfacet
  facet normal 0.623774 -0.33341 0.706926
    outer loop
      vertex 9.14145 -5.27782 9.66
      vertex 9.46706 -4.66864 9.66
      vertex 7.79423 -4.5 11.2156
    endloop
  endfacet
  facet normal 0.600638 -0.373502 -0.706917
    outer loop
      vertex 9.14145 -5.27782 9.66
      vertex 8.77669 -5.8644 9.66
      vertex 7.79423 -4.5 8.10436
    endloop
  endfacet
  facet normal 0.600639 -0.3735 -0.706916
    outer loop
      vertex 7.79423 -4.5 8.10436
      vertex 8.77669 -5.8644 9.66
      vertex 7.48323 -5.00013 8.10436
    endloop
  endfacet
  facet normal 0.600631 -0.373495 0.706926
    outer loop
      vertex 9.14145 -5.27782 9.66
      vertex 7.79423 -4.5 11.2156
      vertex 7.48323 -5.00013 11.2156
    endloop
  endfacet
  facet normal 0.60063 -0.373497 0.706925
    outer loop
      vertex 8.77669 -5.8644 9.66
      vertex 9.14145 -5.27782 9.66
      vertex 7.48323 -5.00013 11.2156
    endloop
  endfacet
  facet normal 0.574922 -0.411987 -0.706916
    outer loop
      vertex 8.77669 -5.8644 9.66
      vertex 8.37435 -6.42586 9.66
      vertex 7.48323 -5.00013 8.10436
    endloop
  endfacet
  facet normal 0.574922 -0.411988 -0.706917
    outer loop
      vertex 7.48323 -5.00013 8.10436
      vertex 8.37435 -6.42586 9.66
      vertex 7.14018 -5.47885 8.10436
    endloop
  endfacet
  facet normal 0.574914 -0.411983 0.706925
    outer loop
      vertex 8.77669 -5.8644 9.66
      vertex 7.48323 -5.00013 11.2156
      vertex 7.14018 -5.47885 11.2156
    endloop
  endfacet
  facet normal 0.574915 -0.411982 0.706926
    outer loop
      vertex 8.37435 -6.42586 9.66
      vertex 8.77669 -5.8644 9.66
      vertex 7.14018 -5.47885 11.2156
    endloop
  endfacet
  facet normal 0.546749 -0.448704 -0.706917
    outer loop
      vertex 8.37435 -6.42586 9.66
      vertex 7.93615 -6.95981 9.66
      vertex 7.14018 -5.47885 8.10436
    endloop
  endfacet
  facet normal 0.546749 -0.448703 -0.706916
    outer loop
      vertex 7.14018 -5.47885 8.10436
      vertex 7.93615 -6.95981 9.66
      vertex 6.76656 -5.93411 8.10436
    endloop
  endfacet
  facet normal 0.546742 -0.448697 0.706926
    outer loop
      vertex 8.37435 -6.42586 9.66
      vertex 7.14018 -5.47885 11.2156
      vertex 6.76656 -5.93411 11.2156
    endloop
  endfacet
  facet normal 0.546742 -0.448698 0.706925
    outer loop
      vertex 7.93615 -6.95981 9.66
      vertex 8.37435 -6.42586 9.66
      vertex 6.76656 -5.93411 11.2156
    endloop
  endfacet
  facet normal 0.51623 -0.483504 -0.706916
    outer loop
      vertex 7.93615 -6.95981 9.66
      vertex 7.46396 -7.46396 9.66
      vertex 6.76656 -5.93411 8.10436
    endloop
  endfacet
  facet normal 0.51623 -0.483504 -0.706916
    outer loop
      vertex 6.76656 -5.93411 8.10436
      vertex 7.46396 -7.46396 9.66
      vertex 6.36396 -6.36396 8.10436
    endloop
  endfacet
  facet normal 0.516223 -0.483498 0.706925
    outer loop
      vertex 7.93615 -6.95981 9.66
      vertex 6.76656 -5.93411 11.2156
      vertex 6.36396 -6.36396 11.2156
    endloop
  endfacet
  facet normal 0.516223 -0.483498 0.706925
    outer loop
      vertex 7.46396 -7.46396 9.66
      vertex 7.93615 -6.95981 9.66
      vertex 6.36396 -6.36396 11.2156
    endloop
  endfacet
  facet normal 0.483504 -0.51623 -0.706916
    outer loop
      vertex 7.46396 -7.46396 9.66
      vertex 6.95981 -7.93615 9.66
      vertex 6.36396 -6.36396 8.10436
    endloop
  endfacet
  facet normal 0.483504 -0.51623 -0.706916
    outer loop
      vertex 6.36396 -6.36396 8.10436
      vertex 6.95981 -7.93615 9.66
      vertex 5.93411 -6.76656 8.10436
    endloop
  endfacet
  facet normal 0.483498 -0.516223 0.706925
    outer loop
      vertex 7.46396 -7.46396 9.66
      vertex 6.36396 -6.36396 11.2156
      vertex 5.93411 -6.76656 11.2156
    endloop
  endfacet
  facet normal 0.483498 -0.516223 0.706925
    outer loop
      vertex 6.95981 -7.93615 9.66
      vertex 7.46396 -7.46396 9.66
      vertex 5.93411 -6.76656 11.2156
    endloop
  endfacet
  facet normal 0.448704 -0.546749 -0.706916
    outer loop
      vertex 6.95981 -7.93615 9.66
      vertex 6.42586 -8.37435 9.66
      vertex 5.93411 -6.76656 8.10436
    endloop
  endfacet
  facet normal 0.448703 -0.546749 -0.706917
    outer loop
      vertex 5.93411 -6.76656 8.10436
      vertex 6.42586 -8.37435 9.66
      vertex 5.47885 -7.14018 8.10436
    endloop
  endfacet
  facet normal 0.448697 -0.546742 0.706925
    outer loop
      vertex 6.95981 -7.93615 9.66
      vertex 5.93411 -6.76656 11.2156
      vertex 5.47885 -7.14018 11.2156
    endloop
  endfacet
  facet normal 0.448698 -0.546742 0.706926
    outer loop
      vertex 6.42586 -8.37435 9.66
      vertex 6.95981 -7.93615 9.66
      vertex 5.47885 -7.14018 11.2156
    endloop
  endfacet
  facet normal 0.411987 -0.574922 -0.706917
    outer loop
      vertex 6.42586 -8.37435 9.66
      vertex 5.8644 -8.77669 9.66
      vertex 5.47885 -7.14018 8.10436
    endloop
  endfacet
  facet normal 0.411988 -0.574922 -0.706916
    outer loop
      vertex 5.47885 -7.14018 8.10436
      vertex 5.8644 -8.77669 9.66
      vertex 5.00013 -7.48323 8.10436
    endloop
  endfacet
  facet normal 0.411983 -0.574914 0.706926
    outer loop
      vertex 6.42586 -8.37435 9.66
      vertex 5.47885 -7.14018 11.2156
      vertex 5.00013 -7.48323 11.2156
    endloop
  endfacet
  facet normal 0.411982 -0.574915 0.706925
    outer loop
      vertex 5.8644 -8.77669 9.66
      vertex 6.42586 -8.37435 9.66
      vertex 5.00013 -7.48323 11.2156
    endloop
  endfacet
  facet normal 0.373502 -0.600638 -0.706916
    outer loop
      vertex 5.8644 -8.77669 9.66
      vertex 5.27782 -9.14145 9.66
      vertex 5.00013 -7.48323 8.10436
    endloop
  endfacet
  facet normal 0.3735 -0.600638 -0.706917
    outer loop
      vertex 5.00013 -7.48323 8.10436
      vertex 5.27782 -9.14145 9.66
      vertex 4.5 -7.79423 8.10436
    endloop
  endfacet
  facet normal 0.373495 -0.600631 0.706925
    outer loop
      vertex 5.8644 -8.77669 9.66
      vertex 5.00013 -7.48323 11.2156
      vertex 4.5 -7.79423 11.2156
    endloop
  endfacet
  facet normal 0.373497 -0.60063 0.706926
    outer loop
      vertex 5.27782 -9.14145 9.66
      vertex 5.8644 -8.77669 9.66
      vertex 4.5 -7.79423 11.2156
    endloop
  endfacet
  facet normal 0.333415 -0.623782 -0.706917
    outer loop
      vertex 5.27782 -9.14145 9.66
      vertex 4.66864 -9.46706 9.66
      vertex 4.5 -7.79423 8.10436
    endloop
  endfacet
  facet normal 0.333412 -0.623782 -0.706917
    outer loop
      vertex 4.5 -7.79423 8.10436
      vertex 4.66864 -9.46706 9.66
      vertex 3.9806 -8.07185 8.10436
    endloop
  endfacet
  facet normal 0.333408 -0.623775 0.706926
    outer loop
      vertex 5.27782 -9.14145 9.66
      vertex 4.5 -7.79423 11.2156
      vertex 3.9806 -8.07185 11.2156
    endloop
  endfacet
  facet normal 0.33341 -0.623773 0.706926
    outer loop
      vertex 4.66864 -9.46706 9.66
      vertex 5.27782 -9.14145 9.66
      vertex 3.9806 -8.07185 11.2156
    endloop
  endfacet
  facet normal 0.291904 -0.644252 -0.706917
    outer loop
      vertex 4.66864 -9.46706 9.66
      vertex 4.03947 -9.75213 9.66
      vertex 3.9806 -8.07185 8.10436
    endloop
  endfacet
  facet normal 0.291915 -0.64425 -0.706915
    outer loop
      vertex 3.9806 -8.07185 8.10436
      vertex 4.03947 -9.75213 9.66
      vertex 3.44415 -8.31492 8.10436
    endloop
  endfacet
  facet normal 0.29191 -0.644239 0.706926
    outer loop
      vertex 4.66864 -9.46706 9.66
      vertex 3.9806 -8.07185 11.2156
      vertex 3.44415 -8.31492 11.2156
    endloop
  endfacet
  facet normal 0.291901 -0.644246 0.706924
    outer loop
      vertex 4.03947 -9.75213 9.66
      vertex 4.66864 -9.46706 9.66
      vertex 3.44415 -8.31492 11.2156
    endloop
  endfacet
  facet normal 0.249151 -0.661963 -0.706915
    outer loop
      vertex 3.44415 -8.31492 8.10436
      vertex 4.03947 -9.75213 9.66
      vertex 3.393 -9.99545 9.66
    endloop
  endfacet
  facet normal 0.249138 -0.661965 -0.706918
    outer loop
      vertex 3.44415 -8.31492 8.10436
      vertex 3.393 -9.99545 9.66
      vertex 2.89295 -8.52237 8.10436
    endloop
  endfacet
  facet normal 0.249136 -0.66196 0.706924
    outer loop
      vertex 4.03947 -9.75213 9.66
      vertex 3.44415 -8.31492 11.2156
      vertex 2.89295 -8.52237 11.2156
    endloop
  endfacet
  facet normal 0.249147 -0.661952 0.706926
    outer loop
      vertex 3.393 -9.99545 9.66
      vertex 4.03947 -9.75213 9.66
      vertex 2.89295 -8.52237 11.2156
    endloop
  endfacet
  facet normal 0.205353 -0.676829 -0.706918
    outer loop
      vertex 2.89295 -8.52237 8.10436
      vertex 3.393 -9.99545 9.66
      vertex 2.732 -10.196 9.66
    endloop
  endfacet
  facet normal 0.205315 -0.676832 -0.706926
    outer loop
      vertex 2.89295 -8.52237 8.10436
      vertex 2.732 -10.196 9.66
      vertex 2.32937 -8.69333 8.10436
    endloop
  endfacet
  facet normal 0.205314 -0.676832 0.706926
    outer loop
      vertex 3.393 -9.99545 9.66
      vertex 2.89295 -8.52237 11.2156
      vertex 2.32937 -8.69333 11.2156
    endloop
  endfacet
  facet normal 0.205348 -0.676814 0.706934
    outer loop
      vertex 2.732 -10.196 9.66
      vertex 3.393 -9.99545 9.66
      vertex 2.32937 -8.69333 11.2156
    endloop
  endfacet
  facet normal 0.160558 -0.688824 -0.706925
    outer loop
      vertex 2.32937 -8.69333 8.10436
      vertex 2.732 -10.196 9.66
      vertex 2.0593 -10.3528 9.66
    endloop
  endfacet
  facet normal 0.160616 -0.688822 -0.706913
    outer loop
      vertex 2.32937 -8.69333 8.10436
      vertex 2.0593 -10.3528 9.66
      vertex 1.75581 -8.82707 8.10436
    endloop
  endfacet
  facet normal 0.160611 -0.688801 0.706935
    outer loop
      vertex 2.732 -10.196 9.66
      vertex 2.32937 -8.69333 11.2156
      vertex 1.75581 -8.82707 11.2156
    endloop
  endfacet
  facet normal 0.160559 -0.688825 0.706923
    outer loop
      vertex 2.0593 -10.3528 9.66
      vertex 2.732 -10.196 9.66
      vertex 1.75581 -8.82707 11.2156
    endloop
  endfacet
  facet normal 0.115198 -0.697856 -0.706913
    outer loop
      vertex 1.75581 -8.82707 8.10436
      vertex 2.0593 -10.3528 9.66
      vertex 1.37779 -10.4653 9.66
    endloop
  endfacet
  facet normal 0.115211 -0.697857 -0.70691
    outer loop
      vertex 1.75581 -8.82707 8.10436
      vertex 1.37779 -10.4653 9.66
      vertex 1.17474 -8.923 8.10436
    endloop
  endfacet
  facet normal 0.115209 -0.697845 0.706922
    outer loop
      vertex 2.0593 -10.3528 9.66
      vertex 1.75581 -8.82707 11.2156
      vertex 1.17474 -8.923 11.2156
    endloop
  endfacet
  facet normal 0.115197 -0.69785 0.70692
    outer loop
      vertex 1.37779 -10.4653 9.66
      vertex 2.0593 -10.3528 9.66
      vertex 1.17474 -8.923 11.2156
    endloop
  endfacet
  facet normal 0.069323 -0.703898 -0.70691
    outer loop
      vertex 1.17474 -8.923 8.10436
      vertex 1.37779 -10.4653 9.66
      vertex 0.690372 -10.533 9.66
    endloop
  endfacet
  facet normal 0.0693316 -0.703899 -0.706908
    outer loop
      vertex 1.17474 -8.923 8.10436
      vertex 0.690372 -10.533 9.66
      vertex 0.588628 -8.98073 8.10436
    endloop
  endfacet
  facet normal 0.0693305 -0.703888 0.706919
    outer loop
      vertex 1.37779 -10.4653 9.66
      vertex 1.17474 -8.923 11.2156
      vertex 0.588628 -8.98073 11.2156
    endloop
  endfacet
  facet normal 0.0693223 -0.70389 0.706918
    outer loop
      vertex 0.690372 -10.533 9.66
      vertex 1.37779 -10.4653 9.66
      vertex 0.588628 -8.98073 11.2156
    endloop
  endfacet
  facet normal 0.0231419 -0.706926 -0.706908
    outer loop
      vertex 0.588628 -8.98073 8.10436
      vertex 0.690372 -10.533 9.66
      vertex 0 -10.5556 9.66
    endloop
  endfacet
  facet normal 0.0231428 -0.706926 -0.706908
    outer loop
      vertex 0 -9 8.10436
      vertex 0.588628 -8.98073 8.10436
      vertex 0 -10.5556 9.66
    endloop
  endfacet
  facet normal 0.0231425 -0.706917 0.706918
    outer loop
      vertex 0.690372 -10.533 9.66
      vertex 0.588628 -8.98073 11.2156
      vertex 0 -9 11.2156
    endloop
  endfacet
  facet normal 0.0231416 -0.706917 0.706917
    outer loop
      vertex 0.690372 -10.533 9.66
      vertex 0 -9 11.2156
      vertex 0 -10.5556 9.66
    endloop
  endfacet
  facet normal -0.0231419 -0.706926 -0.706908
    outer loop
      vertex 0 -9 8.10436
      vertex 0 -10.5556 9.66
      vertex -0.690372 -10.533 9.66
    endloop
  endfacet
  facet normal -0.0231427 -0.706926 -0.706908
    outer loop
      vertex -0.588628 -8.98073 8.10436
      vertex 0 -9 8.10436
      vertex -0.690372 -10.533 9.66
    endloop
  endfacet
  facet normal -0.0231425 -0.706917 0.706917
    outer loop
      vertex 0 -10.5556 9.66
      vertex 0 -9 11.2156
      vertex -0.588628 -8.98073 11.2156
    endloop
  endfacet
  facet normal -0.0231416 -0.706917 0.706918
    outer loop
      vertex 0 -10.5556 9.66
      vertex -0.588628 -8.98073 11.2156
      vertex -0.690372 -10.533 9.66
    endloop
  endfacet
  facet normal -0.0693232 -0.7039 -0.706909
    outer loop
      vertex -0.588628 -8.98073 8.10436
      vertex -0.690372 -10.533 9.66
      vertex -1.37779 -10.4653 9.66
    endloop
  endfacet
  facet normal -0.0693314 -0.703897 -0.70691
    outer loop
      vertex -1.17474 -8.923 8.10436
      vertex -0.588628 -8.98073 8.10436
      vertex -1.37779 -10.4653 9.66
    endloop
  endfacet
  facet normal -0.0693307 -0.70389 0.706918
    outer loop
      vertex -0.690372 -10.533 9.66
      vertex -0.588628 -8.98073 11.2156
      vertex -1.17474 -8.923 11.2156
    endloop
  endfacet
  facet normal -0.0693221 -0.703889 0.706919
    outer loop
      vertex -0.690372 -10.533 9.66
      vertex -1.17474 -8.923 11.2156
      vertex -1.37779 -10.4653 9.66
    endloop
  endfacet
  facet normal -0.115199 -0.697859 -0.706911
    outer loop
      vertex -1.17474 -8.923 8.10436
      vertex -1.37779 -10.4653 9.66
      vertex -2.0593 -10.3528 9.66
    endloop
  endfacet
  facet normal -0.11521 -0.697854 -0.706913
    outer loop
      vertex -1.75581 -8.82707 8.10436
      vertex -1.17474 -8.923 8.10436
      vertex -2.0593 -10.3528 9.66
    endloop
  endfacet
  facet normal -0.115209 -0.697848 0.70692
    outer loop
      vertex -1.37779 -10.4653 9.66
      vertex -1.17474 -8.923 11.2156
      vertex -1.75581 -8.82707 11.2156
    endloop
  endfacet
  facet normal -0.115197 -0.697847 0.706922
    outer loop
      vertex -1.37779 -10.4653 9.66
      vertex -1.75581 -8.82707 11.2156
      vertex -2.0593 -10.3528 9.66
    endloop
  endfacet
  facet normal -0.160561 -0.688834 -0.706914
    outer loop
      vertex -1.75581 -8.82707 8.10436
      vertex -2.0593 -10.3528 9.66
      vertex -2.732 -10.196 9.66
    endloop
  endfacet
  facet normal -0.160613 -0.68881 -0.706926
    outer loop
      vertex -2.32937 -8.69333 8.10436
      vertex -1.75581 -8.82707 8.10436
      vertex -2.732 -10.196 9.66
    endloop
  endfacet
  facet normal -0.160614 -0.688813 0.706922
    outer loop
      vertex -2.0593 -10.3528 9.66
      vertex -1.75581 -8.82707 11.2156
      vertex -2.32937 -8.69333 11.2156
    endloop
  endfacet
  facet normal -0.160556 -0.688815 0.706934
    outer loop
      vertex -2.0593 -10.3528 9.66
      vertex -2.32937 -8.69333 11.2156
      vertex -2.732 -10.196 9.66
    endloop
  endfacet
  facet normal -0.205351 -0.676822 -0.706925
    outer loop
      vertex -2.32937 -8.69333 8.10436
      vertex -2.732 -10.196 9.66
      vertex -3.393 -9.99545 9.66
    endloop
  endfacet
  facet normal -0.205317 -0.67684 -0.706917
    outer loop
      vertex -2.89295 -8.52237 8.10436
      vertex -2.32937 -8.69333 8.10436
      vertex -3.393 -9.99545 9.66
    endloop
  endfacet
  facet normal -0.205312 -0.676824 0.706935
    outer loop
      vertex -2.732 -10.196 9.66
      vertex -2.32937 -8.69333 11.2156
      vertex -2.89295 -8.52237 11.2156
    endloop
  endfacet
  facet normal -0.20535 -0.67682 0.706927
    outer loop
      vertex -2.732 -10.196 9.66
      vertex -2.89295 -8.52237 11.2156
      vertex -3.393 -9.99545 9.66
    endloop
  endfacet
  facet normal -0.24915 -0.661961 -0.706917
    outer loop
      vertex -2.89295 -8.52237 8.10436
      vertex -3.393 -9.99545 9.66
      vertex -4.03947 -9.75213 9.66
    endloop
  endfacet
  facet normal -0.249139 -0.661968 -0.706914
    outer loop
      vertex -3.44415 -8.31492 8.10436
      vertex -2.89295 -8.52237 8.10436
      vertex -4.03947 -9.75213 9.66
    endloop
  endfacet
  facet normal -0.249134 -0.661957 0.706927
    outer loop
      vertex -3.393 -9.99545 9.66
      vertex -2.89295 -8.52237 11.2156
      vertex -3.44415 -8.31492 11.2156
    endloop
  endfacet
  facet normal -0.249148 -0.661955 0.706924
    outer loop
      vertex -3.393 -9.99545 9.66
      vertex -3.44415 -8.31492 11.2156
      vertex -4.03947 -9.75213 9.66
    endloop
  endfacet
  facet normal -0.291904 -0.644254 -0.706915
    outer loop
      vertex -3.44415 -8.31492 8.10436
      vertex -4.03947 -9.75213 9.66
      vertex -4.66864 -9.46706 9.66
    endloop
  endfacet
  facet normal -0.291914 -0.644247 -0.706917
    outer loop
      vertex -3.9806 -8.07185 8.10436
      vertex -3.44415 -8.31492 8.10436
      vertex -4.66864 -9.46706 9.66
    endloop
  endfacet
  facet normal -0.291911 -0.644241 0.706924
    outer loop
      vertex -3.44415 -8.31492 11.2156
      vertex -3.9806 -8.07185 11.2156
      vertex -4.03947 -9.75213 9.66
    endloop
  endfacet
  facet normal -0.2919 -0.644244 0.706926
    outer loop
      vertex -4.03947 -9.75213 9.66
      vertex -3.9806 -8.07185 11.2156
      vertex -4.66864 -9.46706 9.66
    endloop
  endfacet
  facet normal -0.333414 -0.623781 -0.706917
    outer loop
      vertex -3.9806 -8.07185 8.10436
      vertex -4.66864 -9.46706 9.66
      vertex -5.27782 -9.14145 9.66
    endloop
  endfacet
  facet normal -0.333413 -0.623783 -0.706917
    outer loop
      vertex -4.5 -7.79423 8.10436
      vertex -3.9806 -8.07185 8.10436
      vertex -5.27782 -9.14145 9.66
    endloop
  endfacet
  facet normal -0.333408 -0.623774 0.706926
    outer loop
      vertex -3.9806 -8.07185 11.2156
      vertex -4.5 -7.79423 11.2156
      vertex -4.66864 -9.46706 9.66
    endloop
  endfacet
  facet normal -0.33341 -0.623774 0.706926
    outer loop
      vertex -4.66864 -9.46706 9.66
      vertex -4.5 -7.79423 11.2156
      vertex -5.27782 -9.14145 9.66
    endloop
  endfacet
  facet normal -0.373502 -0.600638 -0.706917
    outer loop
      vertex -4.5 -7.79423 8.10436
      vertex -5.27782 -9.14145 9.66
      vertex -5.8644 -8.77669 9.66
    endloop
  endfacet
  facet normal -0.3735 -0.600639 -0.706916
    outer loop
      vertex -5.00013 -7.48323 8.10436
      vertex -4.5 -7.79423 8.10436
      vertex -5.8644 -8.77669 9.66
    endloop
  endfacet
  facet normal -0.373495 -0.600631 0.706926
    outer loop
      vertex -4.5 -7.79423 11.2156
      vertex -5.00013 -7.48323 11.2156
      vertex -5.27782 -9.14145 9.66
    endloop
  endfacet
  facet normal -0.373497 -0.60063 0.706925
    outer loop
      vertex -5.27782 -9.14145 9.66
      vertex -5.00013 -7.48323 11.2156
      vertex -5.8644 -8.77669 9.66
    endloop
  endfacet
  facet normal -0.411987 -0.574922 -0.706916
    outer loop
      vertex -5.00013 -7.48323 8.10436
      vertex -5.8644 -8.77669 9.66
      vertex -6.42586 -8.37435 9.66
    endloop
  endfacet
  facet normal -0.411988 -0.574922 -0.706917
    outer loop
      vertex -5.47885 -7.14018 8.10436
      vertex -5.00013 -7.48323 8.10436
      vertex -6.42586 -8.37435 9.66
    endloop
  endfacet
  facet normal -0.411983 -0.574914 0.706925
    outer loop
      vertex -5.00013 -7.48323 11.2156
      vertex -5.47885 -7.14018 11.2156
      vertex -5.8644 -8.77669 9.66
    endloop
  endfacet
  facet normal -0.411982 -0.574915 0.706926
    outer loop
      vertex -5.8644 -8.77669 9.66
      vertex -5.47885 -7.14018 11.2156
      vertex -6.42586 -8.37435 9.66
    endloop
  endfacet
  facet normal -0.448704 -0.546749 -0.706917
    outer loop
      vertex -5.47885 -7.14018 8.10436
      vertex -6.42586 -8.37435 9.66
      vertex -6.95981 -7.93615 9.66
    endloop
  endfacet
  facet normal -0.448703 -0.546749 -0.706916
    outer loop
      vertex -5.93411 -6.76656 8.10436
      vertex -5.47885 -7.14018 8.10436
      vertex -6.95981 -7.93615 9.66
    endloop
  endfacet
  facet normal -0.448697 -0.546742 0.706926
    outer loop
      vertex -5.47885 -7.14018 11.2156
      vertex -5.93411 -6.76656 11.2156
      vertex -6.42586 -8.37435 9.66
    endloop
  endfacet
  facet normal -0.448698 -0.546742 0.706925
    outer loop
      vertex -6.42586 -8.37435 9.66
      vertex -5.93411 -6.76656 11.2156
      vertex -6.95981 -7.93615 9.66
    endloop
  endfacet
  facet normal -0.483504 -0.51623 -0.706916
    outer loop
      vertex -5.93411 -6.76656 8.10436
      vertex -6.95981 -7.93615 9.66
      vertex -7.46396 -7.46396 9.66
    endloop
  endfacet
  facet normal -0.483504 -0.51623 -0.706916
    outer loop
      vertex -6.36396 -6.36396 8.10436
      vertex -5.93411 -6.76656 8.10436
      vertex -7.46396 -7.46396 9.66
    endloop
  endfacet
  facet normal -0.483498 -0.516223 0.706925
    outer loop
      vertex -5.93411 -6.76656 11.2156
      vertex -6.36396 -6.36396 11.2156
      vertex -6.95981 -7.93615 9.66
    endloop
  endfacet
  facet normal -0.483498 -0.516223 0.706925
    outer loop
      vertex -6.95981 -7.93615 9.66
      vertex -6.36396 -6.36396 11.2156
      vertex -7.46396 -7.46396 9.66
    endloop
  endfacet
  facet normal -0.51623 -0.483504 -0.706916
    outer loop
      vertex -6.36396 -6.36396 8.10436
      vertex -7.46396 -7.46396 9.66
      vertex -7.93615 -6.95981 9.66
    endloop
  endfacet
  facet normal -0.51623 -0.483504 -0.706916
    outer loop
      vertex -6.76656 -5.93411 8.10436
      vertex -6.36396 -6.36396 8.10436
      vertex -7.93615 -6.95981 9.66
    endloop
  endfacet
  facet normal -0.516223 -0.483498 0.706925
    outer loop
      vertex -6.36396 -6.36396 11.2156
      vertex -6.76656 -5.93411 11.2156
      vertex -7.46396 -7.46396 9.66
    endloop
  endfacet
  facet normal -0.516223 -0.483498 0.706925
    outer loop
      vertex -7.46396 -7.46396 9.66
      vertex -6.76656 -5.93411 11.2156
      vertex -7.93615 -6.95981 9.66
    endloop
  endfacet
  facet normal -0.546749 -0.448704 -0.706916
    outer loop
      vertex -6.76656 -5.93411 8.10436
      vertex -7.93615 -6.95981 9.66
      vertex -8.37435 -6.42586 9.66
    endloop
  endfacet
  facet normal -0.546749 -0.448703 -0.706917
    outer loop
      vertex -7.14018 -5.47885 8.10436
      vertex -6.76656 -5.93411 8.10436
      vertex -8.37435 -6.42586 9.66
    endloop
  endfacet
  facet normal -0.546742 -0.448697 0.706925
    outer loop
      vertex -6.76656 -5.93411 11.2156
      vertex -7.14018 -5.47885 11.2156
      vertex -7.93615 -6.95981 9.66
    endloop
  endfacet
  facet normal -0.546742 -0.448698 0.706926
    outer loop
      vertex -7.93615 -6.95981 9.66
      vertex -7.14018 -5.47885 11.2156
      vertex -8.37435 -6.42586 9.66
    endloop
  endfacet
  facet normal -0.574922 -0.411987 -0.706917
    outer loop
      vertex -7.14018 -5.47885 8.10436
      vertex -8.37435 -6.42586 9.66
      vertex -8.77669 -5.8644 9.66
    endloop
  endfacet
  facet normal -0.574922 -0.411988 -0.706916
    outer loop
      vertex -7.48323 -5.00013 8.10436
      vertex -7.14018 -5.47885 8.10436
      vertex -8.77669 -5.8644 9.66
    endloop
  endfacet
  facet normal -0.574914 -0.411983 0.706926
    outer loop
      vertex -7.14018 -5.47885 11.2156
      vertex -7.48323 -5.00013 11.2156
      vertex -8.37435 -6.42586 9.66
    endloop
  endfacet
  facet normal -0.574915 -0.411982 0.706925
    outer loop
      vertex -8.37435 -6.42586 9.66
      vertex -7.48323 -5.00013 11.2156
      vertex -8.77669 -5.8644 9.66
    endloop
  endfacet
  facet normal -0.600638 -0.373502 -0.706916
    outer loop
      vertex -7.48323 -5.00013 8.10436
      vertex -8.77669 -5.8644 9.66
      vertex -9.14145 -5.27782 9.66
    endloop
  endfacet
  facet normal -0.600638 -0.3735 -0.706917
    outer loop
      vertex -7.79423 -4.5 8.10436
      vertex -7.48323 -5.00013 8.10436
      vertex -9.14145 -5.27782 9.66
    endloop
  endfacet
  facet normal -0.600631 -0.373495 0.706925
    outer loop
      vertex -7.48323 -5.00013 11.2156
      vertex -7.79423 -4.5 11.2156
      vertex -8.77669 -5.8644 9.66
    endloop
  endfacet
  facet normal -0.60063 -0.373497 0.706926
    outer loop
      vertex -8.77669 -5.8644 9.66
      vertex -7.79423 -4.5 11.2156
      vertex -9.14145 -5.27782 9.66
    endloop
  endfacet
  facet normal -0.623782 -0.333415 -0.706917
    outer loop
      vertex -7.79423 -4.5 8.10436
      vertex -9.14145 -5.27782 9.66
      vertex -9.46706 -4.66864 9.66
    endloop
  endfacet
  facet normal -0.623782 -0.333412 -0.706917
    outer loop
      vertex -8.07185 -3.9806 8.10436
      vertex -7.79423 -4.5 8.10436
      vertex -9.46706 -4.66864 9.66
    endloop
  endfacet
  facet normal -0.623775 -0.333408 0.706926
    outer loop
      vertex -7.79423 -4.5 11.2156
      vertex -8.07185 -3.9806 11.2156
      vertex -9.14145 -5.27782 9.66
    endloop
  endfacet
  facet normal -0.623773 -0.33341 0.706926
    outer loop
      vertex -9.14145 -5.27782 9.66
      vertex -8.07185 -3.9806 11.2156
      vertex -9.46706 -4.66864 9.66
    endloop
  endfacet
  facet normal -0.644252 -0.291904 -0.706917
    outer loop
      vertex -8.07185 -3.9806 8.10436
      vertex -9.46706 -4.66864 9.66
      vertex -9.75213 -4.03947 9.66
    endloop
  endfacet
  facet normal -0.64425 -0.291915 -0.706915
    outer loop
      vertex -8.31492 -3.44415 8.10436
      vertex -8.07185 -3.9806 8.10436
      vertex -9.75213 -4.03947 9.66
    endloop
  endfacet
  facet normal -0.644239 -0.29191 0.706926
    outer loop
      vertex -8.07185 -3.9806 11.2156
      vertex -8.31492 -3.44415 11.2156
      vertex -9.46706 -4.66864 9.66
    endloop
  endfacet
  facet normal -0.644246 -0.291901 0.706924
    outer loop
      vertex -9.46706 -4.66864 9.66
      vertex -8.31492 -3.44415 11.2156
      vertex -9.75213 -4.03947 9.66
    endloop
  endfacet
  facet normal -0.661963 -0.249151 -0.706915
    outer loop
      vertex -8.31492 -3.44415 8.10436
      vertex -9.75213 -4.03947 9.66
      vertex -9.99545 -3.393 9.66
    endloop
  endfacet
  facet normal -0.661965 -0.249138 -0.706918
    outer loop
      vertex -8.52237 -2.89295 8.10436
      vertex -8.31492 -3.44415 8.10436
      vertex -9.99545 -3.393 9.66
    endloop
  endfacet
  facet normal -0.66196 -0.249136 0.706924
    outer loop
      vertex -8.31492 -3.44415 11.2156
      vertex -8.52237 -2.89295 11.2156
      vertex -9.75213 -4.03947 9.66
    endloop
  endfacet
  facet normal -0.661952 -0.249147 0.706926
    outer loop
      vertex -9.75213 -4.03947 9.66
      vertex -8.52237 -2.89295 11.2156
      vertex -9.99545 -3.393 9.66
    endloop
  endfacet
  facet normal -0.676829 -0.205353 -0.706918
    outer loop
      vertex -8.52237 -2.89295 8.10436
      vertex -9.99545 -3.393 9.66
      vertex -10.196 -2.732 9.66
    endloop
  endfacet
  facet normal -0.676832 -0.205315 -0.706926
    outer loop
      vertex -8.69333 -2.32937 8.10436
      vertex -8.52237 -2.89295 8.10436
      vertex -10.196 -2.732 9.66
    endloop
  endfacet
  facet normal -0.676832 -0.205314 0.706926
    outer loop
      vertex -8.52237 -2.89295 11.2156
      vertex -8.69333 -2.32937 11.2156
      vertex -9.99545 -3.393 9.66
    endloop
  endfacet
  facet normal -0.676814 -0.205348 0.706934
    outer loop
      vertex -9.99545 -3.393 9.66
      vertex -8.69333 -2.32937 11.2156
      vertex -10.196 -2.732 9.66
    endloop
  endfacet
  facet normal -0.688824 -0.160558 -0.706925
    outer loop
      vertex -8.69333 -2.32937 8.10436
      vertex -10.196 -2.732 9.66
      vertex -10.3528 -2.0593 9.66
    endloop
  endfacet
  facet normal -0.688822 -0.160616 -0.706913
    outer loop
      vertex -8.82707 -1.75581 8.10436
      vertex -8.69333 -2.32937 8.10436
      vertex -10.3528 -2.0593 9.66
    endloop
  endfacet
  facet normal -0.688801 -0.160611 0.706935
    outer loop
      vertex -8.69333 -2.32937 11.2156
      vertex -8.82707 -1.75581 11.2156
      vertex -10.196 -2.732 9.66
    endloop
  endfacet
  facet normal -0.688825 -0.160559 0.706923
    outer loop
      vertex -10.196 -2.732 9.66
      vertex -8.82707 -1.75581 11.2156
      vertex -10.3528 -2.0593 9.66
    endloop
  endfacet
  facet normal -0.697856 -0.115198 -0.706913
    outer loop
      vertex -8.82707 -1.75581 8.10436
      vertex -10.3528 -2.0593 9.66
      vertex -10.4653 -1.37779 9.66
    endloop
  endfacet
  facet normal -0.697857 -0.115211 -0.70691
    outer loop
      vertex -8.923 -1.17474 8.10436
      vertex -8.82707 -1.75581 8.10436
      vertex -10.4653 -1.37779 9.66
    endloop
  endfacet
  facet normal -0.697845 -0.115209 0.706922
    outer loop
      vertex -8.82707 -1.75581 11.2156
      vertex -8.923 -1.17474 11.2156
      vertex -10.3528 -2.0593 9.66
    endloop
  endfacet
  facet normal -0.69785 -0.115197 0.70692
    outer loop
      vertex -10.3528 -2.0593 9.66
      vertex -8.923 -1.17474 11.2156
      vertex -10.4653 -1.37779 9.66
    endloop
  endfacet
  facet normal -0.703898 -0.069323 -0.70691
    outer loop
      vertex -8.923 -1.17474 8.10436
      vertex -10.4653 -1.37779 9.66
      vertex -10.533 -0.690372 9.66
    endloop
  endfacet
  facet normal -0.703899 -0.0693316 -0.706908
    outer loop
      vertex -8.98073 -0.588628 8.10436
      vertex -8.923 -1.17474 8.10436
      vertex -10.533 -0.690372 9.66
    endloop
  endfacet
  facet normal -0.703888 -0.0693305 0.706919
    outer loop
      vertex -8.923 -1.17474 11.2156
      vertex -8.98073 -0.588628 11.2156
      vertex -10.4653 -1.37779 9.66
    endloop
  endfacet
  facet normal -0.70389 -0.0693223 0.706918
    outer loop
      vertex -10.4653 -1.37779 9.66
      vertex -8.98073 -0.588628 11.2156
      vertex -10.533 -0.690372 9.66
    endloop
  endfacet
  facet normal -0.706926 -0.0231419 -0.706908
    outer loop
      vertex -8.98073 -0.588628 8.10436
      vertex -10.533 -0.690372 9.66
      vertex -10.5556 0 9.66
    endloop
  endfacet
  facet normal -0.706926 -0.0231428 -0.706908
    outer loop
      vertex -9 0 8.10436
      vertex -8.98073 -0.588628 8.10436
      vertex -10.5556 0 9.66
    endloop
  endfacet
  facet normal -0.706917 -0.0231425 0.706918
    outer loop
      vertex -8.98073 -0.588628 11.2156
      vertex -9 0 11.2156
      vertex -10.533 -0.690372 9.66
    endloop
  endfacet
  facet normal -0.706917 -0.0231416 0.706917
    outer loop
      vertex -10.533 -0.690372 9.66
      vertex -9 0 11.2156
      vertex -10.5556 0 9.66
    endloop
  endfacet
  facet normal -0.706917 0.0231416 -0.706917
    outer loop
      vertex -10.533 0.690372 13.34
      vertex -9 0 11.7844
      vertex -10.5556 0 13.34
    endloop
  endfacet
  facet normal -0.706917 0.0231425 -0.706918
    outer loop
      vertex -8.98073 0.588628 11.7844
      vertex -9 0 11.7844
      vertex -10.533 0.690372 13.34
    endloop
  endfacet
  facet normal -0.706925 0.023146 0.70691
    outer loop
      vertex -10.5556 0 13.34
      vertex -9.69453 0.100407 14.1978
      vertex -9.68719 0.324585 14.1978
    endloop
  endfacet
  facet normal -0.706925 0.0231636 0.706909
    outer loop
      vertex -9.69453 0.100407 14.1978
      vertex -10.5556 0 13.34
      vertex -9.69782 0 14.1978
    endloop
  endfacet
  facet normal -0.706923 0.023147 0.706912
    outer loop
      vertex -10.533 0.690372 13.34
      vertex -9.68719 0.324585 14.1978
      vertex -9.67705 0.634267 14.1978
    endloop
  endfacet
  facet normal -0.706924 0.0231418 0.706911
    outer loop
      vertex -9.68719 0.324585 14.1978
      vertex -10.533 0.690372 13.34
      vertex -10.5556 0 13.34
    endloop
  endfacet
  facet normal -0.70389 0.0693223 -0.706918
    outer loop
      vertex -10.4653 1.37779 13.34
      vertex -8.98073 0.588628 11.7844
      vertex -10.533 0.690372 13.34
    endloop
  endfacet
  facet normal -0.703888 0.0693305 -0.706919
    outer loop
      vertex -8.923 1.17474 11.7844
      vertex -8.98073 0.588628 11.7844
      vertex -10.4653 1.37779 13.34
    endloop
  endfacet
  facet normal -0.7039 0.0692797 0.706913
    outer loop
      vertex -9.66721 0.734244 14.1978
      vertex -10.533 0.690372 13.34
      vertex -9.67705 0.634267 14.1978
    endloop
  endfacet
  facet normal -0.703898 0.0693435 0.706908
    outer loop
      vertex -10.533 0.690372 13.34
      vertex -9.66721 0.734244 14.1978
      vertex -9.64522 0.957462 14.1978
    endloop
  endfacet
  facet normal -0.703895 0.0693262 0.706913
    outer loop
      vertex -9.61485 1.26582 14.1978
      vertex -10.4653 1.37779 13.34
      vertex -9.64522 0.957462 14.1978
    endloop
  endfacet
  facet normal -0.703896 0.0693228 0.706912
    outer loop
      vertex -9.64522 0.957462 14.1978
      vertex -10.4653 1.37779 13.34
      vertex -10.533 0.690372 13.34
    endloop
  endfacet
  facet normal -0.69785 0.115197 -0.70692
    outer loop
      vertex -10.3528 2.0593 13.34
      vertex -8.923 1.17474 11.7844
      vertex -10.4653 1.37779 13.34
    endloop
  endfacet
  facet normal -0.697845 0.115209 -0.706922
    outer loop
      vertex -8.82707 1.75581 11.7844
      vertex -8.923 1.17474 11.7844
      vertex -10.3528 2.0593 13.34
    endloop
  endfacet
  facet normal -0.697858 0.115183 0.706914
    outer loop
      vertex -9.59849 1.36494 14.1978
      vertex -10.4653 1.37779 13.34
      vertex -9.61485 1.26582 14.1978
    endloop
  endfacet
  facet normal -0.697854 0.115226 0.70691
    outer loop
      vertex -10.4653 1.37779 13.34
      vertex -9.59849 1.36494 14.1978
      vertex -9.56195 1.58624 14.1978
    endloop
  endfacet
  facet normal -0.697849 0.115209 0.706918
    outer loop
      vertex -10.3528 2.0593 13.34
      vertex -9.56195 1.58624 14.1978
      vertex -9.51148 1.89195 14.1978
    endloop
  endfacet
  facet normal -0.697853 0.115198 0.706916
    outer loop
      vertex -9.56195 1.58624 14.1978
      vertex -10.3528 2.0593 13.34
      vertex -10.4653 1.37779 13.34
    endloop
  endfacet
  facet normal -0.688825 0.160559 -0.706923
    outer loop
      vertex -10.196 2.732 13.34
      vertex -8.82707 1.75581 11.7844
      vertex -10.3528 2.0593 13.34
    endloop
  endfacet
  facet normal -0.688801 0.160611 -0.706935
    outer loop
      vertex -8.69333 2.32937 11.7844
      vertex -8.82707 1.75581 11.7844
      vertex -10.196 2.732 13.34
    endloop
  endfacet
  facet normal -0.688816 0.160607 0.706921
    outer loop
      vertex -10.3528 2.0593 13.34
      vertex -9.48866 1.98979 14.1978
      vertex -9.43773 2.20822 14.1978
    endloop
  endfacet
  facet normal -0.688808 0.160656 0.706918
    outer loop
      vertex -9.48866 1.98979 14.1978
      vertex -10.3528 2.0593 13.34
      vertex -9.51148 1.89195 14.1978
    endloop
  endfacet
  facet normal -0.688796 0.160603 0.706941
    outer loop
      vertex -10.196 2.732 13.34
      vertex -9.43773 2.20822 14.1978
      vertex -9.36737 2.50998 14.1978
    endloop
  endfacet
  facet normal -0.688817 0.160557 0.706932
    outer loop
      vertex -9.43773 2.20822 14.1978
      vertex -10.196 2.732 13.34
      vertex -10.3528 2.0593 13.34
    endloop
  endfacet
  facet normal -0.676814 0.205348 -0.706934
    outer loop
      vertex -9.99545 3.393 13.34
      vertex -8.69333 2.32937 11.7844
      vertex -10.196 2.732 13.34
    endloop
  endfacet
  facet normal -0.676832 0.205314 -0.706926
    outer loop
      vertex -8.52237 2.89295 11.7844
      vertex -8.69333 2.32937 11.7844
      vertex -9.99545 3.393 13.34
    endloop
  endfacet
  facet normal -0.676818 0.205309 0.706941
    outer loop
      vertex -10.196 2.732 13.34
      vertex -9.33821 2.60611 14.1978
      vertex -9.2731 2.82075 14.1978
    endloop
  endfacet
  facet normal -0.676819 0.205306 0.706941
    outer loop
      vertex -9.33821 2.60611 14.1978
      vertex -10.196 2.732 13.34
      vertex -9.36737 2.50998 14.1978
    endloop
  endfacet
  facet normal -0.676827 0.205324 0.706928
    outer loop
      vertex -9.99545 3.393 13.34
      vertex -9.2731 2.82075 14.1978
      vertex -9.18315 3.11726 14.1978
    endloop
  endfacet
  facet normal -0.676814 0.205348 0.706933
    outer loop
      vertex -9.2731 2.82075 14.1978
      vertex -9.99545 3.393 13.34
      vertex -10.196 2.732 13.34
    endloop
  endfacet
  facet normal -0.661952 0.249147 -0.706926
    outer loop
      vertex -9.75213 4.03947 13.34
      vertex -8.52237 2.89295 11.7844
      vertex -9.99545 3.393 13.34
    endloop
  endfacet
  facet normal -0.66196 0.249136 -0.706924
    outer loop
      vertex -8.31492 3.44415 11.7844
      vertex -8.52237 2.89295 11.7844
      vertex -9.75213 4.03947 13.34
    endloop
  endfacet
  facet normal -0.661954 0.249147 0.706925
    outer loop
      vertex -9.99545 3.393 13.34
      vertex -9.14777 3.21128 14.1978
      vertex -9.06876 3.4212 14.1978
    endloop
  endfacet
  facet normal -0.661968 0.2491 0.706928
    outer loop
      vertex -9.14777 3.21128 14.1978
      vertex -9.99545 3.393 13.34
      vertex -9.18315 3.11726 14.1978
    endloop
  endfacet
  facet normal -0.661951 0.249153 0.706926
    outer loop
      vertex -9.75213 4.03947 13.34
      vertex -9.06876 3.4212 14.1978
      vertex -8.95961 3.71119 14.1978
    endloop
  endfacet
  facet normal -0.661954 0.249148 0.706925
    outer loop
      vertex -9.06876 3.4212 14.1978
      vertex -9.75213 4.03947 13.34
      vertex -9.99545 3.393 13.34
    endloop
  endfacet
  facet normal -0.644246 0.291901 -0.706924
    outer loop
      vertex -9.46706 4.66864 13.34
      vertex -8.31492 3.44415 11.7844
      vertex -9.75213 4.03947 13.34
    endloop
  endfacet
  facet normal -0.644239 0.29191 -0.706926
    outer loop
      vertex -8.07185 3.9806 11.7844
      vertex -8.31492 3.44415 11.7844
      vertex -9.46706 4.66864 13.34
    endloop
  endfacet
  facet normal -0.644243 0.291903 0.706926
    outer loop
      vertex -8.95961 3.71119 14.1978
      vertex -8.82558 4.007 14.1978
      vertex -9.75213 4.03947 13.34
    endloop
  endfacet
  facet normal -0.64425 0.29189 0.706924
    outer loop
      vertex -9.46706 4.66864 13.34
      vertex -8.82558 4.007 14.1978
      vertex -8.69771 4.28923 14.1978
    endloop
  endfacet
  facet normal -0.644243 0.2919 0.706927
    outer loop
      vertex -8.82558 4.007 14.1978
      vertex -9.46706 4.66864 13.34
      vertex -9.75213 4.03947 13.34
    endloop
  endfacet
  facet normal -0.623773 0.33341 -0.706926
    outer loop
      vertex -9.14145 5.27782 13.34
      vertex -8.07185 3.9806 11.7844
      vertex -9.46706 4.66864 13.34
    endloop
  endfacet
  facet normal -0.623775 0.333408 -0.706926
    outer loop
      vertex -7.79423 4.5 11.7844
      vertex -8.07185 3.9806 11.7844
      vertex -9.14145 5.27782 13.34
    endloop
  endfacet
  facet normal -0.62378 0.333395 0.706927
    outer loop
      vertex -9.46706 4.66864 13.34
      vertex -8.65035 4.37783 14.1978
      vertex -8.54462 4.57565 14.1978
    endloop
  endfacet
  facet normal -0.623766 0.333426 0.706925
    outer loop
      vertex -8.65035 4.37783 14.1978
      vertex -9.46706 4.66864 13.34
      vertex -8.69771 4.28923 14.1978
    endloop
  endfacet
  facet normal -0.623774 0.333413 0.706924
    outer loop
      vertex -9.14145 5.27782 13.34
      vertex -8.54462 4.57565 14.1978
      vertex -8.39856 4.84891 14.1978
    endloop
  endfacet
  facet normal -0.623775 0.333411 0.706924
    outer loop
      vertex -8.54462 4.57565 14.1978
      vertex -9.14145 5.27782 13.34
      vertex -9.46706 4.66864 13.34
    endloop
  endfacet
  facet normal -0.60063 0.373497 -0.706926
    outer loop
      vertex -8.77669 5.8644 13.34
      vertex -7.79423 4.5 11.7844
      vertex -9.14145 5.27782 13.34
    endloop
  endfacet
  facet normal -0.600631 0.373495 -0.706925
    outer loop
      vertex -7.48323 5.00013 11.7844
      vertex -7.79423 4.5 11.7844
      vertex -8.77669 5.8644 13.34
    endloop
  endfacet
  facet normal -0.600629 0.373501 0.706924
    outer loop
      vertex -8.34551 4.93422 14.1978
      vertex -9.14145 5.27782 13.34
      vertex -8.39856 4.84891 14.1978
    endloop
  endfacet
  facet normal -0.600621 0.373516 0.706923
    outer loop
      vertex -9.14145 5.27782 13.34
      vertex -8.34551 4.93422 14.1978
      vertex -8.22706 5.12469 14.1978
    endloop
  endfacet
  facet normal -0.600636 0.373488 0.706925
    outer loop
      vertex -8.77669 5.8644 13.34
      vertex -8.22706 5.12469 14.1978
      vertex -8.06344 5.38782 14.1978
    endloop
  endfacet
  facet normal -0.600629 0.373496 0.706927
    outer loop
      vertex -8.22706 5.12469 14.1978
      vertex -8.77669 5.8644 13.34
      vertex -9.14145 5.27782 13.34
    endloop
  endfacet
  facet normal -0.574915 0.411982 -0.706925
    outer loop
      vertex -8.37435 6.42586 13.34
      vertex -7.48323 5.00013 11.7844
      vertex -8.77669 5.8644 13.34
    endloop
  endfacet
  facet normal -0.574914 0.411983 -0.706926
    outer loop
      vertex -7.14018 5.47885 11.7844
      vertex -7.48323 5.00013 11.7844
      vertex -8.37435 6.42586 13.34
    endloop
  endfacet
  facet normal -0.574906 0.411995 0.706925
    outer loop
      vertex -8.00492 5.46948 14.1978
      vertex -8.77669 5.8644 13.34
      vertex -8.06344 5.38782 14.1978
    endloop
  endfacet
  facet normal -0.574927 0.41196 0.706928
    outer loop
      vertex -8.77669 5.8644 13.34
      vertex -8.00492 5.46948 14.1978
      vertex -7.87428 5.6518 14.1978
    endloop
  endfacet
  facet normal -0.57492 0.411981 0.706922
    outer loop
      vertex -8.37435 6.42586 13.34
      vertex -7.87428 5.6518 14.1978
      vertex -7.6938 5.90366 14.1978
    endloop
  endfacet
  facet normal -0.574917 0.411983 0.706923
    outer loop
      vertex -7.87428 5.6518 14.1978
      vertex -8.37435 6.42586 13.34
      vertex -8.77669 5.8644 13.34
    endloop
  endfacet
  facet normal -0.546742 0.448698 -0.706926
    outer loop
      vertex -7.93615 6.95981 13.34
      vertex -7.14018 5.47885 11.7844
      vertex -8.37435 6.42586 13.34
    endloop
  endfacet
  facet normal -0.546742 0.448697 -0.706925
    outer loop
      vertex -6.76656 5.93411 11.7844
      vertex -7.14018 5.47885 11.7844
      vertex -7.93615 6.95981 13.34
    endloop
  endfacet
  facet normal -0.546695 0.448762 0.706921
    outer loop
      vertex -7.63006 5.98131 14.1978
      vertex -8.37435 6.42586 13.34
      vertex -7.6938 5.90366 14.1978
    endloop
  endfacet
  facet normal -0.546751 0.448683 0.706928
    outer loop
      vertex -8.37435 6.42586 13.34
      vertex -7.63006 5.98131 14.1978
      vertex -7.48777 6.1547 14.1978
    endloop
  endfacet
  facet normal -0.546729 0.44871 0.706928
    outer loop
      vertex -7.93615 6.95981 13.34
      vertex -7.48777 6.1547 14.1978
      vertex -7.2912 6.39421 14.1978
    endloop
  endfacet
  facet normal -0.546742 0.448698 0.706925
    outer loop
      vertex -7.48777 6.1547 14.1978
      vertex -7.93615 6.95981 13.34
      vertex -8.37435 6.42586 13.34
    endloop
  endfacet
  facet normal -0.516223 0.483498 -0.706925
    outer loop
      vertex -7.46396 7.46396 13.34
      vertex -6.76656 5.93411 11.7844
      vertex -7.93615 6.95981 13.34
    endloop
  endfacet
  facet normal -0.516223 0.483498 -0.706925
    outer loop
      vertex -6.36396 6.36396 11.7844
      vertex -6.76656 5.93411 11.7844
      vertex -7.46396 7.46396 13.34
    endloop
  endfacet
  facet normal -0.516213 0.483512 0.706923
    outer loop
      vertex -7.93615 6.95981 13.34
      vertex -7.22253 6.46754 14.1978
      vertex -7.0692 6.63124 14.1978
    endloop
  endfacet
  facet normal -0.516261 0.483453 0.706929
    outer loop
      vertex -7.22253 6.46754 14.1978
      vertex -7.93615 6.95981 13.34
      vertex -7.2912 6.39421 14.1978
    endloop
  endfacet
  facet normal -0.516227 0.483494 0.706925
    outer loop
      vertex -7.46396 7.46396 13.34
      vertex -7.0692 6.63124 14.1978
      vertex -6.85739 6.85739 14.1978
    endloop
  endfacet
  facet normal -0.516222 0.483497 0.706927
    outer loop
      vertex -7.0692 6.63124 14.1978
      vertex -7.46396 7.46396 13.34
      vertex -7.93615 6.95981 13.34
    endloop
  endfacet
  facet normal -0.483498 0.516223 -0.706925
    outer loop
      vertex -6.95981 7.93615 13.34
      vertex -6.36396 6.36396 11.7844
      vertex -7.46396 7.46396 13.34
    endloop
  endfacet
  facet normal -0.483498 0.516223 -0.706925
    outer loop
      vertex -5.93411 6.76656 11.7844
      vertex -6.36396 6.36396 11.7844
      vertex -6.95981 7.93615 13.34
    endloop
  endfacet
  facet normal -0.483481 0.516245 0.706921
    outer loop
      vertex -7.46396 7.46396 13.34
      vertex -6.78407 6.92607 14.1978
      vertex -6.62036 7.07939 14.1978
    endloop
  endfacet
  facet normal -0.483527 0.516194 0.706926
    outer loop
      vertex -6.78407 6.92607 14.1978
      vertex -7.46396 7.46396 13.34
      vertex -6.85739 6.85739 14.1978
    endloop
  endfacet
  facet normal -0.483492 0.516225 0.706928
    outer loop
      vertex -6.95981 7.93615 13.34
      vertex -6.62036 7.07939 14.1978
      vertex -6.39421 7.2912 14.1978
    endloop
  endfacet
  facet normal -0.483497 0.516222 0.706927
    outer loop
      vertex -6.62036 7.07939 14.1978
      vertex -6.95981 7.93615 13.34
      vertex -7.46396 7.46396 13.34
    endloop
  endfacet
  facet normal -0.448698 0.546742 -0.706925
    outer loop
      vertex -6.42586 8.37435 13.34
      vertex -5.93411 6.76656 11.7844
      vertex -6.95981 7.93615 13.34
    endloop
  endfacet
  facet normal -0.448697 0.546742 -0.706926
    outer loop
      vertex -5.47885 7.14018 11.7844
      vertex -5.93411 6.76656 11.7844
      vertex -6.42586 8.37435 13.34
    endloop
  endfacet
  facet normal -0.448757 0.546689 0.706929
    outer loop
      vertex -6.31656 7.35494 14.1978
      vertex -6.95981 7.93615 13.34
      vertex -6.39421 7.2912 14.1978
    endloop
  endfacet
  facet normal -0.448687 0.546755 0.706922
    outer loop
      vertex -6.95981 7.93615 13.34
      vertex -6.31656 7.35494 14.1978
      vertex -6.14317 7.49723 14.1978
    endloop
  endfacet
  facet normal -0.448714 0.546733 0.706922
    outer loop
      vertex -6.42586 8.37435 13.34
      vertex -6.14317 7.49723 14.1978
      vertex -5.90366 7.6938 14.1978
    endloop
  endfacet
  facet normal -0.448698 0.546742 0.706925
    outer loop
      vertex -6.14317 7.49723 14.1978
      vertex -6.42586 8.37435 13.34
      vertex -6.95981 7.93615 13.34
    endloop
  endfacet
  facet normal -0.411982 0.574915 -0.706926
    outer loop
      vertex -5.8644 8.77669 13.34
      vertex -5.47885 7.14018 11.7844
      vertex -6.42586 8.37435 13.34
    endloop
  endfacet
  facet normal -0.411983 0.574914 -0.706925
    outer loop
      vertex -5.00013 7.48323 11.7844
      vertex -5.47885 7.14018 11.7844
      vertex -5.8644 8.77669 13.34
    endloop
  endfacet
  facet normal -0.41195 0.574942 0.706922
    outer loop
      vertex -5.822 7.75231 14.1978
      vertex -6.42586 8.37435 13.34
      vertex -5.90366 7.6938 14.1978
    endloop
  endfacet
  facet normal -0.411983 0.574915 0.706925
    outer loop
      vertex -6.42586 8.37435 13.34
      vertex -5.822 7.75231 14.1978
      vertex -5.63968 7.88296 14.1978
    endloop
  endfacet
  facet normal -0.411979 0.574917 0.706925
    outer loop
      vertex -5.8644 8.77669 13.34
      vertex -5.63968 7.88296 14.1978
      vertex -5.38782 8.06344 14.1978
    endloop
  endfacet
  facet normal -0.411982 0.574916 0.706925
    outer loop
      vertex -5.63968 7.88296 14.1978
      vertex -5.8644 8.77669 13.34
      vertex -6.42586 8.37435 13.34
    endloop
  endfacet
  facet normal -0.373497 0.60063 -0.706925
    outer loop
      vertex -5.27782 9.14145 13.34
      vertex -5.00013 7.48323 11.7844
      vertex -5.8644 8.77669 13.34
    endloop
  endfacet
  facet normal -0.373495 0.600631 -0.706926
    outer loop
      vertex -4.5 7.79423 11.7844
      vertex -5.00013 7.48323 11.7844
      vertex -5.27782 9.14145 13.34
    endloop
  endfacet
  facet normal -0.373479 0.600644 0.706923
    outer loop
      vertex -5.8644 8.77669 13.34
      vertex -5.30251 8.11649 14.1978
      vertex -5.11203 8.23493 14.1978
    endloop
  endfacet
  facet normal -0.3735 0.600628 0.706925
    outer loop
      vertex -5.30251 8.11649 14.1978
      vertex -5.8644 8.77669 13.34
      vertex -5.38782 8.06344 14.1978
    endloop
  endfacet
  facet normal -0.373516 0.60062 0.706924
    outer loop
      vertex -5.27782 9.14145 13.34
      vertex -5.11203 8.23493 14.1978
      vertex -4.84891 8.39856 14.1978
    endloop
  endfacet
  facet normal -0.373496 0.600628 0.706928
    outer loop
      vertex -5.11203 8.23493 14.1978
      vertex -5.27782 9.14145 13.34
      vertex -5.8644 8.77669 13.34
    endloop
  endfacet
  facet normal -0.33341 0.623774 -0.706926
    outer loop
      vertex -4.66864 9.46706 13.34
      vertex -4.5 7.79423 11.7844
      vertex -5.27782 9.14145 13.34
    endloop
  endfacet
  facet normal -0.333408 0.623774 -0.706926
    outer loop
      vertex -3.9806 8.07185 11.7844
      vertex -4.5 7.79423 11.7844
      vertex -4.66864 9.46706 13.34
    endloop
  endfacet
  facet normal -0.333432 0.623759 0.706929
    outer loop
      vertex -5.27782 9.14145 13.34
      vertex -4.76031 8.44591 14.1978
      vertex -4.5625 8.55165 14.1978
    endloop
  endfacet
  facet normal -0.333372 0.623797 0.706923
    outer loop
      vertex -4.76031 8.44591 14.1978
      vertex -5.27782 9.14145 13.34
      vertex -4.84891 8.39856 14.1978
    endloop
  endfacet
  facet normal -0.333403 0.623778 0.706925
    outer loop
      vertex -4.66864 9.46706 13.34
      vertex -4.5625 8.55165 14.1978
      vertex -4.28923 8.69771 14.1978
    endloop
  endfacet
  facet normal -0.333411 0.623776 0.706923
    outer loop
      vertex -4.5625 8.55165 14.1978
      vertex -4.66864 9.46706 13.34
      vertex -5.27782 9.14145 13.34
    endloop
  endfacet
  facet normal -0.2919 0.644244 -0.706926
    outer loop
      vertex -4.03947 9.75213 13.34
      vertex -3.9806 8.07185 11.7844
      vertex -4.66864 9.46706 13.34
    endloop
  endfacet
  facet normal -0.291911 0.644241 -0.706924
    outer loop
      vertex -3.44415 8.31492 11.7844
      vertex -3.9806 8.07185 11.7844
      vertex -4.03947 9.75213 13.34
    endloop
  endfacet
  facet normal -0.291904 0.644244 0.706925
    outer loop
      vertex -4.28923 8.69771 14.1978
      vertex -3.99342 8.83174 14.1978
      vertex -4.66864 9.46706 13.34
    endloop
  endfacet
  facet normal -0.29189 0.644248 0.706926
    outer loop
      vertex -4.03947 9.75213 13.34
      vertex -3.99342 8.83174 14.1978
      vertex -3.71119 8.95961 14.1978
    endloop
  endfacet
  facet normal -0.291901 0.644246 0.706924
    outer loop
      vertex -3.99342 8.83174 14.1978
      vertex -4.03947 9.75213 13.34
      vertex -4.66864 9.46706 13.34
    endloop
  endfacet
  facet normal -0.249148 0.661955 -0.706924
    outer loop
      vertex -3.393 9.99545 13.34
      vertex -3.44415 8.31492 11.7844
      vertex -4.03947 9.75213 13.34
    endloop
  endfacet
  facet normal -0.249134 0.661957 -0.706927
    outer loop
      vertex -3.393 9.99545 13.34
      vertex -2.89295 8.52237 11.7844
      vertex -3.44415 8.31492 11.7844
    endloop
  endfacet
  facet normal -0.249147 0.661954 0.706925
    outer loop
      vertex -4.03947 9.75213 13.34
      vertex -3.61717 8.995 14.1978
      vertex -3.40725 9.07401 14.1978
    endloop
  endfacet
  facet normal -0.249163 0.661947 0.706926
    outer loop
      vertex -3.61717 8.995 14.1978
      vertex -4.03947 9.75213 13.34
      vertex -3.71119 8.95961 14.1978
    endloop
  endfacet
  facet normal -0.249132 0.661956 0.706928
    outer loop
      vertex -3.393 9.99545 13.34
      vertex -3.40725 9.07401 14.1978
      vertex -3.11726 9.18315 14.1978
    endloop
  endfacet
  facet normal -0.249148 0.661954 0.706925
    outer loop
      vertex -3.40725 9.07401 14.1978
      vertex -3.393 9.99545 13.34
      vertex -4.03947 9.75213 13.34
    endloop
  endfacet
  facet normal -0.20535 0.67682 -0.706927
    outer loop
      vertex -2.732 10.196 13.34
      vertex -2.89295 8.52237 11.7844
      vertex -3.393 9.99545 13.34
    endloop
  endfacet
  facet normal -0.205312 0.676824 -0.706935
    outer loop
      vertex -2.732 10.196 13.34
      vertex -2.32937 8.69333 11.7844
      vertex -2.89295 8.52237 11.7844
    endloop
  endfacet
  facet normal -0.205374 0.676811 0.706929
    outer loop
      vertex -3.02113 9.21232 14.1978
      vertex -3.393 9.99545 13.34
      vertex -3.11726 9.18315 14.1978
    endloop
  endfacet
  facet normal -0.205314 0.676834 0.706924
    outer loop
      vertex -3.393 9.99545 13.34
      vertex -3.02113 9.21232 14.1978
      vertex -2.80649 9.27743 14.1978
    endloop
  endfacet
  facet normal -0.205299 0.676821 0.706941
    outer loop
      vertex -2.732 10.196 13.34
      vertex -2.80649 9.27743 14.1978
      vertex -2.50998 9.36737 14.1978
    endloop
  endfacet
  facet normal -0.205349 0.676816 0.706932
    outer loop
      vertex -2.80649 9.27743 14.1978
      vertex -2.732 10.196 13.34
      vertex -3.393 9.99545 13.34
    endloop
  endfacet
  facet normal -0.160556 0.688815 -0.706934
    outer loop
      vertex -2.0593 10.3528 13.34
      vertex -2.32937 8.69333 11.7844
      vertex -2.732 10.196 13.34
    endloop
  endfacet
  facet normal -0.160614 0.688813 -0.706922
    outer loop
      vertex -2.0593 10.3528 13.34
      vertex -1.75581 8.82707 11.7844
      vertex -2.32937 8.69333 11.7844
    endloop
  endfacet
  facet normal -0.160625 0.688788 0.706944
    outer loop
      vertex -2.732 10.196 13.34
      vertex -2.41214 9.39018 14.1978
      vertex -2.1937 9.44112 14.1978
    endloop
  endfacet
  facet normal -0.160584 0.688801 0.706941
    outer loop
      vertex -2.41214 9.39018 14.1978
      vertex -2.732 10.196 13.34
      vertex -2.50998 9.36737 14.1978
    endloop
  endfacet
  facet normal -0.160614 0.688817 0.706918
    outer loop
      vertex -2.0593 10.3528 13.34
      vertex -2.1937 9.44112 14.1978
      vertex -1.89195 9.51148 14.1978
    endloop
  endfacet
  facet normal -0.160557 0.688819 0.706929
    outer loop
      vertex -2.1937 9.44112 14.1978
      vertex -2.0593 10.3528 13.34
      vertex -2.732 10.196 13.34
    endloop
  endfacet
  facet normal -0.115197 0.697847 -0.706922
    outer loop
      vertex -1.37779 10.4653 13.34
      vertex -1.75581 8.82707 11.7844
      vertex -2.0593 10.3528 13.34
    endloop
  endfacet
  facet normal -0.115209 0.697848 -0.70692
    outer loop
      vertex -1.37779 10.4653 13.34
      vertex -1.17474 8.923 11.7844
      vertex -1.75581 8.82707 11.7844
    endloop
  endfacet
  facet normal -0.115225 0.697844 0.706921
    outer loop
      vertex -2.0593 10.3528 13.34
      vertex -1.79283 9.52784 14.1978
      vertex -1.57153 9.56438 14.1978
    endloop
  endfacet
  facet normal -0.115182 0.697854 0.706918
    outer loop
      vertex -1.79283 9.52784 14.1978
      vertex -2.0593 10.3528 13.34
      vertex -1.89195 9.51148 14.1978
    endloop
  endfacet
  facet normal -0.11521 0.697854 0.706913
    outer loop
      vertex -1.37779 10.4653 13.34
      vertex -1.57153 9.56438 14.1978
      vertex -1.26582 9.61485 14.1978
    endloop
  endfacet
  facet normal -0.115198 0.697854 0.706915
    outer loop
      vertex -1.57153 9.56438 14.1978
      vertex -1.37779 10.4653 13.34
      vertex -2.0593 10.3528 13.34
    endloop
  endfacet
  facet normal -0.0693221 0.703889 -0.706919
    outer loop
      vertex -0.690372 10.533 13.34
      vertex -1.17474 8.923 11.7844
      vertex -1.37779 10.4653 13.34
    endloop
  endfacet
  facet normal -0.0693307 0.70389 -0.706918
    outer loop
      vertex -0.690372 10.533 13.34
      vertex -0.588628 8.98073 11.7844
      vertex -1.17474 8.923 11.7844
    endloop
  endfacet
  facet normal -0.0693473 0.703892 0.706913
    outer loop
      vertex -1.37779 10.4653 13.34
      vertex -1.26582 9.61485 14.1978
      vertex -1.16584 9.6247 14.1978
    endloop
  endfacet
  facet normal -0.0693126 0.703899 0.706911
    outer loop
      vertex -1.37779 10.4653 13.34
      vertex -1.16584 9.6247 14.1978
      vertex -0.942624 9.64668 14.1978
    endloop
  endfacet
  facet normal -0.0693265 0.703896 0.706912
    outer loop
      vertex -0.690372 10.533 13.34
      vertex -0.942624 9.64668 14.1978
      vertex -0.634267 9.67705 14.1978
    endloop
  endfacet
  facet normal -0.0693228 0.703895 0.706913
    outer loop
      vertex -0.942624 9.64668 14.1978
      vertex -0.690372 10.533 13.34
      vertex -1.37779 10.4653 13.34
    endloop
  endfacet
  facet normal -0.0231416 0.706917 -0.706918
    outer loop
      vertex 0 10.5556 13.34
      vertex -0.588628 8.98073 11.7844
      vertex -0.690372 10.533 13.34
    endloop
  endfacet
  facet normal -0.0231425 0.706917 -0.706917
    outer loop
      vertex 0 10.5556 13.34
      vertex 0 9 11.7844
      vertex -0.588628 8.98073 11.7844
    endloop
  endfacet
  facet normal -0.023146 0.706924 0.706911
    outer loop
      vertex -0.690372 10.533 13.34
      vertex -0.533861 9.68034 14.1978
      vertex -0.309683 9.68768 14.1978
    endloop
  endfacet
  facet normal -0.0231637 0.706922 0.706912
    outer loop
      vertex -0.533861 9.68034 14.1978
      vertex -0.690372 10.533 13.34
      vertex -0.634267 9.67705 14.1978
    endloop
  endfacet
  facet normal -0.023147 0.706926 0.706909
    outer loop
      vertex 0 10.5556 13.34
      vertex -0.309683 9.68768 14.1978
      vertex 0 9.69782 14.1978
    endloop
  endfacet
  facet normal -0.0231419 0.706925 0.70691
    outer loop
      vertex -0.309683 9.68768 14.1978
      vertex 0 10.5556 13.34
      vertex -0.690372 10.533 13.34
    endloop
  endfacet
  facet normal 0.0231416 0.706917 -0.706917
    outer loop
      vertex 0 10.5556 13.34
      vertex 0.690372 10.533 13.34
      vertex 0 9 11.7844
    endloop
  endfacet
  facet normal 0.0231425 0.706917 -0.706918
    outer loop
      vertex 0.690372 10.533 13.34
      vertex 0.588628 8.98073 11.7844
      vertex 0 9 11.7844
    endloop
  endfacet
  facet normal 0.023146 0.706925 0.70691
    outer loop
      vertex 0 10.5556 13.34
      vertex 0.100407 9.69453 14.1978
      vertex 0.324585 9.68719 14.1978
    endloop
  endfacet
  facet normal 0.0231636 0.706925 0.706909
    outer loop
      vertex 0.100407 9.69453 14.1978
      vertex 0 10.5556 13.34
      vertex 0 9.69782 14.1978
    endloop
  endfacet
  facet normal 0.023147 0.706923 0.706912
    outer loop
      vertex 0.634267 9.67705 14.1978
      vertex 0.690372 10.533 13.34
      vertex 0.324585 9.68719 14.1978
    endloop
  endfacet
  facet normal 0.0231418 0.706924 0.706911
    outer loop
      vertex 0.324585 9.68719 14.1978
      vertex 0.690372 10.533 13.34
      vertex 0 10.5556 13.34
    endloop
  endfacet
  facet normal 0.0693223 0.70389 -0.706918
    outer loop
      vertex 0.690372 10.533 13.34
      vertex 1.37779 10.4653 13.34
      vertex 0.588628 8.98073 11.7844
    endloop
  endfacet
  facet normal 0.0693305 0.703888 -0.706919
    outer loop
      vertex 1.37779 10.4653 13.34
      vertex 1.17474 8.923 11.7844
      vertex 0.588628 8.98073 11.7844
    endloop
  endfacet
  facet normal 0.0693435 0.703898 0.706908
    outer loop
      vertex 0.690372 10.533 13.34
      vertex 0.734244 9.66721 14.1978
      vertex 0.957462 9.64522 14.1978
    endloop
  endfacet
  facet normal 0.0692797 0.7039 0.706913
    outer loop
      vertex 0.734244 9.66721 14.1978
      vertex 0.690372 10.533 13.34
      vertex 0.634267 9.67705 14.1978
    endloop
  endfacet
  facet normal 0.0693262 0.703895 0.706913
    outer loop
      vertex 1.37779 10.4653 13.34
      vertex 0.957462 9.64522 14.1978
      vertex 1.26582 9.61485 14.1978
    endloop
  endfacet
  facet normal 0.0693228 0.703896 0.706912
    outer loop
      vertex 0.957462 9.64522 14.1978
      vertex 1.37779 10.4653 13.34
      vertex 0.690372 10.533 13.34
    endloop
  endfacet
  facet normal 0.115197 0.69785 -0.70692
    outer loop
      vertex 1.37779 10.4653 13.34
      vertex 2.0593 10.3528 13.34
      vertex 1.17474 8.923 11.7844
    endloop
  endfacet
  facet normal 0.115209 0.697845 -0.706922
    outer loop
      vertex 2.0593 10.3528 13.34
      vertex 1.75581 8.82707 11.7844
      vertex 1.17474 8.923 11.7844
    endloop
  endfacet
  facet normal 0.115226 0.697854 0.70691
    outer loop
      vertex 1.37779 10.4653 13.34
      vertex 1.36494 9.59849 14.1978
      vertex 1.58624 9.56195 14.1978
    endloop
  endfacet
  facet normal 0.115183 0.697858 0.706914
    outer loop
      vertex 1.36494 9.59849 14.1978
      vertex 1.37779 10.4653 13.34
      vertex 1.26582 9.61485 14.1978
    endloop
  endfacet
  facet normal 0.115209 0.697849 0.706918
    outer loop
      vertex 2.0593 10.3528 13.34
      vertex 1.58624 9.56195 14.1978
      vertex 1.89195 9.51148 14.1978
    endloop
  endfacet
  facet normal 0.115198 0.697853 0.706916
    outer loop
      vertex 1.58624 9.56195 14.1978
      vertex 2.0593 10.3528 13.34
      vertex 1.37779 10.4653 13.34
    endloop
  endfacet
  facet normal 0.160559 0.688825 -0.706923
    outer loop
      vertex 2.0593 10.3528 13.34
      vertex 2.732 10.196 13.34
      vertex 1.75581 8.82707 11.7844
    endloop
  endfacet
  facet normal 0.160611 0.688801 -0.706935
    outer loop
      vertex 2.732 10.196 13.34
      vertex 2.32937 8.69333 11.7844
      vertex 1.75581 8.82707 11.7844
    endloop
  endfacet
  facet normal 0.160607 0.688816 0.706921
    outer loop
      vertex 2.0593 10.3528 13.34
      vertex 1.98979 9.48866 14.1978
      vertex 2.20822 9.43773 14.1978
    endloop
  endfacet
  facet normal 0.160656 0.688808 0.706918
    outer loop
      vertex 2.0593 10.3528 13.34
      vertex 1.89195 9.51148 14.1978
      vertex 1.98979 9.48866 14.1978
    endloop
  endfacet
  facet normal 0.160603 0.688796 0.706941
    outer loop
      vertex 2.732 10.196 13.34
      vertex 2.20822 9.43773 14.1978
      vertex 2.50998 9.36737 14.1978
    endloop
  endfacet
  facet normal 0.160557 0.688817 0.706932
    outer loop
      vertex 2.20822 9.43773 14.1978
      vertex 2.732 10.196 13.34
      vertex 2.0593 10.3528 13.34
    endloop
  endfacet
  facet normal 0.205348 0.676814 -0.706934
    outer loop
      vertex 2.732 10.196 13.34
      vertex 3.393 9.99545 13.34
      vertex 2.32937 8.69333 11.7844
    endloop
  endfacet
  facet normal 0.205314 0.676832 -0.706926
    outer loop
      vertex 3.393 9.99545 13.34
      vertex 2.89295 8.52237 11.7844
      vertex 2.32937 8.69333 11.7844
    endloop
  endfacet
  facet normal 0.205309 0.676818 0.706941
    outer loop
      vertex 2.732 10.196 13.34
      vertex 2.60611 9.33821 14.1978
      vertex 2.82075 9.2731 14.1978
    endloop
  endfacet
  facet normal 0.205306 0.676819 0.706941
    outer loop
      vertex 2.732 10.196 13.34
      vertex 2.50998 9.36737 14.1978
      vertex 2.60611 9.33821 14.1978
    endloop
  endfacet
  facet normal 0.205324 0.676827 0.706928
    outer loop
      vertex 3.393 9.99545 13.34
      vertex 2.82075 9.2731 14.1978
      vertex 3.11726 9.18315 14.1978
    endloop
  endfacet
  facet normal 0.205348 0.676814 0.706933
    outer loop
      vertex 2.82075 9.2731 14.1978
      vertex 3.393 9.99545 13.34
      vertex 2.732 10.196 13.34
    endloop
  endfacet
  facet normal 0.249147 0.661952 -0.706926
    outer loop
      vertex 3.393 9.99545 13.34
      vertex 4.03947 9.75213 13.34
      vertex 2.89295 8.52237 11.7844
    endloop
  endfacet
  facet normal 0.249136 0.66196 -0.706924
    outer loop
      vertex 4.03947 9.75213 13.34
      vertex 3.44415 8.31492 11.7844
      vertex 2.89295 8.52237 11.7844
    endloop
  endfacet
  facet normal 0.249147 0.661954 0.706925
    outer loop
      vertex 3.393 9.99545 13.34
      vertex 3.21128 9.14777 14.1978
      vertex 3.4212 9.06876 14.1978
    endloop
  endfacet
  facet normal 0.2491 0.661968 0.706928
    outer loop
      vertex 3.393 9.99545 13.34
      vertex 3.11726 9.18315 14.1978
      vertex 3.21128 9.14777 14.1978
    endloop
  endfacet
  facet normal 0.249153 0.661951 0.706926
    outer loop
      vertex 4.03947 9.75213 13.34
      vertex 3.4212 9.06876 14.1978
      vertex 3.71119 8.95961 14.1978
    endloop
  endfacet
  facet normal 0.249148 0.661954 0.706925
    outer loop
      vertex 3.4212 9.06876 14.1978
      vertex 4.03947 9.75213 13.34
      vertex 3.393 9.99545 13.34
    endloop
  endfacet
  facet normal 0.291901 0.644246 -0.706924
    outer loop
      vertex 4.03947 9.75213 13.34
      vertex 4.66864 9.46706 13.34
      vertex 3.44415 8.31492 11.7844
    endloop
  endfacet
  facet normal 0.29191 0.644239 -0.706926
    outer loop
      vertex 4.66864 9.46706 13.34
      vertex 3.9806 8.07185 11.7844
      vertex 3.44415 8.31492 11.7844
    endloop
  endfacet
  facet normal 0.291903 0.644243 0.706926
    outer loop
      vertex 4.007 8.82558 14.1978
      vertex 4.03947 9.75213 13.34
      vertex 3.71119 8.95961 14.1978
    endloop
  endfacet
  facet normal 0.2919 0.644243 0.706927
    outer loop
      vertex 4.007 8.82558 14.1978
      vertex 4.66864 9.46706 13.34
      vertex 4.03947 9.75213 13.34
    endloop
  endfacet
  facet normal 0.29189 0.64425 0.706924
    outer loop
      vertex 4.66864 9.46706 13.34
      vertex 4.007 8.82558 14.1978
      vertex 4.28923 8.69771 14.1978
    endloop
  endfacet
  facet normal 0.33341 0.623773 -0.706926
    outer loop
      vertex 4.66864 9.46706 13.34
      vertex 5.27782 9.14145 13.34
      vertex 3.9806 8.07185 11.7844
    endloop
  endfacet
  facet normal 0.333408 0.623775 -0.706926
    outer loop
      vertex 5.27782 9.14145 13.34
      vertex 4.5 7.79423 11.7844
      vertex 3.9806 8.07185 11.7844
    endloop
  endfacet
  facet normal 0.333395 0.62378 0.706927
    outer loop
      vertex 4.66864 9.46706 13.34
      vertex 4.37783 8.65035 14.1978
      vertex 4.57565 8.54462 14.1978
    endloop
  endfacet
  facet normal 0.333426 0.623766 0.706925
    outer loop
      vertex 4.37783 8.65035 14.1978
      vertex 4.66864 9.46706 13.34
      vertex 4.28923 8.69771 14.1978
    endloop
  endfacet
  facet normal 0.333411 0.623775 0.706924
    outer loop
      vertex 4.57565 8.54462 14.1978
      vertex 5.27782 9.14145 13.34
      vertex 4.66864 9.46706 13.34
    endloop
  endfacet
  facet normal 0.333413 0.623774 0.706924
    outer loop
      vertex 5.27782 9.14145 13.34
      vertex 4.57565 8.54462 14.1978
      vertex 4.84891 8.39856 14.1978
    endloop
  endfacet
  facet normal 0.373497 0.60063 -0.706926
    outer loop
      vertex 5.27782 9.14145 13.34
      vertex 5.8644 8.77669 13.34
      vertex 4.5 7.79423 11.7844
    endloop
  endfacet
  facet normal 0.373495 0.600631 -0.706925
    outer loop
      vertex 5.8644 8.77669 13.34
      vertex 5.00013 7.48323 11.7844
      vertex 4.5 7.79423 11.7844
    endloop
  endfacet
  facet normal 0.373516 0.600621 0.706923
    outer loop
      vertex 5.27782 9.14145 13.34
      vertex 4.93422 8.34551 14.1978
      vertex 5.12469 8.22706 14.1978
    endloop
  endfacet
  facet normal 0.373501 0.600629 0.706924
    outer loop
      vertex 4.93422 8.34551 14.1978
      vertex 5.27782 9.14145 13.34
      vertex 4.84891 8.39856 14.1978
    endloop
  endfacet
  facet normal 0.373496 0.600629 0.706927
    outer loop
      vertex 5.12469 8.22706 14.1978
      vertex 5.8644 8.77669 13.34
      vertex 5.27782 9.14145 13.34
    endloop
  endfacet
  facet normal 0.373488 0.600636 0.706925
    outer loop
      vertex 5.8644 8.77669 13.34
      vertex 5.12469 8.22706 14.1978
      vertex 5.38782 8.06344 14.1978
    endloop
  endfacet
  facet normal 0.411982 0.574915 -0.706925
    outer loop
      vertex 5.8644 8.77669 13.34
      vertex 6.42586 8.37435 13.34
      vertex 5.00013 7.48323 11.7844
    endloop
  endfacet
  facet normal 0.411983 0.574914 -0.706926
    outer loop
      vertex 6.42586 8.37435 13.34
      vertex 5.47885 7.14018 11.7844
      vertex 5.00013 7.48323 11.7844
    endloop
  endfacet
  facet normal 0.41196 0.574927 0.706928
    outer loop
      vertex 5.8644 8.77669 13.34
      vertex 5.46948 8.00492 14.1978
      vertex 5.6518 7.87428 14.1978
    endloop
  endfacet
  facet normal 0.411995 0.574906 0.706925
    outer loop
      vertex 5.8644 8.77669 13.34
      vertex 5.38782 8.06344 14.1978
      vertex 5.46948 8.00492 14.1978
    endloop
  endfacet
  facet normal 0.411983 0.574917 0.706923
    outer loop
      vertex 5.6518 7.87428 14.1978
      vertex 6.42586 8.37435 13.34
      vertex 5.8644 8.77669 13.34
    endloop
  endfacet
  facet normal 0.411981 0.57492 0.706922
    outer loop
      vertex 6.42586 8.37435 13.34
      vertex 5.6518 7.87428 14.1978
      vertex 5.90366 7.6938 14.1978
    endloop
  endfacet
  facet normal 0.448698 0.546742 -0.706926
    outer loop
      vertex 6.42586 8.37435 13.34
      vertex 6.95981 7.93615 13.34
      vertex 5.47885 7.14018 11.7844
    endloop
  endfacet
  facet normal 0.448697 0.546742 -0.706925
    outer loop
      vertex 6.95981 7.93615 13.34
      vertex 5.93411 6.76656 11.7844
      vertex 5.47885 7.14018 11.7844
    endloop
  endfacet
  facet normal 0.448683 0.546751 0.706928
    outer loop
      vertex 6.42586 8.37435 13.34
      vertex 5.98131 7.63006 14.1978
      vertex 6.1547 7.48777 14.1978
    endloop
  endfacet
  facet normal 0.448762 0.546695 0.706921
    outer loop
      vertex 5.98131 7.63006 14.1978
      vertex 6.42586 8.37435 13.34
      vertex 5.90366 7.6938 14.1978
    endloop
  endfacet
  facet normal 0.448698 0.546742 0.706925
    outer loop
      vertex 6.1547 7.48777 14.1978
      vertex 6.95981 7.93615 13.34
      vertex 6.42586 8.37435 13.34
    endloop
  endfacet
  facet normal 0.44871 0.546729 0.706928
    outer loop
      vertex 6.95981 7.93615 13.34
      vertex 6.1547 7.48777 14.1978
      vertex 6.39421 7.2912 14.1978
    endloop
  endfacet
  facet normal 0.483498 0.516223 -0.706925
    outer loop
      vertex 6.95981 7.93615 13.34
      vertex 7.46396 7.46396 13.34
      vertex 5.93411 6.76656 11.7844
    endloop
  endfacet
  facet normal 0.483498 0.516223 -0.706925
    outer loop
      vertex 7.46396 7.46396 13.34
      vertex 6.36396 6.36396 11.7844
      vertex 5.93411 6.76656 11.7844
    endloop
  endfacet
  facet normal 0.483512 0.516213 0.706923
    outer loop
      vertex 6.95981 7.93615 13.34
      vertex 6.46754 7.22253 14.1978
      vertex 6.63124 7.0692 14.1978
    endloop
  endfacet
  facet normal 0.483453 0.516261 0.706929
    outer loop
      vertex 6.46754 7.22253 14.1978
      vertex 6.95981 7.93615 13.34
      vertex 6.39421 7.2912 14.1978
    endloop
  endfacet
  facet normal 0.483497 0.516222 0.706927
    outer loop
      vertex 6.63124 7.0692 14.1978
      vertex 7.46396 7.46396 13.34
      vertex 6.95981 7.93615 13.34
    endloop
  endfacet
  facet normal 0.483494 0.516227 0.706925
    outer loop
      vertex 7.46396 7.46396 13.34
      vertex 6.63124 7.0692 14.1978
      vertex 6.85739 6.85739 14.1978
    endloop
  endfacet
  facet normal 0.516223 0.483498 -0.706925
    outer loop
      vertex 7.46396 7.46396 13.34
      vertex 7.93615 6.95981 13.34
      vertex 6.36396 6.36396 11.7844
    endloop
  endfacet
  facet normal 0.516223 0.483498 -0.706925
    outer loop
      vertex 7.93615 6.95981 13.34
      vertex 6.76656 5.93411 11.7844
      vertex 6.36396 6.36396 11.7844
    endloop
  endfacet
  facet normal 0.516245 0.483481 0.706921
    outer loop
      vertex 7.46396 7.46396 13.34
      vertex 6.92607 6.78407 14.1978
      vertex 7.07939 6.62036 14.1978
    endloop
  endfacet
  facet normal 0.516194 0.483527 0.706926
    outer loop
      vertex 6.92607 6.78407 14.1978
      vertex 7.46396 7.46396 13.34
      vertex 6.85739 6.85739 14.1978
    endloop
  endfacet
  facet normal 0.516222 0.483497 0.706927
    outer loop
      vertex 7.07939 6.62036 14.1978
      vertex 7.93615 6.95981 13.34
      vertex 7.46396 7.46396 13.34
    endloop
  endfacet
  facet normal 0.516225 0.483492 0.706928
    outer loop
      vertex 7.93615 6.95981 13.34
      vertex 7.07939 6.62036 14.1978
      vertex 7.2912 6.39421 14.1978
    endloop
  endfacet
  facet normal 0.546742 0.448698 -0.706925
    outer loop
      vertex 7.93615 6.95981 13.34
      vertex 8.37435 6.42586 13.34
      vertex 6.76656 5.93411 11.7844
    endloop
  endfacet
  facet normal 0.546742 0.448697 -0.706926
    outer loop
      vertex 8.37435 6.42586 13.34
      vertex 7.14018 5.47885 11.7844
      vertex 6.76656 5.93411 11.7844
    endloop
  endfacet
  facet normal 0.546755 0.448687 0.706922
    outer loop
      vertex 7.93615 6.95981 13.34
      vertex 7.35494 6.31656 14.1978
      vertex 7.49723 6.14317 14.1978
    endloop
  endfacet
  facet normal 0.546689 0.448757 0.706929
    outer loop
      vertex 7.35494 6.31656 14.1978
      vertex 7.93615 6.95981 13.34
      vertex 7.2912 6.39421 14.1978
    endloop
  endfacet
  facet normal 0.546742 0.448698 0.706925
    outer loop
      vertex 7.49723 6.14317 14.1978
      vertex 8.37435 6.42586 13.34
      vertex 7.93615 6.95981 13.34
    endloop
  endfacet
  facet normal 0.546733 0.448714 0.706922
    outer loop
      vertex 8.37435 6.42586 13.34
      vertex 7.49723 6.14317 14.1978
      vertex 7.6938 5.90366 14.1978
    endloop
  endfacet
  facet normal 0.574915 0.411982 -0.706926
    outer loop
      vertex 8.37435 6.42586 13.34
      vertex 8.77669 5.8644 13.34
      vertex 7.14018 5.47885 11.7844
    endloop
  endfacet
  facet normal 0.574914 0.411983 -0.706925
    outer loop
      vertex 8.77669 5.8644 13.34
      vertex 7.48323 5.00013 11.7844
      vertex 7.14018 5.47885 11.7844
    endloop
  endfacet
  facet normal 0.574915 0.411983 0.706925
    outer loop
      vertex 8.37435 6.42586 13.34
      vertex 7.75231 5.822 14.1978
      vertex 7.88296 5.63968 14.1978
    endloop
  endfacet
  facet normal 0.574942 0.41195 0.706922
    outer loop
      vertex 7.75231 5.822 14.1978
      vertex 8.37435 6.42586 13.34
      vertex 7.6938 5.90366 14.1978
    endloop
  endfacet
  facet normal 0.574917 0.411979 0.706925
    outer loop
      vertex 8.77669 5.8644 13.34
      vertex 7.88296 5.63968 14.1978
      vertex 8.06344 5.38782 14.1978
    endloop
  endfacet
  facet normal 0.574916 0.411982 0.706925
    outer loop
      vertex 7.88296 5.63968 14.1978
      vertex 8.77669 5.8644 13.34
      vertex 8.37435 6.42586 13.34
    endloop
  endfacet
  facet normal 0.60063 0.373497 -0.706925
    outer loop
      vertex 8.77669 5.8644 13.34
      vertex 9.14145 5.27782 13.34
      vertex 7.48323 5.00013 11.7844
    endloop
  endfacet
  facet normal 0.600631 0.373495 -0.706926
    outer loop
      vertex 9.14145 5.27782 13.34
      vertex 7.79423 4.5 11.7844
      vertex 7.48323 5.00013 11.7844
    endloop
  endfacet
  facet normal 0.600644 0.373479 0.706923
    outer loop
      vertex 8.77669 5.8644 13.34
      vertex 8.11649 5.30251 14.1978
      vertex 8.23493 5.11203 14.1978
    endloop
  endfacet
  facet normal 0.600628 0.3735 0.706925
    outer loop
      vertex 8.11649 5.30251 14.1978
      vertex 8.77669 5.8644 13.34
      vertex 8.06344 5.38782 14.1978
    endloop
  endfacet
  facet normal 0.600628 0.373496 0.706928
    outer loop
      vertex 8.23493 5.11203 14.1978
      vertex 9.14145 5.27782 13.34
      vertex 8.77669 5.8644 13.34
    endloop
  endfacet
  facet normal 0.60062 0.373516 0.706924
    outer loop
      vertex 9.14145 5.27782 13.34
      vertex 8.23493 5.11203 14.1978
      vertex 8.39856 4.84891 14.1978
    endloop
  endfacet
  facet normal 0.623774 0.33341 -0.706926
    outer loop
      vertex 9.14145 5.27782 13.34
      vertex 9.46706 4.66864 13.34
      vertex 7.79423 4.5 11.7844
    endloop
  endfacet
  facet normal 0.623774 0.333408 -0.706926
    outer loop
      vertex 9.46706 4.66864 13.34
      vertex 8.07185 3.9806 11.7844
      vertex 7.79423 4.5 11.7844
    endloop
  endfacet
  facet normal 0.623759 0.333432 0.706929
    outer loop
      vertex 9.14145 5.27782 13.34
      vertex 8.44591 4.76031 14.1978
      vertex 8.55165 4.5625 14.1978
    endloop
  endfacet
  facet normal 0.623797 0.333372 0.706923
    outer loop
      vertex 8.44591 4.76031 14.1978
      vertex 9.14145 5.27782 13.34
      vertex 8.39856 4.84891 14.1978
    endloop
  endfacet
  facet normal 0.623776 0.333411 0.706923
    outer loop
      vertex 8.55165 4.5625 14.1978
      vertex 9.46706 4.66864 13.34
      vertex 9.14145 5.27782 13.34
    endloop
  endfacet
  facet normal 0.623778 0.333403 0.706925
    outer loop
      vertex 9.46706 4.66864 13.34
      vertex 8.55165 4.5625 14.1978
      vertex 8.69771 4.28923 14.1978
    endloop
  endfacet
  facet normal 0.644244 0.2919 -0.706926
    outer loop
      vertex 9.46706 4.66864 13.34
      vertex 9.75213 4.03947 13.34
      vertex 8.07185 3.9806 11.7844
    endloop
  endfacet
  facet normal 0.644241 0.291911 -0.706924
    outer loop
      vertex 9.75213 4.03947 13.34
      vertex 8.31492 3.44415 11.7844
      vertex 8.07185 3.9806 11.7844
    endloop
  endfacet
  facet normal 0.644244 0.291904 0.706925
    outer loop
      vertex 8.69771 4.28923 14.1978
      vertex 8.83174 3.99342 14.1978
      vertex 9.46706 4.66864 13.34
    endloop
  endfacet
  facet normal 0.644246 0.291901 0.706924
    outer loop
      vertex 8.83174 3.99342 14.1978
      vertex 9.75213 4.03947 13.34
      vertex 9.46706 4.66864 13.34
    endloop
  endfacet
  facet normal 0.644248 0.29189 0.706926
    outer loop
      vertex 9.75213 4.03947 13.34
      vertex 8.83174 3.99342 14.1978
      vertex 8.95961 3.71119 14.1978
    endloop
  endfacet
  facet normal 0.661955 0.249148 -0.706924
    outer loop
      vertex 9.75213 4.03947 13.34
      vertex 9.99545 3.393 13.34
      vertex 8.31492 3.44415 11.7844
    endloop
  endfacet
  facet normal 0.661957 0.249134 -0.706927
    outer loop
      vertex 9.99545 3.393 13.34
      vertex 8.52237 2.89295 11.7844
      vertex 8.31492 3.44415 11.7844
    endloop
  endfacet
  facet normal 0.661954 0.249147 0.706925
    outer loop
      vertex 9.75213 4.03947 13.34
      vertex 8.995 3.61717 14.1978
      vertex 9.07401 3.40725 14.1978
    endloop
  endfacet
  facet normal 0.661947 0.249163 0.706926
    outer loop
      vertex 8.995 3.61717 14.1978
      vertex 9.75213 4.03947 13.34
      vertex 8.95961 3.71119 14.1978
    endloop
  endfacet
  facet normal 0.661956 0.249132 0.706928
    outer loop
      vertex 9.99545 3.393 13.34
      vertex 9.07401 3.40725 14.1978
      vertex 9.18315 3.11726 14.1978
    endloop
  endfacet
  facet normal 0.661954 0.249148 0.706925
    outer loop
      vertex 9.07401 3.40725 14.1978
      vertex 9.99545 3.393 13.34
      vertex 9.75213 4.03947 13.34
    endloop
  endfacet
  facet normal 0.67682 0.20535 -0.706927
    outer loop
      vertex 9.99545 3.393 13.34
      vertex 10.196 2.732 13.34
      vertex 8.52237 2.89295 11.7844
    endloop
  endfacet
  facet normal 0.676824 0.205312 -0.706935
    outer loop
      vertex 10.196 2.732 13.34
      vertex 8.69333 2.32937 11.7844
      vertex 8.52237 2.89295 11.7844
    endloop
  endfacet
  facet normal 0.676834 0.205314 0.706924
    outer loop
      vertex 9.99545 3.393 13.34
      vertex 9.21232 3.02113 14.1978
      vertex 9.27743 2.80649 14.1978
    endloop
  endfacet
  facet normal 0.676811 0.205374 0.706929
    outer loop
      vertex 9.21232 3.02113 14.1978
      vertex 9.99545 3.393 13.34
      vertex 9.18315 3.11726 14.1978
    endloop
  endfacet
  facet normal 0.676821 0.205299 0.706941
    outer loop
      vertex 10.196 2.732 13.34
      vertex 9.27743 2.80649 14.1978
      vertex 9.36737 2.50998 14.1978
    endloop
  endfacet
  facet normal 0.676816 0.205349 0.706932
    outer loop
      vertex 9.27743 2.80649 14.1978
      vertex 10.196 2.732 13.34
      vertex 9.99545 3.393 13.34
    endloop
  endfacet
  facet normal 0.688815 0.160556 -0.706934
    outer loop
      vertex 10.196 2.732 13.34
      vertex 10.3528 2.0593 13.34
      vertex 8.69333 2.32937 11.7844
    endloop
  endfacet
  facet normal 0.688813 0.160614 -0.706922
    outer loop
      vertex 10.3528 2.0593 13.34
      vertex 8.82707 1.75581 11.7844
      vertex 8.69333 2.32937 11.7844
    endloop
  endfacet
  facet normal 0.688788 0.160625 0.706944
    outer loop
      vertex 10.196 2.732 13.34
      vertex 9.39018 2.41214 14.1978
      vertex 9.44112 2.1937 14.1978
    endloop
  endfacet
  facet normal 0.688801 0.160584 0.706941
    outer loop
      vertex 9.39018 2.41214 14.1978
      vertex 10.196 2.732 13.34
      vertex 9.36737 2.50998 14.1978
    endloop
  endfacet
  facet normal 0.688817 0.160614 0.706918
    outer loop
      vertex 10.3528 2.0593 13.34
      vertex 9.44112 2.1937 14.1978
      vertex 9.51148 1.89195 14.1978
    endloop
  endfacet
  facet normal 0.688819 0.160557 0.706929
    outer loop
      vertex 9.44112 2.1937 14.1978
      vertex 10.3528 2.0593 13.34
      vertex 10.196 2.732 13.34
    endloop
  endfacet
  facet normal 0.697847 0.115197 -0.706922
    outer loop
      vertex 10.3528 2.0593 13.34
      vertex 10.4653 1.37779 13.34
      vertex 8.82707 1.75581 11.7844
    endloop
  endfacet
  facet normal 0.697848 0.115209 -0.70692
    outer loop
      vertex 10.4653 1.37779 13.34
      vertex 8.923 1.17474 11.7844
      vertex 8.82707 1.75581 11.7844
    endloop
  endfacet
  facet normal 0.697844 0.115225 0.706921
    outer loop
      vertex 10.3528 2.0593 13.34
      vertex 9.52784 1.79283 14.1978
      vertex 9.56438 1.57153 14.1978
    endloop
  endfacet
  facet normal 0.697854 0.115182 0.706918
    outer loop
      vertex 9.52784 1.79283 14.1978
      vertex 10.3528 2.0593 13.34
      vertex 9.51148 1.89195 14.1978
    endloop
  endfacet
  facet normal 0.697854 0.115198 0.706915
    outer loop
      vertex 9.56438 1.57153 14.1978
      vertex 10.4653 1.37779 13.34
      vertex 10.3528 2.0593 13.34
    endloop
  endfacet
  facet normal 0.697854 0.11521 0.706913
    outer loop
      vertex 10.4653 1.37779 13.34
      vertex 9.56438 1.57153 14.1978
      vertex 9.61485 1.26582 14.1978
    endloop
  endfacet
  facet normal 0.703889 0.0693221 -0.706919
    outer loop
      vertex 10.4653 1.37779 13.34
      vertex 10.533 0.690372 13.34
      vertex 8.923 1.17474 11.7844
    endloop
  endfacet
  facet normal 0.70389 0.0693307 -0.706918
    outer loop
      vertex 10.533 0.690372 13.34
      vertex 8.98073 0.588628 11.7844
      vertex 8.923 1.17474 11.7844
    endloop
  endfacet
  facet normal 0.703899 0.0693126 0.706911
    outer loop
      vertex 10.4653 1.37779 13.34
      vertex 9.6247 1.16584 14.1978
      vertex 9.64668 0.942624 14.1978
    endloop
  endfacet
  facet normal 0.703892 0.0693473 0.706913
    outer loop
      vertex 10.4653 1.37779 13.34
      vertex 9.61485 1.26582 14.1978
      vertex 9.6247 1.16584 14.1978
    endloop
  endfacet
  facet normal 0.703895 0.0693228 0.706913
    outer loop
      vertex 9.64668 0.942624 14.1978
      vertex 10.533 0.690372 13.34
      vertex 10.4653 1.37779 13.34
    endloop
  endfacet
  facet normal 0.703896 0.0693265 0.706912
    outer loop
      vertex 10.533 0.690372 13.34
      vertex 9.64668 0.942624 14.1978
      vertex 9.67705 0.634267 14.1978
    endloop
  endfacet
  facet normal 0.706917 0.0231416 -0.706918
    outer loop
      vertex 10.533 0.690372 13.34
      vertex 10.5556 0 13.34
      vertex 8.98073 0.588628 11.7844
    endloop
  endfacet
  facet normal 0.706917 0.0231425 -0.706917
    outer loop
      vertex 10.5556 0 13.34
      vertex 9 0 11.7844
      vertex 8.98073 0.588628 11.7844
    endloop
  endfacet
  facet normal 0.706924 0.023146 0.706911
    outer loop
      vertex 10.533 0.690372 13.34
      vertex 9.68034 0.533861 14.1978
      vertex 9.68768 0.309683 14.1978
    endloop
  endfacet
  facet normal 0.706922 0.0231637 0.706912
    outer loop
      vertex 10.533 0.690372 13.34
      vertex 9.67705 0.634267 14.1978
      vertex 9.68034 0.533861 14.1978
    endloop
  endfacet
  facet normal 0.706926 0.023147 0.706909
    outer loop
      vertex 10.5556 0 13.34
      vertex 9.68768 0.309683 14.1978
      vertex 9.69782 0 14.1978
    endloop
  endfacet
  facet normal 0.706925 0.0231419 0.70691
    outer loop
      vertex 9.68768 0.309683 14.1978
      vertex 10.5556 0 13.34
      vertex 10.533 0.690372 13.34
    endloop
  endfacet
  facet normal 0.706917 -0.0231416 -0.706917
    outer loop
      vertex 10.5556 0 13.34
      vertex 10.533 -0.690372 13.34
      vertex 9 0 11.7844
    endloop
  endfacet
  facet normal 0.706917 -0.0231425 -0.706918
    outer loop
      vertex 9 0 11.7844
      vertex 10.533 -0.690372 13.34
      vertex 8.98073 -0.588628 11.7844
    endloop
  endfacet
  facet normal 0.706925 -0.0231636 0.706909
    outer loop
      vertex 9.69453 -0.100407 14.1978
      vertex 10.5556 0 13.34
      vertex 9.69782 0 14.1978
    endloop
  endfacet
  facet normal 0.706925 -0.023146 0.70691
    outer loop
      vertex 10.5556 0 13.34
      vertex 9.69453 -0.100407 14.1978
      vertex 9.68719 -0.324585 14.1978
    endloop
  endfacet
  facet normal 0.706923 -0.023147 0.706912
    outer loop
      vertex 10.533 -0.690372 13.34
      vertex 9.68719 -0.324585 14.1978
      vertex 9.67705 -0.634267 14.1978
    endloop
  endfacet
  facet normal 0.706924 -0.0231418 0.706911
    outer loop
      vertex 9.68719 -0.324585 14.1978
      vertex 10.533 -0.690372 13.34
      vertex 10.5556 0 13.34
    endloop
  endfacet
  facet normal 0.70389 -0.0693223 -0.706918
    outer loop
      vertex 10.533 -0.690372 13.34
      vertex 10.4653 -1.37779 13.34
      vertex 8.98073 -0.588628 11.7844
    endloop
  endfacet
  facet normal 0.703888 -0.0693305 -0.706919
    outer loop
      vertex 8.98073 -0.588628 11.7844
      vertex 10.4653 -1.37779 13.34
      vertex 8.923 -1.17474 11.7844
    endloop
  endfacet
  facet normal 0.7039 -0.0692797 0.706913
    outer loop
      vertex 9.66721 -0.734244 14.1978
      vertex 10.533 -0.690372 13.34
      vertex 9.67705 -0.634267 14.1978
    endloop
  endfacet
  facet normal 0.703898 -0.0693435 0.706908
    outer loop
      vertex 10.533 -0.690372 13.34
      vertex 9.66721 -0.734244 14.1978
      vertex 9.64522 -0.957462 14.1978
    endloop
  endfacet
  facet normal 0.703896 -0.0693228 0.706912
    outer loop
      vertex 9.64522 -0.957462 14.1978
      vertex 10.4653 -1.37779 13.34
      vertex 10.533 -0.690372 13.34
    endloop
  endfacet
  facet normal 0.703895 -0.0693262 0.706913
    outer loop
      vertex 9.61485 -1.26582 14.1978
      vertex 10.4653 -1.37779 13.34
      vertex 9.64522 -0.957462 14.1978
    endloop
  endfacet
  facet normal 0.69785 -0.115197 -0.70692
    outer loop
      vertex 10.4653 -1.37779 13.34
      vertex 10.3528 -2.0593 13.34
      vertex 8.923 -1.17474 11.7844
    endloop
  endfacet
  facet normal 0.697845 -0.115209 -0.706922
    outer loop
      vertex 8.923 -1.17474 11.7844
      vertex 10.3528 -2.0593 13.34
      vertex 8.82707 -1.75581 11.7844
    endloop
  endfacet
  facet normal 0.697858 -0.115183 0.706914
    outer loop
      vertex 9.59849 -1.36494 14.1978
      vertex 10.4653 -1.37779 13.34
      vertex 9.61485 -1.26582 14.1978
    endloop
  endfacet
  facet normal 0.697854 -0.115226 0.70691
    outer loop
      vertex 10.4653 -1.37779 13.34
      vertex 9.59849 -1.36494 14.1978
      vertex 9.56195 -1.58624 14.1978
    endloop
  endfacet
  facet normal 0.697853 -0.115198 0.706916
    outer loop
      vertex 9.56195 -1.58624 14.1978
      vertex 10.3528 -2.0593 13.34
      vertex 10.4653 -1.37779 13.34
    endloop
  endfacet
  facet normal 0.697849 -0.115209 0.706918
    outer loop
      vertex 10.3528 -2.0593 13.34
      vertex 9.56195 -1.58624 14.1978
      vertex 9.51148 -1.89195 14.1978
    endloop
  endfacet
  facet normal 0.688825 -0.160559 -0.706923
    outer loop
      vertex 10.3528 -2.0593 13.34
      vertex 10.196 -2.732 13.34
      vertex 8.82707 -1.75581 11.7844
    endloop
  endfacet
  facet normal 0.688801 -0.160611 -0.706935
    outer loop
      vertex 8.82707 -1.75581 11.7844
      vertex 10.196 -2.732 13.34
      vertex 8.69333 -2.32937 11.7844
    endloop
  endfacet
  facet normal 0.688808 -0.160656 0.706918
    outer loop
      vertex 9.48866 -1.98979 14.1978
      vertex 10.3528 -2.0593 13.34
      vertex 9.51148 -1.89195 14.1978
    endloop
  endfacet
  facet normal 0.688816 -0.160607 0.706921
    outer loop
      vertex 10.3528 -2.0593 13.34
      vertex 9.48866 -1.98979 14.1978
      vertex 9.43773 -2.20822 14.1978
    endloop
  endfacet
  facet normal 0.688817 -0.160557 0.706932
    outer loop
      vertex 9.43773 -2.20822 14.1978
      vertex 10.196 -2.732 13.34
      vertex 10.3528 -2.0593 13.34
    endloop
  endfacet
  facet normal 0.688796 -0.160603 0.706941
    outer loop
      vertex 10.196 -2.732 13.34
      vertex 9.43773 -2.20822 14.1978
      vertex 9.36737 -2.50998 14.1978
    endloop
  endfacet
  facet normal 0.676814 -0.205348 -0.706934
    outer loop
      vertex 10.196 -2.732 13.34
      vertex 9.99545 -3.393 13.34
      vertex 8.69333 -2.32937 11.7844
    endloop
  endfacet
  facet normal 0.676832 -0.205314 -0.706926
    outer loop
      vertex 8.69333 -2.32937 11.7844
      vertex 9.99545 -3.393 13.34
      vertex 8.52237 -2.89295 11.7844
    endloop
  endfacet
  facet normal 0.676819 -0.205306 0.706941
    outer loop
      vertex 9.33821 -2.60611 14.1978
      vertex 10.196 -2.732 13.34
      vertex 9.36737 -2.50998 14.1978
    endloop
  endfacet
  facet normal 0.676818 -0.205309 0.706941
    outer loop
      vertex 10.196 -2.732 13.34
      vertex 9.33821 -2.60611 14.1978
      vertex 9.2731 -2.82075 14.1978
    endloop
  endfacet
  facet normal 0.676814 -0.205348 0.706933
    outer loop
      vertex 9.2731 -2.82075 14.1978
      vertex 9.99545 -3.393 13.34
      vertex 10.196 -2.732 13.34
    endloop
  endfacet
  facet normal 0.676827 -0.205324 0.706928
    outer loop
      vertex 9.99545 -3.393 13.34
      vertex 9.2731 -2.82075 14.1978
      vertex 9.18315 -3.11726 14.1978
    endloop
  endfacet
  facet normal 0.661952 -0.249147 -0.706926
    outer loop
      vertex 9.99545 -3.393 13.34
      vertex 9.75213 -4.03947 13.34
      vertex 8.52237 -2.89295 11.7844
    endloop
  endfacet
  facet normal 0.66196 -0.249136 -0.706924
    outer loop
      vertex 8.52237 -2.89295 11.7844
      vertex 9.75213 -4.03947 13.34
      vertex 8.31492 -3.44415 11.7844
    endloop
  endfacet
  facet normal 0.661968 -0.2491 0.706928
    outer loop
      vertex 9.14777 -3.21128 14.1978
      vertex 9.99545 -3.393 13.34
      vertex 9.18315 -3.11726 14.1978
    endloop
  endfacet
  facet normal 0.661954 -0.249147 0.706925
    outer loop
      vertex 9.99545 -3.393 13.34
      vertex 9.14777 -3.21128 14.1978
      vertex 9.06876 -3.4212 14.1978
    endloop
  endfacet
  facet normal 0.661954 -0.249148 0.706925
    outer loop
      vertex 9.06876 -3.4212 14.1978
      vertex 9.75213 -4.03947 13.34
      vertex 9.99545 -3.393 13.34
    endloop
  endfacet
  facet normal 0.661951 -0.249153 0.706926
    outer loop
      vertex 9.75213 -4.03947 13.34
      vertex 9.06876 -3.4212 14.1978
      vertex 8.95961 -3.71119 14.1978
    endloop
  endfacet
  facet normal 0.644246 -0.291901 -0.706924
    outer loop
      vertex 9.75213 -4.03947 13.34
      vertex 9.46706 -4.66864 13.34
      vertex 8.31492 -3.44415 11.7844
    endloop
  endfacet
  facet normal 0.644239 -0.29191 -0.706926
    outer loop
      vertex 8.31492 -3.44415 11.7844
      vertex 9.46706 -4.66864 13.34
      vertex 8.07185 -3.9806 11.7844
    endloop
  endfacet
  facet normal 0.644243 -0.291903 0.706926
    outer loop
      vertex 9.75213 -4.03947 13.34
      vertex 8.95961 -3.71119 14.1978
      vertex 8.82558 -4.007 14.1978
    endloop
  endfacet
  facet normal 0.644243 -0.2919 0.706927
    outer loop
      vertex 8.82558 -4.007 14.1978
      vertex 9.46706 -4.66864 13.34
      vertex 9.75213 -4.03947 13.34
    endloop
  endfacet
  facet normal 0.64425 -0.29189 0.706924
    outer loop
      vertex 9.46706 -4.66864 13.34
      vertex 8.82558 -4.007 14.1978
      vertex 8.69771 -4.28923 14.1978
    endloop
  endfacet
  facet normal 0.623773 -0.33341 -0.706926
    outer loop
      vertex 9.46706 -4.66864 13.34
      vertex 9.14145 -5.27782 13.34
      vertex 8.07185 -3.9806 11.7844
    endloop
  endfacet
  facet normal 0.623775 -0.333408 -0.706926
    outer loop
      vertex 8.07185 -3.9806 11.7844
      vertex 9.14145 -5.27782 13.34
      vertex 7.79423 -4.5 11.7844
    endloop
  endfacet
  facet normal 0.623766 -0.333426 0.706925
    outer loop
      vertex 8.65035 -4.37783 14.1978
      vertex 9.46706 -4.66864 13.34
      vertex 8.69771 -4.28923 14.1978
    endloop
  endfacet
  facet normal 0.62378 -0.333395 0.706927
    outer loop
      vertex 9.46706 -4.66864 13.34
      vertex 8.65035 -4.37783 14.1978
      vertex 8.54462 -4.57565 14.1978
    endloop
  endfacet
  facet normal 0.623775 -0.333411 0.706924
    outer loop
      vertex 8.54462 -4.57565 14.1978
      vertex 9.14145 -5.27782 13.34
      vertex 9.46706 -4.66864 13.34
    endloop
  endfacet
  facet normal 0.623774 -0.333413 0.706924
    outer loop
      vertex 9.14145 -5.27782 13.34
      vertex 8.54462 -4.57565 14.1978
      vertex 8.39856 -4.84891 14.1978
    endloop
  endfacet
  facet normal 0.60063 -0.373497 -0.706926
    outer loop
      vertex 9.14145 -5.27782 13.34
      vertex 8.77669 -5.8644 13.34
      vertex 7.79423 -4.5 11.7844
    endloop
  endfacet
  facet normal 0.600631 -0.373495 -0.706925
    outer loop
      vertex 7.79423 -4.5 11.7844
      vertex 8.77669 -5.8644 13.34
      vertex 7.48323 -5.00013 11.7844
    endloop
  endfacet
  facet normal 0.600629 -0.373501 0.706924
    outer loop
      vertex 8.34551 -4.93422 14.1978
      vertex 9.14145 -5.27782 13.34
      vertex 8.39856 -4.84891 14.1978
    endloop
  endfacet
  facet normal 0.600621 -0.373516 0.706923
    outer loop
      vertex 9.14145 -5.27782 13.34
      vertex 8.34551 -4.93422 14.1978
      vertex 8.22706 -5.12469 14.1978
    endloop
  endfacet
  facet normal 0.600629 -0.373496 0.706927
    outer loop
      vertex 8.22706 -5.12469 14.1978
      vertex 8.77669 -5.8644 13.34
      vertex 9.14145 -5.27782 13.34
    endloop
  endfacet
  facet normal 0.600636 -0.373488 0.706925
    outer loop
      vertex 8.77669 -5.8644 13.34
      vertex 8.22706 -5.12469 14.1978
      vertex 8.06344 -5.38782 14.1978
    endloop
  endfacet
  facet normal 0.574915 -0.411982 -0.706925
    outer loop
      vertex 8.77669 -5.8644 13.34
      vertex 8.37435 -6.42586 13.34
      vertex 7.48323 -5.00013 11.7844
    endloop
  endfacet
  facet normal 0.574914 -0.411983 -0.706926
    outer loop
      vertex 7.48323 -5.00013 11.7844
      vertex 8.37435 -6.42586 13.34
      vertex 7.14018 -5.47885 11.7844
    endloop
  endfacet
  facet normal 0.574906 -0.411995 0.706925
    outer loop
      vertex 8.00492 -5.46948 14.1978
      vertex 8.77669 -5.8644 13.34
      vertex 8.06344 -5.38782 14.1978
    endloop
  endfacet
  facet normal 0.574927 -0.41196 0.706928
    outer loop
      vertex 8.77669 -5.8644 13.34
      vertex 8.00492 -5.46948 14.1978
      vertex 7.87428 -5.6518 14.1978
    endloop
  endfacet
  facet normal 0.574917 -0.411983 0.706923
    outer loop
      vertex 7.87428 -5.6518 14.1978
      vertex 8.37435 -6.42586 13.34
      vertex 8.77669 -5.8644 13.34
    endloop
  endfacet
  facet normal 0.57492 -0.411981 0.706922
    outer loop
      vertex 8.37435 -6.42586 13.34
      vertex 7.87428 -5.6518 14.1978
      vertex 7.6938 -5.90366 14.1978
    endloop
  endfacet
  facet normal 0.546742 -0.448698 -0.706926
    outer loop
      vertex 8.37435 -6.42586 13.34
      vertex 7.93615 -6.95981 13.34
      vertex 7.14018 -5.47885 11.7844
    endloop
  endfacet
  facet normal 0.546742 -0.448697 -0.706925
    outer loop
      vertex 7.14018 -5.47885 11.7844
      vertex 7.93615 -6.95981 13.34
      vertex 6.76656 -5.93411 11.7844
    endloop
  endfacet
  facet normal 0.546695 -0.448762 0.706921
    outer loop
      vertex 7.63006 -5.98131 14.1978
      vertex 8.37435 -6.42586 13.34
      vertex 7.6938 -5.90366 14.1978
    endloop
  endfacet
  facet normal 0.546751 -0.448683 0.706928
    outer loop
      vertex 8.37435 -6.42586 13.34
      vertex 7.63006 -5.98131 14.1978
      vertex 7.48777 -6.1547 14.1978
    endloop
  endfacet
  facet normal 0.546742 -0.448698 0.706925
    outer loop
      vertex 7.48777 -6.1547 14.1978
      vertex 7.93615 -6.95981 13.34
      vertex 8.37435 -6.42586 13.34
    endloop
  endfacet
  facet normal 0.546729 -0.44871 0.706928
    outer loop
      vertex 7.93615 -6.95981 13.34
      vertex 7.48777 -6.1547 14.1978
      vertex 7.2912 -6.39421 14.1978
    endloop
  endfacet
  facet normal 0.516223 -0.483498 -0.706925
    outer loop
      vertex 7.93615 -6.95981 13.34
      vertex 7.46396 -7.46396 13.34
      vertex 6.76656 -5.93411 11.7844
    endloop
  endfacet
  facet normal 0.516223 -0.483498 -0.706925
    outer loop
      vertex 6.76656 -5.93411 11.7844
      vertex 7.46396 -7.46396 13.34
      vertex 6.36396 -6.36396 11.7844
    endloop
  endfacet
  facet normal 0.516261 -0.483453 0.706929
    outer loop
      vertex 7.22253 -6.46754 14.1978
      vertex 7.93615 -6.95981 13.34
      vertex 7.2912 -6.39421 14.1978
    endloop
  endfacet
  facet normal 0.516213 -0.483512 0.706923
    outer loop
      vertex 7.93615 -6.95981 13.34
      vertex 7.22253 -6.46754 14.1978
      vertex 7.0692 -6.63124 14.1978
    endloop
  endfacet
  facet normal 0.516222 -0.483497 0.706927
    outer loop
      vertex 7.0692 -6.63124 14.1978
      vertex 7.46396 -7.46396 13.34
      vertex 7.93615 -6.95981 13.34
    endloop
  endfacet
  facet normal 0.516227 -0.483494 0.706925
    outer loop
      vertex 7.46396 -7.46396 13.34
      vertex 7.0692 -6.63124 14.1978
      vertex 6.85739 -6.85739 14.1978
    endloop
  endfacet
  facet normal 0.483498 -0.516223 -0.706925
    outer loop
      vertex 7.46396 -7.46396 13.34
      vertex 6.95981 -7.93615 13.34
      vertex 6.36396 -6.36396 11.7844
    endloop
  endfacet
  facet normal 0.483498 -0.516223 -0.706925
    outer loop
      vertex 6.36396 -6.36396 11.7844
      vertex 6.95981 -7.93615 13.34
      vertex 5.93411 -6.76656 11.7844
    endloop
  endfacet
  facet normal 0.483527 -0.516194 0.706926
    outer loop
      vertex 6.78407 -6.92607 14.1978
      vertex 7.46396 -7.46396 13.34
      vertex 6.85739 -6.85739 14.1978
    endloop
  endfacet
  facet normal 0.483481 -0.516245 0.706921
    outer loop
      vertex 7.46396 -7.46396 13.34
      vertex 6.78407 -6.92607 14.1978
      vertex 6.62036 -7.07939 14.1978
    endloop
  endfacet
  facet normal 0.483497 -0.516222 0.706927
    outer loop
      vertex 6.62036 -7.07939 14.1978
      vertex 6.95981 -7.93615 13.34
      vertex 7.46396 -7.46396 13.34
    endloop
  endfacet
  facet normal 0.483492 -0.516225 0.706928
    outer loop
      vertex 6.95981 -7.93615 13.34
      vertex 6.62036 -7.07939 14.1978
      vertex 6.39421 -7.2912 14.1978
    endloop
  endfacet
  facet normal 0.448698 -0.546742 -0.706925
    outer loop
      vertex 6.95981 -7.93615 13.34
      vertex 6.42586 -8.37435 13.34
      vertex 5.93411 -6.76656 11.7844
    endloop
  endfacet
  facet normal 0.448697 -0.546742 -0.706926
    outer loop
      vertex 5.93411 -6.76656 11.7844
      vertex 6.42586 -8.37435 13.34
      vertex 5.47885 -7.14018 11.7844
    endloop
  endfacet
  facet normal 0.448757 -0.546689 0.706929
    outer loop
      vertex 6.31656 -7.35494 14.1978
      vertex 6.95981 -7.93615 13.34
      vertex 6.39421 -7.2912 14.1978
    endloop
  endfacet
  facet normal 0.448687 -0.546755 0.706922
    outer loop
      vertex 6.95981 -7.93615 13.34
      vertex 6.31656 -7.35494 14.1978
      vertex 6.14317 -7.49723 14.1978
    endloop
  endfacet
  facet normal 0.448698 -0.546742 0.706925
    outer loop
      vertex 6.14317 -7.49723 14.1978
      vertex 6.42586 -8.37435 13.34
      vertex 6.95981 -7.93615 13.34
    endloop
  endfacet
  facet normal 0.448714 -0.546733 0.706922
    outer loop
      vertex 6.42586 -8.37435 13.34
      vertex 6.14317 -7.49723 14.1978
      vertex 5.90366 -7.6938 14.1978
    endloop
  endfacet
  facet normal 0.411982 -0.574915 -0.706926
    outer loop
      vertex 6.42586 -8.37435 13.34
      vertex 5.8644 -8.77669 13.34
      vertex 5.47885 -7.14018 11.7844
    endloop
  endfacet
  facet normal 0.411983 -0.574914 -0.706925
    outer loop
      vertex 5.47885 -7.14018 11.7844
      vertex 5.8644 -8.77669 13.34
      vertex 5.00013 -7.48323 11.7844
    endloop
  endfacet
  facet normal 0.41195 -0.574942 0.706922
    outer loop
      vertex 5.822 -7.75231 14.1978
      vertex 6.42586 -8.37435 13.34
      vertex 5.90366 -7.6938 14.1978
    endloop
  endfacet
  facet normal 0.411983 -0.574915 0.706925
    outer loop
      vertex 6.42586 -8.37435 13.34
      vertex 5.822 -7.75231 14.1978
      vertex 5.63968 -7.88296 14.1978
    endloop
  endfacet
  facet normal 0.411982 -0.574916 0.706925
    outer loop
      vertex 5.63968 -7.88296 14.1978
      vertex 5.8644 -8.77669 13.34
      vertex 6.42586 -8.37435 13.34
    endloop
  endfacet
  facet normal 0.411979 -0.574917 0.706925
    outer loop
      vertex 5.38782 -8.06344 14.1978
      vertex 5.8644 -8.77669 13.34
      vertex 5.63968 -7.88296 14.1978
    endloop
  endfacet
  facet normal 0.373497 -0.60063 -0.706925
    outer loop
      vertex 5.8644 -8.77669 13.34
      vertex 5.27782 -9.14145 13.34
      vertex 5.00013 -7.48323 11.7844
    endloop
  endfacet
  facet normal 0.373495 -0.600631 -0.706926
    outer loop
      vertex 5.00013 -7.48323 11.7844
      vertex 5.27782 -9.14145 13.34
      vertex 4.5 -7.79423 11.7844
    endloop
  endfacet
  facet normal 0.3735 -0.600628 0.706925
    outer loop
      vertex 5.30251 -8.11649 14.1978
      vertex 5.8644 -8.77669 13.34
      vertex 5.38782 -8.06344 14.1978
    endloop
  endfacet
  facet normal 0.373479 -0.600644 0.706923
    outer loop
      vertex 5.8644 -8.77669 13.34
      vertex 5.30251 -8.11649 14.1978
      vertex 5.11203 -8.23493 14.1978
    endloop
  endfacet
  facet normal 0.373496 -0.600628 0.706928
    outer loop
      vertex 5.11203 -8.23493 14.1978
      vertex 5.27782 -9.14145 13.34
      vertex 5.8644 -8.77669 13.34
    endloop
  endfacet
  facet normal 0.373516 -0.60062 0.706924
    outer loop
      vertex 5.27782 -9.14145 13.34
      vertex 5.11203 -8.23493 14.1978
      vertex 4.84891 -8.39856 14.1978
    endloop
  endfacet
  facet normal 0.33341 -0.623774 -0.706926
    outer loop
      vertex 5.27782 -9.14145 13.34
      vertex 4.66864 -9.46706 13.34
      vertex 4.5 -7.79423 11.7844
    endloop
  endfacet
  facet normal 0.333408 -0.623774 -0.706926
    outer loop
      vertex 4.5 -7.79423 11.7844
      vertex 4.66864 -9.46706 13.34
      vertex 3.9806 -8.07185 11.7844
    endloop
  endfacet
  facet normal 0.333372 -0.623797 0.706923
    outer loop
      vertex 4.76031 -8.44591 14.1978
      vertex 5.27782 -9.14145 13.34
      vertex 4.84891 -8.39856 14.1978
    endloop
  endfacet
  facet normal 0.333432 -0.623759 0.706929
    outer loop
      vertex 5.27782 -9.14145 13.34
      vertex 4.76031 -8.44591 14.1978
      vertex 4.5625 -8.55165 14.1978
    endloop
  endfacet
  facet normal 0.333411 -0.623776 0.706923
    outer loop
      vertex 4.5625 -8.55165 14.1978
      vertex 4.66864 -9.46706 13.34
      vertex 5.27782 -9.14145 13.34
    endloop
  endfacet
  facet normal 0.333403 -0.623778 0.706925
    outer loop
      vertex 4.66864 -9.46706 13.34
      vertex 4.5625 -8.55165 14.1978
      vertex 4.28923 -8.69771 14.1978
    endloop
  endfacet
  facet normal 0.2919 -0.644244 -0.706926
    outer loop
      vertex 4.66864 -9.46706 13.34
      vertex 4.03947 -9.75213 13.34
      vertex 3.9806 -8.07185 11.7844
    endloop
  endfacet
  facet normal 0.291911 -0.644241 -0.706924
    outer loop
      vertex 3.9806 -8.07185 11.7844
      vertex 4.03947 -9.75213 13.34
      vertex 3.44415 -8.31492 11.7844
    endloop
  endfacet
  facet normal 0.291904 -0.644244 0.706925
    outer loop
      vertex 4.66864 -9.46706 13.34
      vertex 4.28923 -8.69771 14.1978
      vertex 3.99342 -8.83174 14.1978
    endloop
  endfacet
  facet normal 0.291901 -0.644246 0.706924
    outer loop
      vertex 3.99342 -8.83174 14.1978
      vertex 4.03947 -9.75213 13.34
      vertex 4.66864 -9.46706 13.34
    endloop
  endfacet
  facet normal 0.29189 -0.644248 0.706926
    outer loop
      vertex 4.03947 -9.75213 13.34
      vertex 3.99342 -8.83174 14.1978
      vertex 3.71119 -8.95961 14.1978
    endloop
  endfacet
  facet normal 0.249148 -0.661955 -0.706924
    outer loop
      vertex 3.44415 -8.31492 11.7844
      vertex 4.03947 -9.75213 13.34
      vertex 3.393 -9.99545 13.34
    endloop
  endfacet
  facet normal 0.249134 -0.661957 -0.706927
    outer loop
      vertex 3.44415 -8.31492 11.7844
      vertex 3.393 -9.99545 13.34
      vertex 2.89295 -8.52237 11.7844
    endloop
  endfacet
  facet normal 0.249163 -0.661947 0.706926
    outer loop
      vertex 3.61717 -8.995 14.1978
      vertex 4.03947 -9.75213 13.34
      vertex 3.71119 -8.95961 14.1978
    endloop
  endfacet
  facet normal 0.249147 -0.661954 0.706925
    outer loop
      vertex 4.03947 -9.75213 13.34
      vertex 3.61717 -8.995 14.1978
      vertex 3.40725 -9.07401 14.1978
    endloop
  endfacet
  facet normal 0.249148 -0.661954 0.706925
    outer loop
      vertex 3.40725 -9.07401 14.1978
      vertex 3.393 -9.99545 13.34
      vertex 4.03947 -9.75213 13.34
    endloop
  endfacet
  facet normal 0.249132 -0.661956 0.706928
    outer loop
      vertex 3.11726 -9.18315 14.1978
      vertex 3.393 -9.99545 13.34
      vertex 3.40725 -9.07401 14.1978
    endloop
  endfacet
  facet normal 0.20535 -0.67682 -0.706927
    outer loop
      vertex 2.89295 -8.52237 11.7844
      vertex 3.393 -9.99545 13.34
      vertex 2.732 -10.196 13.34
    endloop
  endfacet
  facet normal 0.205312 -0.676824 -0.706935
    outer loop
      vertex 2.89295 -8.52237 11.7844
      vertex 2.732 -10.196 13.34
      vertex 2.32937 -8.69333 11.7844
    endloop
  endfacet
  facet normal 0.205374 -0.676811 0.706929
    outer loop
      vertex 3.02113 -9.21232 14.1978
      vertex 3.393 -9.99545 13.34
      vertex 3.11726 -9.18315 14.1978
    endloop
  endfacet
  facet normal 0.205314 -0.676834 0.706924
    outer loop
      vertex 3.393 -9.99545 13.34
      vertex 3.02113 -9.21232 14.1978
      vertex 2.80649 -9.27743 14.1978
    endloop
  endfacet
  facet normal 0.205349 -0.676816 0.706932
    outer loop
      vertex 2.80649 -9.27743 14.1978
      vertex 2.732 -10.196 13.34
      vertex 3.393 -9.99545 13.34
    endloop
  endfacet
  facet normal 0.205299 -0.676821 0.706941
    outer loop
      vertex 2.50998 -9.36737 14.1978
      vertex 2.732 -10.196 13.34
      vertex 2.80649 -9.27743 14.1978
    endloop
  endfacet
  facet normal 0.160556 -0.688815 -0.706934
    outer loop
      vertex 2.32937 -8.69333 11.7844
      vertex 2.732 -10.196 13.34
      vertex 2.0593 -10.3528 13.34
    endloop
  endfacet
  facet normal 0.160614 -0.688813 -0.706922
    outer loop
      vertex 2.32937 -8.69333 11.7844
      vertex 2.0593 -10.3528 13.34
      vertex 1.75581 -8.82707 11.7844
    endloop
  endfacet
  facet normal 0.160584 -0.688801 0.706941
    outer loop
      vertex 2.41214 -9.39018 14.1978
      vertex 2.732 -10.196 13.34
      vertex 2.50998 -9.36737 14.1978
    endloop
  endfacet
  facet normal 0.160625 -0.688788 0.706944
    outer loop
      vertex 2.732 -10.196 13.34
      vertex 2.41214 -9.39018 14.1978
      vertex 2.1937 -9.44112 14.1978
    endloop
  endfacet
  facet normal 0.160557 -0.688819 0.706929
    outer loop
      vertex 2.1937 -9.44112 14.1978
      vertex 2.0593 -10.3528 13.34
      vertex 2.732 -10.196 13.34
    endloop
  endfacet
  facet normal 0.160614 -0.688817 0.706918
    outer loop
      vertex 1.89195 -9.51148 14.1978
      vertex 2.0593 -10.3528 13.34
      vertex 2.1937 -9.44112 14.1978
    endloop
  endfacet
  facet normal 0.115197 -0.697847 -0.706922
    outer loop
      vertex 1.75581 -8.82707 11.7844
      vertex 2.0593 -10.3528 13.34
      vertex 1.37779 -10.4653 13.34
    endloop
  endfacet
  facet normal 0.115209 -0.697848 -0.70692
    outer loop
      vertex 1.75581 -8.82707 11.7844
      vertex 1.37779 -10.4653 13.34
      vertex 1.17474 -8.923 11.7844
    endloop
  endfacet
  facet normal 0.115182 -0.697854 0.706918
    outer loop
      vertex 1.79283 -9.52784 14.1978
      vertex 2.0593 -10.3528 13.34
      vertex 1.89195 -9.51148 14.1978
    endloop
  endfacet
  facet normal 0.115225 -0.697844 0.706921
    outer loop
      vertex 2.0593 -10.3528 13.34
      vertex 1.79283 -9.52784 14.1978
      vertex 1.57153 -9.56438 14.1978
    endloop
  endfacet
  facet normal 0.115198 -0.697854 0.706915
    outer loop
      vertex 1.57153 -9.56438 14.1978
      vertex 1.37779 -10.4653 13.34
      vertex 2.0593 -10.3528 13.34
    endloop
  endfacet
  facet normal 0.11521 -0.697854 0.706913
    outer loop
      vertex 1.37779 -10.4653 13.34
      vertex 1.57153 -9.56438 14.1978
      vertex 1.26582 -9.61485 14.1978
    endloop
  endfacet
  facet normal 0.0693221 -0.703889 -0.706919
    outer loop
      vertex 1.17474 -8.923 11.7844
      vertex 1.37779 -10.4653 13.34
      vertex 0.690372 -10.533 13.34
    endloop
  endfacet
  facet normal 0.0693307 -0.70389 -0.706918
    outer loop
      vertex 1.17474 -8.923 11.7844
      vertex 0.690372 -10.533 13.34
      vertex 0.588628 -8.98073 11.7844
    endloop
  endfacet
  facet normal 0.0693473 -0.703892 0.706913
    outer loop
      vertex 1.16584 -9.6247 14.1978
      vertex 1.37779 -10.4653 13.34
      vertex 1.26582 -9.61485 14.1978
    endloop
  endfacet
  facet normal 0.0693126 -0.703899 0.706911
    outer loop
      vertex 1.37779 -10.4653 13.34
      vertex 1.16584 -9.6247 14.1978
      vertex 0.942624 -9.64668 14.1978
    endloop
  endfacet
  facet normal 0.0693228 -0.703895 0.706913
    outer loop
      vertex 0.942624 -9.64668 14.1978
      vertex 0.690372 -10.533 13.34
      vertex 1.37779 -10.4653 13.34
    endloop
  endfacet
  facet normal 0.0693265 -0.703896 0.706912
    outer loop
      vertex 0.690372 -10.533 13.34
      vertex 0.942624 -9.64668 14.1978
      vertex 0.634267 -9.67705 14.1978
    endloop
  endfacet
  facet normal 0.0231416 -0.706917 -0.706918
    outer loop
      vertex 0.588628 -8.98073 11.7844
      vertex 0.690372 -10.533 13.34
      vertex 0 -10.5556 13.34
    endloop
  endfacet
  facet normal 0.0231425 -0.706917 -0.706917
    outer loop
      vertex 0 -9 11.7844
      vertex 0.588628 -8.98073 11.7844
      vertex 0 -10.5556 13.34
    endloop
  endfacet
  facet normal 0.023146 -0.706924 0.706911
    outer loop
      vertex 0.690372 -10.533 13.34
      vertex 0.533861 -9.68034 14.1978
      vertex 0.309683 -9.68768 14.1978
    endloop
  endfacet
  facet normal 0.0231637 -0.706922 0.706912
    outer loop
      vertex 0.533861 -9.68034 14.1978
      vertex 0.690372 -10.533 13.34
      vertex 0.634267 -9.67705 14.1978
    endloop
  endfacet
  facet normal 0.023147 -0.706926 0.706909
    outer loop
      vertex 0 -10.5556 13.34
      vertex 0.309683 -9.68768 14.1978
      vertex 0 -9.69782 14.1978
    endloop
  endfacet
  facet normal 0.0231419 -0.706925 0.70691
    outer loop
      vertex 0.309683 -9.68768 14.1978
      vertex 0 -10.5556 13.34
      vertex 0.690372 -10.533 13.34
    endloop
  endfacet
  facet normal -0.0231416 -0.706917 -0.706917
    outer loop
      vertex 0 -9 11.7844
      vertex 0 -10.5556 13.34
      vertex -0.690372 -10.533 13.34
    endloop
  endfacet
  facet normal -0.0231425 -0.706917 -0.706918
    outer loop
      vertex -0.588628 -8.98073 11.7844
      vertex 0 -9 11.7844
      vertex -0.690372 -10.533 13.34
    endloop
  endfacet
  facet normal -0.023146 -0.706925 0.70691
    outer loop
      vertex 0 -10.5556 13.34
      vertex -0.100407 -9.69453 14.1978
      vertex -0.324585 -9.68719 14.1978
    endloop
  endfacet
  facet normal -0.0231636 -0.706925 0.706909
    outer loop
      vertex -0.100407 -9.69453 14.1978
      vertex 0 -10.5556 13.34
      vertex 0 -9.69782 14.1978
    endloop
  endfacet
  facet normal -0.023147 -0.706923 0.706912
    outer loop
      vertex -0.634267 -9.67705 14.1978
      vertex -0.690372 -10.533 13.34
      vertex -0.324585 -9.68719 14.1978
    endloop
  endfacet
  facet normal -0.0231418 -0.706924 0.706911
    outer loop
      vertex -0.324585 -9.68719 14.1978
      vertex -0.690372 -10.533 13.34
      vertex 0 -10.5556 13.34
    endloop
  endfacet
  facet normal -0.0693223 -0.70389 -0.706918
    outer loop
      vertex -0.588628 -8.98073 11.7844
      vertex -0.690372 -10.533 13.34
      vertex -1.37779 -10.4653 13.34
    endloop
  endfacet
  facet normal -0.0693305 -0.703888 -0.706919
    outer loop
      vertex -1.17474 -8.923 11.7844
      vertex -0.588628 -8.98073 11.7844
      vertex -1.37779 -10.4653 13.34
    endloop
  endfacet
  facet normal -0.0692797 -0.7039 0.706913
    outer loop
      vertex -0.734244 -9.66721 14.1978
      vertex -0.690372 -10.533 13.34
      vertex -0.634267 -9.67705 14.1978
    endloop
  endfacet
  facet normal -0.0693435 -0.703898 0.706908
    outer loop
      vertex -0.690372 -10.533 13.34
      vertex -0.734244 -9.66721 14.1978
      vertex -0.957462 -9.64522 14.1978
    endloop
  endfacet
  facet normal -0.0693262 -0.703895 0.706913
    outer loop
      vertex -1.37779 -10.4653 13.34
      vertex -0.957462 -9.64522 14.1978
      vertex -1.26582 -9.61485 14.1978
    endloop
  endfacet
  facet normal -0.0693228 -0.703896 0.706912
    outer loop
      vertex -0.957462 -9.64522 14.1978
      vertex -1.37779 -10.4653 13.34
      vertex -0.690372 -10.533 13.34
    endloop
  endfacet
  facet normal -0.115197 -0.69785 -0.70692
    outer loop
      vertex -1.17474 -8.923 11.7844
      vertex -1.37779 -10.4653 13.34
      vertex -2.0593 -10.3528 13.34
    endloop
  endfacet
  facet normal -0.115209 -0.697845 -0.706922
    outer loop
      vertex -1.75581 -8.82707 11.7844
      vertex -1.17474 -8.923 11.7844
      vertex -2.0593 -10.3528 13.34
    endloop
  endfacet
  facet normal -0.115183 -0.697858 0.706914
    outer loop
      vertex -1.36494 -9.59849 14.1978
      vertex -1.37779 -10.4653 13.34
      vertex -1.26582 -9.61485 14.1978
    endloop
  endfacet
  facet normal -0.115226 -0.697854 0.70691
    outer loop
      vertex -1.37779 -10.4653 13.34
      vertex -1.36494 -9.59849 14.1978
      vertex -1.58624 -9.56195 14.1978
    endloop
  endfacet
  facet normal -0.115209 -0.697849 0.706918
    outer loop
      vertex -2.0593 -10.3528 13.34
      vertex -1.58624 -9.56195 14.1978
      vertex -1.89195 -9.51148 14.1978
    endloop
  endfacet
  facet normal -0.115198 -0.697853 0.706916
    outer loop
      vertex -1.58624 -9.56195 14.1978
      vertex -2.0593 -10.3528 13.34
      vertex -1.37779 -10.4653 13.34
    endloop
  endfacet
  facet normal -0.160559 -0.688825 -0.706923
    outer loop
      vertex -1.75581 -8.82707 11.7844
      vertex -2.0593 -10.3528 13.34
      vertex -2.732 -10.196 13.34
    endloop
  endfacet
  facet normal -0.160611 -0.688801 -0.706935
    outer loop
      vertex -2.32937 -8.69333 11.7844
      vertex -1.75581 -8.82707 11.7844
      vertex -2.732 -10.196 13.34
    endloop
  endfacet
  facet normal -0.160656 -0.688808 0.706918
    outer loop
      vertex -1.98979 -9.48866 14.1978
      vertex -2.0593 -10.3528 13.34
      vertex -1.89195 -9.51148 14.1978
    endloop
  endfacet
  facet normal -0.160607 -0.688816 0.706921
    outer loop
      vertex -2.0593 -10.3528 13.34
      vertex -1.98979 -9.48866 14.1978
      vertex -2.20822 -9.43773 14.1978
    endloop
  endfacet
  facet normal -0.160603 -0.688796 0.706941
    outer loop
      vertex -2.732 -10.196 13.34
      vertex -2.20822 -9.43773 14.1978
      vertex -2.50998 -9.36737 14.1978
    endloop
  endfacet
  facet normal -0.160557 -0.688817 0.706932
    outer loop
      vertex -2.20822 -9.43773 14.1978
      vertex -2.732 -10.196 13.34
      vertex -2.0593 -10.3528 13.34
    endloop
  endfacet
  facet normal -0.205348 -0.676814 -0.706934
    outer loop
      vertex -2.32937 -8.69333 11.7844
      vertex -2.732 -10.196 13.34
      vertex -3.393 -9.99545 13.34
    endloop
  endfacet
  facet normal -0.205314 -0.676832 -0.706926
    outer loop
      vertex -2.89295 -8.52237 11.7844
      vertex -2.32937 -8.69333 11.7844
      vertex -3.393 -9.99545 13.34
    endloop
  endfacet
  facet normal -0.205306 -0.676819 0.706941
    outer loop
      vertex -2.60611 -9.33821 14.1978
      vertex -2.732 -10.196 13.34
      vertex -2.50998 -9.36737 14.1978
    endloop
  endfacet
  facet normal -0.205309 -0.676818 0.706941
    outer loop
      vertex -2.732 -10.196 13.34
      vertex -2.60611 -9.33821 14.1978
      vertex -2.82075 -9.2731 14.1978
    endloop
  endfacet
  facet normal -0.205324 -0.676827 0.706928
    outer loop
      vertex -3.393 -9.99545 13.34
      vertex -2.82075 -9.2731 14.1978
      vertex -3.11726 -9.18315 14.1978
    endloop
  endfacet
  facet normal -0.205348 -0.676814 0.706933
    outer loop
      vertex -2.82075 -9.2731 14.1978
      vertex -3.393 -9.99545 13.34
      vertex -2.732 -10.196 13.34
    endloop
  endfacet
  facet normal -0.249147 -0.661952 -0.706926
    outer loop
      vertex -2.89295 -8.52237 11.7844
      vertex -3.393 -9.99545 13.34
      vertex -4.03947 -9.75213 13.34
    endloop
  endfacet
  facet normal -0.249136 -0.66196 -0.706924
    outer loop
      vertex -3.44415 -8.31492 11.7844
      vertex -2.89295 -8.52237 11.7844
      vertex -4.03947 -9.75213 13.34
    endloop
  endfacet
  facet normal -0.2491 -0.661968 0.706928
    outer loop
      vertex -3.21128 -9.14777 14.1978
      vertex -3.393 -9.99545 13.34
      vertex -3.11726 -9.18315 14.1978
    endloop
  endfacet
  facet normal -0.249147 -0.661954 0.706925
    outer loop
      vertex -3.393 -9.99545 13.34
      vertex -3.21128 -9.14777 14.1978
      vertex -3.4212 -9.06876 14.1978
    endloop
  endfacet
  facet normal -0.249153 -0.661951 0.706926
    outer loop
      vertex -4.03947 -9.75213 13.34
      vertex -3.4212 -9.06876 14.1978
      vertex -3.71119 -8.95961 14.1978
    endloop
  endfacet
  facet normal -0.249148 -0.661954 0.706925
    outer loop
      vertex -3.4212 -9.06876 14.1978
      vertex -4.03947 -9.75213 13.34
      vertex -3.393 -9.99545 13.34
    endloop
  endfacet
  facet normal -0.291901 -0.644246 -0.706924
    outer loop
      vertex -3.44415 -8.31492 11.7844
      vertex -4.03947 -9.75213 13.34
      vertex -4.66864 -9.46706 13.34
    endloop
  endfacet
  facet normal -0.29191 -0.644239 -0.706926
    outer loop
      vertex -3.9806 -8.07185 11.7844
      vertex -3.44415 -8.31492 11.7844
      vertex -4.66864 -9.46706 13.34
    endloop
  endfacet
  facet normal -0.291903 -0.644243 0.706926
    outer loop
      vertex -3.71119 -8.95961 14.1978
      vertex -4.007 -8.82558 14.1978
      vertex -4.03947 -9.75213 13.34
    endloop
  endfacet
  facet normal -0.29189 -0.64425 0.706924
    outer loop
      vertex -4.66864 -9.46706 13.34
      vertex -4.007 -8.82558 14.1978
      vertex -4.28923 -8.69771 14.1978
    endloop
  endfacet
  facet normal -0.2919 -0.644243 0.706927
    outer loop
      vertex -4.007 -8.82558 14.1978
      vertex -4.66864 -9.46706 13.34
      vertex -4.03947 -9.75213 13.34
    endloop
  endfacet
  facet normal -0.33341 -0.623773 -0.706926
    outer loop
      vertex -3.9806 -8.07185 11.7844
      vertex -4.66864 -9.46706 13.34
      vertex -5.27782 -9.14145 13.34
    endloop
  endfacet
  facet normal -0.333408 -0.623775 -0.706926
    outer loop
      vertex -4.5 -7.79423 11.7844
      vertex -3.9806 -8.07185 11.7844
      vertex -5.27782 -9.14145 13.34
    endloop
  endfacet
  facet normal -0.333395 -0.62378 0.706927
    outer loop
      vertex -4.66864 -9.46706 13.34
      vertex -4.37783 -8.65035 14.1978
      vertex -4.57565 -8.54462 14.1978
    endloop
  endfacet
  facet normal -0.333426 -0.623766 0.706925
    outer loop
      vertex -4.37783 -8.65035 14.1978
      vertex -4.66864 -9.46706 13.34
      vertex -4.28923 -8.69771 14.1978
    endloop
  endfacet
  facet normal -0.333413 -0.623774 0.706924
    outer loop
      vertex -5.27782 -9.14145 13.34
      vertex -4.57565 -8.54462 14.1978
      vertex -4.84891 -8.39856 14.1978
    endloop
  endfacet
  facet normal -0.333411 -0.623775 0.706924
    outer loop
      vertex -4.57565 -8.54462 14.1978
      vertex -5.27782 -9.14145 13.34
      vertex -4.66864 -9.46706 13.34
    endloop
  endfacet
  facet normal -0.373497 -0.60063 -0.706926
    outer loop
      vertex -4.5 -7.79423 11.7844
      vertex -5.27782 -9.14145 13.34
      vertex -5.8644 -8.77669 13.34
    endloop
  endfacet
  facet normal -0.373495 -0.600631 -0.706925
    outer loop
      vertex -5.00013 -7.48323 11.7844
      vertex -4.5 -7.79423 11.7844
      vertex -5.8644 -8.77669 13.34
    endloop
  endfacet
  facet normal -0.373501 -0.600629 0.706924
    outer loop
      vertex -4.93422 -8.34551 14.1978
      vertex -5.27782 -9.14145 13.34
      vertex -4.84891 -8.39856 14.1978
    endloop
  endfacet
  facet normal -0.373516 -0.600621 0.706923
    outer loop
      vertex -5.27782 -9.14145 13.34
      vertex -4.93422 -8.34551 14.1978
      vertex -5.12469 -8.22706 14.1978
    endloop
  endfacet
  facet normal -0.373488 -0.600636 0.706925
    outer loop
      vertex -5.8644 -8.77669 13.34
      vertex -5.12469 -8.22706 14.1978
      vertex -5.38782 -8.06344 14.1978
    endloop
  endfacet
  facet normal -0.373496 -0.600629 0.706927
    outer loop
      vertex -5.12469 -8.22706 14.1978
      vertex -5.8644 -8.77669 13.34
      vertex -5.27782 -9.14145 13.34
    endloop
  endfacet
  facet normal -0.411982 -0.574915 -0.706925
    outer loop
      vertex -5.00013 -7.48323 11.7844
      vertex -5.8644 -8.77669 13.34
      vertex -6.42586 -8.37435 13.34
    endloop
  endfacet
  facet normal -0.411983 -0.574914 -0.706926
    outer loop
      vertex -5.47885 -7.14018 11.7844
      vertex -5.00013 -7.48323 11.7844
      vertex -6.42586 -8.37435 13.34
    endloop
  endfacet
  facet normal -0.411995 -0.574906 0.706925
    outer loop
      vertex -5.46948 -8.00492 14.1978
      vertex -5.8644 -8.77669 13.34
      vertex -5.38782 -8.06344 14.1978
    endloop
  endfacet
  facet normal -0.41196 -0.574927 0.706928
    outer loop
      vertex -5.8644 -8.77669 13.34
      vertex -5.46948 -8.00492 14.1978
      vertex -5.6518 -7.87428 14.1978
    endloop
  endfacet
  facet normal -0.411981 -0.57492 0.706922
    outer loop
      vertex -6.42586 -8.37435 13.34
      vertex -5.6518 -7.87428 14.1978
      vertex -5.90366 -7.6938 14.1978
    endloop
  endfacet
  facet normal -0.411983 -0.574917 0.706923
    outer loop
      vertex -5.6518 -7.87428 14.1978
      vertex -6.42586 -8.37435 13.34
      vertex -5.8644 -8.77669 13.34
    endloop
  endfacet
  facet normal -0.448698 -0.546742 -0.706926
    outer loop
      vertex -5.47885 -7.14018 11.7844
      vertex -6.42586 -8.37435 13.34
      vertex -6.95981 -7.93615 13.34
    endloop
  endfacet
  facet normal -0.448697 -0.546742 -0.706925
    outer loop
      vertex -5.93411 -6.76656 11.7844
      vertex -5.47885 -7.14018 11.7844
      vertex -6.95981 -7.93615 13.34
    endloop
  endfacet
  facet normal -0.448762 -0.546695 0.706921
    outer loop
      vertex -5.98131 -7.63006 14.1978
      vertex -6.42586 -8.37435 13.34
      vertex -5.90366 -7.6938 14.1978
    endloop
  endfacet
  facet normal -0.448683 -0.546751 0.706928
    outer loop
      vertex -6.42586 -8.37435 13.34
      vertex -5.98131 -7.63006 14.1978
      vertex -6.1547 -7.48777 14.1978
    endloop
  endfacet
  facet normal -0.44871 -0.546729 0.706928
    outer loop
      vertex -6.95981 -7.93615 13.34
      vertex -6.1547 -7.48777 14.1978
      vertex -6.39421 -7.2912 14.1978
    endloop
  endfacet
  facet normal -0.448698 -0.546742 0.706925
    outer loop
      vertex -6.1547 -7.48777 14.1978
      vertex -6.95981 -7.93615 13.34
      vertex -6.42586 -8.37435 13.34
    endloop
  endfacet
  facet normal -0.483498 -0.516223 -0.706925
    outer loop
      vertex -5.93411 -6.76656 11.7844
      vertex -6.95981 -7.93615 13.34
      vertex -7.46396 -7.46396 13.34
    endloop
  endfacet
  facet normal -0.483498 -0.516223 -0.706925
    outer loop
      vertex -6.36396 -6.36396 11.7844
      vertex -5.93411 -6.76656 11.7844
      vertex -7.46396 -7.46396 13.34
    endloop
  endfacet
  facet normal -0.483512 -0.516213 0.706923
    outer loop
      vertex -6.95981 -7.93615 13.34
      vertex -6.46754 -7.22253 14.1978
      vertex -6.63124 -7.0692 14.1978
    endloop
  endfacet
  facet normal -0.483453 -0.516261 0.706929
    outer loop
      vertex -6.46754 -7.22253 14.1978
      vertex -6.95981 -7.93615 13.34
      vertex -6.39421 -7.2912 14.1978
    endloop
  endfacet
  facet normal -0.483494 -0.516227 0.706925
    outer loop
      vertex -7.46396 -7.46396 13.34
      vertex -6.63124 -7.0692 14.1978
      vertex -6.85739 -6.85739 14.1978
    endloop
  endfacet
  facet normal -0.483497 -0.516222 0.706927
    outer loop
      vertex -6.63124 -7.0692 14.1978
      vertex -7.46396 -7.46396 13.34
      vertex -6.95981 -7.93615 13.34
    endloop
  endfacet
  facet normal -0.516223 -0.483498 -0.706925
    outer loop
      vertex -6.36396 -6.36396 11.7844
      vertex -7.46396 -7.46396 13.34
      vertex -7.93615 -6.95981 13.34
    endloop
  endfacet
  facet normal -0.516223 -0.483498 -0.706925
    outer loop
      vertex -6.76656 -5.93411 11.7844
      vertex -6.36396 -6.36396 11.7844
      vertex -7.93615 -6.95981 13.34
    endloop
  endfacet
  facet normal -0.516245 -0.483481 0.706921
    outer loop
      vertex -7.46396 -7.46396 13.34
      vertex -6.92607 -6.78407 14.1978
      vertex -7.07939 -6.62036 14.1978
    endloop
  endfacet
  facet normal -0.516194 -0.483527 0.706926
    outer loop
      vertex -6.92607 -6.78407 14.1978
      vertex -7.46396 -7.46396 13.34
      vertex -6.85739 -6.85739 14.1978
    endloop
  endfacet
  facet normal -0.516225 -0.483492 0.706928
    outer loop
      vertex -7.93615 -6.95981 13.34
      vertex -7.07939 -6.62036 14.1978
      vertex -7.2912 -6.39421 14.1978
    endloop
  endfacet
  facet normal -0.516222 -0.483497 0.706927
    outer loop
      vertex -7.07939 -6.62036 14.1978
      vertex -7.93615 -6.95981 13.34
      vertex -7.46396 -7.46396 13.34
    endloop
  endfacet
  facet normal -0.546742 -0.448698 -0.706925
    outer loop
      vertex -6.76656 -5.93411 11.7844
      vertex -7.93615 -6.95981 13.34
      vertex -8.37435 -6.42586 13.34
    endloop
  endfacet
  facet normal -0.546742 -0.448697 -0.706926
    outer loop
      vertex -7.14018 -5.47885 11.7844
      vertex -6.76656 -5.93411 11.7844
      vertex -8.37435 -6.42586 13.34
    endloop
  endfacet
  facet normal -0.546689 -0.448757 0.706929
    outer loop
      vertex -7.35494 -6.31656 14.1978
      vertex -7.93615 -6.95981 13.34
      vertex -7.2912 -6.39421 14.1978
    endloop
  endfacet
  facet normal -0.546755 -0.448687 0.706922
    outer loop
      vertex -7.93615 -6.95981 13.34
      vertex -7.35494 -6.31656 14.1978
      vertex -7.49723 -6.14317 14.1978
    endloop
  endfacet
  facet normal -0.546733 -0.448714 0.706922
    outer loop
      vertex -8.37435 -6.42586 13.34
      vertex -7.49723 -6.14317 14.1978
      vertex -7.6938 -5.90366 14.1978
    endloop
  endfacet
  facet normal -0.546742 -0.448698 0.706925
    outer loop
      vertex -7.49723 -6.14317 14.1978
      vertex -8.37435 -6.42586 13.34
      vertex -7.93615 -6.95981 13.34
    endloop
  endfacet
  facet normal -0.574915 -0.411982 -0.706926
    outer loop
      vertex -7.14018 -5.47885 11.7844
      vertex -8.37435 -6.42586 13.34
      vertex -8.77669 -5.8644 13.34
    endloop
  endfacet
  facet normal -0.574914 -0.411983 -0.706925
    outer loop
      vertex -7.48323 -5.00013 11.7844
      vertex -7.14018 -5.47885 11.7844
      vertex -8.77669 -5.8644 13.34
    endloop
  endfacet
  facet normal -0.574942 -0.41195 0.706922
    outer loop
      vertex -7.75231 -5.822 14.1978
      vertex -8.37435 -6.42586 13.34
      vertex -7.6938 -5.90366 14.1978
    endloop
  endfacet
  facet normal -0.574915 -0.411983 0.706925
    outer loop
      vertex -8.37435 -6.42586 13.34
      vertex -7.75231 -5.822 14.1978
      vertex -7.88296 -5.63968 14.1978
    endloop
  endfacet
  facet normal -0.574915 -0.411982 0.706925
    outer loop
      vertex -8.06344 -5.38782 14.1978
      vertex -8.77669 -5.8644 13.34
      vertex -8.37435 -6.42586 13.34
    endloop
  endfacet
  facet normal -0.574918 -0.41198 0.706924
    outer loop
      vertex -7.88296 -5.63968 14.1978
      vertex -8.06344 -5.38782 14.1978
      vertex -8.37435 -6.42586 13.34
    endloop
  endfacet
  facet normal -0.60063 -0.373497 -0.706925
    outer loop
      vertex -7.48323 -5.00013 11.7844
      vertex -8.77669 -5.8644 13.34
      vertex -9.14145 -5.27782 13.34
    endloop
  endfacet
  facet normal -0.600631 -0.373495 -0.706926
    outer loop
      vertex -7.79423 -4.5 11.7844
      vertex -7.48323 -5.00013 11.7844
      vertex -9.14145 -5.27782 13.34
    endloop
  endfacet
  facet normal -0.600644 -0.373479 0.706923
    outer loop
      vertex -8.77669 -5.8644 13.34
      vertex -8.11649 -5.30251 14.1978
      vertex -8.23493 -5.11203 14.1978
    endloop
  endfacet
  facet normal -0.600628 -0.3735 0.706925
    outer loop
      vertex -8.11649 -5.30251 14.1978
      vertex -8.77669 -5.8644 13.34
      vertex -8.06344 -5.38782 14.1978
    endloop
  endfacet
  facet normal -0.60062 -0.373516 0.706924
    outer loop
      vertex -9.14145 -5.27782 13.34
      vertex -8.23493 -5.11203 14.1978
      vertex -8.39856 -4.84891 14.1978
    endloop
  endfacet
  facet normal -0.600628 -0.373496 0.706928
    outer loop
      vertex -8.23493 -5.11203 14.1978
      vertex -9.14145 -5.27782 13.34
      vertex -8.77669 -5.8644 13.34
    endloop
  endfacet
  facet normal -0.623774 -0.33341 -0.706926
    outer loop
      vertex -7.79423 -4.5 11.7844
      vertex -9.14145 -5.27782 13.34
      vertex -9.46706 -4.66864 13.34
    endloop
  endfacet
  facet normal -0.623774 -0.333408 -0.706926
    outer loop
      vertex -8.07185 -3.9806 11.7844
      vertex -7.79423 -4.5 11.7844
      vertex -9.46706 -4.66864 13.34
    endloop
  endfacet
  facet normal -0.623759 -0.333432 0.706929
    outer loop
      vertex -9.14145 -5.27782 13.34
      vertex -8.44591 -4.76031 14.1978
      vertex -8.55165 -4.5625 14.1978
    endloop
  endfacet
  facet normal -0.623797 -0.333372 0.706923
    outer loop
      vertex -8.44591 -4.76031 14.1978
      vertex -9.14145 -5.27782 13.34
      vertex -8.39856 -4.84891 14.1978
    endloop
  endfacet
  facet normal -0.623778 -0.333403 0.706925
    outer loop
      vertex -9.46706 -4.66864 13.34
      vertex -8.55165 -4.5625 14.1978
      vertex -8.69771 -4.28923 14.1978
    endloop
  endfacet
  facet normal -0.623776 -0.333411 0.706923
    outer loop
      vertex -8.55165 -4.5625 14.1978
      vertex -9.46706 -4.66864 13.34
      vertex -9.14145 -5.27782 13.34
    endloop
  endfacet
  facet normal -0.644244 -0.2919 -0.706926
    outer loop
      vertex -8.07185 -3.9806 11.7844
      vertex -9.46706 -4.66864 13.34
      vertex -9.75213 -4.03947 13.34
    endloop
  endfacet
  facet normal -0.644241 -0.291911 -0.706924
    outer loop
      vertex -8.31492 -3.44415 11.7844
      vertex -8.07185 -3.9806 11.7844
      vertex -9.75213 -4.03947 13.34
    endloop
  endfacet
  facet normal -0.644244 -0.291904 0.706925
    outer loop
      vertex -8.69771 -4.28923 14.1978
      vertex -8.83174 -3.99342 14.1978
      vertex -9.46706 -4.66864 13.34
    endloop
  endfacet
  facet normal -0.644248 -0.29189 0.706926
    outer loop
      vertex -9.75213 -4.03947 13.34
      vertex -8.83174 -3.99342 14.1978
      vertex -8.95961 -3.71119 14.1978
    endloop
  endfacet
  facet normal -0.644246 -0.291901 0.706924
    outer loop
      vertex -8.83174 -3.99342 14.1978
      vertex -9.75213 -4.03947 13.34
      vertex -9.46706 -4.66864 13.34
    endloop
  endfacet
  facet normal -0.661955 -0.249148 -0.706924
    outer loop
      vertex -8.31492 -3.44415 11.7844
      vertex -9.75213 -4.03947 13.34
      vertex -9.99545 -3.393 13.34
    endloop
  endfacet
  facet normal -0.661957 -0.249134 -0.706927
    outer loop
      vertex -8.52237 -2.89295 11.7844
      vertex -8.31492 -3.44415 11.7844
      vertex -9.99545 -3.393 13.34
    endloop
  endfacet
  facet normal -0.661954 -0.249147 0.706925
    outer loop
      vertex -9.75213 -4.03947 13.34
      vertex -8.995 -3.61717 14.1978
      vertex -9.07401 -3.40725 14.1978
    endloop
  endfacet
  facet normal -0.661947 -0.249163 0.706926
    outer loop
      vertex -8.995 -3.61717 14.1978
      vertex -9.75213 -4.03947 13.34
      vertex -8.95961 -3.71119 14.1978
    endloop
  endfacet
  facet normal -0.661951 -0.249147 0.706928
    outer loop
      vertex -9.18315 -3.11726 14.1978
      vertex -9.99545 -3.393 13.34
      vertex -9.75213 -4.03947 13.34
    endloop
  endfacet
  facet normal -0.661962 -0.249135 0.706922
    outer loop
      vertex -9.07401 -3.40725 14.1978
      vertex -9.18315 -3.11726 14.1978
      vertex -9.75213 -4.03947 13.34
    endloop
  endfacet
  facet normal -0.67682 -0.20535 -0.706927
    outer loop
      vertex -8.52237 -2.89295 11.7844
      vertex -9.99545 -3.393 13.34
      vertex -10.196 -2.732 13.34
    endloop
  endfacet
  facet normal -0.676824 -0.205312 -0.706935
    outer loop
      vertex -8.69333 -2.32937 11.7844
      vertex -8.52237 -2.89295 11.7844
      vertex -10.196 -2.732 13.34
    endloop
  endfacet
  facet normal -0.676811 -0.205374 0.706929
    outer loop
      vertex -9.21232 -3.02113 14.1978
      vertex -9.99545 -3.393 13.34
      vertex -9.18315 -3.11726 14.1978
    endloop
  endfacet
  facet normal -0.676834 -0.205314 0.706924
    outer loop
      vertex -9.99545 -3.393 13.34
      vertex -9.21232 -3.02113 14.1978
      vertex -9.27743 -2.80649 14.1978
    endloop
  endfacet
  facet normal -0.676807 -0.205346 0.706941
    outer loop
      vertex -9.36737 -2.50998 14.1978
      vertex -10.196 -2.732 13.34
      vertex -9.99545 -3.393 13.34
    endloop
  endfacet
  facet normal -0.676839 -0.205305 0.706922
    outer loop
      vertex -9.27743 -2.80649 14.1978
      vertex -9.36737 -2.50998 14.1978
      vertex -9.99545 -3.393 13.34
    endloop
  endfacet
  facet normal -0.688815 -0.160556 -0.706934
    outer loop
      vertex -8.69333 -2.32937 11.7844
      vertex -10.196 -2.732 13.34
      vertex -10.3528 -2.0593 13.34
    endloop
  endfacet
  facet normal -0.688813 -0.160614 -0.706922
    outer loop
      vertex -8.82707 -1.75581 11.7844
      vertex -8.69333 -2.32937 11.7844
      vertex -10.3528 -2.0593 13.34
    endloop
  endfacet
  facet normal -0.688788 -0.160625 0.706944
    outer loop
      vertex -10.196 -2.732 13.34
      vertex -9.39018 -2.41214 14.1978
      vertex -9.44112 -2.1937 14.1978
    endloop
  endfacet
  facet normal -0.688801 -0.160584 0.706941
    outer loop
      vertex -9.39018 -2.41214 14.1978
      vertex -10.196 -2.732 13.34
      vertex -9.36737 -2.50998 14.1978
    endloop
  endfacet
  facet normal -0.688829 -0.16056 0.706919
    outer loop
      vertex -9.51148 -1.89195 14.1978
      vertex -10.3528 -2.0593 13.34
      vertex -10.196 -2.732 13.34
    endloop
  endfacet
  facet normal -0.688796 -0.160609 0.706941
    outer loop
      vertex -9.44112 -2.1937 14.1978
      vertex -9.51148 -1.89195 14.1978
      vertex -10.196 -2.732 13.34
    endloop
  endfacet
  facet normal -0.697847 -0.115197 -0.706922
    outer loop
      vertex -8.82707 -1.75581 11.7844
      vertex -10.3528 -2.0593 13.34
      vertex -10.4653 -1.37779 13.34
    endloop
  endfacet
  facet normal -0.697848 -0.115209 -0.70692
    outer loop
      vertex -8.923 -1.17474 11.7844
      vertex -8.82707 -1.75581 11.7844
      vertex -10.4653 -1.37779 13.34
    endloop
  endfacet
  facet normal -0.697844 -0.115225 0.706921
    outer loop
      vertex -10.3528 -2.0593 13.34
      vertex -9.52784 -1.79283 14.1978
      vertex -9.56438 -1.57153 14.1978
    endloop
  endfacet
  facet normal -0.697854 -0.115182 0.706918
    outer loop
      vertex -9.52784 -1.79283 14.1978
      vertex -10.3528 -2.0593 13.34
      vertex -9.51148 -1.89195 14.1978
    endloop
  endfacet
  facet normal -0.697854 -0.11521 0.706913
    outer loop
      vertex -10.4653 -1.37779 13.34
      vertex -9.56438 -1.57153 14.1978
      vertex -9.61485 -1.26582 14.1978
    endloop
  endfacet
  facet normal -0.697854 -0.115198 0.706915
    outer loop
      vertex -9.56438 -1.57153 14.1978
      vertex -10.4653 -1.37779 13.34
      vertex -10.3528 -2.0593 13.34
    endloop
  endfacet
  facet normal -0.703889 -0.0693221 -0.706919
    outer loop
      vertex -8.923 -1.17474 11.7844
      vertex -10.4653 -1.37779 13.34
      vertex -10.533 -0.690372 13.34
    endloop
  endfacet
  facet normal -0.70389 -0.0693307 -0.706918
    outer loop
      vertex -8.98073 -0.588628 11.7844
      vertex -8.923 -1.17474 11.7844
      vertex -10.533 -0.690372 13.34
    endloop
  endfacet
  facet normal -0.703892 -0.0693473 0.706913
    outer loop
      vertex -10.4653 -1.37779 13.34
      vertex -9.61485 -1.26582 14.1978
      vertex -9.6247 -1.16584 14.1978
    endloop
  endfacet
  facet normal -0.703899 -0.0693126 0.706911
    outer loop
      vertex -10.4653 -1.37779 13.34
      vertex -9.6247 -1.16584 14.1978
      vertex -9.64668 -0.942624 14.1978
    endloop
  endfacet
  facet normal -0.703896 -0.0693265 0.706912
    outer loop
      vertex -10.533 -0.690372 13.34
      vertex -9.64668 -0.942624 14.1978
      vertex -9.67705 -0.634267 14.1978
    endloop
  endfacet
  facet normal -0.703895 -0.0693228 0.706913
    outer loop
      vertex -9.64668 -0.942624 14.1978
      vertex -10.533 -0.690372 13.34
      vertex -10.4653 -1.37779 13.34
    endloop
  endfacet
  facet normal -0.706917 -0.0231416 -0.706918
    outer loop
      vertex -8.98073 -0.588628 11.7844
      vertex -10.533 -0.690372 13.34
      vertex -10.5556 0 13.34
    endloop
  endfacet
  facet normal -0.706917 -0.0231425 -0.706917
    outer loop
      vertex -9 0 11.7844
      vertex -8.98073 -0.588628 11.7844
      vertex -10.5556 0 13.34
    endloop
  endfacet
  facet normal -0.706924 -0.023146 0.706911
    outer loop
      vertex -10.533 -0.690372 13.34
      vertex -9.68034 -0.533861 14.1978
      vertex -9.68768 -0.309683 14.1978
    endloop
  endfacet
  facet normal -0.706922 -0.0231637 0.706912
    outer loop
      vertex -9.68034 -0.533861 14.1978
      vertex -10.533 -0.690372 13.34
      vertex -9.67705 -0.634267 14.1978
    endloop
  endfacet
  facet normal -0.706926 -0.023147 0.706909
    outer loop
      vertex -10.5556 0 13.34
      vertex -9.68768 -0.309683 14.1978
      vertex -9.69782 0 14.1978
    endloop
  endfacet
  facet normal -0.706925 -0.0231419 0.70691
    outer loop
      vertex -9.68768 -0.309683 14.1978
      vertex -10.5556 0 13.34
      vertex -10.533 -0.690372 13.34
    endloop
  endfacet
  facet normal -0.999466 0.0326856 0
    outer loop
      vertex -18 0 0.599991
      vertex -17.9615 1.17726 3
      vertex -17.9615 1.17726 0.599991
    endloop
  endfacet
  facet normal -0.999466 0.0326856 0
    outer loop
      vertex -17.9615 1.17726 3
      vertex -18 0 0.599991
      vertex -18 0 3
    endloop
  endfacet
  facet normal -0.447164 0.0146389 0.894332
    outer loop
      vertex -17.9615 1.17726 3
      vertex -9 0 7.5
      vertex -8.98073 0.588628 7.5
    endloop
  endfacet
  facet normal -0.447166 0.0146237 0.894332
    outer loop
      vertex -9 0 7.5
      vertex -17.9615 1.17726 3
      vertex -18 0 3
    endloop
  endfacet
  facet normal -0.999465 0.0327196 0
    outer loop
      vertex -9 0 7.5
      vertex -8.98073 0.588628 8.10436
      vertex -8.98073 0.588628 7.5
    endloop
  endfacet
  facet normal -0.999465 0.0327196 0
    outer loop
      vertex -8.98073 0.588628 8.10436
      vertex -9 0 7.5
      vertex -9 0 8.10436
    endloop
  endfacet
  facet normal -0.999465 0.0327196 0
    outer loop
      vertex -9 0 11.2156
      vertex -8.98073 0.588628 11.7844
      vertex -8.98073 0.588628 11.2156
    endloop
  endfacet
  facet normal -0.999465 0.0327196 0
    outer loop
      vertex -8.98073 0.588628 11.7844
      vertex -9 0 11.2156
      vertex -9 0 11.7844
    endloop
  endfacet
  facet normal -0.706918 0.0231633 -0.706916
    outer loop
      vertex -16.5 0 21
      vertex -9.69453 0.100407 14.1978
      vertex -9.69782 0 14.1978
    endloop
  endfacet
  facet normal -0.706918 0.023124 -0.706917
    outer loop
      vertex -9.69453 0.100407 14.1978
      vertex -16.5 0 21
      vertex -16.4647 1.07915 21
    endloop
  endfacet
  facet normal -0.706916 0.0231468 -0.706918
    outer loop
      vertex -9.68719 0.324585 14.1978
      vertex -16.4647 1.07915 21
      vertex -9.67705 0.634267 14.1978
    endloop
  endfacet
  facet normal -0.706917 0.0231457 -0.706918
    outer loop
      vertex -16.4647 1.07915 21
      vertex -9.68719 0.324585 14.1978
      vertex -9.69453 0.100407 14.1978
    endloop
  endfacet
  facet normal -0.999465 0.0326934 0
    outer loop
      vertex -16.5 0 21
      vertex -16.4647 1.07915 23
      vertex -16.4647 1.07915 21
    endloop
  endfacet
  facet normal -0.999465 0.0326934 0
    outer loop
      vertex -16.4647 1.07915 23
      vertex -16.5 0 21
      vertex -16.5 0 23
    endloop
  endfacet
  facet normal 0 0 -1
    outer loop
      vertex 17.3627 -1.13801 0
      vertex 17.3627 1.13801 0
      vertex 17.4 0 0
    endloop
  endfacet
  facet normal 0 0 -1
    outer loop
      vertex 17.2511 -2.27115 0
      vertex 17.3627 1.13801 0
      vertex 17.3627 -1.13801 0
    endloop
  endfacet
  facet normal 0 0 -1
    outer loop
      vertex 17.2511 -2.27115 0
      vertex 17.2511 2.27115 0
      vertex 17.3627 1.13801 0
    endloop
  endfacet
  facet normal 0 0 -1
    outer loop
      vertex 17.0657 -3.39457 0
      vertex 17.2511 2.27115 0
      vertex 17.2511 -2.27115 0
    endloop
  endfacet
  facet normal 0 0 -1
    outer loop
      vertex 17.0657 -3.39457 0
      vertex 17.0657 3.39457 0
      vertex 17.2511 2.27115 0
    endloop
  endfacet
  facet normal 0 0 -1
    outer loop
      vertex 16.8071 -4.50345 0
      vertex 17.0657 3.39457 0
      vertex 17.0657 -3.39457 0
    endloop
  endfacet
  facet normal 0 0 -1
    outer loop
      vertex 16.8071 -4.50345 0
      vertex 16.8071 4.50345 0
      vertex 17.0657 3.39457 0
    endloop
  endfacet
  facet normal 0 0 -1
    outer loop
      vertex 16.4766 -5.59304 0
      vertex 16.8071 4.50345 0
      vertex 16.8071 -4.50345 0
    endloop
  endfacet
  facet normal 0 0 -1
    outer loop
      vertex 16.4766 -5.59304 0
      vertex 16.4766 5.59304 0
      vertex 16.8071 4.50345 0
    endloop
  endfacet
  facet normal 0 0 -1
    outer loop
      vertex 16.0755 -6.65869 0
      vertex 16.4766 5.59304 0
      vertex 16.4766 -5.59304 0
    endloop
  endfacet
  facet normal 0 0 -1
    outer loop
      vertex 16.0755 -6.65869 0
      vertex 16.0755 6.65869 0
      vertex 16.4766 5.59304 0
    endloop
  endfacet
  facet normal 0 0 -1
    outer loop
      vertex 15.6056 -7.69582 0
      vertex 16.0755 6.65869 0
      vertex 16.0755 -6.65869 0
    endloop
  endfacet
  facet normal 0 0 -1
    outer loop
      vertex 15.6056 -7.69582 0
      vertex 15.6056 7.69582 0
      vertex 16.0755 6.65869 0
    endloop
  endfacet
  facet normal 0 0 -1
    outer loop
      vertex 15.0688 -8.7 0
      vertex 15.6056 7.69582 0
      vertex 15.6056 -7.69582 0
    endloop
  endfacet
  facet normal 0 0 -1
    outer loop
      vertex 15.0688 -8.7 0
      vertex 15.0688 8.7 0
      vertex 15.6056 7.69582 0
    endloop
  endfacet
  facet normal 0 0 -1
    outer loop
      vertex 14.4676 -9.66692 0
      vertex 15.0688 8.7 0
      vertex 15.0688 -8.7 0
    endloop
  endfacet
  facet normal 0 0 -1
    outer loop
      vertex 14.4676 -9.66692 0
      vertex 14.4676 9.66692 0
      vertex 15.0688 8.7 0
    endloop
  endfacet
  facet normal 0 0 -1
    outer loop
      vertex 13.8043 -10.5924 0
      vertex 14.4676 9.66692 0
      vertex 14.4676 -9.66692 0
    endloop
  endfacet
  facet normal 0 0 -1
    outer loop
      vertex 13.8043 -10.5924 0
      vertex 13.8043 10.5924 0
      vertex 14.4676 9.66692 0
    endloop
  endfacet
  facet normal 0 0 -1
    outer loop
      vertex 13.082 -11.4726 0
      vertex 13.8043 10.5924 0
      vertex 13.8043 -10.5924 0
    endloop
  endfacet
  facet normal 0 0 -1
    outer loop
      vertex 13.082 -11.4726 0
      vertex 13.082 11.4726 0
      vertex 13.8043 10.5924 0
    endloop
  endfacet
  facet normal 0 0 -1
    outer loop
      vertex 12.3037 -12.3037 0
      vertex 13.082 11.4726 0
      vertex 13.082 -11.4726 0
    endloop
  endfacet
  facet normal 0 0 -1
    outer loop
      vertex 12.3037 -12.3037 0
      vertex 12.3037 12.3037 0
      vertex 13.082 11.4726 0
    endloop
  endfacet
  facet normal 0 0 -1
    outer loop
      vertex 11.4726 -13.082 0
      vertex 12.3037 12.3037 0
      vertex 12.3037 -12.3037 0
    endloop
  endfacet
  facet normal 0 0 -1
    outer loop
      vertex 11.4726 -13.082 0
      vertex 11.4726 13.082 0
      vertex 12.3037 12.3037 0
    endloop
  endfacet
  facet normal 0 0 -1
    outer loop
      vertex 10.5924 -13.8043 0
      vertex 11.4726 13.082 0
      vertex 11.4726 -13.082 0
    endloop
  endfacet
  facet normal 0 0 -1
    outer loop
      vertex 10.5924 -13.8043 0
      vertex 10.5924 13.8043 0
      vertex 11.4726 13.082 0
    endloop
  endfacet
  facet normal 0 0 -1
    outer loop
      vertex 9.66692 -14.4676 0
      vertex 10.5924 13.8043 0
      vertex 10.5924 -13.8043 0
    endloop
  endfacet
  facet normal 0 0 -1
    outer loop
      vertex 9.66692 -14.4676 0
      vertex 9.66692 14.4676 0
      vertex 10.5924 13.8043 0
    endloop
  endfacet
  facet normal 0 0 -1
    outer loop
      vertex 8.7 -15.0688 0
      vertex 9.66692 14.4676 0
      vertex 9.66692 -14.4676 0
    endloop
  endfacet
  facet normal 0 0 -1
    outer loop
      vertex 8.7 -15.0688 0
      vertex 8.7 15.0688 0
      vertex 9.66692 14.4676 0
    endloop
  endfacet
  facet normal 0 0 -1
    outer loop
      vertex 7.69582 -15.6056 0
      vertex 8.7 15.0688 0
      vertex 8.7 -15.0688 0
    endloop
  endfacet
  facet normal 0 0 -1
    outer loop
      vertex 7.69582 -15.6056 0
      vertex 7.69582 15.6056 0
      vertex 8.7 15.0688 0
    endloop
  endfacet
  facet normal 0 0 -1
    outer loop
      vertex 6.65869 -16.0755 0
      vertex 7.69582 15.6056 0
      vertex 7.69582 -15.6056 0
    endloop
  endfacet
  facet normal 0 0 -1
    outer loop
      vertex 6.65869 -16.0755 0
      vertex 6.65869 16.0755 0
      vertex 7.69582 15.6056 0
    endloop
  endfacet
  facet normal 0 0 -1
    outer loop
      vertex 5.59304 -16.4766 0
      vertex 6.65869 16.0755 0
      vertex 6.65869 -16.0755 0
    endloop
  endfacet
  facet normal 0 0 -1
    outer loop
      vertex 5.59304 -16.4766 0
      vertex 5.59304 16.4766 0
      vertex 6.65869 16.0755 0
    endloop
  endfacet
  facet normal 0 0 -1
    outer loop
      vertex 4.50345 -16.8071 0
      vertex 5.59304 16.4766 0
      vertex 5.59304 -16.4766 0
    endloop
  endfacet
  facet normal 0 0 -1
    outer loop
      vertex 4.50345 -16.8071 0
      vertex 4.50345 16.8071 0
      vertex 5.59304 16.4766 0
    endloop
  endfacet
  facet normal 0 0 -1
    outer loop
      vertex 3.39457 -17.0657 0
      vertex 4.50345 16.8071 0
      vertex 4.50345 -16.8071 0
    endloop
  endfacet
  facet normal 0 0 -1
    outer loop
      vertex 3.39457 -17.0657 0
      vertex 3.39457 17.0657 0
      vertex 4.50345 16.8071 0
    endloop
  endfacet
  facet normal 0 0 -1
    outer loop
      vertex 2.27115 -17.2511 0
      vertex 3.39457 17.0657 0
      vertex 3.39457 -17.0657 0
    endloop
  endfacet
  facet normal 0 0 -1
    outer loop
      vertex 2.27115 -17.2511 0
      vertex 2.27115 17.2511 0
      vertex 3.39457 17.0657 0
    endloop
  endfacet
  facet normal 0 0 -1
    outer loop
      vertex 1.13801 -17.3627 0
      vertex 2.27115 17.2511 0
      vertex 2.27115 -17.2511 0
    endloop
  endfacet
  facet normal 0 0 -1
    outer loop
      vertex 1.13801 -17.3627 0
      vertex 1.13801 17.3627 0
      vertex 2.27115 17.2511 0
    endloop
  endfacet
  facet normal 0 0 -1
    outer loop
      vertex 0 -17.4 0
      vertex 1.13801 17.3627 0
      vertex 1.13801 -17.3627 0
    endloop
  endfacet
  facet normal 0 0 -1
    outer loop
      vertex 0 -17.4 0
      vertex 0 17.4 0
      vertex 1.13801 17.3627 0
    endloop
  endfacet
  facet normal 0 0 -1
    outer loop
      vertex -1.13801 -17.3627 0
      vertex 0 17.4 0
      vertex 0 -17.4 0
    endloop
  endfacet
  facet normal 0 0 -1
    outer loop
      vertex -1.13801 -17.3627 0
      vertex -1.13801 17.3627 0
      vertex 0 17.4 0
    endloop
  endfacet
  facet normal 0 0 -1
    outer loop
      vertex -2.27115 -17.2511 0
      vertex -1.13801 17.3627 0
      vertex -1.13801 -17.3627 0
    endloop
  endfacet
  facet normal 0 0 -1
    outer loop
      vertex -2.27115 -17.2511 0
      vertex -2.27115 17.2511 0
      vertex -1.13801 17.3627 0
    endloop
  endfacet
  facet normal 0 0 -1
    outer loop
      vertex -3.39457 -17.0657 0
      vertex -2.27115 17.2511 0
      vertex -2.27115 -17.2511 0
    endloop
  endfacet
  facet normal 0 0 -1
    outer loop
      vertex -3.39457 -17.0657 0
      vertex -3.39457 17.0657 0
      vertex -2.27115 17.2511 0
    endloop
  endfacet
  facet normal 0 0 -1
    outer loop
      vertex -4.50345 -16.8071 0
      vertex -3.39457 17.0657 0
      vertex -3.39457 -17.0657 0
    endloop
  endfacet
  facet normal 0 0 -1
    outer loop
      vertex -4.50345 -16.8071 0
      vertex -4.50345 16.8071 0
      vertex -3.39457 17.0657 0
    endloop
  endfacet
  facet normal 0 0 -1
    outer loop
      vertex -5.59304 -16.4766 0
      vertex -4.50345 16.8071 0
      vertex -4.50345 -16.8071 0
    endloop
  endfacet
  facet normal 0 0 -1
    outer loop
      vertex -5.59304 -16.4766 0
      vertex -5.59304 16.4766 0
      vertex -4.50345 16.8071 0
    endloop
  endfacet
  facet normal 0 0 -1
    outer loop
      vertex -6.65869 -16.0755 0
      vertex -5.59304 16.4766 0
      vertex -5.59304 -16.4766 0
    endloop
  endfacet
  facet normal 0 0 -1
    outer loop
      vertex -6.65869 -16.0755 0
      vertex -6.65869 16.0755 0
      vertex -5.59304 16.4766 0
    endloop
  endfacet
  facet normal 0 0 -1
    outer loop
      vertex -7.69582 -15.6056 0
      vertex -6.65869 16.0755 0
      vertex -6.65869 -16.0755 0
    endloop
  endfacet
  facet normal 0 0 -1
    outer loop
      vertex -7.69582 -15.6056 0
      vertex -7.69582 15.6056 0
      vertex -6.65869 16.0755 0
    endloop
  endfacet
  facet normal 0 0 -1
    outer loop
      vertex -8.7 -15.0688 0
      vertex -7.69582 15.6056 0
      vertex -7.69582 -15.6056 0
    endloop
  endfacet
  facet normal 0 0 -1
    outer loop
      vertex -8.7 -15.0688 0
      vertex -8.7 15.0688 0
      vertex -7.69582 15.6056 0
    endloop
  endfacet
  facet normal 0 0 -1
    outer loop
      vertex -9.66692 -14.4676 0
      vertex -8.7 15.0688 0
      vertex -8.7 -15.0688 0
    endloop
  endfacet
  facet normal 0 0 -1
    outer loop
      vertex -9.66692 -14.4676 0
      vertex -9.66692 14.4676 0
      vertex -8.7 15.0688 0
    endloop
  endfacet
  facet normal 0 0 -1
    outer loop
      vertex -10.5924 -13.8043 0
      vertex -9.66692 14.4676 0
      vertex -9.66692 -14.4676 0
    endloop
  endfacet
  facet normal 0 0 -1
    outer loop
      vertex -10.5924 -13.8043 0
      vertex -10.5924 13.8043 0
      vertex -9.66692 14.4676 0
    endloop
  endfacet
  facet normal 0 0 -1
    outer loop
      vertex -11.4726 -13.082 0
      vertex -10.5924 13.8043 0
      vertex -10.5924 -13.8043 0
    endloop
  endfacet
  facet normal 0 0 -1
    outer loop
      vertex -11.4726 -13.082 0
      vertex -11.4726 13.082 0
      vertex -10.5924 13.8043 0
    endloop
  endfacet
  facet normal 0 0 -1
    outer loop
      vertex -12.3037 -12.3037 0
      vertex -11.4726 13.082 0
      vertex -11.4726 -13.082 0
    endloop
  endfacet
  facet normal 0 0 -1
    outer loop
      vertex -12.3037 -12.3037 0
      vertex -12.3037 12.3037 0
      vertex -11.4726 13.082 0
    endloop
  endfacet
  facet normal 0 0 -1
    outer loop
      vertex -13.082 -11.4726 0
      vertex -12.3037 12.3037 0
      vertex -12.3037 -12.3037 0
    endloop
  endfacet
  facet normal 0 0 -1
    outer loop
      vertex -13.082 -11.4726 0
      vertex -13.082 11.4726 0
      vertex -12.3037 12.3037 0
    endloop
  endfacet
  facet normal 0 0 -1
    outer loop
      vertex -13.8043 -10.5924 0
      vertex -13.082 11.4726 0
      vertex -13.082 -11.4726 0
    endloop
  endfacet
  facet normal 0 0 -1
    outer loop
      vertex -13.8043 -10.5924 0
      vertex -13.8043 10.5924 0
      vertex -13.082 11.4726 0
    endloop
  endfacet
  facet normal 0 0 -1
    outer loop
      vertex -14.4676 -9.66692 0
      vertex -13.8043 10.5924 0
      vertex -13.8043 -10.5924 0
    endloop
  endfacet
  facet normal 0 0 -1
    outer loop
      vertex -14.4676 -9.66692 0
      vertex -14.4676 9.66692 0
      vertex -13.8043 10.5924 0
    endloop
  endfacet
  facet normal 0 0 -1
    outer loop
      vertex -15.0688 -8.7 0
      vertex -14.4676 9.66692 0
      vertex -14.4676 -9.66692 0
    endloop
  endfacet
  facet normal 0 0 -1
    outer loop
      vertex -15.0688 -8.7 0
      vertex -15.0688 8.7 0
      vertex -14.4676 9.66692 0
    endloop
  endfacet
  facet normal 0 0 -1
    outer loop
      vertex -15.6056 -7.69582 0
      vertex -15.0688 8.7 0
      vertex -15.0688 -8.7 0
    endloop
  endfacet
  facet normal 0 0 -1
    outer loop
      vertex -15.6056 -7.69582 0
      vertex -15.6056 7.69582 0
      vertex -15.0688 8.7 0
    endloop
  endfacet
  facet normal 0 0 -1
    outer loop
      vertex -16.0755 -6.65869 0
      vertex -15.6056 7.69582 0
      vertex -15.6056 -7.69582 0
    endloop
  endfacet
  facet normal 0 0 -1
    outer loop
      vertex -16.0755 -6.65869 0
      vertex -16.0755 6.65869 0
      vertex -15.6056 7.69582 0
    endloop
  endfacet
  facet normal 0 0 -1
    outer loop
      vertex -16.4766 -5.59304 0
      vertex -16.0755 6.65869 0
      vertex -16.0755 -6.65869 0
    endloop
  endfacet
  facet normal 0 0 -1
    outer loop
      vertex -16.4766 -5.59304 0
      vertex -16.4766 5.59304 0
      vertex -16.0755 6.65869 0
    endloop
  endfacet
  facet normal 0 0 -1
    outer loop
      vertex -16.8071 -4.50345 0
      vertex -16.4766 5.59304 0
      vertex -16.4766 -5.59304 0
    endloop
  endfacet
  facet normal 0 0 -1
    outer loop
      vertex -16.8071 -4.50345 0
      vertex -16.8071 4.50345 0
      vertex -16.4766 5.59304 0
    endloop
  endfacet
  facet normal 0 0 -1
    outer loop
      vertex -17.0657 -3.39457 0
      vertex -16.8071 4.50345 0
      vertex -16.8071 -4.50345 0
    endloop
  endfacet
  facet normal 0 0 -1
    outer loop
      vertex -17.0657 -3.39457 0
      vertex -17.0657 3.39457 0
      vertex -16.8071 4.50345 0
    endloop
  endfacet
  facet normal 0 0 -1
    outer loop
      vertex -17.2511 -2.27115 0
      vertex -17.0657 3.39457 0
      vertex -17.0657 -3.39457 0
    endloop
  endfacet
  facet normal 0 0 -1
    outer loop
      vertex -17.2511 -2.27115 0
      vertex -17.2511 2.27115 0
      vertex -17.0657 3.39457 0
    endloop
  endfacet
  facet normal 0 0 -1
    outer loop
      vertex -17.3627 -1.13801 0
      vertex -17.2511 2.27115 0
      vertex -17.2511 -2.27115 0
    endloop
  endfacet
  facet normal 0 0 -1
    outer loop
      vertex -17.3627 -1.13801 0
      vertex -17.3627 1.13801 0
      vertex -17.2511 2.27115 0
    endloop
  endfacet
  facet normal 0 -0 -1
    outer loop
      vertex -17.3627 1.13801 0
      vertex -17.3627 -1.13801 0
      vertex -17.4 0 0
    endloop
  endfacet
  facet normal -0.706912 0.0231182 -0.706923
    outer loop
      vertex -17.9615 1.17726 0.599991
      vertex -17.4 0 0
      vertex -18 0 0.599991
    endloop
  endfacet
  facet normal -0.706861 0.0231684 -0.706973
    outer loop
      vertex -17.3627 1.13801 0
      vertex -17.4 0 0
      vertex -17.9615 1.17726 0.599991
    endloop
  endfacet
  facet normal -0.995181 0.098057 0
    outer loop
      vertex -17.9615 1.17726 0.599991
      vertex -17.846 2.34947 3
      vertex -17.846 2.34947 0.599991
    endloop
  endfacet
  facet normal -0.995181 0.098057 0
    outer loop
      vertex -17.846 2.34947 3
      vertex -17.9615 1.17726 0.599991
      vertex -17.9615 1.17726 3
    endloop
  endfacet
  facet normal -0.445249 0.0438555 0.894332
    outer loop
      vertex -8.98073 0.588628 7.5
      vertex -8.923 1.17474 7.5
      vertex -17.9615 1.17726 3
    endloop
  endfacet
  facet normal -0.445249 0.0438712 0.894332
    outer loop
      vertex -8.923 1.17474 7.5
      vertex -17.846 2.34947 3
      vertex -17.9615 1.17726 3
    endloop
  endfacet
  facet normal -0.995184 0.0980222 0
    outer loop
      vertex -8.98073 0.588628 7.5
      vertex -8.923 1.17474 8.10436
      vertex -8.923 1.17474 7.5
    endloop
  endfacet
  facet normal -0.995184 0.0980222 0
    outer loop
      vertex -8.923 1.17474 8.10436
      vertex -8.98073 0.588628 7.5
      vertex -8.98073 0.588628 8.10436
    endloop
  endfacet
  facet normal -0.995184 0.0980222 0
    outer loop
      vertex -8.98073 0.588628 11.2156
      vertex -8.923 1.17474 11.7844
      vertex -8.923 1.17474 11.2156
    endloop
  endfacet
  facet normal -0.995184 0.0980222 0
    outer loop
      vertex -8.923 1.17474 11.7844
      vertex -8.98073 0.588628 11.2156
      vertex -8.98073 0.588628 11.7844
    endloop
  endfacet
  facet normal -0.703886 0.0693713 -0.706917
    outer loop
      vertex -9.67705 0.634267 14.1978
      vertex -16.4647 1.07915 21
      vertex -16.3588 2.15368 21
    endloop
  endfacet
  facet normal -0.703901 0.0692798 -0.706912
    outer loop
      vertex -9.66721 0.734244 14.1978
      vertex -9.67705 0.634267 14.1978
      vertex -16.3588 2.15368 21
    endloop
  endfacet
  facet normal -0.703891 0.0693428 -0.706915
    outer loop
      vertex -16.3588 2.15368 21
      vertex -9.64522 0.957462 14.1978
      vertex -9.66721 0.734244 14.1978
    endloop
  endfacet
  facet normal -0.703893 0.069326 -0.706914
    outer loop
      vertex -9.64522 0.957462 14.1978
      vertex -16.3588 2.15368 21
      vertex -9.61485 1.26582 14.1978
    endloop
  endfacet
  facet normal -0.995179 0.0980795 0
    outer loop
      vertex -16.4647 1.07915 21
      vertex -16.3588 2.15368 23
      vertex -16.3588 2.15368 21
    endloop
  endfacet
  facet normal -0.995179 0.0980795 0
    outer loop
      vertex -16.3588 2.15368 23
      vertex -16.4647 1.07915 21
      vertex -16.4647 1.07915 23
    endloop
  endfacet
  facet normal -0.703833 0.0693499 -0.706972
    outer loop
      vertex -17.846 2.34947 0.599991
      vertex -17.3627 1.13801 0
      vertex -17.9615 1.17726 0.599991
    endloop
  endfacet
  facet normal -0.703866 0.0693219 -0.706942
    outer loop
      vertex -17.2511 2.27115 0
      vertex -17.3627 1.13801 0
      vertex -17.846 2.34947 0.599991
    endloop
  endfacet
  facet normal -0.98664 0.162917 0
    outer loop
      vertex -17.846 2.34947 0.599991
      vertex -17.6541 3.51163 3
      vertex -17.6541 3.51163 0.599991
    endloop
  endfacet
  facet normal -0.98664 0.162917 0
    outer loop
      vertex -17.6541 3.51163 3
      vertex -17.846 2.34947 0.599991
      vertex -17.846 2.34947 3
    endloop
  endfacet
  facet normal -0.44143 0.0728766 0.894331
    outer loop
      vertex -8.923 1.17474 7.5
      vertex -8.82707 1.75581 7.5
      vertex -17.846 2.34947 3
    endloop
  endfacet
  facet normal -0.441429 0.0728903 0.894331
    outer loop
      vertex -8.82707 1.75581 7.5
      vertex -17.6541 3.51163 3
      vertex -17.846 2.34947 3
    endloop
  endfacet
  facet normal -0.986645 0.162887 0
    outer loop
      vertex -8.923 1.17474 7.5
      vertex -8.82707 1.75581 8.10436
      vertex -8.82707 1.75581 7.5
    endloop
  endfacet
  facet normal -0.986645 0.162887 0
    outer loop
      vertex -8.82707 1.75581 8.10436
      vertex -8.923 1.17474 7.5
      vertex -8.923 1.17474 8.10436
    endloop
  endfacet
  facet normal -0.986645 0.162887 0
    outer loop
      vertex -8.923 1.17474 11.2156
      vertex -8.82707 1.75581 11.7844
      vertex -8.82707 1.75581 11.2156
    endloop
  endfacet
  facet normal -0.986645 0.162887 0
    outer loop
      vertex -8.82707 1.75581 11.7844
      vertex -8.923 1.17474 11.2156
      vertex -8.923 1.17474 11.7844
    endloop
  endfacet
  facet normal -0.69786 0.115162 -0.706915
    outer loop
      vertex -9.61485 1.26582 14.1978
      vertex -16.3588 2.15368 21
      vertex -16.183 3.21899 21
    endloop
  endfacet
  facet normal -0.697855 0.115183 -0.706917
    outer loop
      vertex -9.59849 1.36494 14.1978
      vertex -9.61485 1.26582 14.1978
      vertex -16.183 3.21899 21
    endloop
  endfacet
  facet normal -0.697846 0.115225 -0.706919
    outer loop
      vertex -16.183 3.21899 21
      vertex -9.56195 1.58624 14.1978
      vertex -9.59849 1.36494 14.1978
    endloop
  endfacet
  facet normal -0.697849 0.115209 -0.706918
    outer loop
      vertex -9.56195 1.58624 14.1978
      vertex -16.183 3.21899 21
      vertex -9.51148 1.89195 14.1978
    endloop
  endfacet
  facet normal -0.986656 0.16282 0
    outer loop
      vertex -16.3588 2.15368 21
      vertex -16.183 3.21899 23
      vertex -16.183 3.21899 21
    endloop
  endfacet
  facet normal -0.986656 0.16282 0
    outer loop
      vertex -16.183 3.21899 23
      vertex -16.3588 2.15368 21
      vertex -16.3588 2.15368 23
    endloop
  endfacet
  facet normal -0.697822 0.115227 -0.706942
    outer loop
      vertex -17.6541 3.51163 0.599991
      vertex -17.2511 2.27115 0
      vertex -17.846 2.34947 0.599991
    endloop
  endfacet
  facet normal -0.697893 0.115174 -0.706881
    outer loop
      vertex -17.0657 3.39457 0
      vertex -17.2511 2.27115 0
      vertex -17.6541 3.51163 0.599991
    endloop
  endfacet
  facet normal -0.97389 0.227021 0
    outer loop
      vertex -17.6541 3.51163 0.599991
      vertex -17.3867 4.65874 3
      vertex -17.3867 4.65874 0.599991
    endloop
  endfacet
  facet normal -0.97389 0.227021 0
    outer loop
      vertex -17.3867 4.65874 3
      vertex -17.6541 3.51163 0.599991
      vertex -17.6541 3.51163 3
    endloop
  endfacet
  facet normal -0.435718 0.101599 0.894331
    outer loop
      vertex -8.82707 1.75581 7.5
      vertex -8.69333 2.32937 7.5
      vertex -17.6541 3.51163 3
    endloop
  endfacet
  facet normal -0.435723 0.10157 0.894332
    outer loop
      vertex -8.69333 2.32937 7.5
      vertex -17.3867 4.65874 3
      vertex -17.6541 3.51163 3
    endloop
  endfacet
  facet normal -0.973875 0.227084 0
    outer loop
      vertex -8.82707 1.75581 7.5
      vertex -8.69333 2.32937 8.10436
      vertex -8.69333 2.32937 7.5
    endloop
  endfacet
  facet normal -0.973875 0.227084 0
    outer loop
      vertex -8.69333 2.32937 8.10436
      vertex -8.82707 1.75581 7.5
      vertex -8.82707 1.75581 8.10436
    endloop
  endfacet
  facet normal -0.973875 0.227084 0
    outer loop
      vertex -8.82707 1.75581 11.2156
      vertex -8.69333 2.32937 11.7844
      vertex -8.69333 2.32937 11.2156
    endloop
  endfacet
  facet normal -0.973875 0.227084 0
    outer loop
      vertex -8.69333 2.32937 11.7844
      vertex -8.82707 1.75581 11.2156
      vertex -8.82707 1.75581 11.7844
    endloop
  endfacet
  facet normal -0.688808 0.160656 -0.706918
    outer loop
      vertex -16.183 3.21899 21
      vertex -9.48866 1.98979 14.1978
      vertex -9.51148 1.89195 14.1978
    endloop
  endfacet
  facet normal -0.688815 0.160622 -0.706919
    outer loop
      vertex -9.48866 1.98979 14.1978
      vertex -16.183 3.21899 21
      vertex -15.9378 4.27051 21
    endloop
  endfacet
  facet normal -0.68882 0.160608 -0.706918
    outer loop
      vertex -15.9378 4.27051 21
      vertex -9.43773 2.20822 14.1978
      vertex -9.48866 1.98979 14.1978
    endloop
  endfacet
  facet normal -0.688819 0.160609 -0.706918
    outer loop
      vertex -9.43773 2.20822 14.1978
      vertex -15.9378 4.27051 21
      vertex -9.36737 2.50998 14.1978
    endloop
  endfacet
  facet normal -0.973873 0.227094 0
    outer loop
      vertex -16.183 3.21899 21
      vertex -15.9378 4.27051 23
      vertex -15.9378 4.27051 21
    endloop
  endfacet
  facet normal -0.973873 0.227094 0
    outer loop
      vertex -15.9378 4.27051 23
      vertex -16.183 3.21899 21
      vertex -16.183 3.21899 23
    endloop
  endfacet
  facet normal -0.688862 0.160579 -0.706883
    outer loop
      vertex -17.3867 4.65874 0.599991
      vertex -17.0657 3.39457 0
      vertex -17.6541 3.51163 0.599991
    endloop
  endfacet
  facet normal -0.688783 0.16063 -0.706949
    outer loop
      vertex -16.8071 4.50345 0
      vertex -17.0657 3.39457 0
      vertex -17.3867 4.65874 0.599991
    endloop
  endfacet
  facet normal -0.956922 0.290344 0
    outer loop
      vertex -17.3867 4.65874 0.599991
      vertex -17.0447 5.78591 3
      vertex -17.0447 5.78591 0.599991
    endloop
  endfacet
  facet normal -0.956922 0.290344 0
    outer loop
      vertex -17.0447 5.78591 3
      vertex -17.3867 4.65874 0.599991
      vertex -17.3867 4.65874 3
    endloop
  endfacet
  facet normal -0.428139 0.129874 0.894332
    outer loop
      vertex -8.69333 2.32937 7.5
      vertex -8.52237 2.89295 7.5
      vertex -17.3867 4.65874 3
    endloop
  endfacet
  facet normal -0.428133 0.129902 0.894331
    outer loop
      vertex -8.52237 2.89295 7.5
      vertex -17.0447 5.78591 3
      vertex -17.3867 4.65874 3
    endloop
  endfacet
  facet normal -0.95694 0.290284 0
    outer loop
      vertex -8.69333 2.32937 7.5
      vertex -8.52237 2.89295 8.10436
      vertex -8.52237 2.89295 7.5
    endloop
  endfacet
  facet normal -0.95694 0.290284 0
    outer loop
      vertex -8.52237 2.89295 8.10436
      vertex -8.69333 2.32937 7.5
      vertex -8.69333 2.32937 8.10436
    endloop
  endfacet
  facet normal -0.95694 0.290284 0
    outer loop
      vertex -8.69333 2.32937 11.2156
      vertex -8.52237 2.89295 11.7844
      vertex -8.52237 2.89295 11.2156
    endloop
  endfacet
  facet normal -0.95694 0.290284 0
    outer loop
      vertex -8.52237 2.89295 11.7844
      vertex -8.69333 2.32937 11.2156
      vertex -8.69333 2.32937 11.7844
    endloop
  endfacet
  facet normal -0.676841 0.205312 -0.706918
    outer loop
      vertex -15.9378 4.27051 21
      vertex -9.33821 2.60611 14.1978
      vertex -9.36737 2.50998 14.1978
    endloop
  endfacet
  facet normal -0.676828 0.205359 -0.706917
    outer loop
      vertex -9.33821 2.60611 14.1978
      vertex -15.9378 4.27051 21
      vertex -15.6243 5.30375 21
    endloop
  endfacet
  facet normal -0.67684 0.205328 -0.706915
    outer loop
      vertex -9.2731 2.82075 14.1978
      vertex -15.6243 5.30375 21
      vertex -9.18315 3.11726 14.1978
    endloop
  endfacet
  facet normal -0.676844 0.205317 -0.706914
    outer loop
      vertex -15.6243 5.30375 21
      vertex -9.2731 2.82075 14.1978
      vertex -9.33821 2.60611 14.1978
    endloop
  endfacet
  facet normal -0.956922 0.290344 0
    outer loop
      vertex -15.9378 4.27051 21
      vertex -15.6243 5.30375 23
      vertex -15.6243 5.30375 21
    endloop
  endfacet
  facet normal -0.956922 0.290344 0
    outer loop
      vertex -15.6243 5.30375 23
      vertex -15.9378 4.27051 21
      vertex -15.9378 4.27051 23
    endloop
  endfacet
  facet normal -0.676799 0.205351 -0.706947
    outer loop
      vertex -17.0447 5.78591 0.599991
      vertex -16.8071 4.50345 0
      vertex -17.3867 4.65874 0.599991
    endloop
  endfacet
  facet normal -0.67687 0.205312 -0.706891
    outer loop
      vertex -16.4766 5.59304 0
      vertex -16.8071 4.50345 0
      vertex -17.0447 5.78591 0.599991
    endloop
  endfacet
  facet normal -0.935909 0.352242 0
    outer loop
      vertex -17.0447 5.78591 0.599991
      vertex -16.6298 6.8883 3
      vertex -16.6298 6.8883 0.599991
    endloop
  endfacet
  facet normal -0.935909 0.352242 0
    outer loop
      vertex -16.6298 6.8883 3
      vertex -17.0447 5.78591 0.599991
      vertex -17.0447 5.78591 3
    endloop
  endfacet
  facet normal -0.418732 0.157594 0.894331
    outer loop
      vertex -8.52237 2.89295 7.5
      vertex -8.31492 3.44415 7.5
      vertex -17.0447 5.78591 3
    endloop
  endfacet
  facet normal -0.418732 0.157596 0.894331
    outer loop
      vertex -8.31492 3.44415 7.5
      vertex -16.6298 6.8883 3
      vertex -17.0447 5.78591 3
    endloop
  endfacet
  facet normal -0.93591 0.35224 0
    outer loop
      vertex -8.52237 2.89295 7.5
      vertex -8.31492 3.44415 8.10436
      vertex -8.31492 3.44415 7.5
    endloop
  endfacet
  facet normal -0.93591 0.35224 0
    outer loop
      vertex -8.31492 3.44415 8.10436
      vertex -8.52237 2.89295 7.5
      vertex -8.52237 2.89295 8.10436
    endloop
  endfacet
  facet normal -0.93591 0.35224 0
    outer loop
      vertex -8.52237 2.89295 11.2156
      vertex -8.31492 3.44415 11.7844
      vertex -8.31492 3.44415 11.2156
    endloop
  endfacet
  facet normal -0.93591 0.35224 0
    outer loop
      vertex -8.31492 3.44415 11.7844
      vertex -8.52237 2.89295 11.2156
      vertex -8.52237 2.89295 11.7844
    endloop
  endfacet
  facet normal -0.66198 0.249105 -0.706915
    outer loop
      vertex -15.6243 5.30375 21
      vertex -9.14777 3.21128 14.1978
      vertex -9.18315 3.11726 14.1978
    endloop
  endfacet
  facet normal -0.661973 0.249125 -0.706915
    outer loop
      vertex -9.14777 3.21128 14.1978
      vertex -15.6243 5.30375 21
      vertex -15.244 6.31428 21
    endloop
  endfacet
  facet normal -0.661959 0.249156 -0.706916
    outer loop
      vertex -9.06876 3.4212 14.1978
      vertex -15.244 6.31428 21
      vertex -8.95961 3.71119 14.1978
    endloop
  endfacet
  facet normal -0.661962 0.24915 -0.706916
    outer loop
      vertex -15.244 6.31428 21
      vertex -9.06876 3.4212 14.1978
      vertex -9.14777 3.21128 14.1978
    endloop
  endfacet
  facet normal -0.935917 0.35222 0
    outer loop
      vertex -15.6243 5.30375 21
      vertex -15.244 6.31428 23
      vertex -15.244 6.31428 21
    endloop
  endfacet
  facet normal -0.935917 0.35222 0
    outer loop
      vertex -15.244 6.31428 23
      vertex -15.6243 5.30375 21
      vertex -15.6243 5.30375 23
    endloop
  endfacet
  facet normal -0.661988 0.249149 -0.706892
    outer loop
      vertex -16.6298 6.8883 0.599991
      vertex -16.4766 5.59304 0
      vertex -17.0447 5.78591 0.599991
    endloop
  endfacet
  facet normal -0.661968 0.249158 -0.706908
    outer loop
      vertex -16.0755 6.65869 0
      vertex -16.4766 5.59304 0
      vertex -16.6298 6.8883 0.599991
    endloop
  endfacet
  facet normal -0.910872 0.41269 0
    outer loop
      vertex -16.6298 6.8883 0.599991
      vertex -16.1437 7.9612 3
      vertex -16.1437 7.9612 0.599991
    endloop
  endfacet
  facet normal -0.910872 0.41269 0
    outer loop
      vertex -16.1437 7.9612 3
      vertex -16.6298 6.8883 0.599991
      vertex -16.6298 6.8883 3
    endloop
  endfacet
  facet normal -0.407523 0.184652 0.894331
    outer loop
      vertex -16.1437 7.9612 3
      vertex -8.31492 3.44415 7.5
      vertex -8.07185 3.9806 7.5
    endloop
  endfacet
  facet normal -0.40753 0.18464 0.894331
    outer loop
      vertex -8.31492 3.44415 7.5
      vertex -16.1437 7.9612 3
      vertex -16.6298 6.8883 3
    endloop
  endfacet
  facet normal -0.910859 0.412718 0
    outer loop
      vertex -8.31492 3.44415 7.5
      vertex -8.07185 3.9806 8.10436
      vertex -8.07185 3.9806 7.5
    endloop
  endfacet
  facet normal -0.910859 0.412718 0
    outer loop
      vertex -8.07185 3.9806 8.10436
      vertex -8.31492 3.44415 7.5
      vertex -8.31492 3.44415 8.10436
    endloop
  endfacet
  facet normal -0.910859 0.412718 0
    outer loop
      vertex -8.31492 3.44415 11.2156
      vertex -8.07185 3.9806 11.7844
      vertex -8.07185 3.9806 11.2156
    endloop
  endfacet
  facet normal -0.910859 0.412718 0
    outer loop
      vertex -8.07185 3.9806 11.7844
      vertex -8.31492 3.44415 11.2156
      vertex -8.31492 3.44415 11.7844
    endloop
  endfacet
  facet normal -0.644251 0.291907 -0.706916
    outer loop
      vertex -15.244 6.31428 21
      vertex -8.82558 4.007 14.1978
      vertex -8.95961 3.71119 14.1978
    endloop
  endfacet
  facet normal -0.644257 0.291894 -0.706916
    outer loop
      vertex -8.82558 4.007 14.1978
      vertex -14.7984 7.29776 21
      vertex -8.69771 4.28923 14.1978
    endloop
  endfacet
  facet normal -0.644253 0.291902 -0.706917
    outer loop
      vertex -8.82558 4.007 14.1978
      vertex -15.244 6.31428 21
      vertex -14.7984 7.29776 21
    endloop
  endfacet
  facet normal -0.910867 0.4127 0
    outer loop
      vertex -15.244 6.31428 21
      vertex -14.7984 7.29776 23
      vertex -14.7984 7.29776 21
    endloop
  endfacet
  facet normal -0.910867 0.4127 0
    outer loop
      vertex -14.7984 7.29776 23
      vertex -15.244 6.31428 21
      vertex -15.244 6.31428 23
    endloop
  endfacet
  facet normal -0.644265 0.291898 -0.706908
    outer loop
      vertex -16.1437 7.9612 0.599991
      vertex -16.0755 6.65869 0
      vertex -16.6298 6.8883 0.599991
    endloop
  endfacet
  facet normal -0.64426 0.291899 -0.706912
    outer loop
      vertex -15.6056 7.69582 0
      vertex -16.0755 6.65869 0
      vertex -16.1437 7.9612 0.599991
    endloop
  endfacet
  facet normal -0.881939 0.471364 0
    outer loop
      vertex -16.1437 7.9612 0.599991
      vertex -15.5885 9 3
      vertex -15.5885 9 0.599991
    endloop
  endfacet
  facet normal -0.881939 0.471364 0
    outer loop
      vertex -15.5885 9 3
      vertex -16.1437 7.9612 0.599991
      vertex -16.1437 7.9612 3
    endloop
  endfacet
  facet normal -0.394578 0.210902 0.894331
    outer loop
      vertex -8.07185 3.9806 7.5
      vertex -7.79423 4.5 7.5
      vertex -16.1437 7.9612 3
    endloop
  endfacet
  facet normal -0.394583 0.21089 0.894332
    outer loop
      vertex -7.79423 4.5 7.5
      vertex -15.5885 9 3
      vertex -16.1437 7.9612 3
    endloop
  endfacet
  facet normal -0.881925 0.47139 0
    outer loop
      vertex -8.07185 3.9806 7.5
      vertex -7.79423 4.5 8.10436
      vertex -7.79423 4.5 7.5
    endloop
  endfacet
  facet normal -0.881925 0.47139 0
    outer loop
      vertex -7.79423 4.5 8.10436
      vertex -8.07185 3.9806 7.5
      vertex -8.07185 3.9806 8.10436
    endloop
  endfacet
  facet normal -0.881925 0.47139 0
    outer loop
      vertex -8.07185 3.9806 11.2156
      vertex -7.79423 4.5 11.7844
      vertex -7.79423 4.5 11.2156
    endloop
  endfacet
  facet normal -0.881925 0.47139 0
    outer loop
      vertex -7.79423 4.5 11.7844
      vertex -8.07185 3.9806 11.2156
      vertex -8.07185 3.9806 11.7844
    endloop
  endfacet
  facet normal -0.623774 0.33343 -0.706916
    outer loop
      vertex -14.7984 7.29776 21
      vertex -8.65035 4.37783 14.1978
      vertex -8.69771 4.28923 14.1978
    endloop
  endfacet
  facet normal -0.623776 0.333426 -0.706916
    outer loop
      vertex -8.65035 4.37783 14.1978
      vertex -14.7984 7.29776 21
      vertex -14.2894 8.25 21
    endloop
  endfacet
  facet normal -0.623782 0.333417 -0.706915
    outer loop
      vertex -8.54462 4.57565 14.1978
      vertex -14.2894 8.25 21
      vertex -8.39856 4.84891 14.1978
    endloop
  endfacet
  facet normal -0.623791 0.333401 -0.706915
    outer loop
      vertex -14.2894 8.25 21
      vertex -8.54462 4.57565 14.1978
      vertex -8.65035 4.37783 14.1978
    endloop
  endfacet
  facet normal -0.881915 0.471409 0
    outer loop
      vertex -14.7984 7.29776 21
      vertex -14.2894 8.25 23
      vertex -14.2894 8.25 21
    endloop
  endfacet
  facet normal -0.881915 0.471409 0
    outer loop
      vertex -14.2894 8.25 23
      vertex -14.7984 7.29776 21
      vertex -14.7984 7.29776 23
    endloop
  endfacet
  facet normal -0.623796 0.333396 -0.706913
    outer loop
      vertex -15.5885 9 0.599991
      vertex -15.6056 7.69582 0
      vertex -16.1437 7.9612 0.599991
    endloop
  endfacet
  facet normal -0.623721 0.33342 -0.706967
    outer loop
      vertex -15.5885 9 0.599991
      vertex -15.0688 8.7 0
      vertex -15.6056 7.69582 0
    endloop
  endfacet
  facet normal -0.849212 0.528052 0
    outer loop
      vertex -15.5885 9 0.599991
      vertex -14.9665 10.0003 3
      vertex -14.9665 10.0003 0.599991
    endloop
  endfacet
  facet normal -0.849212 0.528052 0
    outer loop
      vertex -14.9665 10.0003 3
      vertex -15.5885 9 0.599991
      vertex -15.5885 9 3
    endloop
  endfacet
  facet normal -0.379937 0.236259 0.894332
    outer loop
      vertex -7.79423 4.5 7.5
      vertex -7.48323 5.00013 7.5
      vertex -15.5885 9 3
    endloop
  endfacet
  facet normal -0.37994 0.236252 0.894332
    outer loop
      vertex -7.48323 5.00013 7.5
      vertex -14.9665 10.0003 3
      vertex -15.5885 9 3
    endloop
  endfacet
  facet normal -0.849203 0.528067 0
    outer loop
      vertex -7.79423 4.5 7.5
      vertex -7.48323 5.00013 8.10436
      vertex -7.48323 5.00013 7.5
    endloop
  endfacet
  facet normal -0.849203 0.528067 0
    outer loop
      vertex -7.48323 5.00013 8.10436
      vertex -7.79423 4.5 7.5
      vertex -7.79423 4.5 8.10436
    endloop
  endfacet
  facet normal -0.849203 0.528067 0
    outer loop
      vertex -7.79423 4.5 11.2156
      vertex -7.48323 5.00013 11.7844
      vertex -7.48323 5.00013 11.2156
    endloop
  endfacet
  facet normal -0.849203 0.528067 0
    outer loop
      vertex -7.48323 5.00013 11.7844
      vertex -7.79423 4.5 11.2156
      vertex -7.79423 4.5 11.7844
    endloop
  endfacet
  facet normal -0.600636 0.373506 -0.706915
    outer loop
      vertex -14.2894 8.25 21
      vertex -8.34551 4.93422 14.1978
      vertex -8.39856 4.84891 14.1978
    endloop
  endfacet
  facet normal -0.600631 0.373515 -0.706915
    outer loop
      vertex -8.34551 4.93422 14.1978
      vertex -14.2894 8.25 21
      vertex -13.7192 9.16691 21
    endloop
  endfacet
  facet normal -0.600645 0.373494 -0.706914
    outer loop
      vertex -8.22706 5.12469 14.1978
      vertex -13.7192 9.16691 21
      vertex -8.06344 5.38782 14.1978
    endloop
  endfacet
  facet normal -0.600628 0.37352 -0.706915
    outer loop
      vertex -13.7192 9.16691 21
      vertex -8.22706 5.12469 14.1978
      vertex -8.34551 4.93422 14.1978
    endloop
  endfacet
  facet normal -0.84919 0.528087 0
    outer loop
      vertex -14.2894 8.25 21
      vertex -13.7192 9.16691 23
      vertex -13.7192 9.16691 21
    endloop
  endfacet
  facet normal -0.84919 0.528087 0
    outer loop
      vertex -13.7192 9.16691 23
      vertex -14.2894 8.25 21
      vertex -14.2894 8.25 23
    endloop
  endfacet
  facet normal -0.600604 0.373464 -0.706965
    outer loop
      vertex -14.9665 10.0003 0.599991
      vertex -15.0688 8.7 0
      vertex -15.5885 9 0.599991
    endloop
  endfacet
  facet normal -0.600635 0.373456 -0.706943
    outer loop
      vertex -14.9665 10.0003 0.599991
      vertex -14.4676 9.66692 0
      vertex -15.0688 8.7 0
    endloop
  endfacet
  facet normal -0.812832 0.582498 0
    outer loop
      vertex -14.9665 10.0003 0.599991
      vertex -14.2804 10.9577 3
      vertex -14.2804 10.9577 0.599991
    endloop
  endfacet
  facet normal -0.812832 0.582498 0
    outer loop
      vertex -14.2804 10.9577 3
      vertex -14.9665 10.0003 0.599991
      vertex -14.9665 10.0003 3
    endloop
  endfacet
  facet normal -0.363669 0.260604 0.894332
    outer loop
      vertex -7.48323 5.00013 7.5
      vertex -7.14018 5.47885 7.5
      vertex -14.9665 10.0003 3
    endloop
  endfacet
  facet normal -0.363664 0.260612 0.894332
    outer loop
      vertex -7.14018 5.47885 7.5
      vertex -14.2804 10.9577 3
      vertex -14.9665 10.0003 3
    endloop
  endfacet
  facet normal -0.812843 0.582482 0
    outer loop
      vertex -7.48323 5.00013 7.5
      vertex -7.14018 5.47885 8.10436
      vertex -7.14018 5.47885 7.5
    endloop
  endfacet
  facet normal -0.812843 0.582482 0
    outer loop
      vertex -7.14018 5.47885 8.10436
      vertex -7.48323 5.00013 7.5
      vertex -7.48323 5.00013 8.10436
    endloop
  endfacet
  facet normal -0.812843 0.582482 0
    outer loop
      vertex -7.48323 5.00013 11.2156
      vertex -7.14018 5.47885 11.7844
      vertex -7.14018 5.47885 11.2156
    endloop
  endfacet
  facet normal -0.812843 0.582482 0
    outer loop
      vertex -7.14018 5.47885 11.7844
      vertex -7.48323 5.00013 11.2156
      vertex -7.48323 5.00013 11.7844
    endloop
  endfacet
  facet normal -0.574915 0.412001 -0.706914
    outer loop
      vertex -13.7192 9.16691 21
      vertex -8.00492 5.46948 14.1978
      vertex -8.06344 5.38782 14.1978
    endloop
  endfacet
  facet normal -0.574939 0.411967 -0.706915
    outer loop
      vertex -8.00492 5.46948 14.1978
      vertex -13.7192 9.16691 21
      vertex -13.0903 10.0446 21
    endloop
  endfacet
  facet normal -0.574925 0.411985 -0.706916
    outer loop
      vertex -7.87428 5.6518 14.1978
      vertex -13.0903 10.0446 21
      vertex -7.6938 5.90366 14.1978
    endloop
  endfacet
  facet normal -0.574938 0.411967 -0.706915
    outer loop
      vertex -13.0903 10.0446 21
      vertex -7.87428 5.6518 14.1978
      vertex -8.00492 5.46948 14.1978
    endloop
  endfacet
  facet normal -0.812866 0.582451 0
    outer loop
      vertex -13.7192 9.16691 21
      vertex -13.0903 10.0446 23
      vertex -13.0903 10.0446 21
    endloop
  endfacet
  facet normal -0.812866 0.582451 0
    outer loop
      vertex -13.0903 10.0446 23
      vertex -13.7192 9.16691 21
      vertex -13.7192 9.16691 23
    endloop
  endfacet
  facet normal -0.574891 0.411983 -0.706944
    outer loop
      vertex -14.2804 10.9577 0.599991
      vertex -14.4676 9.66692 0
      vertex -14.9665 10.0003 0.599991
    endloop
  endfacet
  facet normal -0.574839 0.411993 -0.706981
    outer loop
      vertex -14.2804 10.9577 0.599991
      vertex -13.8043 10.5924 0
      vertex -14.4676 9.66692 0
    endloop
  endfacet
  facet normal -0.77298 0.63443 0
    outer loop
      vertex -14.2804 10.9577 0.599991
      vertex -13.5331 11.8682 3
      vertex -13.5331 11.8682 0.599991
    endloop
  endfacet
  facet normal -0.77298 0.63443 0
    outer loop
      vertex -13.5331 11.8682 3
      vertex -14.2804 10.9577 0.599991
      vertex -14.2804 10.9577 3
    endloop
  endfacet
  facet normal -0.345849 0.283829 0.894332
    outer loop
      vertex -7.14018 5.47885 7.5
      vertex -6.76656 5.93411 7.5
      vertex -14.2804 10.9577 3
    endloop
  endfacet
  facet normal -0.345836 0.283848 0.894331
    outer loop
      vertex -6.76656 5.93411 7.5
      vertex -13.5331 11.8682 3
      vertex -14.2804 10.9577 3
    endloop
  endfacet
  facet normal -0.773012 0.634391 0
    outer loop
      vertex -7.14018 5.47885 7.5
      vertex -6.76656 5.93411 8.10436
      vertex -6.76656 5.93411 7.5
    endloop
  endfacet
  facet normal -0.773012 0.634391 0
    outer loop
      vertex -6.76656 5.93411 8.10436
      vertex -7.14018 5.47885 7.5
      vertex -7.14018 5.47885 8.10436
    endloop
  endfacet
  facet normal -0.773012 0.634391 0
    outer loop
      vertex -7.14018 5.47885 11.2156
      vertex -6.76656 5.93411 11.7844
      vertex -6.76656 5.93411 11.2156
    endloop
  endfacet
  facet normal -0.773012 0.634391 0
    outer loop
      vertex -6.76656 5.93411 11.7844
      vertex -7.14018 5.47885 11.2156
      vertex -7.14018 5.47885 11.7844
    endloop
  endfacet
  facet normal -0.5467 0.448766 -0.706915
    outer loop
      vertex -13.0903 10.0446 21
      vertex -7.63006 5.98131 14.1978
      vertex -7.6938 5.90366 14.1978
    endloop
  endfacet
  facet normal -0.54676 0.448689 -0.706917
    outer loop
      vertex -7.63006 5.98131 14.1978
      vertex -13.0903 10.0446 21
      vertex -12.4054 10.8792 21
    endloop
  endfacet
  facet normal -0.546759 0.44869 -0.706917
    outer loop
      vertex -12.4054 10.8792 21
      vertex -7.48777 6.1547 14.1978
      vertex -7.63006 5.98131 14.1978
    endloop
  endfacet
  facet normal -0.546736 0.448716 -0.706919
    outer loop
      vertex -7.48777 6.1547 14.1978
      vertex -12.4054 10.8792 21
      vertex -7.2912 6.39421 14.1978
    endloop
  endfacet
  facet normal -0.773028 0.634372 0
    outer loop
      vertex -13.0903 10.0446 21
      vertex -12.4054 10.8792 23
      vertex -12.4054 10.8792 21
    endloop
  endfacet
  facet normal -0.773028 0.634372 0
    outer loop
      vertex -12.4054 10.8792 23
      vertex -13.0903 10.0446 21
      vertex -13.0903 10.0446 23
    endloop
  endfacet
  facet normal -0.546679 0.448691 -0.706978
    outer loop
      vertex -13.5331 11.8682 0.599991
      vertex -13.8043 10.5924 0
      vertex -14.2804 10.9577 0.599991
    endloop
  endfacet
  facet normal -0.546766 0.448681 -0.706918
    outer loop
      vertex -13.5331 11.8682 0.599991
      vertex -13.082 11.4726 0
      vertex -13.8043 10.5924 0
    endloop
  endfacet
  facet normal -0.729863 0.683594 0
    outer loop
      vertex -13.5331 11.8682 0.599991
      vertex -12.7279 12.7279 3
      vertex -12.7279 12.7279 0.599991
    endloop
  endfacet
  facet normal -0.729863 0.683594 0
    outer loop
      vertex -12.7279 12.7279 3
      vertex -13.5331 11.8682 0.599991
      vertex -13.5331 11.8682 3
    endloop
  endfacet
  facet normal -0.326545 0.305844 0.894331
    outer loop
      vertex -12.7279 12.7279 3
      vertex -6.76656 5.93411 7.5
      vertex -6.36396 6.36396 7.5
    endloop
  endfacet
  facet normal -0.326545 0.305844 0.894331
    outer loop
      vertex -6.76656 5.93411 7.5
      vertex -12.7279 12.7279 3
      vertex -13.5331 11.8682 3
    endloop
  endfacet
  facet normal -0.729863 0.683594 0
    outer loop
      vertex -6.76656 5.93411 7.5
      vertex -6.36396 6.36396 8.10436
      vertex -6.36396 6.36396 7.5
    endloop
  endfacet
  facet normal -0.729863 0.683594 0
    outer loop
      vertex -6.36396 6.36396 8.10436
      vertex -6.76656 5.93411 7.5
      vertex -6.76656 5.93411 8.10436
    endloop
  endfacet
  facet normal -0.729863 0.683594 0
    outer loop
      vertex -6.76656 5.93411 11.2156
      vertex -6.36396 6.36396 11.7844
      vertex -6.36396 6.36396 11.2156
    endloop
  endfacet
  facet normal -0.729863 0.683594 0
    outer loop
      vertex -6.36396 6.36396 11.7844
      vertex -6.76656 5.93411 11.2156
      vertex -6.76656 5.93411 11.7844
    endloop
  endfacet
  facet normal -0.516267 0.48346 -0.706919
    outer loop
      vertex -12.4054 10.8792 21
      vertex -7.22253 6.46754 14.1978
      vertex -7.2912 6.39421 14.1978
    endloop
  endfacet
  facet normal -0.516241 0.483489 -0.706918
    outer loop
      vertex -7.22253 6.46754 14.1978
      vertex -12.4054 10.8792 21
      vertex -11.6673 11.6673 21
    endloop
  endfacet
  facet normal -0.516215 0.483514 -0.70692
    outer loop
      vertex -11.6673 11.6673 21
      vertex -7.0692 6.63124 14.1978
      vertex -7.22253 6.46754 14.1978
    endloop
  endfacet
  facet normal -0.516231 0.483498 -0.706919
    outer loop
      vertex -7.0692 6.63124 14.1978
      vertex -11.6673 11.6673 21
      vertex -6.85739 6.85739 14.1978
    endloop
  endfacet
  facet normal -0.729881 0.683574 0
    outer loop
      vertex -12.4054 10.8792 21
      vertex -11.6673 11.6673 23
      vertex -11.6673 11.6673 21
    endloop
  endfacet
  facet normal -0.729881 0.683574 0
    outer loop
      vertex -11.6673 11.6673 23
      vertex -12.4054 10.8792 21
      vertex -12.4054 10.8792 23
    endloop
  endfacet
  facet normal -0.516229 0.483503 -0.706918
    outer loop
      vertex -12.7279 12.7279 0.599991
      vertex -13.082 11.4726 0
      vertex -13.5331 11.8682 0.599991
    endloop
  endfacet
  facet normal -0.5163 0.483499 -0.706868
    outer loop
      vertex -12.7279 12.7279 0.599991
      vertex -12.3037 12.3037 0
      vertex -13.082 11.4726 0
    endloop
  endfacet
  facet normal -0.683594 0.729863 0
    outer loop
      vertex -11.8682 13.5331 0.599991
      vertex -12.7279 12.7279 3
      vertex -11.8682 13.5331 3
    endloop
  endfacet
  facet normal -0.683594 0.729863 0
    outer loop
      vertex -12.7279 12.7279 3
      vertex -11.8682 13.5331 0.599991
      vertex -12.7279 12.7279 0.599991
    endloop
  endfacet
  facet normal -0.305844 0.326545 0.894331
    outer loop
      vertex -11.8682 13.5331 3
      vertex -6.36396 6.36396 7.5
      vertex -5.93411 6.76656 7.5
    endloop
  endfacet
  facet normal -0.305844 0.326545 0.894331
    outer loop
      vertex -6.36396 6.36396 7.5
      vertex -11.8682 13.5331 3
      vertex -12.7279 12.7279 3
    endloop
  endfacet
  facet normal -0.683594 0.729863 0
    outer loop
      vertex -5.93411 6.76656 7.5
      vertex -6.36396 6.36396 8.10436
      vertex -5.93411 6.76656 8.10436
    endloop
  endfacet
  facet normal -0.683594 0.729863 0
    outer loop
      vertex -6.36396 6.36396 8.10436
      vertex -5.93411 6.76656 7.5
      vertex -6.36396 6.36396 7.5
    endloop
  endfacet
  facet normal -0.683594 0.729863 0
    outer loop
      vertex -5.93411 6.76656 11.2156
      vertex -6.36396 6.36396 11.7844
      vertex -5.93411 6.76656 11.7844
    endloop
  endfacet
  facet normal -0.683594 0.729863 0
    outer loop
      vertex -6.36396 6.36396 11.7844
      vertex -5.93411 6.76656 11.2156
      vertex -6.36396 6.36396 11.2156
    endloop
  endfacet
  facet normal -0.483531 0.516199 -0.70692
    outer loop
      vertex -11.6673 11.6673 21
      vertex -6.78407 6.92607 14.1978
      vertex -6.85739 6.85739 14.1978
    endloop
  endfacet
  facet normal -0.483489 0.516241 -0.706919
    outer loop
      vertex -6.78407 6.92607 14.1978
      vertex -11.6673 11.6673 21
      vertex -10.8792 12.4054 21
    endloop
  endfacet
  facet normal -0.483482 0.516246 -0.706919
    outer loop
      vertex -10.8792 12.4054 21
      vertex -6.62036 7.07939 14.1978
      vertex -6.78407 6.92607 14.1978
    endloop
  endfacet
  facet normal -0.483498 0.516232 -0.706918
    outer loop
      vertex -6.62036 7.07939 14.1978
      vertex -10.8792 12.4054 21
      vertex -6.39421 7.2912 14.1978
    endloop
  endfacet
  facet normal -0.683574 0.729881 0
    outer loop
      vertex -10.8792 12.4054 21
      vertex -11.6673 11.6673 23
      vertex -10.8792 12.4054 23
    endloop
  endfacet
  facet normal -0.683574 0.729881 0
    outer loop
      vertex -11.6673 11.6673 23
      vertex -10.8792 12.4054 21
      vertex -11.6673 11.6673 21
    endloop
  endfacet
  facet normal -0.483536 0.516264 -0.706869
    outer loop
      vertex -11.8682 13.5331 0.599991
      vertex -12.3037 12.3037 0
      vertex -12.7279 12.7279 0.599991
    endloop
  endfacet
  facet normal -0.483465 0.516263 -0.706919
    outer loop
      vertex -11.8682 13.5331 0.599991
      vertex -11.4726 13.082 0
      vertex -12.3037 12.3037 0
    endloop
  endfacet
  facet normal -0.63443 0.77298 0
    outer loop
      vertex -10.9577 14.2804 0.599991
      vertex -11.8682 13.5331 3
      vertex -10.9577 14.2804 3
    endloop
  endfacet
  facet normal -0.63443 0.77298 0
    outer loop
      vertex -11.8682 13.5331 3
      vertex -10.9577 14.2804 0.599991
      vertex -11.8682 13.5331 0.599991
    endloop
  endfacet
  facet normal -0.283831 0.345851 0.894331
    outer loop
      vertex -5.93411 6.76656 7.5
      vertex -5.47885 7.14018 7.5
      vertex -11.8682 13.5331 3
    endloop
  endfacet
  facet normal -0.283847 0.345835 0.894332
    outer loop
      vertex -5.47885 7.14018 7.5
      vertex -10.9577 14.2804 3
      vertex -11.8682 13.5331 3
    endloop
  endfacet
  facet normal -0.634391 0.773012 0
    outer loop
      vertex -5.47885 7.14018 7.5
      vertex -5.93411 6.76656 8.10436
      vertex -5.47885 7.14018 8.10436
    endloop
  endfacet
  facet normal -0.634391 0.773012 0
    outer loop
      vertex -5.93411 6.76656 8.10436
      vertex -5.47885 7.14018 7.5
      vertex -5.93411 6.76656 7.5
    endloop
  endfacet
  facet normal -0.634391 0.773012 0
    outer loop
      vertex -5.47885 7.14018 11.2156
      vertex -5.93411 6.76656 11.7844
      vertex -5.47885 7.14018 11.7844
    endloop
  endfacet
  facet normal -0.634391 0.773012 0
    outer loop
      vertex -5.93411 6.76656 11.7844
      vertex -5.47885 7.14018 11.2156
      vertex -5.93411 6.76656 11.2156
    endloop
  endfacet
  facet normal -0.448763 0.546696 -0.70692
    outer loop
      vertex -10.8792 12.4054 21
      vertex -6.31656 7.35494 14.1978
      vertex -6.39421 7.2912 14.1978
    endloop
  endfacet
  facet normal -0.448689 0.54676 -0.706917
    outer loop
      vertex -6.31656 7.35494 14.1978
      vertex -10.8792 12.4054 21
      vertex -10.0446 13.0903 21
    endloop
  endfacet
  facet normal -0.44869 0.546759 -0.706917
    outer loop
      vertex -10.0446 13.0903 21
      vertex -6.14317 7.49723 14.1978
      vertex -6.31656 7.35494 14.1978
    endloop
  endfacet
  facet normal -0.448717 0.546738 -0.706916
    outer loop
      vertex -6.14317 7.49723 14.1978
      vertex -10.0446 13.0903 21
      vertex -5.90366 7.6938 14.1978
    endloop
  endfacet
  facet normal -0.634372 0.773028 0
    outer loop
      vertex -10.0446 13.0903 21
      vertex -10.8792 12.4054 23
      vertex -10.0446 13.0903 23
    endloop
  endfacet
  facet normal -0.634372 0.773028 0
    outer loop
      vertex -10.8792 12.4054 23
      vertex -10.0446 13.0903 21
      vertex -10.8792 12.4054 21
    endloop
  endfacet
  facet normal -0.448729 0.546725 -0.706919
    outer loop
      vertex -10.9577 14.2804 0.599991
      vertex -11.4726 13.082 0
      vertex -11.8682 13.5331 0.599991
    endloop
  endfacet
  facet normal -0.448642 0.546718 -0.706979
    outer loop
      vertex -10.9577 14.2804 0.599991
      vertex -10.5924 13.8043 0
      vertex -11.4726 13.082 0
    endloop
  endfacet
  facet normal -0.582498 0.812832 0
    outer loop
      vertex -10.0003 14.9665 0.599991
      vertex -10.9577 14.2804 3
      vertex -10.0003 14.9665 3
    endloop
  endfacet
  facet normal -0.582498 0.812832 0
    outer loop
      vertex -10.9577 14.2804 3
      vertex -10.0003 14.9665 0.599991
      vertex -10.9577 14.2804 0.599991
    endloop
  endfacet
  facet normal -0.260605 0.363669 0.894332
    outer loop
      vertex -5.47885 7.14018 7.5
      vertex -5.00013 7.48323 7.5
      vertex -10.9577 14.2804 3
    endloop
  endfacet
  facet normal -0.260612 0.363664 0.894332
    outer loop
      vertex -5.00013 7.48323 7.5
      vertex -10.0003 14.9665 3
      vertex -10.9577 14.2804 3
    endloop
  endfacet
  facet normal -0.582482 0.812843 0
    outer loop
      vertex -5.00013 7.48323 7.5
      vertex -5.47885 7.14018 8.10436
      vertex -5.00013 7.48323 8.10436
    endloop
  endfacet
  facet normal -0.582482 0.812843 0
    outer loop
      vertex -5.47885 7.14018 8.10436
      vertex -5.00013 7.48323 7.5
      vertex -5.47885 7.14018 7.5
    endloop
  endfacet
  facet normal -0.582482 0.812843 0
    outer loop
      vertex -5.00013 7.48323 11.2156
      vertex -5.47885 7.14018 11.7844
      vertex -5.00013 7.48323 11.7844
    endloop
  endfacet
  facet normal -0.582482 0.812843 0
    outer loop
      vertex -5.47885 7.14018 11.7844
      vertex -5.00013 7.48323 11.2156
      vertex -5.47885 7.14018 11.2156
    endloop
  endfacet
  facet normal -0.411954 0.574947 -0.706915
    outer loop
      vertex -10.0446 13.0903 21
      vertex -5.822 7.75231 14.1978
      vertex -5.90366 7.6938 14.1978
    endloop
  endfacet
  facet normal -0.411966 0.574938 -0.706916
    outer loop
      vertex -5.822 7.75231 14.1978
      vertex -10.0446 13.0903 21
      vertex -9.16691 13.7192 21
    endloop
  endfacet
  facet normal -0.411985 0.574926 -0.706914
    outer loop
      vertex -5.63968 7.88296 14.1978
      vertex -9.16691 13.7192 21
      vertex -5.38782 8.06344 14.1978
    endloop
  endfacet
  facet normal -0.411989 0.574924 -0.706914
    outer loop
      vertex -9.16691 13.7192 21
      vertex -5.63968 7.88296 14.1978
      vertex -5.822 7.75231 14.1978
    endloop
  endfacet
  facet normal -0.582451 0.812866 0
    outer loop
      vertex -9.16691 13.7192 21
      vertex -10.0446 13.0903 23
      vertex -9.16691 13.7192 23
    endloop
  endfacet
  facet normal -0.582451 0.812866 0
    outer loop
      vertex -10.0446 13.0903 23
      vertex -9.16691 13.7192 21
      vertex -10.0446 13.0903 21
    endloop
  endfacet
  facet normal -0.411962 0.574862 -0.70698
    outer loop
      vertex -10.0003 14.9665 0.599991
      vertex -10.5924 13.8043 0
      vertex -10.9577 14.2804 0.599991
    endloop
  endfacet
  facet normal -0.412014 0.57487 -0.706944
    outer loop
      vertex -10.0003 14.9665 0.599991
      vertex -9.66692 14.4676 0
      vertex -10.5924 13.8043 0
    endloop
  endfacet
  facet normal -0.528052 0.849212 0
    outer loop
      vertex -9 15.5885 0.599991
      vertex -10.0003 14.9665 3
      vertex -9 15.5885 3
    endloop
  endfacet
  facet normal -0.528052 0.849212 0
    outer loop
      vertex -10.0003 14.9665 3
      vertex -9 15.5885 0.599991
      vertex -10.0003 14.9665 0.599991
    endloop
  endfacet
  facet normal -0.236259 0.379936 0.894332
    outer loop
      vertex -5.00013 7.48323 7.5
      vertex -4.5 7.79423 7.5
      vertex -10.0003 14.9665 3
    endloop
  endfacet
  facet normal -0.236252 0.379941 0.894332
    outer loop
      vertex -4.5 7.79423 7.5
      vertex -9 15.5885 3
      vertex -10.0003 14.9665 3
    endloop
  endfacet
  facet normal -0.528067 0.849203 0
    outer loop
      vertex -4.5 7.79423 7.5
      vertex -5.00013 7.48323 8.10436
      vertex -4.5 7.79423 8.10436
    endloop
  endfacet
  facet normal -0.528067 0.849203 0
    outer loop
      vertex -5.00013 7.48323 8.10436
      vertex -4.5 7.79423 7.5
      vertex -5.00013 7.48323 7.5
    endloop
  endfacet
  facet normal -0.528067 0.849203 0
    outer loop
      vertex -4.5 7.79423 11.2156
      vertex -5.00013 7.48323 11.7844
      vertex -4.5 7.79423 11.7844
    endloop
  endfacet
  facet normal -0.528067 0.849203 0
    outer loop
      vertex -5.00013 7.48323 11.7844
      vertex -4.5 7.79423 11.2156
      vertex -5.00013 7.48323 11.2156
    endloop
  endfacet
  facet normal -0.373506 0.600637 -0.706914
    outer loop
      vertex -9.16691 13.7192 21
      vertex -5.30251 8.11649 14.1978
      vertex -5.38782 8.06344 14.1978
    endloop
  endfacet
  facet normal -0.373515 0.600631 -0.706915
    outer loop
      vertex -5.30251 8.11649 14.1978
      vertex -9.16691 13.7192 21
      vertex -8.25 14.2894 21
    endloop
  endfacet
  facet normal -0.37352 0.600628 -0.706915
    outer loop
      vertex -5.11203 8.23493 14.1978
      vertex -8.25 14.2894 21
      vertex -4.84891 8.39856 14.1978
    endloop
  endfacet
  facet normal -0.373482 0.600649 -0.706917
    outer loop
      vertex -8.25 14.2894 21
      vertex -5.11203 8.23493 14.1978
      vertex -5.30251 8.11649 14.1978
    endloop
  endfacet
  facet normal -0.528087 0.84919 0
    outer loop
      vertex -8.25 14.2894 21
      vertex -9.16691 13.7192 23
      vertex -8.25 14.2894 23
    endloop
  endfacet
  facet normal -0.528087 0.84919 0
    outer loop
      vertex -9.16691 13.7192 23
      vertex -8.25 14.2894 21
      vertex -9.16691 13.7192 21
    endloop
  endfacet
  facet normal -0.373475 0.600622 -0.706943
    outer loop
      vertex -9 15.5885 0.599991
      vertex -9.66692 14.4676 0
      vertex -10.0003 14.9665 0.599991
    endloop
  endfacet
  facet normal -0.373444 0.600616 -0.706966
    outer loop
      vertex -9 15.5885 0.599991
      vertex -8.7 15.0688 0
      vertex -9.66692 14.4676 0
    endloop
  endfacet
  facet normal -0.471364 0.881939 0
    outer loop
      vertex -7.9612 16.1437 0.599991
      vertex -9 15.5885 3
      vertex -7.9612 16.1437 3
    endloop
  endfacet
  facet normal -0.471364 0.881939 0
    outer loop
      vertex -9 15.5885 3
      vertex -7.9612 16.1437 0.599991
      vertex -9 15.5885 0.599991
    endloop
  endfacet
  facet normal -0.210902 0.394577 0.894332
    outer loop
      vertex -4.5 7.79423 7.5
      vertex -3.9806 8.07185 7.5
      vertex -9 15.5885 3
    endloop
  endfacet
  facet normal -0.21089 0.394584 0.894332
    outer loop
      vertex -3.9806 8.07185 7.5
      vertex -7.9612 16.1437 3
      vertex -9 15.5885 3
    endloop
  endfacet
  facet normal -0.47139 0.881925 0
    outer loop
      vertex -3.9806 8.07185 7.5
      vertex -4.5 7.79423 8.10436
      vertex -3.9806 8.07185 8.10436
    endloop
  endfacet
  facet normal -0.47139 0.881925 0
    outer loop
      vertex -4.5 7.79423 8.10436
      vertex -3.9806 8.07185 7.5
      vertex -4.5 7.79423 7.5
    endloop
  endfacet
  facet normal -0.47139 0.881925 0
    outer loop
      vertex -3.9806 8.07185 11.2156
      vertex -4.5 7.79423 11.7844
      vertex -3.9806 8.07185 11.7844
    endloop
  endfacet
  facet normal -0.47139 0.881925 0
    outer loop
      vertex -4.5 7.79423 11.7844
      vertex -3.9806 8.07185 11.2156
      vertex -4.5 7.79423 11.2156
    endloop
  endfacet
  facet normal -0.333376 0.623804 -0.706915
    outer loop
      vertex -8.25 14.2894 21
      vertex -4.76031 8.44591 14.1978
      vertex -4.84891 8.39856 14.1978
    endloop
  endfacet
  facet normal -0.333426 0.623776 -0.706916
    outer loop
      vertex -4.76031 8.44591 14.1978
      vertex -8.25 14.2894 21
      vertex -7.29776 14.7984 21
    endloop
  endfacet
  facet normal -0.333439 0.62377 -0.706915
    outer loop
      vertex -7.29776 14.7984 21
      vertex -4.5625 8.55165 14.1978
      vertex -4.76031 8.44591 14.1978
    endloop
  endfacet
  facet normal -0.333407 0.623786 -0.706917
    outer loop
      vertex -4.5625 8.55165 14.1978
      vertex -7.29776 14.7984 21
      vertex -4.28923 8.69771 14.1978
    endloop
  endfacet
  facet normal -0.471409 0.881915 0
    outer loop
      vertex -7.29776 14.7984 21
      vertex -8.25 14.2894 23
      vertex -7.29776 14.7984 23
    endloop
  endfacet
  facet normal -0.471409 0.881915 0
    outer loop
      vertex -8.25 14.2894 23
      vertex -7.29776 14.7984 21
      vertex -8.25 14.2894 21
    endloop
  endfacet
  facet normal -0.333371 0.623749 -0.706966
    outer loop
      vertex -7.9612 16.1437 0.599991
      vertex -8.7 15.0688 0
      vertex -9 15.5885 0.599991
    endloop
  endfacet
  facet normal -0.333446 0.62377 -0.706912
    outer loop
      vertex -7.9612 16.1437 0.599991
      vertex -7.69582 15.6056 0
      vertex -8.7 15.0688 0
    endloop
  endfacet
  facet normal -0.41269 0.910872 0
    outer loop
      vertex -6.8883 16.6298 0.599991
      vertex -7.9612 16.1437 3
      vertex -6.8883 16.6298 3
    endloop
  endfacet
  facet normal -0.41269 0.910872 0
    outer loop
      vertex -7.9612 16.1437 3
      vertex -6.8883 16.6298 0.599991
      vertex -7.9612 16.1437 0.599991
    endloop
  endfacet
  facet normal -0.184653 0.407524 0.894331
    outer loop
      vertex -6.8883 16.6298 3
      vertex -3.9806 8.07185 7.5
      vertex -3.44415 8.31492 7.5
    endloop
  endfacet
  facet normal -0.18464 0.407529 0.894331
    outer loop
      vertex -3.9806 8.07185 7.5
      vertex -6.8883 16.6298 3
      vertex -7.9612 16.1437 3
    endloop
  endfacet
  facet normal -0.412718 0.910859 0
    outer loop
      vertex -3.44415 8.31492 7.5
      vertex -3.9806 8.07185 8.10436
      vertex -3.44415 8.31492 8.10436
    endloop
  endfacet
  facet normal -0.412718 0.910859 0
    outer loop
      vertex -3.9806 8.07185 8.10436
      vertex -3.44415 8.31492 7.5
      vertex -3.9806 8.07185 7.5
    endloop
  endfacet
  facet normal -0.412718 0.910859 0
    outer loop
      vertex -3.44415 8.31492 11.2156
      vertex -3.9806 8.07185 11.7844
      vertex -3.44415 8.31492 11.7844
    endloop
  endfacet
  facet normal -0.412718 0.910859 0
    outer loop
      vertex -3.9806 8.07185 11.7844
      vertex -3.44415 8.31492 11.2156
      vertex -3.9806 8.07185 11.2156
    endloop
  endfacet
  facet normal -0.291894 0.644257 -0.706917
    outer loop
      vertex -3.99342 8.83174 14.1978
      vertex -6.31428 15.244 21
      vertex -3.71119 8.95961 14.1978
    endloop
  endfacet
  facet normal -0.291907 0.644251 -0.706916
    outer loop
      vertex -7.29776 14.7984 21
      vertex -3.99342 8.83174 14.1978
      vertex -4.28923 8.69771 14.1978
    endloop
  endfacet
  facet normal -0.291902 0.644254 -0.706916
    outer loop
      vertex -3.99342 8.83174 14.1978
      vertex -7.29776 14.7984 21
      vertex -6.31428 15.244 21
    endloop
  endfacet
  facet normal -0.4127 0.910867 0
    outer loop
      vertex -6.31428 15.244 21
      vertex -7.29776 14.7984 23
      vertex -6.31428 15.244 23
    endloop
  endfacet
  facet normal -0.4127 0.910867 0
    outer loop
      vertex -7.29776 14.7984 23
      vertex -6.31428 15.244 21
      vertex -7.29776 14.7984 21
    endloop
  endfacet
  facet normal -0.291896 0.644261 -0.706911
    outer loop
      vertex -6.8883 16.6298 0.599991
      vertex -7.69582 15.6056 0
      vertex -7.9612 16.1437 0.599991
    endloop
  endfacet
  facet normal -0.291901 0.644263 -0.706908
    outer loop
      vertex -6.8883 16.6298 0.599991
      vertex -6.65869 16.0755 0
      vertex -7.69582 15.6056 0
    endloop
  endfacet
  facet normal -0.352242 0.935909 0
    outer loop
      vertex -5.78591 17.0447 0.599991
      vertex -6.8883 16.6298 3
      vertex -5.78591 17.0447 3
    endloop
  endfacet
  facet normal -0.352242 0.935909 0
    outer loop
      vertex -6.8883 16.6298 3
      vertex -5.78591 17.0447 0.599991
      vertex -6.8883 16.6298 0.599991
    endloop
  endfacet
  facet normal -0.157594 0.418732 0.894331
    outer loop
      vertex -3.44415 8.31492 7.5
      vertex -2.89295 8.52237 7.5
      vertex -6.8883 16.6298 3
    endloop
  endfacet
  facet normal -0.157596 0.418732 0.894331
    outer loop
      vertex -2.89295 8.52237 7.5
      vertex -5.78591 17.0447 3
      vertex -6.8883 16.6298 3
    endloop
  endfacet
  facet normal -0.35224 0.93591 0
    outer loop
      vertex -2.89295 8.52237 7.5
      vertex -3.44415 8.31492 8.10436
      vertex -2.89295 8.52237 8.10436
    endloop
  endfacet
  facet normal -0.35224 0.93591 0
    outer loop
      vertex -3.44415 8.31492 8.10436
      vertex -2.89295 8.52237 7.5
      vertex -3.44415 8.31492 7.5
    endloop
  endfacet
  facet normal -0.35224 0.93591 0
    outer loop
      vertex -2.89295 8.52237 11.2156
      vertex -3.44415 8.31492 11.7844
      vertex -2.89295 8.52237 11.7844
    endloop
  endfacet
  facet normal -0.35224 0.93591 0
    outer loop
      vertex -3.44415 8.31492 11.7844
      vertex -2.89295 8.52237 11.2156
      vertex -3.44415 8.31492 11.2156
    endloop
  endfacet
  facet normal -0.249166 0.661955 -0.706917
    outer loop
      vertex -6.31428 15.244 21
      vertex -3.61717 8.995 14.1978
      vertex -3.71119 8.95961 14.1978
    endloop
  endfacet
  facet normal -0.249125 0.661972 -0.706916
    outer loop
      vertex -3.61717 8.995 14.1978
      vertex -6.31428 15.244 21
      vertex -5.30375 15.6243 21
    endloop
  endfacet
  facet normal -0.249137 0.661969 -0.706915
    outer loop
      vertex -3.40725 9.07401 14.1978
      vertex -5.30375 15.6243 21
      vertex -3.11726 9.18315 14.1978
    endloop
  endfacet
  facet normal -0.249151 0.661964 -0.706914
    outer loop
      vertex -5.30375 15.6243 21
      vertex -3.40725 9.07401 14.1978
      vertex -3.61717 8.995 14.1978
    endloop
  endfacet
  facet normal -0.35222 0.935917 0
    outer loop
      vertex -5.30375 15.6243 21
      vertex -6.31428 15.244 23
      vertex -5.30375 15.6243 23
    endloop
  endfacet
  facet normal -0.35222 0.935917 0
    outer loop
      vertex -6.31428 15.244 23
      vertex -5.30375 15.6243 21
      vertex -6.31428 15.244 21
    endloop
  endfacet
  facet normal -0.249143 0.661974 -0.706907
    outer loop
      vertex -5.78591 17.0447 0.599991
      vertex -6.65869 16.0755 0
      vertex -6.8883 16.6298 0.599991
    endloop
  endfacet
  facet normal -0.249164 0.661983 -0.706892
    outer loop
      vertex -5.78591 17.0447 0.599991
      vertex -5.59304 16.4766 0
      vertex -6.65869 16.0755 0
    endloop
  endfacet
  facet normal -0.290344 0.956922 0
    outer loop
      vertex -4.65874 17.3867 0.599991
      vertex -5.78591 17.0447 3
      vertex -4.65874 17.3867 3
    endloop
  endfacet
  facet normal -0.290344 0.956922 0
    outer loop
      vertex -5.78591 17.0447 3
      vertex -4.65874 17.3867 0.599991
      vertex -5.78591 17.0447 0.599991
    endloop
  endfacet
  facet normal -0.129875 0.428142 0.894331
    outer loop
      vertex -2.89295 8.52237 7.5
      vertex -2.32937 8.69333 7.5
      vertex -5.78591 17.0447 3
    endloop
  endfacet
  facet normal -0.129901 0.428131 0.894332
    outer loop
      vertex -2.32937 8.69333 7.5
      vertex -4.65874 17.3867 3
      vertex -5.78591 17.0447 3
    endloop
  endfacet
  facet normal -0.290284 0.95694 0
    outer loop
      vertex -2.32937 8.69333 7.5
      vertex -2.89295 8.52237 8.10436
      vertex -2.32937 8.69333 8.10436
    endloop
  endfacet
  facet normal -0.290284 0.95694 0
    outer loop
      vertex -2.89295 8.52237 8.10436
      vertex -2.32937 8.69333 7.5
      vertex -2.89295 8.52237 7.5
    endloop
  endfacet
  facet normal -0.290284 0.95694 0
    outer loop
      vertex -2.32937 8.69333 11.2156
      vertex -2.89295 8.52237 11.7844
      vertex -2.32937 8.69333 11.7844
    endloop
  endfacet
  facet normal -0.290284 0.95694 0
    outer loop
      vertex -2.89295 8.52237 11.7844
      vertex -2.32937 8.69333 11.2156
      vertex -2.89295 8.52237 11.2156
    endloop
  endfacet
  facet normal -0.205378 0.676824 -0.706915
    outer loop
      vertex -5.30375 15.6243 21
      vertex -3.02113 9.21232 14.1978
      vertex -3.11726 9.18315 14.1978
    endloop
  endfacet
  facet normal -0.20536 0.67683 -0.706915
    outer loop
      vertex -3.02113 9.21232 14.1978
      vertex -5.30375 15.6243 21
      vertex -4.27051 15.9378 21
    endloop
  endfacet
  facet normal -0.205316 0.67684 -0.706918
    outer loop
      vertex -4.27051 15.9378 21
      vertex -2.80649 9.27743 14.1978
      vertex -3.02113 9.21232 14.1978
    endloop
  endfacet
  facet normal -0.205306 0.676843 -0.706918
    outer loop
      vertex -2.80649 9.27743 14.1978
      vertex -4.27051 15.9378 21
      vertex -2.50998 9.36737 14.1978
    endloop
  endfacet
  facet normal -0.290344 0.956922 0
    outer loop
      vertex -4.27051 15.9378 21
      vertex -5.30375 15.6243 23
      vertex -4.27051 15.9378 23
    endloop
  endfacet
  facet normal -0.290344 0.956922 0
    outer loop
      vertex -5.30375 15.6243 23
      vertex -4.27051 15.9378 21
      vertex -5.30375 15.6243 21
    endloop
  endfacet
  facet normal -0.205367 0.676852 -0.706892
    outer loop
      vertex -4.65874 17.3867 0.599991
      vertex -5.59304 16.4766 0
      vertex -5.78591 17.0447 0.599991
    endloop
  endfacet
  facet normal -0.205295 0.676815 -0.706948
    outer loop
      vertex -4.65874 17.3867 0.599991
      vertex -4.50345 16.8071 0
      vertex -5.59304 16.4766 0
    endloop
  endfacet
  facet normal -0.227021 0.97389 0
    outer loop
      vertex -3.51163 17.6541 0.599991
      vertex -4.65874 17.3867 3
      vertex -3.51163 17.6541 3
    endloop
  endfacet
  facet normal -0.227021 0.97389 0
    outer loop
      vertex -4.65874 17.3867 3
      vertex -3.51163 17.6541 0.599991
      vertex -4.65874 17.3867 0.599991
    endloop
  endfacet
  facet normal -0.101598 0.435715 0.894332
    outer loop
      vertex -2.32937 8.69333 7.5
      vertex -1.75581 8.82707 7.5
      vertex -4.65874 17.3867 3
    endloop
  endfacet
  facet normal -0.101571 0.435724 0.894331
    outer loop
      vertex -1.75581 8.82707 7.5
      vertex -3.51163 17.6541 3
      vertex -4.65874 17.3867 3
    endloop
  endfacet
  facet normal -0.227084 0.973875 0
    outer loop
      vertex -1.75581 8.82707 7.5
      vertex -2.32937 8.69333 8.10436
      vertex -1.75581 8.82707 8.10436
    endloop
  endfacet
  facet normal -0.227084 0.973875 0
    outer loop
      vertex -2.32937 8.69333 8.10436
      vertex -1.75581 8.82707 7.5
      vertex -2.32937 8.69333 7.5
    endloop
  endfacet
  facet normal -0.227084 0.973875 0
    outer loop
      vertex -1.75581 8.82707 11.2156
      vertex -2.32937 8.69333 11.7844
      vertex -1.75581 8.82707 11.7844
    endloop
  endfacet
  facet normal -0.227084 0.973875 0
    outer loop
      vertex -2.32937 8.69333 11.7844
      vertex -1.75581 8.82707 11.2156
      vertex -2.32937 8.69333 11.2156
    endloop
  endfacet
  facet normal -0.16059 0.688824 -0.706917
    outer loop
      vertex -4.27051 15.9378 21
      vertex -2.41214 9.39018 14.1978
      vertex -2.50998 9.36737 14.1978
    endloop
  endfacet
  facet normal -0.160622 0.688816 -0.706918
    outer loop
      vertex -2.41214 9.39018 14.1978
      vertex -4.27051 15.9378 21
      vertex -3.21899 16.183 21
    endloop
  endfacet
  facet normal -0.160631 0.688814 -0.706918
    outer loop
      vertex -3.21899 16.183 21
      vertex -2.1937 9.44112 14.1978
      vertex -2.41214 9.39018 14.1978
    endloop
  endfacet
  facet normal -0.160614 0.688817 -0.706918
    outer loop
      vertex -2.1937 9.44112 14.1978
      vertex -3.21899 16.183 21
      vertex -1.89195 9.51148 14.1978
    endloop
  endfacet
  facet normal -0.227094 0.973873 0
    outer loop
      vertex -3.21899 16.183 21
      vertex -4.27051 15.9378 23
      vertex -3.21899 16.183 23
    endloop
  endfacet
  facet normal -0.227094 0.973873 0
    outer loop
      vertex -4.27051 15.9378 23
      vertex -3.21899 16.183 21
      vertex -4.27051 15.9378 21
    endloop
  endfacet
  facet normal -0.160564 0.688799 -0.706947
    outer loop
      vertex -3.51163 17.6541 0.599991
      vertex -4.50345 16.8071 0
      vertex -4.65874 17.3867 0.599991
    endloop
  endfacet
  facet normal -0.160645 0.688847 -0.706882
    outer loop
      vertex -3.51163 17.6541 0.599991
      vertex -3.39457 17.0657 0
      vertex -4.50345 16.8071 0
    endloop
  endfacet
  facet normal -0.162917 0.98664 0
    outer loop
      vertex -2.34947 17.846 0.599991
      vertex -3.51163 17.6541 3
      vertex -2.34947 17.846 3
    endloop
  endfacet
  facet normal -0.162917 0.98664 0
    outer loop
      vertex -3.51163 17.6541 3
      vertex -2.34947 17.846 0.599991
      vertex -3.51163 17.6541 0.599991
    endloop
  endfacet
  facet normal -0.0728768 0.441432 0.894331
    outer loop
      vertex -1.75581 8.82707 7.5
      vertex -1.17474 8.923 7.5
      vertex -3.51163 17.6541 3
    endloop
  endfacet
  facet normal -0.0728902 0.441428 0.894331
    outer loop
      vertex -1.17474 8.923 7.5
      vertex -2.34947 17.846 3
      vertex -3.51163 17.6541 3
    endloop
  endfacet
  facet normal -0.162887 0.986645 0
    outer loop
      vertex -1.17474 8.923 7.5
      vertex -1.75581 8.82707 8.10436
      vertex -1.17474 8.923 8.10436
    endloop
  endfacet
  facet normal -0.162887 0.986645 0
    outer loop
      vertex -1.75581 8.82707 8.10436
      vertex -1.17474 8.923 7.5
      vertex -1.75581 8.82707 7.5
    endloop
  endfacet
  facet normal -0.162887 0.986645 0
    outer loop
      vertex -1.17474 8.923 11.2156
      vertex -1.75581 8.82707 11.7844
      vertex -1.17474 8.923 11.7844
    endloop
  endfacet
  facet normal -0.162887 0.986645 0
    outer loop
      vertex -1.75581 8.82707 11.7844
      vertex -1.17474 8.923 11.2156
      vertex -1.75581 8.82707 11.2156
    endloop
  endfacet
  facet normal -0.115182 0.697854 -0.706918
    outer loop
      vertex -3.21899 16.183 21
      vertex -1.79283 9.52784 14.1978
      vertex -1.89195 9.51148 14.1978
    endloop
  endfacet
  facet normal -0.115162 0.697858 -0.706917
    outer loop
      vertex -1.79283 9.52784 14.1978
      vertex -3.21899 16.183 21
      vertex -2.15368 16.3588 21
    endloop
  endfacet
  facet normal -0.115209 0.697853 -0.706915
    outer loop
      vertex -1.57153 9.56438 14.1978
      vertex -2.15368 16.3588 21
      vertex -1.26582 9.61485 14.1978
    endloop
  endfacet
  facet normal -0.115226 0.697851 -0.706914
    outer loop
      vertex -2.15368 16.3588 21
      vertex -1.57153 9.56438 14.1978
      vertex -1.79283 9.52784 14.1978
    endloop
  endfacet
  facet normal -0.16282 0.986656 0
    outer loop
      vertex -2.15368 16.3588 21
      vertex -3.21899 16.183 23
      vertex -2.15368 16.3588 23
    endloop
  endfacet
  facet normal -0.16282 0.986656 0
    outer loop
      vertex -3.21899 16.183 23
      vertex -2.15368 16.3588 21
      vertex -3.21899 16.183 21
    endloop
  endfacet
  facet normal -0.115237 0.697881 -0.706882
    outer loop
      vertex -2.34947 17.846 0.599991
      vertex -3.39457 17.0657 0
      vertex -3.51163 17.6541 0.599991
    endloop
  endfacet
  facet normal -0.115164 0.697831 -0.706943
    outer loop
      vertex -2.34947 17.846 0.599991
      vertex -2.27115 17.2511 0
      vertex -3.39457 17.0657 0
    endloop
  endfacet
  facet normal -0.098057 0.995181 0
    outer loop
      vertex -1.17726 17.9615 0.599991
      vertex -2.34947 17.846 3
      vertex -1.17726 17.9615 3
    endloop
  endfacet
  facet normal -0.098057 0.995181 0
    outer loop
      vertex -2.34947 17.846 3
      vertex -1.17726 17.9615 0.599991
      vertex -2.34947 17.846 0.599991
    endloop
  endfacet
  facet normal -0.0438557 0.445251 0.894331
    outer loop
      vertex -1.17474 8.923 7.5
      vertex -0.588628 8.98073 7.5
      vertex -2.34947 17.846 3
    endloop
  endfacet
  facet normal -0.0438711 0.445248 0.894332
    outer loop
      vertex -0.588628 8.98073 7.5
      vertex -1.17726 17.9615 3
      vertex -2.34947 17.846 3
    endloop
  endfacet
  facet normal -0.0980222 0.995184 0
    outer loop
      vertex -0.588628 8.98073 7.5
      vertex -1.17474 8.923 8.10436
      vertex -0.588628 8.98073 8.10436
    endloop
  endfacet
  facet normal -0.0980222 0.995184 0
    outer loop
      vertex -1.17474 8.923 8.10436
      vertex -0.588628 8.98073 7.5
      vertex -1.17474 8.923 7.5
    endloop
  endfacet
  facet normal -0.0980222 0.995184 0
    outer loop
      vertex -0.588628 8.98073 11.2156
      vertex -1.17474 8.923 11.7844
      vertex -0.588628 8.98073 11.7844
    endloop
  endfacet
  facet normal -0.0980222 0.995184 0
    outer loop
      vertex -1.17474 8.923 11.7844
      vertex -0.588628 8.98073 11.2156
      vertex -1.17474 8.923 11.2156
    endloop
  endfacet
  facet normal -0.0693471 0.703891 -0.706915
    outer loop
      vertex -2.15368 16.3588 21
      vertex -1.16584 9.6247 14.1978
      vertex -1.26582 9.61485 14.1978
    endloop
  endfacet
  facet normal -0.0693715 0.703888 -0.706915
    outer loop
      vertex -1.16584 9.6247 14.1978
      vertex -2.15368 16.3588 21
      vertex -1.07915 16.4647 21
    endloop
  endfacet
  facet normal -0.0693259 0.70389 -0.706918
    outer loop
      vertex -0.942624 9.64668 14.1978
      vertex -1.07915 16.4647 21
      vertex -0.634267 9.67705 14.1978
    endloop
  endfacet
  facet normal -0.0693118 0.70389 -0.706919
    outer loop
      vertex -1.07915 16.4647 21
      vertex -0.942624 9.64668 14.1978
      vertex -1.16584 9.6247 14.1978
    endloop
  endfacet
  facet normal -0.0980795 0.995179 0
    outer loop
      vertex -1.07915 16.4647 21
      vertex -2.15368 16.3588 23
      vertex -1.07915 16.4647 23
    endloop
  endfacet
  facet normal -0.0980795 0.995179 0
    outer loop
      vertex -2.15368 16.3588 23
      vertex -1.07915 16.4647 21
      vertex -2.15368 16.3588 21
    endloop
  endfacet
  facet normal -0.0693528 0.703862 -0.706943
    outer loop
      vertex -1.17726 17.9615 0.599991
      vertex -2.27115 17.2511 0
      vertex -2.34947 17.846 0.599991
    endloop
  endfacet
  facet normal -0.0693189 0.703835 -0.706973
    outer loop
      vertex -1.17726 17.9615 0.599991
      vertex -1.13801 17.3627 0
      vertex -2.27115 17.2511 0
    endloop
  endfacet
  facet normal -0.0326856 0.999466 0
    outer loop
      vertex 0 18 0.599991
      vertex -1.17726 17.9615 3
      vertex 0 18 3
    endloop
  endfacet
  facet normal -0.0326856 0.999466 0
    outer loop
      vertex -1.17726 17.9615 3
      vertex 0 18 0.599991
      vertex -1.17726 17.9615 0.599991
    endloop
  endfacet
  facet normal -0.0146389 0.447166 0.894331
    outer loop
      vertex 0 18 3
      vertex -0.588628 8.98073 7.5
      vertex 0 9 7.5
    endloop
  endfacet
  facet normal -0.0146237 0.447165 0.894332
    outer loop
      vertex -0.588628 8.98073 7.5
      vertex 0 18 3
      vertex -1.17726 17.9615 3
    endloop
  endfacet
  facet normal -0.0327196 0.999465 0
    outer loop
      vertex 0 9 7.5
      vertex -0.588628 8.98073 8.10436
      vertex 0 9 8.10436
    endloop
  endfacet
  facet normal -0.0327196 0.999465 0
    outer loop
      vertex -0.588628 8.98073 8.10436
      vertex 0 9 7.5
      vertex -0.588628 8.98073 7.5
    endloop
  endfacet
  facet normal -0.0327196 0.999465 0
    outer loop
      vertex 0 9 11.2156
      vertex -0.588628 8.98073 11.7844
      vertex 0 9 11.7844
    endloop
  endfacet
  facet normal -0.0327196 0.999465 0
    outer loop
      vertex -0.588628 8.98073 11.7844
      vertex 0 9 11.2156
      vertex -0.588628 8.98073 11.2156
    endloop
  endfacet
  facet normal -0.0231239 0.706918 -0.706918
    outer loop
      vertex -0.533861 9.68034 14.1978
      vertex -1.07915 16.4647 21
      vertex 0 16.5 21
    endloop
  endfacet
  facet normal -0.0231635 0.706916 -0.706918
    outer loop
      vertex -1.07915 16.4647 21
      vertex -0.533861 9.68034 14.1978
      vertex -0.634267 9.67705 14.1978
    endloop
  endfacet
  facet normal -0.0231467 0.706918 -0.706916
    outer loop
      vertex -0.309683 9.68768 14.1978
      vertex 0 16.5 21
      vertex 0 9.69782 14.1978
    endloop
  endfacet
  facet normal -0.0231458 0.706918 -0.706916
    outer loop
      vertex 0 16.5 21
      vertex -0.309683 9.68768 14.1978
      vertex -0.533861 9.68034 14.1978
    endloop
  endfacet
  facet normal -0.0326934 0.999465 0
    outer loop
      vertex 0 16.5 21
      vertex -1.07915 16.4647 23
      vertex 0 16.5 23
    endloop
  endfacet
  facet normal -0.0326934 0.999465 0
    outer loop
      vertex -1.07915 16.4647 23
      vertex 0 16.5 21
      vertex -1.07915 16.4647 21
    endloop
  endfacet
  facet normal -0.0231166 0.706863 -0.706972
    outer loop
      vertex 0 18 0.599991
      vertex -1.13801 17.3627 0
      vertex -1.17726 17.9615 0.599991
    endloop
  endfacet
  facet normal -0.0231701 0.706912 -0.706922
    outer loop
      vertex 0 18 0.599991
      vertex 0 17.4 0
      vertex -1.13801 17.3627 0
    endloop
  endfacet
  facet normal 0.0326856 0.999466 -0
    outer loop
      vertex 1.17726 17.9615 0.599991
      vertex 0 18 3
      vertex 1.17726 17.9615 3
    endloop
  endfacet
  facet normal 0.0326856 0.999466 0
    outer loop
      vertex 0 18 3
      vertex 1.17726 17.9615 0.599991
      vertex 0 18 0.599991
    endloop
  endfacet
  facet normal 0.0146237 0.447165 0.894332
    outer loop
      vertex 0 18 3
      vertex 0.588628 8.98073 7.5
      vertex 1.17726 17.9615 3
    endloop
  endfacet
  facet normal 0.0146389 0.447166 0.894331
    outer loop
      vertex 0.588628 8.98073 7.5
      vertex 0 18 3
      vertex 0 9 7.5
    endloop
  endfacet
  facet normal 0.0327196 0.999465 -0
    outer loop
      vertex 0.588628 8.98073 7.5
      vertex 0 9 8.10436
      vertex 0.588628 8.98073 8.10436
    endloop
  endfacet
  facet normal 0.0327196 0.999465 0
    outer loop
      vertex 0 9 8.10436
      vertex 0.588628 8.98073 7.5
      vertex 0 9 7.5
    endloop
  endfacet
  facet normal 0.0327196 0.999465 -0
    outer loop
      vertex 0.588628 8.98073 11.2156
      vertex 0 9 11.7844
      vertex 0.588628 8.98073 11.7844
    endloop
  endfacet
  facet normal 0.0327196 0.999465 0
    outer loop
      vertex 0 9 11.7844
      vertex 0.588628 8.98073 11.2156
      vertex 0 9 11.2156
    endloop
  endfacet
  facet normal 0.023124 0.706918 -0.706917
    outer loop
      vertex 0.100407 9.69453 14.1978
      vertex 0 16.5 21
      vertex 1.07915 16.4647 21
    endloop
  endfacet
  facet normal 0.0231633 0.706918 -0.706916
    outer loop
      vertex 0 16.5 21
      vertex 0.100407 9.69453 14.1978
      vertex 0 9.69782 14.1978
    endloop
  endfacet
  facet normal 0.0231468 0.706916 -0.706918
    outer loop
      vertex 0.324585 9.68719 14.1978
      vertex 1.07915 16.4647 21
      vertex 0.634267 9.67705 14.1978
    endloop
  endfacet
  facet normal 0.0231457 0.706917 -0.706918
    outer loop
      vertex 1.07915 16.4647 21
      vertex 0.324585 9.68719 14.1978
      vertex 0.100407 9.69453 14.1978
    endloop
  endfacet
  facet normal 0.0326934 0.999465 -0
    outer loop
      vertex 1.07915 16.4647 21
      vertex 0 16.5 23
      vertex 1.07915 16.4647 23
    endloop
  endfacet
  facet normal 0.0326934 0.999465 0
    outer loop
      vertex 0 16.5 23
      vertex 1.07915 16.4647 21
      vertex 0 16.5 21
    endloop
  endfacet
  facet normal 0.0231182 0.706912 -0.706923
    outer loop
      vertex 0 18 0.599991
      vertex 1.17726 17.9615 0.599991
      vertex 0 17.4 0
    endloop
  endfacet
  facet normal 0.0231684 0.706861 -0.706973
    outer loop
      vertex 1.17726 17.9615 0.599991
      vertex 1.13801 17.3627 0
      vertex 0 17.4 0
    endloop
  endfacet
  facet normal 0.098057 0.995181 -0
    outer loop
      vertex 2.34947 17.846 0.599991
      vertex 1.17726 17.9615 3
      vertex 2.34947 17.846 3
    endloop
  endfacet
  facet normal 0.098057 0.995181 0
    outer loop
      vertex 1.17726 17.9615 3
      vertex 2.34947 17.846 0.599991
      vertex 1.17726 17.9615 0.599991
    endloop
  endfacet
  facet normal 0.0438555 0.445249 0.894332
    outer loop
      vertex 1.17474 8.923 7.5
      vertex 1.17726 17.9615 3
      vertex 0.588628 8.98073 7.5
    endloop
  endfacet
  facet normal 0.0438712 0.445249 0.894332
    outer loop
      vertex 2.34947 17.846 3
      vertex 1.17726 17.9615 3
      vertex 1.17474 8.923 7.5
    endloop
  endfacet
  facet normal 0.0980222 0.995184 -0
    outer loop
      vertex 1.17474 8.923 7.5
      vertex 0.588628 8.98073 8.10436
      vertex 1.17474 8.923 8.10436
    endloop
  endfacet
  facet normal 0.0980222 0.995184 0
    outer loop
      vertex 0.588628 8.98073 8.10436
      vertex 1.17474 8.923 7.5
      vertex 0.588628 8.98073 7.5
    endloop
  endfacet
  facet normal 0.0980222 0.995184 -0
    outer loop
      vertex 1.17474 8.923 11.2156
      vertex 0.588628 8.98073 11.7844
      vertex 1.17474 8.923 11.7844
    endloop
  endfacet
  facet normal 0.0980222 0.995184 0
    outer loop
      vertex 0.588628 8.98073 11.7844
      vertex 1.17474 8.923 11.2156
      vertex 0.588628 8.98073 11.2156
    endloop
  endfacet
  facet normal 0.0693713 0.703887 -0.706917
    outer loop
      vertex 0.734244 9.66721 14.1978
      vertex 1.07915 16.4647 21
      vertex 2.15368 16.3588 21
    endloop
  endfacet
  facet normal 0.0692791 0.703894 -0.706919
    outer loop
      vertex 0.634267 9.67705 14.1978
      vertex 1.07915 16.4647 21
      vertex 0.734244 9.66721 14.1978
    endloop
  endfacet
  facet normal 0.069326 0.703893 -0.706914
    outer loop
      vertex 0.957462 9.64522 14.1978
      vertex 2.15368 16.3588 21
      vertex 1.26582 9.61485 14.1978
    endloop
  endfacet
  facet normal 0.0693428 0.703891 -0.706915
    outer loop
      vertex 2.15368 16.3588 21
      vertex 0.957462 9.64522 14.1978
      vertex 0.734244 9.66721 14.1978
    endloop
  endfacet
  facet normal 0.0980795 0.995179 -0
    outer loop
      vertex 2.15368 16.3588 21
      vertex 1.07915 16.4647 23
      vertex 2.15368 16.3588 23
    endloop
  endfacet
  facet normal 0.0980795 0.995179 0
    outer loop
      vertex 1.07915 16.4647 23
      vertex 2.15368 16.3588 21
      vertex 1.07915 16.4647 21
    endloop
  endfacet
  facet normal 0.0693499 0.703833 -0.706972
    outer loop
      vertex 1.17726 17.9615 0.599991
      vertex 2.34947 17.846 0.599991
      vertex 1.13801 17.3627 0
    endloop
  endfacet
  facet normal 0.0693219 0.703866 -0.706942
    outer loop
      vertex 2.34947 17.846 0.599991
      vertex 2.27115 17.2511 0
      vertex 1.13801 17.3627 0
    endloop
  endfacet
  facet normal 0.162917 0.98664 -0
    outer loop
      vertex 3.51163 17.6541 0.599991
      vertex 2.34947 17.846 3
      vertex 3.51163 17.6541 3
    endloop
  endfacet
  facet normal 0.162917 0.98664 0
    outer loop
      vertex 2.34947 17.846 3
      vertex 3.51163 17.6541 0.599991
      vertex 2.34947 17.846 0.599991
    endloop
  endfacet
  facet normal 0.0728766 0.44143 0.894331
    outer loop
      vertex 1.75581 8.82707 7.5
      vertex 2.34947 17.846 3
      vertex 1.17474 8.923 7.5
    endloop
  endfacet
  facet normal 0.0728903 0.441429 0.894331
    outer loop
      vertex 3.51163 17.6541 3
      vertex 2.34947 17.846 3
      vertex 1.75581 8.82707 7.5
    endloop
  endfacet
  facet normal 0.162887 0.986645 -0
    outer loop
      vertex 1.75581 8.82707 7.5
      vertex 1.17474 8.923 8.10436
      vertex 1.75581 8.82707 8.10436
    endloop
  endfacet
  facet normal 0.162887 0.986645 0
    outer loop
      vertex 1.17474 8.923 8.10436
      vertex 1.75581 8.82707 7.5
      vertex 1.17474 8.923 7.5
    endloop
  endfacet
  facet normal 0.162887 0.986645 -0
    outer loop
      vertex 1.75581 8.82707 11.2156
      vertex 1.17474 8.923 11.7844
      vertex 1.75581 8.82707 11.7844
    endloop
  endfacet
  facet normal 0.162887 0.986645 0
    outer loop
      vertex 1.17474 8.923 11.7844
      vertex 1.75581 8.82707 11.2156
      vertex 1.17474 8.923 11.2156
    endloop
  endfacet
  facet normal 0.115162 0.69786 -0.706916
    outer loop
      vertex 1.36494 9.59849 14.1978
      vertex 2.15368 16.3588 21
      vertex 3.21899 16.183 21
    endloop
  endfacet
  facet normal 0.115183 0.697857 -0.706915
    outer loop
      vertex 1.26582 9.61485 14.1978
      vertex 2.15368 16.3588 21
      vertex 1.36494 9.59849 14.1978
    endloop
  endfacet
  facet normal 0.115209 0.697849 -0.706918
    outer loop
      vertex 1.89195 9.51148 14.1978
      vertex 1.58624 9.56195 14.1978
      vertex 3.21899 16.183 21
    endloop
  endfacet
  facet normal 0.115225 0.697846 -0.706919
    outer loop
      vertex 3.21899 16.183 21
      vertex 1.58624 9.56195 14.1978
      vertex 1.36494 9.59849 14.1978
    endloop
  endfacet
  facet normal 0.16282 0.986656 -0
    outer loop
      vertex 3.21899 16.183 21
      vertex 2.15368 16.3588 23
      vertex 3.21899 16.183 23
    endloop
  endfacet
  facet normal 0.16282 0.986656 0
    outer loop
      vertex 2.15368 16.3588 23
      vertex 3.21899 16.183 21
      vertex 2.15368 16.3588 21
    endloop
  endfacet
  facet normal 0.115227 0.697822 -0.706942
    outer loop
      vertex 2.34947 17.846 0.599991
      vertex 3.51163 17.6541 0.599991
      vertex 2.27115 17.2511 0
    endloop
  endfacet
  facet normal 0.115174 0.697893 -0.706881
    outer loop
      vertex 3.51163 17.6541 0.599991
      vertex 3.39457 17.0657 0
      vertex 2.27115 17.2511 0
    endloop
  endfacet
  facet normal 0.227021 0.97389 -0
    outer loop
      vertex 4.65874 17.3867 0.599991
      vertex 3.51163 17.6541 3
      vertex 4.65874 17.3867 3
    endloop
  endfacet
  facet normal 0.227021 0.97389 0
    outer loop
      vertex 3.51163 17.6541 3
      vertex 4.65874 17.3867 0.599991
      vertex 3.51163 17.6541 0.599991
    endloop
  endfacet
  facet normal 0.101599 0.435718 0.894331
    outer loop
      vertex 2.32937 8.69333 7.5
      vertex 3.51163 17.6541 3
      vertex 1.75581 8.82707 7.5
    endloop
  endfacet
  facet normal 0.10157 0.435723 0.894332
    outer loop
      vertex 4.65874 17.3867 3
      vertex 3.51163 17.6541 3
      vertex 2.32937 8.69333 7.5
    endloop
  endfacet
  facet normal 0.227084 0.973875 -0
    outer loop
      vertex 2.32937 8.69333 7.5
      vertex 1.75581 8.82707 8.10436
      vertex 2.32937 8.69333 8.10436
    endloop
  endfacet
  facet normal 0.227084 0.973875 0
    outer loop
      vertex 1.75581 8.82707 8.10436
      vertex 2.32937 8.69333 7.5
      vertex 1.75581 8.82707 7.5
    endloop
  endfacet
  facet normal 0.227084 0.973875 -0
    outer loop
      vertex 2.32937 8.69333 11.2156
      vertex 1.75581 8.82707 11.7844
      vertex 2.32937 8.69333 11.7844
    endloop
  endfacet
  facet normal 0.227084 0.973875 0
    outer loop
      vertex 1.75581 8.82707 11.7844
      vertex 2.32937 8.69333 11.2156
      vertex 1.75581 8.82707 11.2156
    endloop
  endfacet
  facet normal 0.160622 0.688815 -0.706919
    outer loop
      vertex 1.98979 9.48866 14.1978
      vertex 3.21899 16.183 21
      vertex 4.27051 15.9378 21
    endloop
  endfacet
  facet normal 0.160656 0.688808 -0.706918
    outer loop
      vertex 3.21899 16.183 21
      vertex 1.98979 9.48866 14.1978
      vertex 1.89195 9.51148 14.1978
    endloop
  endfacet
  facet normal 0.160609 0.688819 -0.706918
    outer loop
      vertex 2.50998 9.36737 14.1978
      vertex 2.20822 9.43773 14.1978
      vertex 4.27051 15.9378 21
    endloop
  endfacet
  facet normal 0.160608 0.68882 -0.706918
    outer loop
      vertex 4.27051 15.9378 21
      vertex 2.20822 9.43773 14.1978
      vertex 1.98979 9.48866 14.1978
    endloop
  endfacet
  facet normal 0.227094 0.973873 -0
    outer loop
      vertex 4.27051 15.9378 21
      vertex 3.21899 16.183 23
      vertex 4.27051 15.9378 23
    endloop
  endfacet
  facet normal 0.227094 0.973873 0
    outer loop
      vertex 3.21899 16.183 23
      vertex 4.27051 15.9378 21
      vertex 3.21899 16.183 21
    endloop
  endfacet
  facet normal 0.160579 0.688862 -0.706883
    outer loop
      vertex 3.51163 17.6541 0.599991
      vertex 4.65874 17.3867 0.599991
      vertex 3.39457 17.0657 0
    endloop
  endfacet
  facet normal 0.16063 0.688783 -0.706949
    outer loop
      vertex 4.65874 17.3867 0.599991
      vertex 4.50345 16.8071 0
      vertex 3.39457 17.0657 0
    endloop
  endfacet
  facet normal 0.290344 0.956922 -0
    outer loop
      vertex 5.78591 17.0447 0.599991
      vertex 4.65874 17.3867 3
      vertex 5.78591 17.0447 3
    endloop
  endfacet
  facet normal 0.290344 0.956922 0
    outer loop
      vertex 4.65874 17.3867 3
      vertex 5.78591 17.0447 0.599991
      vertex 4.65874 17.3867 0.599991
    endloop
  endfacet
  facet normal 0.129874 0.428139 0.894332
    outer loop
      vertex 2.89295 8.52237 7.5
      vertex 4.65874 17.3867 3
      vertex 2.32937 8.69333 7.5
    endloop
  endfacet
  facet normal 0.129902 0.428133 0.894331
    outer loop
      vertex 5.78591 17.0447 3
      vertex 4.65874 17.3867 3
      vertex 2.89295 8.52237 7.5
    endloop
  endfacet
  facet normal 0.290284 0.95694 -0
    outer loop
      vertex 2.89295 8.52237 7.5
      vertex 2.32937 8.69333 8.10436
      vertex 2.89295 8.52237 8.10436
    endloop
  endfacet
  facet normal 0.290284 0.95694 0
    outer loop
      vertex 2.32937 8.69333 8.10436
      vertex 2.89295 8.52237 7.5
      vertex 2.32937 8.69333 7.5
    endloop
  endfacet
  facet normal 0.290284 0.95694 -0
    outer loop
      vertex 2.89295 8.52237 11.2156
      vertex 2.32937 8.69333 11.7844
      vertex 2.89295 8.52237 11.7844
    endloop
  endfacet
  facet normal 0.290284 0.95694 0
    outer loop
      vertex 2.32937 8.69333 11.7844
      vertex 2.89295 8.52237 11.2156
      vertex 2.32937 8.69333 11.2156
    endloop
  endfacet
  facet normal 0.205359 0.676828 -0.706917
    outer loop
      vertex 2.60611 9.33821 14.1978
      vertex 4.27051 15.9378 21
      vertex 5.30375 15.6243 21
    endloop
  endfacet
  facet normal 0.205312 0.676841 -0.706918
    outer loop
      vertex 4.27051 15.9378 21
      vertex 2.60611 9.33821 14.1978
      vertex 2.50998 9.36737 14.1978
    endloop
  endfacet
  facet normal 0.205328 0.67684 -0.706915
    outer loop
      vertex 3.11726 9.18315 14.1978
      vertex 2.82075 9.2731 14.1978
      vertex 5.30375 15.6243 21
    endloop
  endfacet
  facet normal 0.205317 0.676844 -0.706914
    outer loop
      vertex 5.30375 15.6243 21
      vertex 2.82075 9.2731 14.1978
      vertex 2.60611 9.33821 14.1978
    endloop
  endfacet
  facet normal 0.290344 0.956922 -0
    outer loop
      vertex 5.30375 15.6243 21
      vertex 4.27051 15.9378 23
      vertex 5.30375 15.6243 23
    endloop
  endfacet
  facet normal 0.290344 0.956922 0
    outer loop
      vertex 4.27051 15.9378 23
      vertex 5.30375 15.6243 21
      vertex 4.27051 15.9378 21
    endloop
  endfacet
  facet normal 0.205351 0.676799 -0.706947
    outer loop
      vertex 4.65874 17.3867 0.599991
      vertex 5.78591 17.0447 0.599991
      vertex 4.50345 16.8071 0
    endloop
  endfacet
  facet normal 0.205312 0.67687 -0.706891
    outer loop
      vertex 5.78591 17.0447 0.599991
      vertex 5.59304 16.4766 0
      vertex 4.50345 16.8071 0
    endloop
  endfacet
  facet normal 0.352242 0.935909 -0
    outer loop
      vertex 6.8883 16.6298 0.599991
      vertex 5.78591 17.0447 3
      vertex 6.8883 16.6298 3
    endloop
  endfacet
  facet normal 0.352242 0.935909 0
    outer loop
      vertex 5.78591 17.0447 3
      vertex 6.8883 16.6298 0.599991
      vertex 5.78591 17.0447 0.599991
    endloop
  endfacet
  facet normal 0.157594 0.418732 0.894331
    outer loop
      vertex 3.44415 8.31492 7.5
      vertex 5.78591 17.0447 3
      vertex 2.89295 8.52237 7.5
    endloop
  endfacet
  facet normal 0.157596 0.418732 0.894331
    outer loop
      vertex 6.8883 16.6298 3
      vertex 5.78591 17.0447 3
      vertex 3.44415 8.31492 7.5
    endloop
  endfacet
  facet normal 0.35224 0.93591 -0
    outer loop
      vertex 3.44415 8.31492 7.5
      vertex 2.89295 8.52237 8.10436
      vertex 3.44415 8.31492 8.10436
    endloop
  endfacet
  facet normal 0.35224 0.93591 0
    outer loop
      vertex 2.89295 8.52237 8.10436
      vertex 3.44415 8.31492 7.5
      vertex 2.89295 8.52237 7.5
    endloop
  endfacet
  facet normal 0.35224 0.93591 -0
    outer loop
      vertex 3.44415 8.31492 11.2156
      vertex 2.89295 8.52237 11.7844
      vertex 3.44415 8.31492 11.7844
    endloop
  endfacet
  facet normal 0.35224 0.93591 0
    outer loop
      vertex 2.89295 8.52237 11.7844
      vertex 3.44415 8.31492 11.2156
      vertex 2.89295 8.52237 11.2156
    endloop
  endfacet
  facet normal 0.249125 0.661973 -0.706915
    outer loop
      vertex 3.21128 9.14777 14.1978
      vertex 5.30375 15.6243 21
      vertex 6.31428 15.244 21
    endloop
  endfacet
  facet normal 0.249105 0.66198 -0.706915
    outer loop
      vertex 5.30375 15.6243 21
      vertex 3.21128 9.14777 14.1978
      vertex 3.11726 9.18315 14.1978
    endloop
  endfacet
  facet normal 0.249156 0.661959 -0.706916
    outer loop
      vertex 3.4212 9.06876 14.1978
      vertex 6.31428 15.244 21
      vertex 3.71119 8.95961 14.1978
    endloop
  endfacet
  facet normal 0.24915 0.661962 -0.706916
    outer loop
      vertex 6.31428 15.244 21
      vertex 3.4212 9.06876 14.1978
      vertex 3.21128 9.14777 14.1978
    endloop
  endfacet
  facet normal 0.35222 0.935917 -0
    outer loop
      vertex 6.31428 15.244 21
      vertex 5.30375 15.6243 23
      vertex 6.31428 15.244 23
    endloop
  endfacet
  facet normal 0.35222 0.935917 0
    outer loop
      vertex 5.30375 15.6243 23
      vertex 6.31428 15.244 21
      vertex 5.30375 15.6243 21
    endloop
  endfacet
  facet normal 0.249149 0.661988 -0.706892
    outer loop
      vertex 5.78591 17.0447 0.599991
      vertex 6.8883 16.6298 0.599991
      vertex 5.59304 16.4766 0
    endloop
  endfacet
  facet normal 0.249158 0.661968 -0.706908
    outer loop
      vertex 6.8883 16.6298 0.599991
      vertex 6.65869 16.0755 0
      vertex 5.59304 16.4766 0
    endloop
  endfacet
  facet normal 0.41269 0.910872 -0
    outer loop
      vertex 7.9612 16.1437 0.599991
      vertex 6.8883 16.6298 3
      vertex 7.9612 16.1437 3
    endloop
  endfacet
  facet normal 0.41269 0.910872 0
    outer loop
      vertex 6.8883 16.6298 3
      vertex 7.9612 16.1437 0.599991
      vertex 6.8883 16.6298 0.599991
    endloop
  endfacet
  facet normal 0.18464 0.407529 0.894331
    outer loop
      vertex 6.8883 16.6298 3
      vertex 3.9806 8.07185 7.5
      vertex 7.9612 16.1437 3
    endloop
  endfacet
  facet normal 0.184653 0.407524 0.894331
    outer loop
      vertex 3.9806 8.07185 7.5
      vertex 6.8883 16.6298 3
      vertex 3.44415 8.31492 7.5
    endloop
  endfacet
  facet normal 0.412718 0.910859 -0
    outer loop
      vertex 3.9806 8.07185 7.5
      vertex 3.44415 8.31492 8.10436
      vertex 3.9806 8.07185 8.10436
    endloop
  endfacet
  facet normal 0.412718 0.910859 0
    outer loop
      vertex 3.44415 8.31492 8.10436
      vertex 3.9806 8.07185 7.5
      vertex 3.44415 8.31492 7.5
    endloop
  endfacet
  facet normal 0.412718 0.910859 -0
    outer loop
      vertex 3.9806 8.07185 11.2156
      vertex 3.44415 8.31492 11.7844
      vertex 3.9806 8.07185 11.7844
    endloop
  endfacet
  facet normal 0.412718 0.910859 0
    outer loop
      vertex 3.44415 8.31492 11.7844
      vertex 3.9806 8.07185 11.2156
      vertex 3.44415 8.31492 11.2156
    endloop
  endfacet
  facet normal 0.291894 0.644257 -0.706916
    outer loop
      vertex 4.007 8.82558 14.1978
      vertex 7.29776 14.7984 21
      vertex 4.28923 8.69771 14.1978
    endloop
  endfacet
  facet normal 0.291902 0.644253 -0.706917
    outer loop
      vertex 7.29776 14.7984 21
      vertex 4.007 8.82558 14.1978
      vertex 6.31428 15.244 21
    endloop
  endfacet
  facet normal 0.291907 0.644251 -0.706916
    outer loop
      vertex 6.31428 15.244 21
      vertex 4.007 8.82558 14.1978
      vertex 3.71119 8.95961 14.1978
    endloop
  endfacet
  facet normal 0.4127 0.910867 -0
    outer loop
      vertex 7.29776 14.7984 21
      vertex 6.31428 15.244 23
      vertex 7.29776 14.7984 23
    endloop
  endfacet
  facet normal 0.4127 0.910867 0
    outer loop
      vertex 6.31428 15.244 23
      vertex 7.29776 14.7984 21
      vertex 6.31428 15.244 21
    endloop
  endfacet
  facet normal 0.291898 0.644265 -0.706908
    outer loop
      vertex 6.8883 16.6298 0.599991
      vertex 7.9612 16.1437 0.599991
      vertex 6.65869 16.0755 0
    endloop
  endfacet
  facet normal 0.291899 0.64426 -0.706912
    outer loop
      vertex 7.9612 16.1437 0.599991
      vertex 7.69582 15.6056 0
      vertex 6.65869 16.0755 0
    endloop
  endfacet
  facet normal 0.471364 0.881939 -0
    outer loop
      vertex 9 15.5885 0.599991
      vertex 7.9612 16.1437 3
      vertex 9 15.5885 3
    endloop
  endfacet
  facet normal 0.471364 0.881939 0
    outer loop
      vertex 7.9612 16.1437 3
      vertex 9 15.5885 0.599991
      vertex 7.9612 16.1437 0.599991
    endloop
  endfacet
  facet normal 0.210902 0.394578 0.894331
    outer loop
      vertex 4.5 7.79423 7.5
      vertex 7.9612 16.1437 3
      vertex 3.9806 8.07185 7.5
    endloop
  endfacet
  facet normal 0.21089 0.394583 0.894332
    outer loop
      vertex 9 15.5885 3
      vertex 7.9612 16.1437 3
      vertex 4.5 7.79423 7.5
    endloop
  endfacet
  facet normal 0.47139 0.881925 -0
    outer loop
      vertex 4.5 7.79423 7.5
      vertex 3.9806 8.07185 8.10436
      vertex 4.5 7.79423 8.10436
    endloop
  endfacet
  facet normal 0.47139 0.881925 0
    outer loop
      vertex 3.9806 8.07185 8.10436
      vertex 4.5 7.79423 7.5
      vertex 3.9806 8.07185 7.5
    endloop
  endfacet
  facet normal 0.47139 0.881925 -0
    outer loop
      vertex 4.5 7.79423 11.2156
      vertex 3.9806 8.07185 11.7844
      vertex 4.5 7.79423 11.7844
    endloop
  endfacet
  facet normal 0.47139 0.881925 0
    outer loop
      vertex 3.9806 8.07185 11.7844
      vertex 4.5 7.79423 11.2156
      vertex 3.9806 8.07185 11.2156
    endloop
  endfacet
  facet normal 0.333426 0.623776 -0.706916
    outer loop
      vertex 4.37783 8.65035 14.1978
      vertex 7.29776 14.7984 21
      vertex 8.25 14.2894 21
    endloop
  endfacet
  facet normal 0.33343 0.623774 -0.706916
    outer loop
      vertex 7.29776 14.7984 21
      vertex 4.37783 8.65035 14.1978
      vertex 4.28923 8.69771 14.1978
    endloop
  endfacet
  facet normal 0.333417 0.623782 -0.706915
    outer loop
      vertex 4.57565 8.54462 14.1978
      vertex 8.25 14.2894 21
      vertex 4.84891 8.39856 14.1978
    endloop
  endfacet
  facet normal 0.333401 0.623791 -0.706915
    outer loop
      vertex 8.25 14.2894 21
      vertex 4.57565 8.54462 14.1978
      vertex 4.37783 8.65035 14.1978
    endloop
  endfacet
  facet normal 0.471409 0.881915 -0
    outer loop
      vertex 8.25 14.2894 21
      vertex 7.29776 14.7984 23
      vertex 8.25 14.2894 23
    endloop
  endfacet
  facet normal 0.471409 0.881915 0
    outer loop
      vertex 7.29776 14.7984 23
      vertex 8.25 14.2894 21
      vertex 7.29776 14.7984 21
    endloop
  endfacet
  facet normal 0.333396 0.623796 -0.706913
    outer loop
      vertex 7.9612 16.1437 0.599991
      vertex 9 15.5885 0.599991
      vertex 7.69582 15.6056 0
    endloop
  endfacet
  facet normal 0.33342 0.623721 -0.706967
    outer loop
      vertex 9 15.5885 0.599991
      vertex 8.7 15.0688 0
      vertex 7.69582 15.6056 0
    endloop
  endfacet
  facet normal 0.528052 0.849212 -0
    outer loop
      vertex 10.0003 14.9665 0.599991
      vertex 9 15.5885 3
      vertex 10.0003 14.9665 3
    endloop
  endfacet
  facet normal 0.528052 0.849212 0
    outer loop
      vertex 9 15.5885 3
      vertex 10.0003 14.9665 0.599991
      vertex 9 15.5885 0.599991
    endloop
  endfacet
  facet normal 0.236259 0.379937 0.894332
    outer loop
      vertex 5.00013 7.48323 7.5
      vertex 9 15.5885 3
      vertex 4.5 7.79423 7.5
    endloop
  endfacet
  facet normal 0.236252 0.37994 0.894332
    outer loop
      vertex 10.0003 14.9665 3
      vertex 9 15.5885 3
      vertex 5.00013 7.48323 7.5
    endloop
  endfacet
  facet normal 0.528067 0.849203 -0
    outer loop
      vertex 5.00013 7.48323 7.5
      vertex 4.5 7.79423 8.10436
      vertex 5.00013 7.48323 8.10436
    endloop
  endfacet
  facet normal 0.528067 0.849203 0
    outer loop
      vertex 4.5 7.79423 8.10436
      vertex 5.00013 7.48323 7.5
      vertex 4.5 7.79423 7.5
    endloop
  endfacet
  facet normal 0.528067 0.849203 -0
    outer loop
      vertex 5.00013 7.48323 11.2156
      vertex 4.5 7.79423 11.7844
      vertex 5.00013 7.48323 11.7844
    endloop
  endfacet
  facet normal 0.528067 0.849203 0
    outer loop
      vertex 4.5 7.79423 11.7844
      vertex 5.00013 7.48323 11.2156
      vertex 4.5 7.79423 11.2156
    endloop
  endfacet
  facet normal 0.373515 0.600631 -0.706915
    outer loop
      vertex 4.93422 8.34551 14.1978
      vertex 8.25 14.2894 21
      vertex 9.16691 13.7192 21
    endloop
  endfacet
  facet normal 0.373506 0.600636 -0.706915
    outer loop
      vertex 8.25 14.2894 21
      vertex 4.93422 8.34551 14.1978
      vertex 4.84891 8.39856 14.1978
    endloop
  endfacet
  facet normal 0.373494 0.600645 -0.706914
    outer loop
      vertex 5.38782 8.06344 14.1978
      vertex 5.12469 8.22706 14.1978
      vertex 9.16691 13.7192 21
    endloop
  endfacet
  facet normal 0.37352 0.600628 -0.706915
    outer loop
      vertex 9.16691 13.7192 21
      vertex 5.12469 8.22706 14.1978
      vertex 4.93422 8.34551 14.1978
    endloop
  endfacet
  facet normal 0.528087 0.84919 -0
    outer loop
      vertex 9.16691 13.7192 21
      vertex 8.25 14.2894 23
      vertex 9.16691 13.7192 23
    endloop
  endfacet
  facet normal 0.528087 0.84919 0
    outer loop
      vertex 8.25 14.2894 23
      vertex 9.16691 13.7192 21
      vertex 8.25 14.2894 21
    endloop
  endfacet
  facet normal 0.373464 0.600604 -0.706965
    outer loop
      vertex 9 15.5885 0.599991
      vertex 10.0003 14.9665 0.599991
      vertex 8.7 15.0688 0
    endloop
  endfacet
  facet normal 0.373456 0.600635 -0.706943
    outer loop
      vertex 10.0003 14.9665 0.599991
      vertex 9.66692 14.4676 0
      vertex 8.7 15.0688 0
    endloop
  endfacet
  facet normal 0.582498 0.812832 -0
    outer loop
      vertex 10.9577 14.2804 0.599991
      vertex 10.0003 14.9665 3
      vertex 10.9577 14.2804 3
    endloop
  endfacet
  facet normal 0.582498 0.812832 0
    outer loop
      vertex 10.0003 14.9665 3
      vertex 10.9577 14.2804 0.599991
      vertex 10.0003 14.9665 0.599991
    endloop
  endfacet
  facet normal 0.260604 0.363669 0.894332
    outer loop
      vertex 5.47885 7.14018 7.5
      vertex 10.0003 14.9665 3
      vertex 5.00013 7.48323 7.5
    endloop
  endfacet
  facet normal 0.260612 0.363664 0.894332
    outer loop
      vertex 10.9577 14.2804 3
      vertex 10.0003 14.9665 3
      vertex 5.47885 7.14018 7.5
    endloop
  endfacet
  facet normal 0.582482 0.812843 -0
    outer loop
      vertex 5.47885 7.14018 7.5
      vertex 5.00013 7.48323 8.10436
      vertex 5.47885 7.14018 8.10436
    endloop
  endfacet
  facet normal 0.582482 0.812843 0
    outer loop
      vertex 5.00013 7.48323 8.10436
      vertex 5.47885 7.14018 7.5
      vertex 5.00013 7.48323 7.5
    endloop
  endfacet
  facet normal 0.582482 0.812843 -0
    outer loop
      vertex 5.47885 7.14018 11.2156
      vertex 5.00013 7.48323 11.7844
      vertex 5.47885 7.14018 11.7844
    endloop
  endfacet
  facet normal 0.582482 0.812843 0
    outer loop
      vertex 5.00013 7.48323 11.7844
      vertex 5.47885 7.14018 11.2156
      vertex 5.00013 7.48323 11.2156
    endloop
  endfacet
  facet normal 0.411967 0.574939 -0.706915
    outer loop
      vertex 5.46948 8.00492 14.1978
      vertex 9.16691 13.7192 21
      vertex 10.0446 13.0903 21
    endloop
  endfacet
  facet normal 0.412001 0.574915 -0.706914
    outer loop
      vertex 9.16691 13.7192 21
      vertex 5.46948 8.00492 14.1978
      vertex 5.38782 8.06344 14.1978
    endloop
  endfacet
  facet normal 0.411985 0.574925 -0.706916
    outer loop
      vertex 5.6518 7.87428 14.1978
      vertex 10.0446 13.0903 21
      vertex 5.90366 7.6938 14.1978
    endloop
  endfacet
  facet normal 0.411967 0.574938 -0.706915
    outer loop
      vertex 10.0446 13.0903 21
      vertex 5.6518 7.87428 14.1978
      vertex 5.46948 8.00492 14.1978
    endloop
  endfacet
  facet normal 0.582451 0.812866 -0
    outer loop
      vertex 10.0446 13.0903 21
      vertex 9.16691 13.7192 23
      vertex 10.0446 13.0903 23
    endloop
  endfacet
  facet normal 0.582451 0.812866 0
    outer loop
      vertex 9.16691 13.7192 23
      vertex 10.0446 13.0903 21
      vertex 9.16691 13.7192 21
    endloop
  endfacet
  facet normal 0.411983 0.574891 -0.706944
    outer loop
      vertex 10.0003 14.9665 0.599991
      vertex 10.9577 14.2804 0.599991
      vertex 9.66692 14.4676 0
    endloop
  endfacet
  facet normal 0.411993 0.574839 -0.706981
    outer loop
      vertex 10.9577 14.2804 0.599991
      vertex 10.5924 13.8043 0
      vertex 9.66692 14.4676 0
    endloop
  endfacet
  facet normal 0.63443 0.77298 -0
    outer loop
      vertex 11.8682 13.5331 0.599991
      vertex 10.9577 14.2804 3
      vertex 11.8682 13.5331 3
    endloop
  endfacet
  facet normal 0.63443 0.77298 0
    outer loop
      vertex 10.9577 14.2804 3
      vertex 11.8682 13.5331 0.599991
      vertex 10.9577 14.2804 0.599991
    endloop
  endfacet
  facet normal 0.283829 0.345849 0.894332
    outer loop
      vertex 5.93411 6.76656 7.5
      vertex 10.9577 14.2804 3
      vertex 5.47885 7.14018 7.5
    endloop
  endfacet
  facet normal 0.283848 0.345836 0.894331
    outer loop
      vertex 11.8682 13.5331 3
      vertex 10.9577 14.2804 3
      vertex 5.93411 6.76656 7.5
    endloop
  endfacet
  facet normal 0.634391 0.773012 -0
    outer loop
      vertex 5.93411 6.76656 7.5
      vertex 5.47885 7.14018 8.10436
      vertex 5.93411 6.76656 8.10436
    endloop
  endfacet
  facet normal 0.634391 0.773012 0
    outer loop
      vertex 5.47885 7.14018 8.10436
      vertex 5.93411 6.76656 7.5
      vertex 5.47885 7.14018 7.5
    endloop
  endfacet
  facet normal 0.634391 0.773012 -0
    outer loop
      vertex 5.93411 6.76656 11.2156
      vertex 5.47885 7.14018 11.7844
      vertex 5.93411 6.76656 11.7844
    endloop
  endfacet
  facet normal 0.634391 0.773012 0
    outer loop
      vertex 5.47885 7.14018 11.7844
      vertex 5.93411 6.76656 11.2156
      vertex 5.47885 7.14018 11.2156
    endloop
  endfacet
  facet normal 0.448689 0.54676 -0.706917
    outer loop
      vertex 5.98131 7.63006 14.1978
      vertex 10.0446 13.0903 21
      vertex 10.8792 12.4054 21
    endloop
  endfacet
  facet normal 0.448766 0.5467 -0.706915
    outer loop
      vertex 10.0446 13.0903 21
      vertex 5.98131 7.63006 14.1978
      vertex 5.90366 7.6938 14.1978
    endloop
  endfacet
  facet normal 0.448716 0.546736 -0.706919
    outer loop
      vertex 6.1547 7.48777 14.1978
      vertex 10.8792 12.4054 21
      vertex 6.39421 7.2912 14.1978
    endloop
  endfacet
  facet normal 0.44869 0.546759 -0.706917
    outer loop
      vertex 10.8792 12.4054 21
      vertex 6.1547 7.48777 14.1978
      vertex 5.98131 7.63006 14.1978
    endloop
  endfacet
  facet normal 0.634372 0.773028 -0
    outer loop
      vertex 10.8792 12.4054 21
      vertex 10.0446 13.0903 23
      vertex 10.8792 12.4054 23
    endloop
  endfacet
  facet normal 0.634372 0.773028 0
    outer loop
      vertex 10.0446 13.0903 23
      vertex 10.8792 12.4054 21
      vertex 10.0446 13.0903 21
    endloop
  endfacet
  facet normal 0.448691 0.546679 -0.706978
    outer loop
      vertex 10.9577 14.2804 0.599991
      vertex 11.8682 13.5331 0.599991
      vertex 10.5924 13.8043 0
    endloop
  endfacet
  facet normal 0.448681 0.546766 -0.706918
    outer loop
      vertex 11.8682 13.5331 0.599991
      vertex 11.4726 13.082 0
      vertex 10.5924 13.8043 0
    endloop
  endfacet
  facet normal 0.683594 0.729863 -0
    outer loop
      vertex 12.7279 12.7279 0.599991
      vertex 11.8682 13.5331 3
      vertex 12.7279 12.7279 3
    endloop
  endfacet
  facet normal 0.683594 0.729863 0
    outer loop
      vertex 11.8682 13.5331 3
      vertex 12.7279 12.7279 0.599991
      vertex 11.8682 13.5331 0.599991
    endloop
  endfacet
  facet normal 0.305844 0.326545 0.894331
    outer loop
      vertex 11.8682 13.5331 3
      vertex 6.36396 6.36396 7.5
      vertex 12.7279 12.7279 3
    endloop
  endfacet
  facet normal 0.305844 0.326545 0.894331
    outer loop
      vertex 6.36396 6.36396 7.5
      vertex 11.8682 13.5331 3
      vertex 5.93411 6.76656 7.5
    endloop
  endfacet
  facet normal 0.683594 0.729863 -0
    outer loop
      vertex 6.36396 6.36396 7.5
      vertex 5.93411 6.76656 8.10436
      vertex 6.36396 6.36396 8.10436
    endloop
  endfacet
  facet normal 0.683594 0.729863 0
    outer loop
      vertex 5.93411 6.76656 8.10436
      vertex 6.36396 6.36396 7.5
      vertex 5.93411 6.76656 7.5
    endloop
  endfacet
  facet normal 0.683594 0.729863 -0
    outer loop
      vertex 6.36396 6.36396 11.2156
      vertex 5.93411 6.76656 11.7844
      vertex 6.36396 6.36396 11.7844
    endloop
  endfacet
  facet normal 0.683594 0.729863 0
    outer loop
      vertex 5.93411 6.76656 11.7844
      vertex 6.36396 6.36396 11.2156
      vertex 5.93411 6.76656 11.2156
    endloop
  endfacet
  facet normal 0.483489 0.516241 -0.706918
    outer loop
      vertex 6.46754 7.22253 14.1978
      vertex 10.8792 12.4054 21
      vertex 11.6673 11.6673 21
    endloop
  endfacet
  facet normal 0.48346 0.516267 -0.706919
    outer loop
      vertex 10.8792 12.4054 21
      vertex 6.46754 7.22253 14.1978
      vertex 6.39421 7.2912 14.1978
    endloop
  endfacet
  facet normal 0.483498 0.516231 -0.706919
    outer loop
      vertex 6.63124 7.0692 14.1978
      vertex 11.6673 11.6673 21
      vertex 6.85739 6.85739 14.1978
    endloop
  endfacet
  facet normal 0.483514 0.516215 -0.70692
    outer loop
      vertex 11.6673 11.6673 21
      vertex 6.63124 7.0692 14.1978
      vertex 6.46754 7.22253 14.1978
    endloop
  endfacet
  facet normal 0.683574 0.729881 -0
    outer loop
      vertex 11.6673 11.6673 21
      vertex 10.8792 12.4054 23
      vertex 11.6673 11.6673 23
    endloop
  endfacet
  facet normal 0.683574 0.729881 0
    outer loop
      vertex 10.8792 12.4054 23
      vertex 11.6673 11.6673 21
      vertex 10.8792 12.4054 21
    endloop
  endfacet
  facet normal 0.483503 0.516229 -0.706918
    outer loop
      vertex 11.8682 13.5331 0.599991
      vertex 12.7279 12.7279 0.599991
      vertex 11.4726 13.082 0
    endloop
  endfacet
  facet normal 0.483499 0.5163 -0.706868
    outer loop
      vertex 12.7279 12.7279 0.599991
      vertex 12.3037 12.3037 0
      vertex 11.4726 13.082 0
    endloop
  endfacet
  facet normal 0.729863 0.683594 0
    outer loop
      vertex 13.5331 11.8682 3
      vertex 12.7279 12.7279 0.599991
      vertex 12.7279 12.7279 3
    endloop
  endfacet
  facet normal 0.729863 0.683594 0
    outer loop
      vertex 12.7279 12.7279 0.599991
      vertex 13.5331 11.8682 3
      vertex 13.5331 11.8682 0.599991
    endloop
  endfacet
  facet normal 0.326545 0.305844 0.894331
    outer loop
      vertex 12.7279 12.7279 3
      vertex 6.76656 5.93411 7.5
      vertex 13.5331 11.8682 3
    endloop
  endfacet
  facet normal 0.326545 0.305844 0.894331
    outer loop
      vertex 6.76656 5.93411 7.5
      vertex 12.7279 12.7279 3
      vertex 6.36396 6.36396 7.5
    endloop
  endfacet
  facet normal 0.729863 0.683594 0
    outer loop
      vertex 6.76656 5.93411 8.10436
      vertex 6.36396 6.36396 7.5
      vertex 6.36396 6.36396 8.10436
    endloop
  endfacet
  facet normal 0.729863 0.683594 0
    outer loop
      vertex 6.36396 6.36396 7.5
      vertex 6.76656 5.93411 8.10436
      vertex 6.76656 5.93411 7.5
    endloop
  endfacet
  facet normal 0.729863 0.683594 0
    outer loop
      vertex 6.76656 5.93411 11.7844
      vertex 6.36396 6.36396 11.2156
      vertex 6.36396 6.36396 11.7844
    endloop
  endfacet
  facet normal 0.729863 0.683594 0
    outer loop
      vertex 6.36396 6.36396 11.2156
      vertex 6.76656 5.93411 11.7844
      vertex 6.76656 5.93411 11.2156
    endloop
  endfacet
  facet normal 0.516241 0.483489 -0.706919
    outer loop
      vertex 6.92607 6.78407 14.1978
      vertex 11.6673 11.6673 21
      vertex 12.4054 10.8792 21
    endloop
  endfacet
  facet normal 0.516199 0.483531 -0.70692
    outer loop
      vertex 11.6673 11.6673 21
      vertex 6.92607 6.78407 14.1978
      vertex 6.85739 6.85739 14.1978
    endloop
  endfacet
  facet normal 0.516232 0.483498 -0.706918
    outer loop
      vertex 7.07939 6.62036 14.1978
      vertex 12.4054 10.8792 21
      vertex 7.2912 6.39421 14.1978
    endloop
  endfacet
  facet normal 0.516246 0.483482 -0.706919
    outer loop
      vertex 12.4054 10.8792 21
      vertex 7.07939 6.62036 14.1978
      vertex 6.92607 6.78407 14.1978
    endloop
  endfacet
  facet normal 0.729881 0.683574 0
    outer loop
      vertex 12.4054 10.8792 23
      vertex 11.6673 11.6673 21
      vertex 11.6673 11.6673 23
    endloop
  endfacet
  facet normal 0.729881 0.683574 0
    outer loop
      vertex 11.6673 11.6673 21
      vertex 12.4054 10.8792 23
      vertex 12.4054 10.8792 21
    endloop
  endfacet
  facet normal 0.516264 0.483536 -0.706869
    outer loop
      vertex 12.7279 12.7279 0.599991
      vertex 13.5331 11.8682 0.599991
      vertex 12.3037 12.3037 0
    endloop
  endfacet
  facet normal 0.516263 0.483465 -0.706919
    outer loop
      vertex 13.5331 11.8682 0.599991
      vertex 13.082 11.4726 0
      vertex 12.3037 12.3037 0
    endloop
  endfacet
  facet normal 0.77298 0.63443 0
    outer loop
      vertex 14.2804 10.9577 3
      vertex 13.5331 11.8682 0.599991
      vertex 13.5331 11.8682 3
    endloop
  endfacet
  facet normal 0.77298 0.63443 0
    outer loop
      vertex 13.5331 11.8682 0.599991
      vertex 14.2804 10.9577 3
      vertex 14.2804 10.9577 0.599991
    endloop
  endfacet
  facet normal 0.345851 0.283831 0.894331
    outer loop
      vertex 7.14018 5.47885 7.5
      vertex 13.5331 11.8682 3
      vertex 6.76656 5.93411 7.5
    endloop
  endfacet
  facet normal 0.345835 0.283847 0.894332
    outer loop
      vertex 14.2804 10.9577 3
      vertex 13.5331 11.8682 3
      vertex 7.14018 5.47885 7.5
    endloop
  endfacet
  facet normal 0.773012 0.634391 0
    outer loop
      vertex 7.14018 5.47885 8.10436
      vertex 6.76656 5.93411 7.5
      vertex 6.76656 5.93411 8.10436
    endloop
  endfacet
  facet normal 0.773012 0.634391 0
    outer loop
      vertex 6.76656 5.93411 7.5
      vertex 7.14018 5.47885 8.10436
      vertex 7.14018 5.47885 7.5
    endloop
  endfacet
  facet normal 0.773012 0.634391 0
    outer loop
      vertex 7.14018 5.47885 11.7844
      vertex 6.76656 5.93411 11.2156
      vertex 6.76656 5.93411 11.7844
    endloop
  endfacet
  facet normal 0.773012 0.634391 0
    outer loop
      vertex 6.76656 5.93411 11.2156
      vertex 7.14018 5.47885 11.7844
      vertex 7.14018 5.47885 11.2156
    endloop
  endfacet
  facet normal 0.54676 0.448689 -0.706917
    outer loop
      vertex 7.35494 6.31656 14.1978
      vertex 12.4054 10.8792 21
      vertex 13.0903 10.0446 21
    endloop
  endfacet
  facet normal 0.546696 0.448763 -0.70692
    outer loop
      vertex 12.4054 10.8792 21
      vertex 7.35494 6.31656 14.1978
      vertex 7.2912 6.39421 14.1978
    endloop
  endfacet
  facet normal 0.546738 0.448717 -0.706916
    outer loop
      vertex 7.49723 6.14317 14.1978
      vertex 13.0903 10.0446 21
      vertex 7.6938 5.90366 14.1978
    endloop
  endfacet
  facet normal 0.546759 0.44869 -0.706917
    outer loop
      vertex 13.0903 10.0446 21
      vertex 7.49723 6.14317 14.1978
      vertex 7.35494 6.31656 14.1978
    endloop
  endfacet
  facet normal 0.773028 0.634372 0
    outer loop
      vertex 13.0903 10.0446 23
      vertex 12.4054 10.8792 21
      vertex 12.4054 10.8792 23
    endloop
  endfacet
  facet normal 0.773028 0.634372 0
    outer loop
      vertex 12.4054 10.8792 21
      vertex 13.0903 10.0446 23
      vertex 13.0903 10.0446 21
    endloop
  endfacet
  facet normal 0.546725 0.448729 -0.706919
    outer loop
      vertex 13.5331 11.8682 0.599991
      vertex 14.2804 10.9577 0.599991
      vertex 13.082 11.4726 0
    endloop
  endfacet
  facet normal 0.546718 0.448642 -0.706979
    outer loop
      vertex 14.2804 10.9577 0.599991
      vertex 13.8043 10.5924 0
      vertex 13.082 11.4726 0
    endloop
  endfacet
  facet normal 0.812832 0.582498 0
    outer loop
      vertex 14.9665 10.0003 3
      vertex 14.2804 10.9577 0.599991
      vertex 14.2804 10.9577 3
    endloop
  endfacet
  facet normal 0.812832 0.582498 0
    outer loop
      vertex 14.2804 10.9577 0.599991
      vertex 14.9665 10.0003 3
      vertex 14.9665 10.0003 0.599991
    endloop
  endfacet
  facet normal 0.363669 0.260605 0.894332
    outer loop
      vertex 7.48323 5.00013 7.5
      vertex 14.2804 10.9577 3
      vertex 7.14018 5.47885 7.5
    endloop
  endfacet
  facet normal 0.363664 0.260612 0.894332
    outer loop
      vertex 14.9665 10.0003 3
      vertex 14.2804 10.9577 3
      vertex 7.48323 5.00013 7.5
    endloop
  endfacet
  facet normal 0.812843 0.582482 0
    outer loop
      vertex 7.48323 5.00013 8.10436
      vertex 7.14018 5.47885 7.5
      vertex 7.14018 5.47885 8.10436
    endloop
  endfacet
  facet normal 0.812843 0.582482 0
    outer loop
      vertex 7.14018 5.47885 7.5
      vertex 7.48323 5.00013 8.10436
      vertex 7.48323 5.00013 7.5
    endloop
  endfacet
  facet normal 0.812843 0.582482 0
    outer loop
      vertex 7.48323 5.00013 11.7844
      vertex 7.14018 5.47885 11.2156
      vertex 7.14018 5.47885 11.7844
    endloop
  endfacet
  facet normal 0.812843 0.582482 0
    outer loop
      vertex 7.14018 5.47885 11.2156
      vertex 7.48323 5.00013 11.7844
      vertex 7.48323 5.00013 11.2156
    endloop
  endfacet
  facet normal 0.574938 0.411966 -0.706916
    outer loop
      vertex 7.75231 5.822 14.1978
      vertex 13.0903 10.0446 21
      vertex 13.7192 9.16691 21
    endloop
  endfacet
  facet normal 0.574947 0.411954 -0.706915
    outer loop
      vertex 13.0903 10.0446 21
      vertex 7.75231 5.822 14.1978
      vertex 7.6938 5.90366 14.1978
    endloop
  endfacet
  facet normal 0.574926 0.411985 -0.706914
    outer loop
      vertex 7.88296 5.63968 14.1978
      vertex 13.7192 9.16691 21
      vertex 8.06344 5.38782 14.1978
    endloop
  endfacet
  facet normal 0.574924 0.411989 -0.706914
    outer loop
      vertex 13.7192 9.16691 21
      vertex 7.88296 5.63968 14.1978
      vertex 7.75231 5.822 14.1978
    endloop
  endfacet
  facet normal 0.812866 0.582451 0
    outer loop
      vertex 13.7192 9.16691 23
      vertex 13.0903 10.0446 21
      vertex 13.0903 10.0446 23
    endloop
  endfacet
  facet normal 0.812866 0.582451 0
    outer loop
      vertex 13.0903 10.0446 21
      vertex 13.7192 9.16691 23
      vertex 13.7192 9.16691 21
    endloop
  endfacet
  facet normal 0.574862 0.411962 -0.70698
    outer loop
      vertex 14.2804 10.9577 0.599991
      vertex 14.9665 10.0003 0.599991
      vertex 13.8043 10.5924 0
    endloop
  endfacet
  facet normal 0.57487 0.412014 -0.706944
    outer loop
      vertex 14.9665 10.0003 0.599991
      vertex 14.4676 9.66692 0
      vertex 13.8043 10.5924 0
    endloop
  endfacet
  facet normal 0.849212 0.528052 0
    outer loop
      vertex 15.5885 9 3
      vertex 14.9665 10.0003 0.599991
      vertex 14.9665 10.0003 3
    endloop
  endfacet
  facet normal 0.849212 0.528052 0
    outer loop
      vertex 14.9665 10.0003 0.599991
      vertex 15.5885 9 3
      vertex 15.5885 9 0.599991
    endloop
  endfacet
  facet normal 0.379936 0.236259 0.894332
    outer loop
      vertex 7.79423 4.5 7.5
      vertex 14.9665 10.0003 3
      vertex 7.48323 5.00013 7.5
    endloop
  endfacet
  facet normal 0.379941 0.236252 0.894332
    outer loop
      vertex 15.5885 9 3
      vertex 14.9665 10.0003 3
      vertex 7.79423 4.5 7.5
    endloop
  endfacet
  facet normal 0.849203 0.528067 0
    outer loop
      vertex 7.79423 4.5 8.10436
      vertex 7.48323 5.00013 7.5
      vertex 7.48323 5.00013 8.10436
    endloop
  endfacet
  facet normal 0.849203 0.528067 0
    outer loop
      vertex 7.48323 5.00013 7.5
      vertex 7.79423 4.5 8.10436
      vertex 7.79423 4.5 7.5
    endloop
  endfacet
  facet normal 0.849203 0.528067 0
    outer loop
      vertex 7.79423 4.5 11.7844
      vertex 7.48323 5.00013 11.2156
      vertex 7.48323 5.00013 11.7844
    endloop
  endfacet
  facet normal 0.849203 0.528067 0
    outer loop
      vertex 7.48323 5.00013 11.2156
      vertex 7.79423 4.5 11.7844
      vertex 7.79423 4.5 11.2156
    endloop
  endfacet
  facet normal 0.600631 0.373515 -0.706915
    outer loop
      vertex 8.11649 5.30251 14.1978
      vertex 13.7192 9.16691 21
      vertex 14.2894 8.25 21
    endloop
  endfacet
  facet normal 0.600637 0.373506 -0.706914
    outer loop
      vertex 8.11649 5.30251 14.1978
      vertex 8.06344 5.38782 14.1978
      vertex 13.7192 9.16691 21
    endloop
  endfacet
  facet normal 0.600628 0.37352 -0.706915
    outer loop
      vertex 8.23493 5.11203 14.1978
      vertex 14.2894 8.25 21
      vertex 8.39856 4.84891 14.1978
    endloop
  endfacet
  facet normal 0.600649 0.373482 -0.706917
    outer loop
      vertex 14.2894 8.25 21
      vertex 8.23493 5.11203 14.1978
      vertex 8.11649 5.30251 14.1978
    endloop
  endfacet
  facet normal 0.84919 0.528087 0
    outer loop
      vertex 14.2894 8.25 23
      vertex 13.7192 9.16691 21
      vertex 13.7192 9.16691 23
    endloop
  endfacet
  facet normal 0.84919 0.528087 0
    outer loop
      vertex 13.7192 9.16691 21
      vertex 14.2894 8.25 23
      vertex 14.2894 8.25 21
    endloop
  endfacet
  facet normal 0.600622 0.373475 -0.706943
    outer loop
      vertex 14.9665 10.0003 0.599991
      vertex 15.5885 9 0.599991
      vertex 14.4676 9.66692 0
    endloop
  endfacet
  facet normal 0.600616 0.373444 -0.706966
    outer loop
      vertex 15.5885 9 0.599991
      vertex 15.0688 8.7 0
      vertex 14.4676 9.66692 0
    endloop
  endfacet
  facet normal 0.881939 0.471364 0
    outer loop
      vertex 16.1437 7.9612 3
      vertex 15.5885 9 0.599991
      vertex 15.5885 9 3
    endloop
  endfacet
  facet normal 0.881939 0.471364 0
    outer loop
      vertex 15.5885 9 0.599991
      vertex 16.1437 7.9612 3
      vertex 16.1437 7.9612 0.599991
    endloop
  endfacet
  facet normal 0.394577 0.210902 0.894332
    outer loop
      vertex 8.07185 3.9806 7.5
      vertex 15.5885 9 3
      vertex 7.79423 4.5 7.5
    endloop
  endfacet
  facet normal 0.394584 0.21089 0.894332
    outer loop
      vertex 16.1437 7.9612 3
      vertex 15.5885 9 3
      vertex 8.07185 3.9806 7.5
    endloop
  endfacet
  facet normal 0.881925 0.47139 0
    outer loop
      vertex 8.07185 3.9806 8.10436
      vertex 7.79423 4.5 7.5
      vertex 7.79423 4.5 8.10436
    endloop
  endfacet
  facet normal 0.881925 0.47139 0
    outer loop
      vertex 7.79423 4.5 7.5
      vertex 8.07185 3.9806 8.10436
      vertex 8.07185 3.9806 7.5
    endloop
  endfacet
  facet normal 0.881925 0.47139 0
    outer loop
      vertex 8.07185 3.9806 11.7844
      vertex 7.79423 4.5 11.2156
      vertex 7.79423 4.5 11.7844
    endloop
  endfacet
  facet normal 0.881925 0.47139 0
    outer loop
      vertex 7.79423 4.5 11.2156
      vertex 8.07185 3.9806 11.7844
      vertex 8.07185 3.9806 11.2156
    endloop
  endfacet
  facet normal 0.623776 0.333426 -0.706916
    outer loop
      vertex 8.44591 4.76031 14.1978
      vertex 14.2894 8.25 21
      vertex 14.7984 7.29776 21
    endloop
  endfacet
  facet normal 0.623804 0.333376 -0.706915
    outer loop
      vertex 14.2894 8.25 21
      vertex 8.44591 4.76031 14.1978
      vertex 8.39856 4.84891 14.1978
    endloop
  endfacet
  facet normal 0.623786 0.333407 -0.706917
    outer loop
      vertex 8.55165 4.5625 14.1978
      vertex 14.7984 7.29776 21
      vertex 8.69771 4.28923 14.1978
    endloop
  endfacet
  facet normal 0.62377 0.333439 -0.706915
    outer loop
      vertex 14.7984 7.29776 21
      vertex 8.55165 4.5625 14.1978
      vertex 8.44591 4.76031 14.1978
    endloop
  endfacet
  facet normal 0.881915 0.471409 0
    outer loop
      vertex 14.7984 7.29776 23
      vertex 14.2894 8.25 21
      vertex 14.2894 8.25 23
    endloop
  endfacet
  facet normal 0.881915 0.471409 0
    outer loop
      vertex 14.2894 8.25 21
      vertex 14.7984 7.29776 23
      vertex 14.7984 7.29776 21
    endloop
  endfacet
  facet normal 0.623749 0.333371 -0.706966
    outer loop
      vertex 15.5885 9 0.599991
      vertex 16.1437 7.9612 0.599991
      vertex 15.0688 8.7 0
    endloop
  endfacet
  facet normal 0.62377 0.333446 -0.706912
    outer loop
      vertex 16.1437 7.9612 0.599991
      vertex 15.6056 7.69582 0
      vertex 15.0688 8.7 0
    endloop
  endfacet
  facet normal 0.910872 0.41269 0
    outer loop
      vertex 16.6298 6.8883 3
      vertex 16.1437 7.9612 0.599991
      vertex 16.1437 7.9612 3
    endloop
  endfacet
  facet normal 0.910872 0.41269 0
    outer loop
      vertex 16.1437 7.9612 0.599991
      vertex 16.6298 6.8883 3
      vertex 16.6298 6.8883 0.599991
    endloop
  endfacet
  facet normal 0.40753 0.18464 0.894331
    outer loop
      vertex 16.1437 7.9612 3
      vertex 8.31492 3.44415 7.5
      vertex 16.6298 6.8883 3
    endloop
  endfacet
  facet normal 0.407523 0.184652 0.894331
    outer loop
      vertex 8.31492 3.44415 7.5
      vertex 16.1437 7.9612 3
      vertex 8.07185 3.9806 7.5
    endloop
  endfacet
  facet normal 0.910859 0.412718 0
    outer loop
      vertex 8.31492 3.44415 8.10436
      vertex 8.07185 3.9806 7.5
      vertex 8.07185 3.9806 8.10436
    endloop
  endfacet
  facet normal 0.910859 0.412718 0
    outer loop
      vertex 8.07185 3.9806 7.5
      vertex 8.31492 3.44415 8.10436
      vertex 8.31492 3.44415 7.5
    endloop
  endfacet
  facet normal 0.910859 0.412718 0
    outer loop
      vertex 8.31492 3.44415 11.7844
      vertex 8.07185 3.9806 11.2156
      vertex 8.07185 3.9806 11.7844
    endloop
  endfacet
  facet normal 0.910859 0.412718 0
    outer loop
      vertex 8.07185 3.9806 11.2156
      vertex 8.31492 3.44415 11.7844
      vertex 8.31492 3.44415 11.2156
    endloop
  endfacet
  facet normal 0.644257 0.291894 -0.706917
    outer loop
      vertex 8.83174 3.99342 14.1978
      vertex 15.244 6.31428 21
      vertex 8.95961 3.71119 14.1978
    endloop
  endfacet
  facet normal 0.644254 0.291902 -0.706916
    outer loop
      vertex 15.244 6.31428 21
      vertex 8.83174 3.99342 14.1978
      vertex 14.7984 7.29776 21
    endloop
  endfacet
  facet normal 0.644251 0.291907 -0.706916
    outer loop
      vertex 14.7984 7.29776 21
      vertex 8.83174 3.99342 14.1978
      vertex 8.69771 4.28923 14.1978
    endloop
  endfacet
  facet normal 0.910867 0.4127 0
    outer loop
      vertex 15.244 6.31428 23
      vertex 14.7984 7.29776 21
      vertex 14.7984 7.29776 23
    endloop
  endfacet
  facet normal 0.910867 0.4127 0
    outer loop
      vertex 14.7984 7.29776 21
      vertex 15.244 6.31428 23
      vertex 15.244 6.31428 21
    endloop
  endfacet
  facet normal 0.644261 0.291896 -0.706911
    outer loop
      vertex 16.1437 7.9612 0.599991
      vertex 16.6298 6.8883 0.599991
      vertex 15.6056 7.69582 0
    endloop
  endfacet
  facet normal 0.644263 0.291901 -0.706908
    outer loop
      vertex 16.6298 6.8883 0.599991
      vertex 16.0755 6.65869 0
      vertex 15.6056 7.69582 0
    endloop
  endfacet
  facet normal 0.935909 0.352242 0
    outer loop
      vertex 17.0447 5.78591 3
      vertex 16.6298 6.8883 0.599991
      vertex 16.6298 6.8883 3
    endloop
  endfacet
  facet normal 0.935909 0.352242 0
    outer loop
      vertex 16.6298 6.8883 0.599991
      vertex 17.0447 5.78591 3
      vertex 17.0447 5.78591 0.599991
    endloop
  endfacet
  facet normal 0.418732 0.157594 0.894331
    outer loop
      vertex 8.52237 2.89295 7.5
      vertex 16.6298 6.8883 3
      vertex 8.31492 3.44415 7.5
    endloop
  endfacet
  facet normal 0.418732 0.157596 0.894331
    outer loop
      vertex 17.0447 5.78591 3
      vertex 16.6298 6.8883 3
      vertex 8.52237 2.89295 7.5
    endloop
  endfacet
  facet normal 0.93591 0.35224 0
    outer loop
      vertex 8.52237 2.89295 8.10436
      vertex 8.31492 3.44415 7.5
      vertex 8.31492 3.44415 8.10436
    endloop
  endfacet
  facet normal 0.93591 0.35224 0
    outer loop
      vertex 8.31492 3.44415 7.5
      vertex 8.52237 2.89295 8.10436
      vertex 8.52237 2.89295 7.5
    endloop
  endfacet
  facet normal 0.93591 0.35224 0
    outer loop
      vertex 8.52237 2.89295 11.7844
      vertex 8.31492 3.44415 11.2156
      vertex 8.31492 3.44415 11.7844
    endloop
  endfacet
  facet normal 0.93591 0.35224 0
    outer loop
      vertex 8.31492 3.44415 11.2156
      vertex 8.52237 2.89295 11.7844
      vertex 8.52237 2.89295 11.2156
    endloop
  endfacet
  facet normal 0.661972 0.249125 -0.706916
    outer loop
      vertex 8.995 3.61717 14.1978
      vertex 15.244 6.31428 21
      vertex 15.6243 5.30375 21
    endloop
  endfacet
  facet normal 0.661955 0.249166 -0.706917
    outer loop
      vertex 15.244 6.31428 21
      vertex 8.995 3.61717 14.1978
      vertex 8.95961 3.71119 14.1978
    endloop
  endfacet
  facet normal 0.661969 0.249137 -0.706915
    outer loop
      vertex 9.07401 3.40725 14.1978
      vertex 15.6243 5.30375 21
      vertex 9.18315 3.11726 14.1978
    endloop
  endfacet
  facet normal 0.661964 0.249151 -0.706914
    outer loop
      vertex 15.6243 5.30375 21
      vertex 9.07401 3.40725 14.1978
      vertex 8.995 3.61717 14.1978
    endloop
  endfacet
  facet normal 0.935917 0.35222 0
    outer loop
      vertex 15.6243 5.30375 23
      vertex 15.244 6.31428 21
      vertex 15.244 6.31428 23
    endloop
  endfacet
  facet normal 0.935917 0.35222 0
    outer loop
      vertex 15.244 6.31428 21
      vertex 15.6243 5.30375 23
      vertex 15.6243 5.30375 21
    endloop
  endfacet
  facet normal 0.661974 0.249143 -0.706907
    outer loop
      vertex 16.6298 6.8883 0.599991
      vertex 17.0447 5.78591 0.599991
      vertex 16.0755 6.65869 0
    endloop
  endfacet
  facet normal 0.661983 0.249164 -0.706892
    outer loop
      vertex 17.0447 5.78591 0.599991
      vertex 16.4766 5.59304 0
      vertex 16.0755 6.65869 0
    endloop
  endfacet
  facet normal 0.956922 0.290344 0
    outer loop
      vertex 17.3867 4.65874 3
      vertex 17.0447 5.78591 0.599991
      vertex 17.0447 5.78591 3
    endloop
  endfacet
  facet normal 0.956922 0.290344 0
    outer loop
      vertex 17.0447 5.78591 0.599991
      vertex 17.3867 4.65874 3
      vertex 17.3867 4.65874 0.599991
    endloop
  endfacet
  facet normal 0.428142 0.129875 0.894331
    outer loop
      vertex 8.69333 2.32937 7.5
      vertex 17.0447 5.78591 3
      vertex 8.52237 2.89295 7.5
    endloop
  endfacet
  facet normal 0.428131 0.129901 0.894332
    outer loop
      vertex 17.3867 4.65874 3
      vertex 17.0447 5.78591 3
      vertex 8.69333 2.32937 7.5
    endloop
  endfacet
  facet normal 0.95694 0.290284 0
    outer loop
      vertex 8.69333 2.32937 8.10436
      vertex 8.52237 2.89295 7.5
      vertex 8.52237 2.89295 8.10436
    endloop
  endfacet
  facet normal 0.95694 0.290284 0
    outer loop
      vertex 8.52237 2.89295 7.5
      vertex 8.69333 2.32937 8.10436
      vertex 8.69333 2.32937 7.5
    endloop
  endfacet
  facet normal 0.95694 0.290284 0
    outer loop
      vertex 8.69333 2.32937 11.7844
      vertex 8.52237 2.89295 11.2156
      vertex 8.52237 2.89295 11.7844
    endloop
  endfacet
  facet normal 0.95694 0.290284 0
    outer loop
      vertex 8.52237 2.89295 11.2156
      vertex 8.69333 2.32937 11.7844
      vertex 8.69333 2.32937 11.2156
    endloop
  endfacet
  facet normal 0.67683 0.20536 -0.706915
    outer loop
      vertex 9.21232 3.02113 14.1978
      vertex 15.6243 5.30375 21
      vertex 15.9378 4.27051 21
    endloop
  endfacet
  facet normal 0.676824 0.205378 -0.706915
    outer loop
      vertex 9.21232 3.02113 14.1978
      vertex 9.18315 3.11726 14.1978
      vertex 15.6243 5.30375 21
    endloop
  endfacet
  facet normal 0.676843 0.205306 -0.706918
    outer loop
      vertex 9.27743 2.80649 14.1978
      vertex 15.9378 4.27051 21
      vertex 9.36737 2.50998 14.1978
    endloop
  endfacet
  facet normal 0.67684 0.205316 -0.706918
    outer loop
      vertex 15.9378 4.27051 21
      vertex 9.27743 2.80649 14.1978
      vertex 9.21232 3.02113 14.1978
    endloop
  endfacet
  facet normal 0.956922 0.290344 0
    outer loop
      vertex 15.9378 4.27051 23
      vertex 15.6243 5.30375 21
      vertex 15.6243 5.30375 23
    endloop
  endfacet
  facet normal 0.956922 0.290344 0
    outer loop
      vertex 15.6243 5.30375 21
      vertex 15.9378 4.27051 23
      vertex 15.9378 4.27051 21
    endloop
  endfacet
  facet normal 0.676852 0.205367 -0.706892
    outer loop
      vertex 17.0447 5.78591 0.599991
      vertex 17.3867 4.65874 0.599991
      vertex 16.4766 5.59304 0
    endloop
  endfacet
  facet normal 0.676815 0.205295 -0.706948
    outer loop
      vertex 17.3867 4.65874 0.599991
      vertex 16.8071 4.50345 0
      vertex 16.4766 5.59304 0
    endloop
  endfacet
  facet normal 0.97389 0.227021 0
    outer loop
      vertex 17.6541 3.51163 3
      vertex 17.3867 4.65874 0.599991
      vertex 17.3867 4.65874 3
    endloop
  endfacet
  facet normal 0.97389 0.227021 0
    outer loop
      vertex 17.3867 4.65874 0.599991
      vertex 17.6541 3.51163 3
      vertex 17.6541 3.51163 0.599991
    endloop
  endfacet
  facet normal 0.435715 0.101598 0.894332
    outer loop
      vertex 8.82707 1.75581 7.5
      vertex 17.3867 4.65874 3
      vertex 8.69333 2.32937 7.5
    endloop
  endfacet
  facet normal 0.435724 0.101571 0.894331
    outer loop
      vertex 17.6541 3.51163 3
      vertex 17.3867 4.65874 3
      vertex 8.82707 1.75581 7.5
    endloop
  endfacet
  facet normal 0.973875 0.227084 0
    outer loop
      vertex 8.82707 1.75581 8.10436
      vertex 8.69333 2.32937 7.5
      vertex 8.69333 2.32937 8.10436
    endloop
  endfacet
  facet normal 0.973875 0.227084 0
    outer loop
      vertex 8.69333 2.32937 7.5
      vertex 8.82707 1.75581 8.10436
      vertex 8.82707 1.75581 7.5
    endloop
  endfacet
  facet normal 0.973875 0.227084 0
    outer loop
      vertex 8.82707 1.75581 11.7844
      vertex 8.69333 2.32937 11.2156
      vertex 8.69333 2.32937 11.7844
    endloop
  endfacet
  facet normal 0.973875 0.227084 0
    outer loop
      vertex 8.69333 2.32937 11.2156
      vertex 8.82707 1.75581 11.7844
      vertex 8.82707 1.75581 11.2156
    endloop
  endfacet
  facet normal 0.688816 0.160622 -0.706918
    outer loop
      vertex 9.39018 2.41214 14.1978
      vertex 15.9378 4.27051 21
      vertex 16.183 3.21899 21
    endloop
  endfacet
  facet normal 0.688824 0.16059 -0.706917
    outer loop
      vertex 9.39018 2.41214 14.1978
      vertex 9.36737 2.50998 14.1978
      vertex 15.9378 4.27051 21
    endloop
  endfacet
  facet normal 0.688817 0.160614 -0.706918
    outer loop
      vertex 9.44112 2.1937 14.1978
      vertex 16.183 3.21899 21
      vertex 9.51148 1.89195 14.1978
    endloop
  endfacet
  facet normal 0.688814 0.160631 -0.706918
    outer loop
      vertex 16.183 3.21899 21
      vertex 9.44112 2.1937 14.1978
      vertex 9.39018 2.41214 14.1978
    endloop
  endfacet
  facet normal 0.973873 0.227094 0
    outer loop
      vertex 16.183 3.21899 23
      vertex 15.9378 4.27051 21
      vertex 15.9378 4.27051 23
    endloop
  endfacet
  facet normal 0.973873 0.227094 0
    outer loop
      vertex 15.9378 4.27051 21
      vertex 16.183 3.21899 23
      vertex 16.183 3.21899 21
    endloop
  endfacet
  facet normal 0.688799 0.160564 -0.706947
    outer loop
      vertex 17.3867 4.65874 0.599991
      vertex 17.6541 3.51163 0.599991
      vertex 16.8071 4.50345 0
    endloop
  endfacet
  facet normal 0.688847 0.160645 -0.706882
    outer loop
      vertex 17.6541 3.51163 0.599991
      vertex 17.0657 3.39457 0
      vertex 16.8071 4.50345 0
    endloop
  endfacet
  facet normal 0.98664 0.162917 0
    outer loop
      vertex 17.846 2.34947 3
      vertex 17.6541 3.51163 0.599991
      vertex 17.6541 3.51163 3
    endloop
  endfacet
  facet normal 0.98664 0.162917 0
    outer loop
      vertex 17.6541 3.51163 0.599991
      vertex 17.846 2.34947 3
      vertex 17.846 2.34947 0.599991
    endloop
  endfacet
  facet normal 0.441432 0.0728768 0.894331
    outer loop
      vertex 8.923 1.17474 7.5
      vertex 17.6541 3.51163 3
      vertex 8.82707 1.75581 7.5
    endloop
  endfacet
  facet normal 0.441428 0.0728902 0.894331
    outer loop
      vertex 17.846 2.34947 3
      vertex 17.6541 3.51163 3
      vertex 8.923 1.17474 7.5
    endloop
  endfacet
  facet normal 0.986645 0.162887 0
    outer loop
      vertex 8.923 1.17474 8.10436
      vertex 8.82707 1.75581 7.5
      vertex 8.82707 1.75581 8.10436
    endloop
  endfacet
  facet normal 0.986645 0.162887 0
    outer loop
      vertex 8.82707 1.75581 7.5
      vertex 8.923 1.17474 8.10436
      vertex 8.923 1.17474 7.5
    endloop
  endfacet
  facet normal 0.986645 0.162887 0
    outer loop
      vertex 8.923 1.17474 11.7844
      vertex 8.82707 1.75581 11.2156
      vertex 8.82707 1.75581 11.7844
    endloop
  endfacet
  facet normal 0.986645 0.162887 0
    outer loop
      vertex 8.82707 1.75581 11.2156
      vertex 8.923 1.17474 11.7844
      vertex 8.923 1.17474 11.2156
    endloop
  endfacet
  facet normal 0.697858 0.115162 -0.706917
    outer loop
      vertex 9.52784 1.79283 14.1978
      vertex 16.183 3.21899 21
      vertex 16.3588 2.15368 21
    endloop
  endfacet
  facet normal 0.697854 0.115182 -0.706918
    outer loop
      vertex 9.52784 1.79283 14.1978
      vertex 9.51148 1.89195 14.1978
      vertex 16.183 3.21899 21
    endloop
  endfacet
  facet normal 0.697853 0.115209 -0.706915
    outer loop
      vertex 9.56438 1.57153 14.1978
      vertex 16.3588 2.15368 21
      vertex 9.61485 1.26582 14.1978
    endloop
  endfacet
  facet normal 0.697851 0.115226 -0.706914
    outer loop
      vertex 16.3588 2.15368 21
      vertex 9.56438 1.57153 14.1978
      vertex 9.52784 1.79283 14.1978
    endloop
  endfacet
  facet normal 0.986656 0.16282 0
    outer loop
      vertex 16.3588 2.15368 23
      vertex 16.183 3.21899 21
      vertex 16.183 3.21899 23
    endloop
  endfacet
  facet normal 0.986656 0.16282 0
    outer loop
      vertex 16.183 3.21899 21
      vertex 16.3588 2.15368 23
      vertex 16.3588 2.15368 21
    endloop
  endfacet
  facet normal 0.697881 0.115237 -0.706882
    outer loop
      vertex 17.6541 3.51163 0.599991
      vertex 17.846 2.34947 0.599991
      vertex 17.0657 3.39457 0
    endloop
  endfacet
  facet normal 0.697831 0.115164 -0.706943
    outer loop
      vertex 17.846 2.34947 0.599991
      vertex 17.2511 2.27115 0
      vertex 17.0657 3.39457 0
    endloop
  endfacet
  facet normal 0.995181 0.098057 0
    outer loop
      vertex 17.9615 1.17726 3
      vertex 17.846 2.34947 0.599991
      vertex 17.846 2.34947 3
    endloop
  endfacet
  facet normal 0.995181 0.098057 0
    outer loop
      vertex 17.846 2.34947 0.599991
      vertex 17.9615 1.17726 3
      vertex 17.9615 1.17726 0.599991
    endloop
  endfacet
  facet normal 0.445251 0.0438557 0.894331
    outer loop
      vertex 8.98073 0.588628 7.5
      vertex 17.846 2.34947 3
      vertex 8.923 1.17474 7.5
    endloop
  endfacet
  facet normal 0.445248 0.0438711 0.894332
    outer loop
      vertex 17.9615 1.17726 3
      vertex 17.846 2.34947 3
      vertex 8.98073 0.588628 7.5
    endloop
  endfacet
  facet normal 0.995184 0.0980222 0
    outer loop
      vertex 8.98073 0.588628 8.10436
      vertex 8.923 1.17474 7.5
      vertex 8.923 1.17474 8.10436
    endloop
  endfacet
  facet normal 0.995184 0.0980222 0
    outer loop
      vertex 8.923 1.17474 7.5
      vertex 8.98073 0.588628 8.10436
      vertex 8.98073 0.588628 7.5
    endloop
  endfacet
  facet normal 0.995184 0.0980222 0
    outer loop
      vertex 8.98073 0.588628 11.7844
      vertex 8.923 1.17474 11.2156
      vertex 8.923 1.17474 11.7844
    endloop
  endfacet
  facet normal 0.995184 0.0980222 0
    outer loop
      vertex 8.923 1.17474 11.2156
      vertex 8.98073 0.588628 11.7844
      vertex 8.98073 0.588628 11.2156
    endloop
  endfacet
  facet normal 0.703888 0.0693715 -0.706915
    outer loop
      vertex 9.6247 1.16584 14.1978
      vertex 16.3588 2.15368 21
      vertex 16.4647 1.07915 21
    endloop
  endfacet
  facet normal 0.703891 0.0693471 -0.706915
    outer loop
      vertex 16.3588 2.15368 21
      vertex 9.6247 1.16584 14.1978
      vertex 9.61485 1.26582 14.1978
    endloop
  endfacet
  facet normal 0.70389 0.0693259 -0.706918
    outer loop
      vertex 9.64668 0.942624 14.1978
      vertex 16.4647 1.07915 21
      vertex 9.67705 0.634267 14.1978
    endloop
  endfacet
  facet normal 0.70389 0.0693118 -0.706919
    outer loop
      vertex 16.4647 1.07915 21
      vertex 9.64668 0.942624 14.1978
      vertex 9.6247 1.16584 14.1978
    endloop
  endfacet
  facet normal 0.995179 0.0980795 0
    outer loop
      vertex 16.4647 1.07915 23
      vertex 16.3588 2.15368 21
      vertex 16.3588 2.15368 23
    endloop
  endfacet
  facet normal 0.995179 0.0980795 0
    outer loop
      vertex 16.3588 2.15368 21
      vertex 16.4647 1.07915 23
      vertex 16.4647 1.07915 21
    endloop
  endfacet
  facet normal 0.703862 0.0693528 -0.706943
    outer loop
      vertex 17.846 2.34947 0.599991
      vertex 17.9615 1.17726 0.599991
      vertex 17.2511 2.27115 0
    endloop
  endfacet
  facet normal 0.703835 0.0693189 -0.706973
    outer loop
      vertex 17.9615 1.17726 0.599991
      vertex 17.3627 1.13801 0
      vertex 17.2511 2.27115 0
    endloop
  endfacet
  facet normal 0.999466 0.0326856 0
    outer loop
      vertex 18 0 3
      vertex 17.9615 1.17726 0.599991
      vertex 17.9615 1.17726 3
    endloop
  endfacet
  facet normal 0.999466 0.0326856 0
    outer loop
      vertex 17.9615 1.17726 0.599991
      vertex 18 0 3
      vertex 18 0 0.599991
    endloop
  endfacet
  facet normal 0.447166 0.0146237 0.894332
    outer loop
      vertex 17.9615 1.17726 3
      vertex 9 0 7.5
      vertex 18 0 3
    endloop
  endfacet
  facet normal 0.447164 0.0146389 0.894332
    outer loop
      vertex 9 0 7.5
      vertex 17.9615 1.17726 3
      vertex 8.98073 0.588628 7.5
    endloop
  endfacet
  facet normal 0.999465 0.0327196 0
    outer loop
      vertex 9 0 8.10436
      vertex 8.98073 0.588628 7.5
      vertex 8.98073 0.588628 8.10436
    endloop
  endfacet
  facet normal 0.999465 0.0327196 0
    outer loop
      vertex 8.98073 0.588628 7.5
      vertex 9 0 8.10436
      vertex 9 0 7.5
    endloop
  endfacet
  facet normal 0.999465 0.0327196 0
    outer loop
      vertex 9 0 11.7844
      vertex 8.98073 0.588628 11.2156
      vertex 8.98073 0.588628 11.7844
    endloop
  endfacet
  facet normal 0.999465 0.0327196 0
    outer loop
      vertex 8.98073 0.588628 11.2156
      vertex 9 0 11.7844
      vertex 9 0 11.2156
    endloop
  endfacet
  facet normal 0.706916 0.0231635 -0.706918
    outer loop
      vertex 16.4647 1.07915 21
      vertex 9.68034 0.533861 14.1978
      vertex 9.67705 0.634267 14.1978
    endloop
  endfacet
  facet normal 0.706918 0.0231239 -0.706918
    outer loop
      vertex 9.68034 0.533861 14.1978
      vertex 16.4647 1.07915 21
      vertex 16.5 0 21
    endloop
  endfacet
  facet normal 0.706918 0.0231458 -0.706916
    outer loop
      vertex 16.5 0 21
      vertex 9.68768 0.309683 14.1978
      vertex 9.68034 0.533861 14.1978
    endloop
  endfacet
  facet normal 0.706918 0.0231467 -0.706916
    outer loop
      vertex 9.68768 0.309683 14.1978
      vertex 16.5 0 21
      vertex 9.69782 0 14.1978
    endloop
  endfacet
  facet normal 0.999465 0.0326934 0
    outer loop
      vertex 16.5 0 23
      vertex 16.4647 1.07915 21
      vertex 16.4647 1.07915 23
    endloop
  endfacet
  facet normal 0.999465 0.0326934 0
    outer loop
      vertex 16.4647 1.07915 21
      vertex 16.5 0 23
      vertex 16.5 0 21
    endloop
  endfacet
  facet normal 0.706863 0.0231166 -0.706972
    outer loop
      vertex 17.9615 1.17726 0.599991
      vertex 18 0 0.599991
      vertex 17.3627 1.13801 0
    endloop
  endfacet
  facet normal 0.706912 0.0231701 -0.706922
    outer loop
      vertex 18 0 0.599991
      vertex 17.4 0 0
      vertex 17.3627 1.13801 0
    endloop
  endfacet
  facet normal 0.999466 -0.0326856 0
    outer loop
      vertex 17.9615 -1.17726 3
      vertex 18 0 0.599991
      vertex 18 0 3
    endloop
  endfacet
  facet normal 0.999466 -0.0326856 0
    outer loop
      vertex 18 0 0.599991
      vertex 17.9615 -1.17726 3
      vertex 17.9615 -1.17726 0.599991
    endloop
  endfacet
  facet normal 0.447166 -0.0146237 0.894332
    outer loop
      vertex 9 0 7.5
      vertex 17.9615 -1.17726 3
      vertex 18 0 3
    endloop
  endfacet
  facet normal 0.447164 -0.0146389 0.894332
    outer loop
      vertex 17.9615 -1.17726 3
      vertex 9 0 7.5
      vertex 8.98073 -0.588628 7.5
    endloop
  endfacet
  facet normal 0.999465 -0.0327196 0
    outer loop
      vertex 8.98073 -0.588628 8.10436
      vertex 9 0 7.5
      vertex 9 0 8.10436
    endloop
  endfacet
  facet normal 0.999465 -0.0327196 0
    outer loop
      vertex 9 0 7.5
      vertex 8.98073 -0.588628 8.10436
      vertex 8.98073 -0.588628 7.5
    endloop
  endfacet
  facet normal 0.999465 -0.0327196 0
    outer loop
      vertex 8.98073 -0.588628 11.7844
      vertex 9 0 11.2156
      vertex 9 0 11.7844
    endloop
  endfacet
  facet normal 0.999465 -0.0327196 0
    outer loop
      vertex 9 0 11.2156
      vertex 8.98073 -0.588628 11.7844
      vertex 8.98073 -0.588628 11.2156
    endloop
  endfacet
  facet normal 0.706918 -0.0231633 -0.706916
    outer loop
      vertex 16.5 0 21
      vertex 9.69453 -0.100407 14.1978
      vertex 9.69782 0 14.1978
    endloop
  endfacet
  facet normal 0.706918 -0.023124 -0.706917
    outer loop
      vertex 9.69453 -0.100407 14.1978
      vertex 16.5 0 21
      vertex 16.4647 -1.07915 21
    endloop
  endfacet
  facet normal 0.706917 -0.0231457 -0.706918
    outer loop
      vertex 16.4647 -1.07915 21
      vertex 9.68719 -0.324585 14.1978
      vertex 9.69453 -0.100407 14.1978
    endloop
  endfacet
  facet normal 0.706916 -0.0231468 -0.706918
    outer loop
      vertex 9.68719 -0.324585 14.1978
      vertex 16.4647 -1.07915 21
      vertex 9.67705 -0.634267 14.1978
    endloop
  endfacet
  facet normal 0.999465 -0.0326934 0
    outer loop
      vertex 16.4647 -1.07915 23
      vertex 16.5 0 21
      vertex 16.5 0 23
    endloop
  endfacet
  facet normal 0.999465 -0.0326934 0
    outer loop
      vertex 16.5 0 21
      vertex 16.4647 -1.07915 23
      vertex 16.4647 -1.07915 21
    endloop
  endfacet
  facet normal 0.706912 -0.0231182 -0.706923
    outer loop
      vertex 18 0 0.599991
      vertex 17.9615 -1.17726 0.599991
      vertex 17.4 0 0
    endloop
  endfacet
  facet normal 0.706861 -0.0231684 -0.706973
    outer loop
      vertex 17.4 0 0
      vertex 17.9615 -1.17726 0.599991
      vertex 17.3627 -1.13801 0
    endloop
  endfacet
  facet normal 0.995181 -0.098057 0
    outer loop
      vertex 17.846 -2.34947 3
      vertex 17.9615 -1.17726 0.599991
      vertex 17.9615 -1.17726 3
    endloop
  endfacet
  facet normal 0.995181 -0.098057 0
    outer loop
      vertex 17.9615 -1.17726 0.599991
      vertex 17.846 -2.34947 3
      vertex 17.846 -2.34947 0.599991
    endloop
  endfacet
  facet normal 0.445249 -0.0438555 0.894332
    outer loop
      vertex 17.9615 -1.17726 3
      vertex 8.98073 -0.588628 7.5
      vertex 8.923 -1.17474 7.5
    endloop
  endfacet
  facet normal 0.445249 -0.0438712 0.894332
    outer loop
      vertex 17.846 -2.34947 3
      vertex 17.9615 -1.17726 3
      vertex 8.923 -1.17474 7.5
    endloop
  endfacet
  facet normal 0.995184 -0.0980222 0
    outer loop
      vertex 8.923 -1.17474 8.10436
      vertex 8.98073 -0.588628 7.5
      vertex 8.98073 -0.588628 8.10436
    endloop
  endfacet
  facet normal 0.995184 -0.0980222 0
    outer loop
      vertex 8.98073 -0.588628 7.5
      vertex 8.923 -1.17474 8.10436
      vertex 8.923 -1.17474 7.5
    endloop
  endfacet
  facet normal 0.995184 -0.0980222 0
    outer loop
      vertex 8.923 -1.17474 11.7844
      vertex 8.98073 -0.588628 11.2156
      vertex 8.98073 -0.588628 11.7844
    endloop
  endfacet
  facet normal 0.995184 -0.0980222 0
    outer loop
      vertex 8.98073 -0.588628 11.2156
      vertex 8.923 -1.17474 11.7844
      vertex 8.923 -1.17474 11.2156
    endloop
  endfacet
  facet normal 0.703894 -0.0692791 -0.706919
    outer loop
      vertex 16.4647 -1.07915 21
      vertex 9.66721 -0.734244 14.1978
      vertex 9.67705 -0.634267 14.1978
    endloop
  endfacet
  facet normal 0.703887 -0.0693713 -0.706917
    outer loop
      vertex 9.66721 -0.734244 14.1978
      vertex 16.4647 -1.07915 21
      vertex 16.3588 -2.15368 21
    endloop
  endfacet
  facet normal 0.703891 -0.0693428 -0.706915
    outer loop
      vertex 16.3588 -2.15368 21
      vertex 9.64522 -0.957462 14.1978
      vertex 9.66721 -0.734244 14.1978
    endloop
  endfacet
  facet normal 0.703893 -0.069326 -0.706914
    outer loop
      vertex 9.64522 -0.957462 14.1978
      vertex 16.3588 -2.15368 21
      vertex 9.61485 -1.26582 14.1978
    endloop
  endfacet
  facet normal 0.995179 -0.0980795 0
    outer loop
      vertex 16.3588 -2.15368 23
      vertex 16.4647 -1.07915 21
      vertex 16.4647 -1.07915 23
    endloop
  endfacet
  facet normal 0.995179 -0.0980795 0
    outer loop
      vertex 16.4647 -1.07915 21
      vertex 16.3588 -2.15368 23
      vertex 16.3588 -2.15368 21
    endloop
  endfacet
  facet normal 0.703833 -0.0693499 -0.706972
    outer loop
      vertex 17.9615 -1.17726 0.599991
      vertex 17.846 -2.34947 0.599991
      vertex 17.3627 -1.13801 0
    endloop
  endfacet
  facet normal 0.703866 -0.0693219 -0.706942
    outer loop
      vertex 17.3627 -1.13801 0
      vertex 17.846 -2.34947 0.599991
      vertex 17.2511 -2.27115 0
    endloop
  endfacet
  facet normal 0.98664 -0.162917 0
    outer loop
      vertex 17.6541 -3.51163 3
      vertex 17.846 -2.34947 0.599991
      vertex 17.846 -2.34947 3
    endloop
  endfacet
  facet normal 0.98664 -0.162917 0
    outer loop
      vertex 17.846 -2.34947 0.599991
      vertex 17.6541 -3.51163 3
      vertex 17.6541 -3.51163 0.599991
    endloop
  endfacet
  facet normal 0.44143 -0.0728766 0.894331
    outer loop
      vertex 17.846 -2.34947 3
      vertex 8.923 -1.17474 7.5
      vertex 8.82707 -1.75581 7.5
    endloop
  endfacet
  facet normal 0.441429 -0.0728903 0.894331
    outer loop
      vertex 17.6541 -3.51163 3
      vertex 17.846 -2.34947 3
      vertex 8.82707 -1.75581 7.5
    endloop
  endfacet
  facet normal 0.986645 -0.162887 0
    outer loop
      vertex 8.82707 -1.75581 8.10436
      vertex 8.923 -1.17474 7.5
      vertex 8.923 -1.17474 8.10436
    endloop
  endfacet
  facet normal 0.986645 -0.162887 0
    outer loop
      vertex 8.923 -1.17474 7.5
      vertex 8.82707 -1.75581 8.10436
      vertex 8.82707 -1.75581 7.5
    endloop
  endfacet
  facet normal 0.986645 -0.162887 0
    outer loop
      vertex 8.82707 -1.75581 11.7844
      vertex 8.923 -1.17474 11.2156
      vertex 8.923 -1.17474 11.7844
    endloop
  endfacet
  facet normal 0.986645 -0.162887 0
    outer loop
      vertex 8.923 -1.17474 11.2156
      vertex 8.82707 -1.75581 11.7844
      vertex 8.82707 -1.75581 11.2156
    endloop
  endfacet
  facet normal 0.697857 -0.115183 -0.706915
    outer loop
      vertex 16.3588 -2.15368 21
      vertex 9.59849 -1.36494 14.1978
      vertex 9.61485 -1.26582 14.1978
    endloop
  endfacet
  facet normal 0.69786 -0.115162 -0.706916
    outer loop
      vertex 9.59849 -1.36494 14.1978
      vertex 16.3588 -2.15368 21
      vertex 16.183 -3.21899 21
    endloop
  endfacet
  facet normal 0.697846 -0.115225 -0.706919
    outer loop
      vertex 16.183 -3.21899 21
      vertex 9.56195 -1.58624 14.1978
      vertex 9.59849 -1.36494 14.1978
    endloop
  endfacet
  facet normal 0.697849 -0.115209 -0.706918
    outer loop
      vertex 9.51148 -1.89195 14.1978
      vertex 9.56195 -1.58624 14.1978
      vertex 16.183 -3.21899 21
    endloop
  endfacet
  facet normal 0.986656 -0.16282 0
    outer loop
      vertex 16.183 -3.21899 23
      vertex 16.3588 -2.15368 21
      vertex 16.3588 -2.15368 23
    endloop
  endfacet
  facet normal 0.986656 -0.16282 0
    outer loop
      vertex 16.3588 -2.15368 21
      vertex 16.183 -3.21899 23
      vertex 16.183 -3.21899 21
    endloop
  endfacet
  facet normal 0.697822 -0.115227 -0.706942
    outer loop
      vertex 17.846 -2.34947 0.599991
      vertex 17.6541 -3.51163 0.599991
      vertex 17.2511 -2.27115 0
    endloop
  endfacet
  facet normal 0.697893 -0.115174 -0.706881
    outer loop
      vertex 17.2511 -2.27115 0
      vertex 17.6541 -3.51163 0.599991
      vertex 17.0657 -3.39457 0
    endloop
  endfacet
  facet normal 0.97389 -0.227021 0
    outer loop
      vertex 17.3867 -4.65874 3
      vertex 17.6541 -3.51163 0.599991
      vertex 17.6541 -3.51163 3
    endloop
  endfacet
  facet normal 0.97389 -0.227021 0
    outer loop
      vertex 17.6541 -3.51163 0.599991
      vertex 17.3867 -4.65874 3
      vertex 17.3867 -4.65874 0.599991
    endloop
  endfacet
  facet normal 0.435718 -0.101599 0.894331
    outer loop
      vertex 17.6541 -3.51163 3
      vertex 8.82707 -1.75581 7.5
      vertex 8.69333 -2.32937 7.5
    endloop
  endfacet
  facet normal 0.435723 -0.10157 0.894332
    outer loop
      vertex 17.3867 -4.65874 3
      vertex 17.6541 -3.51163 3
      vertex 8.69333 -2.32937 7.5
    endloop
  endfacet
  facet normal 0.973875 -0.227084 0
    outer loop
      vertex 8.69333 -2.32937 8.10436
      vertex 8.82707 -1.75581 7.5
      vertex 8.82707 -1.75581 8.10436
    endloop
  endfacet
  facet normal 0.973875 -0.227084 0
    outer loop
      vertex 8.82707 -1.75581 7.5
      vertex 8.69333 -2.32937 8.10436
      vertex 8.69333 -2.32937 7.5
    endloop
  endfacet
  facet normal 0.973875 -0.227084 0
    outer loop
      vertex 8.69333 -2.32937 11.7844
      vertex 8.82707 -1.75581 11.2156
      vertex 8.82707 -1.75581 11.7844
    endloop
  endfacet
  facet normal 0.973875 -0.227084 0
    outer loop
      vertex 8.82707 -1.75581 11.2156
      vertex 8.69333 -2.32937 11.7844
      vertex 8.69333 -2.32937 11.2156
    endloop
  endfacet
  facet normal 0.688815 -0.160622 -0.706919
    outer loop
      vertex 9.48866 -1.98979 14.1978
      vertex 16.183 -3.21899 21
      vertex 15.9378 -4.27051 21
    endloop
  endfacet
  facet normal 0.688808 -0.160656 -0.706918
    outer loop
      vertex 16.183 -3.21899 21
      vertex 9.48866 -1.98979 14.1978
      vertex 9.51148 -1.89195 14.1978
    endloop
  endfacet
  facet normal 0.68882 -0.160608 -0.706918
    outer loop
      vertex 15.9378 -4.27051 21
      vertex 9.43773 -2.20822 14.1978
      vertex 9.48866 -1.98979 14.1978
    endloop
  endfacet
  facet normal 0.688819 -0.160609 -0.706918
    outer loop
      vertex 9.36737 -2.50998 14.1978
      vertex 9.43773 -2.20822 14.1978
      vertex 15.9378 -4.27051 21
    endloop
  endfacet
  facet normal 0.973873 -0.227094 0
    outer loop
      vertex 15.9378 -4.27051 23
      vertex 16.183 -3.21899 21
      vertex 16.183 -3.21899 23
    endloop
  endfacet
  facet normal 0.973873 -0.227094 0
    outer loop
      vertex 16.183 -3.21899 21
      vertex 15.9378 -4.27051 23
      vertex 15.9378 -4.27051 21
    endloop
  endfacet
  facet normal 0.688862 -0.160579 -0.706883
    outer loop
      vertex 17.6541 -3.51163 0.599991
      vertex 17.3867 -4.65874 0.599991
      vertex 17.0657 -3.39457 0
    endloop
  endfacet
  facet normal 0.688783 -0.16063 -0.706949
    outer loop
      vertex 17.0657 -3.39457 0
      vertex 17.3867 -4.65874 0.599991
      vertex 16.8071 -4.50345 0
    endloop
  endfacet
  facet normal 0.956922 -0.290344 0
    outer loop
      vertex 17.0447 -5.78591 3
      vertex 17.3867 -4.65874 0.599991
      vertex 17.3867 -4.65874 3
    endloop
  endfacet
  facet normal 0.956922 -0.290344 0
    outer loop
      vertex 17.3867 -4.65874 0.599991
      vertex 17.0447 -5.78591 3
      vertex 17.0447 -5.78591 0.599991
    endloop
  endfacet
  facet normal 0.428139 -0.129874 0.894332
    outer loop
      vertex 17.3867 -4.65874 3
      vertex 8.69333 -2.32937 7.5
      vertex 8.52237 -2.89295 7.5
    endloop
  endfacet
  facet normal 0.428133 -0.129902 0.894331
    outer loop
      vertex 17.0447 -5.78591 3
      vertex 17.3867 -4.65874 3
      vertex 8.52237 -2.89295 7.5
    endloop
  endfacet
  facet normal 0.95694 -0.290284 0
    outer loop
      vertex 8.52237 -2.89295 8.10436
      vertex 8.69333 -2.32937 7.5
      vertex 8.69333 -2.32937 8.10436
    endloop
  endfacet
  facet normal 0.95694 -0.290284 0
    outer loop
      vertex 8.69333 -2.32937 7.5
      vertex 8.52237 -2.89295 8.10436
      vertex 8.52237 -2.89295 7.5
    endloop
  endfacet
  facet normal 0.95694 -0.290284 0
    outer loop
      vertex 8.52237 -2.89295 11.7844
      vertex 8.69333 -2.32937 11.2156
      vertex 8.69333 -2.32937 11.7844
    endloop
  endfacet
  facet normal 0.95694 -0.290284 0
    outer loop
      vertex 8.69333 -2.32937 11.2156
      vertex 8.52237 -2.89295 11.7844
      vertex 8.52237 -2.89295 11.2156
    endloop
  endfacet
  facet normal 0.676828 -0.205359 -0.706917
    outer loop
      vertex 9.33821 -2.60611 14.1978
      vertex 15.9378 -4.27051 21
      vertex 15.6243 -5.30375 21
    endloop
  endfacet
  facet normal 0.676841 -0.205312 -0.706918
    outer loop
      vertex 15.9378 -4.27051 21
      vertex 9.33821 -2.60611 14.1978
      vertex 9.36737 -2.50998 14.1978
    endloop
  endfacet
  facet normal 0.676844 -0.205317 -0.706914
    outer loop
      vertex 15.6243 -5.30375 21
      vertex 9.2731 -2.82075 14.1978
      vertex 9.33821 -2.60611 14.1978
    endloop
  endfacet
  facet normal 0.67684 -0.205328 -0.706915
    outer loop
      vertex 9.18315 -3.11726 14.1978
      vertex 9.2731 -2.82075 14.1978
      vertex 15.6243 -5.30375 21
    endloop
  endfacet
  facet normal 0.956922 -0.290344 0
    outer loop
      vertex 15.6243 -5.30375 23
      vertex 15.9378 -4.27051 21
      vertex 15.9378 -4.27051 23
    endloop
  endfacet
  facet normal 0.956922 -0.290344 0
    outer loop
      vertex 15.9378 -4.27051 21
      vertex 15.6243 -5.30375 23
      vertex 15.6243 -5.30375 21
    endloop
  endfacet
  facet normal 0.676799 -0.205351 -0.706947
    outer loop
      vertex 17.3867 -4.65874 0.599991
      vertex 17.0447 -5.78591 0.599991
      vertex 16.8071 -4.50345 0
    endloop
  endfacet
  facet normal 0.67687 -0.205312 -0.706891
    outer loop
      vertex 16.8071 -4.50345 0
      vertex 17.0447 -5.78591 0.599991
      vertex 16.4766 -5.59304 0
    endloop
  endfacet
  facet normal 0.935909 -0.352242 0
    outer loop
      vertex 16.6298 -6.8883 3
      vertex 17.0447 -5.78591 0.599991
      vertex 17.0447 -5.78591 3
    endloop
  endfacet
  facet normal 0.935909 -0.352242 0
    outer loop
      vertex 17.0447 -5.78591 0.599991
      vertex 16.6298 -6.8883 3
      vertex 16.6298 -6.8883 0.599991
    endloop
  endfacet
  facet normal 0.418732 -0.157594 0.894331
    outer loop
      vertex 17.0447 -5.78591 3
      vertex 8.52237 -2.89295 7.5
      vertex 8.31492 -3.44415 7.5
    endloop
  endfacet
  facet normal 0.418732 -0.157596 0.894331
    outer loop
      vertex 16.6298 -6.8883 3
      vertex 17.0447 -5.78591 3
      vertex 8.31492 -3.44415 7.5
    endloop
  endfacet
  facet normal 0.93591 -0.35224 0
    outer loop
      vertex 8.31492 -3.44415 8.10436
      vertex 8.52237 -2.89295 7.5
      vertex 8.52237 -2.89295 8.10436
    endloop
  endfacet
  facet normal 0.93591 -0.35224 0
    outer loop
      vertex 8.52237 -2.89295 7.5
      vertex 8.31492 -3.44415 8.10436
      vertex 8.31492 -3.44415 7.5
    endloop
  endfacet
  facet normal 0.93591 -0.35224 0
    outer loop
      vertex 8.31492 -3.44415 11.7844
      vertex 8.52237 -2.89295 11.2156
      vertex 8.52237 -2.89295 11.7844
    endloop
  endfacet
  facet normal 0.93591 -0.35224 0
    outer loop
      vertex 8.52237 -2.89295 11.2156
      vertex 8.31492 -3.44415 11.7844
      vertex 8.31492 -3.44415 11.2156
    endloop
  endfacet
  facet normal 0.661973 -0.249125 -0.706915
    outer loop
      vertex 9.14777 -3.21128 14.1978
      vertex 15.6243 -5.30375 21
      vertex 15.244 -6.31428 21
    endloop
  endfacet
  facet normal 0.66198 -0.249105 -0.706915
    outer loop
      vertex 15.6243 -5.30375 21
      vertex 9.14777 -3.21128 14.1978
      vertex 9.18315 -3.11726 14.1978
    endloop
  endfacet
  facet normal 0.661962 -0.24915 -0.706916
    outer loop
      vertex 15.244 -6.31428 21
      vertex 9.06876 -3.4212 14.1978
      vertex 9.14777 -3.21128 14.1978
    endloop
  endfacet
  facet normal 0.661959 -0.249156 -0.706916
    outer loop
      vertex 9.06876 -3.4212 14.1978
      vertex 15.244 -6.31428 21
      vertex 8.95961 -3.71119 14.1978
    endloop
  endfacet
  facet normal 0.935917 -0.35222 0
    outer loop
      vertex 15.244 -6.31428 23
      vertex 15.6243 -5.30375 21
      vertex 15.6243 -5.30375 23
    endloop
  endfacet
  facet normal 0.935917 -0.35222 0
    outer loop
      vertex 15.6243 -5.30375 21
      vertex 15.244 -6.31428 23
      vertex 15.244 -6.31428 21
    endloop
  endfacet
  facet normal 0.661988 -0.249149 -0.706892
    outer loop
      vertex 17.0447 -5.78591 0.599991
      vertex 16.6298 -6.8883 0.599991
      vertex 16.4766 -5.59304 0
    endloop
  endfacet
  facet normal 0.661968 -0.249158 -0.706908
    outer loop
      vertex 16.4766 -5.59304 0
      vertex 16.6298 -6.8883 0.599991
      vertex 16.0755 -6.65869 0
    endloop
  endfacet
  facet normal 0.910872 -0.41269 0
    outer loop
      vertex 16.1437 -7.9612 3
      vertex 16.6298 -6.8883 0.599991
      vertex 16.6298 -6.8883 3
    endloop
  endfacet
  facet normal 0.910872 -0.41269 0
    outer loop
      vertex 16.6298 -6.8883 0.599991
      vertex 16.1437 -7.9612 3
      vertex 16.1437 -7.9612 0.599991
    endloop
  endfacet
  facet normal 0.40753 -0.18464 0.894331
    outer loop
      vertex 8.31492 -3.44415 7.5
      vertex 16.1437 -7.9612 3
      vertex 16.6298 -6.8883 3
    endloop
  endfacet
  facet normal 0.407523 -0.184652 0.894331
    outer loop
      vertex 16.1437 -7.9612 3
      vertex 8.31492 -3.44415 7.5
      vertex 8.07185 -3.9806 7.5
    endloop
  endfacet
  facet normal 0.910859 -0.412718 0
    outer loop
      vertex 8.07185 -3.9806 8.10436
      vertex 8.31492 -3.44415 7.5
      vertex 8.31492 -3.44415 8.10436
    endloop
  endfacet
  facet normal 0.910859 -0.412718 0
    outer loop
      vertex 8.31492 -3.44415 7.5
      vertex 8.07185 -3.9806 8.10436
      vertex 8.07185 -3.9806 7.5
    endloop
  endfacet
  facet normal 0.910859 -0.412718 0
    outer loop
      vertex 8.07185 -3.9806 11.7844
      vertex 8.31492 -3.44415 11.2156
      vertex 8.31492 -3.44415 11.7844
    endloop
  endfacet
  facet normal 0.910859 -0.412718 0
    outer loop
      vertex 8.31492 -3.44415 11.2156
      vertex 8.07185 -3.9806 11.7844
      vertex 8.07185 -3.9806 11.2156
    endloop
  endfacet
  facet normal 0.644253 -0.291902 -0.706917
    outer loop
      vertex 8.82558 -4.007 14.1978
      vertex 15.244 -6.31428 21
      vertex 14.7984 -7.29776 21
    endloop
  endfacet
  facet normal 0.644251 -0.291907 -0.706916
    outer loop
      vertex 15.244 -6.31428 21
      vertex 8.82558 -4.007 14.1978
      vertex 8.95961 -3.71119 14.1978
    endloop
  endfacet
  facet normal 0.644257 -0.291894 -0.706916
    outer loop
      vertex 8.82558 -4.007 14.1978
      vertex 14.7984 -7.29776 21
      vertex 8.69771 -4.28923 14.1978
    endloop
  endfacet
  facet normal 0.910867 -0.4127 0
    outer loop
      vertex 14.7984 -7.29776 23
      vertex 15.244 -6.31428 21
      vertex 15.244 -6.31428 23
    endloop
  endfacet
  facet normal 0.910867 -0.4127 0
    outer loop
      vertex 15.244 -6.31428 21
      vertex 14.7984 -7.29776 23
      vertex 14.7984 -7.29776 21
    endloop
  endfacet
  facet normal 0.644265 -0.291898 -0.706908
    outer loop
      vertex 16.6298 -6.8883 0.599991
      vertex 16.1437 -7.9612 0.599991
      vertex 16.0755 -6.65869 0
    endloop
  endfacet
  facet normal 0.64426 -0.291899 -0.706912
    outer loop
      vertex 16.0755 -6.65869 0
      vertex 16.1437 -7.9612 0.599991
      vertex 15.6056 -7.69582 0
    endloop
  endfacet
  facet normal 0.881939 -0.471364 0
    outer loop
      vertex 15.5885 -9 3
      vertex 16.1437 -7.9612 0.599991
      vertex 16.1437 -7.9612 3
    endloop
  endfacet
  facet normal 0.881939 -0.471364 0
    outer loop
      vertex 16.1437 -7.9612 0.599991
      vertex 15.5885 -9 3
      vertex 15.5885 -9 0.599991
    endloop
  endfacet
  facet normal 0.394578 -0.210902 0.894331
    outer loop
      vertex 16.1437 -7.9612 3
      vertex 8.07185 -3.9806 7.5
      vertex 7.79423 -4.5 7.5
    endloop
  endfacet
  facet normal 0.394583 -0.21089 0.894332
    outer loop
      vertex 15.5885 -9 3
      vertex 16.1437 -7.9612 3
      vertex 7.79423 -4.5 7.5
    endloop
  endfacet
  facet normal 0.881925 -0.47139 0
    outer loop
      vertex 7.79423 -4.5 8.10436
      vertex 8.07185 -3.9806 7.5
      vertex 8.07185 -3.9806 8.10436
    endloop
  endfacet
  facet normal 0.881925 -0.47139 0
    outer loop
      vertex 8.07185 -3.9806 7.5
      vertex 7.79423 -4.5 8.10436
      vertex 7.79423 -4.5 7.5
    endloop
  endfacet
  facet normal 0.881925 -0.47139 0
    outer loop
      vertex 7.79423 -4.5 11.7844
      vertex 8.07185 -3.9806 11.2156
      vertex 8.07185 -3.9806 11.7844
    endloop
  endfacet
  facet normal 0.881925 -0.47139 0
    outer loop
      vertex 8.07185 -3.9806 11.2156
      vertex 7.79423 -4.5 11.7844
      vertex 7.79423 -4.5 11.2156
    endloop
  endfacet
  facet normal 0.623776 -0.333426 -0.706916
    outer loop
      vertex 8.65035 -4.37783 14.1978
      vertex 14.7984 -7.29776 21
      vertex 14.2894 -8.25 21
    endloop
  endfacet
  facet normal 0.623774 -0.33343 -0.706916
    outer loop
      vertex 14.7984 -7.29776 21
      vertex 8.65035 -4.37783 14.1978
      vertex 8.69771 -4.28923 14.1978
    endloop
  endfacet
  facet normal 0.623791 -0.333401 -0.706915
    outer loop
      vertex 14.2894 -8.25 21
      vertex 8.54462 -4.57565 14.1978
      vertex 8.65035 -4.37783 14.1978
    endloop
  endfacet
  facet normal 0.623782 -0.333417 -0.706915
    outer loop
      vertex 8.54462 -4.57565 14.1978
      vertex 14.2894 -8.25 21
      vertex 8.39856 -4.84891 14.1978
    endloop
  endfacet
  facet normal 0.881915 -0.471409 0
    outer loop
      vertex 14.2894 -8.25 23
      vertex 14.7984 -7.29776 21
      vertex 14.7984 -7.29776 23
    endloop
  endfacet
  facet normal 0.881915 -0.471409 0
    outer loop
      vertex 14.7984 -7.29776 21
      vertex 14.2894 -8.25 23
      vertex 14.2894 -8.25 21
    endloop
  endfacet
  facet normal 0.623796 -0.333396 -0.706913
    outer loop
      vertex 15.6056 -7.69582 0
      vertex 16.1437 -7.9612 0.599991
      vertex 15.5885 -9 0.599991
    endloop
  endfacet
  facet normal 0.623721 -0.33342 -0.706967
    outer loop
      vertex 15.6056 -7.69582 0
      vertex 15.5885 -9 0.599991
      vertex 15.0688 -8.7 0
    endloop
  endfacet
  facet normal 0.849212 -0.528052 0
    outer loop
      vertex 14.9665 -10.0003 3
      vertex 15.5885 -9 0.599991
      vertex 15.5885 -9 3
    endloop
  endfacet
  facet normal 0.849212 -0.528052 0
    outer loop
      vertex 15.5885 -9 0.599991
      vertex 14.9665 -10.0003 3
      vertex 14.9665 -10.0003 0.599991
    endloop
  endfacet
  facet normal 0.379937 -0.236259 0.894332
    outer loop
      vertex 15.5885 -9 3
      vertex 7.79423 -4.5 7.5
      vertex 7.48323 -5.00013 7.5
    endloop
  endfacet
  facet normal 0.37994 -0.236252 0.894332
    outer loop
      vertex 14.9665 -10.0003 3
      vertex 15.5885 -9 3
      vertex 7.48323 -5.00013 7.5
    endloop
  endfacet
  facet normal 0.849203 -0.528067 0
    outer loop
      vertex 7.48323 -5.00013 8.10436
      vertex 7.79423 -4.5 7.5
      vertex 7.79423 -4.5 8.10436
    endloop
  endfacet
  facet normal 0.849203 -0.528067 0
    outer loop
      vertex 7.79423 -4.5 7.5
      vertex 7.48323 -5.00013 8.10436
      vertex 7.48323 -5.00013 7.5
    endloop
  endfacet
  facet normal 0.849203 -0.528067 0
    outer loop
      vertex 7.48323 -5.00013 11.7844
      vertex 7.79423 -4.5 11.2156
      vertex 7.79423 -4.5 11.7844
    endloop
  endfacet
  facet normal 0.849203 -0.528067 0
    outer loop
      vertex 7.79423 -4.5 11.2156
      vertex 7.48323 -5.00013 11.7844
      vertex 7.48323 -5.00013 11.2156
    endloop
  endfacet
  facet normal 0.600631 -0.373515 -0.706915
    outer loop
      vertex 8.34551 -4.93422 14.1978
      vertex 14.2894 -8.25 21
      vertex 13.7192 -9.16691 21
    endloop
  endfacet
  facet normal 0.600636 -0.373506 -0.706915
    outer loop
      vertex 14.2894 -8.25 21
      vertex 8.34551 -4.93422 14.1978
      vertex 8.39856 -4.84891 14.1978
    endloop
  endfacet
  facet normal 0.600628 -0.37352 -0.706915
    outer loop
      vertex 13.7192 -9.16691 21
      vertex 8.22706 -5.12469 14.1978
      vertex 8.34551 -4.93422 14.1978
    endloop
  endfacet
  facet normal 0.600645 -0.373494 -0.706914
    outer loop
      vertex 8.06344 -5.38782 14.1978
      vertex 8.22706 -5.12469 14.1978
      vertex 13.7192 -9.16691 21
    endloop
  endfacet
  facet normal 0.84919 -0.528087 0
    outer loop
      vertex 13.7192 -9.16691 23
      vertex 14.2894 -8.25 21
      vertex 14.2894 -8.25 23
    endloop
  endfacet
  facet normal 0.84919 -0.528087 0
    outer loop
      vertex 14.2894 -8.25 21
      vertex 13.7192 -9.16691 23
      vertex 13.7192 -9.16691 21
    endloop
  endfacet
  facet normal 0.600604 -0.373464 -0.706965
    outer loop
      vertex 15.0688 -8.7 0
      vertex 15.5885 -9 0.599991
      vertex 14.9665 -10.0003 0.599991
    endloop
  endfacet
  facet normal 0.600635 -0.373456 -0.706943
    outer loop
      vertex 15.0688 -8.7 0
      vertex 14.9665 -10.0003 0.599991
      vertex 14.4676 -9.66692 0
    endloop
  endfacet
  facet normal 0.812832 -0.582498 0
    outer loop
      vertex 14.2804 -10.9577 3
      vertex 14.9665 -10.0003 0.599991
      vertex 14.9665 -10.0003 3
    endloop
  endfacet
  facet normal 0.812832 -0.582498 0
    outer loop
      vertex 14.9665 -10.0003 0.599991
      vertex 14.2804 -10.9577 3
      vertex 14.2804 -10.9577 0.599991
    endloop
  endfacet
  facet normal 0.363669 -0.260604 0.894332
    outer loop
      vertex 14.9665 -10.0003 3
      vertex 7.48323 -5.00013 7.5
      vertex 7.14018 -5.47885 7.5
    endloop
  endfacet
  facet normal 0.363664 -0.260612 0.894332
    outer loop
      vertex 14.2804 -10.9577 3
      vertex 14.9665 -10.0003 3
      vertex 7.14018 -5.47885 7.5
    endloop
  endfacet
  facet normal 0.812843 -0.582482 0
    outer loop
      vertex 7.14018 -5.47885 8.10436
      vertex 7.48323 -5.00013 7.5
      vertex 7.48323 -5.00013 8.10436
    endloop
  endfacet
  facet normal 0.812843 -0.582482 0
    outer loop
      vertex 7.48323 -5.00013 7.5
      vertex 7.14018 -5.47885 8.10436
      vertex 7.14018 -5.47885 7.5
    endloop
  endfacet
  facet normal 0.812843 -0.582482 0
    outer loop
      vertex 7.14018 -5.47885 11.7844
      vertex 7.48323 -5.00013 11.2156
      vertex 7.48323 -5.00013 11.7844
    endloop
  endfacet
  facet normal 0.812843 -0.582482 0
    outer loop
      vertex 7.48323 -5.00013 11.2156
      vertex 7.14018 -5.47885 11.7844
      vertex 7.14018 -5.47885 11.2156
    endloop
  endfacet
  facet normal 0.574939 -0.411967 -0.706915
    outer loop
      vertex 8.00492 -5.46948 14.1978
      vertex 13.7192 -9.16691 21
      vertex 13.0903 -10.0446 21
    endloop
  endfacet
  facet normal 0.574915 -0.412001 -0.706914
    outer loop
      vertex 13.7192 -9.16691 21
      vertex 8.00492 -5.46948 14.1978
      vertex 8.06344 -5.38782 14.1978
    endloop
  endfacet
  facet normal 0.574938 -0.411967 -0.706915
    outer loop
      vertex 13.0903 -10.0446 21
      vertex 7.87428 -5.6518 14.1978
      vertex 8.00492 -5.46948 14.1978
    endloop
  endfacet
  facet normal 0.574925 -0.411985 -0.706916
    outer loop
      vertex 7.87428 -5.6518 14.1978
      vertex 13.0903 -10.0446 21
      vertex 7.6938 -5.90366 14.1978
    endloop
  endfacet
  facet normal 0.812866 -0.582451 0
    outer loop
      vertex 13.0903 -10.0446 23
      vertex 13.7192 -9.16691 21
      vertex 13.7192 -9.16691 23
    endloop
  endfacet
  facet normal 0.812866 -0.582451 0
    outer loop
      vertex 13.7192 -9.16691 21
      vertex 13.0903 -10.0446 23
      vertex 13.0903 -10.0446 21
    endloop
  endfacet
  facet normal 0.574891 -0.411983 -0.706944
    outer loop
      vertex 14.4676 -9.66692 0
      vertex 14.9665 -10.0003 0.599991
      vertex 14.2804 -10.9577 0.599991
    endloop
  endfacet
  facet normal 0.574839 -0.411993 -0.706981
    outer loop
      vertex 14.4676 -9.66692 0
      vertex 14.2804 -10.9577 0.599991
      vertex 13.8043 -10.5924 0
    endloop
  endfacet
  facet normal 0.77298 -0.63443 0
    outer loop
      vertex 13.5331 -11.8682 3
      vertex 14.2804 -10.9577 0.599991
      vertex 14.2804 -10.9577 3
    endloop
  endfacet
  facet normal 0.77298 -0.63443 0
    outer loop
      vertex 14.2804 -10.9577 0.599991
      vertex 13.5331 -11.8682 3
      vertex 13.5331 -11.8682 0.599991
    endloop
  endfacet
  facet normal 0.345849 -0.283829 0.894332
    outer loop
      vertex 14.2804 -10.9577 3
      vertex 7.14018 -5.47885 7.5
      vertex 6.76656 -5.93411 7.5
    endloop
  endfacet
  facet normal 0.345836 -0.283848 0.894331
    outer loop
      vertex 13.5331 -11.8682 3
      vertex 14.2804 -10.9577 3
      vertex 6.76656 -5.93411 7.5
    endloop
  endfacet
  facet normal 0.773012 -0.634391 0
    outer loop
      vertex 6.76656 -5.93411 8.10436
      vertex 7.14018 -5.47885 7.5
      vertex 7.14018 -5.47885 8.10436
    endloop
  endfacet
  facet normal 0.773012 -0.634391 0
    outer loop
      vertex 7.14018 -5.47885 7.5
      vertex 6.76656 -5.93411 8.10436
      vertex 6.76656 -5.93411 7.5
    endloop
  endfacet
  facet normal 0.773012 -0.634391 0
    outer loop
      vertex 6.76656 -5.93411 11.7844
      vertex 7.14018 -5.47885 11.2156
      vertex 7.14018 -5.47885 11.7844
    endloop
  endfacet
  facet normal 0.773012 -0.634391 0
    outer loop
      vertex 7.14018 -5.47885 11.2156
      vertex 6.76656 -5.93411 11.7844
      vertex 6.76656 -5.93411 11.2156
    endloop
  endfacet
  facet normal 0.54676 -0.448689 -0.706917
    outer loop
      vertex 7.63006 -5.98131 14.1978
      vertex 13.0903 -10.0446 21
      vertex 12.4054 -10.8792 21
    endloop
  endfacet
  facet normal 0.5467 -0.448766 -0.706915
    outer loop
      vertex 13.0903 -10.0446 21
      vertex 7.63006 -5.98131 14.1978
      vertex 7.6938 -5.90366 14.1978
    endloop
  endfacet
  facet normal 0.546759 -0.44869 -0.706917
    outer loop
      vertex 12.4054 -10.8792 21
      vertex 7.48777 -6.1547 14.1978
      vertex 7.63006 -5.98131 14.1978
    endloop
  endfacet
  facet normal 0.546736 -0.448716 -0.706919
    outer loop
      vertex 7.48777 -6.1547 14.1978
      vertex 12.4054 -10.8792 21
      vertex 7.2912 -6.39421 14.1978
    endloop
  endfacet
  facet normal 0.773028 -0.634372 0
    outer loop
      vertex 12.4054 -10.8792 23
      vertex 13.0903 -10.0446 21
      vertex 13.0903 -10.0446 23
    endloop
  endfacet
  facet normal 0.773028 -0.634372 0
    outer loop
      vertex 13.0903 -10.0446 21
      vertex 12.4054 -10.8792 23
      vertex 12.4054 -10.8792 21
    endloop
  endfacet
  facet normal 0.546679 -0.448691 -0.706978
    outer loop
      vertex 13.8043 -10.5924 0
      vertex 14.2804 -10.9577 0.599991
      vertex 13.5331 -11.8682 0.599991
    endloop
  endfacet
  facet normal 0.546766 -0.448681 -0.706918
    outer loop
      vertex 13.8043 -10.5924 0
      vertex 13.5331 -11.8682 0.599991
      vertex 13.082 -11.4726 0
    endloop
  endfacet
  facet normal 0.729863 -0.683594 0
    outer loop
      vertex 12.7279 -12.7279 3
      vertex 13.5331 -11.8682 0.599991
      vertex 13.5331 -11.8682 3
    endloop
  endfacet
  facet normal 0.729863 -0.683594 0
    outer loop
      vertex 13.5331 -11.8682 0.599991
      vertex 12.7279 -12.7279 3
      vertex 12.7279 -12.7279 0.599991
    endloop
  endfacet
  facet normal 0.326545 -0.305844 0.894331
    outer loop
      vertex 6.76656 -5.93411 7.5
      vertex 12.7279 -12.7279 3
      vertex 13.5331 -11.8682 3
    endloop
  endfacet
  facet normal 0.326545 -0.305844 0.894331
    outer loop
      vertex 12.7279 -12.7279 3
      vertex 6.76656 -5.93411 7.5
      vertex 6.36396 -6.36396 7.5
    endloop
  endfacet
  facet normal 0.729863 -0.683594 0
    outer loop
      vertex 6.36396 -6.36396 8.10436
      vertex 6.76656 -5.93411 7.5
      vertex 6.76656 -5.93411 8.10436
    endloop
  endfacet
  facet normal 0.729863 -0.683594 0
    outer loop
      vertex 6.76656 -5.93411 7.5
      vertex 6.36396 -6.36396 8.10436
      vertex 6.36396 -6.36396 7.5
    endloop
  endfacet
  facet normal 0.729863 -0.683594 0
    outer loop
      vertex 6.36396 -6.36396 11.7844
      vertex 6.76656 -5.93411 11.2156
      vertex 6.76656 -5.93411 11.7844
    endloop
  endfacet
  facet normal 0.729863 -0.683594 0
    outer loop
      vertex 6.76656 -5.93411 11.2156
      vertex 6.36396 -6.36396 11.7844
      vertex 6.36396 -6.36396 11.2156
    endloop
  endfacet
  facet normal 0.516241 -0.483489 -0.706918
    outer loop
      vertex 7.22253 -6.46754 14.1978
      vertex 12.4054 -10.8792 21
      vertex 11.6673 -11.6673 21
    endloop
  endfacet
  facet normal 0.516267 -0.48346 -0.706919
    outer loop
      vertex 12.4054 -10.8792 21
      vertex 7.22253 -6.46754 14.1978
      vertex 7.2912 -6.39421 14.1978
    endloop
  endfacet
  facet normal 0.516215 -0.483514 -0.70692
    outer loop
      vertex 11.6673 -11.6673 21
      vertex 7.0692 -6.63124 14.1978
      vertex 7.22253 -6.46754 14.1978
    endloop
  endfacet
  facet normal 0.516231 -0.483498 -0.706919
    outer loop
      vertex 7.0692 -6.63124 14.1978
      vertex 11.6673 -11.6673 21
      vertex 6.85739 -6.85739 14.1978
    endloop
  endfacet
  facet normal 0.729881 -0.683574 0
    outer loop
      vertex 11.6673 -11.6673 23
      vertex 12.4054 -10.8792 21
      vertex 12.4054 -10.8792 23
    endloop
  endfacet
  facet normal 0.729881 -0.683574 0
    outer loop
      vertex 12.4054 -10.8792 21
      vertex 11.6673 -11.6673 23
      vertex 11.6673 -11.6673 21
    endloop
  endfacet
  facet normal 0.516229 -0.483503 -0.706918
    outer loop
      vertex 13.082 -11.4726 0
      vertex 13.5331 -11.8682 0.599991
      vertex 12.7279 -12.7279 0.599991
    endloop
  endfacet
  facet normal 0.5163 -0.483499 -0.706868
    outer loop
      vertex 13.082 -11.4726 0
      vertex 12.7279 -12.7279 0.599991
      vertex 12.3037 -12.3037 0
    endloop
  endfacet
  facet normal 0.683594 -0.729863 0
    outer loop
      vertex 11.8682 -13.5331 0.599991
      vertex 12.7279 -12.7279 3
      vertex 11.8682 -13.5331 3
    endloop
  endfacet
  facet normal 0.683594 -0.729863 0
    outer loop
      vertex 12.7279 -12.7279 3
      vertex 11.8682 -13.5331 0.599991
      vertex 12.7279 -12.7279 0.599991
    endloop
  endfacet
  facet normal 0.305844 -0.326545 0.894331
    outer loop
      vertex 6.36396 -6.36396 7.5
      vertex 11.8682 -13.5331 3
      vertex 12.7279 -12.7279 3
    endloop
  endfacet
  facet normal 0.305844 -0.326545 0.894331
    outer loop
      vertex 11.8682 -13.5331 3
      vertex 6.36396 -6.36396 7.5
      vertex 5.93411 -6.76656 7.5
    endloop
  endfacet
  facet normal 0.683594 -0.729863 0
    outer loop
      vertex 5.93411 -6.76656 7.5
      vertex 6.36396 -6.36396 8.10436
      vertex 5.93411 -6.76656 8.10436
    endloop
  endfacet
  facet normal 0.683594 -0.729863 0
    outer loop
      vertex 6.36396 -6.36396 8.10436
      vertex 5.93411 -6.76656 7.5
      vertex 6.36396 -6.36396 7.5
    endloop
  endfacet
  facet normal 0.683594 -0.729863 0
    outer loop
      vertex 5.93411 -6.76656 11.2156
      vertex 6.36396 -6.36396 11.7844
      vertex 5.93411 -6.76656 11.7844
    endloop
  endfacet
  facet normal 0.683594 -0.729863 0
    outer loop
      vertex 6.36396 -6.36396 11.7844
      vertex 5.93411 -6.76656 11.2156
      vertex 6.36396 -6.36396 11.2156
    endloop
  endfacet
  facet normal 0.483489 -0.516241 -0.706919
    outer loop
      vertex 6.78407 -6.92607 14.1978
      vertex 11.6673 -11.6673 21
      vertex 10.8792 -12.4054 21
    endloop
  endfacet
  facet normal 0.483531 -0.516199 -0.70692
    outer loop
      vertex 11.6673 -11.6673 21
      vertex 6.78407 -6.92607 14.1978
      vertex 6.85739 -6.85739 14.1978
    endloop
  endfacet
  facet normal 0.483482 -0.516246 -0.706919
    outer loop
      vertex 10.8792 -12.4054 21
      vertex 6.62036 -7.07939 14.1978
      vertex 6.78407 -6.92607 14.1978
    endloop
  endfacet
  facet normal 0.483498 -0.516232 -0.706918
    outer loop
      vertex 6.62036 -7.07939 14.1978
      vertex 10.8792 -12.4054 21
      vertex 6.39421 -7.2912 14.1978
    endloop
  endfacet
  facet normal 0.683574 -0.729881 0
    outer loop
      vertex 10.8792 -12.4054 21
      vertex 11.6673 -11.6673 23
      vertex 10.8792 -12.4054 23
    endloop
  endfacet
  facet normal 0.683574 -0.729881 0
    outer loop
      vertex 11.6673 -11.6673 23
      vertex 10.8792 -12.4054 21
      vertex 11.6673 -11.6673 21
    endloop
  endfacet
  facet normal 0.483536 -0.516264 -0.706869
    outer loop
      vertex 12.3037 -12.3037 0
      vertex 12.7279 -12.7279 0.599991
      vertex 11.8682 -13.5331 0.599991
    endloop
  endfacet
  facet normal 0.483465 -0.516263 -0.706919
    outer loop
      vertex 12.3037 -12.3037 0
      vertex 11.8682 -13.5331 0.599991
      vertex 11.4726 -13.082 0
    endloop
  endfacet
  facet normal 0.63443 -0.77298 0
    outer loop
      vertex 10.9577 -14.2804 0.599991
      vertex 11.8682 -13.5331 3
      vertex 10.9577 -14.2804 3
    endloop
  endfacet
  facet normal 0.63443 -0.77298 0
    outer loop
      vertex 11.8682 -13.5331 3
      vertex 10.9577 -14.2804 0.599991
      vertex 11.8682 -13.5331 0.599991
    endloop
  endfacet
  facet normal 0.283831 -0.345851 0.894331
    outer loop
      vertex 11.8682 -13.5331 3
      vertex 5.93411 -6.76656 7.5
      vertex 5.47885 -7.14018 7.5
    endloop
  endfacet
  facet normal 0.283847 -0.345835 0.894332
    outer loop
      vertex 10.9577 -14.2804 3
      vertex 11.8682 -13.5331 3
      vertex 5.47885 -7.14018 7.5
    endloop
  endfacet
  facet normal 0.634391 -0.773012 0
    outer loop
      vertex 5.47885 -7.14018 7.5
      vertex 5.93411 -6.76656 8.10436
      vertex 5.47885 -7.14018 8.10436
    endloop
  endfacet
  facet normal 0.634391 -0.773012 0
    outer loop
      vertex 5.93411 -6.76656 8.10436
      vertex 5.47885 -7.14018 7.5
      vertex 5.93411 -6.76656 7.5
    endloop
  endfacet
  facet normal 0.634391 -0.773012 0
    outer loop
      vertex 5.47885 -7.14018 11.2156
      vertex 5.93411 -6.76656 11.7844
      vertex 5.47885 -7.14018 11.7844
    endloop
  endfacet
  facet normal 0.634391 -0.773012 0
    outer loop
      vertex 5.93411 -6.76656 11.7844
      vertex 5.47885 -7.14018 11.2156
      vertex 5.93411 -6.76656 11.2156
    endloop
  endfacet
  facet normal 0.448689 -0.54676 -0.706917
    outer loop
      vertex 6.31656 -7.35494 14.1978
      vertex 10.8792 -12.4054 21
      vertex 10.0446 -13.0903 21
    endloop
  endfacet
  facet normal 0.448763 -0.546696 -0.70692
    outer loop
      vertex 10.8792 -12.4054 21
      vertex 6.31656 -7.35494 14.1978
      vertex 6.39421 -7.2912 14.1978
    endloop
  endfacet
  facet normal 0.44869 -0.546759 -0.706917
    outer loop
      vertex 10.0446 -13.0903 21
      vertex 6.14317 -7.49723 14.1978
      vertex 6.31656 -7.35494 14.1978
    endloop
  endfacet
  facet normal 0.448717 -0.546738 -0.706916
    outer loop
      vertex 6.14317 -7.49723 14.1978
      vertex 10.0446 -13.0903 21
      vertex 5.90366 -7.6938 14.1978
    endloop
  endfacet
  facet normal 0.634372 -0.773028 0
    outer loop
      vertex 10.0446 -13.0903 21
      vertex 10.8792 -12.4054 23
      vertex 10.0446 -13.0903 23
    endloop
  endfacet
  facet normal 0.634372 -0.773028 0
    outer loop
      vertex 10.8792 -12.4054 23
      vertex 10.0446 -13.0903 21
      vertex 10.8792 -12.4054 21
    endloop
  endfacet
  facet normal 0.448729 -0.546725 -0.706919
    outer loop
      vertex 11.4726 -13.082 0
      vertex 11.8682 -13.5331 0.599991
      vertex 10.9577 -14.2804 0.599991
    endloop
  endfacet
  facet normal 0.448642 -0.546718 -0.706979
    outer loop
      vertex 11.4726 -13.082 0
      vertex 10.9577 -14.2804 0.599991
      vertex 10.5924 -13.8043 0
    endloop
  endfacet
  facet normal 0.582498 -0.812832 0
    outer loop
      vertex 10.0003 -14.9665 0.599991
      vertex 10.9577 -14.2804 3
      vertex 10.0003 -14.9665 3
    endloop
  endfacet
  facet normal 0.582498 -0.812832 0
    outer loop
      vertex 10.9577 -14.2804 3
      vertex 10.0003 -14.9665 0.599991
      vertex 10.9577 -14.2804 0.599991
    endloop
  endfacet
  facet normal 0.260605 -0.363669 0.894332
    outer loop
      vertex 10.9577 -14.2804 3
      vertex 5.47885 -7.14018 7.5
      vertex 5.00013 -7.48323 7.5
    endloop
  endfacet
  facet normal 0.260612 -0.363664 0.894332
    outer loop
      vertex 10.0003 -14.9665 3
      vertex 10.9577 -14.2804 3
      vertex 5.00013 -7.48323 7.5
    endloop
  endfacet
  facet normal 0.582482 -0.812843 0
    outer loop
      vertex 5.00013 -7.48323 7.5
      vertex 5.47885 -7.14018 8.10436
      vertex 5.00013 -7.48323 8.10436
    endloop
  endfacet
  facet normal 0.582482 -0.812843 0
    outer loop
      vertex 5.47885 -7.14018 8.10436
      vertex 5.00013 -7.48323 7.5
      vertex 5.47885 -7.14018 7.5
    endloop
  endfacet
  facet normal 0.582482 -0.812843 0
    outer loop
      vertex 5.00013 -7.48323 11.2156
      vertex 5.47885 -7.14018 11.7844
      vertex 5.00013 -7.48323 11.7844
    endloop
  endfacet
  facet normal 0.582482 -0.812843 0
    outer loop
      vertex 5.47885 -7.14018 11.7844
      vertex 5.00013 -7.48323 11.2156
      vertex 5.47885 -7.14018 11.2156
    endloop
  endfacet
  facet normal 0.411966 -0.574938 -0.706916
    outer loop
      vertex 5.822 -7.75231 14.1978
      vertex 10.0446 -13.0903 21
      vertex 9.16691 -13.7192 21
    endloop
  endfacet
  facet normal 0.411954 -0.574947 -0.706915
    outer loop
      vertex 10.0446 -13.0903 21
      vertex 5.822 -7.75231 14.1978
      vertex 5.90366 -7.6938 14.1978
    endloop
  endfacet
  facet normal 0.411989 -0.574924 -0.706914
    outer loop
      vertex 9.16691 -13.7192 21
      vertex 5.63968 -7.88296 14.1978
      vertex 5.822 -7.75231 14.1978
    endloop
  endfacet
  facet normal 0.411985 -0.574926 -0.706914
    outer loop
      vertex 5.63968 -7.88296 14.1978
      vertex 9.16691 -13.7192 21
      vertex 5.38782 -8.06344 14.1978
    endloop
  endfacet
  facet normal 0.582451 -0.812866 0
    outer loop
      vertex 9.16691 -13.7192 21
      vertex 10.0446 -13.0903 23
      vertex 9.16691 -13.7192 23
    endloop
  endfacet
  facet normal 0.582451 -0.812866 0
    outer loop
      vertex 10.0446 -13.0903 23
      vertex 9.16691 -13.7192 21
      vertex 10.0446 -13.0903 21
    endloop
  endfacet
  facet normal 0.411962 -0.574862 -0.70698
    outer loop
      vertex 10.5924 -13.8043 0
      vertex 10.9577 -14.2804 0.599991
      vertex 10.0003 -14.9665 0.599991
    endloop
  endfacet
  facet normal 0.412014 -0.57487 -0.706944
    outer loop
      vertex 10.5924 -13.8043 0
      vertex 10.0003 -14.9665 0.599991
      vertex 9.66692 -14.4676 0
    endloop
  endfacet
  facet normal 0.528052 -0.849212 0
    outer loop
      vertex 9 -15.5885 0.599991
      vertex 10.0003 -14.9665 3
      vertex 9 -15.5885 3
    endloop
  endfacet
  facet normal 0.528052 -0.849212 0
    outer loop
      vertex 10.0003 -14.9665 3
      vertex 9 -15.5885 0.599991
      vertex 10.0003 -14.9665 0.599991
    endloop
  endfacet
  facet normal 0.236259 -0.379936 0.894332
    outer loop
      vertex 10.0003 -14.9665 3
      vertex 5.00013 -7.48323 7.5
      vertex 4.5 -7.79423 7.5
    endloop
  endfacet
  facet normal 0.236252 -0.379941 0.894332
    outer loop
      vertex 9 -15.5885 3
      vertex 10.0003 -14.9665 3
      vertex 4.5 -7.79423 7.5
    endloop
  endfacet
  facet normal 0.528067 -0.849203 0
    outer loop
      vertex 4.5 -7.79423 7.5
      vertex 5.00013 -7.48323 8.10436
      vertex 4.5 -7.79423 8.10436
    endloop
  endfacet
  facet normal 0.528067 -0.849203 0
    outer loop
      vertex 5.00013 -7.48323 8.10436
      vertex 4.5 -7.79423 7.5
      vertex 5.00013 -7.48323 7.5
    endloop
  endfacet
  facet normal 0.528067 -0.849203 0
    outer loop
      vertex 4.5 -7.79423 11.2156
      vertex 5.00013 -7.48323 11.7844
      vertex 4.5 -7.79423 11.7844
    endloop
  endfacet
  facet normal 0.528067 -0.849203 0
    outer loop
      vertex 5.00013 -7.48323 11.7844
      vertex 4.5 -7.79423 11.2156
      vertex 5.00013 -7.48323 11.2156
    endloop
  endfacet
  facet normal 0.373515 -0.600631 -0.706915
    outer loop
      vertex 5.30251 -8.11649 14.1978
      vertex 9.16691 -13.7192 21
      vertex 8.25 -14.2894 21
    endloop
  endfacet
  facet normal 0.373506 -0.600637 -0.706914
    outer loop
      vertex 9.16691 -13.7192 21
      vertex 5.30251 -8.11649 14.1978
      vertex 5.38782 -8.06344 14.1978
    endloop
  endfacet
  facet normal 0.373482 -0.600649 -0.706917
    outer loop
      vertex 8.25 -14.2894 21
      vertex 5.11203 -8.23493 14.1978
      vertex 5.30251 -8.11649 14.1978
    endloop
  endfacet
  facet normal 0.37352 -0.600628 -0.706915
    outer loop
      vertex 5.11203 -8.23493 14.1978
      vertex 8.25 -14.2894 21
      vertex 4.84891 -8.39856 14.1978
    endloop
  endfacet
  facet normal 0.528087 -0.84919 0
    outer loop
      vertex 8.25 -14.2894 21
      vertex 9.16691 -13.7192 23
      vertex 8.25 -14.2894 23
    endloop
  endfacet
  facet normal 0.528087 -0.84919 0
    outer loop
      vertex 9.16691 -13.7192 23
      vertex 8.25 -14.2894 21
      vertex 9.16691 -13.7192 21
    endloop
  endfacet
  facet normal 0.373475 -0.600622 -0.706943
    outer loop
      vertex 9.66692 -14.4676 0
      vertex 10.0003 -14.9665 0.599991
      vertex 9 -15.5885 0.599991
    endloop
  endfacet
  facet normal 0.373444 -0.600616 -0.706966
    outer loop
      vertex 9.66692 -14.4676 0
      vertex 9 -15.5885 0.599991
      vertex 8.7 -15.0688 0
    endloop
  endfacet
  facet normal 0.471364 -0.881939 0
    outer loop
      vertex 7.9612 -16.1437 0.599991
      vertex 9 -15.5885 3
      vertex 7.9612 -16.1437 3
    endloop
  endfacet
  facet normal 0.471364 -0.881939 0
    outer loop
      vertex 9 -15.5885 3
      vertex 7.9612 -16.1437 0.599991
      vertex 9 -15.5885 0.599991
    endloop
  endfacet
  facet normal 0.210902 -0.394577 0.894332
    outer loop
      vertex 9 -15.5885 3
      vertex 4.5 -7.79423 7.5
      vertex 3.9806 -8.07185 7.5
    endloop
  endfacet
  facet normal 0.21089 -0.394584 0.894332
    outer loop
      vertex 7.9612 -16.1437 3
      vertex 9 -15.5885 3
      vertex 3.9806 -8.07185 7.5
    endloop
  endfacet
  facet normal 0.47139 -0.881925 0
    outer loop
      vertex 3.9806 -8.07185 7.5
      vertex 4.5 -7.79423 8.10436
      vertex 3.9806 -8.07185 8.10436
    endloop
  endfacet
  facet normal 0.47139 -0.881925 0
    outer loop
      vertex 4.5 -7.79423 8.10436
      vertex 3.9806 -8.07185 7.5
      vertex 4.5 -7.79423 7.5
    endloop
  endfacet
  facet normal 0.47139 -0.881925 0
    outer loop
      vertex 3.9806 -8.07185 11.2156
      vertex 4.5 -7.79423 11.7844
      vertex 3.9806 -8.07185 11.7844
    endloop
  endfacet
  facet normal 0.47139 -0.881925 0
    outer loop
      vertex 4.5 -7.79423 11.7844
      vertex 3.9806 -8.07185 11.2156
      vertex 4.5 -7.79423 11.2156
    endloop
  endfacet
  facet normal 0.333426 -0.623776 -0.706916
    outer loop
      vertex 4.76031 -8.44591 14.1978
      vertex 8.25 -14.2894 21
      vertex 7.29776 -14.7984 21
    endloop
  endfacet
  facet normal 0.333376 -0.623804 -0.706915
    outer loop
      vertex 8.25 -14.2894 21
      vertex 4.76031 -8.44591 14.1978
      vertex 4.84891 -8.39856 14.1978
    endloop
  endfacet
  facet normal 0.333439 -0.62377 -0.706915
    outer loop
      vertex 7.29776 -14.7984 21
      vertex 4.5625 -8.55165 14.1978
      vertex 4.76031 -8.44591 14.1978
    endloop
  endfacet
  facet normal 0.333407 -0.623786 -0.706917
    outer loop
      vertex 4.5625 -8.55165 14.1978
      vertex 7.29776 -14.7984 21
      vertex 4.28923 -8.69771 14.1978
    endloop
  endfacet
  facet normal 0.471409 -0.881915 0
    outer loop
      vertex 7.29776 -14.7984 21
      vertex 8.25 -14.2894 23
      vertex 7.29776 -14.7984 23
    endloop
  endfacet
  facet normal 0.471409 -0.881915 0
    outer loop
      vertex 8.25 -14.2894 23
      vertex 7.29776 -14.7984 21
      vertex 8.25 -14.2894 21
    endloop
  endfacet
  facet normal 0.333371 -0.623749 -0.706966
    outer loop
      vertex 8.7 -15.0688 0
      vertex 9 -15.5885 0.599991
      vertex 7.9612 -16.1437 0.599991
    endloop
  endfacet
  facet normal 0.333446 -0.62377 -0.706912
    outer loop
      vertex 8.7 -15.0688 0
      vertex 7.9612 -16.1437 0.599991
      vertex 7.69582 -15.6056 0
    endloop
  endfacet
  facet normal 0.41269 -0.910872 0
    outer loop
      vertex 6.8883 -16.6298 0.599991
      vertex 7.9612 -16.1437 3
      vertex 6.8883 -16.6298 3
    endloop
  endfacet
  facet normal 0.41269 -0.910872 0
    outer loop
      vertex 7.9612 -16.1437 3
      vertex 6.8883 -16.6298 0.599991
      vertex 7.9612 -16.1437 0.599991
    endloop
  endfacet
  facet normal 0.18464 -0.407529 0.894331
    outer loop
      vertex 3.9806 -8.07185 7.5
      vertex 6.8883 -16.6298 3
      vertex 7.9612 -16.1437 3
    endloop
  endfacet
  facet normal 0.184653 -0.407524 0.894331
    outer loop
      vertex 6.8883 -16.6298 3
      vertex 3.9806 -8.07185 7.5
      vertex 3.44415 -8.31492 7.5
    endloop
  endfacet
  facet normal 0.412718 -0.910859 0
    outer loop
      vertex 3.44415 -8.31492 7.5
      vertex 3.9806 -8.07185 8.10436
      vertex 3.44415 -8.31492 8.10436
    endloop
  endfacet
  facet normal 0.412718 -0.910859 0
    outer loop
      vertex 3.9806 -8.07185 8.10436
      vertex 3.44415 -8.31492 7.5
      vertex 3.9806 -8.07185 7.5
    endloop
  endfacet
  facet normal 0.412718 -0.910859 0
    outer loop
      vertex 3.44415 -8.31492 11.2156
      vertex 3.9806 -8.07185 11.7844
      vertex 3.44415 -8.31492 11.7844
    endloop
  endfacet
  facet normal 0.412718 -0.910859 0
    outer loop
      vertex 3.9806 -8.07185 11.7844
      vertex 3.44415 -8.31492 11.2156
      vertex 3.9806 -8.07185 11.2156
    endloop
  endfacet
  facet normal 0.291902 -0.644254 -0.706916
    outer loop
      vertex 3.99342 -8.83174 14.1978
      vertex 7.29776 -14.7984 21
      vertex 6.31428 -15.244 21
    endloop
  endfacet
  facet normal 0.291907 -0.644251 -0.706916
    outer loop
      vertex 7.29776 -14.7984 21
      vertex 3.99342 -8.83174 14.1978
      vertex 4.28923 -8.69771 14.1978
    endloop
  endfacet
  facet normal 0.291894 -0.644257 -0.706917
    outer loop
      vertex 3.99342 -8.83174 14.1978
      vertex 6.31428 -15.244 21
      vertex 3.71119 -8.95961 14.1978
    endloop
  endfacet
  facet normal 0.4127 -0.910867 0
    outer loop
      vertex 6.31428 -15.244 21
      vertex 7.29776 -14.7984 23
      vertex 6.31428 -15.244 23
    endloop
  endfacet
  facet normal 0.4127 -0.910867 0
    outer loop
      vertex 7.29776 -14.7984 23
      vertex 6.31428 -15.244 21
      vertex 7.29776 -14.7984 21
    endloop
  endfacet
  facet normal 0.291896 -0.644261 -0.706911
    outer loop
      vertex 7.69582 -15.6056 0
      vertex 7.9612 -16.1437 0.599991
      vertex 6.8883 -16.6298 0.599991
    endloop
  endfacet
  facet normal 0.291901 -0.644263 -0.706908
    outer loop
      vertex 7.69582 -15.6056 0
      vertex 6.8883 -16.6298 0.599991
      vertex 6.65869 -16.0755 0
    endloop
  endfacet
  facet normal 0.352242 -0.935909 0
    outer loop
      vertex 5.78591 -17.0447 0.599991
      vertex 6.8883 -16.6298 3
      vertex 5.78591 -17.0447 3
    endloop
  endfacet
  facet normal 0.352242 -0.935909 0
    outer loop
      vertex 6.8883 -16.6298 3
      vertex 5.78591 -17.0447 0.599991
      vertex 6.8883 -16.6298 0.599991
    endloop
  endfacet
  facet normal 0.157594 -0.418732 0.894331
    outer loop
      vertex 6.8883 -16.6298 3
      vertex 3.44415 -8.31492 7.5
      vertex 2.89295 -8.52237 7.5
    endloop
  endfacet
  facet normal 0.157596 -0.418732 0.894331
    outer loop
      vertex 5.78591 -17.0447 3
      vertex 6.8883 -16.6298 3
      vertex 2.89295 -8.52237 7.5
    endloop
  endfacet
  facet normal 0.35224 -0.93591 0
    outer loop
      vertex 2.89295 -8.52237 7.5
      vertex 3.44415 -8.31492 8.10436
      vertex 2.89295 -8.52237 8.10436
    endloop
  endfacet
  facet normal 0.35224 -0.93591 0
    outer loop
      vertex 3.44415 -8.31492 8.10436
      vertex 2.89295 -8.52237 7.5
      vertex 3.44415 -8.31492 7.5
    endloop
  endfacet
  facet normal 0.35224 -0.93591 0
    outer loop
      vertex 2.89295 -8.52237 11.2156
      vertex 3.44415 -8.31492 11.7844
      vertex 2.89295 -8.52237 11.7844
    endloop
  endfacet
  facet normal 0.35224 -0.93591 0
    outer loop
      vertex 3.44415 -8.31492 11.7844
      vertex 2.89295 -8.52237 11.2156
      vertex 3.44415 -8.31492 11.2156
    endloop
  endfacet
  facet normal 0.249125 -0.661972 -0.706916
    outer loop
      vertex 3.61717 -8.995 14.1978
      vertex 6.31428 -15.244 21
      vertex 5.30375 -15.6243 21
    endloop
  endfacet
  facet normal 0.249166 -0.661955 -0.706917
    outer loop
      vertex 6.31428 -15.244 21
      vertex 3.61717 -8.995 14.1978
      vertex 3.71119 -8.95961 14.1978
    endloop
  endfacet
  facet normal 0.249151 -0.661964 -0.706914
    outer loop
      vertex 5.30375 -15.6243 21
      vertex 3.40725 -9.07401 14.1978
      vertex 3.61717 -8.995 14.1978
    endloop
  endfacet
  facet normal 0.249137 -0.661969 -0.706915
    outer loop
      vertex 3.40725 -9.07401 14.1978
      vertex 5.30375 -15.6243 21
      vertex 3.11726 -9.18315 14.1978
    endloop
  endfacet
  facet normal 0.35222 -0.935917 0
    outer loop
      vertex 5.30375 -15.6243 21
      vertex 6.31428 -15.244 23
      vertex 5.30375 -15.6243 23
    endloop
  endfacet
  facet normal 0.35222 -0.935917 0
    outer loop
      vertex 6.31428 -15.244 23
      vertex 5.30375 -15.6243 21
      vertex 6.31428 -15.244 21
    endloop
  endfacet
  facet normal 0.249143 -0.661974 -0.706907
    outer loop
      vertex 6.65869 -16.0755 0
      vertex 6.8883 -16.6298 0.599991
      vertex 5.78591 -17.0447 0.599991
    endloop
  endfacet
  facet normal 0.249164 -0.661983 -0.706892
    outer loop
      vertex 6.65869 -16.0755 0
      vertex 5.78591 -17.0447 0.599991
      vertex 5.59304 -16.4766 0
    endloop
  endfacet
  facet normal 0.290344 -0.956922 0
    outer loop
      vertex 4.65874 -17.3867 0.599991
      vertex 5.78591 -17.0447 3
      vertex 4.65874 -17.3867 3
    endloop
  endfacet
  facet normal 0.290344 -0.956922 0
    outer loop
      vertex 5.78591 -17.0447 3
      vertex 4.65874 -17.3867 0.599991
      vertex 5.78591 -17.0447 0.599991
    endloop
  endfacet
  facet normal 0.129875 -0.428142 0.894331
    outer loop
      vertex 5.78591 -17.0447 3
      vertex 2.89295 -8.52237 7.5
      vertex 2.32937 -8.69333 7.5
    endloop
  endfacet
  facet normal 0.129901 -0.428131 0.894332
    outer loop
      vertex 4.65874 -17.3867 3
      vertex 5.78591 -17.0447 3
      vertex 2.32937 -8.69333 7.5
    endloop
  endfacet
  facet normal 0.290284 -0.95694 0
    outer loop
      vertex 2.32937 -8.69333 7.5
      vertex 2.89295 -8.52237 8.10436
      vertex 2.32937 -8.69333 8.10436
    endloop
  endfacet
  facet normal 0.290284 -0.95694 0
    outer loop
      vertex 2.89295 -8.52237 8.10436
      vertex 2.32937 -8.69333 7.5
      vertex 2.89295 -8.52237 7.5
    endloop
  endfacet
  facet normal 0.290284 -0.95694 0
    outer loop
      vertex 2.32937 -8.69333 11.2156
      vertex 2.89295 -8.52237 11.7844
      vertex 2.32937 -8.69333 11.7844
    endloop
  endfacet
  facet normal 0.290284 -0.95694 0
    outer loop
      vertex 2.89295 -8.52237 11.7844
      vertex 2.32937 -8.69333 11.2156
      vertex 2.89295 -8.52237 11.2156
    endloop
  endfacet
  facet normal 0.20536 -0.67683 -0.706915
    outer loop
      vertex 3.02113 -9.21232 14.1978
      vertex 5.30375 -15.6243 21
      vertex 4.27051 -15.9378 21
    endloop
  endfacet
  facet normal 0.205378 -0.676824 -0.706915
    outer loop
      vertex 5.30375 -15.6243 21
      vertex 3.02113 -9.21232 14.1978
      vertex 3.11726 -9.18315 14.1978
    endloop
  endfacet
  facet normal 0.205316 -0.67684 -0.706918
    outer loop
      vertex 4.27051 -15.9378 21
      vertex 2.80649 -9.27743 14.1978
      vertex 3.02113 -9.21232 14.1978
    endloop
  endfacet
  facet normal 0.205306 -0.676843 -0.706918
    outer loop
      vertex 2.80649 -9.27743 14.1978
      vertex 4.27051 -15.9378 21
      vertex 2.50998 -9.36737 14.1978
    endloop
  endfacet
  facet normal 0.290344 -0.956922 0
    outer loop
      vertex 4.27051 -15.9378 21
      vertex 5.30375 -15.6243 23
      vertex 4.27051 -15.9378 23
    endloop
  endfacet
  facet normal 0.290344 -0.956922 0
    outer loop
      vertex 5.30375 -15.6243 23
      vertex 4.27051 -15.9378 21
      vertex 5.30375 -15.6243 21
    endloop
  endfacet
  facet normal 0.205367 -0.676852 -0.706892
    outer loop
      vertex 5.59304 -16.4766 0
      vertex 5.78591 -17.0447 0.599991
      vertex 4.65874 -17.3867 0.599991
    endloop
  endfacet
  facet normal 0.205295 -0.676815 -0.706948
    outer loop
      vertex 5.59304 -16.4766 0
      vertex 4.65874 -17.3867 0.599991
      vertex 4.50345 -16.8071 0
    endloop
  endfacet
  facet normal 0.227021 -0.97389 0
    outer loop
      vertex 3.51163 -17.6541 0.599991
      vertex 4.65874 -17.3867 3
      vertex 3.51163 -17.6541 3
    endloop
  endfacet
  facet normal 0.227021 -0.97389 0
    outer loop
      vertex 4.65874 -17.3867 3
      vertex 3.51163 -17.6541 0.599991
      vertex 4.65874 -17.3867 0.599991
    endloop
  endfacet
  facet normal 0.101598 -0.435715 0.894332
    outer loop
      vertex 4.65874 -17.3867 3
      vertex 2.32937 -8.69333 7.5
      vertex 1.75581 -8.82707 7.5
    endloop
  endfacet
  facet normal 0.101571 -0.435724 0.894331
    outer loop
      vertex 3.51163 -17.6541 3
      vertex 4.65874 -17.3867 3
      vertex 1.75581 -8.82707 7.5
    endloop
  endfacet
  facet normal 0.227084 -0.973875 0
    outer loop
      vertex 1.75581 -8.82707 7.5
      vertex 2.32937 -8.69333 8.10436
      vertex 1.75581 -8.82707 8.10436
    endloop
  endfacet
  facet normal 0.227084 -0.973875 0
    outer loop
      vertex 2.32937 -8.69333 8.10436
      vertex 1.75581 -8.82707 7.5
      vertex 2.32937 -8.69333 7.5
    endloop
  endfacet
  facet normal 0.227084 -0.973875 0
    outer loop
      vertex 1.75581 -8.82707 11.2156
      vertex 2.32937 -8.69333 11.7844
      vertex 1.75581 -8.82707 11.7844
    endloop
  endfacet
  facet normal 0.227084 -0.973875 0
    outer loop
      vertex 2.32937 -8.69333 11.7844
      vertex 1.75581 -8.82707 11.2156
      vertex 2.32937 -8.69333 11.2156
    endloop
  endfacet
  facet normal 0.160622 -0.688816 -0.706918
    outer loop
      vertex 2.41214 -9.39018 14.1978
      vertex 4.27051 -15.9378 21
      vertex 3.21899 -16.183 21
    endloop
  endfacet
  facet normal 0.16059 -0.688824 -0.706917
    outer loop
      vertex 4.27051 -15.9378 21
      vertex 2.41214 -9.39018 14.1978
      vertex 2.50998 -9.36737 14.1978
    endloop
  endfacet
  facet normal 0.160631 -0.688814 -0.706918
    outer loop
      vertex 3.21899 -16.183 21
      vertex 2.1937 -9.44112 14.1978
      vertex 2.41214 -9.39018 14.1978
    endloop
  endfacet
  facet normal 0.160614 -0.688817 -0.706918
    outer loop
      vertex 2.1937 -9.44112 14.1978
      vertex 3.21899 -16.183 21
      vertex 1.89195 -9.51148 14.1978
    endloop
  endfacet
  facet normal 0.227094 -0.973873 0
    outer loop
      vertex 3.21899 -16.183 21
      vertex 4.27051 -15.9378 23
      vertex 3.21899 -16.183 23
    endloop
  endfacet
  facet normal 0.227094 -0.973873 0
    outer loop
      vertex 4.27051 -15.9378 23
      vertex 3.21899 -16.183 21
      vertex 4.27051 -15.9378 21
    endloop
  endfacet
  facet normal 0.160564 -0.688799 -0.706947
    outer loop
      vertex 4.50345 -16.8071 0
      vertex 4.65874 -17.3867 0.599991
      vertex 3.51163 -17.6541 0.599991
    endloop
  endfacet
  facet normal 0.160645 -0.688847 -0.706882
    outer loop
      vertex 4.50345 -16.8071 0
      vertex 3.51163 -17.6541 0.599991
      vertex 3.39457 -17.0657 0
    endloop
  endfacet
  facet normal 0.162917 -0.98664 0
    outer loop
      vertex 2.34947 -17.846 0.599991
      vertex 3.51163 -17.6541 3
      vertex 2.34947 -17.846 3
    endloop
  endfacet
  facet normal 0.162917 -0.98664 0
    outer loop
      vertex 3.51163 -17.6541 3
      vertex 2.34947 -17.846 0.599991
      vertex 3.51163 -17.6541 0.599991
    endloop
  endfacet
  facet normal 0.0728768 -0.441432 0.894331
    outer loop
      vertex 3.51163 -17.6541 3
      vertex 1.75581 -8.82707 7.5
      vertex 1.17474 -8.923 7.5
    endloop
  endfacet
  facet normal 0.0728902 -0.441428 0.894331
    outer loop
      vertex 2.34947 -17.846 3
      vertex 3.51163 -17.6541 3
      vertex 1.17474 -8.923 7.5
    endloop
  endfacet
  facet normal 0.162887 -0.986645 0
    outer loop
      vertex 1.17474 -8.923 7.5
      vertex 1.75581 -8.82707 8.10436
      vertex 1.17474 -8.923 8.10436
    endloop
  endfacet
  facet normal 0.162887 -0.986645 0
    outer loop
      vertex 1.75581 -8.82707 8.10436
      vertex 1.17474 -8.923 7.5
      vertex 1.75581 -8.82707 7.5
    endloop
  endfacet
  facet normal 0.162887 -0.986645 0
    outer loop
      vertex 1.17474 -8.923 11.2156
      vertex 1.75581 -8.82707 11.7844
      vertex 1.17474 -8.923 11.7844
    endloop
  endfacet
  facet normal 0.162887 -0.986645 0
    outer loop
      vertex 1.75581 -8.82707 11.7844
      vertex 1.17474 -8.923 11.2156
      vertex 1.75581 -8.82707 11.2156
    endloop
  endfacet
  facet normal 0.115162 -0.697858 -0.706917
    outer loop
      vertex 1.79283 -9.52784 14.1978
      vertex 3.21899 -16.183 21
      vertex 2.15368 -16.3588 21
    endloop
  endfacet
  facet normal 0.115182 -0.697854 -0.706918
    outer loop
      vertex 3.21899 -16.183 21
      vertex 1.79283 -9.52784 14.1978
      vertex 1.89195 -9.51148 14.1978
    endloop
  endfacet
  facet normal 0.115226 -0.697851 -0.706914
    outer loop
      vertex 2.15368 -16.3588 21
      vertex 1.57153 -9.56438 14.1978
      vertex 1.79283 -9.52784 14.1978
    endloop
  endfacet
  facet normal 0.115209 -0.697853 -0.706915
    outer loop
      vertex 2.15368 -16.3588 21
      vertex 1.26582 -9.61485 14.1978
      vertex 1.57153 -9.56438 14.1978
    endloop
  endfacet
  facet normal 0.16282 -0.986656 0
    outer loop
      vertex 2.15368 -16.3588 21
      vertex 3.21899 -16.183 23
      vertex 2.15368 -16.3588 23
    endloop
  endfacet
  facet normal 0.16282 -0.986656 0
    outer loop
      vertex 3.21899 -16.183 23
      vertex 2.15368 -16.3588 21
      vertex 3.21899 -16.183 21
    endloop
  endfacet
  facet normal 0.115237 -0.697881 -0.706882
    outer loop
      vertex 3.39457 -17.0657 0
      vertex 3.51163 -17.6541 0.599991
      vertex 2.34947 -17.846 0.599991
    endloop
  endfacet
  facet normal 0.115164 -0.697831 -0.706943
    outer loop
      vertex 3.39457 -17.0657 0
      vertex 2.34947 -17.846 0.599991
      vertex 2.27115 -17.2511 0
    endloop
  endfacet
  facet normal 0.098057 -0.995181 0
    outer loop
      vertex 1.17726 -17.9615 0.599991
      vertex 2.34947 -17.846 3
      vertex 1.17726 -17.9615 3
    endloop
  endfacet
  facet normal 0.098057 -0.995181 0
    outer loop
      vertex 2.34947 -17.846 3
      vertex 1.17726 -17.9615 0.599991
      vertex 2.34947 -17.846 0.599991
    endloop
  endfacet
  facet normal 0.0438557 -0.445251 0.894331
    outer loop
      vertex 2.34947 -17.846 3
      vertex 1.17474 -8.923 7.5
      vertex 0.588628 -8.98073 7.5
    endloop
  endfacet
  facet normal 0.0438711 -0.445248 0.894332
    outer loop
      vertex 1.17726 -17.9615 3
      vertex 2.34947 -17.846 3
      vertex 0.588628 -8.98073 7.5
    endloop
  endfacet
  facet normal 0.0980222 -0.995184 0
    outer loop
      vertex 0.588628 -8.98073 7.5
      vertex 1.17474 -8.923 8.10436
      vertex 0.588628 -8.98073 8.10436
    endloop
  endfacet
  facet normal 0.0980222 -0.995184 0
    outer loop
      vertex 1.17474 -8.923 8.10436
      vertex 0.588628 -8.98073 7.5
      vertex 1.17474 -8.923 7.5
    endloop
  endfacet
  facet normal 0.0980222 -0.995184 0
    outer loop
      vertex 0.588628 -8.98073 11.2156
      vertex 1.17474 -8.923 11.7844
      vertex 0.588628 -8.98073 11.7844
    endloop
  endfacet
  facet normal 0.0980222 -0.995184 0
    outer loop
      vertex 1.17474 -8.923 11.7844
      vertex 0.588628 -8.98073 11.2156
      vertex 1.17474 -8.923 11.2156
    endloop
  endfacet
  facet normal 0.0693471 -0.703891 -0.706915
    outer loop
      vertex 2.15368 -16.3588 21
      vertex 1.16584 -9.6247 14.1978
      vertex 1.26582 -9.61485 14.1978
    endloop
  endfacet
  facet normal 0.0693715 -0.703888 -0.706915
    outer loop
      vertex 1.16584 -9.6247 14.1978
      vertex 2.15368 -16.3588 21
      vertex 1.07915 -16.4647 21
    endloop
  endfacet
  facet normal 0.0693118 -0.70389 -0.706919
    outer loop
      vertex 1.07915 -16.4647 21
      vertex 0.942624 -9.64668 14.1978
      vertex 1.16584 -9.6247 14.1978
    endloop
  endfacet
  facet normal 0.0693259 -0.70389 -0.706918
    outer loop
      vertex 1.07915 -16.4647 21
      vertex 0.634267 -9.67705 14.1978
      vertex 0.942624 -9.64668 14.1978
    endloop
  endfacet
  facet normal 0.0980795 -0.995179 0
    outer loop
      vertex 1.07915 -16.4647 21
      vertex 2.15368 -16.3588 23
      vertex 1.07915 -16.4647 23
    endloop
  endfacet
  facet normal 0.0980795 -0.995179 0
    outer loop
      vertex 2.15368 -16.3588 23
      vertex 1.07915 -16.4647 21
      vertex 2.15368 -16.3588 21
    endloop
  endfacet
  facet normal 0.0693528 -0.703862 -0.706943
    outer loop
      vertex 2.27115 -17.2511 0
      vertex 2.34947 -17.846 0.599991
      vertex 1.17726 -17.9615 0.599991
    endloop
  endfacet
  facet normal 0.0693189 -0.703835 -0.706973
    outer loop
      vertex 2.27115 -17.2511 0
      vertex 1.17726 -17.9615 0.599991
      vertex 1.13801 -17.3627 0
    endloop
  endfacet
  facet normal 0.0326856 -0.999466 0
    outer loop
      vertex 0 -18 0.599991
      vertex 1.17726 -17.9615 3
      vertex 0 -18 3
    endloop
  endfacet
  facet normal 0.0326856 -0.999466 0
    outer loop
      vertex 1.17726 -17.9615 3
      vertex 0 -18 0.599991
      vertex 1.17726 -17.9615 0.599991
    endloop
  endfacet
  facet normal 0.0146389 -0.447164 0.894332
    outer loop
      vertex 0 -9 7.5
      vertex 1.17726 -17.9615 3
      vertex 0.588628 -8.98073 7.5
    endloop
  endfacet
  facet normal 0.0146237 -0.447166 0.894332
    outer loop
      vertex 1.17726 -17.9615 3
      vertex 0 -9 7.5
      vertex 0 -18 3
    endloop
  endfacet
  facet normal 0.0327196 -0.999465 0
    outer loop
      vertex 0 -9 7.5
      vertex 0.588628 -8.98073 8.10436
      vertex 0 -9 8.10436
    endloop
  endfacet
  facet normal 0.0327196 -0.999465 0
    outer loop
      vertex 0.588628 -8.98073 8.10436
      vertex 0 -9 7.5
      vertex 0.588628 -8.98073 7.5
    endloop
  endfacet
  facet normal 0.0327196 -0.999465 0
    outer loop
      vertex 0 -9 11.2156
      vertex 0.588628 -8.98073 11.7844
      vertex 0 -9 11.7844
    endloop
  endfacet
  facet normal 0.0327196 -0.999465 0
    outer loop
      vertex 0.588628 -8.98073 11.7844
      vertex 0 -9 11.2156
      vertex 0.588628 -8.98073 11.2156
    endloop
  endfacet
  facet normal 0.0231239 -0.706918 -0.706918
    outer loop
      vertex 0.533861 -9.68034 14.1978
      vertex 1.07915 -16.4647 21
      vertex 0 -16.5 21
    endloop
  endfacet
  facet normal 0.0231635 -0.706916 -0.706918
    outer loop
      vertex 1.07915 -16.4647 21
      vertex 0.533861 -9.68034 14.1978
      vertex 0.634267 -9.67705 14.1978
    endloop
  endfacet
  facet normal 0.0231467 -0.706918 -0.706916
    outer loop
      vertex 0.309683 -9.68768 14.1978
      vertex 0 -16.5 21
      vertex 0 -9.69782 14.1978
    endloop
  endfacet
  facet normal 0.0231458 -0.706918 -0.706916
    outer loop
      vertex 0 -16.5 21
      vertex 0.309683 -9.68768 14.1978
      vertex 0.533861 -9.68034 14.1978
    endloop
  endfacet
  facet normal 0.0326934 -0.999465 0
    outer loop
      vertex 0 -16.5 21
      vertex 1.07915 -16.4647 23
      vertex 0 -16.5 23
    endloop
  endfacet
  facet normal 0.0326934 -0.999465 0
    outer loop
      vertex 1.07915 -16.4647 23
      vertex 0 -16.5 21
      vertex 1.07915 -16.4647 21
    endloop
  endfacet
  facet normal 0.0231166 -0.706863 -0.706972
    outer loop
      vertex 1.13801 -17.3627 0
      vertex 1.17726 -17.9615 0.599991
      vertex 0 -18 0.599991
    endloop
  endfacet
  facet normal 0.0231701 -0.706912 -0.706922
    outer loop
      vertex 0 -17.4 0
      vertex 1.13801 -17.3627 0
      vertex 0 -18 0.599991
    endloop
  endfacet
  facet normal -0.0326856 -0.999466 0
    outer loop
      vertex -1.17726 -17.9615 0.599991
      vertex 0 -18 3
      vertex -1.17726 -17.9615 3
    endloop
  endfacet
  facet normal -0.0326856 -0.999466 -0
    outer loop
      vertex 0 -18 3
      vertex -1.17726 -17.9615 0.599991
      vertex 0 -18 0.599991
    endloop
  endfacet
  facet normal -0.0146389 -0.447166 0.894331
    outer loop
      vertex -0.588628 -8.98073 7.5
      vertex 0 -18 3
      vertex 0 -9 7.5
    endloop
  endfacet
  facet normal -0.0146237 -0.447165 0.894332
    outer loop
      vertex 0 -18 3
      vertex -0.588628 -8.98073 7.5
      vertex -1.17726 -17.9615 3
    endloop
  endfacet
  facet normal -0.0327196 -0.999465 0
    outer loop
      vertex -0.588628 -8.98073 7.5
      vertex 0 -9 8.10436
      vertex -0.588628 -8.98073 8.10436
    endloop
  endfacet
  facet normal -0.0327196 -0.999465 -0
    outer loop
      vertex 0 -9 8.10436
      vertex -0.588628 -8.98073 7.5
      vertex 0 -9 7.5
    endloop
  endfacet
  facet normal -0.0327196 -0.999465 0
    outer loop
      vertex -0.588628 -8.98073 11.2156
      vertex 0 -9 11.7844
      vertex -0.588628 -8.98073 11.7844
    endloop
  endfacet
  facet normal -0.0327196 -0.999465 -0
    outer loop
      vertex 0 -9 11.7844
      vertex -0.588628 -8.98073 11.2156
      vertex 0 -9 11.2156
    endloop
  endfacet
  facet normal -0.023124 -0.706918 -0.706917
    outer loop
      vertex -0.100407 -9.69453 14.1978
      vertex 0 -16.5 21
      vertex -1.07915 -16.4647 21
    endloop
  endfacet
  facet normal -0.0231633 -0.706918 -0.706916
    outer loop
      vertex 0 -16.5 21
      vertex -0.100407 -9.69453 14.1978
      vertex 0 -9.69782 14.1978
    endloop
  endfacet
  facet normal -0.0231468 -0.706916 -0.706918
    outer loop
      vertex -0.324585 -9.68719 14.1978
      vertex -1.07915 -16.4647 21
      vertex -0.634267 -9.67705 14.1978
    endloop
  endfacet
  facet normal -0.0231457 -0.706917 -0.706918
    outer loop
      vertex -1.07915 -16.4647 21
      vertex -0.324585 -9.68719 14.1978
      vertex -0.100407 -9.69453 14.1978
    endloop
  endfacet
  facet normal -0.0326934 -0.999465 0
    outer loop
      vertex -1.07915 -16.4647 21
      vertex 0 -16.5 23
      vertex -1.07915 -16.4647 23
    endloop
  endfacet
  facet normal -0.0326934 -0.999465 -0
    outer loop
      vertex 0 -16.5 23
      vertex -1.07915 -16.4647 21
      vertex 0 -16.5 21
    endloop
  endfacet
  facet normal -0.0231182 -0.706912 -0.706923
    outer loop
      vertex 0 -17.4 0
      vertex 0 -18 0.599991
      vertex -1.17726 -17.9615 0.599991
    endloop
  endfacet
  facet normal -0.0231684 -0.706861 -0.706973
    outer loop
      vertex -1.13801 -17.3627 0
      vertex 0 -17.4 0
      vertex -1.17726 -17.9615 0.599991
    endloop
  endfacet
  facet normal -0.098057 -0.995181 0
    outer loop
      vertex -2.34947 -17.846 0.599991
      vertex -1.17726 -17.9615 3
      vertex -2.34947 -17.846 3
    endloop
  endfacet
  facet normal -0.098057 -0.995181 -0
    outer loop
      vertex -1.17726 -17.9615 3
      vertex -2.34947 -17.846 0.599991
      vertex -1.17726 -17.9615 0.599991
    endloop
  endfacet
  facet normal -0.0438555 -0.445249 0.894332
    outer loop
      vertex -0.588628 -8.98073 7.5
      vertex -1.17474 -8.923 7.5
      vertex -1.17726 -17.9615 3
    endloop
  endfacet
  facet normal -0.0438712 -0.445249 0.894332
    outer loop
      vertex -1.17726 -17.9615 3
      vertex -1.17474 -8.923 7.5
      vertex -2.34947 -17.846 3
    endloop
  endfacet
  facet normal -0.0980222 -0.995184 0
    outer loop
      vertex -1.17474 -8.923 7.5
      vertex -0.588628 -8.98073 8.10436
      vertex -1.17474 -8.923 8.10436
    endloop
  endfacet
  facet normal -0.0980222 -0.995184 -0
    outer loop
      vertex -0.588628 -8.98073 8.10436
      vertex -1.17474 -8.923 7.5
      vertex -0.588628 -8.98073 7.5
    endloop
  endfacet
  facet normal -0.0980222 -0.995184 0
    outer loop
      vertex -1.17474 -8.923 11.2156
      vertex -0.588628 -8.98073 11.7844
      vertex -1.17474 -8.923 11.7844
    endloop
  endfacet
  facet normal -0.0980222 -0.995184 -0
    outer loop
      vertex -0.588628 -8.98073 11.7844
      vertex -1.17474 -8.923 11.2156
      vertex -0.588628 -8.98073 11.2156
    endloop
  endfacet
  facet normal -0.0692791 -0.703894 -0.706919
    outer loop
      vertex -1.07915 -16.4647 21
      vertex -0.734244 -9.66721 14.1978
      vertex -0.634267 -9.67705 14.1978
    endloop
  endfacet
  facet normal -0.0693713 -0.703887 -0.706917
    outer loop
      vertex -0.734244 -9.66721 14.1978
      vertex -1.07915 -16.4647 21
      vertex -2.15368 -16.3588 21
    endloop
  endfacet
  facet normal -0.0693428 -0.703891 -0.706915
    outer loop
      vertex -2.15368 -16.3588 21
      vertex -0.957462 -9.64522 14.1978
      vertex -0.734244 -9.66721 14.1978
    endloop
  endfacet
  facet normal -0.069326 -0.703893 -0.706914
    outer loop
      vertex -0.957462 -9.64522 14.1978
      vertex -2.15368 -16.3588 21
      vertex -1.26582 -9.61485 14.1978
    endloop
  endfacet
  facet normal -0.0980795 -0.995179 0
    outer loop
      vertex -2.15368 -16.3588 21
      vertex -1.07915 -16.4647 23
      vertex -2.15368 -16.3588 23
    endloop
  endfacet
  facet normal -0.0980795 -0.995179 -0
    outer loop
      vertex -1.07915 -16.4647 23
      vertex -2.15368 -16.3588 21
      vertex -1.07915 -16.4647 21
    endloop
  endfacet
  facet normal -0.0693499 -0.703833 -0.706972
    outer loop
      vertex -1.13801 -17.3627 0
      vertex -1.17726 -17.9615 0.599991
      vertex -2.34947 -17.846 0.599991
    endloop
  endfacet
  facet normal -0.0693219 -0.703866 -0.706942
    outer loop
      vertex -2.27115 -17.2511 0
      vertex -1.13801 -17.3627 0
      vertex -2.34947 -17.846 0.599991
    endloop
  endfacet
  facet normal -0.162917 -0.98664 0
    outer loop
      vertex -3.51163 -17.6541 0.599991
      vertex -2.34947 -17.846 3
      vertex -3.51163 -17.6541 3
    endloop
  endfacet
  facet normal -0.162917 -0.98664 -0
    outer loop
      vertex -2.34947 -17.846 3
      vertex -3.51163 -17.6541 0.599991
      vertex -2.34947 -17.846 0.599991
    endloop
  endfacet
  facet normal -0.0728766 -0.44143 0.894331
    outer loop
      vertex -1.17474 -8.923 7.5
      vertex -1.75581 -8.82707 7.5
      vertex -2.34947 -17.846 3
    endloop
  endfacet
  facet normal -0.0728903 -0.441429 0.894331
    outer loop
      vertex -2.34947 -17.846 3
      vertex -1.75581 -8.82707 7.5
      vertex -3.51163 -17.6541 3
    endloop
  endfacet
  facet normal -0.162887 -0.986645 0
    outer loop
      vertex -1.75581 -8.82707 7.5
      vertex -1.17474 -8.923 8.10436
      vertex -1.75581 -8.82707 8.10436
    endloop
  endfacet
  facet normal -0.162887 -0.986645 -0
    outer loop
      vertex -1.17474 -8.923 8.10436
      vertex -1.75581 -8.82707 7.5
      vertex -1.17474 -8.923 7.5
    endloop
  endfacet
  facet normal -0.162887 -0.986645 0
    outer loop
      vertex -1.75581 -8.82707 11.2156
      vertex -1.17474 -8.923 11.7844
      vertex -1.75581 -8.82707 11.7844
    endloop
  endfacet
  facet normal -0.162887 -0.986645 -0
    outer loop
      vertex -1.17474 -8.923 11.7844
      vertex -1.75581 -8.82707 11.2156
      vertex -1.17474 -8.923 11.2156
    endloop
  endfacet
  facet normal -0.115183 -0.697857 -0.706915
    outer loop
      vertex -2.15368 -16.3588 21
      vertex -1.36494 -9.59849 14.1978
      vertex -1.26582 -9.61485 14.1978
    endloop
  endfacet
  facet normal -0.115162 -0.69786 -0.706916
    outer loop
      vertex -1.36494 -9.59849 14.1978
      vertex -2.15368 -16.3588 21
      vertex -3.21899 -16.183 21
    endloop
  endfacet
  facet normal -0.115225 -0.697846 -0.706919
    outer loop
      vertex -3.21899 -16.183 21
      vertex -1.58624 -9.56195 14.1978
      vertex -1.36494 -9.59849 14.1978
    endloop
  endfacet
  facet normal -0.115209 -0.697849 -0.706918
    outer loop
      vertex -1.58624 -9.56195 14.1978
      vertex -3.21899 -16.183 21
      vertex -1.89195 -9.51148 14.1978
    endloop
  endfacet
  facet normal -0.16282 -0.986656 0
    outer loop
      vertex -3.21899 -16.183 21
      vertex -2.15368 -16.3588 23
      vertex -3.21899 -16.183 23
    endloop
  endfacet
  facet normal -0.16282 -0.986656 -0
    outer loop
      vertex -2.15368 -16.3588 23
      vertex -3.21899 -16.183 21
      vertex -2.15368 -16.3588 21
    endloop
  endfacet
  facet normal -0.115227 -0.697822 -0.706942
    outer loop
      vertex -2.27115 -17.2511 0
      vertex -2.34947 -17.846 0.599991
      vertex -3.51163 -17.6541 0.599991
    endloop
  endfacet
  facet normal -0.115174 -0.697893 -0.706881
    outer loop
      vertex -3.39457 -17.0657 0
      vertex -2.27115 -17.2511 0
      vertex -3.51163 -17.6541 0.599991
    endloop
  endfacet
  facet normal -0.227021 -0.97389 0
    outer loop
      vertex -4.65874 -17.3867 0.599991
      vertex -3.51163 -17.6541 3
      vertex -4.65874 -17.3867 3
    endloop
  endfacet
  facet normal -0.227021 -0.97389 -0
    outer loop
      vertex -3.51163 -17.6541 3
      vertex -4.65874 -17.3867 0.599991
      vertex -3.51163 -17.6541 0.599991
    endloop
  endfacet
  facet normal -0.101599 -0.435718 0.894331
    outer loop
      vertex -1.75581 -8.82707 7.5
      vertex -2.32937 -8.69333 7.5
      vertex -3.51163 -17.6541 3
    endloop
  endfacet
  facet normal -0.10157 -0.435723 0.894332
    outer loop
      vertex -3.51163 -17.6541 3
      vertex -2.32937 -8.69333 7.5
      vertex -4.65874 -17.3867 3
    endloop
  endfacet
  facet normal -0.227084 -0.973875 0
    outer loop
      vertex -2.32937 -8.69333 7.5
      vertex -1.75581 -8.82707 8.10436
      vertex -2.32937 -8.69333 8.10436
    endloop
  endfacet
  facet normal -0.227084 -0.973875 -0
    outer loop
      vertex -1.75581 -8.82707 8.10436
      vertex -2.32937 -8.69333 7.5
      vertex -1.75581 -8.82707 7.5
    endloop
  endfacet
  facet normal -0.227084 -0.973875 0
    outer loop
      vertex -2.32937 -8.69333 11.2156
      vertex -1.75581 -8.82707 11.7844
      vertex -2.32937 -8.69333 11.7844
    endloop
  endfacet
  facet normal -0.227084 -0.973875 -0
    outer loop
      vertex -1.75581 -8.82707 11.7844
      vertex -2.32937 -8.69333 11.2156
      vertex -1.75581 -8.82707 11.2156
    endloop
  endfacet
  facet normal -0.160656 -0.688808 -0.706918
    outer loop
      vertex -3.21899 -16.183 21
      vertex -1.98979 -9.48866 14.1978
      vertex -1.89195 -9.51148 14.1978
    endloop
  endfacet
  facet normal -0.160622 -0.688815 -0.706919
    outer loop
      vertex -1.98979 -9.48866 14.1978
      vertex -3.21899 -16.183 21
      vertex -4.27051 -15.9378 21
    endloop
  endfacet
  facet normal -0.160608 -0.68882 -0.706918
    outer loop
      vertex -4.27051 -15.9378 21
      vertex -2.20822 -9.43773 14.1978
      vertex -1.98979 -9.48866 14.1978
    endloop
  endfacet
  facet normal -0.160609 -0.688819 -0.706918
    outer loop
      vertex -2.20822 -9.43773 14.1978
      vertex -4.27051 -15.9378 21
      vertex -2.50998 -9.36737 14.1978
    endloop
  endfacet
  facet normal -0.227094 -0.973873 0
    outer loop
      vertex -4.27051 -15.9378 21
      vertex -3.21899 -16.183 23
      vertex -4.27051 -15.9378 23
    endloop
  endfacet
  facet normal -0.227094 -0.973873 -0
    outer loop
      vertex -3.21899 -16.183 23
      vertex -4.27051 -15.9378 21
      vertex -3.21899 -16.183 21
    endloop
  endfacet
  facet normal -0.160579 -0.688862 -0.706883
    outer loop
      vertex -3.39457 -17.0657 0
      vertex -3.51163 -17.6541 0.599991
      vertex -4.65874 -17.3867 0.599991
    endloop
  endfacet
  facet normal -0.16063 -0.688783 -0.706949
    outer loop
      vertex -4.50345 -16.8071 0
      vertex -3.39457 -17.0657 0
      vertex -4.65874 -17.3867 0.599991
    endloop
  endfacet
  facet normal -0.290344 -0.956922 0
    outer loop
      vertex -5.78591 -17.0447 0.599991
      vertex -4.65874 -17.3867 3
      vertex -5.78591 -17.0447 3
    endloop
  endfacet
  facet normal -0.290344 -0.956922 -0
    outer loop
      vertex -4.65874 -17.3867 3
      vertex -5.78591 -17.0447 0.599991
      vertex -4.65874 -17.3867 0.599991
    endloop
  endfacet
  facet normal -0.129874 -0.428139 0.894332
    outer loop
      vertex -2.32937 -8.69333 7.5
      vertex -2.89295 -8.52237 7.5
      vertex -4.65874 -17.3867 3
    endloop
  endfacet
  facet normal -0.129902 -0.428133 0.894331
    outer loop
      vertex -4.65874 -17.3867 3
      vertex -2.89295 -8.52237 7.5
      vertex -5.78591 -17.0447 3
    endloop
  endfacet
  facet normal -0.290284 -0.95694 0
    outer loop
      vertex -2.89295 -8.52237 7.5
      vertex -2.32937 -8.69333 8.10436
      vertex -2.89295 -8.52237 8.10436
    endloop
  endfacet
  facet normal -0.290284 -0.95694 -0
    outer loop
      vertex -2.32937 -8.69333 8.10436
      vertex -2.89295 -8.52237 7.5
      vertex -2.32937 -8.69333 7.5
    endloop
  endfacet
  facet normal -0.290284 -0.95694 0
    outer loop
      vertex -2.89295 -8.52237 11.2156
      vertex -2.32937 -8.69333 11.7844
      vertex -2.89295 -8.52237 11.7844
    endloop
  endfacet
  facet normal -0.290284 -0.95694 -0
    outer loop
      vertex -2.32937 -8.69333 11.7844
      vertex -2.89295 -8.52237 11.2156
      vertex -2.32937 -8.69333 11.2156
    endloop
  endfacet
  facet normal -0.205312 -0.676841 -0.706918
    outer loop
      vertex -4.27051 -15.9378 21
      vertex -2.60611 -9.33821 14.1978
      vertex -2.50998 -9.36737 14.1978
    endloop
  endfacet
  facet normal -0.205359 -0.676828 -0.706917
    outer loop
      vertex -2.60611 -9.33821 14.1978
      vertex -4.27051 -15.9378 21
      vertex -5.30375 -15.6243 21
    endloop
  endfacet
  facet normal -0.205328 -0.67684 -0.706915
    outer loop
      vertex -2.82075 -9.2731 14.1978
      vertex -5.30375 -15.6243 21
      vertex -3.11726 -9.18315 14.1978
    endloop
  endfacet
  facet normal -0.205317 -0.676844 -0.706914
    outer loop
      vertex -5.30375 -15.6243 21
      vertex -2.82075 -9.2731 14.1978
      vertex -2.60611 -9.33821 14.1978
    endloop
  endfacet
  facet normal -0.290344 -0.956922 0
    outer loop
      vertex -5.30375 -15.6243 21
      vertex -4.27051 -15.9378 23
      vertex -5.30375 -15.6243 23
    endloop
  endfacet
  facet normal -0.290344 -0.956922 -0
    outer loop
      vertex -4.27051 -15.9378 23
      vertex -5.30375 -15.6243 21
      vertex -4.27051 -15.9378 21
    endloop
  endfacet
  facet normal -0.205351 -0.676799 -0.706947
    outer loop
      vertex -4.50345 -16.8071 0
      vertex -4.65874 -17.3867 0.599991
      vertex -5.78591 -17.0447 0.599991
    endloop
  endfacet
  facet normal -0.205312 -0.67687 -0.706891
    outer loop
      vertex -5.59304 -16.4766 0
      vertex -4.50345 -16.8071 0
      vertex -5.78591 -17.0447 0.599991
    endloop
  endfacet
  facet normal -0.352242 -0.935909 0
    outer loop
      vertex -6.8883 -16.6298 0.599991
      vertex -5.78591 -17.0447 3
      vertex -6.8883 -16.6298 3
    endloop
  endfacet
  facet normal -0.352242 -0.935909 -0
    outer loop
      vertex -5.78591 -17.0447 3
      vertex -6.8883 -16.6298 0.599991
      vertex -5.78591 -17.0447 0.599991
    endloop
  endfacet
  facet normal -0.157594 -0.418732 0.894331
    outer loop
      vertex -2.89295 -8.52237 7.5
      vertex -3.44415 -8.31492 7.5
      vertex -5.78591 -17.0447 3
    endloop
  endfacet
  facet normal -0.157596 -0.418732 0.894331
    outer loop
      vertex -5.78591 -17.0447 3
      vertex -3.44415 -8.31492 7.5
      vertex -6.8883 -16.6298 3
    endloop
  endfacet
  facet normal -0.35224 -0.93591 0
    outer loop
      vertex -3.44415 -8.31492 7.5
      vertex -2.89295 -8.52237 8.10436
      vertex -3.44415 -8.31492 8.10436
    endloop
  endfacet
  facet normal -0.35224 -0.93591 -0
    outer loop
      vertex -2.89295 -8.52237 8.10436
      vertex -3.44415 -8.31492 7.5
      vertex -2.89295 -8.52237 7.5
    endloop
  endfacet
  facet normal -0.35224 -0.93591 0
    outer loop
      vertex -3.44415 -8.31492 11.2156
      vertex -2.89295 -8.52237 11.7844
      vertex -3.44415 -8.31492 11.7844
    endloop
  endfacet
  facet normal -0.35224 -0.93591 -0
    outer loop
      vertex -2.89295 -8.52237 11.7844
      vertex -3.44415 -8.31492 11.2156
      vertex -2.89295 -8.52237 11.2156
    endloop
  endfacet
  facet normal -0.249105 -0.66198 -0.706915
    outer loop
      vertex -5.30375 -15.6243 21
      vertex -3.21128 -9.14777 14.1978
      vertex -3.11726 -9.18315 14.1978
    endloop
  endfacet
  facet normal -0.249125 -0.661973 -0.706915
    outer loop
      vertex -3.21128 -9.14777 14.1978
      vertex -5.30375 -15.6243 21
      vertex -6.31428 -15.244 21
    endloop
  endfacet
  facet normal -0.249156 -0.661959 -0.706916
    outer loop
      vertex -3.4212 -9.06876 14.1978
      vertex -6.31428 -15.244 21
      vertex -3.71119 -8.95961 14.1978
    endloop
  endfacet
  facet normal -0.24915 -0.661962 -0.706916
    outer loop
      vertex -6.31428 -15.244 21
      vertex -3.4212 -9.06876 14.1978
      vertex -3.21128 -9.14777 14.1978
    endloop
  endfacet
  facet normal -0.35222 -0.935917 0
    outer loop
      vertex -6.31428 -15.244 21
      vertex -5.30375 -15.6243 23
      vertex -6.31428 -15.244 23
    endloop
  endfacet
  facet normal -0.35222 -0.935917 -0
    outer loop
      vertex -5.30375 -15.6243 23
      vertex -6.31428 -15.244 21
      vertex -5.30375 -15.6243 21
    endloop
  endfacet
  facet normal -0.249149 -0.661988 -0.706892
    outer loop
      vertex -5.59304 -16.4766 0
      vertex -5.78591 -17.0447 0.599991
      vertex -6.8883 -16.6298 0.599991
    endloop
  endfacet
  facet normal -0.249158 -0.661968 -0.706908
    outer loop
      vertex -6.65869 -16.0755 0
      vertex -5.59304 -16.4766 0
      vertex -6.8883 -16.6298 0.599991
    endloop
  endfacet
  facet normal -0.41269 -0.910872 0
    outer loop
      vertex -7.9612 -16.1437 0.599991
      vertex -6.8883 -16.6298 3
      vertex -7.9612 -16.1437 3
    endloop
  endfacet
  facet normal -0.41269 -0.910872 -0
    outer loop
      vertex -6.8883 -16.6298 3
      vertex -7.9612 -16.1437 0.599991
      vertex -6.8883 -16.6298 0.599991
    endloop
  endfacet
  facet normal -0.184653 -0.407524 0.894331
    outer loop
      vertex -3.9806 -8.07185 7.5
      vertex -6.8883 -16.6298 3
      vertex -3.44415 -8.31492 7.5
    endloop
  endfacet
  facet normal -0.18464 -0.407529 0.894331
    outer loop
      vertex -6.8883 -16.6298 3
      vertex -3.9806 -8.07185 7.5
      vertex -7.9612 -16.1437 3
    endloop
  endfacet
  facet normal -0.412718 -0.910859 0
    outer loop
      vertex -3.9806 -8.07185 7.5
      vertex -3.44415 -8.31492 8.10436
      vertex -3.9806 -8.07185 8.10436
    endloop
  endfacet
  facet normal -0.412718 -0.910859 -0
    outer loop
      vertex -3.44415 -8.31492 8.10436
      vertex -3.9806 -8.07185 7.5
      vertex -3.44415 -8.31492 7.5
    endloop
  endfacet
  facet normal -0.412718 -0.910859 0
    outer loop
      vertex -3.9806 -8.07185 11.2156
      vertex -3.44415 -8.31492 11.7844
      vertex -3.9806 -8.07185 11.7844
    endloop
  endfacet
  facet normal -0.412718 -0.910859 -0
    outer loop
      vertex -3.44415 -8.31492 11.7844
      vertex -3.9806 -8.07185 11.2156
      vertex -3.44415 -8.31492 11.2156
    endloop
  endfacet
  facet normal -0.291907 -0.644251 -0.706916
    outer loop
      vertex -6.31428 -15.244 21
      vertex -4.007 -8.82558 14.1978
      vertex -3.71119 -8.95961 14.1978
    endloop
  endfacet
  facet normal -0.291902 -0.644253 -0.706917
    outer loop
      vertex -7.29776 -14.7984 21
      vertex -4.007 -8.82558 14.1978
      vertex -6.31428 -15.244 21
    endloop
  endfacet
  facet normal -0.291894 -0.644257 -0.706916
    outer loop
      vertex -4.007 -8.82558 14.1978
      vertex -7.29776 -14.7984 21
      vertex -4.28923 -8.69771 14.1978
    endloop
  endfacet
  facet normal -0.4127 -0.910867 0
    outer loop
      vertex -7.29776 -14.7984 21
      vertex -6.31428 -15.244 23
      vertex -7.29776 -14.7984 23
    endloop
  endfacet
  facet normal -0.4127 -0.910867 -0
    outer loop
      vertex -6.31428 -15.244 23
      vertex -7.29776 -14.7984 21
      vertex -6.31428 -15.244 21
    endloop
  endfacet
  facet normal -0.291898 -0.644265 -0.706908
    outer loop
      vertex -6.65869 -16.0755 0
      vertex -6.8883 -16.6298 0.599991
      vertex -7.9612 -16.1437 0.599991
    endloop
  endfacet
  facet normal -0.291899 -0.64426 -0.706912
    outer loop
      vertex -7.69582 -15.6056 0
      vertex -6.65869 -16.0755 0
      vertex -7.9612 -16.1437 0.599991
    endloop
  endfacet
  facet normal -0.471364 -0.881939 0
    outer loop
      vertex -9 -15.5885 0.599991
      vertex -7.9612 -16.1437 3
      vertex -9 -15.5885 3
    endloop
  endfacet
  facet normal -0.471364 -0.881939 -0
    outer loop
      vertex -7.9612 -16.1437 3
      vertex -9 -15.5885 0.599991
      vertex -7.9612 -16.1437 0.599991
    endloop
  endfacet
  facet normal -0.210902 -0.394578 0.894331
    outer loop
      vertex -3.9806 -8.07185 7.5
      vertex -4.5 -7.79423 7.5
      vertex -7.9612 -16.1437 3
    endloop
  endfacet
  facet normal -0.21089 -0.394583 0.894332
    outer loop
      vertex -7.9612 -16.1437 3
      vertex -4.5 -7.79423 7.5
      vertex -9 -15.5885 3
    endloop
  endfacet
  facet normal -0.47139 -0.881925 0
    outer loop
      vertex -4.5 -7.79423 7.5
      vertex -3.9806 -8.07185 8.10436
      vertex -4.5 -7.79423 8.10436
    endloop
  endfacet
  facet normal -0.47139 -0.881925 -0
    outer loop
      vertex -3.9806 -8.07185 8.10436
      vertex -4.5 -7.79423 7.5
      vertex -3.9806 -8.07185 7.5
    endloop
  endfacet
  facet normal -0.47139 -0.881925 0
    outer loop
      vertex -4.5 -7.79423 11.2156
      vertex -3.9806 -8.07185 11.7844
      vertex -4.5 -7.79423 11.7844
    endloop
  endfacet
  facet normal -0.47139 -0.881925 -0
    outer loop
      vertex -3.9806 -8.07185 11.7844
      vertex -4.5 -7.79423 11.2156
      vertex -3.9806 -8.07185 11.2156
    endloop
  endfacet
  facet normal -0.33343 -0.623774 -0.706916
    outer loop
      vertex -7.29776 -14.7984 21
      vertex -4.37783 -8.65035 14.1978
      vertex -4.28923 -8.69771 14.1978
    endloop
  endfacet
  facet normal -0.333426 -0.623776 -0.706916
    outer loop
      vertex -4.37783 -8.65035 14.1978
      vertex -7.29776 -14.7984 21
      vertex -8.25 -14.2894 21
    endloop
  endfacet
  facet normal -0.333417 -0.623782 -0.706915
    outer loop
      vertex -4.57565 -8.54462 14.1978
      vertex -8.25 -14.2894 21
      vertex -4.84891 -8.39856 14.1978
    endloop
  endfacet
  facet normal -0.333401 -0.623791 -0.706915
    outer loop
      vertex -8.25 -14.2894 21
      vertex -4.57565 -8.54462 14.1978
      vertex -4.37783 -8.65035 14.1978
    endloop
  endfacet
  facet normal -0.471409 -0.881915 0
    outer loop
      vertex -8.25 -14.2894 21
      vertex -7.29776 -14.7984 23
      vertex -8.25 -14.2894 23
    endloop
  endfacet
  facet normal -0.471409 -0.881915 -0
    outer loop
      vertex -7.29776 -14.7984 23
      vertex -8.25 -14.2894 21
      vertex -7.29776 -14.7984 21
    endloop
  endfacet
  facet normal -0.333396 -0.623796 -0.706913
    outer loop
      vertex -7.69582 -15.6056 0
      vertex -7.9612 -16.1437 0.599991
      vertex -9 -15.5885 0.599991
    endloop
  endfacet
  facet normal -0.33342 -0.623721 -0.706967
    outer loop
      vertex -8.7 -15.0688 0
      vertex -7.69582 -15.6056 0
      vertex -9 -15.5885 0.599991
    endloop
  endfacet
  facet normal -0.528052 -0.849212 0
    outer loop
      vertex -10.0003 -14.9665 0.599991
      vertex -9 -15.5885 3
      vertex -10.0003 -14.9665 3
    endloop
  endfacet
  facet normal -0.528052 -0.849212 -0
    outer loop
      vertex -9 -15.5885 3
      vertex -10.0003 -14.9665 0.599991
      vertex -9 -15.5885 0.599991
    endloop
  endfacet
  facet normal -0.236259 -0.379937 0.894332
    outer loop
      vertex -4.5 -7.79423 7.5
      vertex -5.00013 -7.48323 7.5
      vertex -9 -15.5885 3
    endloop
  endfacet
  facet normal -0.236252 -0.37994 0.894332
    outer loop
      vertex -9 -15.5885 3
      vertex -5.00013 -7.48323 7.5
      vertex -10.0003 -14.9665 3
    endloop
  endfacet
  facet normal -0.528067 -0.849203 0
    outer loop
      vertex -5.00013 -7.48323 7.5
      vertex -4.5 -7.79423 8.10436
      vertex -5.00013 -7.48323 8.10436
    endloop
  endfacet
  facet normal -0.528067 -0.849203 -0
    outer loop
      vertex -4.5 -7.79423 8.10436
      vertex -5.00013 -7.48323 7.5
      vertex -4.5 -7.79423 7.5
    endloop
  endfacet
  facet normal -0.528067 -0.849203 0
    outer loop
      vertex -5.00013 -7.48323 11.2156
      vertex -4.5 -7.79423 11.7844
      vertex -5.00013 -7.48323 11.7844
    endloop
  endfacet
  facet normal -0.528067 -0.849203 -0
    outer loop
      vertex -4.5 -7.79423 11.7844
      vertex -5.00013 -7.48323 11.2156
      vertex -4.5 -7.79423 11.2156
    endloop
  endfacet
  facet normal -0.373506 -0.600636 -0.706915
    outer loop
      vertex -8.25 -14.2894 21
      vertex -4.93422 -8.34551 14.1978
      vertex -4.84891 -8.39856 14.1978
    endloop
  endfacet
  facet normal -0.373515 -0.600631 -0.706915
    outer loop
      vertex -4.93422 -8.34551 14.1978
      vertex -8.25 -14.2894 21
      vertex -9.16691 -13.7192 21
    endloop
  endfacet
  facet normal -0.373494 -0.600645 -0.706914
    outer loop
      vertex -5.12469 -8.22706 14.1978
      vertex -9.16691 -13.7192 21
      vertex -5.38782 -8.06344 14.1978
    endloop
  endfacet
  facet normal -0.37352 -0.600628 -0.706915
    outer loop
      vertex -9.16691 -13.7192 21
      vertex -5.12469 -8.22706 14.1978
      vertex -4.93422 -8.34551 14.1978
    endloop
  endfacet
  facet normal -0.528087 -0.84919 0
    outer loop
      vertex -9.16691 -13.7192 21
      vertex -8.25 -14.2894 23
      vertex -9.16691 -13.7192 23
    endloop
  endfacet
  facet normal -0.528087 -0.84919 -0
    outer loop
      vertex -8.25 -14.2894 23
      vertex -9.16691 -13.7192 21
      vertex -8.25 -14.2894 21
    endloop
  endfacet
  facet normal -0.373464 -0.600604 -0.706965
    outer loop
      vertex -8.7 -15.0688 0
      vertex -9 -15.5885 0.599991
      vertex -10.0003 -14.9665 0.599991
    endloop
  endfacet
  facet normal -0.373456 -0.600635 -0.706943
    outer loop
      vertex -9.66692 -14.4676 0
      vertex -8.7 -15.0688 0
      vertex -10.0003 -14.9665 0.599991
    endloop
  endfacet
  facet normal -0.582498 -0.812832 0
    outer loop
      vertex -10.9577 -14.2804 0.599991
      vertex -10.0003 -14.9665 3
      vertex -10.9577 -14.2804 3
    endloop
  endfacet
  facet normal -0.582498 -0.812832 -0
    outer loop
      vertex -10.0003 -14.9665 3
      vertex -10.9577 -14.2804 0.599991
      vertex -10.0003 -14.9665 0.599991
    endloop
  endfacet
  facet normal -0.260604 -0.363669 0.894332
    outer loop
      vertex -5.00013 -7.48323 7.5
      vertex -5.47885 -7.14018 7.5
      vertex -10.0003 -14.9665 3
    endloop
  endfacet
  facet normal -0.260612 -0.363664 0.894332
    outer loop
      vertex -10.0003 -14.9665 3
      vertex -5.47885 -7.14018 7.5
      vertex -10.9577 -14.2804 3
    endloop
  endfacet
  facet normal -0.582482 -0.812843 0
    outer loop
      vertex -5.47885 -7.14018 7.5
      vertex -5.00013 -7.48323 8.10436
      vertex -5.47885 -7.14018 8.10436
    endloop
  endfacet
  facet normal -0.582482 -0.812843 -0
    outer loop
      vertex -5.00013 -7.48323 8.10436
      vertex -5.47885 -7.14018 7.5
      vertex -5.00013 -7.48323 7.5
    endloop
  endfacet
  facet normal -0.582482 -0.812843 0
    outer loop
      vertex -5.47885 -7.14018 11.2156
      vertex -5.00013 -7.48323 11.7844
      vertex -5.47885 -7.14018 11.7844
    endloop
  endfacet
  facet normal -0.582482 -0.812843 -0
    outer loop
      vertex -5.00013 -7.48323 11.7844
      vertex -5.47885 -7.14018 11.2156
      vertex -5.00013 -7.48323 11.2156
    endloop
  endfacet
  facet normal -0.412001 -0.574915 -0.706914
    outer loop
      vertex -9.16691 -13.7192 21
      vertex -5.46948 -8.00492 14.1978
      vertex -5.38782 -8.06344 14.1978
    endloop
  endfacet
  facet normal -0.411967 -0.574939 -0.706915
    outer loop
      vertex -5.46948 -8.00492 14.1978
      vertex -9.16691 -13.7192 21
      vertex -10.0446 -13.0903 21
    endloop
  endfacet
  facet normal -0.411985 -0.574925 -0.706916
    outer loop
      vertex -5.6518 -7.87428 14.1978
      vertex -10.0446 -13.0903 21
      vertex -5.90366 -7.6938 14.1978
    endloop
  endfacet
  facet normal -0.411967 -0.574938 -0.706915
    outer loop
      vertex -10.0446 -13.0903 21
      vertex -5.6518 -7.87428 14.1978
      vertex -5.46948 -8.00492 14.1978
    endloop
  endfacet
  facet normal -0.582451 -0.812866 0
    outer loop
      vertex -10.0446 -13.0903 21
      vertex -9.16691 -13.7192 23
      vertex -10.0446 -13.0903 23
    endloop
  endfacet
  facet normal -0.582451 -0.812866 -0
    outer loop
      vertex -9.16691 -13.7192 23
      vertex -10.0446 -13.0903 21
      vertex -9.16691 -13.7192 21
    endloop
  endfacet
  facet normal -0.411983 -0.574891 -0.706944
    outer loop
      vertex -9.66692 -14.4676 0
      vertex -10.0003 -14.9665 0.599991
      vertex -10.9577 -14.2804 0.599991
    endloop
  endfacet
  facet normal -0.411993 -0.574839 -0.706981
    outer loop
      vertex -10.5924 -13.8043 0
      vertex -9.66692 -14.4676 0
      vertex -10.9577 -14.2804 0.599991
    endloop
  endfacet
  facet normal -0.63443 -0.77298 0
    outer loop
      vertex -11.8682 -13.5331 0.599991
      vertex -10.9577 -14.2804 3
      vertex -11.8682 -13.5331 3
    endloop
  endfacet
  facet normal -0.63443 -0.77298 -0
    outer loop
      vertex -10.9577 -14.2804 3
      vertex -11.8682 -13.5331 0.599991
      vertex -10.9577 -14.2804 0.599991
    endloop
  endfacet
  facet normal -0.283829 -0.345849 0.894332
    outer loop
      vertex -5.47885 -7.14018 7.5
      vertex -5.93411 -6.76656 7.5
      vertex -10.9577 -14.2804 3
    endloop
  endfacet
  facet normal -0.283848 -0.345836 0.894331
    outer loop
      vertex -10.9577 -14.2804 3
      vertex -5.93411 -6.76656 7.5
      vertex -11.8682 -13.5331 3
    endloop
  endfacet
  facet normal -0.634391 -0.773012 0
    outer loop
      vertex -5.93411 -6.76656 7.5
      vertex -5.47885 -7.14018 8.10436
      vertex -5.93411 -6.76656 8.10436
    endloop
  endfacet
  facet normal -0.634391 -0.773012 -0
    outer loop
      vertex -5.47885 -7.14018 8.10436
      vertex -5.93411 -6.76656 7.5
      vertex -5.47885 -7.14018 7.5
    endloop
  endfacet
  facet normal -0.634391 -0.773012 0
    outer loop
      vertex -5.93411 -6.76656 11.2156
      vertex -5.47885 -7.14018 11.7844
      vertex -5.93411 -6.76656 11.7844
    endloop
  endfacet
  facet normal -0.634391 -0.773012 -0
    outer loop
      vertex -5.47885 -7.14018 11.7844
      vertex -5.93411 -6.76656 11.2156
      vertex -5.47885 -7.14018 11.2156
    endloop
  endfacet
  facet normal -0.448766 -0.5467 -0.706915
    outer loop
      vertex -10.0446 -13.0903 21
      vertex -5.98131 -7.63006 14.1978
      vertex -5.90366 -7.6938 14.1978
    endloop
  endfacet
  facet normal -0.448689 -0.54676 -0.706917
    outer loop
      vertex -5.98131 -7.63006 14.1978
      vertex -10.0446 -13.0903 21
      vertex -10.8792 -12.4054 21
    endloop
  endfacet
  facet normal -0.44869 -0.546759 -0.706917
    outer loop
      vertex -10.8792 -12.4054 21
      vertex -6.1547 -7.48777 14.1978
      vertex -5.98131 -7.63006 14.1978
    endloop
  endfacet
  facet normal -0.448716 -0.546736 -0.706919
    outer loop
      vertex -6.1547 -7.48777 14.1978
      vertex -10.8792 -12.4054 21
      vertex -6.39421 -7.2912 14.1978
    endloop
  endfacet
  facet normal -0.634372 -0.773028 0
    outer loop
      vertex -10.8792 -12.4054 21
      vertex -10.0446 -13.0903 23
      vertex -10.8792 -12.4054 23
    endloop
  endfacet
  facet normal -0.634372 -0.773028 -0
    outer loop
      vertex -10.0446 -13.0903 23
      vertex -10.8792 -12.4054 21
      vertex -10.0446 -13.0903 21
    endloop
  endfacet
  facet normal -0.448691 -0.546679 -0.706978
    outer loop
      vertex -10.5924 -13.8043 0
      vertex -10.9577 -14.2804 0.599991
      vertex -11.8682 -13.5331 0.599991
    endloop
  endfacet
  facet normal -0.448681 -0.546766 -0.706918
    outer loop
      vertex -11.4726 -13.082 0
      vertex -10.5924 -13.8043 0
      vertex -11.8682 -13.5331 0.599991
    endloop
  endfacet
  facet normal -0.683594 -0.729863 0
    outer loop
      vertex -12.7279 -12.7279 0.599991
      vertex -11.8682 -13.5331 3
      vertex -12.7279 -12.7279 3
    endloop
  endfacet
  facet normal -0.683594 -0.729863 -0
    outer loop
      vertex -11.8682 -13.5331 3
      vertex -12.7279 -12.7279 0.599991
      vertex -11.8682 -13.5331 0.599991
    endloop
  endfacet
  facet normal -0.305844 -0.326545 0.894331
    outer loop
      vertex -6.36396 -6.36396 7.5
      vertex -11.8682 -13.5331 3
      vertex -5.93411 -6.76656 7.5
    endloop
  endfacet
  facet normal -0.305844 -0.326545 0.894331
    outer loop
      vertex -11.8682 -13.5331 3
      vertex -6.36396 -6.36396 7.5
      vertex -12.7279 -12.7279 3
    endloop
  endfacet
  facet normal -0.683594 -0.729863 0
    outer loop
      vertex -6.36396 -6.36396 7.5
      vertex -5.93411 -6.76656 8.10436
      vertex -6.36396 -6.36396 8.10436
    endloop
  endfacet
  facet normal -0.683594 -0.729863 -0
    outer loop
      vertex -5.93411 -6.76656 8.10436
      vertex -6.36396 -6.36396 7.5
      vertex -5.93411 -6.76656 7.5
    endloop
  endfacet
  facet normal -0.683594 -0.729863 0
    outer loop
      vertex -6.36396 -6.36396 11.2156
      vertex -5.93411 -6.76656 11.7844
      vertex -6.36396 -6.36396 11.7844
    endloop
  endfacet
  facet normal -0.683594 -0.729863 -0
    outer loop
      vertex -5.93411 -6.76656 11.7844
      vertex -6.36396 -6.36396 11.2156
      vertex -5.93411 -6.76656 11.2156
    endloop
  endfacet
  facet normal -0.48346 -0.516267 -0.706919
    outer loop
      vertex -10.8792 -12.4054 21
      vertex -6.46754 -7.22253 14.1978
      vertex -6.39421 -7.2912 14.1978
    endloop
  endfacet
  facet normal -0.483489 -0.516241 -0.706918
    outer loop
      vertex -6.46754 -7.22253 14.1978
      vertex -10.8792 -12.4054 21
      vertex -11.6673 -11.6673 21
    endloop
  endfacet
  facet normal -0.483514 -0.516215 -0.70692
    outer loop
      vertex -11.6673 -11.6673 21
      vertex -6.63124 -7.0692 14.1978
      vertex -6.46754 -7.22253 14.1978
    endloop
  endfacet
  facet normal -0.483498 -0.516231 -0.706919
    outer loop
      vertex -6.63124 -7.0692 14.1978
      vertex -11.6673 -11.6673 21
      vertex -6.85739 -6.85739 14.1978
    endloop
  endfacet
  facet normal -0.683574 -0.729881 0
    outer loop
      vertex -11.6673 -11.6673 21
      vertex -10.8792 -12.4054 23
      vertex -11.6673 -11.6673 23
    endloop
  endfacet
  facet normal -0.683574 -0.729881 -0
    outer loop
      vertex -10.8792 -12.4054 23
      vertex -11.6673 -11.6673 21
      vertex -10.8792 -12.4054 21
    endloop
  endfacet
  facet normal -0.483503 -0.516229 -0.706918
    outer loop
      vertex -11.4726 -13.082 0
      vertex -11.8682 -13.5331 0.599991
      vertex -12.7279 -12.7279 0.599991
    endloop
  endfacet
  facet normal -0.483499 -0.5163 -0.706868
    outer loop
      vertex -12.3037 -12.3037 0
      vertex -11.4726 -13.082 0
      vertex -12.7279 -12.7279 0.599991
    endloop
  endfacet
  facet normal -0.729863 -0.683594 0
    outer loop
      vertex -12.7279 -12.7279 0.599991
      vertex -13.5331 -11.8682 3
      vertex -13.5331 -11.8682 0.599991
    endloop
  endfacet
  facet normal -0.729863 -0.683594 0
    outer loop
      vertex -13.5331 -11.8682 3
      vertex -12.7279 -12.7279 0.599991
      vertex -12.7279 -12.7279 3
    endloop
  endfacet
  facet normal -0.326545 -0.305844 0.894331
    outer loop
      vertex -6.76656 -5.93411 7.5
      vertex -12.7279 -12.7279 3
      vertex -6.36396 -6.36396 7.5
    endloop
  endfacet
  facet normal -0.326545 -0.305844 0.894331
    outer loop
      vertex -12.7279 -12.7279 3
      vertex -6.76656 -5.93411 7.5
      vertex -13.5331 -11.8682 3
    endloop
  endfacet
  facet normal -0.729863 -0.683594 0
    outer loop
      vertex -6.36396 -6.36396 7.5
      vertex -6.76656 -5.93411 8.10436
      vertex -6.76656 -5.93411 7.5
    endloop
  endfacet
  facet normal -0.729863 -0.683594 0
    outer loop
      vertex -6.76656 -5.93411 8.10436
      vertex -6.36396 -6.36396 7.5
      vertex -6.36396 -6.36396 8.10436
    endloop
  endfacet
  facet normal -0.729863 -0.683594 0
    outer loop
      vertex -6.36396 -6.36396 11.2156
      vertex -6.76656 -5.93411 11.7844
      vertex -6.76656 -5.93411 11.2156
    endloop
  endfacet
  facet normal -0.729863 -0.683594 0
    outer loop
      vertex -6.76656 -5.93411 11.7844
      vertex -6.36396 -6.36396 11.2156
      vertex -6.36396 -6.36396 11.7844
    endloop
  endfacet
  facet normal -0.516199 -0.483531 -0.70692
    outer loop
      vertex -11.6673 -11.6673 21
      vertex -6.92607 -6.78407 14.1978
      vertex -6.85739 -6.85739 14.1978
    endloop
  endfacet
  facet normal -0.516241 -0.483489 -0.706919
    outer loop
      vertex -6.92607 -6.78407 14.1978
      vertex -11.6673 -11.6673 21
      vertex -12.4054 -10.8792 21
    endloop
  endfacet
  facet normal -0.516246 -0.483482 -0.706919
    outer loop
      vertex -12.4054 -10.8792 21
      vertex -7.07939 -6.62036 14.1978
      vertex -6.92607 -6.78407 14.1978
    endloop
  endfacet
  facet normal -0.516232 -0.483498 -0.706918
    outer loop
      vertex -7.07939 -6.62036 14.1978
      vertex -12.4054 -10.8792 21
      vertex -7.2912 -6.39421 14.1978
    endloop
  endfacet
  facet normal -0.729881 -0.683574 0
    outer loop
      vertex -11.6673 -11.6673 21
      vertex -12.4054 -10.8792 23
      vertex -12.4054 -10.8792 21
    endloop
  endfacet
  facet normal -0.729881 -0.683574 0
    outer loop
      vertex -12.4054 -10.8792 23
      vertex -11.6673 -11.6673 21
      vertex -11.6673 -11.6673 23
    endloop
  endfacet
  facet normal -0.516264 -0.483536 -0.706869
    outer loop
      vertex -12.3037 -12.3037 0
      vertex -12.7279 -12.7279 0.599991
      vertex -13.5331 -11.8682 0.599991
    endloop
  endfacet
  facet normal -0.516263 -0.483465 -0.706919
    outer loop
      vertex -13.082 -11.4726 0
      vertex -12.3037 -12.3037 0
      vertex -13.5331 -11.8682 0.599991
    endloop
  endfacet
  facet normal -0.77298 -0.63443 0
    outer loop
      vertex -13.5331 -11.8682 0.599991
      vertex -14.2804 -10.9577 3
      vertex -14.2804 -10.9577 0.599991
    endloop
  endfacet
  facet normal -0.77298 -0.63443 0
    outer loop
      vertex -14.2804 -10.9577 3
      vertex -13.5331 -11.8682 0.599991
      vertex -13.5331 -11.8682 3
    endloop
  endfacet
  facet normal -0.345851 -0.283831 0.894331
    outer loop
      vertex -6.76656 -5.93411 7.5
      vertex -7.14018 -5.47885 7.5
      vertex -13.5331 -11.8682 3
    endloop
  endfacet
  facet normal -0.345835 -0.283847 0.894332
    outer loop
      vertex -13.5331 -11.8682 3
      vertex -7.14018 -5.47885 7.5
      vertex -14.2804 -10.9577 3
    endloop
  endfacet
  facet normal -0.773012 -0.634391 0
    outer loop
      vertex -6.76656 -5.93411 7.5
      vertex -7.14018 -5.47885 8.10436
      vertex -7.14018 -5.47885 7.5
    endloop
  endfacet
  facet normal -0.773012 -0.634391 0
    outer loop
      vertex -7.14018 -5.47885 8.10436
      vertex -6.76656 -5.93411 7.5
      vertex -6.76656 -5.93411 8.10436
    endloop
  endfacet
  facet normal -0.773012 -0.634391 0
    outer loop
      vertex -6.76656 -5.93411 11.2156
      vertex -7.14018 -5.47885 11.7844
      vertex -7.14018 -5.47885 11.2156
    endloop
  endfacet
  facet normal -0.773012 -0.634391 0
    outer loop
      vertex -7.14018 -5.47885 11.7844
      vertex -6.76656 -5.93411 11.2156
      vertex -6.76656 -5.93411 11.7844
    endloop
  endfacet
  facet normal -0.546696 -0.448763 -0.70692
    outer loop
      vertex -12.4054 -10.8792 21
      vertex -7.35494 -6.31656 14.1978
      vertex -7.2912 -6.39421 14.1978
    endloop
  endfacet
  facet normal -0.54676 -0.448689 -0.706917
    outer loop
      vertex -7.35494 -6.31656 14.1978
      vertex -12.4054 -10.8792 21
      vertex -13.0903 -10.0446 21
    endloop
  endfacet
  facet normal -0.546759 -0.44869 -0.706917
    outer loop
      vertex -13.0903 -10.0446 21
      vertex -7.49723 -6.14317 14.1978
      vertex -7.35494 -6.31656 14.1978
    endloop
  endfacet
  facet normal -0.546738 -0.448717 -0.706916
    outer loop
      vertex -7.49723 -6.14317 14.1978
      vertex -13.0903 -10.0446 21
      vertex -7.6938 -5.90366 14.1978
    endloop
  endfacet
  facet normal -0.773028 -0.634372 0
    outer loop
      vertex -12.4054 -10.8792 21
      vertex -13.0903 -10.0446 23
      vertex -13.0903 -10.0446 21
    endloop
  endfacet
  facet normal -0.773028 -0.634372 0
    outer loop
      vertex -13.0903 -10.0446 23
      vertex -12.4054 -10.8792 21
      vertex -12.4054 -10.8792 23
    endloop
  endfacet
  facet normal -0.546725 -0.448729 -0.706919
    outer loop
      vertex -13.082 -11.4726 0
      vertex -13.5331 -11.8682 0.599991
      vertex -14.2804 -10.9577 0.599991
    endloop
  endfacet
  facet normal -0.546718 -0.448642 -0.706979
    outer loop
      vertex -13.8043 -10.5924 0
      vertex -13.082 -11.4726 0
      vertex -14.2804 -10.9577 0.599991
    endloop
  endfacet
  facet normal -0.812832 -0.582498 0
    outer loop
      vertex -14.2804 -10.9577 0.599991
      vertex -14.9665 -10.0003 3
      vertex -14.9665 -10.0003 0.599991
    endloop
  endfacet
  facet normal -0.812832 -0.582498 0
    outer loop
      vertex -14.9665 -10.0003 3
      vertex -14.2804 -10.9577 0.599991
      vertex -14.2804 -10.9577 3
    endloop
  endfacet
  facet normal -0.363669 -0.260605 0.894332
    outer loop
      vertex -7.14018 -5.47885 7.5
      vertex -7.48323 -5.00013 7.5
      vertex -14.2804 -10.9577 3
    endloop
  endfacet
  facet normal -0.363664 -0.260612 0.894332
    outer loop
      vertex -14.2804 -10.9577 3
      vertex -7.48323 -5.00013 7.5
      vertex -14.9665 -10.0003 3
    endloop
  endfacet
  facet normal -0.812843 -0.582482 0
    outer loop
      vertex -7.14018 -5.47885 7.5
      vertex -7.48323 -5.00013 8.10436
      vertex -7.48323 -5.00013 7.5
    endloop
  endfacet
  facet normal -0.812843 -0.582482 0
    outer loop
      vertex -7.48323 -5.00013 8.10436
      vertex -7.14018 -5.47885 7.5
      vertex -7.14018 -5.47885 8.10436
    endloop
  endfacet
  facet normal -0.812843 -0.582482 0
    outer loop
      vertex -7.14018 -5.47885 11.2156
      vertex -7.48323 -5.00013 11.7844
      vertex -7.48323 -5.00013 11.2156
    endloop
  endfacet
  facet normal -0.812843 -0.582482 0
    outer loop
      vertex -7.48323 -5.00013 11.7844
      vertex -7.14018 -5.47885 11.2156
      vertex -7.14018 -5.47885 11.7844
    endloop
  endfacet
  facet normal -0.574947 -0.411954 -0.706915
    outer loop
      vertex -13.0903 -10.0446 21
      vertex -7.75231 -5.822 14.1978
      vertex -7.6938 -5.90366 14.1978
    endloop
  endfacet
  facet normal -0.574938 -0.411966 -0.706916
    outer loop
      vertex -7.75231 -5.822 14.1978
      vertex -13.0903 -10.0446 21
      vertex -13.7192 -9.16691 21
    endloop
  endfacet
  facet normal -0.574926 -0.411985 -0.706914
    outer loop
      vertex -7.88296 -5.63968 14.1978
      vertex -13.7192 -9.16691 21
      vertex -8.06344 -5.38782 14.1978
    endloop
  endfacet
  facet normal -0.574924 -0.411989 -0.706914
    outer loop
      vertex -13.7192 -9.16691 21
      vertex -7.88296 -5.63968 14.1978
      vertex -7.75231 -5.822 14.1978
    endloop
  endfacet
  facet normal -0.812866 -0.582451 0
    outer loop
      vertex -13.0903 -10.0446 21
      vertex -13.7192 -9.16691 23
      vertex -13.7192 -9.16691 21
    endloop
  endfacet
  facet normal -0.812866 -0.582451 0
    outer loop
      vertex -13.7192 -9.16691 23
      vertex -13.0903 -10.0446 21
      vertex -13.0903 -10.0446 23
    endloop
  endfacet
  facet normal -0.574862 -0.411962 -0.70698
    outer loop
      vertex -13.8043 -10.5924 0
      vertex -14.2804 -10.9577 0.599991
      vertex -14.9665 -10.0003 0.599991
    endloop
  endfacet
  facet normal -0.57487 -0.412014 -0.706944
    outer loop
      vertex -14.4676 -9.66692 0
      vertex -13.8043 -10.5924 0
      vertex -14.9665 -10.0003 0.599991
    endloop
  endfacet
  facet normal -0.849212 -0.528052 0
    outer loop
      vertex -14.9665 -10.0003 0.599991
      vertex -15.5885 -9 3
      vertex -15.5885 -9 0.599991
    endloop
  endfacet
  facet normal -0.849212 -0.528052 0
    outer loop
      vertex -15.5885 -9 3
      vertex -14.9665 -10.0003 0.599991
      vertex -14.9665 -10.0003 3
    endloop
  endfacet
  facet normal -0.379936 -0.236259 0.894332
    outer loop
      vertex -7.48323 -5.00013 7.5
      vertex -7.79423 -4.5 7.5
      vertex -14.9665 -10.0003 3
    endloop
  endfacet
  facet normal -0.379941 -0.236252 0.894332
    outer loop
      vertex -14.9665 -10.0003 3
      vertex -7.79423 -4.5 7.5
      vertex -15.5885 -9 3
    endloop
  endfacet
  facet normal -0.849203 -0.528067 0
    outer loop
      vertex -7.48323 -5.00013 7.5
      vertex -7.79423 -4.5 8.10436
      vertex -7.79423 -4.5 7.5
    endloop
  endfacet
  facet normal -0.849203 -0.528067 0
    outer loop
      vertex -7.79423 -4.5 8.10436
      vertex -7.48323 -5.00013 7.5
      vertex -7.48323 -5.00013 8.10436
    endloop
  endfacet
  facet normal -0.849203 -0.528067 0
    outer loop
      vertex -7.48323 -5.00013 11.2156
      vertex -7.79423 -4.5 11.7844
      vertex -7.79423 -4.5 11.2156
    endloop
  endfacet
  facet normal -0.849203 -0.528067 0
    outer loop
      vertex -7.79423 -4.5 11.7844
      vertex -7.48323 -5.00013 11.2156
      vertex -7.48323 -5.00013 11.7844
    endloop
  endfacet
  facet normal -0.600637 -0.373506 -0.706914
    outer loop
      vertex -13.7192 -9.16691 21
      vertex -8.11649 -5.30251 14.1978
      vertex -8.06344 -5.38782 14.1978
    endloop
  endfacet
  facet normal -0.600631 -0.373515 -0.706915
    outer loop
      vertex -8.11649 -5.30251 14.1978
      vertex -13.7192 -9.16691 21
      vertex -14.2894 -8.25 21
    endloop
  endfacet
  facet normal -0.600628 -0.37352 -0.706915
    outer loop
      vertex -8.23493 -5.11203 14.1978
      vertex -14.2894 -8.25 21
      vertex -8.39856 -4.84891 14.1978
    endloop
  endfacet
  facet normal -0.600649 -0.373482 -0.706917
    outer loop
      vertex -14.2894 -8.25 21
      vertex -8.23493 -5.11203 14.1978
      vertex -8.11649 -5.30251 14.1978
    endloop
  endfacet
  facet normal -0.84919 -0.528087 0
    outer loop
      vertex -13.7192 -9.16691 21
      vertex -14.2894 -8.25 23
      vertex -14.2894 -8.25 21
    endloop
  endfacet
  facet normal -0.84919 -0.528087 0
    outer loop
      vertex -14.2894 -8.25 23
      vertex -13.7192 -9.16691 21
      vertex -13.7192 -9.16691 23
    endloop
  endfacet
  facet normal -0.600622 -0.373475 -0.706943
    outer loop
      vertex -14.4676 -9.66692 0
      vertex -14.9665 -10.0003 0.599991
      vertex -15.5885 -9 0.599991
    endloop
  endfacet
  facet normal -0.600616 -0.373444 -0.706966
    outer loop
      vertex -15.0688 -8.7 0
      vertex -14.4676 -9.66692 0
      vertex -15.5885 -9 0.599991
    endloop
  endfacet
  facet normal -0.881939 -0.471364 0
    outer loop
      vertex -15.5885 -9 0.599991
      vertex -16.1437 -7.9612 3
      vertex -16.1437 -7.9612 0.599991
    endloop
  endfacet
  facet normal -0.881939 -0.471364 0
    outer loop
      vertex -16.1437 -7.9612 3
      vertex -15.5885 -9 0.599991
      vertex -15.5885 -9 3
    endloop
  endfacet
  facet normal -0.394577 -0.210902 0.894332
    outer loop
      vertex -7.79423 -4.5 7.5
      vertex -8.07185 -3.9806 7.5
      vertex -15.5885 -9 3
    endloop
  endfacet
  facet normal -0.394584 -0.21089 0.894332
    outer loop
      vertex -15.5885 -9 3
      vertex -8.07185 -3.9806 7.5
      vertex -16.1437 -7.9612 3
    endloop
  endfacet
  facet normal -0.881925 -0.47139 0
    outer loop
      vertex -7.79423 -4.5 7.5
      vertex -8.07185 -3.9806 8.10436
      vertex -8.07185 -3.9806 7.5
    endloop
  endfacet
  facet normal -0.881925 -0.47139 0
    outer loop
      vertex -8.07185 -3.9806 8.10436
      vertex -7.79423 -4.5 7.5
      vertex -7.79423 -4.5 8.10436
    endloop
  endfacet
  facet normal -0.881925 -0.47139 0
    outer loop
      vertex -7.79423 -4.5 11.2156
      vertex -8.07185 -3.9806 11.7844
      vertex -8.07185 -3.9806 11.2156
    endloop
  endfacet
  facet normal -0.881925 -0.47139 0
    outer loop
      vertex -8.07185 -3.9806 11.7844
      vertex -7.79423 -4.5 11.2156
      vertex -7.79423 -4.5 11.7844
    endloop
  endfacet
  facet normal -0.623804 -0.333376 -0.706915
    outer loop
      vertex -14.2894 -8.25 21
      vertex -8.44591 -4.76031 14.1978
      vertex -8.39856 -4.84891 14.1978
    endloop
  endfacet
  facet normal -0.623776 -0.333426 -0.706916
    outer loop
      vertex -8.44591 -4.76031 14.1978
      vertex -14.2894 -8.25 21
      vertex -14.7984 -7.29776 21
    endloop
  endfacet
  facet normal -0.62377 -0.333439 -0.706915
    outer loop
      vertex -14.7984 -7.29776 21
      vertex -8.55165 -4.5625 14.1978
      vertex -8.44591 -4.76031 14.1978
    endloop
  endfacet
  facet normal -0.623786 -0.333407 -0.706917
    outer loop
      vertex -8.55165 -4.5625 14.1978
      vertex -14.7984 -7.29776 21
      vertex -8.69771 -4.28923 14.1978
    endloop
  endfacet
  facet normal -0.881915 -0.471409 0
    outer loop
      vertex -14.2894 -8.25 21
      vertex -14.7984 -7.29776 23
      vertex -14.7984 -7.29776 21
    endloop
  endfacet
  facet normal -0.881915 -0.471409 0
    outer loop
      vertex -14.7984 -7.29776 23
      vertex -14.2894 -8.25 21
      vertex -14.2894 -8.25 23
    endloop
  endfacet
  facet normal -0.623749 -0.333371 -0.706966
    outer loop
      vertex -15.0688 -8.7 0
      vertex -15.5885 -9 0.599991
      vertex -16.1437 -7.9612 0.599991
    endloop
  endfacet
  facet normal -0.62377 -0.333446 -0.706912
    outer loop
      vertex -15.6056 -7.69582 0
      vertex -15.0688 -8.7 0
      vertex -16.1437 -7.9612 0.599991
    endloop
  endfacet
  facet normal -0.910872 -0.41269 0
    outer loop
      vertex -16.1437 -7.9612 0.599991
      vertex -16.6298 -6.8883 3
      vertex -16.6298 -6.8883 0.599991
    endloop
  endfacet
  facet normal -0.910872 -0.41269 0
    outer loop
      vertex -16.6298 -6.8883 3
      vertex -16.1437 -7.9612 0.599991
      vertex -16.1437 -7.9612 3
    endloop
  endfacet
  facet normal -0.407523 -0.184652 0.894331
    outer loop
      vertex -8.31492 -3.44415 7.5
      vertex -16.1437 -7.9612 3
      vertex -8.07185 -3.9806 7.5
    endloop
  endfacet
  facet normal -0.40753 -0.18464 0.894331
    outer loop
      vertex -16.1437 -7.9612 3
      vertex -8.31492 -3.44415 7.5
      vertex -16.6298 -6.8883 3
    endloop
  endfacet
  facet normal -0.910859 -0.412718 0
    outer loop
      vertex -8.07185 -3.9806 7.5
      vertex -8.31492 -3.44415 8.10436
      vertex -8.31492 -3.44415 7.5
    endloop
  endfacet
  facet normal -0.910859 -0.412718 0
    outer loop
      vertex -8.31492 -3.44415 8.10436
      vertex -8.07185 -3.9806 7.5
      vertex -8.07185 -3.9806 8.10436
    endloop
  endfacet
  facet normal -0.910859 -0.412718 0
    outer loop
      vertex -8.07185 -3.9806 11.2156
      vertex -8.31492 -3.44415 11.7844
      vertex -8.31492 -3.44415 11.2156
    endloop
  endfacet
  facet normal -0.910859 -0.412718 0
    outer loop
      vertex -8.31492 -3.44415 11.7844
      vertex -8.07185 -3.9806 11.2156
      vertex -8.07185 -3.9806 11.7844
    endloop
  endfacet
  facet normal -0.644251 -0.291907 -0.706916
    outer loop
      vertex -14.7984 -7.29776 21
      vertex -8.83174 -3.99342 14.1978
      vertex -8.69771 -4.28923 14.1978
    endloop
  endfacet
  facet normal -0.644254 -0.291902 -0.706916
    outer loop
      vertex -15.244 -6.31428 21
      vertex -8.83174 -3.99342 14.1978
      vertex -14.7984 -7.29776 21
    endloop
  endfacet
  facet normal -0.644257 -0.291894 -0.706917
    outer loop
      vertex -8.83174 -3.99342 14.1978
      vertex -15.244 -6.31428 21
      vertex -8.95961 -3.71119 14.1978
    endloop
  endfacet
  facet normal -0.910867 -0.4127 0
    outer loop
      vertex -14.7984 -7.29776 21
      vertex -15.244 -6.31428 23
      vertex -15.244 -6.31428 21
    endloop
  endfacet
  facet normal -0.910867 -0.4127 0
    outer loop
      vertex -15.244 -6.31428 23
      vertex -14.7984 -7.29776 21
      vertex -14.7984 -7.29776 23
    endloop
  endfacet
  facet normal -0.644261 -0.291896 -0.706911
    outer loop
      vertex -15.6056 -7.69582 0
      vertex -16.1437 -7.9612 0.599991
      vertex -16.6298 -6.8883 0.599991
    endloop
  endfacet
  facet normal -0.644263 -0.291901 -0.706908
    outer loop
      vertex -16.0755 -6.65869 0
      vertex -15.6056 -7.69582 0
      vertex -16.6298 -6.8883 0.599991
    endloop
  endfacet
  facet normal -0.935909 -0.352242 0
    outer loop
      vertex -16.6298 -6.8883 0.599991
      vertex -17.0447 -5.78591 3
      vertex -17.0447 -5.78591 0.599991
    endloop
  endfacet
  facet normal -0.935909 -0.352242 0
    outer loop
      vertex -17.0447 -5.78591 3
      vertex -16.6298 -6.8883 0.599991
      vertex -16.6298 -6.8883 3
    endloop
  endfacet
  facet normal -0.418732 -0.157594 0.894331
    outer loop
      vertex -8.31492 -3.44415 7.5
      vertex -8.52237 -2.89295 7.5
      vertex -16.6298 -6.8883 3
    endloop
  endfacet
  facet normal -0.418732 -0.157596 0.894331
    outer loop
      vertex -16.6298 -6.8883 3
      vertex -8.52237 -2.89295 7.5
      vertex -17.0447 -5.78591 3
    endloop
  endfacet
  facet normal -0.93591 -0.35224 0
    outer loop
      vertex -8.31492 -3.44415 7.5
      vertex -8.52237 -2.89295 8.10436
      vertex -8.52237 -2.89295 7.5
    endloop
  endfacet
  facet normal -0.93591 -0.35224 0
    outer loop
      vertex -8.52237 -2.89295 8.10436
      vertex -8.31492 -3.44415 7.5
      vertex -8.31492 -3.44415 8.10436
    endloop
  endfacet
  facet normal -0.93591 -0.35224 0
    outer loop
      vertex -8.31492 -3.44415 11.2156
      vertex -8.52237 -2.89295 11.7844
      vertex -8.52237 -2.89295 11.2156
    endloop
  endfacet
  facet normal -0.93591 -0.35224 0
    outer loop
      vertex -8.52237 -2.89295 11.7844
      vertex -8.31492 -3.44415 11.2156
      vertex -8.31492 -3.44415 11.7844
    endloop
  endfacet
  facet normal -0.661955 -0.249166 -0.706917
    outer loop
      vertex -15.244 -6.31428 21
      vertex -8.995 -3.61717 14.1978
      vertex -8.95961 -3.71119 14.1978
    endloop
  endfacet
  facet normal -0.661972 -0.249125 -0.706916
    outer loop
      vertex -8.995 -3.61717 14.1978
      vertex -15.244 -6.31428 21
      vertex -15.6243 -5.30375 21
    endloop
  endfacet
  facet normal -0.661969 -0.249137 -0.706915
    outer loop
      vertex -9.07401 -3.40725 14.1978
      vertex -15.6243 -5.30375 21
      vertex -9.18315 -3.11726 14.1978
    endloop
  endfacet
  facet normal -0.661964 -0.249151 -0.706914
    outer loop
      vertex -15.6243 -5.30375 21
      vertex -9.07401 -3.40725 14.1978
      vertex -8.995 -3.61717 14.1978
    endloop
  endfacet
  facet normal -0.935917 -0.35222 0
    outer loop
      vertex -15.244 -6.31428 21
      vertex -15.6243 -5.30375 23
      vertex -15.6243 -5.30375 21
    endloop
  endfacet
  facet normal -0.935917 -0.35222 0
    outer loop
      vertex -15.6243 -5.30375 23
      vertex -15.244 -6.31428 21
      vertex -15.244 -6.31428 23
    endloop
  endfacet
  facet normal -0.661974 -0.249143 -0.706907
    outer loop
      vertex -16.0755 -6.65869 0
      vertex -16.6298 -6.8883 0.599991
      vertex -17.0447 -5.78591 0.599991
    endloop
  endfacet
  facet normal -0.661983 -0.249164 -0.706892
    outer loop
      vertex -16.4766 -5.59304 0
      vertex -16.0755 -6.65869 0
      vertex -17.0447 -5.78591 0.599991
    endloop
  endfacet
  facet normal -0.956922 -0.290344 0
    outer loop
      vertex -17.0447 -5.78591 0.599991
      vertex -17.3867 -4.65874 3
      vertex -17.3867 -4.65874 0.599991
    endloop
  endfacet
  facet normal -0.956922 -0.290344 0
    outer loop
      vertex -17.3867 -4.65874 3
      vertex -17.0447 -5.78591 0.599991
      vertex -17.0447 -5.78591 3
    endloop
  endfacet
  facet normal -0.428142 -0.129875 0.894331
    outer loop
      vertex -8.52237 -2.89295 7.5
      vertex -8.69333 -2.32937 7.5
      vertex -17.0447 -5.78591 3
    endloop
  endfacet
  facet normal -0.428131 -0.129901 0.894332
    outer loop
      vertex -17.0447 -5.78591 3
      vertex -8.69333 -2.32937 7.5
      vertex -17.3867 -4.65874 3
    endloop
  endfacet
  facet normal -0.95694 -0.290284 0
    outer loop
      vertex -8.52237 -2.89295 7.5
      vertex -8.69333 -2.32937 8.10436
      vertex -8.69333 -2.32937 7.5
    endloop
  endfacet
  facet normal -0.95694 -0.290284 0
    outer loop
      vertex -8.69333 -2.32937 8.10436
      vertex -8.52237 -2.89295 7.5
      vertex -8.52237 -2.89295 8.10436
    endloop
  endfacet
  facet normal -0.95694 -0.290284 0
    outer loop
      vertex -8.52237 -2.89295 11.2156
      vertex -8.69333 -2.32937 11.7844
      vertex -8.69333 -2.32937 11.2156
    endloop
  endfacet
  facet normal -0.95694 -0.290284 0
    outer loop
      vertex -8.69333 -2.32937 11.7844
      vertex -8.52237 -2.89295 11.2156
      vertex -8.52237 -2.89295 11.7844
    endloop
  endfacet
  facet normal -0.676824 -0.205378 -0.706915
    outer loop
      vertex -15.6243 -5.30375 21
      vertex -9.21232 -3.02113 14.1978
      vertex -9.18315 -3.11726 14.1978
    endloop
  endfacet
  facet normal -0.67683 -0.20536 -0.706915
    outer loop
      vertex -9.21232 -3.02113 14.1978
      vertex -15.6243 -5.30375 21
      vertex -15.9378 -4.27051 21
    endloop
  endfacet
  facet normal -0.67684 -0.205316 -0.706918
    outer loop
      vertex -15.9378 -4.27051 21
      vertex -9.27743 -2.80649 14.1978
      vertex -9.21232 -3.02113 14.1978
    endloop
  endfacet
  facet normal -0.676843 -0.205306 -0.706918
    outer loop
      vertex -9.27743 -2.80649 14.1978
      vertex -15.9378 -4.27051 21
      vertex -9.36737 -2.50998 14.1978
    endloop
  endfacet
  facet normal -0.956922 -0.290344 0
    outer loop
      vertex -15.6243 -5.30375 21
      vertex -15.9378 -4.27051 23
      vertex -15.9378 -4.27051 21
    endloop
  endfacet
  facet normal -0.956922 -0.290344 0
    outer loop
      vertex -15.9378 -4.27051 23
      vertex -15.6243 -5.30375 21
      vertex -15.6243 -5.30375 23
    endloop
  endfacet
  facet normal -0.676852 -0.205367 -0.706892
    outer loop
      vertex -16.4766 -5.59304 0
      vertex -17.0447 -5.78591 0.599991
      vertex -17.3867 -4.65874 0.599991
    endloop
  endfacet
  facet normal -0.676815 -0.205295 -0.706948
    outer loop
      vertex -16.8071 -4.50345 0
      vertex -16.4766 -5.59304 0
      vertex -17.3867 -4.65874 0.599991
    endloop
  endfacet
  facet normal -0.97389 -0.227021 0
    outer loop
      vertex -17.3867 -4.65874 0.599991
      vertex -17.6541 -3.51163 3
      vertex -17.6541 -3.51163 0.599991
    endloop
  endfacet
  facet normal -0.97389 -0.227021 0
    outer loop
      vertex -17.6541 -3.51163 3
      vertex -17.3867 -4.65874 0.599991
      vertex -17.3867 -4.65874 3
    endloop
  endfacet
  facet normal -0.435715 -0.101598 0.894332
    outer loop
      vertex -8.69333 -2.32937 7.5
      vertex -8.82707 -1.75581 7.5
      vertex -17.3867 -4.65874 3
    endloop
  endfacet
  facet normal -0.435724 -0.101571 0.894331
    outer loop
      vertex -17.3867 -4.65874 3
      vertex -8.82707 -1.75581 7.5
      vertex -17.6541 -3.51163 3
    endloop
  endfacet
  facet normal -0.973875 -0.227084 0
    outer loop
      vertex -8.69333 -2.32937 7.5
      vertex -8.82707 -1.75581 8.10436
      vertex -8.82707 -1.75581 7.5
    endloop
  endfacet
  facet normal -0.973875 -0.227084 0
    outer loop
      vertex -8.82707 -1.75581 8.10436
      vertex -8.69333 -2.32937 7.5
      vertex -8.69333 -2.32937 8.10436
    endloop
  endfacet
  facet normal -0.973875 -0.227084 0
    outer loop
      vertex -8.69333 -2.32937 11.2156
      vertex -8.82707 -1.75581 11.7844
      vertex -8.82707 -1.75581 11.2156
    endloop
  endfacet
  facet normal -0.973875 -0.227084 0
    outer loop
      vertex -8.82707 -1.75581 11.7844
      vertex -8.69333 -2.32937 11.2156
      vertex -8.69333 -2.32937 11.7844
    endloop
  endfacet
  facet normal -0.688824 -0.16059 -0.706917
    outer loop
      vertex -15.9378 -4.27051 21
      vertex -9.39018 -2.41214 14.1978
      vertex -9.36737 -2.50998 14.1978
    endloop
  endfacet
  facet normal -0.688816 -0.160622 -0.706918
    outer loop
      vertex -9.39018 -2.41214 14.1978
      vertex -15.9378 -4.27051 21
      vertex -16.183 -3.21899 21
    endloop
  endfacet
  facet normal -0.688814 -0.160631 -0.706918
    outer loop
      vertex -16.183 -3.21899 21
      vertex -9.44112 -2.1937 14.1978
      vertex -9.39018 -2.41214 14.1978
    endloop
  endfacet
  facet normal -0.688817 -0.160614 -0.706918
    outer loop
      vertex -9.44112 -2.1937 14.1978
      vertex -16.183 -3.21899 21
      vertex -9.51148 -1.89195 14.1978
    endloop
  endfacet
  facet normal -0.973873 -0.227094 0
    outer loop
      vertex -15.9378 -4.27051 21
      vertex -16.183 -3.21899 23
      vertex -16.183 -3.21899 21
    endloop
  endfacet
  facet normal -0.973873 -0.227094 0
    outer loop
      vertex -16.183 -3.21899 23
      vertex -15.9378 -4.27051 21
      vertex -15.9378 -4.27051 23
    endloop
  endfacet
  facet normal -0.688799 -0.160564 -0.706947
    outer loop
      vertex -16.8071 -4.50345 0
      vertex -17.3867 -4.65874 0.599991
      vertex -17.6541 -3.51163 0.599991
    endloop
  endfacet
  facet normal -0.688847 -0.160645 -0.706882
    outer loop
      vertex -17.0657 -3.39457 0
      vertex -16.8071 -4.50345 0
      vertex -17.6541 -3.51163 0.599991
    endloop
  endfacet
  facet normal -0.98664 -0.162917 0
    outer loop
      vertex -17.6541 -3.51163 0.599991
      vertex -17.846 -2.34947 3
      vertex -17.846 -2.34947 0.599991
    endloop
  endfacet
  facet normal -0.98664 -0.162917 0
    outer loop
      vertex -17.846 -2.34947 3
      vertex -17.6541 -3.51163 0.599991
      vertex -17.6541 -3.51163 3
    endloop
  endfacet
  facet normal -0.441432 -0.0728768 0.894331
    outer loop
      vertex -8.82707 -1.75581 7.5
      vertex -8.923 -1.17474 7.5
      vertex -17.6541 -3.51163 3
    endloop
  endfacet
  facet normal -0.441428 -0.0728902 0.894331
    outer loop
      vertex -17.6541 -3.51163 3
      vertex -8.923 -1.17474 7.5
      vertex -17.846 -2.34947 3
    endloop
  endfacet
  facet normal -0.986645 -0.162887 0
    outer loop
      vertex -8.82707 -1.75581 7.5
      vertex -8.923 -1.17474 8.10436
      vertex -8.923 -1.17474 7.5
    endloop
  endfacet
  facet normal -0.986645 -0.162887 0
    outer loop
      vertex -8.923 -1.17474 8.10436
      vertex -8.82707 -1.75581 7.5
      vertex -8.82707 -1.75581 8.10436
    endloop
  endfacet
  facet normal -0.986645 -0.162887 0
    outer loop
      vertex -8.82707 -1.75581 11.2156
      vertex -8.923 -1.17474 11.7844
      vertex -8.923 -1.17474 11.2156
    endloop
  endfacet
  facet normal -0.986645 -0.162887 0
    outer loop
      vertex -8.923 -1.17474 11.7844
      vertex -8.82707 -1.75581 11.2156
      vertex -8.82707 -1.75581 11.7844
    endloop
  endfacet
  facet normal -0.697854 -0.115182 -0.706918
    outer loop
      vertex -16.183 -3.21899 21
      vertex -9.52784 -1.79283 14.1978
      vertex -9.51148 -1.89195 14.1978
    endloop
  endfacet
  facet normal -0.697858 -0.115162 -0.706917
    outer loop
      vertex -9.52784 -1.79283 14.1978
      vertex -16.183 -3.21899 21
      vertex -16.3588 -2.15368 21
    endloop
  endfacet
  facet normal -0.697853 -0.115209 -0.706915
    outer loop
      vertex -9.56438 -1.57153 14.1978
      vertex -16.3588 -2.15368 21
      vertex -9.61485 -1.26582 14.1978
    endloop
  endfacet
  facet normal -0.697851 -0.115226 -0.706914
    outer loop
      vertex -16.3588 -2.15368 21
      vertex -9.56438 -1.57153 14.1978
      vertex -9.52784 -1.79283 14.1978
    endloop
  endfacet
  facet normal -0.986656 -0.16282 0
    outer loop
      vertex -16.183 -3.21899 21
      vertex -16.3588 -2.15368 23
      vertex -16.3588 -2.15368 21
    endloop
  endfacet
  facet normal -0.986656 -0.16282 0
    outer loop
      vertex -16.3588 -2.15368 23
      vertex -16.183 -3.21899 21
      vertex -16.183 -3.21899 23
    endloop
  endfacet
  facet normal -0.697881 -0.115237 -0.706882
    outer loop
      vertex -17.0657 -3.39457 0
      vertex -17.6541 -3.51163 0.599991
      vertex -17.846 -2.34947 0.599991
    endloop
  endfacet
  facet normal -0.697831 -0.115164 -0.706943
    outer loop
      vertex -17.2511 -2.27115 0
      vertex -17.0657 -3.39457 0
      vertex -17.846 -2.34947 0.599991
    endloop
  endfacet
  facet normal -0.995181 -0.098057 0
    outer loop
      vertex -17.846 -2.34947 0.599991
      vertex -17.9615 -1.17726 3
      vertex -17.9615 -1.17726 0.599991
    endloop
  endfacet
  facet normal -0.995181 -0.098057 0
    outer loop
      vertex -17.9615 -1.17726 3
      vertex -17.846 -2.34947 0.599991
      vertex -17.846 -2.34947 3
    endloop
  endfacet
  facet normal -0.445251 -0.0438557 0.894331
    outer loop
      vertex -8.923 -1.17474 7.5
      vertex -8.98073 -0.588628 7.5
      vertex -17.846 -2.34947 3
    endloop
  endfacet
  facet normal -0.445248 -0.0438711 0.894332
    outer loop
      vertex -17.846 -2.34947 3
      vertex -8.98073 -0.588628 7.5
      vertex -17.9615 -1.17726 3
    endloop
  endfacet
  facet normal -0.995184 -0.0980222 0
    outer loop
      vertex -8.923 -1.17474 7.5
      vertex -8.98073 -0.588628 8.10436
      vertex -8.98073 -0.588628 7.5
    endloop
  endfacet
  facet normal -0.995184 -0.0980222 0
    outer loop
      vertex -8.98073 -0.588628 8.10436
      vertex -8.923 -1.17474 7.5
      vertex -8.923 -1.17474 8.10436
    endloop
  endfacet
  facet normal -0.995184 -0.0980222 0
    outer loop
      vertex -8.923 -1.17474 11.2156
      vertex -8.98073 -0.588628 11.7844
      vertex -8.98073 -0.588628 11.2156
    endloop
  endfacet
  facet normal -0.995184 -0.0980222 0
    outer loop
      vertex -8.98073 -0.588628 11.7844
      vertex -8.923 -1.17474 11.2156
      vertex -8.923 -1.17474 11.7844
    endloop
  endfacet
  facet normal -0.703891 -0.0693471 -0.706915
    outer loop
      vertex -16.3588 -2.15368 21
      vertex -9.6247 -1.16584 14.1978
      vertex -9.61485 -1.26582 14.1978
    endloop
  endfacet
  facet normal -0.703888 -0.0693715 -0.706915
    outer loop
      vertex -9.6247 -1.16584 14.1978
      vertex -16.3588 -2.15368 21
      vertex -16.4647 -1.07915 21
    endloop
  endfacet
  facet normal -0.70389 -0.0693118 -0.706919
    outer loop
      vertex -16.4647 -1.07915 21
      vertex -9.64668 -0.942624 14.1978
      vertex -9.6247 -1.16584 14.1978
    endloop
  endfacet
  facet normal -0.70389 -0.0693259 -0.706918
    outer loop
      vertex -9.64668 -0.942624 14.1978
      vertex -16.4647 -1.07915 21
      vertex -9.67705 -0.634267 14.1978
    endloop
  endfacet
  facet normal -0.995179 -0.0980795 0
    outer loop
      vertex -16.3588 -2.15368 21
      vertex -16.4647 -1.07915 23
      vertex -16.4647 -1.07915 21
    endloop
  endfacet
  facet normal -0.995179 -0.0980795 0
    outer loop
      vertex -16.4647 -1.07915 23
      vertex -16.3588 -2.15368 21
      vertex -16.3588 -2.15368 23
    endloop
  endfacet
  facet normal -0.703862 -0.0693528 -0.706943
    outer loop
      vertex -17.2511 -2.27115 0
      vertex -17.846 -2.34947 0.599991
      vertex -17.9615 -1.17726 0.599991
    endloop
  endfacet
  facet normal -0.703835 -0.0693189 -0.706973
    outer loop
      vertex -17.3627 -1.13801 0
      vertex -17.2511 -2.27115 0
      vertex -17.9615 -1.17726 0.599991
    endloop
  endfacet
  facet normal -0.999466 -0.0326856 0
    outer loop
      vertex -17.9615 -1.17726 0.599991
      vertex -18 0 3
      vertex -18 0 0.599991
    endloop
  endfacet
  facet normal -0.999466 -0.0326856 0
    outer loop
      vertex -18 0 3
      vertex -17.9615 -1.17726 0.599991
      vertex -17.9615 -1.17726 3
    endloop
  endfacet
  facet normal -0.447164 -0.0146389 0.894332
    outer loop
      vertex -9 0 7.5
      vertex -17.9615 -1.17726 3
      vertex -8.98073 -0.588628 7.5
    endloop
  endfacet
  facet normal -0.447166 -0.0146237 0.894332
    outer loop
      vertex -17.9615 -1.17726 3
      vertex -9 0 7.5
      vertex -18 0 3
    endloop
  endfacet
  facet normal -0.999465 -0.0327196 0
    outer loop
      vertex -8.98073 -0.588628 7.5
      vertex -9 0 8.10436
      vertex -9 0 7.5
    endloop
  endfacet
  facet normal -0.999465 -0.0327196 0
    outer loop
      vertex -9 0 8.10436
      vertex -8.98073 -0.588628 7.5
      vertex -8.98073 -0.588628 8.10436
    endloop
  endfacet
  facet normal -0.999465 -0.0327196 0
    outer loop
      vertex -8.98073 -0.588628 11.2156
      vertex -9 0 11.7844
      vertex -9 0 11.2156
    endloop
  endfacet
  facet normal -0.999465 -0.0327196 0
    outer loop
      vertex -9 0 11.7844
      vertex -8.98073 -0.588628 11.2156
      vertex -8.98073 -0.588628 11.7844
    endloop
  endfacet
  facet normal -0.706916 -0.0231635 -0.706918
    outer loop
      vertex -16.4647 -1.07915 21
      vertex -9.68034 -0.533861 14.1978
      vertex -9.67705 -0.634267 14.1978
    endloop
  endfacet
  facet normal -0.706918 -0.0231239 -0.706918
    outer loop
      vertex -9.68034 -0.533861 14.1978
      vertex -16.4647 -1.07915 21
      vertex -16.5 0 21
    endloop
  endfacet
  facet normal -0.706918 -0.0231467 -0.706916
    outer loop
      vertex -9.68768 -0.309683 14.1978
      vertex -16.5 0 21
      vertex -9.69782 0 14.1978
    endloop
  endfacet
  facet normal -0.706918 -0.0231458 -0.706916
    outer loop
      vertex -16.5 0 21
      vertex -9.68768 -0.309683 14.1978
      vertex -9.68034 -0.533861 14.1978
    endloop
  endfacet
  facet normal -0.999465 -0.0326934 0
    outer loop
      vertex -16.4647 -1.07915 21
      vertex -16.5 0 23
      vertex -16.5 0 21
    endloop
  endfacet
  facet normal -0.999465 -0.0326934 0
    outer loop
      vertex -16.5 0 23
      vertex -16.4647 -1.07915 21
      vertex -16.4647 -1.07915 23
    endloop
  endfacet
  facet normal -0 0 1
    outer loop
      vertex 2.17313 7.57675 23
      vertex 6.53439 4.40811 23
      vertex 2.26344 7.72198 23
    endloop
  endfacet
  facet normal 0 0 1
    outer loop
      vertex 6.03041 3.33345 23
      vertex 2.608 0.170929 23
      vertex 2.61359 0 23
    endloop
  endfacet
  facet normal 0 0 1
    outer loop
      vertex 6.53439 4.40811 23
      vertex 2.17313 7.57675 23
      vertex 6.43295 4.2704 23
    endloop
  endfacet
  facet normal 0 0 1
    outer loop
      vertex 6.03041 3.33345 23
      vertex 2.59123 0.341141 23
      vertex 2.608 0.170929 23
    endloop
  endfacet
  facet normal -0 0 1
    outer loop
      vertex 2.0735 7.43773 23
      vertex 6.43295 4.2704 23
      vertex 2.17313 7.57675 23
    endloop
  endfacet
  facet normal 0 0 1
    outer loop
      vertex 6.03041 3.33345 23
      vertex 2.56337 0.509888 23
      vertex 2.59123 0.341141 23
    endloop
  endfacet
  facet normal 0 0 1
    outer loop
      vertex 6.43295 4.2704 23
      vertex 2.0735 7.43773 23
      vertex 6.34074 4.12636 23
    endloop
  endfacet
  facet normal 0 0 1
    outer loop
      vertex 6.03041 3.33345 23
      vertex 2.52454 0.676437 23
      vertex 2.56337 0.509888 23
    endloop
  endfacet
  facet normal -0 0 1
    outer loop
      vertex 1.965 7.30553 23
      vertex 6.34074 4.12636 23
      vertex 2.0735 7.43773 23
    endloop
  endfacet
  facet normal 0 0 1
    outer loop
      vertex 6.03041 3.33345 23
      vertex 2.47488 0.840103 23
      vertex 2.52454 0.676437 23
    endloop
  endfacet
  facet normal 0 0 1
    outer loop
      vertex 6.34074 4.12636 23
      vertex 1.965 7.30553 23
      vertex 6.25816 3.97659 23
    endloop
  endfacet
  facet normal 0 0 1
    outer loop
      vertex 6.03041 3.33345 23
      vertex 2.41464 1.00017 23
      vertex 2.47488 0.840103 23
    endloop
  endfacet
  facet normal -0 0 1
    outer loop
      vertex 1.84808 7.18069 23
      vertex 6.25816 3.97659 23
      vertex 1.965 7.30553 23
    endloop
  endfacet
  facet normal 0 0 1
    outer loop
      vertex 6.03041 3.33345 23
      vertex 2.34406 1.15596 23
      vertex 2.41464 1.00017 23
    endloop
  endfacet
  facet normal 0 0 1
    outer loop
      vertex 6.25816 3.97659 23
      vertex 1.84808 7.18069 23
      vertex 6.18553 3.82175 23
    endloop
  endfacet
  facet normal 0 0 1
    outer loop
      vertex 6.03041 3.33345 23
      vertex 2.26344 1.30679 23
      vertex 2.34406 1.15596 23
    endloop
  endfacet
  facet normal -0 0 1
    outer loop
      vertex 1.72325 7.06378 23
      vertex 6.18553 3.82175 23
      vertex 1.84808 7.18069 23
    endloop
  endfacet
  facet normal 0 0 1
    outer loop
      vertex 6.03041 3.33345 23
      vertex 2.17313 1.45203 23
      vertex 2.26344 1.30679 23
    endloop
  endfacet
  facet normal 0 0 1
    outer loop
      vertex 6.18553 3.82175 23
      vertex 1.72325 7.06378 23
      vertex 6.1232 3.66248 23
    endloop
  endfacet
  facet normal 0 0 1
    outer loop
      vertex 6.03041 3.33345 23
      vertex 2.0735 1.59105 23
      vertex 2.17313 1.45203 23
    endloop
  endfacet
  facet normal -0 0 1
    outer loop
      vertex 1.59105 6.95528 23
      vertex 6.1232 3.66248 23
      vertex 1.72325 7.06378 23
    endloop
  endfacet
  facet normal 0 0 1
    outer loop
      vertex 6.03041 3.33345 23
      vertex 1.965 1.72325 23
      vertex 2.0735 1.59105 23
    endloop
  endfacet
  facet normal 0 0 1
    outer loop
      vertex 1.59105 2.0735 23
      vertex 6.1232 3.66248 23
      vertex 1.59105 6.95528 23
    endloop
  endfacet
  facet normal 0 0 1
    outer loop
      vertex 6.03041 3.33345 23
      vertex 1.84808 1.84808 23
      vertex 1.965 1.72325 23
    endloop
  endfacet
  facet normal 0 0 1
    outer loop
      vertex 6.1232 3.66248 23
      vertex 1.59105 2.0735 23
      vertex 6.07141 3.49948 23
    endloop
  endfacet
  facet normal 0 0 1
    outer loop
      vertex 6.03041 3.33345 23
      vertex 1.72325 1.965 23
      vertex 1.84808 1.84808 23
    endloop
  endfacet
  facet normal 0 -0 1
    outer loop
      vertex 1.72325 1.965 23
      vertex 6.07141 3.49948 23
      vertex 1.59105 2.0735 23
    endloop
  endfacet
  facet normal 0 0 1
    outer loop
      vertex 6.07141 3.49948 23
      vertex 1.72325 1.965 23
      vertex 6.03041 3.33345 23
    endloop
  endfacet
  facet normal -0 0 1
    outer loop
      vertex 1.45203 6.85567 23
      vertex 1.59105 2.0735 23
      vertex 1.59105 6.95528 23
    endloop
  endfacet
  facet normal 0 0 1
    outer loop
      vertex 1.45203 6.85567 23
      vertex 1.45203 2.17313 23
      vertex 1.59105 2.0735 23
    endloop
  endfacet
  facet normal -0 0 1
    outer loop
      vertex 1.30679 6.76535 23
      vertex 1.45203 2.17313 23
      vertex 1.45203 6.85567 23
    endloop
  endfacet
  facet normal 0 0 1
    outer loop
      vertex 1.30679 6.76535 23
      vertex 1.30679 2.26344 23
      vertex 1.45203 2.17313 23
    endloop
  endfacet
  facet normal -0 0 1
    outer loop
      vertex 1.15596 6.68472 23
      vertex 1.30679 2.26344 23
      vertex 1.30679 6.76535 23
    endloop
  endfacet
  facet normal 0 0 1
    outer loop
      vertex 1.15596 6.68472 23
      vertex 1.15596 2.34406 23
      vertex 1.30679 2.26344 23
    endloop
  endfacet
  facet normal -0 0 1
    outer loop
      vertex 1.00017 6.61414 23
      vertex 1.15596 2.34406 23
      vertex 1.15596 6.68472 23
    endloop
  endfacet
  facet normal 0 0 1
    outer loop
      vertex 1.00017 6.61414 23
      vertex 1.00017 2.41464 23
      vertex 1.15596 2.34406 23
    endloop
  endfacet
  facet normal -0 0 1
    outer loop
      vertex 0.840103 6.55389 23
      vertex 1.00017 2.41464 23
      vertex 1.00017 6.61414 23
    endloop
  endfacet
  facet normal 0 0 1
    outer loop
      vertex 0.840103 6.55389 23
      vertex 0.840103 2.47488 23
      vertex 1.00017 2.41464 23
    endloop
  endfacet
  facet normal -0 0 1
    outer loop
      vertex 0.676437 6.50424 23
      vertex 0.840103 2.47488 23
      vertex 0.840103 6.55389 23
    endloop
  endfacet
  facet normal 0 0 1
    outer loop
      vertex 0.676437 6.50424 23
      vertex 0.676437 2.52454 23
      vertex 0.840103 2.47488 23
    endloop
  endfacet
  facet normal -0 0 1
    outer loop
      vertex 0.509888 6.46541 23
      vertex 0.676437 2.52454 23
      vertex 0.676437 6.50424 23
    endloop
  endfacet
  facet normal 0 0 1
    outer loop
      vertex 0.509888 6.46541 23
      vertex 0.509888 2.56337 23
      vertex 0.676437 2.52454 23
    endloop
  endfacet
  facet normal -0 0 1
    outer loop
      vertex 0.341141 6.43755 23
      vertex 0.509888 2.56337 23
      vertex 0.509888 6.46541 23
    endloop
  endfacet
  facet normal 0 0 1
    outer loop
      vertex 0.341141 6.43755 23
      vertex 0.341141 2.59123 23
      vertex 0.509888 2.56337 23
    endloop
  endfacet
  facet normal -0 0 1
    outer loop
      vertex 0.170929 6.42079 23
      vertex 0.341141 2.59123 23
      vertex 0.341141 6.43755 23
    endloop
  endfacet
  facet normal 0 0 1
    outer loop
      vertex 0.170929 6.42079 23
      vertex 0.170929 2.608 23
      vertex 0.341141 2.59123 23
    endloop
  endfacet
  facet normal -0 0 1
    outer loop
      vertex 0 6.41519 23
      vertex 0.170929 2.608 23
      vertex 0.170929 6.42079 23
    endloop
  endfacet
  facet normal 0 0 1
    outer loop
      vertex 0 6.41519 23
      vertex 0 2.61359 23
      vertex 0.170929 2.608 23
    endloop
  endfacet
  facet normal 0 0 1
    outer loop
      vertex -0.170929 6.42079 23
      vertex 0 2.61359 23
      vertex 0 6.41519 23
    endloop
  endfacet
  facet normal 0 0 1
    outer loop
      vertex -0.170929 6.42079 23
      vertex -0.170929 2.608 23
      vertex 0 2.61359 23
    endloop
  endfacet
  facet normal 0 0 1
    outer loop
      vertex -0.341141 6.43755 23
      vertex -0.170929 2.608 23
      vertex -0.170929 6.42079 23
    endloop
  endfacet
  facet normal 0 0 1
    outer loop
      vertex -0.341141 6.43755 23
      vertex -0.341141 2.59123 23
      vertex -0.170929 2.608 23
    endloop
  endfacet
  facet normal 0 0 1
    outer loop
      vertex -0.509888 6.46541 23
      vertex -0.341141 2.59123 23
      vertex -0.341141 6.43755 23
    endloop
  endfacet
  facet normal 0 0 1
    outer loop
      vertex -0.509888 6.46541 23
      vertex -0.509888 2.56337 23
      vertex -0.341141 2.59123 23
    endloop
  endfacet
  facet normal 0 0 1
    outer loop
      vertex -0.676437 6.50424 23
      vertex -0.509888 2.56337 23
      vertex -0.509888 6.46541 23
    endloop
  endfacet
  facet normal 0 0 1
    outer loop
      vertex -0.676437 6.50424 23
      vertex -0.676437 2.52454 23
      vertex -0.509888 2.56337 23
    endloop
  endfacet
  facet normal 0 0 1
    outer loop
      vertex -0.840103 6.55389 23
      vertex -0.676437 2.52454 23
      vertex -0.676437 6.50424 23
    endloop
  endfacet
  facet normal 0 0 1
    outer loop
      vertex -0.840103 6.55389 23
      vertex -0.840103 2.47488 23
      vertex -0.676437 2.52454 23
    endloop
  endfacet
  facet normal 0 0 1
    outer loop
      vertex -1.00017 6.61414 23
      vertex -0.840103 2.47488 23
      vertex -0.840103 6.55389 23
    endloop
  endfacet
  facet normal 0 0 1
    outer loop
      vertex -1.00017 6.61414 23
      vertex -1.00017 2.41464 23
      vertex -0.840103 2.47488 23
    endloop
  endfacet
  facet normal 0 0 1
    outer loop
      vertex -1.15596 6.68472 23
      vertex -1.00017 2.41464 23
      vertex -1.00017 6.61414 23
    endloop
  endfacet
  facet normal 0 0 1
    outer loop
      vertex -1.15596 6.68472 23
      vertex -1.15596 2.34406 23
      vertex -1.00017 2.41464 23
    endloop
  endfacet
  facet normal 0 0 1
    outer loop
      vertex -1.30679 6.76535 23
      vertex -1.15596 2.34406 23
      vertex -1.15596 6.68472 23
    endloop
  endfacet
  facet normal 0 0 1
    outer loop
      vertex -1.30679 6.76535 23
      vertex -1.30679 2.26344 23
      vertex -1.15596 2.34406 23
    endloop
  endfacet
  facet normal 0 0 1
    outer loop
      vertex -1.45203 6.85567 23
      vertex -1.30679 2.26344 23
      vertex -1.30679 6.76535 23
    endloop
  endfacet
  facet normal 0 0 1
    outer loop
      vertex -1.45203 6.85567 23
      vertex -1.45203 2.17313 23
      vertex -1.30679 2.26344 23
    endloop
  endfacet
  facet normal 0 0 1
    outer loop
      vertex -1.59105 6.95528 23
      vertex -1.45203 2.17313 23
      vertex -1.45203 6.85567 23
    endloop
  endfacet
  facet normal 0 0 1
    outer loop
      vertex -1.59105 6.95528 23
      vertex -1.59105 2.0735 23
      vertex -1.45203 2.17313 23
    endloop
  endfacet
  facet normal 0 0 1
    outer loop
      vertex -6.1232 3.66248 23
      vertex -1.59105 6.95528 23
      vertex -1.72325 7.06378 23
    endloop
  endfacet
  facet normal 0 0 1
    outer loop
      vertex -1.59105 6.95528 23
      vertex -6.1232 3.66248 23
      vertex -1.59105 2.0735 23
    endloop
  endfacet
  facet normal 0 0 1
    outer loop
      vertex -6.18553 3.82175 23
      vertex -1.72325 7.06378 23
      vertex -1.84808 7.18069 23
    endloop
  endfacet
  facet normal -0 -0 1
    outer loop
      vertex -6.07141 3.49948 23
      vertex -1.59105 2.0735 23
      vertex -6.1232 3.66248 23
    endloop
  endfacet
  facet normal 0 0 1
    outer loop
      vertex -6.25816 3.97659 23
      vertex -1.84808 7.18069 23
      vertex -1.965 7.30553 23
    endloop
  endfacet
  facet normal 0 0 1
    outer loop
      vertex -1.59105 2.0735 23
      vertex -6.07141 3.49948 23
      vertex -1.72325 1.965 23
    endloop
  endfacet
  facet normal 0 0 1
    outer loop
      vertex -6.34074 4.12636 23
      vertex -1.965 7.30553 23
      vertex -2.0735 7.43773 23
    endloop
  endfacet
  facet normal -0 -0 1
    outer loop
      vertex -6.03041 3.33345 23
      vertex -1.72325 1.965 23
      vertex -6.07141 3.49948 23
    endloop
  endfacet
  facet normal 0 0 1
    outer loop
      vertex -6.43295 4.2704 23
      vertex -2.0735 7.43773 23
      vertex -2.17313 7.57675 23
    endloop
  endfacet
  facet normal 0 0 1
    outer loop
      vertex -1.72325 1.965 23
      vertex -6.03041 3.33345 23
      vertex -1.84808 1.84808 23
    endloop
  endfacet
  facet normal 0 0 1
    outer loop
      vertex -6.53439 4.40811 23
      vertex -2.17313 7.57675 23
      vertex -2.26344 7.72198 23
    endloop
  endfacet
  facet normal 0 0 1
    outer loop
      vertex -1.84808 1.84808 23
      vertex -6.00034 3.16508 23
      vertex -1.965 1.72325 23
    endloop
  endfacet
  facet normal 0 0 1
    outer loop
      vertex -6.64461 4.53888 23
      vertex -2.26344 7.72198 23
      vertex -2.34406 7.87283 23
    endloop
  endfacet
  facet normal -0 -0 1
    outer loop
      vertex -5.98135 2.9951 23
      vertex -1.965 1.72325 23
      vertex -6.00034 3.16508 23
    endloop
  endfacet
  facet normal 0 0 1
    outer loop
      vertex -6.76315 4.66217 23
      vertex -2.34406 7.87283 23
      vertex -2.41464 8.02861 23
    endloop
  endfacet
  facet normal 0 0 1
    outer loop
      vertex -1.965 1.72325 23
      vertex -5.98135 2.9951 23
      vertex -2.0735 1.59105 23
    endloop
  endfacet
  facet normal 0 0 1
    outer loop
      vertex -6.8895 4.77744 23
      vertex -2.41464 8.02861 23
      vertex -2.47488 8.18867 23
    endloop
  endfacet
  facet normal -0 -0 1
    outer loop
      vertex -5.97351 2.82425 23
      vertex -2.0735 1.59105 23
      vertex -5.98135 2.9951 23
    endloop
  endfacet
  facet normal 0 0 1
    outer loop
      vertex -7.02312 4.8842 23
      vertex -2.47488 8.18867 23
      vertex -2.52454 8.35234 23
    endloop
  endfacet
  facet normal 0 0 1
    outer loop
      vertex -2.0735 1.59105 23
      vertex -5.97351 2.82425 23
      vertex -2.17313 1.45203 23
    endloop
  endfacet
  facet normal 0 0 1
    outer loop
      vertex -7.16342 4.98199 23
      vertex -2.52454 8.35234 23
      vertex -2.56337 8.51891 23
    endloop
  endfacet
  facet normal -0 0 1
    outer loop
      vertex -5.97687 2.65326 23
      vertex -2.17313 1.45203 23
      vertex -5.97351 2.82425 23
    endloop
  endfacet
  facet normal 0 0 1
    outer loop
      vertex -7.30983 5.0704 23
      vertex -2.56337 8.51891 23
      vertex -2.59123 8.68765 23
    endloop
  endfacet
  facet normal 0 0 1
    outer loop
      vertex -2.17313 1.45203 23
      vertex -5.97687 2.65326 23
      vertex -2.26344 1.30679 23
    endloop
  endfacet
  facet normal 0 0 1
    outer loop
      vertex -7.4617 5.14905 23
      vertex -2.59123 8.68765 23
      vertex -2.608 8.85785 23
    endloop
  endfacet
  facet normal -0 0 1
    outer loop
      vertex -5.99141 2.48285 23
      vertex -2.26344 1.30679 23
      vertex -5.97687 2.65326 23
    endloop
  endfacet
  facet normal 0 0 1
    outer loop
      vertex -7.61841 5.21758 23
      vertex -2.608 8.85785 23
      vertex -2.61359 9.02879 23
    endloop
  endfacet
  facet normal 0 0 1
    outer loop
      vertex -2.26344 1.30679 23
      vertex -5.99141 2.48285 23
      vertex -2.34406 1.15596 23
    endloop
  endfacet
  facet normal 0 0 1
    outer loop
      vertex 13.7192 -9.16691 23
      vertex 7.91858 -7.20183 23
      vertex 7.91969 -7.37286 23
    endloop
  endfacet
  facet normal 0 0 1
    outer loop
      vertex 8.21185 0.203491 23
      vertex 7.90627 -7.03125 23
      vertex 7.91858 -7.20183 23
    endloop
  endfacet
  facet normal 0 0 1
    outer loop
      vertex 8.21185 0.203491 23
      vertex 7.88284 -6.86183 23
      vertex 7.90627 -7.03125 23
    endloop
  endfacet
  facet normal 0 0 1
    outer loop
      vertex 6.37004 -4.91681 23
      vertex 8.04349 0.233551 23
      vertex 7.87746 0.274567 23
    endloop
  endfacet
  facet normal 0 0 1
    outer loop
      vertex 8.21185 0.203491 23
      vertex 7.84837 -6.69431 23
      vertex 7.88284 -6.86183 23
    endloop
  endfacet
  facet normal 0 0 1
    outer loop
      vertex 8.21185 0.203491 23
      vertex 7.80302 -6.5294 23
      vertex 7.84837 -6.69431 23
    endloop
  endfacet
  facet normal 0 0 1
    outer loop
      vertex 8.21185 0.203491 23
      vertex 7.74699 -6.36781 23
      vertex 7.80302 -6.5294 23
    endloop
  endfacet
  facet normal 0 0 1
    outer loop
      vertex 6.21159 -4.85239 23
      vertex 7.87746 0.274567 23
      vertex 7.71445 0.326355 23
    endloop
  endfacet
  facet normal 0 0 1
    outer loop
      vertex 8.21185 0.203491 23
      vertex 7.68051 -6.21024 23
      vertex 7.74699 -6.36781 23
    endloop
  endfacet
  facet normal 0 0 1
    outer loop
      vertex 8.21185 0.203491 23
      vertex 7.60387 -6.05734 23
      vertex 7.68051 -6.21024 23
    endloop
  endfacet
  facet normal 0 0 1
    outer loop
      vertex 6.04929 -4.79848 23
      vertex 7.71445 0.326355 23
      vertex 7.55519 0.388687 23
    endloop
  endfacet
  facet normal 0 0 1
    outer loop
      vertex 8.21185 0.203491 23
      vertex 7.51738 -5.90979 23
      vertex 7.60387 -6.05734 23
    endloop
  endfacet
  facet normal 0 0 1
    outer loop
      vertex 8.21185 0.203491 23
      vertex 7.42143 -5.7682 23
      vertex 7.51738 -5.90979 23
    endloop
  endfacet
  facet normal 0 0 1
    outer loop
      vertex 5.8838 -4.75529 23
      vertex 7.55519 0.388687 23
      vertex 7.40034 0.461304 23
    endloop
  endfacet
  facet normal 0 0 1
    outer loop
      vertex 8.21185 0.203491 23
      vertex 7.31644 -5.63321 23
      vertex 7.42143 -5.7682 23
    endloop
  endfacet
  facet normal 0 0 1
    outer loop
      vertex 5.71585 -4.72302 23
      vertex 7.40034 0.461304 23
      vertex 7.25058 0.5439 23
    endloop
  endfacet
  facet normal 0 0 1
    outer loop
      vertex 8.21185 0.203491 23
      vertex 7.20282 -5.50536 23
      vertex 7.31644 -5.63321 23
    endloop
  endfacet
  facet normal 0 0 1
    outer loop
      vertex 5.54614 -4.70181 23
      vertex 7.25058 0.5439 23
      vertex 7.10654 0.636108 23
    endloop
  endfacet
  facet normal 0 0 1
    outer loop
      vertex 8.21185 0.203491 23
      vertex 7.0811 -5.38522 23
      vertex 7.20282 -5.50536 23
    endloop
  endfacet
  facet normal 0 0 1
    outer loop
      vertex 2.47488 -0.840103 23
      vertex 7.10654 0.636108 23
      vertex 6.96883 0.737534 23
    endloop
  endfacet
  facet normal 0 0 1
    outer loop
      vertex 8.21185 0.203491 23
      vertex 6.95178 -5.2733 23
      vertex 7.0811 -5.38522 23
    endloop
  endfacet
  facet normal 0 0 1
    outer loop
      vertex 2.52454 -0.676437 23
      vertex 6.96883 0.737534 23
      vertex 6.83806 0.847763 23
    endloop
  endfacet
  facet normal 0 0 1
    outer loop
      vertex 8.21185 0.203491 23
      vertex 6.81541 -5.17007 23
      vertex 6.95178 -5.2733 23
    endloop
  endfacet
  facet normal 0 0 1
    outer loop
      vertex 2.56337 -0.509888 23
      vertex 6.83806 0.847763 23
      vertex 6.71477 0.966293 23
    endloop
  endfacet
  facet normal 0 0 1
    outer loop
      vertex 8.21185 0.203491 23
      vertex 6.67259 -5.07599 23
      vertex 6.81541 -5.17007 23
    endloop
  endfacet
  facet normal 0 0 1
    outer loop
      vertex 2.59123 -0.341141 23
      vertex 6.71477 0.966293 23
      vertex 6.59949 1.09265 23
    endloop
  endfacet
  facet normal 0 0 1
    outer loop
      vertex 8.21185 0.203491 23
      vertex 6.52391 -4.99144 23
      vertex 6.67259 -5.07599 23
    endloop
  endfacet
  facet normal 0 0 1
    outer loop
      vertex 2.608 -0.170929 23
      vertex 6.59949 1.09265 23
      vertex 6.49274 1.22626 23
    endloop
  endfacet
  facet normal 0 0 1
    outer loop
      vertex 2.61359 0 23
      vertex 6.49274 1.22626 23
      vertex 6.39494 1.36658 23
    endloop
  endfacet
  facet normal 0 0 1
    outer loop
      vertex 8.04349 0.233551 23
      vertex 6.37004 -4.91681 23
      vertex 6.52391 -4.99144 23
    endloop
  endfacet
  facet normal 0 0 1
    outer loop
      vertex 2.61359 0 23
      vertex 6.39494 1.36658 23
      vertex 6.30653 1.51299 23
    endloop
  endfacet
  facet normal 0 0 1
    outer loop
      vertex 2.61359 0 23
      vertex 6.30653 1.51299 23
      vertex 6.22789 1.66486 23
    endloop
  endfacet
  facet normal 0 0 1
    outer loop
      vertex 7.87746 0.274567 23
      vertex 6.21159 -4.85239 23
      vertex 6.37004 -4.91681 23
    endloop
  endfacet
  facet normal 0 0 1
    outer loop
      vertex 2.61359 0 23
      vertex 6.22789 1.66486 23
      vertex 6.15935 1.82155 23
    endloop
  endfacet
  facet normal 0 0 1
    outer loop
      vertex 2.61359 0 23
      vertex 6.15935 1.82155 23
      vertex 6.10121 1.98239 23
    endloop
  endfacet
  facet normal 0 0 1
    outer loop
      vertex 2.61359 0 23
      vertex 6.10121 1.98239 23
      vertex 6.05371 2.1467 23
    endloop
  endfacet
  facet normal 0 0 1
    outer loop
      vertex 7.71445 0.326355 23
      vertex 6.04929 -4.79848 23
      vertex 6.21159 -4.85239 23
    endloop
  endfacet
  facet normal 0 0 1
    outer loop
      vertex 2.61359 0 23
      vertex 6.05371 2.1467 23
      vertex 6.01706 2.31375 23
    endloop
  endfacet
  facet normal 0 0 1
    outer loop
      vertex 2.61359 0 23
      vertex 6.01706 2.31375 23
      vertex 5.99141 2.48285 23
    endloop
  endfacet
  facet normal 0 0 1
    outer loop
      vertex 2.61359 0 23
      vertex 5.99141 2.48285 23
      vertex 5.97687 2.65326 23
    endloop
  endfacet
  facet normal 0 0 1
    outer loop
      vertex 2.61359 0 23
      vertex 5.97687 2.65326 23
      vertex 5.97351 2.82425 23
    endloop
  endfacet
  facet normal 0 0 1
    outer loop
      vertex 7.55519 0.388687 23
      vertex 5.8838 -4.75529 23
      vertex 6.04929 -4.79848 23
    endloop
  endfacet
  facet normal 0 0 1
    outer loop
      vertex 10.9156 1.6035 23
      vertex 16.5 0 23
      vertex 16.4647 1.07915 23
    endloop
  endfacet
  facet normal -0 0 1
    outer loop
      vertex 11.1024 2.08061 23
      vertex 16.4647 1.07915 23
      vertex 16.3588 2.15368 23
    endloop
  endfacet
  facet normal -0 0 1
    outer loop
      vertex 10.9156 1.6035 23
      vertex 16.4647 1.07915 23
      vertex 10.9883 1.75835 23
    endloop
  endfacet
  facet normal -0 0 1
    outer loop
      vertex 11.1924 2.58499 23
      vertex 16.3588 2.15368 23
      vertex 16.183 3.21899 23
    endloop
  endfacet
  facet normal 0 0 1
    outer loop
      vertex 16.5 0 23
      vertex 10.9156 1.6035 23
      vertex 10.833 1.45374 23
    endloop
  endfacet
  facet normal 0 0 1
    outer loop
      vertex 11.1969 2.92683 23
      vertex 16.183 3.21899 23
      vertex 15.9378 4.27051 23
    endloop
  endfacet
  facet normal 0 0 1
    outer loop
      vertex 16.4647 1.07915 23
      vertex 11.0506 1.9176 23
      vertex 10.9883 1.75835 23
    endloop
  endfacet
  facet normal 0 0 1
    outer loop
      vertex 11.1201 3.4334 23
      vertex 15.9378 4.27051 23
      vertex 15.6243 5.30375 23
    endloop
  endfacet
  facet normal -0 0 1
    outer loop
      vertex 10.7408 1.30969 23
      vertex 16.5 0 23
      vertex 10.833 1.45374 23
    endloop
  endfacet
  facet normal 0 0 1
    outer loop
      vertex 10.9459 3.91522 23
      vertex 15.6243 5.30375 23
      vertex 15.244 6.31428 23
    endloop
  endfacet
  facet normal 0 0 1
    outer loop
      vertex 16.4647 1.07915 23
      vertex 11.1024 2.08061 23
      vertex 11.0506 1.9176 23
    endloop
  endfacet
  facet normal 0 0 1
    outer loop
      vertex 10.681 4.35382 23
      vertex 15.244 6.31428 23
      vertex 14.7984 7.29776 23
    endloop
  endfacet
  facet normal 0 0 1
    outer loop
      vertex 16.3588 2.15368 23
      vertex 11.1434 2.24664 23
      vertex 11.1024 2.08061 23
    endloop
  endfacet
  facet normal 0 0 1
    outer loop
      vertex 10.459 4.61378 23
      vertex 14.7984 7.29776 23
      vertex 14.2894 8.25 23
    endloop
  endfacet
  facet normal 0 0 1
    outer loop
      vertex 16.3588 2.15368 23
      vertex 11.1734 2.41501 23
      vertex 11.1434 2.24664 23
    endloop
  endfacet
  facet normal 0 0 1
    outer loop
      vertex 10.0672 4.94398 23
      vertex 14.2894 8.25 23
      vertex 13.7192 9.16691 23
    endloop
  endfacet
  facet normal 0 0 1
    outer loop
      vertex 16.5 0 23
      vertex 10.7408 1.30969 23
      vertex 16.4647 -1.07915 23
    endloop
  endfacet
  facet normal 0 0 1
    outer loop
      vertex 9.77344 5.11877 23
      vertex 13.7192 9.16691 23
      vertex 13.0903 10.0446 23
    endloop
  endfacet
  facet normal 0 0 1
    outer loop
      vertex 16.3588 2.15368 23
      vertex 11.1924 2.58499 23
      vertex 11.1734 2.41501 23
    endloop
  endfacet
  facet normal 0 0 1
    outer loop
      vertex 9.29633 5.30551 23
      vertex 13.0903 10.0446 23
      vertex 12.4054 10.8792 23
    endloop
  endfacet
  facet normal 0 0 1
    outer loop
      vertex 16.183 3.21899 23
      vertex 11.2003 2.75583 23
      vertex 11.1924 2.58499 23
    endloop
  endfacet
  facet normal 0 0 1
    outer loop
      vertex 8.96193 5.3766 23
      vertex 12.4054 10.8792 23
      vertex 11.6673 11.6673 23
    endloop
  endfacet
  facet normal -0 0 1
    outer loop
      vertex 10.6394 1.17198 23
      vertex 16.4647 -1.07915 23
      vertex 10.7408 1.30969 23
    endloop
  endfacet
  facet normal -0 0 1
    outer loop
      vertex 10.5292 1.0412 23
      vertex 16.4647 -1.07915 23
      vertex 10.6394 1.17198 23
    endloop
  endfacet
  facet normal 0 0 1
    outer loop
      vertex 16.183 3.21899 23
      vertex 11.1969 2.92683 23
      vertex 11.2003 2.75583 23
    endloop
  endfacet
  facet normal 0 0 1
    outer loop
      vertex 15.9378 4.27051 23
      vertex 11.1824 3.09724 23
      vertex 11.1969 2.92683 23
    endloop
  endfacet
  facet normal 0 0 1
    outer loop
      vertex 15.9378 4.27051 23
      vertex 11.1567 3.26634 23
      vertex 11.1824 3.09724 23
    endloop
  endfacet
  facet normal 0 0 1
    outer loop
      vertex 15.9378 4.27051 23
      vertex 11.1201 3.4334 23
      vertex 11.1567 3.26634 23
    endloop
  endfacet
  facet normal 0 0 1
    outer loop
      vertex 15.6243 5.30375 23
      vertex 11.0726 3.59769 23
      vertex 11.1201 3.4334 23
    endloop
  endfacet
  facet normal 0 0 1
    outer loop
      vertex 15.6243 5.30375 23
      vertex 11.0144 3.75853 23
      vertex 11.0726 3.59769 23
    endloop
  endfacet
  facet normal 0 0 1
    outer loop
      vertex 15.6243 5.30375 23
      vertex 10.9459 3.91522 23
      vertex 11.0144 3.75853 23
    endloop
  endfacet
  facet normal 0 0 1
    outer loop
      vertex 8.62111 5.40343 23
      vertex 11.6673 11.6673 23
      vertex 10.8792 12.4054 23
    endloop
  endfacet
  facet normal 0 0 1
    outer loop
      vertex 15.244 6.31428 23
      vertex 10.8672 4.06711 23
      vertex 10.9459 3.91522 23
    endloop
  endfacet
  facet normal 0 0 1
    outer loop
      vertex 15.244 6.31428 23
      vertex 10.7788 4.21352 23
      vertex 10.8672 4.06711 23
    endloop
  endfacet
  facet normal 0 0 1
    outer loop
      vertex 15.244 6.31428 23
      vertex 10.681 4.35382 23
      vertex 10.7788 4.21352 23
    endloop
  endfacet
  facet normal 0 0 1
    outer loop
      vertex 14.7984 7.29776 23
      vertex 10.5743 4.48744 23
      vertex 10.681 4.35382 23
    endloop
  endfacet
  facet normal 0 0 1
    outer loop
      vertex 14.7984 7.29776 23
      vertex 10.459 4.61378 23
      vertex 10.5743 4.48744 23
    endloop
  endfacet
  facet normal 0 0 1
    outer loop
      vertex 14.2894 8.25 23
      vertex 10.3357 4.73233 23
      vertex 10.459 4.61378 23
    endloop
  endfacet
  facet normal 0 0 1
    outer loop
      vertex 14.2894 8.25 23
      vertex 10.205 4.84254 23
      vertex 10.3357 4.73233 23
    endloop
  endfacet
  facet normal 0 0 1
    outer loop
      vertex 14.2894 8.25 23
      vertex 10.0672 4.94398 23
      vertex 10.205 4.84254 23
    endloop
  endfacet
  facet normal 0 0 1
    outer loop
      vertex 8.27969 5.38553 23
      vertex 10.8792 12.4054 23
      vertex 10.0446 13.0903 23
    endloop
  endfacet
  facet normal 0 0 1
    outer loop
      vertex 13.7192 9.16691 23
      vertex 9.9232 5.03619 23
      vertex 10.0672 4.94398 23
    endloop
  endfacet
  facet normal 0 0 1
    outer loop
      vertex 13.7192 9.16691 23
      vertex 9.77344 5.11877 23
      vertex 9.9232 5.03619 23
    endloop
  endfacet
  facet normal 0 0 1
    outer loop
      vertex 13.0903 10.0446 23
      vertex 9.61859 5.19139 23
      vertex 9.77344 5.11877 23
    endloop
  endfacet
  facet normal 0 0 1
    outer loop
      vertex 13.0903 10.0446 23
      vertex 9.45934 5.25374 23
      vertex 9.61859 5.19139 23
    endloop
  endfacet
  facet normal 0 0 1
    outer loop
      vertex 13.0903 10.0446 23
      vertex 9.29633 5.30551 23
      vertex 9.45934 5.25374 23
    endloop
  endfacet
  facet normal 0 0 1
    outer loop
      vertex 2.59123 9.36993 23
      vertex 10.0446 13.0903 23
      vertex 9.16691 13.7192 23
    endloop
  endfacet
  facet normal 0 0 1
    outer loop
      vertex 12.4054 10.8792 23
      vertex 9.13029 5.34653 23
      vertex 9.29633 5.30551 23
    endloop
  endfacet
  facet normal 0 0 1
    outer loop
      vertex 12.4054 10.8792 23
      vertex 8.96193 5.3766 23
      vertex 9.13029 5.34653 23
    endloop
  endfacet
  facet normal 0 0 1
    outer loop
      vertex 11.6673 11.6673 23
      vertex 8.79195 5.39558 23
      vertex 8.96193 5.3766 23
    endloop
  endfacet
  facet normal 0 0 1
    outer loop
      vertex 11.6673 11.6673 23
      vertex 8.62111 5.40343 23
      vertex 8.79195 5.39558 23
    endloop
  endfacet
  facet normal 0 0 1
    outer loop
      vertex 10.8792 12.4054 23
      vertex 8.4501 5.40007 23
      vertex 8.62111 5.40343 23
    endloop
  endfacet
  facet normal 0 0 1
    outer loop
      vertex 10.8792 12.4054 23
      vertex 8.27969 5.38553 23
      vertex 8.4501 5.40007 23
    endloop
  endfacet
  facet normal 0 0 1
    outer loop
      vertex 2.56337 9.53868 23
      vertex 9.16691 13.7192 23
      vertex 8.25 14.2894 23
    endloop
  endfacet
  facet normal 0 0 1
    outer loop
      vertex 10.0446 13.0903 23
      vertex 8.1106 5.35988 23
      vertex 8.27969 5.38553 23
    endloop
  endfacet
  facet normal 0 0 1
    outer loop
      vertex 10.0446 13.0903 23
      vertex 2.59123 9.36993 23
      vertex 8.1106 5.35988 23
    endloop
  endfacet
  facet normal 0 0 1
    outer loop
      vertex 8.1106 5.35988 23
      vertex 2.59123 9.36993 23
      vertex 7.94354 5.32323 23
    endloop
  endfacet
  facet normal -0 -0 1
    outer loop
      vertex 2.608 9.19974 23
      vertex 7.94354 5.32323 23
      vertex 2.59123 9.36993 23
    endloop
  endfacet
  facet normal 0 0 1
    outer loop
      vertex 7.94354 5.32323 23
      vertex 2.608 9.19974 23
      vertex 7.77925 5.27573 23
    endloop
  endfacet
  facet normal -0 -0 1
    outer loop
      vertex 2.61359 9.02879 23
      vertex 7.77925 5.27573 23
      vertex 2.608 9.19974 23
    endloop
  endfacet
  facet normal 0 0 1
    outer loop
      vertex 2.47488 9.86891 23
      vertex 8.25 14.2894 23
      vertex 7.29776 14.7984 23
    endloop
  endfacet
  facet normal 0 0 1
    outer loop
      vertex 7.77925 5.27573 23
      vertex 2.61359 9.02879 23
      vertex 7.61841 5.21758 23
    endloop
  endfacet
  facet normal -0 0 1
    outer loop
      vertex 2.608 8.85785 23
      vertex 7.61841 5.21758 23
      vertex 2.61359 9.02879 23
    endloop
  endfacet
  facet normal 0 0 1
    outer loop
      vertex 7.61841 5.21758 23
      vertex 2.608 8.85785 23
      vertex 7.4617 5.14905 23
    endloop
  endfacet
  facet normal 0 0 1
    outer loop
      vertex 7.4617 5.14905 23
      vertex 2.59123 8.68765 23
      vertex 7.30983 5.0704 23
    endloop
  endfacet
  facet normal -0 0 1
    outer loop
      vertex 2.56337 8.51891 23
      vertex 7.30983 5.0704 23
      vertex 2.59123 8.68765 23
    endloop
  endfacet
  facet normal 0 0 1
    outer loop
      vertex 7.30983 5.0704 23
      vertex 2.56337 8.51891 23
      vertex 7.16342 4.98199 23
    endloop
  endfacet
  facet normal -0 0 1
    outer loop
      vertex 2.52454 8.35234 23
      vertex 7.16342 4.98199 23
      vertex 2.56337 8.51891 23
    endloop
  endfacet
  facet normal 0 0 1
    outer loop
      vertex 7.16342 4.98199 23
      vertex 2.52454 8.35234 23
      vertex 7.02312 4.8842 23
    endloop
  endfacet
  facet normal 0 0 1
    outer loop
      vertex 2.34406 10.1848 23
      vertex 7.29776 14.7984 23
      vertex 6.31428 15.244 23
    endloop
  endfacet
  facet normal -0 0 1
    outer loop
      vertex 2.47488 8.18867 23
      vertex 7.02312 4.8842 23
      vertex 2.52454 8.35234 23
    endloop
  endfacet
  facet normal 0 0 1
    outer loop
      vertex 7.02312 4.8842 23
      vertex 2.47488 8.18867 23
      vertex 6.8895 4.77744 23
    endloop
  endfacet
  facet normal -0 0 1
    outer loop
      vertex 2.41464 8.02861 23
      vertex 6.8895 4.77744 23
      vertex 2.47488 8.18867 23
    endloop
  endfacet
  facet normal 0 0 1
    outer loop
      vertex 6.8895 4.77744 23
      vertex 2.41464 8.02861 23
      vertex 6.76315 4.66217 23
    endloop
  endfacet
  facet normal 0 0 1
    outer loop
      vertex 6.76315 4.66217 23
      vertex 2.34406 7.87283 23
      vertex 6.64461 4.53888 23
    endloop
  endfacet
  facet normal -0 0 1
    outer loop
      vertex 2.26344 7.72198 23
      vertex 6.64461 4.53888 23
      vertex 2.34406 7.87283 23
    endloop
  endfacet
  facet normal 0 0 1
    outer loop
      vertex 6.64461 4.53888 23
      vertex 2.26344 7.72198 23
      vertex 6.53439 4.40811 23
    endloop
  endfacet
  facet normal 0 0 1
    outer loop
      vertex 6.03041 3.33345 23
      vertex 2.61359 0 23
      vertex 6.00034 3.16508 23
    endloop
  endfacet
  facet normal 0 0 1
    outer loop
      vertex 7.40034 0.461304 23
      vertex 5.71585 -4.72302 23
      vertex 5.8838 -4.75529 23
    endloop
  endfacet
  facet normal 0 0 1
    outer loop
      vertex 6.00034 3.16508 23
      vertex 2.61359 0 23
      vertex 5.98135 2.9951 23
    endloop
  endfacet
  facet normal 0 0 1
    outer loop
      vertex 5.98135 2.9951 23
      vertex 2.61359 0 23
      vertex 5.97351 2.82425 23
    endloop
  endfacet
  facet normal 0 0 1
    outer loop
      vertex 6.49274 1.22626 23
      vertex 2.61359 0 23
      vertex 2.608 -0.170929 23
    endloop
  endfacet
  facet normal 0 0 1
    outer loop
      vertex 2.0735 10.6199 23
      vertex 6.31428 15.244 23
      vertex 5.30375 15.6243 23
    endloop
  endfacet
  facet normal 0 0 1
    outer loop
      vertex 6.59949 1.09265 23
      vertex 2.608 -0.170929 23
      vertex 2.59123 -0.341141 23
    endloop
  endfacet
  facet normal 0 0 1
    outer loop
      vertex 6.71477 0.966293 23
      vertex 2.59123 -0.341141 23
      vertex 2.56337 -0.509888 23
    endloop
  endfacet
  facet normal 0 0 1
    outer loop
      vertex 6.83806 0.847763 23
      vertex 2.56337 -0.509888 23
      vertex 2.52454 -0.676437 23
    endloop
  endfacet
  facet normal 0 0 1
    outer loop
      vertex 7.25058 0.5439 23
      vertex 5.54614 -4.70181 23
      vertex 5.71585 -4.72302 23
    endloop
  endfacet
  facet normal 0 0 1
    outer loop
      vertex 6.96883 0.737534 23
      vertex 2.52454 -0.676437 23
      vertex 2.47488 -0.840103 23
    endloop
  endfacet
  facet normal 0 0 1
    outer loop
      vertex 7.10654 0.636108 23
      vertex 5.3754 -4.69174 23
      vertex 5.54614 -4.70181 23
    endloop
  endfacet
  facet normal 0 0 1
    outer loop
      vertex 1.84808 10.8769 23
      vertex 5.30375 15.6243 23
      vertex 4.27051 15.9378 23
    endloop
  endfacet
  facet normal 0 0 1
    outer loop
      vertex 7.10654 0.636108 23
      vertex 2.47488 -0.840103 23
      vertex 5.3754 -4.69174 23
    endloop
  endfacet
  facet normal 0 0 1
    outer loop
      vertex 5.3754 -4.69174 23
      vertex 2.47488 -0.840103 23
      vertex 5.20438 -4.69286 23
    endloop
  endfacet
  facet normal -0 0 1
    outer loop
      vertex 2.41464 -1.00017 23
      vertex 5.20438 -4.69286 23
      vertex 2.47488 -0.840103 23
    endloop
  endfacet
  facet normal 0 0 1
    outer loop
      vertex 5.20438 -4.69286 23
      vertex 2.41464 -1.00017 23
      vertex 5.0338 -4.70517 23
    endloop
  endfacet
  facet normal 0 0 1
    outer loop
      vertex 5.0338 -4.70517 23
      vertex 2.34406 -1.15596 23
      vertex 4.86438 -4.72859 23
    endloop
  endfacet
  facet normal -0 0 1
    outer loop
      vertex 2.26344 -1.30679 23
      vertex 4.86438 -4.72859 23
      vertex 2.34406 -1.15596 23
    endloop
  endfacet
  facet normal 0 0 1
    outer loop
      vertex 4.86438 -4.72859 23
      vertex 2.26344 -1.30679 23
      vertex 4.69685 -4.76306 23
    endloop
  endfacet
  facet normal -0 0 1
    outer loop
      vertex 2.17313 -1.45203 23
      vertex 4.69685 -4.76306 23
      vertex 2.26344 -1.30679 23
    endloop
  endfacet
  facet normal 0 0 1
    outer loop
      vertex 1.59105 11.1023 23
      vertex 4.27051 15.9378 23
      vertex 3.21899 16.183 23
    endloop
  endfacet
  facet normal -0 0 1
    outer loop
      vertex 2.34406 -1.15596 23
      vertex 5.0338 -4.70517 23
      vertex 2.41464 -1.00017 23
    endloop
  endfacet
  facet normal 0 0 1
    outer loop
      vertex 4.69685 -4.76306 23
      vertex 2.17313 -1.45203 23
      vertex 4.53195 -4.80841 23
    endloop
  endfacet
  facet normal 0 0 1
    outer loop
      vertex 4.53195 -4.80841 23
      vertex 2.0735 -1.59105 23
      vertex 4.37036 -4.86444 23
    endloop
  endfacet
  facet normal -0 0 1
    outer loop
      vertex 1.965 -1.72325 23
      vertex 4.37036 -4.86444 23
      vertex 2.0735 -1.59105 23
    endloop
  endfacet
  facet normal 0 0 1
    outer loop
      vertex 4.37036 -4.86444 23
      vertex 1.965 -1.72325 23
      vertex 4.21278 -4.93092 23
    endloop
  endfacet
  facet normal -0 0 1
    outer loop
      vertex 1.84808 -1.84808 23
      vertex 4.21278 -4.93092 23
      vertex 1.965 -1.72325 23
    endloop
  endfacet
  facet normal 0 0 1
    outer loop
      vertex 4.21278 -4.93092 23
      vertex 1.84808 -1.84808 23
      vertex 4.05989 -5.00757 23
    endloop
  endfacet
  facet normal -0 0 1
    outer loop
      vertex 1.72325 -1.965 23
      vertex 4.05989 -5.00757 23
      vertex 1.84808 -1.84808 23
    endloop
  endfacet
  facet normal 0 0 1
    outer loop
      vertex 4.05989 -5.00757 23
      vertex 1.72325 -1.965 23
      vertex 3.91234 -5.09406 23
    endloop
  endfacet
  facet normal -0 0 1
    outer loop
      vertex 1.59105 -2.0735 23
      vertex 3.91234 -5.09406 23
      vertex 1.72325 -1.965 23
    endloop
  endfacet
  facet normal -0 0 1
    outer loop
      vertex 2.0735 -1.59105 23
      vertex 4.53195 -4.80841 23
      vertex 2.17313 -1.45203 23
    endloop
  endfacet
  facet normal -0 0 1
    outer loop
      vertex 2.34406 7.87283 23
      vertex 6.76315 4.66217 23
      vertex 2.41464 8.02861 23
    endloop
  endfacet
  facet normal -0 0 1
    outer loop
      vertex 2.59123 8.68765 23
      vertex 7.4617 5.14905 23
      vertex 2.608 8.85785 23
    endloop
  endfacet
  facet normal 0 0 1
    outer loop
      vertex 9.16691 13.7192 23
      vertex 2.56337 9.53868 23
      vertex 2.59123 9.36993 23
    endloop
  endfacet
  facet normal 0 0 1
    outer loop
      vertex 8.25 14.2894 23
      vertex 2.52454 9.70525 23
      vertex 2.56337 9.53868 23
    endloop
  endfacet
  facet normal 0 0 1
    outer loop
      vertex 8.25 14.2894 23
      vertex 2.47488 9.86891 23
      vertex 2.52454 9.70525 23
    endloop
  endfacet
  facet normal 0 0 1
    outer loop
      vertex 7.29776 14.7984 23
      vertex 2.41464 10.029 23
      vertex 2.47488 9.86891 23
    endloop
  endfacet
  facet normal 0 0 1
    outer loop
      vertex 7.29776 14.7984 23
      vertex 2.34406 10.1848 23
      vertex 2.41464 10.029 23
    endloop
  endfacet
  facet normal 0 0 1
    outer loop
      vertex 6.31428 15.244 23
      vertex 2.26344 10.3356 23
      vertex 2.34406 10.1848 23
    endloop
  endfacet
  facet normal 0 0 1
    outer loop
      vertex 6.31428 15.244 23
      vertex 2.17313 10.4808 23
      vertex 2.26344 10.3356 23
    endloop
  endfacet
  facet normal 0 0 1
    outer loop
      vertex 1.15596 11.3729 23
      vertex 3.21899 16.183 23
      vertex 2.15368 16.3588 23
    endloop
  endfacet
  facet normal 0 0 1
    outer loop
      vertex 6.31428 15.244 23
      vertex 2.0735 10.6199 23
      vertex 2.17313 10.4808 23
    endloop
  endfacet
  facet normal 0 0 1
    outer loop
      vertex 5.30375 15.6243 23
      vertex 1.965 10.7521 23
      vertex 2.0735 10.6199 23
    endloop
  endfacet
  facet normal 0 0 1
    outer loop
      vertex 5.30375 15.6243 23
      vertex 1.84808 10.8769 23
      vertex 1.965 10.7521 23
    endloop
  endfacet
  facet normal 0 0 1
    outer loop
      vertex 4.27051 15.9378 23
      vertex 1.72325 10.9938 23
      vertex 1.84808 10.8769 23
    endloop
  endfacet
  facet normal 0 0 1
    outer loop
      vertex 4.27051 15.9378 23
      vertex 1.59105 11.1023 23
      vertex 1.72325 10.9938 23
    endloop
  endfacet
  facet normal 0 0 1
    outer loop
      vertex 3.21899 16.183 23
      vertex 1.45203 11.2019 23
      vertex 1.59105 11.1023 23
    endloop
  endfacet
  facet normal 0 0 1
    outer loop
      vertex 3.21899 16.183 23
      vertex 1.30679 11.2922 23
      vertex 1.45203 11.2019 23
    endloop
  endfacet
  facet normal 0 0 1
    outer loop
      vertex 3.21899 16.183 23
      vertex 1.15596 11.3729 23
      vertex 1.30679 11.2922 23
    endloop
  endfacet
  facet normal 0 0 1
    outer loop
      vertex 0.676437 11.5533 23
      vertex 2.15368 16.3588 23
      vertex 1.07915 16.4647 23
    endloop
  endfacet
  facet normal 0 0 1
    outer loop
      vertex 2.15368 16.3588 23
      vertex 1.00017 11.4435 23
      vertex 1.15596 11.3729 23
    endloop
  endfacet
  facet normal 0 0 1
    outer loop
      vertex 2.15368 16.3588 23
      vertex 0.840103 11.5037 23
      vertex 1.00017 11.4435 23
    endloop
  endfacet
  facet normal 0 0 1
    outer loop
      vertex 2.15368 16.3588 23
      vertex 0.676437 11.5533 23
      vertex 0.840103 11.5037 23
    endloop
  endfacet
  facet normal 0 0 1
    outer loop
      vertex 1.07915 16.4647 23
      vertex 0.509888 11.5922 23
      vertex 0.676437 11.5533 23
    endloop
  endfacet
  facet normal 0 0 1
    outer loop
      vertex 1.07915 16.4647 23
      vertex 0.341141 11.62 23
      vertex 0.509888 11.5922 23
    endloop
  endfacet
  facet normal 0 0 1
    outer loop
      vertex 1.07915 16.4647 23
      vertex 0.170929 11.6368 23
      vertex 0.341141 11.62 23
    endloop
  endfacet
  facet normal 0 0 1
    outer loop
      vertex 0 16.5 23
      vertex 0.170929 11.6368 23
      vertex 1.07915 16.4647 23
    endloop
  endfacet
  facet normal 0 0 1
    outer loop
      vertex 0 16.5 23
      vertex 0 11.6424 23
      vertex 0.170929 11.6368 23
    endloop
  endfacet
  facet normal 0 0 1
    outer loop
      vertex 0 16.5 23
      vertex -0.170929 11.6368 23
      vertex 0 11.6424 23
    endloop
  endfacet
  facet normal -0 0 1
    outer loop
      vertex -1.07915 16.4647 23
      vertex -0.170929 11.6368 23
      vertex 0 16.5 23
    endloop
  endfacet
  facet normal 0 0 1
    outer loop
      vertex -0.170929 11.6368 23
      vertex -1.07915 16.4647 23
      vertex -0.341141 11.62 23
    endloop
  endfacet
  facet normal 0 0 1
    outer loop
      vertex -0.341141 11.62 23
      vertex -1.07915 16.4647 23
      vertex -0.509888 11.5922 23
    endloop
  endfacet
  facet normal 0 0 1
    outer loop
      vertex -0.509888 11.5922 23
      vertex -1.07915 16.4647 23
      vertex -0.676437 11.5533 23
    endloop
  endfacet
  facet normal -0 0 1
    outer loop
      vertex -2.15368 16.3588 23
      vertex -0.676437 11.5533 23
      vertex -1.07915 16.4647 23
    endloop
  endfacet
  facet normal 0 0 1
    outer loop
      vertex -0.676437 11.5533 23
      vertex -2.15368 16.3588 23
      vertex -0.840103 11.5037 23
    endloop
  endfacet
  facet normal 0 0 1
    outer loop
      vertex -0.840103 11.5037 23
      vertex -2.15368 16.3588 23
      vertex -1.00017 11.4435 23
    endloop
  endfacet
  facet normal 0 0 1
    outer loop
      vertex -1.00017 11.4435 23
      vertex -2.15368 16.3588 23
      vertex -1.15596 11.3729 23
    endloop
  endfacet
  facet normal -0 0 1
    outer loop
      vertex -3.21899 16.183 23
      vertex -1.15596 11.3729 23
      vertex -2.15368 16.3588 23
    endloop
  endfacet
  facet normal 0 0 1
    outer loop
      vertex -1.15596 11.3729 23
      vertex -3.21899 16.183 23
      vertex -1.30679 11.2922 23
    endloop
  endfacet
  facet normal 0 0 1
    outer loop
      vertex -1.30679 11.2922 23
      vertex -3.21899 16.183 23
      vertex -1.45203 11.2019 23
    endloop
  endfacet
  facet normal 0 0 1
    outer loop
      vertex -1.45203 11.2019 23
      vertex -3.21899 16.183 23
      vertex -1.59105 11.1023 23
    endloop
  endfacet
  facet normal -0 0 1
    outer loop
      vertex -4.27051 15.9378 23
      vertex -1.59105 11.1023 23
      vertex -3.21899 16.183 23
    endloop
  endfacet
  facet normal 0 0 1
    outer loop
      vertex -1.59105 11.1023 23
      vertex -4.27051 15.9378 23
      vertex -1.72325 10.9938 23
    endloop
  endfacet
  facet normal 0 0 1
    outer loop
      vertex -1.72325 10.9938 23
      vertex -4.27051 15.9378 23
      vertex -1.84808 10.8769 23
    endloop
  endfacet
  facet normal -0 0 1
    outer loop
      vertex -5.30375 15.6243 23
      vertex -1.84808 10.8769 23
      vertex -4.27051 15.9378 23
    endloop
  endfacet
  facet normal 0 0 1
    outer loop
      vertex -1.84808 10.8769 23
      vertex -5.30375 15.6243 23
      vertex -1.965 10.7521 23
    endloop
  endfacet
  facet normal 0 0 1
    outer loop
      vertex -1.965 10.7521 23
      vertex -5.30375 15.6243 23
      vertex -2.0735 10.6199 23
    endloop
  endfacet
  facet normal -0 0 1
    outer loop
      vertex -6.31428 15.244 23
      vertex -2.0735 10.6199 23
      vertex -5.30375 15.6243 23
    endloop
  endfacet
  facet normal 0 0 1
    outer loop
      vertex -2.0735 10.6199 23
      vertex -6.31428 15.244 23
      vertex -2.17313 10.4808 23
    endloop
  endfacet
  facet normal 0 0 1
    outer loop
      vertex -2.17313 10.4808 23
      vertex -6.31428 15.244 23
      vertex -2.26344 10.3356 23
    endloop
  endfacet
  facet normal 0 0 1
    outer loop
      vertex -2.26344 10.3356 23
      vertex -6.31428 15.244 23
      vertex -2.34406 10.1848 23
    endloop
  endfacet
  facet normal -0 0 1
    outer loop
      vertex -7.29776 14.7984 23
      vertex -2.34406 10.1848 23
      vertex -6.31428 15.244 23
    endloop
  endfacet
  facet normal 0 0 1
    outer loop
      vertex -2.34406 10.1848 23
      vertex -7.29776 14.7984 23
      vertex -2.41464 10.029 23
    endloop
  endfacet
  facet normal 0 0 1
    outer loop
      vertex -2.34406 1.15596 23
      vertex -6.01706 2.31375 23
      vertex -2.41464 1.00017 23
    endloop
  endfacet
  facet normal 0 0 1
    outer loop
      vertex -2.61359 0 23
      vertex -2.70435 -7.06529 23
      vertex -2.69429 -7.23602 23
    endloop
  endfacet
  facet normal 0 0 1
    outer loop
      vertex -2.61359 0 23
      vertex -2.72557 -6.89558 23
      vertex -2.70435 -7.06529 23
    endloop
  endfacet
  facet normal 0 0 1
    outer loop
      vertex -2.61359 0 23
      vertex -2.75783 -6.72763 23
      vertex -2.72557 -6.89558 23
    endloop
  endfacet
  facet normal 0 0 1
    outer loop
      vertex -2.61359 0 23
      vertex -2.80101 -6.56215 23
      vertex -2.75783 -6.72763 23
    endloop
  endfacet
  facet normal 0 0 1
    outer loop
      vertex -2.61359 0 23
      vertex -2.85493 -6.39983 23
      vertex -2.80101 -6.56215 23
    endloop
  endfacet
  facet normal 0 0 1
    outer loop
      vertex -2.61359 0 23
      vertex -2.91934 -6.24139 23
      vertex -2.85493 -6.39983 23
    endloop
  endfacet
  facet normal 0 0 1
    outer loop
      vertex -2.61359 0 23
      vertex -2.99399 -6.08751 23
      vertex -2.91934 -6.24139 23
    endloop
  endfacet
  facet normal 0 0 1
    outer loop
      vertex -2.61359 0 23
      vertex -3.07852 -5.93884 23
      vertex -2.99399 -6.08751 23
    endloop
  endfacet
  facet normal 0 0 1
    outer loop
      vertex -2.61359 0 23
      vertex -3.17261 -5.79602 23
      vertex -3.07852 -5.93884 23
    endloop
  endfacet
  facet normal 0 0 1
    outer loop
      vertex -7.77925 5.27573 23
      vertex -2.61359 9.02879 23
      vertex -2.608 9.19974 23
    endloop
  endfacet
  facet normal 0 0 1
    outer loop
      vertex -2.41464 10.029 23
      vertex -7.29776 14.7984 23
      vertex -2.47488 9.86891 23
    endloop
  endfacet
  facet normal -0 0 1
    outer loop
      vertex -8.25 14.2894 23
      vertex -2.47488 9.86891 23
      vertex -7.29776 14.7984 23
    endloop
  endfacet
  facet normal -0 0 1
    outer loop
      vertex -6.10121 1.98239 23
      vertex -2.47488 0.840103 23
      vertex -6.05371 2.1467 23
    endloop
  endfacet
  facet normal 0 0 1
    outer loop
      vertex -2.47488 0.840103 23
      vertex -6.10121 1.98239 23
      vertex -2.52454 0.676437 23
    endloop
  endfacet
  facet normal 0 0 1
    outer loop
      vertex -2.61359 0 23
      vertex -3.27583 -5.65965 23
      vertex -3.17261 -5.79602 23
    endloop
  endfacet
  facet normal -0 0 1
    outer loop
      vertex -6.15935 1.82155 23
      vertex -2.52454 0.676437 23
      vertex -6.10121 1.98239 23
    endloop
  endfacet
  facet normal 0 0 1
    outer loop
      vertex -2.61359 0 23
      vertex -3.38776 -5.53033 23
      vertex -3.27583 -5.65965 23
    endloop
  endfacet
  facet normal 0 0 1
    outer loop
      vertex -2.52454 0.676437 23
      vertex -6.15935 1.82155 23
      vertex -2.56337 0.509888 23
    endloop
  endfacet
  facet normal 0 0 1
    outer loop
      vertex -2.61359 0 23
      vertex -3.5079 -5.4086 23
      vertex -3.38776 -5.53033 23
    endloop
  endfacet
  facet normal -0 0 1
    outer loop
      vertex -6.22789 1.66486 23
      vertex -2.56337 0.509888 23
      vertex -6.15935 1.82155 23
    endloop
  endfacet
  facet normal 0 0 1
    outer loop
      vertex -2.47488 9.86891 23
      vertex -8.25 14.2894 23
      vertex -2.52454 9.70525 23
    endloop
  endfacet
  facet normal 0 0 1
    outer loop
      vertex -2.61359 0 23
      vertex -3.63576 -5.295 23
      vertex -3.5079 -5.4086 23
    endloop
  endfacet
  facet normal 0 0 1
    outer loop
      vertex -2.56337 0.509888 23
      vertex -6.22789 1.66486 23
      vertex -2.59123 0.341141 23
    endloop
  endfacet
  facet normal 0 0 1
    outer loop
      vertex -2.61359 0 23
      vertex -3.77075 -5.19 23
      vertex -3.63576 -5.295 23
    endloop
  endfacet
  facet normal 0 0 1
    outer loop
      vertex -2.61359 0 23
      vertex -3.91234 -5.09406 23
      vertex -3.77075 -5.19 23
    endloop
  endfacet
  facet normal 0 0 1
    outer loop
      vertex -2.59123 0.341141 23
      vertex -6.30653 1.51299 23
      vertex -2.608 0.170929 23
    endloop
  endfacet
  facet normal 0 0 1
    outer loop
      vertex -2.61359 0 23
      vertex -4.05989 -5.00757 23
      vertex -3.91234 -5.09406 23
    endloop
  endfacet
  facet normal 0 0 1
    outer loop
      vertex -2.52454 9.70525 23
      vertex -8.25 14.2894 23
      vertex -2.56337 9.53868 23
    endloop
  endfacet
  facet normal -0 0 1
    outer loop
      vertex -6.39494 1.36658 23
      vertex -2.608 0.170929 23
      vertex -6.30653 1.51299 23
    endloop
  endfacet
  facet normal 0 0 1
    outer loop
      vertex -2.61359 0 23
      vertex -4.21278 -4.93092 23
      vertex -4.05989 -5.00757 23
    endloop
  endfacet
  facet normal 0 0 1
    outer loop
      vertex -2.608 0.170929 23
      vertex -6.39494 1.36658 23
      vertex -2.61359 0 23
    endloop
  endfacet
  facet normal 0 0 1
    outer loop
      vertex -2.61359 0 23
      vertex -4.37036 -4.86444 23
      vertex -4.21278 -4.93092 23
    endloop
  endfacet
  facet normal -0 0 1
    outer loop
      vertex -6.49274 1.22626 23
      vertex -2.61359 0 23
      vertex -6.39494 1.36658 23
    endloop
  endfacet
  facet normal -0 0 1
    outer loop
      vertex -6.30653 1.51299 23
      vertex -2.59123 0.341141 23
      vertex -6.22789 1.66486 23
    endloop
  endfacet
  facet normal 0 0 1
    outer loop
      vertex -2.41464 1.00017 23
      vertex -6.05371 2.1467 23
      vertex -2.47488 0.840103 23
    endloop
  endfacet
  facet normal -0 0 1
    outer loop
      vertex -6.05371 2.1467 23
      vertex -2.41464 1.00017 23
      vertex -6.01706 2.31375 23
    endloop
  endfacet
  facet normal -0 0 1
    outer loop
      vertex -6.01706 2.31375 23
      vertex -2.34406 1.15596 23
      vertex -5.99141 2.48285 23
    endloop
  endfacet
  facet normal -0 -0 1
    outer loop
      vertex -6.00034 3.16508 23
      vertex -1.84808 1.84808 23
      vertex -6.03041 3.33345 23
    endloop
  endfacet
  facet normal 0 0 1
    outer loop
      vertex -1.72325 7.06378 23
      vertex -6.18553 3.82175 23
      vertex -6.1232 3.66248 23
    endloop
  endfacet
  facet normal 0 0 1
    outer loop
      vertex -1.84808 7.18069 23
      vertex -6.25816 3.97659 23
      vertex -6.18553 3.82175 23
    endloop
  endfacet
  facet normal -0 0 1
    outer loop
      vertex -9.16691 13.7192 23
      vertex -2.56337 9.53868 23
      vertex -8.25 14.2894 23
    endloop
  endfacet
  facet normal 0 0 1
    outer loop
      vertex -1.965 7.30553 23
      vertex -6.34074 4.12636 23
      vertex -6.25816 3.97659 23
    endloop
  endfacet
  facet normal 0 0 1
    outer loop
      vertex -2.0735 7.43773 23
      vertex -6.43295 4.2704 23
      vertex -6.34074 4.12636 23
    endloop
  endfacet
  facet normal 0 0 1
    outer loop
      vertex -2.17313 7.57675 23
      vertex -6.53439 4.40811 23
      vertex -6.43295 4.2704 23
    endloop
  endfacet
  facet normal 0 0 1
    outer loop
      vertex -2.26344 7.72198 23
      vertex -6.64461 4.53888 23
      vertex -6.53439 4.40811 23
    endloop
  endfacet
  facet normal 0 0 1
    outer loop
      vertex -2.34406 7.87283 23
      vertex -6.76315 4.66217 23
      vertex -6.64461 4.53888 23
    endloop
  endfacet
  facet normal 0 0 1
    outer loop
      vertex -2.41464 8.02861 23
      vertex -6.8895 4.77744 23
      vertex -6.76315 4.66217 23
    endloop
  endfacet
  facet normal 0 0 1
    outer loop
      vertex -2.47488 8.18867 23
      vertex -7.02312 4.8842 23
      vertex -6.8895 4.77744 23
    endloop
  endfacet
  facet normal 0 0 1
    outer loop
      vertex -2.52454 8.35234 23
      vertex -7.16342 4.98199 23
      vertex -7.02312 4.8842 23
    endloop
  endfacet
  facet normal 0 0 1
    outer loop
      vertex -2.56337 9.53868 23
      vertex -9.16691 13.7192 23
      vertex -2.59123 9.36993 23
    endloop
  endfacet
  facet normal 0 0 1
    outer loop
      vertex -2.56337 8.51891 23
      vertex -7.30983 5.0704 23
      vertex -7.16342 4.98199 23
    endloop
  endfacet
  facet normal 0 0 1
    outer loop
      vertex -2.59123 8.68765 23
      vertex -7.4617 5.14905 23
      vertex -7.30983 5.0704 23
    endloop
  endfacet
  facet normal -0 0 1
    outer loop
      vertex -10.0446 13.0903 23
      vertex -2.59123 9.36993 23
      vertex -9.16691 13.7192 23
    endloop
  endfacet
  facet normal 0 0 1
    outer loop
      vertex -2.608 8.85785 23
      vertex -7.61841 5.21758 23
      vertex -7.4617 5.14905 23
    endloop
  endfacet
  facet normal 0 0 1
    outer loop
      vertex -2.61359 9.02879 23
      vertex -7.77925 5.27573 23
      vertex -7.61841 5.21758 23
    endloop
  endfacet
  facet normal 0 0 1
    outer loop
      vertex -2.59123 9.36993 23
      vertex -10.0446 13.0903 23
      vertex -2.608 9.19974 23
    endloop
  endfacet
  facet normal 0 0 1
    outer loop
      vertex -2.608 9.19974 23
      vertex -7.94354 5.32323 23
      vertex -7.77925 5.27573 23
    endloop
  endfacet
  facet normal 0 0 1
    outer loop
      vertex -2.608 9.19974 23
      vertex -10.0446 13.0903 23
      vertex -7.94354 5.32323 23
    endloop
  endfacet
  facet normal 0 0 1
    outer loop
      vertex -7.94354 5.32323 23
      vertex -10.0446 13.0903 23
      vertex -8.1106 5.35988 23
    endloop
  endfacet
  facet normal 0 0 1
    outer loop
      vertex -8.1106 5.35988 23
      vertex -10.0446 13.0903 23
      vertex -8.27969 5.38553 23
    endloop
  endfacet
  facet normal -0 0 1
    outer loop
      vertex -10.8792 12.4054 23
      vertex -8.27969 5.38553 23
      vertex -10.0446 13.0903 23
    endloop
  endfacet
  facet normal 0 0 1
    outer loop
      vertex -8.27969 5.38553 23
      vertex -10.8792 12.4054 23
      vertex -8.4501 5.40007 23
    endloop
  endfacet
  facet normal 0 0 1
    outer loop
      vertex -8.4501 5.40007 23
      vertex -10.8792 12.4054 23
      vertex -8.62111 5.40343 23
    endloop
  endfacet
  facet normal -0 0 1
    outer loop
      vertex -11.6673 11.6673 23
      vertex -8.62111 5.40343 23
      vertex -10.8792 12.4054 23
    endloop
  endfacet
  facet normal 0 0 1
    outer loop
      vertex -8.62111 5.40343 23
      vertex -11.6673 11.6673 23
      vertex -8.79195 5.39558 23
    endloop
  endfacet
  facet normal 0 0 1
    outer loop
      vertex -8.79195 5.39558 23
      vertex -11.6673 11.6673 23
      vertex -8.96193 5.3766 23
    endloop
  endfacet
  facet normal -0 0 1
    outer loop
      vertex -12.4054 10.8792 23
      vertex -8.96193 5.3766 23
      vertex -11.6673 11.6673 23
    endloop
  endfacet
  facet normal 0 0 1
    outer loop
      vertex -8.96193 5.3766 23
      vertex -12.4054 10.8792 23
      vertex -9.13029 5.34653 23
    endloop
  endfacet
  facet normal 0 0 1
    outer loop
      vertex -9.13029 5.34653 23
      vertex -12.4054 10.8792 23
      vertex -9.29633 5.30551 23
    endloop
  endfacet
  facet normal -0 0 1
    outer loop
      vertex -13.0903 10.0446 23
      vertex -9.29633 5.30551 23
      vertex -12.4054 10.8792 23
    endloop
  endfacet
  facet normal 0 0 1
    outer loop
      vertex -9.29633 5.30551 23
      vertex -13.0903 10.0446 23
      vertex -9.45934 5.25374 23
    endloop
  endfacet
  facet normal 0 0 1
    outer loop
      vertex -9.45934 5.25374 23
      vertex -13.0903 10.0446 23
      vertex -9.61859 5.19139 23
    endloop
  endfacet
  facet normal 0 0 1
    outer loop
      vertex -9.61859 5.19139 23
      vertex -13.0903 10.0446 23
      vertex -9.77344 5.11877 23
    endloop
  endfacet
  facet normal -0 0 1
    outer loop
      vertex -13.7192 9.16691 23
      vertex -9.77344 5.11877 23
      vertex -13.0903 10.0446 23
    endloop
  endfacet
  facet normal 0 0 1
    outer loop
      vertex -9.77344 5.11877 23
      vertex -13.7192 9.16691 23
      vertex -9.9232 5.03619 23
    endloop
  endfacet
  facet normal 0 0 1
    outer loop
      vertex -9.9232 5.03619 23
      vertex -13.7192 9.16691 23
      vertex -10.0672 4.94398 23
    endloop
  endfacet
  facet normal -0 0 1
    outer loop
      vertex -14.2894 8.25 23
      vertex -10.0672 4.94398 23
      vertex -13.7192 9.16691 23
    endloop
  endfacet
  facet normal 0 0 1
    outer loop
      vertex -10.0672 4.94398 23
      vertex -14.2894 8.25 23
      vertex -10.205 4.84254 23
    endloop
  endfacet
  facet normal 0 0 1
    outer loop
      vertex -10.205 4.84254 23
      vertex -14.2894 8.25 23
      vertex -10.3357 4.73233 23
    endloop
  endfacet
  facet normal 0 0 1
    outer loop
      vertex -10.3357 4.73233 23
      vertex -14.2894 8.25 23
      vertex -10.459 4.61378 23
    endloop
  endfacet
  facet normal -0 0 1
    outer loop
      vertex -14.7984 7.29776 23
      vertex -10.459 4.61378 23
      vertex -14.2894 8.25 23
    endloop
  endfacet
  facet normal 0 0 1
    outer loop
      vertex -10.459 4.61378 23
      vertex -14.7984 7.29776 23
      vertex -10.5743 4.48744 23
    endloop
  endfacet
  facet normal 0 0 1
    outer loop
      vertex -10.5743 4.48744 23
      vertex -14.7984 7.29776 23
      vertex -10.681 4.35382 23
    endloop
  endfacet
  facet normal -0 0 1
    outer loop
      vertex -15.244 6.31428 23
      vertex -10.681 4.35382 23
      vertex -14.7984 7.29776 23
    endloop
  endfacet
  facet normal 0 0 1
    outer loop
      vertex -10.681 4.35382 23
      vertex -15.244 6.31428 23
      vertex -10.7788 4.21352 23
    endloop
  endfacet
  facet normal 0 0 1
    outer loop
      vertex -10.7788 4.21352 23
      vertex -15.244 6.31428 23
      vertex -10.8672 4.06711 23
    endloop
  endfacet
  facet normal -0 0 1
    outer loop
      vertex -15.6243 5.30375 23
      vertex -10.9459 3.91522 23
      vertex -15.244 6.31428 23
    endloop
  endfacet
  facet normal 0 0 1
    outer loop
      vertex -10.8672 4.06711 23
      vertex -15.244 6.31428 23
      vertex -10.9459 3.91522 23
    endloop
  endfacet
  facet normal 0 0 1
    outer loop
      vertex 16.4647 -1.07915 23
      vertex 10.5292 1.0412 23
      vertex 16.3588 -2.15368 23
    endloop
  endfacet
  facet normal -0 0 1
    outer loop
      vertex 10.4106 0.917923 23
      vertex 16.3588 -2.15368 23
      vertex 10.5292 1.0412 23
    endloop
  endfacet
  facet normal -0 0 1
    outer loop
      vertex 10.2843 0.802643 23
      vertex 16.3588 -2.15368 23
      vertex 10.4106 0.917923 23
    endloop
  endfacet
  facet normal 0 0 1
    outer loop
      vertex 16.3588 -2.15368 23
      vertex 10.2843 0.802643 23
      vertex 16.183 -3.21899 23
    endloop
  endfacet
  facet normal -0 0 1
    outer loop
      vertex 10.1507 0.695892 23
      vertex 16.183 -3.21899 23
      vertex 10.2843 0.802643 23
    endloop
  endfacet
  facet normal -0 0 1
    outer loop
      vertex 10.0104 0.598099 23
      vertex 16.183 -3.21899 23
      vertex 10.1507 0.695892 23
    endloop
  endfacet
  facet normal 0 0 1
    outer loop
      vertex 16.183 -3.21899 23
      vertex 10.0104 0.598099 23
      vertex 15.9378 -4.27051 23
    endloop
  endfacet
  facet normal -0 0 1
    outer loop
      vertex 9.86395 0.509689 23
      vertex 15.9378 -4.27051 23
      vertex 10.0104 0.598099 23
    endloop
  endfacet
  facet normal -0 0 1
    outer loop
      vertex 9.71208 0.431046 23
      vertex 15.9378 -4.27051 23
      vertex 9.86395 0.509689 23
    endloop
  endfacet
  facet normal 0 0 1
    outer loop
      vertex 15.9378 -4.27051 23
      vertex 9.71208 0.431046 23
      vertex 15.6243 -5.30375 23
    endloop
  endfacet
  facet normal -0 0 1
    outer loop
      vertex 9.55537 0.362503 23
      vertex 15.6243 -5.30375 23
      vertex 9.71208 0.431046 23
    endloop
  endfacet
  facet normal 0 0 1
    outer loop
      vertex 7.91858 -7.20183 23
      vertex 15.6243 -5.30375 23
      vertex 9.55537 0.362503 23
    endloop
  endfacet
  facet normal 0 0 1
    outer loop
      vertex 7.91858 -7.20183 23
      vertex 15.244 -6.31428 23
      vertex 15.6243 -5.30375 23
    endloop
  endfacet
  facet normal -0 0 1
    outer loop
      vertex 7.88841 -7.7133 23
      vertex 13.0903 -10.0446 23
      vertex 7.90962 -7.54359 23
    endloop
  endfacet
  facet normal 0 0 1
    outer loop
      vertex 13.7192 -9.16691 23
      vertex 7.90962 -7.54359 23
      vertex 13.0903 -10.0446 23
    endloop
  endfacet
  facet normal -0 0 1
    outer loop
      vertex 7.85614 -7.88126 23
      vertex 13.0903 -10.0446 23
      vertex 7.88841 -7.7133 23
    endloop
  endfacet
  facet normal 0 0 1
    outer loop
      vertex 7.91858 -7.20183 23
      vertex 14.2894 -8.25 23
      vertex 14.7984 -7.29776 23
    endloop
  endfacet
  facet normal -0 0 1
    outer loop
      vertex 7.90962 -7.54359 23
      vertex 13.7192 -9.16691 23
      vertex 7.91969 -7.37286 23
    endloop
  endfacet
  facet normal 0 0 1
    outer loop
      vertex 7.91858 -7.20183 23
      vertex 13.7192 -9.16691 23
      vertex 14.2894 -8.25 23
    endloop
  endfacet
  facet normal -0 0 1
    outer loop
      vertex 7.91858 -7.20183 23
      vertex 14.7984 -7.29776 23
      vertex 15.244 -6.31428 23
    endloop
  endfacet
  facet normal 0 0 1
    outer loop
      vertex 7.91858 -7.20183 23
      vertex 9.55537 0.362503 23
      vertex 9.39453 0.304367 23
    endloop
  endfacet
  facet normal 0 0 1
    outer loop
      vertex 7.91858 -7.20183 23
      vertex 9.39453 0.304367 23
      vertex 9.23024 0.256866 23
    endloop
  endfacet
  facet normal 0 0 1
    outer loop
      vertex 13.0903 -10.0446 23
      vertex 7.85614 -7.88126 23
      vertex 12.4054 -10.8792 23
    endloop
  endfacet
  facet normal 0 0 1
    outer loop
      vertex 7.91858 -7.20183 23
      vertex 9.23024 0.256866 23
      vertex 9.06319 0.220215 23
    endloop
  endfacet
  facet normal 0 0 1
    outer loop
      vertex 7.91858 -7.20183 23
      vertex 9.06319 0.220215 23
      vertex 8.89409 0.194565 23
    endloop
  endfacet
  facet normal 0 0 1
    outer loop
      vertex 7.91858 -7.20183 23
      vertex 8.89409 0.194565 23
      vertex 8.72368 0.180023 23
    endloop
  endfacet
  facet normal 0 0 1
    outer loop
      vertex 7.91858 -7.20183 23
      vertex 8.72368 0.180023 23
      vertex 8.55267 0.176666 23
    endloop
  endfacet
  facet normal 0 0 1
    outer loop
      vertex 7.91858 -7.20183 23
      vertex 8.55267 0.176666 23
      vertex 8.38184 0.184509 23
    endloop
  endfacet
  facet normal -0 0 1
    outer loop
      vertex 7.81296 -8.04675 23
      vertex 12.4054 -10.8792 23
      vertex 7.85614 -7.88126 23
    endloop
  endfacet
  facet normal 0 0 1
    outer loop
      vertex 7.91858 -7.20183 23
      vertex 8.38184 0.184509 23
      vertex 8.21185 0.203491 23
    endloop
  endfacet
  facet normal 0 0 1
    outer loop
      vertex 6.52391 -4.99144 23
      vertex 8.21185 0.203491 23
      vertex 8.04349 0.233551 23
    endloop
  endfacet
  facet normal -0 0 1
    outer loop
      vertex 7.75905 -8.20906 23
      vertex 12.4054 -10.8792 23
      vertex 7.81296 -8.04675 23
    endloop
  endfacet
  facet normal -0 0 1
    outer loop
      vertex 7.69463 -8.36749 23
      vertex 12.4054 -10.8792 23
      vertex 7.75905 -8.20906 23
    endloop
  endfacet
  facet normal 0 0 1
    outer loop
      vertex 12.4054 -10.8792 23
      vertex 7.69463 -8.36749 23
      vertex 11.6673 -11.6673 23
    endloop
  endfacet
  facet normal -0 0 1
    outer loop
      vertex 7.62 -8.52138 23
      vertex 11.6673 -11.6673 23
      vertex 7.69463 -8.36749 23
    endloop
  endfacet
  facet normal -0 0 1
    outer loop
      vertex 7.53545 -8.67004 23
      vertex 11.6673 -11.6673 23
      vertex 7.62 -8.52138 23
    endloop
  endfacet
  facet normal -0 0 1
    outer loop
      vertex 7.44136 -8.81287 23
      vertex 11.6673 -11.6673 23
      vertex 7.53545 -8.67004 23
    endloop
  endfacet
  facet normal 0 0 1
    outer loop
      vertex 11.6673 -11.6673 23
      vertex 7.44136 -8.81287 23
      vertex 10.8792 -12.4054 23
    endloop
  endfacet
  facet normal -0 0 1
    outer loop
      vertex 7.33813 -8.94923 23
      vertex 10.8792 -12.4054 23
      vertex 7.44136 -8.81287 23
    endloop
  endfacet
  facet normal -0 0 1
    outer loop
      vertex 7.22621 -9.07855 23
      vertex 10.8792 -12.4054 23
      vertex 7.33813 -8.94923 23
    endloop
  endfacet
  facet normal 0 0 1
    outer loop
      vertex 10.8792 -12.4054 23
      vertex 7.22621 -9.07855 23
      vertex 10.0446 -13.0903 23
    endloop
  endfacet
  facet normal -0 0 1
    outer loop
      vertex 7.10606 -9.20029 23
      vertex 10.0446 -13.0903 23
      vertex 7.22621 -9.07855 23
    endloop
  endfacet
  facet normal -0 0 1
    outer loop
      vertex 6.97823 -9.31389 23
      vertex 10.0446 -13.0903 23
      vertex 7.10606 -9.20029 23
    endloop
  endfacet
  facet normal -0 0 1
    outer loop
      vertex 6.84322 -9.41888 23
      vertex 10.0446 -13.0903 23
      vertex 6.97823 -9.31389 23
    endloop
  endfacet
  facet normal 0 0 1
    outer loop
      vertex 10.0446 -13.0903 23
      vertex 6.84322 -9.41888 23
      vertex 9.16691 -13.7192 23
    endloop
  endfacet
  facet normal -0 0 1
    outer loop
      vertex 6.70164 -9.51485 23
      vertex 9.16691 -13.7192 23
      vertex 6.84322 -9.41888 23
    endloop
  endfacet
  facet normal -0 0 1
    outer loop
      vertex 6.55409 -9.60132 23
      vertex 9.16691 -13.7192 23
      vertex 6.70164 -9.51485 23
    endloop
  endfacet
  facet normal -0 0 1
    outer loop
      vertex 6.4012 -9.67796 23
      vertex 9.16691 -13.7192 23
      vertex 6.55409 -9.60132 23
    endloop
  endfacet
  facet normal 0 0 1
    outer loop
      vertex 9.16691 -13.7192 23
      vertex 6.4012 -9.67796 23
      vertex 8.25 -14.2894 23
    endloop
  endfacet
  facet normal -0 0 1
    outer loop
      vertex 6.24362 -9.74445 23
      vertex 8.25 -14.2894 23
      vertex 6.4012 -9.67796 23
    endloop
  endfacet
  facet normal -0 0 1
    outer loop
      vertex 6.08203 -9.80049 23
      vertex 8.25 -14.2894 23
      vertex 6.24362 -9.74445 23
    endloop
  endfacet
  facet normal -0 0 1
    outer loop
      vertex 5.91711 -9.84583 23
      vertex 8.25 -14.2894 23
      vertex 6.08203 -9.80049 23
    endloop
  endfacet
  facet normal 0 0 1
    outer loop
      vertex 8.25 -14.2894 23
      vertex 5.91711 -9.84583 23
      vertex 7.29776 -14.7984 23
    endloop
  endfacet
  facet normal -0 0 1
    outer loop
      vertex 5.7496 -9.88029 23
      vertex 7.29776 -14.7984 23
      vertex 5.91711 -9.84583 23
    endloop
  endfacet
  facet normal -0 0 1
    outer loop
      vertex 5.58018 -9.90373 23
      vertex 7.29776 -14.7984 23
      vertex 5.7496 -9.88029 23
    endloop
  endfacet
  facet normal 0 0 1
    outer loop
      vertex 7.29776 -14.7984 23
      vertex 5.58018 -9.90373 23
      vertex 6.31428 -15.244 23
    endloop
  endfacet
  facet normal -0 0 1
    outer loop
      vertex 5.40959 -9.91603 23
      vertex 6.31428 -15.244 23
      vertex 5.58018 -9.90373 23
    endloop
  endfacet
  facet normal -0 0 1
    outer loop
      vertex 5.23857 -9.91714 23
      vertex 6.31428 -15.244 23
      vertex 5.40959 -9.91603 23
    endloop
  endfacet
  facet normal 0 0 1
    outer loop
      vertex 5.06784 -9.90707 23
      vertex 6.31428 -15.244 23
      vertex 5.23857 -9.91714 23
    endloop
  endfacet
  facet normal 0 0 1
    outer loop
      vertex 6.31428 -15.244 23
      vertex 5.06784 -9.90707 23
      vertex 5.30375 -15.6243 23
    endloop
  endfacet
  facet normal 0 0 1
    outer loop
      vertex 4.89813 -9.88586 23
      vertex 5.30375 -15.6243 23
      vertex 5.06784 -9.90707 23
    endloop
  endfacet
  facet normal 0 0 1
    outer loop
      vertex 4.73018 -9.85361 23
      vertex 5.30375 -15.6243 23
      vertex 4.89813 -9.88586 23
    endloop
  endfacet
  facet normal 0 0 1
    outer loop
      vertex 4.27051 -15.9378 23
      vertex 4.73018 -9.85361 23
      vertex 4.56468 -9.81041 23
    endloop
  endfacet
  facet normal 0 0 1
    outer loop
      vertex 4.27051 -15.9378 23
      vertex 4.56468 -9.81041 23
      vertex 4.40237 -9.7565 23
    endloop
  endfacet
  facet normal 0 0 1
    outer loop
      vertex 4.73018 -9.85361 23
      vertex 4.27051 -15.9378 23
      vertex 5.30375 -15.6243 23
    endloop
  endfacet
  facet normal 0 0 1
    outer loop
      vertex 4.24394 -9.69209 23
      vertex 4.27051 -15.9378 23
      vertex 4.40237 -9.7565 23
    endloop
  endfacet
  facet normal 0 0 1
    outer loop
      vertex 3.21899 -16.183 23
      vertex 4.24394 -9.69209 23
      vertex 4.09006 -9.61745 23
    endloop
  endfacet
  facet normal 0 0 1
    outer loop
      vertex 3.21899 -16.183 23
      vertex 4.09006 -9.61745 23
      vertex 3.94139 -9.5329 23
    endloop
  endfacet
  facet normal 0 0 1
    outer loop
      vertex 2.15368 -16.3588 23
      vertex 3.94139 -9.5329 23
      vertex 3.79857 -9.43881 23
    endloop
  endfacet
  facet normal 0 0 1
    outer loop
      vertex 2.15368 -16.3588 23
      vertex 3.79857 -9.43881 23
      vertex 3.6622 -9.33559 23
    endloop
  endfacet
  facet normal 0 0 1
    outer loop
      vertex 1.07915 -16.4647 23
      vertex 3.6622 -9.33559 23
      vertex 3.53287 -9.22366 23
    endloop
  endfacet
  facet normal 0 0 1
    outer loop
      vertex 1.07915 -16.4647 23
      vertex 3.53287 -9.22366 23
      vertex 3.41115 -9.10353 23
    endloop
  endfacet
  facet normal 0 0 1
    outer loop
      vertex 0 -16.5 23
      vertex 3.41115 -9.10353 23
      vertex 3.29755 -8.97568 23
    endloop
  endfacet
  facet normal 0 0 1
    outer loop
      vertex 4.24394 -9.69209 23
      vertex 3.21899 -16.183 23
      vertex 4.27051 -15.9378 23
    endloop
  endfacet
  facet normal 0 0 1
    outer loop
      vertex -3.29755 -8.97568 23
      vertex 3.29755 -8.97568 23
      vertex 3.19254 -8.84068 23
    endloop
  endfacet
  facet normal 0 0 1
    outer loop
      vertex -3.19254 -8.84068 23
      vertex 3.19254 -8.84068 23
      vertex 3.09659 -8.6991 23
    endloop
  endfacet
  facet normal 0 0 1
    outer loop
      vertex -3.09659 -8.6991 23
      vertex 3.09659 -8.6991 23
      vertex 3.01012 -8.55154 23
    endloop
  endfacet
  facet normal 0 0 1
    outer loop
      vertex -3.01012 -8.55154 23
      vertex 3.01012 -8.55154 23
      vertex 2.93347 -8.39865 23
    endloop
  endfacet
  facet normal 0 0 1
    outer loop
      vertex -2.93347 -8.39865 23
      vertex 2.93347 -8.39865 23
      vertex 2.86699 -8.24107 23
    endloop
  endfacet
  facet normal 0 0 1
    outer loop
      vertex -2.86699 -8.24107 23
      vertex 2.86699 -8.24107 23
      vertex 2.81094 -8.07948 23
    endloop
  endfacet
  facet normal 0 0 1
    outer loop
      vertex -2.81094 -8.07948 23
      vertex 2.81094 -8.07948 23
      vertex 2.76559 -7.91458 23
    endloop
  endfacet
  facet normal 0 0 1
    outer loop
      vertex -2.76559 -7.91458 23
      vertex 2.76559 -7.91458 23
      vertex 2.73114 -7.74706 23
    endloop
  endfacet
  facet normal 0 0 1
    outer loop
      vertex -2.73114 -7.74706 23
      vertex 2.73114 -7.74706 23
      vertex 2.7077 -7.57764 23
    endloop
  endfacet
  facet normal 0 0 1
    outer loop
      vertex -2.7077 -7.57764 23
      vertex 2.7077 -7.57764 23
      vertex 2.6954 -7.40706 23
    endloop
  endfacet
  facet normal 0 0 1
    outer loop
      vertex 3.91234 -5.09406 23
      vertex 1.59105 -2.0735 23
      vertex 3.77075 -5.19 23
    endloop
  endfacet
  facet normal -0 0 1
    outer loop
      vertex 1.45203 -2.17313 23
      vertex 3.77075 -5.19 23
      vertex 1.59105 -2.0735 23
    endloop
  endfacet
  facet normal 0 0 1
    outer loop
      vertex 3.77075 -5.19 23
      vertex 1.45203 -2.17313 23
      vertex 3.63576 -5.295 23
    endloop
  endfacet
  facet normal -0 0 1
    outer loop
      vertex 1.30679 -2.26344 23
      vertex 3.63576 -5.295 23
      vertex 1.45203 -2.17313 23
    endloop
  endfacet
  facet normal 0 0 1
    outer loop
      vertex 3.63576 -5.295 23
      vertex 1.30679 -2.26344 23
      vertex 3.5079 -5.4086 23
    endloop
  endfacet
  facet normal -0 0 1
    outer loop
      vertex 1.15596 -2.34406 23
      vertex 3.5079 -5.4086 23
      vertex 1.30679 -2.26344 23
    endloop
  endfacet
  facet normal 0 0 1
    outer loop
      vertex 3.5079 -5.4086 23
      vertex 1.15596 -2.34406 23
      vertex 3.38776 -5.53033 23
    endloop
  endfacet
  facet normal -0 0 1
    outer loop
      vertex 1.00017 -2.41464 23
      vertex 3.38776 -5.53033 23
      vertex 1.15596 -2.34406 23
    endloop
  endfacet
  facet normal 0 0 1
    outer loop
      vertex 3.38776 -5.53033 23
      vertex 1.00017 -2.41464 23
      vertex 3.27583 -5.65965 23
    endloop
  endfacet
  facet normal -0 0 1
    outer loop
      vertex 0.840103 -2.47488 23
      vertex 3.27583 -5.65965 23
      vertex 1.00017 -2.41464 23
    endloop
  endfacet
  facet normal 0 0 1
    outer loop
      vertex 3.27583 -5.65965 23
      vertex 0.840103 -2.47488 23
      vertex 3.17261 -5.79602 23
    endloop
  endfacet
  facet normal -0 0 1
    outer loop
      vertex 0.676437 -2.52454 23
      vertex 3.17261 -5.79602 23
      vertex 0.840103 -2.47488 23
    endloop
  endfacet
  facet normal 0 0 1
    outer loop
      vertex 3.17261 -5.79602 23
      vertex 0.676437 -2.52454 23
      vertex 3.07852 -5.93884 23
    endloop
  endfacet
  facet normal -0 0 1
    outer loop
      vertex 0.509888 -2.56337 23
      vertex 3.07852 -5.93884 23
      vertex 0.676437 -2.52454 23
    endloop
  endfacet
  facet normal 0 0 1
    outer loop
      vertex 3.07852 -5.93884 23
      vertex 0.509888 -2.56337 23
      vertex 2.99399 -6.08751 23
    endloop
  endfacet
  facet normal -0 0 1
    outer loop
      vertex 0.341141 -2.59123 23
      vertex 2.99399 -6.08751 23
      vertex 0.509888 -2.56337 23
    endloop
  endfacet
  facet normal 0 0 1
    outer loop
      vertex 2.99399 -6.08751 23
      vertex 0.341141 -2.59123 23
      vertex 2.91934 -6.24139 23
    endloop
  endfacet
  facet normal -0 0 1
    outer loop
      vertex 0.170929 -2.608 23
      vertex 2.91934 -6.24139 23
      vertex 0.341141 -2.59123 23
    endloop
  endfacet
  facet normal 0 0 1
    outer loop
      vertex 2.91934 -6.24139 23
      vertex 0.170929 -2.608 23
      vertex 2.85493 -6.39983 23
    endloop
  endfacet
  facet normal -0 0 1
    outer loop
      vertex 0 -2.61359 23
      vertex 2.85493 -6.39983 23
      vertex 0.170929 -2.608 23
    endloop
  endfacet
  facet normal 0 0 1
    outer loop
      vertex 2.73114 -7.74706 23
      vertex -2.73114 -7.74706 23
      vertex -2.76559 -7.91458 23
    endloop
  endfacet
  facet normal 0 0 1
    outer loop
      vertex 2.76559 -7.91458 23
      vertex -2.76559 -7.91458 23
      vertex -2.81094 -8.07948 23
    endloop
  endfacet
  facet normal 0 0 1
    outer loop
      vertex 2.85493 -6.39983 23
      vertex 0 -2.61359 23
      vertex 2.80101 -6.56215 23
    endloop
  endfacet
  facet normal 0 0 1
    outer loop
      vertex -2.69429 -7.23602 23
      vertex 2.80101 -6.56215 23
      vertex 0 -2.61359 23
    endloop
  endfacet
  facet normal 0 0 1
    outer loop
      vertex 2.80101 -6.56215 23
      vertex -2.69429 -7.23602 23
      vertex 2.75783 -6.72763 23
    endloop
  endfacet
  facet normal 0 0 1
    outer loop
      vertex 2.75783 -6.72763 23
      vertex -2.69429 -7.23602 23
      vertex 2.72557 -6.89558 23
    endloop
  endfacet
  facet normal 0 0 1
    outer loop
      vertex 2.72557 -6.89558 23
      vertex -2.69429 -7.23602 23
      vertex 2.70435 -7.06529 23
    endloop
  endfacet
  facet normal 0 0 1
    outer loop
      vertex 2.70435 -7.06529 23
      vertex -2.69429 -7.23602 23
      vertex 2.69429 -7.23602 23
    endloop
  endfacet
  facet normal 0 0 1
    outer loop
      vertex 2.69429 -7.23602 23
      vertex -2.69429 -7.23602 23
      vertex 2.6954 -7.40706 23
    endloop
  endfacet
  facet normal 0 0 1
    outer loop
      vertex 2.81094 -8.07948 23
      vertex -2.81094 -8.07948 23
      vertex -2.86699 -8.24107 23
    endloop
  endfacet
  facet normal 0 0 1
    outer loop
      vertex -2.69429 -7.23602 23
      vertex 0 -2.61359 23
      vertex -0.170929 -2.608 23
    endloop
  endfacet
  facet normal 0 0 1
    outer loop
      vertex -2.69429 -7.23602 23
      vertex -0.170929 -2.608 23
      vertex -0.341141 -2.59123 23
    endloop
  endfacet
  facet normal 0 0 1
    outer loop
      vertex -2.69429 -7.23602 23
      vertex -0.341141 -2.59123 23
      vertex -0.509888 -2.56337 23
    endloop
  endfacet
  facet normal 0 0 1
    outer loop
      vertex -2.69429 -7.23602 23
      vertex -0.509888 -2.56337 23
      vertex -0.676437 -2.52454 23
    endloop
  endfacet
  facet normal 0 0 1
    outer loop
      vertex -2.69429 -7.23602 23
      vertex -0.676437 -2.52454 23
      vertex -0.840103 -2.47488 23
    endloop
  endfacet
  facet normal 0 0 1
    outer loop
      vertex -2.69429 -7.23602 23
      vertex -0.840103 -2.47488 23
      vertex -1.00017 -2.41464 23
    endloop
  endfacet
  facet normal 0 0 1
    outer loop
      vertex 2.7077 -7.57764 23
      vertex -2.7077 -7.57764 23
      vertex -2.73114 -7.74706 23
    endloop
  endfacet
  facet normal 0 0 1
    outer loop
      vertex -2.69429 -7.23602 23
      vertex -1.00017 -2.41464 23
      vertex -1.15596 -2.34406 23
    endloop
  endfacet
  facet normal 0 0 1
    outer loop
      vertex -2.69429 -7.23602 23
      vertex -1.15596 -2.34406 23
      vertex -1.30679 -2.26344 23
    endloop
  endfacet
  facet normal 0 0 1
    outer loop
      vertex -2.69429 -7.23602 23
      vertex -1.30679 -2.26344 23
      vertex -1.45203 -2.17313 23
    endloop
  endfacet
  facet normal 0 0 1
    outer loop
      vertex -2.69429 -7.23602 23
      vertex -1.45203 -2.17313 23
      vertex -1.59105 -2.0735 23
    endloop
  endfacet
  facet normal 0 0 1
    outer loop
      vertex -2.69429 -7.23602 23
      vertex -1.59105 -2.0735 23
      vertex -1.72325 -1.965 23
    endloop
  endfacet
  facet normal 0 0 1
    outer loop
      vertex -2.69429 -7.23602 23
      vertex -1.72325 -1.965 23
      vertex -1.84808 -1.84808 23
    endloop
  endfacet
  facet normal 0 0 1
    outer loop
      vertex -2.69429 -7.23602 23
      vertex -1.84808 -1.84808 23
      vertex -1.965 -1.72325 23
    endloop
  endfacet
  facet normal 0 0 1
    outer loop
      vertex -2.69429 -7.23602 23
      vertex -1.965 -1.72325 23
      vertex -2.0735 -1.59105 23
    endloop
  endfacet
  facet normal 0 0 1
    outer loop
      vertex 2.6954 -7.40706 23
      vertex -2.6954 -7.40706 23
      vertex -2.7077 -7.57764 23
    endloop
  endfacet
  facet normal 0 0 1
    outer loop
      vertex -2.69429 -7.23602 23
      vertex -2.0735 -1.59105 23
      vertex -2.17313 -1.45203 23
    endloop
  endfacet
  facet normal 0 0 1
    outer loop
      vertex -2.69429 -7.23602 23
      vertex -2.17313 -1.45203 23
      vertex -2.26344 -1.30679 23
    endloop
  endfacet
  facet normal 0 0 1
    outer loop
      vertex -2.69429 -7.23602 23
      vertex -2.26344 -1.30679 23
      vertex -2.34406 -1.15596 23
    endloop
  endfacet
  facet normal 0 0 1
    outer loop
      vertex -2.69429 -7.23602 23
      vertex -2.34406 -1.15596 23
      vertex -2.41464 -1.00017 23
    endloop
  endfacet
  facet normal 0 0 1
    outer loop
      vertex -2.69429 -7.23602 23
      vertex -2.41464 -1.00017 23
      vertex -2.47488 -0.840103 23
    endloop
  endfacet
  facet normal 0 0 1
    outer loop
      vertex -2.69429 -7.23602 23
      vertex -2.47488 -0.840103 23
      vertex -2.52454 -0.676437 23
    endloop
  endfacet
  facet normal 0 0 1
    outer loop
      vertex -2.69429 -7.23602 23
      vertex -2.52454 -0.676437 23
      vertex -2.56337 -0.509888 23
    endloop
  endfacet
  facet normal 0 0 1
    outer loop
      vertex -2.69429 -7.23602 23
      vertex -2.56337 -0.509888 23
      vertex -2.59123 -0.341141 23
    endloop
  endfacet
  facet normal 0 0 1
    outer loop
      vertex -2.69429 -7.23602 23
      vertex -2.59123 -0.341141 23
      vertex -2.608 -0.170929 23
    endloop
  endfacet
  facet normal 0 0 1
    outer loop
      vertex -2.69429 -7.23602 23
      vertex -2.608 -0.170929 23
      vertex -2.61359 0 23
    endloop
  endfacet
  facet normal 0 0 1
    outer loop
      vertex 2.6954 -7.40706 23
      vertex -2.69429 -7.23602 23
      vertex -2.6954 -7.40706 23
    endloop
  endfacet
  facet normal 0 0 1
    outer loop
      vertex 2.86699 -8.24107 23
      vertex -2.86699 -8.24107 23
      vertex -2.93347 -8.39865 23
    endloop
  endfacet
  facet normal 0 0 1
    outer loop
      vertex 2.93347 -8.39865 23
      vertex -2.93347 -8.39865 23
      vertex -3.01012 -8.55154 23
    endloop
  endfacet
  facet normal 0 0 1
    outer loop
      vertex 3.01012 -8.55154 23
      vertex -3.01012 -8.55154 23
      vertex -3.09659 -8.6991 23
    endloop
  endfacet
  facet normal 0 0 1
    outer loop
      vertex 3.94139 -9.5329 23
      vertex 2.15368 -16.3588 23
      vertex 3.21899 -16.183 23
    endloop
  endfacet
  facet normal 0 0 1
    outer loop
      vertex 3.09659 -8.6991 23
      vertex -3.09659 -8.6991 23
      vertex -3.19254 -8.84068 23
    endloop
  endfacet
  facet normal 0 0 1
    outer loop
      vertex 3.6622 -9.33559 23
      vertex 1.07915 -16.4647 23
      vertex 2.15368 -16.3588 23
    endloop
  endfacet
  facet normal 0 0 1
    outer loop
      vertex 3.19254 -8.84068 23
      vertex -3.19254 -8.84068 23
      vertex -3.29755 -8.97568 23
    endloop
  endfacet
  facet normal 0 0 1
    outer loop
      vertex 3.29755 -8.97568 23
      vertex -3.29755 -8.97568 23
      vertex 0 -16.5 23
    endloop
  endfacet
  facet normal 0 0 1
    outer loop
      vertex 3.41115 -9.10353 23
      vertex 0 -16.5 23
      vertex 1.07915 -16.4647 23
    endloop
  endfacet
  facet normal -0 0 1
    outer loop
      vertex -3.41115 -9.10353 23
      vertex 0 -16.5 23
      vertex -3.29755 -8.97568 23
    endloop
  endfacet
  facet normal 0 0 1
    outer loop
      vertex 0 -16.5 23
      vertex -3.41115 -9.10353 23
      vertex -1.07915 -16.4647 23
    endloop
  endfacet
  facet normal -0 0 1
    outer loop
      vertex -3.53287 -9.22366 23
      vertex -1.07915 -16.4647 23
      vertex -3.41115 -9.10353 23
    endloop
  endfacet
  facet normal -0 0 1
    outer loop
      vertex -3.6622 -9.33559 23
      vertex -1.07915 -16.4647 23
      vertex -3.53287 -9.22366 23
    endloop
  endfacet
  facet normal 0 0 1
    outer loop
      vertex -1.07915 -16.4647 23
      vertex -3.6622 -9.33559 23
      vertex -2.15368 -16.3588 23
    endloop
  endfacet
  facet normal -0 0 1
    outer loop
      vertex -3.79857 -9.43881 23
      vertex -2.15368 -16.3588 23
      vertex -3.6622 -9.33559 23
    endloop
  endfacet
  facet normal -0 0 1
    outer loop
      vertex -3.94139 -9.5329 23
      vertex -2.15368 -16.3588 23
      vertex -3.79857 -9.43881 23
    endloop
  endfacet
  facet normal 0 0 1
    outer loop
      vertex -2.15368 -16.3588 23
      vertex -3.94139 -9.5329 23
      vertex -3.21899 -16.183 23
    endloop
  endfacet
  facet normal -0 0 1
    outer loop
      vertex -4.09006 -9.61745 23
      vertex -3.21899 -16.183 23
      vertex -3.94139 -9.5329 23
    endloop
  endfacet
  facet normal -0 0 1
    outer loop
      vertex -4.24394 -9.69209 23
      vertex -3.21899 -16.183 23
      vertex -4.09006 -9.61745 23
    endloop
  endfacet
  facet normal 0 0 1
    outer loop
      vertex -4.24394 -9.69209 23
      vertex -4.27051 -15.9378 23
      vertex -3.21899 -16.183 23
    endloop
  endfacet
  facet normal -0 0 1
    outer loop
      vertex -4.40237 -9.7565 23
      vertex -4.27051 -15.9378 23
      vertex -4.24394 -9.69209 23
    endloop
  endfacet
  facet normal -0 0 1
    outer loop
      vertex -4.56468 -9.81041 23
      vertex -4.27051 -15.9378 23
      vertex -4.40237 -9.7565 23
    endloop
  endfacet
  facet normal -0 0 1
    outer loop
      vertex -4.73018 -9.85361 23
      vertex -4.27051 -15.9378 23
      vertex -4.56468 -9.81041 23
    endloop
  endfacet
  facet normal 0 0 1
    outer loop
      vertex -5.30375 -15.6243 23
      vertex -4.73018 -9.85361 23
      vertex -4.89813 -9.88586 23
    endloop
  endfacet
  facet normal 0 0 1
    outer loop
      vertex -5.30375 -15.6243 23
      vertex -4.89813 -9.88586 23
      vertex -5.06784 -9.90707 23
    endloop
  endfacet
  facet normal 0 0 1
    outer loop
      vertex -6.31428 -15.244 23
      vertex -5.06784 -9.90707 23
      vertex -5.23857 -9.91714 23
    endloop
  endfacet
  facet normal 0 0 1
    outer loop
      vertex -4.73018 -9.85361 23
      vertex -5.30375 -15.6243 23
      vertex -4.27051 -15.9378 23
    endloop
  endfacet
  facet normal 0 0 1
    outer loop
      vertex -6.31428 -15.244 23
      vertex -5.23857 -9.91714 23
      vertex -5.40959 -9.91603 23
    endloop
  endfacet
  facet normal 0 0 1
    outer loop
      vertex -6.31428 -15.244 23
      vertex -5.40959 -9.91603 23
      vertex -5.58018 -9.90373 23
    endloop
  endfacet
  facet normal 0 0 1
    outer loop
      vertex -7.29776 -14.7984 23
      vertex -5.58018 -9.90373 23
      vertex -5.7496 -9.88029 23
    endloop
  endfacet
  facet normal 0 0 1
    outer loop
      vertex -7.29776 -14.7984 23
      vertex -5.7496 -9.88029 23
      vertex -5.91711 -9.84583 23
    endloop
  endfacet
  facet normal 0 0 1
    outer loop
      vertex -8.25 -14.2894 23
      vertex -5.91711 -9.84583 23
      vertex -6.08203 -9.80049 23
    endloop
  endfacet
  facet normal 0 0 1
    outer loop
      vertex -8.25 -14.2894 23
      vertex -6.08203 -9.80049 23
      vertex -6.24362 -9.74445 23
    endloop
  endfacet
  facet normal 0 0 1
    outer loop
      vertex -5.06784 -9.90707 23
      vertex -6.31428 -15.244 23
      vertex -5.30375 -15.6243 23
    endloop
  endfacet
  facet normal 0 0 1
    outer loop
      vertex -8.25 -14.2894 23
      vertex -6.24362 -9.74445 23
      vertex -6.4012 -9.67796 23
    endloop
  endfacet
  facet normal 0 0 1
    outer loop
      vertex -9.16691 -13.7192 23
      vertex -6.4012 -9.67796 23
      vertex -6.55409 -9.60132 23
    endloop
  endfacet
  facet normal 0 0 1
    outer loop
      vertex -9.16691 -13.7192 23
      vertex -6.55409 -9.60132 23
      vertex -6.70164 -9.51485 23
    endloop
  endfacet
  facet normal 0 0 1
    outer loop
      vertex -9.16691 -13.7192 23
      vertex -6.70164 -9.51485 23
      vertex -6.84322 -9.41888 23
    endloop
  endfacet
  facet normal 0 0 1
    outer loop
      vertex -10.0446 -13.0903 23
      vertex -6.84322 -9.41888 23
      vertex -6.97823 -9.31389 23
    endloop
  endfacet
  facet normal 0 0 1
    outer loop
      vertex -10.0446 -13.0903 23
      vertex -6.97823 -9.31389 23
      vertex -7.10606 -9.20029 23
    endloop
  endfacet
  facet normal 0 0 1
    outer loop
      vertex -10.0446 -13.0903 23
      vertex -7.10606 -9.20029 23
      vertex -7.22621 -9.07855 23
    endloop
  endfacet
  facet normal 0 0 1
    outer loop
      vertex -5.58018 -9.90373 23
      vertex -7.29776 -14.7984 23
      vertex -6.31428 -15.244 23
    endloop
  endfacet
  facet normal 0 0 1
    outer loop
      vertex -10.8792 -12.4054 23
      vertex -7.22621 -9.07855 23
      vertex -7.33813 -8.94923 23
    endloop
  endfacet
  facet normal 0 0 1
    outer loop
      vertex -10.8792 -12.4054 23
      vertex -7.33813 -8.94923 23
      vertex -7.44136 -8.81287 23
    endloop
  endfacet
  facet normal 0 0 1
    outer loop
      vertex -11.6673 -11.6673 23
      vertex -7.44136 -8.81287 23
      vertex -7.53545 -8.67004 23
    endloop
  endfacet
  facet normal 0 0 1
    outer loop
      vertex -11.6673 -11.6673 23
      vertex -7.53545 -8.67004 23
      vertex -7.62 -8.52138 23
    endloop
  endfacet
  facet normal 0 0 1
    outer loop
      vertex -11.6673 -11.6673 23
      vertex -7.62 -8.52138 23
      vertex -7.69463 -8.36749 23
    endloop
  endfacet
  facet normal 0 0 1
    outer loop
      vertex -12.4054 -10.8792 23
      vertex -7.69463 -8.36749 23
      vertex -7.75905 -8.20906 23
    endloop
  endfacet
  facet normal 0 0 1
    outer loop
      vertex -12.4054 -10.8792 23
      vertex -7.75905 -8.20906 23
      vertex -7.81296 -8.04675 23
    endloop
  endfacet
  facet normal 0 0 1
    outer loop
      vertex -12.4054 -10.8792 23
      vertex -7.81296 -8.04675 23
      vertex -7.85614 -7.88126 23
    endloop
  endfacet
  facet normal 0 0 1
    outer loop
      vertex -13.0903 -10.0446 23
      vertex -7.85614 -7.88126 23
      vertex -7.88841 -7.7133 23
    endloop
  endfacet
  facet normal 0 0 1
    outer loop
      vertex -13.0903 -10.0446 23
      vertex -7.88841 -7.7133 23
      vertex -7.90962 -7.54359 23
    endloop
  endfacet
  facet normal 0 0 1
    outer loop
      vertex -7.51738 -5.90979 23
      vertex -9.55537 0.362503 23
      vertex -7.60387 -6.05734 23
    endloop
  endfacet
  facet normal 0 0 1
    outer loop
      vertex -5.91711 -9.84583 23
      vertex -8.25 -14.2894 23
      vertex -7.29776 -14.7984 23
    endloop
  endfacet
  facet normal 0 0 1
    outer loop
      vertex -13.7192 -9.16691 23
      vertex -7.90962 -7.54359 23
      vertex -7.91969 -7.37286 23
    endloop
  endfacet
  facet normal -0 0 1
    outer loop
      vertex -15.6243 -5.30375 23
      vertex -7.60387 -6.05734 23
      vertex -9.55537 0.362503 23
    endloop
  endfacet
  facet normal 0 0 1
    outer loop
      vertex -7.60387 -6.05734 23
      vertex -15.6243 -5.30375 23
      vertex -7.68051 -6.21024 23
    endloop
  endfacet
  facet normal 0 -0 1
    outer loop
      vertex -15.244 -6.31428 23
      vertex -7.68051 -6.21024 23
      vertex -15.6243 -5.30375 23
    endloop
  endfacet
  facet normal 0 0 1
    outer loop
      vertex -7.68051 -6.21024 23
      vertex -15.244 -6.31428 23
      vertex -7.74699 -6.36781 23
    endloop
  endfacet
  facet normal 0 0 1
    outer loop
      vertex -7.74699 -6.36781 23
      vertex -15.244 -6.31428 23
      vertex -7.80302 -6.5294 23
    endloop
  endfacet
  facet normal 0 -0 1
    outer loop
      vertex -14.7984 -7.29776 23
      vertex -7.80302 -6.5294 23
      vertex -15.244 -6.31428 23
    endloop
  endfacet
  facet normal 0 0 1
    outer loop
      vertex -6.4012 -9.67796 23
      vertex -9.16691 -13.7192 23
      vertex -8.25 -14.2894 23
    endloop
  endfacet
  facet normal 0 0 1
    outer loop
      vertex -7.80302 -6.5294 23
      vertex -14.7984 -7.29776 23
      vertex -7.84837 -6.69431 23
    endloop
  endfacet
  facet normal 0 0 1
    outer loop
      vertex -7.84837 -6.69431 23
      vertex -14.7984 -7.29776 23
      vertex -7.88284 -6.86183 23
    endloop
  endfacet
  facet normal 0 -0 1
    outer loop
      vertex -14.2894 -8.25 23
      vertex -7.88284 -6.86183 23
      vertex -14.7984 -7.29776 23
    endloop
  endfacet
  facet normal 0 0 1
    outer loop
      vertex -15.6243 -5.30375 23
      vertex -9.55537 0.362503 23
      vertex -9.71208 0.431046 23
    endloop
  endfacet
  facet normal 0 0 1
    outer loop
      vertex -15.9378 -4.27051 23
      vertex -9.71208 0.431046 23
      vertex -9.86395 0.509689 23
    endloop
  endfacet
  facet normal 0 0 1
    outer loop
      vertex -15.9378 -4.27051 23
      vertex -9.86395 0.509689 23
      vertex -10.0104 0.598099 23
    endloop
  endfacet
  facet normal 0 0 1
    outer loop
      vertex -6.84322 -9.41888 23
      vertex -10.0446 -13.0903 23
      vertex -9.16691 -13.7192 23
    endloop
  endfacet
  facet normal 0 0 1
    outer loop
      vertex -16.183 -3.21899 23
      vertex -10.0104 0.598099 23
      vertex -10.1507 0.695892 23
    endloop
  endfacet
  facet normal 0 0 1
    outer loop
      vertex -16.183 -3.21899 23
      vertex -10.1507 0.695892 23
      vertex -10.2843 0.802643 23
    endloop
  endfacet
  facet normal 0 0 1
    outer loop
      vertex -16.3588 -2.15368 23
      vertex -10.2843 0.802643 23
      vertex -10.4106 0.917923 23
    endloop
  endfacet
  facet normal 0 0 1
    outer loop
      vertex -16.3588 -2.15368 23
      vertex -10.4106 0.917923 23
      vertex -10.5292 1.0412 23
    endloop
  endfacet
  facet normal 0 0 1
    outer loop
      vertex -16.4647 -1.07915 23
      vertex -10.5292 1.0412 23
      vertex -10.6394 1.17198 23
    endloop
  endfacet
  facet normal 0 0 1
    outer loop
      vertex -16.4647 -1.07915 23
      vertex -10.6394 1.17198 23
      vertex -10.7408 1.30969 23
    endloop
  endfacet
  facet normal 0 0 1
    outer loop
      vertex -16.5 0 23
      vertex -10.7408 1.30969 23
      vertex -10.833 1.45374 23
    endloop
  endfacet
  facet normal 0 0 1
    outer loop
      vertex -7.22621 -9.07855 23
      vertex -10.8792 -12.4054 23
      vertex -10.0446 -13.0903 23
    endloop
  endfacet
  facet normal 0 0 1
    outer loop
      vertex -16.5 0 23
      vertex -10.833 1.45374 23
      vertex -10.9156 1.6035 23
    endloop
  endfacet
  facet normal 0 0 1
    outer loop
      vertex -16.5 0 23
      vertex -10.9156 1.6035 23
      vertex -10.9883 1.75835 23
    endloop
  endfacet
  facet normal 0 0 1
    outer loop
      vertex -16.4647 1.07915 23
      vertex -10.9883 1.75835 23
      vertex -11.0506 1.9176 23
    endloop
  endfacet
  facet normal 0 0 1
    outer loop
      vertex -16.4647 1.07915 23
      vertex -11.0506 1.9176 23
      vertex -11.1024 2.08061 23
    endloop
  endfacet
  facet normal -0 0 1
    outer loop
      vertex -16.3588 2.15368 23
      vertex -11.1024 2.08061 23
      vertex -11.1434 2.24664 23
    endloop
  endfacet
  facet normal 0 0 1
    outer loop
      vertex -16.3588 2.15368 23
      vertex -11.1434 2.24664 23
      vertex -11.1734 2.41501 23
    endloop
  endfacet
  facet normal 0 0 1
    outer loop
      vertex -16.3588 2.15368 23
      vertex -11.1734 2.41501 23
      vertex -11.1924 2.58499 23
    endloop
  endfacet
  facet normal 0 0 1
    outer loop
      vertex -16.183 3.21899 23
      vertex -11.1924 2.58499 23
      vertex -11.2003 2.75583 23
    endloop
  endfacet
  facet normal 0 0 1
    outer loop
      vertex -10.9459 3.91522 23
      vertex -15.6243 5.30375 23
      vertex -11.0144 3.75853 23
    endloop
  endfacet
  facet normal 0 0 1
    outer loop
      vertex -7.44136 -8.81287 23
      vertex -11.6673 -11.6673 23
      vertex -10.8792 -12.4054 23
    endloop
  endfacet
  facet normal 0 0 1
    outer loop
      vertex -11.0144 3.75853 23
      vertex -15.6243 5.30375 23
      vertex -11.0726 3.59769 23
    endloop
  endfacet
  facet normal 0 0 1
    outer loop
      vertex -7.69463 -8.36749 23
      vertex -12.4054 -10.8792 23
      vertex -11.6673 -11.6673 23
    endloop
  endfacet
  facet normal 0 0 1
    outer loop
      vertex -11.0726 3.59769 23
      vertex -15.6243 5.30375 23
      vertex -11.1201 3.4334 23
    endloop
  endfacet
  facet normal 0 0 1
    outer loop
      vertex -7.85614 -7.88126 23
      vertex -13.0903 -10.0446 23
      vertex -12.4054 -10.8792 23
    endloop
  endfacet
  facet normal -0 0 1
    outer loop
      vertex -15.9378 4.27051 23
      vertex -11.1201 3.4334 23
      vertex -15.6243 5.30375 23
    endloop
  endfacet
  facet normal 0 0 1
    outer loop
      vertex -7.90962 -7.54359 23
      vertex -13.7192 -9.16691 23
      vertex -13.0903 -10.0446 23
    endloop
  endfacet
  facet normal 0 0 1
    outer loop
      vertex -11.1201 3.4334 23
      vertex -15.9378 4.27051 23
      vertex -11.1567 3.26634 23
    endloop
  endfacet
  facet normal 0 0 1
    outer loop
      vertex -7.91858 -7.20183 23
      vertex -13.7192 -9.16691 23
      vertex -7.91969 -7.37286 23
    endloop
  endfacet
  facet normal 0 0 1
    outer loop
      vertex -11.1567 3.26634 23
      vertex -15.9378 4.27051 23
      vertex -11.1824 3.09724 23
    endloop
  endfacet
  facet normal 0 -0 1
    outer loop
      vertex -13.7192 -9.16691 23
      vertex -7.91858 -7.20183 23
      vertex -14.2894 -8.25 23
    endloop
  endfacet
  facet normal 0 0 1
    outer loop
      vertex -11.1824 3.09724 23
      vertex -15.9378 4.27051 23
      vertex -11.1969 2.92683 23
    endloop
  endfacet
  facet normal 0 0 1
    outer loop
      vertex -7.90627 -7.03125 23
      vertex -14.2894 -8.25 23
      vertex -7.91858 -7.20183 23
    endloop
  endfacet
  facet normal -0 0 1
    outer loop
      vertex -16.183 3.21899 23
      vertex -11.1969 2.92683 23
      vertex -15.9378 4.27051 23
    endloop
  endfacet
  facet normal 0 0 1
    outer loop
      vertex -7.88284 -6.86183 23
      vertex -14.2894 -8.25 23
      vertex -7.90627 -7.03125 23
    endloop
  endfacet
  facet normal 0 0 1
    outer loop
      vertex -11.1969 2.92683 23
      vertex -16.183 3.21899 23
      vertex -11.2003 2.75583 23
    endloop
  endfacet
  facet normal 0 0 1
    outer loop
      vertex -9.71208 0.431046 23
      vertex -15.9378 -4.27051 23
      vertex -15.6243 -5.30375 23
    endloop
  endfacet
  facet normal 0 0 1
    outer loop
      vertex -11.1924 2.58499 23
      vertex -16.183 3.21899 23
      vertex -16.3588 2.15368 23
    endloop
  endfacet
  facet normal 0 0 1
    outer loop
      vertex -10.0104 0.598099 23
      vertex -16.183 -3.21899 23
      vertex -15.9378 -4.27051 23
    endloop
  endfacet
  facet normal 0 0 1
    outer loop
      vertex -11.1024 2.08061 23
      vertex -16.3588 2.15368 23
      vertex -16.4647 1.07915 23
    endloop
  endfacet
  facet normal 0 0 1
    outer loop
      vertex -10.2843 0.802643 23
      vertex -16.3588 -2.15368 23
      vertex -16.183 -3.21899 23
    endloop
  endfacet
  facet normal 0 0 1
    outer loop
      vertex -10.9883 1.75835 23
      vertex -16.4647 1.07915 23
      vertex -16.5 0 23
    endloop
  endfacet
  facet normal 0 0 1
    outer loop
      vertex -10.5292 1.0412 23
      vertex -16.4647 -1.07915 23
      vertex -16.3588 -2.15368 23
    endloop
  endfacet
  facet normal 0 0 1
    outer loop
      vertex -10.7408 1.30969 23
      vertex -16.5 0 23
      vertex -16.4647 -1.07915 23
    endloop
  endfacet
  facet normal 0 0 1
    outer loop
      vertex -2.61359 0 23
      vertex -4.53195 -4.80841 23
      vertex -4.37036 -4.86444 23
    endloop
  endfacet
  facet normal -0 0 1
    outer loop
      vertex -6.59949 1.09265 23
      vertex -2.61359 0 23
      vertex -6.49274 1.22626 23
    endloop
  endfacet
  facet normal 0 0 1
    outer loop
      vertex -2.61359 0 23
      vertex -4.69685 -4.76306 23
      vertex -4.53195 -4.80841 23
    endloop
  endfacet
  facet normal -0 0 1
    outer loop
      vertex -6.71477 0.966293 23
      vertex -2.61359 0 23
      vertex -6.59949 1.09265 23
    endloop
  endfacet
  facet normal 0 0 1
    outer loop
      vertex -2.61359 0 23
      vertex -4.86438 -4.72859 23
      vertex -4.69685 -4.76306 23
    endloop
  endfacet
  facet normal -0 0 1
    outer loop
      vertex -6.83806 0.847763 23
      vertex -2.61359 0 23
      vertex -6.71477 0.966293 23
    endloop
  endfacet
  facet normal 0 0 1
    outer loop
      vertex -2.61359 0 23
      vertex -5.0338 -4.70517 23
      vertex -4.86438 -4.72859 23
    endloop
  endfacet
  facet normal -0 0 1
    outer loop
      vertex -6.96883 0.737534 23
      vertex -2.61359 0 23
      vertex -6.83806 0.847763 23
    endloop
  endfacet
  facet normal 0 0 1
    outer loop
      vertex -2.61359 0 23
      vertex -5.20438 -4.69286 23
      vertex -5.0338 -4.70517 23
    endloop
  endfacet
  facet normal 0 0 1
    outer loop
      vertex -2.61359 0 23
      vertex -6.96883 0.737534 23
      vertex -5.20438 -4.69286 23
    endloop
  endfacet
  facet normal 0 0 1
    outer loop
      vertex -5.20438 -4.69286 23
      vertex -6.96883 0.737534 23
      vertex -5.3754 -4.69174 23
    endloop
  endfacet
  facet normal -0 0 1
    outer loop
      vertex -7.10654 0.636108 23
      vertex -5.3754 -4.69174 23
      vertex -6.96883 0.737534 23
    endloop
  endfacet
  facet normal 0 0 1
    outer loop
      vertex -5.3754 -4.69174 23
      vertex -7.10654 0.636108 23
      vertex -5.54614 -4.70181 23
    endloop
  endfacet
  facet normal -0 0 1
    outer loop
      vertex -7.25058 0.5439 23
      vertex -5.54614 -4.70181 23
      vertex -7.10654 0.636108 23
    endloop
  endfacet
  facet normal 0 0 1
    outer loop
      vertex -5.54614 -4.70181 23
      vertex -7.25058 0.5439 23
      vertex -5.71585 -4.72302 23
    endloop
  endfacet
  facet normal -0 0 1
    outer loop
      vertex -7.40034 0.461304 23
      vertex -5.71585 -4.72302 23
      vertex -7.25058 0.5439 23
    endloop
  endfacet
  facet normal 0 0 1
    outer loop
      vertex -5.71585 -4.72302 23
      vertex -7.40034 0.461304 23
      vertex -5.8838 -4.75529 23
    endloop
  endfacet
  facet normal -0 0 1
    outer loop
      vertex -7.55519 0.388687 23
      vertex -5.8838 -4.75529 23
      vertex -7.40034 0.461304 23
    endloop
  endfacet
  facet normal 0 0 1
    outer loop
      vertex -5.8838 -4.75529 23
      vertex -7.55519 0.388687 23
      vertex -6.04929 -4.79848 23
    endloop
  endfacet
  facet normal -0 0 1
    outer loop
      vertex -7.71445 0.326355 23
      vertex -6.04929 -4.79848 23
      vertex -7.55519 0.388687 23
    endloop
  endfacet
  facet normal 0 0 1
    outer loop
      vertex -6.04929 -4.79848 23
      vertex -7.71445 0.326355 23
      vertex -6.21159 -4.85239 23
    endloop
  endfacet
  facet normal -0 0 1
    outer loop
      vertex -7.87746 0.274567 23
      vertex -6.21159 -4.85239 23
      vertex -7.71445 0.326355 23
    endloop
  endfacet
  facet normal 0 0 1
    outer loop
      vertex -6.21159 -4.85239 23
      vertex -7.87746 0.274567 23
      vertex -6.37004 -4.91681 23
    endloop
  endfacet
  facet normal -0 0 1
    outer loop
      vertex -8.04349 0.233551 23
      vertex -6.37004 -4.91681 23
      vertex -7.87746 0.274567 23
    endloop
  endfacet
  facet normal 0 0 1
    outer loop
      vertex -6.37004 -4.91681 23
      vertex -8.04349 0.233551 23
      vertex -6.52391 -4.99144 23
    endloop
  endfacet
  facet normal -0 0 1
    outer loop
      vertex -8.21185 0.203491 23
      vertex -6.52391 -4.99144 23
      vertex -8.04349 0.233551 23
    endloop
  endfacet
  facet normal 0 0 1
    outer loop
      vertex -6.52391 -4.99144 23
      vertex -8.21185 0.203491 23
      vertex -6.67259 -5.07599 23
    endloop
  endfacet
  facet normal -0 0 1
    outer loop
      vertex -8.38184 0.184509 23
      vertex -6.67259 -5.07599 23
      vertex -8.21185 0.203491 23
    endloop
  endfacet
  facet normal 0 0 1
    outer loop
      vertex -6.67259 -5.07599 23
      vertex -8.38184 0.184509 23
      vertex -6.81541 -5.17007 23
    endloop
  endfacet
  facet normal -0 0 1
    outer loop
      vertex -8.55267 0.176666 23
      vertex -6.81541 -5.17007 23
      vertex -8.38184 0.184509 23
    endloop
  endfacet
  facet normal 0 0 1
    outer loop
      vertex -6.81541 -5.17007 23
      vertex -8.55267 0.176666 23
      vertex -6.95178 -5.2733 23
    endloop
  endfacet
  facet normal 0 0 1
    outer loop
      vertex -8.72368 0.180023 23
      vertex -6.95178 -5.2733 23
      vertex -8.55267 0.176666 23
    endloop
  endfacet
  facet normal 0 0 1
    outer loop
      vertex -6.95178 -5.2733 23
      vertex -8.72368 0.180023 23
      vertex -7.0811 -5.38522 23
    endloop
  endfacet
  facet normal 0 0 1
    outer loop
      vertex -8.89409 0.194565 23
      vertex -7.0811 -5.38522 23
      vertex -8.72368 0.180023 23
    endloop
  endfacet
  facet normal 0 0 1
    outer loop
      vertex -7.0811 -5.38522 23
      vertex -8.89409 0.194565 23
      vertex -7.20282 -5.50536 23
    endloop
  endfacet
  facet normal 0 0 1
    outer loop
      vertex -9.06319 0.220215 23
      vertex -7.20282 -5.50536 23
      vertex -8.89409 0.194565 23
    endloop
  endfacet
  facet normal 0 0 1
    outer loop
      vertex -7.20282 -5.50536 23
      vertex -9.06319 0.220215 23
      vertex -7.31644 -5.63321 23
    endloop
  endfacet
  facet normal 0 0 1
    outer loop
      vertex -9.23024 0.256866 23
      vertex -7.31644 -5.63321 23
      vertex -9.06319 0.220215 23
    endloop
  endfacet
  facet normal 0 0 1
    outer loop
      vertex -7.31644 -5.63321 23
      vertex -9.23024 0.256866 23
      vertex -7.42143 -5.7682 23
    endloop
  endfacet
  facet normal 0 0 1
    outer loop
      vertex -9.39453 0.304367 23
      vertex -7.42143 -5.7682 23
      vertex -9.23024 0.256866 23
    endloop
  endfacet
  facet normal 0 0 1
    outer loop
      vertex -7.42143 -5.7682 23
      vertex -9.39453 0.304367 23
      vertex -7.51738 -5.90979 23
    endloop
  endfacet
  facet normal 0 0 1
    outer loop
      vertex -9.55537 0.362503 23
      vertex -7.51738 -5.90979 23
      vertex -9.39453 0.304367 23
    endloop
  endfacet
  facet normal -0.706863 -0.0231166 -0.706972
    outer loop
      vertex -17.3627 -1.13801 0
      vertex -17.9615 -1.17726 0.599991
      vertex -18 0 0.599991
    endloop
  endfacet
  facet normal -0.706912 -0.0231701 -0.706922
    outer loop
      vertex -17.4 0 0
      vertex -17.3627 -1.13801 0
      vertex -18 0 0.599991
    endloop
  endfacet
  facet normal 0 0 1
    outer loop
      vertex 2.608 9.19974 24.2
      vertex 2.608 8.85785 24.2
      vertex 2.61359 9.02879 24.2
    endloop
  endfacet
  facet normal 0 0 1
    outer loop
      vertex 2.59123 9.36993 24.2
      vertex 2.608 8.85785 24.2
      vertex 2.608 9.19974 24.2
    endloop
  endfacet
  facet normal 0 0 1
    outer loop
      vertex 2.59123 9.36993 24.2
      vertex 2.59123 8.68765 24.2
      vertex 2.608 8.85785 24.2
    endloop
  endfacet
  facet normal 0 0 1
    outer loop
      vertex 2.56337 9.53868 24.2
      vertex 2.59123 8.68765 24.2
      vertex 2.59123 9.36993 24.2
    endloop
  endfacet
  facet normal 0 0 1
    outer loop
      vertex 2.56337 9.53868 24.2
      vertex 2.56337 8.51891 24.2
      vertex 2.59123 8.68765 24.2
    endloop
  endfacet
  facet normal 0 0 1
    outer loop
      vertex 2.52454 9.70525 24.2
      vertex 2.56337 8.51891 24.2
      vertex 2.56337 9.53868 24.2
    endloop
  endfacet
  facet normal 0 0 1
    outer loop
      vertex 2.52454 9.70525 24.2
      vertex 2.52454 8.35234 24.2
      vertex 2.56337 8.51891 24.2
    endloop
  endfacet
  facet normal 0 0 1
    outer loop
      vertex 2.47488 9.86891 24.2
      vertex 2.52454 8.35234 24.2
      vertex 2.52454 9.70525 24.2
    endloop
  endfacet
  facet normal 0 0 1
    outer loop
      vertex 2.47488 9.86891 24.2
      vertex 2.47488 8.18867 24.2
      vertex 2.52454 8.35234 24.2
    endloop
  endfacet
  facet normal 0 0 1
    outer loop
      vertex 2.41464 10.029 24.2
      vertex 2.47488 8.18867 24.2
      vertex 2.47488 9.86891 24.2
    endloop
  endfacet
  facet normal 0 0 1
    outer loop
      vertex 2.41464 10.029 24.2
      vertex 2.41464 8.02861 24.2
      vertex 2.47488 8.18867 24.2
    endloop
  endfacet
  facet normal 0 0 1
    outer loop
      vertex 2.34406 10.1848 24.2
      vertex 2.41464 8.02861 24.2
      vertex 2.41464 10.029 24.2
    endloop
  endfacet
  facet normal 0 0 1
    outer loop
      vertex 2.34406 10.1848 24.2
      vertex 2.34406 7.87283 24.2
      vertex 2.41464 8.02861 24.2
    endloop
  endfacet
  facet normal 0 0 1
    outer loop
      vertex 2.26344 10.3356 24.2
      vertex 2.34406 7.87283 24.2
      vertex 2.34406 10.1848 24.2
    endloop
  endfacet
  facet normal 0 0 1
    outer loop
      vertex 2.26344 10.3356 24.2
      vertex 2.26344 7.72198 24.2
      vertex 2.34406 7.87283 24.2
    endloop
  endfacet
  facet normal 0 0 1
    outer loop
      vertex 2.17313 10.4808 24.2
      vertex 2.26344 7.72198 24.2
      vertex 2.26344 10.3356 24.2
    endloop
  endfacet
  facet normal 0 0 1
    outer loop
      vertex 2.17313 10.4808 24.2
      vertex 2.17313 7.57675 24.2
      vertex 2.26344 7.72198 24.2
    endloop
  endfacet
  facet normal 0 0 1
    outer loop
      vertex 2.0735 10.6199 24.2
      vertex 2.17313 7.57675 24.2
      vertex 2.17313 10.4808 24.2
    endloop
  endfacet
  facet normal 0 0 1
    outer loop
      vertex 2.0735 10.6199 24.2
      vertex 2.0735 7.43773 24.2
      vertex 2.17313 7.57675 24.2
    endloop
  endfacet
  facet normal 0 0 1
    outer loop
      vertex 1.965 10.7521 24.2
      vertex 2.0735 7.43773 24.2
      vertex 2.0735 10.6199 24.2
    endloop
  endfacet
  facet normal 0 0 1
    outer loop
      vertex 1.965 10.7521 24.2
      vertex 1.965 7.30553 24.2
      vertex 2.0735 7.43773 24.2
    endloop
  endfacet
  facet normal 0 0 1
    outer loop
      vertex 1.84808 10.8769 24.2
      vertex 1.965 7.30553 24.2
      vertex 1.965 10.7521 24.2
    endloop
  endfacet
  facet normal 0 0 1
    outer loop
      vertex 1.84808 10.8769 24.2
      vertex 1.84808 7.18069 24.2
      vertex 1.965 7.30553 24.2
    endloop
  endfacet
  facet normal 0 0 1
    outer loop
      vertex 1.72325 10.9938 24.2
      vertex 1.84808 7.18069 24.2
      vertex 1.84808 10.8769 24.2
    endloop
  endfacet
  facet normal 0 0 1
    outer loop
      vertex 1.72325 10.9938 24.2
      vertex 1.72325 7.06378 24.2
      vertex 1.84808 7.18069 24.2
    endloop
  endfacet
  facet normal 0 0 1
    outer loop
      vertex 1.59105 11.1023 24.2
      vertex 1.72325 7.06378 24.2
      vertex 1.72325 10.9938 24.2
    endloop
  endfacet
  facet normal 0 0 1
    outer loop
      vertex 1.59105 11.1023 24.2
      vertex 1.59105 6.95528 24.2
      vertex 1.72325 7.06378 24.2
    endloop
  endfacet
  facet normal 0 0 1
    outer loop
      vertex 1.45203 11.2019 24.2
      vertex 1.59105 6.95528 24.2
      vertex 1.59105 11.1023 24.2
    endloop
  endfacet
  facet normal 0 0 1
    outer loop
      vertex 1.45203 11.2019 24.2
      vertex 1.45203 6.85567 24.2
      vertex 1.59105 6.95528 24.2
    endloop
  endfacet
  facet normal 0 0 1
    outer loop
      vertex 1.30679 11.2922 24.2
      vertex 1.45203 6.85567 24.2
      vertex 1.45203 11.2019 24.2
    endloop
  endfacet
  facet normal 0 0 1
    outer loop
      vertex 1.30679 11.2922 24.2
      vertex 1.30679 6.76535 24.2
      vertex 1.45203 6.85567 24.2
    endloop
  endfacet
  facet normal 0 0 1
    outer loop
      vertex 1.15596 11.3729 24.2
      vertex 1.30679 6.76535 24.2
      vertex 1.30679 11.2922 24.2
    endloop
  endfacet
  facet normal 0 0 1
    outer loop
      vertex 1.15596 11.3729 24.2
      vertex 1.15596 6.68472 24.2
      vertex 1.30679 6.76535 24.2
    endloop
  endfacet
  facet normal 0 0 1
    outer loop
      vertex 1.00017 11.4435 24.2
      vertex 1.15596 6.68472 24.2
      vertex 1.15596 11.3729 24.2
    endloop
  endfacet
  facet normal 0 0 1
    outer loop
      vertex 1.00017 11.4435 24.2
      vertex 1.00017 6.61414 24.2
      vertex 1.15596 6.68472 24.2
    endloop
  endfacet
  facet normal 0 0 1
    outer loop
      vertex 0.840103 11.5037 24.2
      vertex 1.00017 6.61414 24.2
      vertex 1.00017 11.4435 24.2
    endloop
  endfacet
  facet normal 0 0 1
    outer loop
      vertex 0.840103 11.5037 24.2
      vertex 0.840103 6.55389 24.2
      vertex 1.00017 6.61414 24.2
    endloop
  endfacet
  facet normal 0 0 1
    outer loop
      vertex 0.676437 11.5533 24.2
      vertex 0.840103 6.55389 24.2
      vertex 0.840103 11.5037 24.2
    endloop
  endfacet
  facet normal 0 0 1
    outer loop
      vertex 0.676437 11.5533 24.2
      vertex 0.676437 6.50424 24.2
      vertex 0.840103 6.55389 24.2
    endloop
  endfacet
  facet normal 0 0 1
    outer loop
      vertex 0.509888 11.5922 24.2
      vertex 0.676437 6.50424 24.2
      vertex 0.676437 11.5533 24.2
    endloop
  endfacet
  facet normal 0 0 1
    outer loop
      vertex 0.509888 11.5922 24.2
      vertex 0.509888 6.46541 24.2
      vertex 0.676437 6.50424 24.2
    endloop
  endfacet
  facet normal 0 0 1
    outer loop
      vertex 0.341141 11.62 24.2
      vertex 0.509888 6.46541 24.2
      vertex 0.509888 11.5922 24.2
    endloop
  endfacet
  facet normal 0 0 1
    outer loop
      vertex 0.341141 11.62 24.2
      vertex 0.341141 6.43755 24.2
      vertex 0.509888 6.46541 24.2
    endloop
  endfacet
  facet normal 0 0 1
    outer loop
      vertex 0.170929 11.6368 24.2
      vertex 0.341141 6.43755 24.2
      vertex 0.341141 11.62 24.2
    endloop
  endfacet
  facet normal 0 0 1
    outer loop
      vertex 0.170929 11.6368 24.2
      vertex 0.170929 6.42079 24.2
      vertex 0.341141 6.43755 24.2
    endloop
  endfacet
  facet normal 0 0 1
    outer loop
      vertex 0 11.6424 24.2
      vertex 0.170929 6.42079 24.2
      vertex 0.170929 11.6368 24.2
    endloop
  endfacet
  facet normal 0 0 1
    outer loop
      vertex 0 11.6424 24.2
      vertex 0 6.41519 24.2
      vertex 0.170929 6.42079 24.2
    endloop
  endfacet
  facet normal -0 0 1
    outer loop
      vertex -0.170929 11.6368 24.2
      vertex 0 6.41519 24.2
      vertex 0 11.6424 24.2
    endloop
  endfacet
  facet normal 0 0 1
    outer loop
      vertex -0.170929 11.6368 24.2
      vertex -0.170929 6.42079 24.2
      vertex 0 6.41519 24.2
    endloop
  endfacet
  facet normal -0 0 1
    outer loop
      vertex -0.341141 11.62 24.2
      vertex -0.170929 6.42079 24.2
      vertex -0.170929 11.6368 24.2
    endloop
  endfacet
  facet normal 0 0 1
    outer loop
      vertex -0.341141 11.62 24.2
      vertex -0.341141 6.43755 24.2
      vertex -0.170929 6.42079 24.2
    endloop
  endfacet
  facet normal -0 0 1
    outer loop
      vertex -0.509888 11.5922 24.2
      vertex -0.341141 6.43755 24.2
      vertex -0.341141 11.62 24.2
    endloop
  endfacet
  facet normal 0 0 1
    outer loop
      vertex -0.509888 11.5922 24.2
      vertex -0.509888 6.46541 24.2
      vertex -0.341141 6.43755 24.2
    endloop
  endfacet
  facet normal -0 0 1
    outer loop
      vertex -0.676437 11.5533 24.2
      vertex -0.509888 6.46541 24.2
      vertex -0.509888 11.5922 24.2
    endloop
  endfacet
  facet normal 0 0 1
    outer loop
      vertex -0.676437 11.5533 24.2
      vertex -0.676437 6.50424 24.2
      vertex -0.509888 6.46541 24.2
    endloop
  endfacet
  facet normal -0 0 1
    outer loop
      vertex -0.840103 11.5037 24.2
      vertex -0.676437 6.50424 24.2
      vertex -0.676437 11.5533 24.2
    endloop
  endfacet
  facet normal 0 0 1
    outer loop
      vertex -0.840103 11.5037 24.2
      vertex -0.840103 6.55389 24.2
      vertex -0.676437 6.50424 24.2
    endloop
  endfacet
  facet normal -0 0 1
    outer loop
      vertex -1.00017 11.4435 24.2
      vertex -0.840103 6.55389 24.2
      vertex -0.840103 11.5037 24.2
    endloop
  endfacet
  facet normal 0 0 1
    outer loop
      vertex -1.00017 11.4435 24.2
      vertex -1.00017 6.61414 24.2
      vertex -0.840103 6.55389 24.2
    endloop
  endfacet
  facet normal -0 0 1
    outer loop
      vertex -1.15596 11.3729 24.2
      vertex -1.00017 6.61414 24.2
      vertex -1.00017 11.4435 24.2
    endloop
  endfacet
  facet normal 0 0 1
    outer loop
      vertex -1.15596 11.3729 24.2
      vertex -1.15596 6.68472 24.2
      vertex -1.00017 6.61414 24.2
    endloop
  endfacet
  facet normal -0 0 1
    outer loop
      vertex -1.30679 11.2922 24.2
      vertex -1.15596 6.68472 24.2
      vertex -1.15596 11.3729 24.2
    endloop
  endfacet
  facet normal 0 0 1
    outer loop
      vertex -1.30679 11.2922 24.2
      vertex -1.30679 6.76535 24.2
      vertex -1.15596 6.68472 24.2
    endloop
  endfacet
  facet normal -0 0 1
    outer loop
      vertex -1.45203 11.2019 24.2
      vertex -1.30679 6.76535 24.2
      vertex -1.30679 11.2922 24.2
    endloop
  endfacet
  facet normal 0 0 1
    outer loop
      vertex -1.45203 11.2019 24.2
      vertex -1.45203 6.85567 24.2
      vertex -1.30679 6.76535 24.2
    endloop
  endfacet
  facet normal -0 0 1
    outer loop
      vertex -1.59105 11.1023 24.2
      vertex -1.45203 6.85567 24.2
      vertex -1.45203 11.2019 24.2
    endloop
  endfacet
  facet normal 0 0 1
    outer loop
      vertex -1.59105 11.1023 24.2
      vertex -1.59105 6.95528 24.2
      vertex -1.45203 6.85567 24.2
    endloop
  endfacet
  facet normal -0 0 1
    outer loop
      vertex -1.72325 10.9938 24.2
      vertex -1.59105 6.95528 24.2
      vertex -1.59105 11.1023 24.2
    endloop
  endfacet
  facet normal 0 0 1
    outer loop
      vertex -1.72325 10.9938 24.2
      vertex -1.72325 7.06378 24.2
      vertex -1.59105 6.95528 24.2
    endloop
  endfacet
  facet normal -0 0 1
    outer loop
      vertex -1.84808 10.8769 24.2
      vertex -1.72325 7.06378 24.2
      vertex -1.72325 10.9938 24.2
    endloop
  endfacet
  facet normal 0 0 1
    outer loop
      vertex -1.84808 10.8769 24.2
      vertex -1.84808 7.18069 24.2
      vertex -1.72325 7.06378 24.2
    endloop
  endfacet
  facet normal -0 0 1
    outer loop
      vertex -1.965 10.7521 24.2
      vertex -1.84808 7.18069 24.2
      vertex -1.84808 10.8769 24.2
    endloop
  endfacet
  facet normal 0 0 1
    outer loop
      vertex -1.965 10.7521 24.2
      vertex -1.965 7.30553 24.2
      vertex -1.84808 7.18069 24.2
    endloop
  endfacet
  facet normal -0 0 1
    outer loop
      vertex -2.0735 10.6199 24.2
      vertex -1.965 7.30553 24.2
      vertex -1.965 10.7521 24.2
    endloop
  endfacet
  facet normal 0 0 1
    outer loop
      vertex -2.0735 10.6199 24.2
      vertex -2.0735 7.43773 24.2
      vertex -1.965 7.30553 24.2
    endloop
  endfacet
  facet normal -0 0 1
    outer loop
      vertex -2.17313 10.4808 24.2
      vertex -2.0735 7.43773 24.2
      vertex -2.0735 10.6199 24.2
    endloop
  endfacet
  facet normal 0 0 1
    outer loop
      vertex -2.17313 10.4808 24.2
      vertex -2.17313 7.57675 24.2
      vertex -2.0735 7.43773 24.2
    endloop
  endfacet
  facet normal -0 0 1
    outer loop
      vertex -2.26344 10.3356 24.2
      vertex -2.17313 7.57675 24.2
      vertex -2.17313 10.4808 24.2
    endloop
  endfacet
  facet normal 0 0 1
    outer loop
      vertex -2.26344 10.3356 24.2
      vertex -2.26344 7.72198 24.2
      vertex -2.17313 7.57675 24.2
    endloop
  endfacet
  facet normal -0 0 1
    outer loop
      vertex -2.34406 10.1848 24.2
      vertex -2.26344 7.72198 24.2
      vertex -2.26344 10.3356 24.2
    endloop
  endfacet
  facet normal 0 0 1
    outer loop
      vertex -2.34406 10.1848 24.2
      vertex -2.34406 7.87283 24.2
      vertex -2.26344 7.72198 24.2
    endloop
  endfacet
  facet normal -0 0 1
    outer loop
      vertex -2.41464 10.029 24.2
      vertex -2.34406 7.87283 24.2
      vertex -2.34406 10.1848 24.2
    endloop
  endfacet
  facet normal 0 0 1
    outer loop
      vertex -2.41464 10.029 24.2
      vertex -2.41464 8.02861 24.2
      vertex -2.34406 7.87283 24.2
    endloop
  endfacet
  facet normal -0 0 1
    outer loop
      vertex -2.47488 9.86891 24.2
      vertex -2.41464 8.02861 24.2
      vertex -2.41464 10.029 24.2
    endloop
  endfacet
  facet normal 0 0 1
    outer loop
      vertex -2.47488 9.86891 24.2
      vertex -2.47488 8.18867 24.2
      vertex -2.41464 8.02861 24.2
    endloop
  endfacet
  facet normal -0 0 1
    outer loop
      vertex -2.52454 9.70525 24.2
      vertex -2.47488 8.18867 24.2
      vertex -2.47488 9.86891 24.2
    endloop
  endfacet
  facet normal 0 0 1
    outer loop
      vertex -2.52454 9.70525 24.2
      vertex -2.52454 8.35234 24.2
      vertex -2.47488 8.18867 24.2
    endloop
  endfacet
  facet normal -0 0 1
    outer loop
      vertex -2.56337 9.53868 24.2
      vertex -2.52454 8.35234 24.2
      vertex -2.52454 9.70525 24.2
    endloop
  endfacet
  facet normal 0 0 1
    outer loop
      vertex -2.56337 9.53868 24.2
      vertex -2.56337 8.51891 24.2
      vertex -2.52454 8.35234 24.2
    endloop
  endfacet
  facet normal -0 0 1
    outer loop
      vertex -2.59123 9.36993 24.2
      vertex -2.56337 8.51891 24.2
      vertex -2.56337 9.53868 24.2
    endloop
  endfacet
  facet normal 0 0 1
    outer loop
      vertex -2.59123 9.36993 24.2
      vertex -2.59123 8.68765 24.2
      vertex -2.56337 8.51891 24.2
    endloop
  endfacet
  facet normal -0 0 1
    outer loop
      vertex -2.608 9.19974 24.2
      vertex -2.59123 8.68765 24.2
      vertex -2.59123 9.36993 24.2
    endloop
  endfacet
  facet normal 0 0 1
    outer loop
      vertex -2.608 9.19974 24.2
      vertex -2.608 8.85785 24.2
      vertex -2.59123 8.68765 24.2
    endloop
  endfacet
  facet normal 0 -0 1
    outer loop
      vertex -2.608 8.85785 24.2
      vertex -2.608 9.19974 24.2
      vertex -2.61359 9.02879 24.2
    endloop
  endfacet
  facet normal 0 0 1
    outer loop
      vertex -5.98135 2.9951 24.2
      vertex -5.97687 2.65326 24.2
      vertex -5.97351 2.82425 24.2
    endloop
  endfacet
  facet normal 0 0 1
    outer loop
      vertex -5.98135 2.9951 24.2
      vertex -5.99141 2.48285 24.2
      vertex -5.97687 2.65326 24.2
    endloop
  endfacet
  facet normal 0 0 1
    outer loop
      vertex -6.00034 3.16508 24.2
      vertex -5.99141 2.48285 24.2
      vertex -5.98135 2.9951 24.2
    endloop
  endfacet
  facet normal 0 0 1
    outer loop
      vertex -6.00034 3.16508 24.2
      vertex -6.01706 2.31375 24.2
      vertex -5.99141 2.48285 24.2
    endloop
  endfacet
  facet normal 0 0 1
    outer loop
      vertex -6.03041 3.33345 24.2
      vertex -6.01706 2.31375 24.2
      vertex -6.00034 3.16508 24.2
    endloop
  endfacet
  facet normal 0 0 1
    outer loop
      vertex -6.03041 3.33345 24.2
      vertex -6.05371 2.1467 24.2
      vertex -6.01706 2.31375 24.2
    endloop
  endfacet
  facet normal 0 0 1
    outer loop
      vertex -6.07141 3.49948 24.2
      vertex -6.05371 2.1467 24.2
      vertex -6.03041 3.33345 24.2
    endloop
  endfacet
  facet normal 0 0 1
    outer loop
      vertex -6.07141 3.49948 24.2
      vertex -6.10121 1.98239 24.2
      vertex -6.05371 2.1467 24.2
    endloop
  endfacet
  facet normal 0 0 1
    outer loop
      vertex -6.1232 3.66248 24.2
      vertex -6.10121 1.98239 24.2
      vertex -6.07141 3.49948 24.2
    endloop
  endfacet
  facet normal 0 0 1
    outer loop
      vertex -6.1232 3.66248 24.2
      vertex -6.15935 1.82155 24.2
      vertex -6.10121 1.98239 24.2
    endloop
  endfacet
  facet normal 0 0 1
    outer loop
      vertex -6.18553 3.82175 24.2
      vertex -6.15935 1.82155 24.2
      vertex -6.1232 3.66248 24.2
    endloop
  endfacet
  facet normal 0 0 1
    outer loop
      vertex -6.18553 3.82175 24.2
      vertex -6.22789 1.66486 24.2
      vertex -6.15935 1.82155 24.2
    endloop
  endfacet
  facet normal 0 0 1
    outer loop
      vertex -6.25816 3.97659 24.2
      vertex -6.22789 1.66486 24.2
      vertex -6.18553 3.82175 24.2
    endloop
  endfacet
  facet normal 0 0 1
    outer loop
      vertex -6.25816 3.97659 24.2
      vertex -6.30653 1.51299 24.2
      vertex -6.22789 1.66486 24.2
    endloop
  endfacet
  facet normal 0 0 1
    outer loop
      vertex -6.34074 4.12636 24.2
      vertex -6.30653 1.51299 24.2
      vertex -6.25816 3.97659 24.2
    endloop
  endfacet
  facet normal 0 0 1
    outer loop
      vertex -6.34074 4.12636 24.2
      vertex -6.39494 1.36658 24.2
      vertex -6.30653 1.51299 24.2
    endloop
  endfacet
  facet normal 0 0 1
    outer loop
      vertex -6.43295 4.2704 24.2
      vertex -6.39494 1.36658 24.2
      vertex -6.34074 4.12636 24.2
    endloop
  endfacet
  facet normal 0 0 1
    outer loop
      vertex -6.43295 4.2704 24.2
      vertex -6.49274 1.22626 24.2
      vertex -6.39494 1.36658 24.2
    endloop
  endfacet
  facet normal 0 0 1
    outer loop
      vertex -6.53439 4.40811 24.2
      vertex -6.49274 1.22626 24.2
      vertex -6.43295 4.2704 24.2
    endloop
  endfacet
  facet normal 0 0 1
    outer loop
      vertex -6.53439 4.40811 24.2
      vertex -6.59949 1.09265 24.2
      vertex -6.49274 1.22626 24.2
    endloop
  endfacet
  facet normal 0 0 1
    outer loop
      vertex -6.64461 4.53888 24.2
      vertex -6.59949 1.09265 24.2
      vertex -6.53439 4.40811 24.2
    endloop
  endfacet
  facet normal 0 0 1
    outer loop
      vertex -6.64461 4.53888 24.2
      vertex -6.71477 0.966293 24.2
      vertex -6.59949 1.09265 24.2
    endloop
  endfacet
  facet normal 0 0 1
    outer loop
      vertex -6.76315 4.66217 24.2
      vertex -6.71477 0.966293 24.2
      vertex -6.64461 4.53888 24.2
    endloop
  endfacet
  facet normal 0 0 1
    outer loop
      vertex -6.76315 4.66217 24.2
      vertex -6.83806 0.847763 24.2
      vertex -6.71477 0.966293 24.2
    endloop
  endfacet
  facet normal 0 0 1
    outer loop
      vertex -6.8895 4.77744 24.2
      vertex -6.83806 0.847763 24.2
      vertex -6.76315 4.66217 24.2
    endloop
  endfacet
  facet normal 0 0 1
    outer loop
      vertex -6.8895 4.77744 24.2
      vertex -6.96883 0.737534 24.2
      vertex -6.83806 0.847763 24.2
    endloop
  endfacet
  facet normal 0 0 1
    outer loop
      vertex -7.02312 4.8842 24.2
      vertex -6.96883 0.737534 24.2
      vertex -6.8895 4.77744 24.2
    endloop
  endfacet
  facet normal 0 0 1
    outer loop
      vertex -7.02312 4.8842 24.2
      vertex -7.10654 0.636108 24.2
      vertex -6.96883 0.737534 24.2
    endloop
  endfacet
  facet normal 0 0 1
    outer loop
      vertex -7.16342 4.98199 24.2
      vertex -7.10654 0.636108 24.2
      vertex -7.02312 4.8842 24.2
    endloop
  endfacet
  facet normal 0 0 1
    outer loop
      vertex -7.16342 4.98199 24.2
      vertex -7.25058 0.5439 24.2
      vertex -7.10654 0.636108 24.2
    endloop
  endfacet
  facet normal 0 0 1
    outer loop
      vertex -7.30983 5.0704 24.2
      vertex -7.25058 0.5439 24.2
      vertex -7.16342 4.98199 24.2
    endloop
  endfacet
  facet normal 0 0 1
    outer loop
      vertex -7.30983 5.0704 24.2
      vertex -7.40034 0.461304 24.2
      vertex -7.25058 0.5439 24.2
    endloop
  endfacet
  facet normal 0 0 1
    outer loop
      vertex -7.4617 5.14905 24.2
      vertex -7.40034 0.461304 24.2
      vertex -7.30983 5.0704 24.2
    endloop
  endfacet
  facet normal 0 0 1
    outer loop
      vertex -7.4617 5.14905 24.2
      vertex -7.55519 0.388687 24.2
      vertex -7.40034 0.461304 24.2
    endloop
  endfacet
  facet normal 0 0 1
    outer loop
      vertex -7.61841 5.21758 24.2
      vertex -7.55519 0.388687 24.2
      vertex -7.4617 5.14905 24.2
    endloop
  endfacet
  facet normal 0 0 1
    outer loop
      vertex -7.61841 5.21758 24.2
      vertex -7.71445 0.326355 24.2
      vertex -7.55519 0.388687 24.2
    endloop
  endfacet
  facet normal 0 0 1
    outer loop
      vertex -7.77925 5.27573 24.2
      vertex -7.71445 0.326355 24.2
      vertex -7.61841 5.21758 24.2
    endloop
  endfacet
  facet normal 0 0 1
    outer loop
      vertex -7.77925 5.27573 24.2
      vertex -7.87746 0.274567 24.2
      vertex -7.71445 0.326355 24.2
    endloop
  endfacet
  facet normal 0 0 1
    outer loop
      vertex -7.94354 5.32323 24.2
      vertex -7.87746 0.274567 24.2
      vertex -7.77925 5.27573 24.2
    endloop
  endfacet
  facet normal 0 0 1
    outer loop
      vertex -7.94354 5.32323 24.2
      vertex -8.04349 0.233551 24.2
      vertex -7.87746 0.274567 24.2
    endloop
  endfacet
  facet normal 0 0 1
    outer loop
      vertex -8.1106 5.35988 24.2
      vertex -8.04349 0.233551 24.2
      vertex -7.94354 5.32323 24.2
    endloop
  endfacet
  facet normal 0 0 1
    outer loop
      vertex -8.1106 5.35988 24.2
      vertex -8.21185 0.203491 24.2
      vertex -8.04349 0.233551 24.2
    endloop
  endfacet
  facet normal 0 0 1
    outer loop
      vertex -8.27969 5.38553 24.2
      vertex -8.21185 0.203491 24.2
      vertex -8.1106 5.35988 24.2
    endloop
  endfacet
  facet normal 0 0 1
    outer loop
      vertex -8.27969 5.38553 24.2
      vertex -8.38184 0.184509 24.2
      vertex -8.21185 0.203491 24.2
    endloop
  endfacet
  facet normal 0 0 1
    outer loop
      vertex -8.4501 5.40007 24.2
      vertex -8.38184 0.184509 24.2
      vertex -8.27969 5.38553 24.2
    endloop
  endfacet
  facet normal 0 0 1
    outer loop
      vertex -8.4501 5.40007 24.2
      vertex -8.55267 0.176666 24.2
      vertex -8.38184 0.184509 24.2
    endloop
  endfacet
  facet normal 0 0 1
    outer loop
      vertex -8.62111 5.40343 24.2
      vertex -8.55267 0.176666 24.2
      vertex -8.4501 5.40007 24.2
    endloop
  endfacet
  facet normal 0 0 1
    outer loop
      vertex -8.62111 5.40343 24.2
      vertex -8.72368 0.180023 24.2
      vertex -8.55267 0.176666 24.2
    endloop
  endfacet
  facet normal -0 0 1
    outer loop
      vertex -8.79195 5.39558 24.2
      vertex -8.72368 0.180023 24.2
      vertex -8.62111 5.40343 24.2
    endloop
  endfacet
  facet normal 0 0 1
    outer loop
      vertex -8.79195 5.39558 24.2
      vertex -8.89409 0.194565 24.2
      vertex -8.72368 0.180023 24.2
    endloop
  endfacet
  facet normal -0 0 1
    outer loop
      vertex -8.96193 5.3766 24.2
      vertex -8.89409 0.194565 24.2
      vertex -8.79195 5.39558 24.2
    endloop
  endfacet
  facet normal 0 0 1
    outer loop
      vertex -8.96193 5.3766 24.2
      vertex -9.06319 0.220215 24.2
      vertex -8.89409 0.194565 24.2
    endloop
  endfacet
  facet normal -0 0 1
    outer loop
      vertex -9.13029 5.34653 24.2
      vertex -9.06319 0.220215 24.2
      vertex -8.96193 5.3766 24.2
    endloop
  endfacet
  facet normal 0 0 1
    outer loop
      vertex -9.13029 5.34653 24.2
      vertex -9.23024 0.256866 24.2
      vertex -9.06319 0.220215 24.2
    endloop
  endfacet
  facet normal -0 0 1
    outer loop
      vertex -9.29633 5.30551 24.2
      vertex -9.23024 0.256866 24.2
      vertex -9.13029 5.34653 24.2
    endloop
  endfacet
  facet normal 0 0 1
    outer loop
      vertex -9.29633 5.30551 24.2
      vertex -9.39453 0.304367 24.2
      vertex -9.23024 0.256866 24.2
    endloop
  endfacet
  facet normal -0 0 1
    outer loop
      vertex -9.45934 5.25374 24.2
      vertex -9.39453 0.304367 24.2
      vertex -9.29633 5.30551 24.2
    endloop
  endfacet
  facet normal 0 0 1
    outer loop
      vertex -9.45934 5.25374 24.2
      vertex -9.55537 0.362503 24.2
      vertex -9.39453 0.304367 24.2
    endloop
  endfacet
  facet normal -0 0 1
    outer loop
      vertex -9.61859 5.19139 24.2
      vertex -9.55537 0.362503 24.2
      vertex -9.45934 5.25374 24.2
    endloop
  endfacet
  facet normal 0 0 1
    outer loop
      vertex -9.61859 5.19139 24.2
      vertex -9.71208 0.431046 24.2
      vertex -9.55537 0.362503 24.2
    endloop
  endfacet
  facet normal -0 0 1
    outer loop
      vertex -9.77344 5.11877 24.2
      vertex -9.71208 0.431046 24.2
      vertex -9.61859 5.19139 24.2
    endloop
  endfacet
  facet normal 0 0 1
    outer loop
      vertex -9.77344 5.11877 24.2
      vertex -9.86395 0.509689 24.2
      vertex -9.71208 0.431046 24.2
    endloop
  endfacet
  facet normal -0 0 1
    outer loop
      vertex -9.9232 5.03619 24.2
      vertex -9.86395 0.509689 24.2
      vertex -9.77344 5.11877 24.2
    endloop
  endfacet
  facet normal 0 0 1
    outer loop
      vertex -9.9232 5.03619 24.2
      vertex -10.0104 0.598099 24.2
      vertex -9.86395 0.509689 24.2
    endloop
  endfacet
  facet normal -0 0 1
    outer loop
      vertex -10.0672 4.94398 24.2
      vertex -10.0104 0.598099 24.2
      vertex -9.9232 5.03619 24.2
    endloop
  endfacet
  facet normal 0 0 1
    outer loop
      vertex -10.0672 4.94398 24.2
      vertex -10.1507 0.695892 24.2
      vertex -10.0104 0.598099 24.2
    endloop
  endfacet
  facet normal -0 0 1
    outer loop
      vertex -10.205 4.84254 24.2
      vertex -10.1507 0.695892 24.2
      vertex -10.0672 4.94398 24.2
    endloop
  endfacet
  facet normal 0 0 1
    outer loop
      vertex -10.205 4.84254 24.2
      vertex -10.2843 0.802643 24.2
      vertex -10.1507 0.695892 24.2
    endloop
  endfacet
  facet normal -0 0 1
    outer loop
      vertex -10.3357 4.73233 24.2
      vertex -10.2843 0.802643 24.2
      vertex -10.205 4.84254 24.2
    endloop
  endfacet
  facet normal 0 0 1
    outer loop
      vertex -10.3357 4.73233 24.2
      vertex -10.4106 0.917923 24.2
      vertex -10.2843 0.802643 24.2
    endloop
  endfacet
  facet normal -0 0 1
    outer loop
      vertex -10.459 4.61378 24.2
      vertex -10.4106 0.917923 24.2
      vertex -10.3357 4.73233 24.2
    endloop
  endfacet
  facet normal 0 0 1
    outer loop
      vertex -10.459 4.61378 24.2
      vertex -10.5292 1.0412 24.2
      vertex -10.4106 0.917923 24.2
    endloop
  endfacet
  facet normal -0 0 1
    outer loop
      vertex -10.5743 4.48744 24.2
      vertex -10.5292 1.0412 24.2
      vertex -10.459 4.61378 24.2
    endloop
  endfacet
  facet normal 0 0 1
    outer loop
      vertex -10.5743 4.48744 24.2
      vertex -10.6394 1.17198 24.2
      vertex -10.5292 1.0412 24.2
    endloop
  endfacet
  facet normal -0 0 1
    outer loop
      vertex -10.681 4.35382 24.2
      vertex -10.6394 1.17198 24.2
      vertex -10.5743 4.48744 24.2
    endloop
  endfacet
  facet normal 0 0 1
    outer loop
      vertex -10.681 4.35382 24.2
      vertex -10.7408 1.30969 24.2
      vertex -10.6394 1.17198 24.2
    endloop
  endfacet
  facet normal -0 0 1
    outer loop
      vertex -10.7788 4.21352 24.2
      vertex -10.7408 1.30969 24.2
      vertex -10.681 4.35382 24.2
    endloop
  endfacet
  facet normal 0 0 1
    outer loop
      vertex -10.7788 4.21352 24.2
      vertex -10.833 1.45374 24.2
      vertex -10.7408 1.30969 24.2
    endloop
  endfacet
  facet normal -0 0 1
    outer loop
      vertex -10.8672 4.06711 24.2
      vertex -10.833 1.45374 24.2
      vertex -10.7788 4.21352 24.2
    endloop
  endfacet
  facet normal 0 0 1
    outer loop
      vertex -10.8672 4.06711 24.2
      vertex -10.9156 1.6035 24.2
      vertex -10.833 1.45374 24.2
    endloop
  endfacet
  facet normal -0 0 1
    outer loop
      vertex -10.9459 3.91522 24.2
      vertex -10.9156 1.6035 24.2
      vertex -10.8672 4.06711 24.2
    endloop
  endfacet
  facet normal 0 0 1
    outer loop
      vertex -10.9459 3.91522 24.2
      vertex -10.9883 1.75835 24.2
      vertex -10.9156 1.6035 24.2
    endloop
  endfacet
  facet normal -0 0 1
    outer loop
      vertex -11.0144 3.75853 24.2
      vertex -10.9883 1.75835 24.2
      vertex -10.9459 3.91522 24.2
    endloop
  endfacet
  facet normal 0 0 1
    outer loop
      vertex -11.0144 3.75853 24.2
      vertex -11.0506 1.9176 24.2
      vertex -10.9883 1.75835 24.2
    endloop
  endfacet
  facet normal -0 0 1
    outer loop
      vertex -11.0726 3.59769 24.2
      vertex -11.0506 1.9176 24.2
      vertex -11.0144 3.75853 24.2
    endloop
  endfacet
  facet normal 0 0 1
    outer loop
      vertex -11.0726 3.59769 24.2
      vertex -11.1024 2.08061 24.2
      vertex -11.0506 1.9176 24.2
    endloop
  endfacet
  facet normal -0 0 1
    outer loop
      vertex -11.1201 3.4334 24.2
      vertex -11.1024 2.08061 24.2
      vertex -11.0726 3.59769 24.2
    endloop
  endfacet
  facet normal 0 0 1
    outer loop
      vertex -11.1201 3.4334 24.2
      vertex -11.1434 2.24664 24.2
      vertex -11.1024 2.08061 24.2
    endloop
  endfacet
  facet normal -0 0 1
    outer loop
      vertex -11.1567 3.26634 24.2
      vertex -11.1434 2.24664 24.2
      vertex -11.1201 3.4334 24.2
    endloop
  endfacet
  facet normal 0 0 1
    outer loop
      vertex -11.1567 3.26634 24.2
      vertex -11.1734 2.41501 24.2
      vertex -11.1434 2.24664 24.2
    endloop
  endfacet
  facet normal -0 0 1
    outer loop
      vertex -11.1824 3.09724 24.2
      vertex -11.1734 2.41501 24.2
      vertex -11.1567 3.26634 24.2
    endloop
  endfacet
  facet normal 0 0 1
    outer loop
      vertex -11.1824 3.09724 24.2
      vertex -11.1924 2.58499 24.2
      vertex -11.1734 2.41501 24.2
    endloop
  endfacet
  facet normal -0 0 1
    outer loop
      vertex -11.1969 2.92683 24.2
      vertex -11.1924 2.58499 24.2
      vertex -11.1824 3.09724 24.2
    endloop
  endfacet
  facet normal 0 0 1
    outer loop
      vertex -11.1924 2.58499 24.2
      vertex -11.1969 2.92683 24.2
      vertex -11.2003 2.75583 24.2
    endloop
  endfacet
  facet normal 0 0 1
    outer loop
      vertex 11.1969 2.92683 24.2
      vertex 11.1924 2.58499 24.2
      vertex 11.2003 2.75583 24.2
    endloop
  endfacet
  facet normal 0 0 1
    outer loop
      vertex 11.1824 3.09724 24.2
      vertex 11.1924 2.58499 24.2
      vertex 11.1969 2.92683 24.2
    endloop
  endfacet
  facet normal 0 0 1
    outer loop
      vertex 11.1824 3.09724 24.2
      vertex 11.1734 2.41501 24.2
      vertex 11.1924 2.58499 24.2
    endloop
  endfacet
  facet normal 0 0 1
    outer loop
      vertex 11.1567 3.26634 24.2
      vertex 11.1734 2.41501 24.2
      vertex 11.1824 3.09724 24.2
    endloop
  endfacet
  facet normal 0 0 1
    outer loop
      vertex 11.1567 3.26634 24.2
      vertex 11.1434 2.24664 24.2
      vertex 11.1734 2.41501 24.2
    endloop
  endfacet
  facet normal 0 0 1
    outer loop
      vertex 11.1201 3.4334 24.2
      vertex 11.1434 2.24664 24.2
      vertex 11.1567 3.26634 24.2
    endloop
  endfacet
  facet normal 0 0 1
    outer loop
      vertex 11.1201 3.4334 24.2
      vertex 11.1024 2.08061 24.2
      vertex 11.1434 2.24664 24.2
    endloop
  endfacet
  facet normal 0 0 1
    outer loop
      vertex 11.0726 3.59769 24.2
      vertex 11.1024 2.08061 24.2
      vertex 11.1201 3.4334 24.2
    endloop
  endfacet
  facet normal 0 0 1
    outer loop
      vertex 11.0726 3.59769 24.2
      vertex 11.0506 1.9176 24.2
      vertex 11.1024 2.08061 24.2
    endloop
  endfacet
  facet normal 0 0 1
    outer loop
      vertex 11.0144 3.75853 24.2
      vertex 11.0506 1.9176 24.2
      vertex 11.0726 3.59769 24.2
    endloop
  endfacet
  facet normal 0 0 1
    outer loop
      vertex 11.0144 3.75853 24.2
      vertex 10.9883 1.75835 24.2
      vertex 11.0506 1.9176 24.2
    endloop
  endfacet
  facet normal 0 0 1
    outer loop
      vertex 10.9459 3.91522 24.2
      vertex 10.9883 1.75835 24.2
      vertex 11.0144 3.75853 24.2
    endloop
  endfacet
  facet normal 0 0 1
    outer loop
      vertex 10.9459 3.91522 24.2
      vertex 10.9156 1.6035 24.2
      vertex 10.9883 1.75835 24.2
    endloop
  endfacet
  facet normal 0 0 1
    outer loop
      vertex 10.8672 4.06711 24.2
      vertex 10.9156 1.6035 24.2
      vertex 10.9459 3.91522 24.2
    endloop
  endfacet
  facet normal 0 0 1
    outer loop
      vertex 10.8672 4.06711 24.2
      vertex 10.833 1.45374 24.2
      vertex 10.9156 1.6035 24.2
    endloop
  endfacet
  facet normal 0 0 1
    outer loop
      vertex 10.7788 4.21352 24.2
      vertex 10.833 1.45374 24.2
      vertex 10.8672 4.06711 24.2
    endloop
  endfacet
  facet normal 0 0 1
    outer loop
      vertex 10.7788 4.21352 24.2
      vertex 10.7408 1.30969 24.2
      vertex 10.833 1.45374 24.2
    endloop
  endfacet
  facet normal 0 0 1
    outer loop
      vertex 10.681 4.35382 24.2
      vertex 10.7408 1.30969 24.2
      vertex 10.7788 4.21352 24.2
    endloop
  endfacet
  facet normal 0 0 1
    outer loop
      vertex 10.681 4.35382 24.2
      vertex 10.6394 1.17198 24.2
      vertex 10.7408 1.30969 24.2
    endloop
  endfacet
  facet normal 0 0 1
    outer loop
      vertex 10.5743 4.48744 24.2
      vertex 10.6394 1.17198 24.2
      vertex 10.681 4.35382 24.2
    endloop
  endfacet
  facet normal 0 0 1
    outer loop
      vertex 10.5743 4.48744 24.2
      vertex 10.5292 1.0412 24.2
      vertex 10.6394 1.17198 24.2
    endloop
  endfacet
  facet normal 0 0 1
    outer loop
      vertex 10.459 4.61378 24.2
      vertex 10.5292 1.0412 24.2
      vertex 10.5743 4.48744 24.2
    endloop
  endfacet
  facet normal 0 0 1
    outer loop
      vertex 10.459 4.61378 24.2
      vertex 10.4106 0.917923 24.2
      vertex 10.5292 1.0412 24.2
    endloop
  endfacet
  facet normal 0 0 1
    outer loop
      vertex 10.3357 4.73233 24.2
      vertex 10.4106 0.917923 24.2
      vertex 10.459 4.61378 24.2
    endloop
  endfacet
  facet normal 0 0 1
    outer loop
      vertex 10.3357 4.73233 24.2
      vertex 10.2843 0.802643 24.2
      vertex 10.4106 0.917923 24.2
    endloop
  endfacet
  facet normal 0 0 1
    outer loop
      vertex 10.205 4.84254 24.2
      vertex 10.2843 0.802643 24.2
      vertex 10.3357 4.73233 24.2
    endloop
  endfacet
  facet normal 0 0 1
    outer loop
      vertex 10.205 4.84254 24.2
      vertex 10.1507 0.695892 24.2
      vertex 10.2843 0.802643 24.2
    endloop
  endfacet
  facet normal 0 0 1
    outer loop
      vertex 10.0672 4.94398 24.2
      vertex 10.1507 0.695892 24.2
      vertex 10.205 4.84254 24.2
    endloop
  endfacet
  facet normal 0 0 1
    outer loop
      vertex 10.0672 4.94398 24.2
      vertex 10.0104 0.598099 24.2
      vertex 10.1507 0.695892 24.2
    endloop
  endfacet
  facet normal 0 0 1
    outer loop
      vertex 9.9232 5.03619 24.2
      vertex 10.0104 0.598099 24.2
      vertex 10.0672 4.94398 24.2
    endloop
  endfacet
  facet normal 0 0 1
    outer loop
      vertex 9.9232 5.03619 24.2
      vertex 9.86395 0.509689 24.2
      vertex 10.0104 0.598099 24.2
    endloop
  endfacet
  facet normal 0 0 1
    outer loop
      vertex 9.77344 5.11877 24.2
      vertex 9.86395 0.509689 24.2
      vertex 9.9232 5.03619 24.2
    endloop
  endfacet
  facet normal 0 0 1
    outer loop
      vertex 9.77344 5.11877 24.2
      vertex 9.71208 0.431046 24.2
      vertex 9.86395 0.509689 24.2
    endloop
  endfacet
  facet normal 0 0 1
    outer loop
      vertex 9.61859 5.19139 24.2
      vertex 9.71208 0.431046 24.2
      vertex 9.77344 5.11877 24.2
    endloop
  endfacet
  facet normal 0 0 1
    outer loop
      vertex 9.61859 5.19139 24.2
      vertex 9.55537 0.362503 24.2
      vertex 9.71208 0.431046 24.2
    endloop
  endfacet
  facet normal 0 0 1
    outer loop
      vertex 9.45934 5.25374 24.2
      vertex 9.55537 0.362503 24.2
      vertex 9.61859 5.19139 24.2
    endloop
  endfacet
  facet normal 0 0 1
    outer loop
      vertex 9.45934 5.25374 24.2
      vertex 9.39453 0.304367 24.2
      vertex 9.55537 0.362503 24.2
    endloop
  endfacet
  facet normal 0 0 1
    outer loop
      vertex 9.29633 5.30551 24.2
      vertex 9.39453 0.304367 24.2
      vertex 9.45934 5.25374 24.2
    endloop
  endfacet
  facet normal 0 0 1
    outer loop
      vertex 9.29633 5.30551 24.2
      vertex 9.23024 0.256866 24.2
      vertex 9.39453 0.304367 24.2
    endloop
  endfacet
  facet normal 0 0 1
    outer loop
      vertex 9.13029 5.34653 24.2
      vertex 9.23024 0.256866 24.2
      vertex 9.29633 5.30551 24.2
    endloop
  endfacet
  facet normal 0 0 1
    outer loop
      vertex 9.13029 5.34653 24.2
      vertex 9.06319 0.220215 24.2
      vertex 9.23024 0.256866 24.2
    endloop
  endfacet
  facet normal 0 0 1
    outer loop
      vertex 8.96193 5.3766 24.2
      vertex 9.06319 0.220215 24.2
      vertex 9.13029 5.34653 24.2
    endloop
  endfacet
  facet normal 0 0 1
    outer loop
      vertex 8.96193 5.3766 24.2
      vertex 8.89409 0.194565 24.2
      vertex 9.06319 0.220215 24.2
    endloop
  endfacet
  facet normal 0 0 1
    outer loop
      vertex 8.79195 5.39558 24.2
      vertex 8.89409 0.194565 24.2
      vertex 8.96193 5.3766 24.2
    endloop
  endfacet
  facet normal 0 0 1
    outer loop
      vertex 8.79195 5.39558 24.2
      vertex 8.72368 0.180023 24.2
      vertex 8.89409 0.194565 24.2
    endloop
  endfacet
  facet normal 0 0 1
    outer loop
      vertex 8.62111 5.40343 24.2
      vertex 8.72368 0.180023 24.2
      vertex 8.79195 5.39558 24.2
    endloop
  endfacet
  facet normal 0 0 1
    outer loop
      vertex 8.62111 5.40343 24.2
      vertex 8.55267 0.176666 24.2
      vertex 8.72368 0.180023 24.2
    endloop
  endfacet
  facet normal -0 0 1
    outer loop
      vertex 8.4501 5.40007 24.2
      vertex 8.55267 0.176666 24.2
      vertex 8.62111 5.40343 24.2
    endloop
  endfacet
  facet normal 0 0 1
    outer loop
      vertex 8.4501 5.40007 24.2
      vertex 8.38184 0.184509 24.2
      vertex 8.55267 0.176666 24.2
    endloop
  endfacet
  facet normal -0 0 1
    outer loop
      vertex 8.27969 5.38553 24.2
      vertex 8.38184 0.184509 24.2
      vertex 8.4501 5.40007 24.2
    endloop
  endfacet
  facet normal 0 0 1
    outer loop
      vertex 8.27969 5.38553 24.2
      vertex 8.21185 0.203491 24.2
      vertex 8.38184 0.184509 24.2
    endloop
  endfacet
  facet normal -0 0 1
    outer loop
      vertex 8.1106 5.35988 24.2
      vertex 8.21185 0.203491 24.2
      vertex 8.27969 5.38553 24.2
    endloop
  endfacet
  facet normal 0 0 1
    outer loop
      vertex 8.1106 5.35988 24.2
      vertex 8.04349 0.233551 24.2
      vertex 8.21185 0.203491 24.2
    endloop
  endfacet
  facet normal -0 0 1
    outer loop
      vertex 7.94354 5.32323 24.2
      vertex 8.04349 0.233551 24.2
      vertex 8.1106 5.35988 24.2
    endloop
  endfacet
  facet normal 0 0 1
    outer loop
      vertex 7.94354 5.32323 24.2
      vertex 7.87746 0.274567 24.2
      vertex 8.04349 0.233551 24.2
    endloop
  endfacet
  facet normal -0 0 1
    outer loop
      vertex 7.77925 5.27573 24.2
      vertex 7.87746 0.274567 24.2
      vertex 7.94354 5.32323 24.2
    endloop
  endfacet
  facet normal 0 0 1
    outer loop
      vertex 7.77925 5.27573 24.2
      vertex 7.71445 0.326355 24.2
      vertex 7.87746 0.274567 24.2
    endloop
  endfacet
  facet normal -0 0 1
    outer loop
      vertex 7.61841 5.21758 24.2
      vertex 7.71445 0.326355 24.2
      vertex 7.77925 5.27573 24.2
    endloop
  endfacet
  facet normal 0 0 1
    outer loop
      vertex 7.61841 5.21758 24.2
      vertex 7.55519 0.388687 24.2
      vertex 7.71445 0.326355 24.2
    endloop
  endfacet
  facet normal -0 0 1
    outer loop
      vertex 7.4617 5.14905 24.2
      vertex 7.55519 0.388687 24.2
      vertex 7.61841 5.21758 24.2
    endloop
  endfacet
  facet normal 0 0 1
    outer loop
      vertex 7.4617 5.14905 24.2
      vertex 7.40034 0.461304 24.2
      vertex 7.55519 0.388687 24.2
    endloop
  endfacet
  facet normal -0 0 1
    outer loop
      vertex 7.30983 5.0704 24.2
      vertex 7.40034 0.461304 24.2
      vertex 7.4617 5.14905 24.2
    endloop
  endfacet
  facet normal 0 0 1
    outer loop
      vertex 7.30983 5.0704 24.2
      vertex 7.25058 0.5439 24.2
      vertex 7.40034 0.461304 24.2
    endloop
  endfacet
  facet normal -0 0 1
    outer loop
      vertex 7.16342 4.98199 24.2
      vertex 7.25058 0.5439 24.2
      vertex 7.30983 5.0704 24.2
    endloop
  endfacet
  facet normal 0 0 1
    outer loop
      vertex 7.16342 4.98199 24.2
      vertex 7.10654 0.636108 24.2
      vertex 7.25058 0.5439 24.2
    endloop
  endfacet
  facet normal -0 0 1
    outer loop
      vertex 7.02312 4.8842 24.2
      vertex 7.10654 0.636108 24.2
      vertex 7.16342 4.98199 24.2
    endloop
  endfacet
  facet normal 0 0 1
    outer loop
      vertex 7.02312 4.8842 24.2
      vertex 6.96883 0.737534 24.2
      vertex 7.10654 0.636108 24.2
    endloop
  endfacet
  facet normal -0 0 1
    outer loop
      vertex 6.8895 4.77744 24.2
      vertex 6.96883 0.737534 24.2
      vertex 7.02312 4.8842 24.2
    endloop
  endfacet
  facet normal 0 0 1
    outer loop
      vertex 6.8895 4.77744 24.2
      vertex 6.83806 0.847763 24.2
      vertex 6.96883 0.737534 24.2
    endloop
  endfacet
  facet normal -0 0 1
    outer loop
      vertex 6.76315 4.66217 24.2
      vertex 6.83806 0.847763 24.2
      vertex 6.8895 4.77744 24.2
    endloop
  endfacet
  facet normal 0 0 1
    outer loop
      vertex 6.76315 4.66217 24.2
      vertex 6.71477 0.966293 24.2
      vertex 6.83806 0.847763 24.2
    endloop
  endfacet
  facet normal -0 0 1
    outer loop
      vertex 6.64461 4.53888 24.2
      vertex 6.71477 0.966293 24.2
      vertex 6.76315 4.66217 24.2
    endloop
  endfacet
  facet normal 0 0 1
    outer loop
      vertex 6.64461 4.53888 24.2
      vertex 6.59949 1.09265 24.2
      vertex 6.71477 0.966293 24.2
    endloop
  endfacet
  facet normal -0 0 1
    outer loop
      vertex 6.53439 4.40811 24.2
      vertex 6.59949 1.09265 24.2
      vertex 6.64461 4.53888 24.2
    endloop
  endfacet
  facet normal 0 0 1
    outer loop
      vertex 6.53439 4.40811 24.2
      vertex 6.49274 1.22626 24.2
      vertex 6.59949 1.09265 24.2
    endloop
  endfacet
  facet normal -0 0 1
    outer loop
      vertex 6.43295 4.2704 24.2
      vertex 6.49274 1.22626 24.2
      vertex 6.53439 4.40811 24.2
    endloop
  endfacet
  facet normal 0 0 1
    outer loop
      vertex 6.43295 4.2704 24.2
      vertex 6.39494 1.36658 24.2
      vertex 6.49274 1.22626 24.2
    endloop
  endfacet
  facet normal -0 0 1
    outer loop
      vertex 6.34074 4.12636 24.2
      vertex 6.39494 1.36658 24.2
      vertex 6.43295 4.2704 24.2
    endloop
  endfacet
  facet normal 0 0 1
    outer loop
      vertex 6.34074 4.12636 24.2
      vertex 6.30653 1.51299 24.2
      vertex 6.39494 1.36658 24.2
    endloop
  endfacet
  facet normal -0 0 1
    outer loop
      vertex 6.25816 3.97659 24.2
      vertex 6.30653 1.51299 24.2
      vertex 6.34074 4.12636 24.2
    endloop
  endfacet
  facet normal 0 0 1
    outer loop
      vertex 6.25816 3.97659 24.2
      vertex 6.22789 1.66486 24.2
      vertex 6.30653 1.51299 24.2
    endloop
  endfacet
  facet normal -0 0 1
    outer loop
      vertex 6.18553 3.82175 24.2
      vertex 6.22789 1.66486 24.2
      vertex 6.25816 3.97659 24.2
    endloop
  endfacet
  facet normal 0 0 1
    outer loop
      vertex 6.18553 3.82175 24.2
      vertex 6.15935 1.82155 24.2
      vertex 6.22789 1.66486 24.2
    endloop
  endfacet
  facet normal -0 0 1
    outer loop
      vertex 6.1232 3.66248 24.2
      vertex 6.15935 1.82155 24.2
      vertex 6.18553 3.82175 24.2
    endloop
  endfacet
  facet normal 0 0 1
    outer loop
      vertex 6.1232 3.66248 24.2
      vertex 6.10121 1.98239 24.2
      vertex 6.15935 1.82155 24.2
    endloop
  endfacet
  facet normal -0 0 1
    outer loop
      vertex 6.07141 3.49948 24.2
      vertex 6.10121 1.98239 24.2
      vertex 6.1232 3.66248 24.2
    endloop
  endfacet
  facet normal 0 0 1
    outer loop
      vertex 6.07141 3.49948 24.2
      vertex 6.05371 2.1467 24.2
      vertex 6.10121 1.98239 24.2
    endloop
  endfacet
  facet normal -0 0 1
    outer loop
      vertex 6.03041 3.33345 24.2
      vertex 6.05371 2.1467 24.2
      vertex 6.07141 3.49948 24.2
    endloop
  endfacet
  facet normal 0 0 1
    outer loop
      vertex 6.03041 3.33345 24.2
      vertex 6.01706 2.31375 24.2
      vertex 6.05371 2.1467 24.2
    endloop
  endfacet
  facet normal -0 0 1
    outer loop
      vertex 6.00034 3.16508 24.2
      vertex 6.01706 2.31375 24.2
      vertex 6.03041 3.33345 24.2
    endloop
  endfacet
  facet normal 0 0 1
    outer loop
      vertex 6.00034 3.16508 24.2
      vertex 5.99141 2.48285 24.2
      vertex 6.01706 2.31375 24.2
    endloop
  endfacet
  facet normal -0 0 1
    outer loop
      vertex 5.98135 2.9951 24.2
      vertex 5.99141 2.48285 24.2
      vertex 6.00034 3.16508 24.2
    endloop
  endfacet
  facet normal 0 0 1
    outer loop
      vertex 5.98135 2.9951 24.2
      vertex 5.97687 2.65326 24.2
      vertex 5.99141 2.48285 24.2
    endloop
  endfacet
  facet normal 0 -0 1
    outer loop
      vertex 5.97687 2.65326 24.2
      vertex 5.98135 2.9951 24.2
      vertex 5.97351 2.82425 24.2
    endloop
  endfacet
  facet normal 0 0 1
    outer loop
      vertex 2.608 0.170929 24.2
      vertex 2.608 -0.170929 24.2
      vertex 2.61359 0 24.2
    endloop
  endfacet
  facet normal 0 0 1
    outer loop
      vertex 2.59123 0.341141 24.2
      vertex 2.608 -0.170929 24.2
      vertex 2.608 0.170929 24.2
    endloop
  endfacet
  facet normal 0 0 1
    outer loop
      vertex 2.59123 0.341141 24.2
      vertex 2.59123 -0.341141 24.2
      vertex 2.608 -0.170929 24.2
    endloop
  endfacet
  facet normal 0 0 1
    outer loop
      vertex 2.56337 0.509888 24.2
      vertex 2.59123 -0.341141 24.2
      vertex 2.59123 0.341141 24.2
    endloop
  endfacet
  facet normal 0 0 1
    outer loop
      vertex 2.56337 0.509888 24.2
      vertex 2.56337 -0.509888 24.2
      vertex 2.59123 -0.341141 24.2
    endloop
  endfacet
  facet normal 0 0 1
    outer loop
      vertex 2.52454 0.676437 24.2
      vertex 2.56337 -0.509888 24.2
      vertex 2.56337 0.509888 24.2
    endloop
  endfacet
  facet normal 0 0 1
    outer loop
      vertex 2.52454 0.676437 24.2
      vertex 2.52454 -0.676437 24.2
      vertex 2.56337 -0.509888 24.2
    endloop
  endfacet
  facet normal 0 0 1
    outer loop
      vertex 2.47488 0.840103 24.2
      vertex 2.52454 -0.676437 24.2
      vertex 2.52454 0.676437 24.2
    endloop
  endfacet
  facet normal 0 0 1
    outer loop
      vertex 2.47488 0.840103 24.2
      vertex 2.47488 -0.840103 24.2
      vertex 2.52454 -0.676437 24.2
    endloop
  endfacet
  facet normal 0 0 1
    outer loop
      vertex 2.41464 1.00017 24.2
      vertex 2.47488 -0.840103 24.2
      vertex 2.47488 0.840103 24.2
    endloop
  endfacet
  facet normal 0 0 1
    outer loop
      vertex 2.41464 1.00017 24.2
      vertex 2.41464 -1.00017 24.2
      vertex 2.47488 -0.840103 24.2
    endloop
  endfacet
  facet normal 0 0 1
    outer loop
      vertex 2.34406 1.15596 24.2
      vertex 2.41464 -1.00017 24.2
      vertex 2.41464 1.00017 24.2
    endloop
  endfacet
  facet normal 0 0 1
    outer loop
      vertex 2.34406 1.15596 24.2
      vertex 2.34406 -1.15596 24.2
      vertex 2.41464 -1.00017 24.2
    endloop
  endfacet
  facet normal 0 0 1
    outer loop
      vertex 2.26344 1.30679 24.2
      vertex 2.34406 -1.15596 24.2
      vertex 2.34406 1.15596 24.2
    endloop
  endfacet
  facet normal 0 0 1
    outer loop
      vertex 2.26344 1.30679 24.2
      vertex 2.26344 -1.30679 24.2
      vertex 2.34406 -1.15596 24.2
    endloop
  endfacet
  facet normal 0 0 1
    outer loop
      vertex 2.17313 1.45203 24.2
      vertex 2.26344 -1.30679 24.2
      vertex 2.26344 1.30679 24.2
    endloop
  endfacet
  facet normal 0 0 1
    outer loop
      vertex 2.17313 1.45203 24.2
      vertex 2.17313 -1.45203 24.2
      vertex 2.26344 -1.30679 24.2
    endloop
  endfacet
  facet normal 0 0 1
    outer loop
      vertex 2.0735 1.59105 24.2
      vertex 2.17313 -1.45203 24.2
      vertex 2.17313 1.45203 24.2
    endloop
  endfacet
  facet normal 0 0 1
    outer loop
      vertex 2.0735 1.59105 24.2
      vertex 2.0735 -1.59105 24.2
      vertex 2.17313 -1.45203 24.2
    endloop
  endfacet
  facet normal 0 0 1
    outer loop
      vertex 1.965 1.72325 24.2
      vertex 2.0735 -1.59105 24.2
      vertex 2.0735 1.59105 24.2
    endloop
  endfacet
  facet normal 0 0 1
    outer loop
      vertex 1.965 1.72325 24.2
      vertex 1.965 -1.72325 24.2
      vertex 2.0735 -1.59105 24.2
    endloop
  endfacet
  facet normal 0 0 1
    outer loop
      vertex 1.84808 1.84808 24.2
      vertex 1.965 -1.72325 24.2
      vertex 1.965 1.72325 24.2
    endloop
  endfacet
  facet normal 0 0 1
    outer loop
      vertex 1.84808 1.84808 24.2
      vertex 1.84808 -1.84808 24.2
      vertex 1.965 -1.72325 24.2
    endloop
  endfacet
  facet normal 0 0 1
    outer loop
      vertex 1.72325 1.965 24.2
      vertex 1.84808 -1.84808 24.2
      vertex 1.84808 1.84808 24.2
    endloop
  endfacet
  facet normal 0 0 1
    outer loop
      vertex 1.72325 1.965 24.2
      vertex 1.72325 -1.965 24.2
      vertex 1.84808 -1.84808 24.2
    endloop
  endfacet
  facet normal 0 0 1
    outer loop
      vertex 1.59105 2.0735 24.2
      vertex 1.72325 -1.965 24.2
      vertex 1.72325 1.965 24.2
    endloop
  endfacet
  facet normal 0 0 1
    outer loop
      vertex 1.59105 2.0735 24.2
      vertex 1.59105 -2.0735 24.2
      vertex 1.72325 -1.965 24.2
    endloop
  endfacet
  facet normal 0 0 1
    outer loop
      vertex 1.45203 2.17313 24.2
      vertex 1.59105 -2.0735 24.2
      vertex 1.59105 2.0735 24.2
    endloop
  endfacet
  facet normal 0 0 1
    outer loop
      vertex 1.45203 2.17313 24.2
      vertex 1.45203 -2.17313 24.2
      vertex 1.59105 -2.0735 24.2
    endloop
  endfacet
  facet normal 0 0 1
    outer loop
      vertex 1.30679 2.26344 24.2
      vertex 1.45203 -2.17313 24.2
      vertex 1.45203 2.17313 24.2
    endloop
  endfacet
  facet normal 0 0 1
    outer loop
      vertex 1.30679 2.26344 24.2
      vertex 1.30679 -2.26344 24.2
      vertex 1.45203 -2.17313 24.2
    endloop
  endfacet
  facet normal 0 0 1
    outer loop
      vertex 1.15596 2.34406 24.2
      vertex 1.30679 -2.26344 24.2
      vertex 1.30679 2.26344 24.2
    endloop
  endfacet
  facet normal 0 0 1
    outer loop
      vertex 1.15596 2.34406 24.2
      vertex 1.15596 -2.34406 24.2
      vertex 1.30679 -2.26344 24.2
    endloop
  endfacet
  facet normal 0 0 1
    outer loop
      vertex 1.00017 2.41464 24.2
      vertex 1.15596 -2.34406 24.2
      vertex 1.15596 2.34406 24.2
    endloop
  endfacet
  facet normal 0 0 1
    outer loop
      vertex 1.00017 2.41464 24.2
      vertex 1.00017 -2.41464 24.2
      vertex 1.15596 -2.34406 24.2
    endloop
  endfacet
  facet normal 0 0 1
    outer loop
      vertex 0.840103 2.47488 24.2
      vertex 1.00017 -2.41464 24.2
      vertex 1.00017 2.41464 24.2
    endloop
  endfacet
  facet normal 0 0 1
    outer loop
      vertex 0.840103 2.47488 24.2
      vertex 0.840103 -2.47488 24.2
      vertex 1.00017 -2.41464 24.2
    endloop
  endfacet
  facet normal 0 0 1
    outer loop
      vertex 0.676437 2.52454 24.2
      vertex 0.840103 -2.47488 24.2
      vertex 0.840103 2.47488 24.2
    endloop
  endfacet
  facet normal 0 0 1
    outer loop
      vertex 0.676437 2.52454 24.2
      vertex 0.676437 -2.52454 24.2
      vertex 0.840103 -2.47488 24.2
    endloop
  endfacet
  facet normal 0 0 1
    outer loop
      vertex 0.509888 2.56337 24.2
      vertex 0.676437 -2.52454 24.2
      vertex 0.676437 2.52454 24.2
    endloop
  endfacet
  facet normal 0 0 1
    outer loop
      vertex 0.509888 2.56337 24.2
      vertex 0.509888 -2.56337 24.2
      vertex 0.676437 -2.52454 24.2
    endloop
  endfacet
  facet normal 0 0 1
    outer loop
      vertex 0.341141 2.59123 24.2
      vertex 0.509888 -2.56337 24.2
      vertex 0.509888 2.56337 24.2
    endloop
  endfacet
  facet normal 0 0 1
    outer loop
      vertex 0.341141 2.59123 24.2
      vertex 0.341141 -2.59123 24.2
      vertex 0.509888 -2.56337 24.2
    endloop
  endfacet
  facet normal 0 0 1
    outer loop
      vertex 0.170929 2.608 24.2
      vertex 0.341141 -2.59123 24.2
      vertex 0.341141 2.59123 24.2
    endloop
  endfacet
  facet normal 0 0 1
    outer loop
      vertex 0.170929 2.608 24.2
      vertex 0.170929 -2.608 24.2
      vertex 0.341141 -2.59123 24.2
    endloop
  endfacet
  facet normal 0 0 1
    outer loop
      vertex 0 2.61359 24.2
      vertex 0.170929 -2.608 24.2
      vertex 0.170929 2.608 24.2
    endloop
  endfacet
  facet normal 0 0 1
    outer loop
      vertex 0 2.61359 24.2
      vertex 0 -2.61359 24.2
      vertex 0.170929 -2.608 24.2
    endloop
  endfacet
  facet normal -0 0 1
    outer loop
      vertex -0.170929 2.608 24.2
      vertex 0 -2.61359 24.2
      vertex 0 2.61359 24.2
    endloop
  endfacet
  facet normal 0 0 1
    outer loop
      vertex -0.170929 2.608 24.2
      vertex -0.170929 -2.608 24.2
      vertex 0 -2.61359 24.2
    endloop
  endfacet
  facet normal -0 0 1
    outer loop
      vertex -0.341141 2.59123 24.2
      vertex -0.170929 -2.608 24.2
      vertex -0.170929 2.608 24.2
    endloop
  endfacet
  facet normal 0 0 1
    outer loop
      vertex -0.341141 2.59123 24.2
      vertex -0.341141 -2.59123 24.2
      vertex -0.170929 -2.608 24.2
    endloop
  endfacet
  facet normal -0 0 1
    outer loop
      vertex -0.509888 2.56337 24.2
      vertex -0.341141 -2.59123 24.2
      vertex -0.341141 2.59123 24.2
    endloop
  endfacet
  facet normal 0 0 1
    outer loop
      vertex -0.509888 2.56337 24.2
      vertex -0.509888 -2.56337 24.2
      vertex -0.341141 -2.59123 24.2
    endloop
  endfacet
  facet normal -0 0 1
    outer loop
      vertex -0.676437 2.52454 24.2
      vertex -0.509888 -2.56337 24.2
      vertex -0.509888 2.56337 24.2
    endloop
  endfacet
  facet normal 0 0 1
    outer loop
      vertex -0.676437 2.52454 24.2
      vertex -0.676437 -2.52454 24.2
      vertex -0.509888 -2.56337 24.2
    endloop
  endfacet
  facet normal -0 0 1
    outer loop
      vertex -0.840103 2.47488 24.2
      vertex -0.676437 -2.52454 24.2
      vertex -0.676437 2.52454 24.2
    endloop
  endfacet
  facet normal 0 0 1
    outer loop
      vertex -0.840103 2.47488 24.2
      vertex -0.840103 -2.47488 24.2
      vertex -0.676437 -2.52454 24.2
    endloop
  endfacet
  facet normal -0 0 1
    outer loop
      vertex -1.00017 2.41464 24.2
      vertex -0.840103 -2.47488 24.2
      vertex -0.840103 2.47488 24.2
    endloop
  endfacet
  facet normal 0 0 1
    outer loop
      vertex -1.00017 2.41464 24.2
      vertex -1.00017 -2.41464 24.2
      vertex -0.840103 -2.47488 24.2
    endloop
  endfacet
  facet normal -0 0 1
    outer loop
      vertex -1.15596 2.34406 24.2
      vertex -1.00017 -2.41464 24.2
      vertex -1.00017 2.41464 24.2
    endloop
  endfacet
  facet normal 0 0 1
    outer loop
      vertex -1.15596 2.34406 24.2
      vertex -1.15596 -2.34406 24.2
      vertex -1.00017 -2.41464 24.2
    endloop
  endfacet
  facet normal -0 0 1
    outer loop
      vertex -1.30679 2.26344 24.2
      vertex -1.15596 -2.34406 24.2
      vertex -1.15596 2.34406 24.2
    endloop
  endfacet
  facet normal 0 0 1
    outer loop
      vertex -1.30679 2.26344 24.2
      vertex -1.30679 -2.26344 24.2
      vertex -1.15596 -2.34406 24.2
    endloop
  endfacet
  facet normal -0 0 1
    outer loop
      vertex -1.45203 2.17313 24.2
      vertex -1.30679 -2.26344 24.2
      vertex -1.30679 2.26344 24.2
    endloop
  endfacet
  facet normal 0 0 1
    outer loop
      vertex -1.45203 2.17313 24.2
      vertex -1.45203 -2.17313 24.2
      vertex -1.30679 -2.26344 24.2
    endloop
  endfacet
  facet normal -0 0 1
    outer loop
      vertex -1.59105 2.0735 24.2
      vertex -1.45203 -2.17313 24.2
      vertex -1.45203 2.17313 24.2
    endloop
  endfacet
  facet normal 0 0 1
    outer loop
      vertex -1.59105 2.0735 24.2
      vertex -1.59105 -2.0735 24.2
      vertex -1.45203 -2.17313 24.2
    endloop
  endfacet
  facet normal -0 0 1
    outer loop
      vertex -1.72325 1.965 24.2
      vertex -1.59105 -2.0735 24.2
      vertex -1.59105 2.0735 24.2
    endloop
  endfacet
  facet normal 0 0 1
    outer loop
      vertex -1.72325 1.965 24.2
      vertex -1.72325 -1.965 24.2
      vertex -1.59105 -2.0735 24.2
    endloop
  endfacet
  facet normal -0 0 1
    outer loop
      vertex -1.84808 1.84808 24.2
      vertex -1.72325 -1.965 24.2
      vertex -1.72325 1.965 24.2
    endloop
  endfacet
  facet normal 0 0 1
    outer loop
      vertex -1.84808 1.84808 24.2
      vertex -1.84808 -1.84808 24.2
      vertex -1.72325 -1.965 24.2
    endloop
  endfacet
  facet normal -0 0 1
    outer loop
      vertex -1.965 1.72325 24.2
      vertex -1.84808 -1.84808 24.2
      vertex -1.84808 1.84808 24.2
    endloop
  endfacet
  facet normal 0 0 1
    outer loop
      vertex -1.965 1.72325 24.2
      vertex -1.965 -1.72325 24.2
      vertex -1.84808 -1.84808 24.2
    endloop
  endfacet
  facet normal -0 0 1
    outer loop
      vertex -2.0735 1.59105 24.2
      vertex -1.965 -1.72325 24.2
      vertex -1.965 1.72325 24.2
    endloop
  endfacet
  facet normal 0 0 1
    outer loop
      vertex -2.0735 1.59105 24.2
      vertex -2.0735 -1.59105 24.2
      vertex -1.965 -1.72325 24.2
    endloop
  endfacet
  facet normal -0 0 1
    outer loop
      vertex -2.17313 1.45203 24.2
      vertex -2.0735 -1.59105 24.2
      vertex -2.0735 1.59105 24.2
    endloop
  endfacet
  facet normal 0 0 1
    outer loop
      vertex -2.17313 1.45203 24.2
      vertex -2.17313 -1.45203 24.2
      vertex -2.0735 -1.59105 24.2
    endloop
  endfacet
  facet normal -0 0 1
    outer loop
      vertex -2.26344 1.30679 24.2
      vertex -2.17313 -1.45203 24.2
      vertex -2.17313 1.45203 24.2
    endloop
  endfacet
  facet normal 0 0 1
    outer loop
      vertex -2.26344 1.30679 24.2
      vertex -2.26344 -1.30679 24.2
      vertex -2.17313 -1.45203 24.2
    endloop
  endfacet
  facet normal -0 0 1
    outer loop
      vertex -2.34406 1.15596 24.2
      vertex -2.26344 -1.30679 24.2
      vertex -2.26344 1.30679 24.2
    endloop
  endfacet
  facet normal 0 0 1
    outer loop
      vertex -2.34406 1.15596 24.2
      vertex -2.34406 -1.15596 24.2
      vertex -2.26344 -1.30679 24.2
    endloop
  endfacet
  facet normal -0 0 1
    outer loop
      vertex -2.41464 1.00017 24.2
      vertex -2.34406 -1.15596 24.2
      vertex -2.34406 1.15596 24.2
    endloop
  endfacet
  facet normal 0 0 1
    outer loop
      vertex -2.41464 1.00017 24.2
      vertex -2.41464 -1.00017 24.2
      vertex -2.34406 -1.15596 24.2
    endloop
  endfacet
  facet normal -0 0 1
    outer loop
      vertex -2.47488 0.840103 24.2
      vertex -2.41464 -1.00017 24.2
      vertex -2.41464 1.00017 24.2
    endloop
  endfacet
  facet normal 0 0 1
    outer loop
      vertex -2.47488 0.840103 24.2
      vertex -2.47488 -0.840103 24.2
      vertex -2.41464 -1.00017 24.2
    endloop
  endfacet
  facet normal -0 0 1
    outer loop
      vertex -2.52454 0.676437 24.2
      vertex -2.47488 -0.840103 24.2
      vertex -2.47488 0.840103 24.2
    endloop
  endfacet
  facet normal 0 0 1
    outer loop
      vertex -2.52454 0.676437 24.2
      vertex -2.52454 -0.676437 24.2
      vertex -2.47488 -0.840103 24.2
    endloop
  endfacet
  facet normal -0 0 1
    outer loop
      vertex -2.56337 0.509888 24.2
      vertex -2.52454 -0.676437 24.2
      vertex -2.52454 0.676437 24.2
    endloop
  endfacet
  facet normal 0 0 1
    outer loop
      vertex -2.56337 0.509888 24.2
      vertex -2.56337 -0.509888 24.2
      vertex -2.52454 -0.676437 24.2
    endloop
  endfacet
  facet normal -0 0 1
    outer loop
      vertex -2.59123 0.341141 24.2
      vertex -2.56337 -0.509888 24.2
      vertex -2.56337 0.509888 24.2
    endloop
  endfacet
  facet normal 0 0 1
    outer loop
      vertex -2.59123 0.341141 24.2
      vertex -2.59123 -0.341141 24.2
      vertex -2.56337 -0.509888 24.2
    endloop
  endfacet
  facet normal -0 0 1
    outer loop
      vertex -2.608 0.170929 24.2
      vertex -2.59123 -0.341141 24.2
      vertex -2.59123 0.341141 24.2
    endloop
  endfacet
  facet normal 0 0 1
    outer loop
      vertex -2.608 0.170929 24.2
      vertex -2.608 -0.170929 24.2
      vertex -2.59123 -0.341141 24.2
    endloop
  endfacet
  facet normal 0 -0 1
    outer loop
      vertex -2.608 -0.170929 24.2
      vertex -2.608 0.170929 24.2
      vertex -2.61359 0 24.2
    endloop
  endfacet
  facet normal 0 0 1
    outer loop
      vertex -2.70435 -7.06529 24.2
      vertex -2.6954 -7.40706 24.2
      vertex -2.69429 -7.23602 24.2
    endloop
  endfacet
  facet normal 0 0 1
    outer loop
      vertex -2.70435 -7.06529 24.2
      vertex -2.7077 -7.57764 24.2
      vertex -2.6954 -7.40706 24.2
    endloop
  endfacet
  facet normal 0 0 1
    outer loop
      vertex -2.72557 -6.89558 24.2
      vertex -2.7077 -7.57764 24.2
      vertex -2.70435 -7.06529 24.2
    endloop
  endfacet
  facet normal 0 0 1
    outer loop
      vertex -2.72557 -6.89558 24.2
      vertex -2.73114 -7.74706 24.2
      vertex -2.7077 -7.57764 24.2
    endloop
  endfacet
  facet normal 0 0 1
    outer loop
      vertex -2.75783 -6.72763 24.2
      vertex -2.73114 -7.74706 24.2
      vertex -2.72557 -6.89558 24.2
    endloop
  endfacet
  facet normal 0 0 1
    outer loop
      vertex -2.75783 -6.72763 24.2
      vertex -2.76559 -7.91458 24.2
      vertex -2.73114 -7.74706 24.2
    endloop
  endfacet
  facet normal 0 0 1
    outer loop
      vertex -2.80101 -6.56215 24.2
      vertex -2.76559 -7.91458 24.2
      vertex -2.75783 -6.72763 24.2
    endloop
  endfacet
  facet normal 0 0 1
    outer loop
      vertex -2.80101 -6.56215 24.2
      vertex -2.81094 -8.07948 24.2
      vertex -2.76559 -7.91458 24.2
    endloop
  endfacet
  facet normal 0 0 1
    outer loop
      vertex -2.85493 -6.39983 24.2
      vertex -2.81094 -8.07948 24.2
      vertex -2.80101 -6.56215 24.2
    endloop
  endfacet
  facet normal 0 0 1
    outer loop
      vertex -2.85493 -6.39983 24.2
      vertex -2.86699 -8.24107 24.2
      vertex -2.81094 -8.07948 24.2
    endloop
  endfacet
  facet normal 0 0 1
    outer loop
      vertex -2.91934 -6.24139 24.2
      vertex -2.86699 -8.24107 24.2
      vertex -2.85493 -6.39983 24.2
    endloop
  endfacet
  facet normal 0 0 1
    outer loop
      vertex -2.91934 -6.24139 24.2
      vertex -2.93347 -8.39865 24.2
      vertex -2.86699 -8.24107 24.2
    endloop
  endfacet
  facet normal 0 0 1
    outer loop
      vertex -2.99399 -6.08751 24.2
      vertex -2.93347 -8.39865 24.2
      vertex -2.91934 -6.24139 24.2
    endloop
  endfacet
  facet normal 0 0 1
    outer loop
      vertex -2.99399 -6.08751 24.2
      vertex -3.01012 -8.55154 24.2
      vertex -2.93347 -8.39865 24.2
    endloop
  endfacet
  facet normal 0 0 1
    outer loop
      vertex -3.07852 -5.93884 24.2
      vertex -3.01012 -8.55154 24.2
      vertex -2.99399 -6.08751 24.2
    endloop
  endfacet
  facet normal 0 0 1
    outer loop
      vertex -3.07852 -5.93884 24.2
      vertex -3.09659 -8.6991 24.2
      vertex -3.01012 -8.55154 24.2
    endloop
  endfacet
  facet normal 0 0 1
    outer loop
      vertex -3.17261 -5.79602 24.2
      vertex -3.09659 -8.6991 24.2
      vertex -3.07852 -5.93884 24.2
    endloop
  endfacet
  facet normal 0 0 1
    outer loop
      vertex -3.17261 -5.79602 24.2
      vertex -3.19254 -8.84068 24.2
      vertex -3.09659 -8.6991 24.2
    endloop
  endfacet
  facet normal 0 0 1
    outer loop
      vertex -3.27583 -5.65965 24.2
      vertex -3.19254 -8.84068 24.2
      vertex -3.17261 -5.79602 24.2
    endloop
  endfacet
  facet normal 0 0 1
    outer loop
      vertex -3.27583 -5.65965 24.2
      vertex -3.29755 -8.97568 24.2
      vertex -3.19254 -8.84068 24.2
    endloop
  endfacet
  facet normal 0 0 1
    outer loop
      vertex -3.38776 -5.53033 24.2
      vertex -3.29755 -8.97568 24.2
      vertex -3.27583 -5.65965 24.2
    endloop
  endfacet
  facet normal 0 0 1
    outer loop
      vertex -3.38776 -5.53033 24.2
      vertex -3.41115 -9.10353 24.2
      vertex -3.29755 -8.97568 24.2
    endloop
  endfacet
  facet normal 0 0 1
    outer loop
      vertex -3.5079 -5.4086 24.2
      vertex -3.41115 -9.10353 24.2
      vertex -3.38776 -5.53033 24.2
    endloop
  endfacet
  facet normal 0 0 1
    outer loop
      vertex -3.5079 -5.4086 24.2
      vertex -3.53287 -9.22366 24.2
      vertex -3.41115 -9.10353 24.2
    endloop
  endfacet
  facet normal 0 0 1
    outer loop
      vertex -3.63576 -5.295 24.2
      vertex -3.53287 -9.22366 24.2
      vertex -3.5079 -5.4086 24.2
    endloop
  endfacet
  facet normal 0 0 1
    outer loop
      vertex -3.63576 -5.295 24.2
      vertex -3.6622 -9.33559 24.2
      vertex -3.53287 -9.22366 24.2
    endloop
  endfacet
  facet normal 0 0 1
    outer loop
      vertex -3.77075 -5.19 24.2
      vertex -3.6622 -9.33559 24.2
      vertex -3.63576 -5.295 24.2
    endloop
  endfacet
  facet normal 0 0 1
    outer loop
      vertex -3.77075 -5.19 24.2
      vertex -3.79857 -9.43881 24.2
      vertex -3.6622 -9.33559 24.2
    endloop
  endfacet
  facet normal 0 0 1
    outer loop
      vertex -3.91234 -5.09406 24.2
      vertex -3.79857 -9.43881 24.2
      vertex -3.77075 -5.19 24.2
    endloop
  endfacet
  facet normal 0 0 1
    outer loop
      vertex -3.91234 -5.09406 24.2
      vertex -3.94139 -9.5329 24.2
      vertex -3.79857 -9.43881 24.2
    endloop
  endfacet
  facet normal 0 0 1
    outer loop
      vertex -4.05989 -5.00757 24.2
      vertex -3.94139 -9.5329 24.2
      vertex -3.91234 -5.09406 24.2
    endloop
  endfacet
  facet normal 0 0 1
    outer loop
      vertex -4.05989 -5.00757 24.2
      vertex -4.09006 -9.61745 24.2
      vertex -3.94139 -9.5329 24.2
    endloop
  endfacet
  facet normal 0 0 1
    outer loop
      vertex -4.21278 -4.93092 24.2
      vertex -4.09006 -9.61745 24.2
      vertex -4.05989 -5.00757 24.2
    endloop
  endfacet
  facet normal 0 0 1
    outer loop
      vertex -4.21278 -4.93092 24.2
      vertex -4.24394 -9.69209 24.2
      vertex -4.09006 -9.61745 24.2
    endloop
  endfacet
  facet normal 0 0 1
    outer loop
      vertex -4.37036 -4.86444 24.2
      vertex -4.24394 -9.69209 24.2
      vertex -4.21278 -4.93092 24.2
    endloop
  endfacet
  facet normal 0 0 1
    outer loop
      vertex -4.37036 -4.86444 24.2
      vertex -4.40237 -9.7565 24.2
      vertex -4.24394 -9.69209 24.2
    endloop
  endfacet
  facet normal 0 0 1
    outer loop
      vertex -4.53195 -4.80841 24.2
      vertex -4.40237 -9.7565 24.2
      vertex -4.37036 -4.86444 24.2
    endloop
  endfacet
  facet normal 0 0 1
    outer loop
      vertex -4.53195 -4.80841 24.2
      vertex -4.56468 -9.81041 24.2
      vertex -4.40237 -9.7565 24.2
    endloop
  endfacet
  facet normal 0 0 1
    outer loop
      vertex -4.69685 -4.76306 24.2
      vertex -4.56468 -9.81041 24.2
      vertex -4.53195 -4.80841 24.2
    endloop
  endfacet
  facet normal 0 0 1
    outer loop
      vertex -4.69685 -4.76306 24.2
      vertex -4.73018 -9.85361 24.2
      vertex -4.56468 -9.81041 24.2
    endloop
  endfacet
  facet normal 0 0 1
    outer loop
      vertex -4.86438 -4.72859 24.2
      vertex -4.73018 -9.85361 24.2
      vertex -4.69685 -4.76306 24.2
    endloop
  endfacet
  facet normal 0 0 1
    outer loop
      vertex -4.86438 -4.72859 24.2
      vertex -4.89813 -9.88586 24.2
      vertex -4.73018 -9.85361 24.2
    endloop
  endfacet
  facet normal 0 0 1
    outer loop
      vertex -5.0338 -4.70517 24.2
      vertex -4.89813 -9.88586 24.2
      vertex -4.86438 -4.72859 24.2
    endloop
  endfacet
  facet normal 0 0 1
    outer loop
      vertex -5.0338 -4.70517 24.2
      vertex -5.06784 -9.90707 24.2
      vertex -4.89813 -9.88586 24.2
    endloop
  endfacet
  facet normal 0 0 1
    outer loop
      vertex -5.20438 -4.69286 24.2
      vertex -5.06784 -9.90707 24.2
      vertex -5.0338 -4.70517 24.2
    endloop
  endfacet
  facet normal 0 0 1
    outer loop
      vertex -5.20438 -4.69286 24.2
      vertex -5.23857 -9.91714 24.2
      vertex -5.06784 -9.90707 24.2
    endloop
  endfacet
  facet normal 0 0 1
    outer loop
      vertex -5.3754 -4.69174 24.2
      vertex -5.23857 -9.91714 24.2
      vertex -5.20438 -4.69286 24.2
    endloop
  endfacet
  facet normal 0 0 1
    outer loop
      vertex -5.3754 -4.69174 24.2
      vertex -5.40959 -9.91603 24.2
      vertex -5.23857 -9.91714 24.2
    endloop
  endfacet
  facet normal -0 0 1
    outer loop
      vertex -5.54614 -4.70181 24.2
      vertex -5.40959 -9.91603 24.2
      vertex -5.3754 -4.69174 24.2
    endloop
  endfacet
  facet normal 0 0 1
    outer loop
      vertex -5.54614 -4.70181 24.2
      vertex -5.58018 -9.90373 24.2
      vertex -5.40959 -9.91603 24.2
    endloop
  endfacet
  facet normal -0 0 1
    outer loop
      vertex -5.71585 -4.72302 24.2
      vertex -5.58018 -9.90373 24.2
      vertex -5.54614 -4.70181 24.2
    endloop
  endfacet
  facet normal 0 0 1
    outer loop
      vertex -5.71585 -4.72302 24.2
      vertex -5.7496 -9.88029 24.2
      vertex -5.58018 -9.90373 24.2
    endloop
  endfacet
  facet normal -0 0 1
    outer loop
      vertex -5.8838 -4.75529 24.2
      vertex -5.7496 -9.88029 24.2
      vertex -5.71585 -4.72302 24.2
    endloop
  endfacet
  facet normal 0 0 1
    outer loop
      vertex -5.8838 -4.75529 24.2
      vertex -5.91711 -9.84583 24.2
      vertex -5.7496 -9.88029 24.2
    endloop
  endfacet
  facet normal -0 0 1
    outer loop
      vertex -6.04929 -4.79848 24.2
      vertex -5.91711 -9.84583 24.2
      vertex -5.8838 -4.75529 24.2
    endloop
  endfacet
  facet normal 0 0 1
    outer loop
      vertex -6.04929 -4.79848 24.2
      vertex -6.08203 -9.80049 24.2
      vertex -5.91711 -9.84583 24.2
    endloop
  endfacet
  facet normal -0 0 1
    outer loop
      vertex -6.21159 -4.85239 24.2
      vertex -6.08203 -9.80049 24.2
      vertex -6.04929 -4.79848 24.2
    endloop
  endfacet
  facet normal 0 0 1
    outer loop
      vertex -6.21159 -4.85239 24.2
      vertex -6.24362 -9.74445 24.2
      vertex -6.08203 -9.80049 24.2
    endloop
  endfacet
  facet normal -0 0 1
    outer loop
      vertex -6.37004 -4.91681 24.2
      vertex -6.24362 -9.74445 24.2
      vertex -6.21159 -4.85239 24.2
    endloop
  endfacet
  facet normal 0 0 1
    outer loop
      vertex -6.37004 -4.91681 24.2
      vertex -6.4012 -9.67796 24.2
      vertex -6.24362 -9.74445 24.2
    endloop
  endfacet
  facet normal -0 0 1
    outer loop
      vertex -6.52391 -4.99144 24.2
      vertex -6.4012 -9.67796 24.2
      vertex -6.37004 -4.91681 24.2
    endloop
  endfacet
  facet normal 0 0 1
    outer loop
      vertex -6.52391 -4.99144 24.2
      vertex -6.55409 -9.60132 24.2
      vertex -6.4012 -9.67796 24.2
    endloop
  endfacet
  facet normal -0 0 1
    outer loop
      vertex -6.67259 -5.07599 24.2
      vertex -6.55409 -9.60132 24.2
      vertex -6.52391 -4.99144 24.2
    endloop
  endfacet
  facet normal 0 0 1
    outer loop
      vertex -6.67259 -5.07599 24.2
      vertex -6.70164 -9.51485 24.2
      vertex -6.55409 -9.60132 24.2
    endloop
  endfacet
  facet normal -0 0 1
    outer loop
      vertex -6.81541 -5.17007 24.2
      vertex -6.70164 -9.51485 24.2
      vertex -6.67259 -5.07599 24.2
    endloop
  endfacet
  facet normal 0 0 1
    outer loop
      vertex -6.81541 -5.17007 24.2
      vertex -6.84322 -9.41888 24.2
      vertex -6.70164 -9.51485 24.2
    endloop
  endfacet
  facet normal -0 0 1
    outer loop
      vertex -6.95178 -5.2733 24.2
      vertex -6.84322 -9.41888 24.2
      vertex -6.81541 -5.17007 24.2
    endloop
  endfacet
  facet normal 0 0 1
    outer loop
      vertex -6.95178 -5.2733 24.2
      vertex -6.97823 -9.31389 24.2
      vertex -6.84322 -9.41888 24.2
    endloop
  endfacet
  facet normal -0 0 1
    outer loop
      vertex -7.0811 -5.38522 24.2
      vertex -6.97823 -9.31389 24.2
      vertex -6.95178 -5.2733 24.2
    endloop
  endfacet
  facet normal 0 0 1
    outer loop
      vertex -7.0811 -5.38522 24.2
      vertex -7.10606 -9.20029 24.2
      vertex -6.97823 -9.31389 24.2
    endloop
  endfacet
  facet normal -0 0 1
    outer loop
      vertex -7.20282 -5.50536 24.2
      vertex -7.10606 -9.20029 24.2
      vertex -7.0811 -5.38522 24.2
    endloop
  endfacet
  facet normal 0 0 1
    outer loop
      vertex -7.20282 -5.50536 24.2
      vertex -7.22621 -9.07855 24.2
      vertex -7.10606 -9.20029 24.2
    endloop
  endfacet
  facet normal -0 0 1
    outer loop
      vertex -7.31644 -5.63321 24.2
      vertex -7.22621 -9.07855 24.2
      vertex -7.20282 -5.50536 24.2
    endloop
  endfacet
  facet normal 0 0 1
    outer loop
      vertex -7.31644 -5.63321 24.2
      vertex -7.33813 -8.94923 24.2
      vertex -7.22621 -9.07855 24.2
    endloop
  endfacet
  facet normal -0 0 1
    outer loop
      vertex -7.42143 -5.7682 24.2
      vertex -7.33813 -8.94923 24.2
      vertex -7.31644 -5.63321 24.2
    endloop
  endfacet
  facet normal 0 0 1
    outer loop
      vertex -7.42143 -5.7682 24.2
      vertex -7.44136 -8.81287 24.2
      vertex -7.33813 -8.94923 24.2
    endloop
  endfacet
  facet normal -0 0 1
    outer loop
      vertex -7.51738 -5.90979 24.2
      vertex -7.44136 -8.81287 24.2
      vertex -7.42143 -5.7682 24.2
    endloop
  endfacet
  facet normal 0 0 1
    outer loop
      vertex -7.51738 -5.90979 24.2
      vertex -7.53545 -8.67004 24.2
      vertex -7.44136 -8.81287 24.2
    endloop
  endfacet
  facet normal -0 0 1
    outer loop
      vertex -7.60387 -6.05734 24.2
      vertex -7.53545 -8.67004 24.2
      vertex -7.51738 -5.90979 24.2
    endloop
  endfacet
  facet normal 0 0 1
    outer loop
      vertex -7.60387 -6.05734 24.2
      vertex -7.62 -8.52138 24.2
      vertex -7.53545 -8.67004 24.2
    endloop
  endfacet
  facet normal -0 0 1
    outer loop
      vertex -7.68051 -6.21024 24.2
      vertex -7.62 -8.52138 24.2
      vertex -7.60387 -6.05734 24.2
    endloop
  endfacet
  facet normal 0 0 1
    outer loop
      vertex -7.68051 -6.21024 24.2
      vertex -7.69463 -8.36749 24.2
      vertex -7.62 -8.52138 24.2
    endloop
  endfacet
  facet normal -0 0 1
    outer loop
      vertex -7.74699 -6.36781 24.2
      vertex -7.69463 -8.36749 24.2
      vertex -7.68051 -6.21024 24.2
    endloop
  endfacet
  facet normal 0 0 1
    outer loop
      vertex -7.74699 -6.36781 24.2
      vertex -7.75905 -8.20906 24.2
      vertex -7.69463 -8.36749 24.2
    endloop
  endfacet
  facet normal -0 0 1
    outer loop
      vertex -7.80302 -6.5294 24.2
      vertex -7.75905 -8.20906 24.2
      vertex -7.74699 -6.36781 24.2
    endloop
  endfacet
  facet normal 0 0 1
    outer loop
      vertex -7.80302 -6.5294 24.2
      vertex -7.81296 -8.04675 24.2
      vertex -7.75905 -8.20906 24.2
    endloop
  endfacet
  facet normal -0 0 1
    outer loop
      vertex -7.84837 -6.69431 24.2
      vertex -7.81296 -8.04675 24.2
      vertex -7.80302 -6.5294 24.2
    endloop
  endfacet
  facet normal 0 0 1
    outer loop
      vertex -7.84837 -6.69431 24.2
      vertex -7.85614 -7.88126 24.2
      vertex -7.81296 -8.04675 24.2
    endloop
  endfacet
  facet normal -0 0 1
    outer loop
      vertex -7.88284 -6.86183 24.2
      vertex -7.85614 -7.88126 24.2
      vertex -7.84837 -6.69431 24.2
    endloop
  endfacet
  facet normal 0 0 1
    outer loop
      vertex -7.88284 -6.86183 24.2
      vertex -7.88841 -7.7133 24.2
      vertex -7.85614 -7.88126 24.2
    endloop
  endfacet
  facet normal -0 0 1
    outer loop
      vertex -7.90627 -7.03125 24.2
      vertex -7.88841 -7.7133 24.2
      vertex -7.88284 -6.86183 24.2
    endloop
  endfacet
  facet normal 0 0 1
    outer loop
      vertex -7.90627 -7.03125 24.2
      vertex -7.90962 -7.54359 24.2
      vertex -7.88841 -7.7133 24.2
    endloop
  endfacet
  facet normal -0 0 1
    outer loop
      vertex -7.91858 -7.20183 24.2
      vertex -7.90962 -7.54359 24.2
      vertex -7.90627 -7.03125 24.2
    endloop
  endfacet
  facet normal 0 0 1
    outer loop
      vertex -7.90962 -7.54359 24.2
      vertex -7.91858 -7.20183 24.2
      vertex -7.91969 -7.37286 24.2
    endloop
  endfacet
  facet normal 0 0 1
    outer loop
      vertex 7.91858 -7.20183 24.2
      vertex 7.90962 -7.54359 24.2
      vertex 7.91969 -7.37286 24.2
    endloop
  endfacet
  facet normal 0 0 1
    outer loop
      vertex 7.90627 -7.03125 24.2
      vertex 7.90962 -7.54359 24.2
      vertex 7.91858 -7.20183 24.2
    endloop
  endfacet
  facet normal 0 0 1
    outer loop
      vertex 7.90627 -7.03125 24.2
      vertex 7.88841 -7.7133 24.2
      vertex 7.90962 -7.54359 24.2
    endloop
  endfacet
  facet normal 0 0 1
    outer loop
      vertex 7.88284 -6.86183 24.2
      vertex 7.88841 -7.7133 24.2
      vertex 7.90627 -7.03125 24.2
    endloop
  endfacet
  facet normal 0 0 1
    outer loop
      vertex 7.88284 -6.86183 24.2
      vertex 7.85614 -7.88126 24.2
      vertex 7.88841 -7.7133 24.2
    endloop
  endfacet
  facet normal 0 0 1
    outer loop
      vertex 7.84837 -6.69431 24.2
      vertex 7.85614 -7.88126 24.2
      vertex 7.88284 -6.86183 24.2
    endloop
  endfacet
  facet normal 0 0 1
    outer loop
      vertex 7.84837 -6.69431 24.2
      vertex 7.81296 -8.04675 24.2
      vertex 7.85614 -7.88126 24.2
    endloop
  endfacet
  facet normal 0 0 1
    outer loop
      vertex 7.80302 -6.5294 24.2
      vertex 7.81296 -8.04675 24.2
      vertex 7.84837 -6.69431 24.2
    endloop
  endfacet
  facet normal 0 0 1
    outer loop
      vertex 7.80302 -6.5294 24.2
      vertex 7.75905 -8.20906 24.2
      vertex 7.81296 -8.04675 24.2
    endloop
  endfacet
  facet normal 0 0 1
    outer loop
      vertex 7.74699 -6.36781 24.2
      vertex 7.75905 -8.20906 24.2
      vertex 7.80302 -6.5294 24.2
    endloop
  endfacet
  facet normal 0 0 1
    outer loop
      vertex 7.74699 -6.36781 24.2
      vertex 7.69463 -8.36749 24.2
      vertex 7.75905 -8.20906 24.2
    endloop
  endfacet
  facet normal 0 0 1
    outer loop
      vertex 7.68051 -6.21024 24.2
      vertex 7.69463 -8.36749 24.2
      vertex 7.74699 -6.36781 24.2
    endloop
  endfacet
  facet normal 0 0 1
    outer loop
      vertex 7.68051 -6.21024 24.2
      vertex 7.62 -8.52138 24.2
      vertex 7.69463 -8.36749 24.2
    endloop
  endfacet
  facet normal 0 0 1
    outer loop
      vertex 7.60387 -6.05734 24.2
      vertex 7.62 -8.52138 24.2
      vertex 7.68051 -6.21024 24.2
    endloop
  endfacet
  facet normal 0 0 1
    outer loop
      vertex 7.60387 -6.05734 24.2
      vertex 7.53545 -8.67004 24.2
      vertex 7.62 -8.52138 24.2
    endloop
  endfacet
  facet normal 0 0 1
    outer loop
      vertex 7.51738 -5.90979 24.2
      vertex 7.53545 -8.67004 24.2
      vertex 7.60387 -6.05734 24.2
    endloop
  endfacet
  facet normal 0 0 1
    outer loop
      vertex 7.51738 -5.90979 24.2
      vertex 7.44136 -8.81287 24.2
      vertex 7.53545 -8.67004 24.2
    endloop
  endfacet
  facet normal 0 0 1
    outer loop
      vertex 7.42143 -5.7682 24.2
      vertex 7.44136 -8.81287 24.2
      vertex 7.51738 -5.90979 24.2
    endloop
  endfacet
  facet normal 0 0 1
    outer loop
      vertex 7.42143 -5.7682 24.2
      vertex 7.33813 -8.94923 24.2
      vertex 7.44136 -8.81287 24.2
    endloop
  endfacet
  facet normal 0 0 1
    outer loop
      vertex 7.31644 -5.63321 24.2
      vertex 7.33813 -8.94923 24.2
      vertex 7.42143 -5.7682 24.2
    endloop
  endfacet
  facet normal 0 0 1
    outer loop
      vertex 7.31644 -5.63321 24.2
      vertex 7.22621 -9.07855 24.2
      vertex 7.33813 -8.94923 24.2
    endloop
  endfacet
  facet normal 0 0 1
    outer loop
      vertex 7.20282 -5.50536 24.2
      vertex 7.22621 -9.07855 24.2
      vertex 7.31644 -5.63321 24.2
    endloop
  endfacet
  facet normal 0 0 1
    outer loop
      vertex 7.20282 -5.50536 24.2
      vertex 7.10606 -9.20029 24.2
      vertex 7.22621 -9.07855 24.2
    endloop
  endfacet
  facet normal 0 0 1
    outer loop
      vertex 7.0811 -5.38522 24.2
      vertex 7.10606 -9.20029 24.2
      vertex 7.20282 -5.50536 24.2
    endloop
  endfacet
  facet normal 0 0 1
    outer loop
      vertex 7.0811 -5.38522 24.2
      vertex 6.97823 -9.31389 24.2
      vertex 7.10606 -9.20029 24.2
    endloop
  endfacet
  facet normal 0 0 1
    outer loop
      vertex 6.95178 -5.2733 24.2
      vertex 6.97823 -9.31389 24.2
      vertex 7.0811 -5.38522 24.2
    endloop
  endfacet
  facet normal 0 0 1
    outer loop
      vertex 6.95178 -5.2733 24.2
      vertex 6.84322 -9.41888 24.2
      vertex 6.97823 -9.31389 24.2
    endloop
  endfacet
  facet normal 0 0 1
    outer loop
      vertex 6.81541 -5.17007 24.2
      vertex 6.84322 -9.41888 24.2
      vertex 6.95178 -5.2733 24.2
    endloop
  endfacet
  facet normal 0 0 1
    outer loop
      vertex 6.81541 -5.17007 24.2
      vertex 6.70164 -9.51485 24.2
      vertex 6.84322 -9.41888 24.2
    endloop
  endfacet
  facet normal 0 0 1
    outer loop
      vertex 6.67259 -5.07599 24.2
      vertex 6.70164 -9.51485 24.2
      vertex 6.81541 -5.17007 24.2
    endloop
  endfacet
  facet normal 0 0 1
    outer loop
      vertex 6.67259 -5.07599 24.2
      vertex 6.55409 -9.60132 24.2
      vertex 6.70164 -9.51485 24.2
    endloop
  endfacet
  facet normal 0 0 1
    outer loop
      vertex 6.52391 -4.99144 24.2
      vertex 6.55409 -9.60132 24.2
      vertex 6.67259 -5.07599 24.2
    endloop
  endfacet
  facet normal 0 0 1
    outer loop
      vertex 6.52391 -4.99144 24.2
      vertex 6.4012 -9.67796 24.2
      vertex 6.55409 -9.60132 24.2
    endloop
  endfacet
  facet normal 0 0 1
    outer loop
      vertex 6.37004 -4.91681 24.2
      vertex 6.4012 -9.67796 24.2
      vertex 6.52391 -4.99144 24.2
    endloop
  endfacet
  facet normal 0 0 1
    outer loop
      vertex 6.37004 -4.91681 24.2
      vertex 6.24362 -9.74445 24.2
      vertex 6.4012 -9.67796 24.2
    endloop
  endfacet
  facet normal 0 0 1
    outer loop
      vertex 6.21159 -4.85239 24.2
      vertex 6.24362 -9.74445 24.2
      vertex 6.37004 -4.91681 24.2
    endloop
  endfacet
  facet normal 0 0 1
    outer loop
      vertex 6.21159 -4.85239 24.2
      vertex 6.08203 -9.80049 24.2
      vertex 6.24362 -9.74445 24.2
    endloop
  endfacet
  facet normal 0 0 1
    outer loop
      vertex 6.04929 -4.79848 24.2
      vertex 6.08203 -9.80049 24.2
      vertex 6.21159 -4.85239 24.2
    endloop
  endfacet
  facet normal 0 0 1
    outer loop
      vertex 6.04929 -4.79848 24.2
      vertex 5.91711 -9.84583 24.2
      vertex 6.08203 -9.80049 24.2
    endloop
  endfacet
  facet normal 0 0 1
    outer loop
      vertex 5.8838 -4.75529 24.2
      vertex 5.91711 -9.84583 24.2
      vertex 6.04929 -4.79848 24.2
    endloop
  endfacet
  facet normal 0 0 1
    outer loop
      vertex 5.8838 -4.75529 24.2
      vertex 5.7496 -9.88029 24.2
      vertex 5.91711 -9.84583 24.2
    endloop
  endfacet
  facet normal 0 0 1
    outer loop
      vertex 5.71585 -4.72302 24.2
      vertex 5.7496 -9.88029 24.2
      vertex 5.8838 -4.75529 24.2
    endloop
  endfacet
  facet normal 0 0 1
    outer loop
      vertex 5.71585 -4.72302 24.2
      vertex 5.58018 -9.90373 24.2
      vertex 5.7496 -9.88029 24.2
    endloop
  endfacet
  facet normal 0 0 1
    outer loop
      vertex 5.54614 -4.70181 24.2
      vertex 5.58018 -9.90373 24.2
      vertex 5.71585 -4.72302 24.2
    endloop
  endfacet
  facet normal 0 0 1
    outer loop
      vertex 5.54614 -4.70181 24.2
      vertex 5.40959 -9.91603 24.2
      vertex 5.58018 -9.90373 24.2
    endloop
  endfacet
  facet normal 0 0 1
    outer loop
      vertex 5.3754 -4.69174 24.2
      vertex 5.40959 -9.91603 24.2
      vertex 5.54614 -4.70181 24.2
    endloop
  endfacet
  facet normal 0 0 1
    outer loop
      vertex 5.3754 -4.69174 24.2
      vertex 5.23857 -9.91714 24.2
      vertex 5.40959 -9.91603 24.2
    endloop
  endfacet
  facet normal -0 0 1
    outer loop
      vertex 5.20438 -4.69286 24.2
      vertex 5.23857 -9.91714 24.2
      vertex 5.3754 -4.69174 24.2
    endloop
  endfacet
  facet normal 0 0 1
    outer loop
      vertex 5.20438 -4.69286 24.2
      vertex 5.06784 -9.90707 24.2
      vertex 5.23857 -9.91714 24.2
    endloop
  endfacet
  facet normal -0 0 1
    outer loop
      vertex 5.0338 -4.70517 24.2
      vertex 5.06784 -9.90707 24.2
      vertex 5.20438 -4.69286 24.2
    endloop
  endfacet
  facet normal 0 0 1
    outer loop
      vertex 5.0338 -4.70517 24.2
      vertex 4.89813 -9.88586 24.2
      vertex 5.06784 -9.90707 24.2
    endloop
  endfacet
  facet normal -0 0 1
    outer loop
      vertex 4.86438 -4.72859 24.2
      vertex 4.89813 -9.88586 24.2
      vertex 5.0338 -4.70517 24.2
    endloop
  endfacet
  facet normal 0 0 1
    outer loop
      vertex 4.86438 -4.72859 24.2
      vertex 4.73018 -9.85361 24.2
      vertex 4.89813 -9.88586 24.2
    endloop
  endfacet
  facet normal -0 0 1
    outer loop
      vertex 4.69685 -4.76306 24.2
      vertex 4.73018 -9.85361 24.2
      vertex 4.86438 -4.72859 24.2
    endloop
  endfacet
  facet normal 0 0 1
    outer loop
      vertex 4.69685 -4.76306 24.2
      vertex 4.56468 -9.81041 24.2
      vertex 4.73018 -9.85361 24.2
    endloop
  endfacet
  facet normal -0 0 1
    outer loop
      vertex 4.53195 -4.80841 24.2
      vertex 4.56468 -9.81041 24.2
      vertex 4.69685 -4.76306 24.2
    endloop
  endfacet
  facet normal 0 0 1
    outer loop
      vertex 4.53195 -4.80841 24.2
      vertex 4.40237 -9.7565 24.2
      vertex 4.56468 -9.81041 24.2
    endloop
  endfacet
  facet normal -0 0 1
    outer loop
      vertex 4.37036 -4.86444 24.2
      vertex 4.40237 -9.7565 24.2
      vertex 4.53195 -4.80841 24.2
    endloop
  endfacet
  facet normal 0 0 1
    outer loop
      vertex 4.37036 -4.86444 24.2
      vertex 4.24394 -9.69209 24.2
      vertex 4.40237 -9.7565 24.2
    endloop
  endfacet
  facet normal -0 0 1
    outer loop
      vertex 4.21278 -4.93092 24.2
      vertex 4.24394 -9.69209 24.2
      vertex 4.37036 -4.86444 24.2
    endloop
  endfacet
  facet normal 0 0 1
    outer loop
      vertex 4.21278 -4.93092 24.2
      vertex 4.09006 -9.61745 24.2
      vertex 4.24394 -9.69209 24.2
    endloop
  endfacet
  facet normal -0 0 1
    outer loop
      vertex 4.05989 -5.00757 24.2
      vertex 4.09006 -9.61745 24.2
      vertex 4.21278 -4.93092 24.2
    endloop
  endfacet
  facet normal 0 0 1
    outer loop
      vertex 4.05989 -5.00757 24.2
      vertex 3.94139 -9.5329 24.2
      vertex 4.09006 -9.61745 24.2
    endloop
  endfacet
  facet normal -0 0 1
    outer loop
      vertex 3.91234 -5.09406 24.2
      vertex 3.94139 -9.5329 24.2
      vertex 4.05989 -5.00757 24.2
    endloop
  endfacet
  facet normal 0 0 1
    outer loop
      vertex 3.91234 -5.09406 24.2
      vertex 3.79857 -9.43881 24.2
      vertex 3.94139 -9.5329 24.2
    endloop
  endfacet
  facet normal -0 0 1
    outer loop
      vertex 3.77075 -5.19 24.2
      vertex 3.79857 -9.43881 24.2
      vertex 3.91234 -5.09406 24.2
    endloop
  endfacet
  facet normal 0 0 1
    outer loop
      vertex 3.77075 -5.19 24.2
      vertex 3.6622 -9.33559 24.2
      vertex 3.79857 -9.43881 24.2
    endloop
  endfacet
  facet normal -0 0 1
    outer loop
      vertex 3.63576 -5.295 24.2
      vertex 3.6622 -9.33559 24.2
      vertex 3.77075 -5.19 24.2
    endloop
  endfacet
  facet normal 0 0 1
    outer loop
      vertex 3.63576 -5.295 24.2
      vertex 3.53287 -9.22366 24.2
      vertex 3.6622 -9.33559 24.2
    endloop
  endfacet
  facet normal -0 0 1
    outer loop
      vertex 3.5079 -5.4086 24.2
      vertex 3.53287 -9.22366 24.2
      vertex 3.63576 -5.295 24.2
    endloop
  endfacet
  facet normal 0 0 1
    outer loop
      vertex 3.5079 -5.4086 24.2
      vertex 3.41115 -9.10353 24.2
      vertex 3.53287 -9.22366 24.2
    endloop
  endfacet
  facet normal -0 0 1
    outer loop
      vertex 3.38776 -5.53033 24.2
      vertex 3.41115 -9.10353 24.2
      vertex 3.5079 -5.4086 24.2
    endloop
  endfacet
  facet normal 0 0 1
    outer loop
      vertex 3.38776 -5.53033 24.2
      vertex 3.29755 -8.97568 24.2
      vertex 3.41115 -9.10353 24.2
    endloop
  endfacet
  facet normal -0 0 1
    outer loop
      vertex 3.27583 -5.65965 24.2
      vertex 3.29755 -8.97568 24.2
      vertex 3.38776 -5.53033 24.2
    endloop
  endfacet
  facet normal 0 0 1
    outer loop
      vertex 3.27583 -5.65965 24.2
      vertex 3.19254 -8.84068 24.2
      vertex 3.29755 -8.97568 24.2
    endloop
  endfacet
  facet normal -0 0 1
    outer loop
      vertex 3.17261 -5.79602 24.2
      vertex 3.19254 -8.84068 24.2
      vertex 3.27583 -5.65965 24.2
    endloop
  endfacet
  facet normal 0 0 1
    outer loop
      vertex 3.17261 -5.79602 24.2
      vertex 3.09659 -8.6991 24.2
      vertex 3.19254 -8.84068 24.2
    endloop
  endfacet
  facet normal -0 0 1
    outer loop
      vertex 3.07852 -5.93884 24.2
      vertex 3.09659 -8.6991 24.2
      vertex 3.17261 -5.79602 24.2
    endloop
  endfacet
  facet normal 0 0 1
    outer loop
      vertex 3.07852 -5.93884 24.2
      vertex 3.01012 -8.55154 24.2
      vertex 3.09659 -8.6991 24.2
    endloop
  endfacet
  facet normal -0 0 1
    outer loop
      vertex 2.99399 -6.08751 24.2
      vertex 3.01012 -8.55154 24.2
      vertex 3.07852 -5.93884 24.2
    endloop
  endfacet
  facet normal 0 0 1
    outer loop
      vertex 2.99399 -6.08751 24.2
      vertex 2.93347 -8.39865 24.2
      vertex 3.01012 -8.55154 24.2
    endloop
  endfacet
  facet normal -0 0 1
    outer loop
      vertex 2.91934 -6.24139 24.2
      vertex 2.93347 -8.39865 24.2
      vertex 2.99399 -6.08751 24.2
    endloop
  endfacet
  facet normal 0 0 1
    outer loop
      vertex 2.91934 -6.24139 24.2
      vertex 2.86699 -8.24107 24.2
      vertex 2.93347 -8.39865 24.2
    endloop
  endfacet
  facet normal -0 0 1
    outer loop
      vertex 2.85493 -6.39983 24.2
      vertex 2.86699 -8.24107 24.2
      vertex 2.91934 -6.24139 24.2
    endloop
  endfacet
  facet normal 0 0 1
    outer loop
      vertex 2.85493 -6.39983 24.2
      vertex 2.81094 -8.07948 24.2
      vertex 2.86699 -8.24107 24.2
    endloop
  endfacet
  facet normal -0 0 1
    outer loop
      vertex 2.80101 -6.56215 24.2
      vertex 2.81094 -8.07948 24.2
      vertex 2.85493 -6.39983 24.2
    endloop
  endfacet
  facet normal 0 0 1
    outer loop
      vertex 2.80101 -6.56215 24.2
      vertex 2.76559 -7.91458 24.2
      vertex 2.81094 -8.07948 24.2
    endloop
  endfacet
  facet normal -0 0 1
    outer loop
      vertex 2.75783 -6.72763 24.2
      vertex 2.76559 -7.91458 24.2
      vertex 2.80101 -6.56215 24.2
    endloop
  endfacet
  facet normal 0 0 1
    outer loop
      vertex 2.75783 -6.72763 24.2
      vertex 2.73114 -7.74706 24.2
      vertex 2.76559 -7.91458 24.2
    endloop
  endfacet
  facet normal -0 0 1
    outer loop
      vertex 2.72557 -6.89558 24.2
      vertex 2.73114 -7.74706 24.2
      vertex 2.75783 -6.72763 24.2
    endloop
  endfacet
  facet normal 0 0 1
    outer loop
      vertex 2.72557 -6.89558 24.2
      vertex 2.7077 -7.57764 24.2
      vertex 2.73114 -7.74706 24.2
    endloop
  endfacet
  facet normal -0 0 1
    outer loop
      vertex 2.70435 -7.06529 24.2
      vertex 2.7077 -7.57764 24.2
      vertex 2.72557 -6.89558 24.2
    endloop
  endfacet
  facet normal 0 0 1
    outer loop
      vertex 2.70435 -7.06529 24.2
      vertex 2.6954 -7.40706 24.2
      vertex 2.7077 -7.57764 24.2
    endloop
  endfacet
  facet normal 0 -0 1
    outer loop
      vertex 2.6954 -7.40706 24.2
      vertex 2.70435 -7.06529 24.2
      vertex 2.69429 -7.23602 24.2
    endloop
  endfacet
  facet normal 0.0979916 -0.995187 0
    outer loop
      vertex 0.170929 6.42079 23
      vertex 0.341141 6.43755 24.2
      vertex 0.170929 6.42079 24.2
    endloop
  endfacet
  facet normal 0.0979916 -0.995187 0
    outer loop
      vertex 0.341141 6.43755 24.2
      vertex 0.170929 6.42079 23
      vertex 0.341141 6.43755 23
    endloop
  endfacet
  facet normal 0.162894 -0.986644 0
    outer loop
      vertex 0.341141 6.43755 23
      vertex 0.509888 6.46541 24.2
      vertex 0.341141 6.43755 24.2
    endloop
  endfacet
  facet normal 0.162894 -0.986644 0
    outer loop
      vertex 0.509888 6.46541 24.2
      vertex 0.341141 6.43755 23
      vertex 0.509888 6.46541 23
    endloop
  endfacet
  facet normal 0.227055 -0.973882 0
    outer loop
      vertex 0.509888 6.46541 23
      vertex 0.676437 6.50424 24.2
      vertex 0.509888 6.46541 24.2
    endloop
  endfacet
  facet normal 0.227055 -0.973882 0
    outer loop
      vertex 0.676437 6.50424 24.2
      vertex 0.509888 6.46541 23
      vertex 0.676437 6.50424 23
    endloop
  endfacet
  facet normal 0.290298 -0.956936 0
    outer loop
      vertex 0.676437 6.50424 23
      vertex 0.840103 6.55389 24.2
      vertex 0.676437 6.50424 24.2
    endloop
  endfacet
  facet normal 0.290298 -0.956936 0
    outer loop
      vertex 0.840103 6.55389 24.2
      vertex 0.676437 6.50424 23
      vertex 0.840103 6.55389 23
    endloop
  endfacet
  facet normal 0.352276 -0.935896 0
    outer loop
      vertex 0.840103 6.55389 23
      vertex 1.00017 6.61414 24.2
      vertex 0.840103 6.55389 24.2
    endloop
  endfacet
  facet normal 0.352276 -0.935896 0
    outer loop
      vertex 1.00017 6.61414 24.2
      vertex 0.840103 6.55389 23
      vertex 1.00017 6.61414 23
    endloop
  endfacet
  facet normal 0.41267 -0.91088 0
    outer loop
      vertex 1.00017 6.61414 23
      vertex 1.15596 6.68472 24.2
      vertex 1.00017 6.61414 24.2
    endloop
  endfacet
  facet normal 0.41267 -0.91088 0
    outer loop
      vertex 1.15596 6.68472 24.2
      vertex 1.00017 6.61414 23
      vertex 1.15596 6.68472 23
    endloop
  endfacet
  facet normal 0.471441 -0.881898 0
    outer loop
      vertex 1.15596 6.68472 23
      vertex 1.30679 6.76535 24.2
      vertex 1.15596 6.68472 24.2
    endloop
  endfacet
  facet normal 0.471441 -0.881898 0
    outer loop
      vertex 1.30679 6.76535 24.2
      vertex 1.15596 6.68472 23
      vertex 1.30679 6.76535 23
    endloop
  endfacet
  facet normal 0.528085 -0.849192 0
    outer loop
      vertex 1.30679 6.76535 23
      vertex 1.45203 6.85567 24.2
      vertex 1.30679 6.76535 24.2
    endloop
  endfacet
  facet normal 0.528085 -0.849192 0
    outer loop
      vertex 1.45203 6.85567 24.2
      vertex 1.30679 6.76535 23
      vertex 1.45203 6.85567 23
    endloop
  endfacet
  facet normal 0.582438 -0.812875 0
    outer loop
      vertex 1.45203 6.85567 23
      vertex 1.59105 6.95528 24.2
      vertex 1.45203 6.85567 24.2
    endloop
  endfacet
  facet normal 0.582438 -0.812875 0
    outer loop
      vertex 1.59105 6.95528 24.2
      vertex 1.45203 6.85567 23
      vertex 1.59105 6.95528 23
    endloop
  endfacet
  facet normal 0.634415 -0.772992 0
    outer loop
      vertex 1.59105 6.95528 23
      vertex 1.72325 7.06378 24.2
      vertex 1.59105 6.95528 24.2
    endloop
  endfacet
  facet normal 0.634415 -0.772992 0
    outer loop
      vertex 1.72325 7.06378 24.2
      vertex 1.59105 6.95528 23
      vertex 1.72325 7.06378 23
    endloop
  endfacet
  facet normal 0.683573 -0.729882 0
    outer loop
      vertex 1.72325 7.06378 23
      vertex 1.84808 7.18069 24.2
      vertex 1.72325 7.06378 24.2
    endloop
  endfacet
  facet normal 0.683573 -0.729882 0
    outer loop
      vertex 1.84808 7.18069 24.2
      vertex 1.72325 7.06378 23
      vertex 1.84808 7.18069 23
    endloop
  endfacet
  facet normal 0.72988 -0.683575 0
    outer loop
      vertex 1.84808 7.18069 24.2
      vertex 1.965 7.30553 23
      vertex 1.965 7.30553 24.2
    endloop
  endfacet
  facet normal 0.72988 -0.683575 0
    outer loop
      vertex 1.965 7.30553 23
      vertex 1.84808 7.18069 24.2
      vertex 1.84808 7.18069 23
    endloop
  endfacet
  facet normal 0.772992 -0.634415 0
    outer loop
      vertex 1.965 7.30553 24.2
      vertex 2.0735 7.43773 23
      vertex 2.0735 7.43773 24.2
    endloop
  endfacet
  facet normal 0.772992 -0.634415 0
    outer loop
      vertex 2.0735 7.43773 23
      vertex 1.965 7.30553 24.2
      vertex 1.965 7.30553 23
    endloop
  endfacet
  facet normal 0.81282 -0.582515 0
    outer loop
      vertex 2.0735 7.43773 24.2
      vertex 2.17313 7.57675 23
      vertex 2.17313 7.57675 24.2
    endloop
  endfacet
  facet normal 0.81282 -0.582515 0
    outer loop
      vertex 2.17313 7.57675 23
      vertex 2.0735 7.43773 24.2
      vertex 2.0735 7.43773 23
    endloop
  endfacet
  facet normal 0.849202 -0.528069 0
    outer loop
      vertex 2.17313 7.57675 24.2
      vertex 2.26344 7.72198 23
      vertex 2.26344 7.72198 24.2
    endloop
  endfacet
  facet normal 0.849202 -0.528069 0
    outer loop
      vertex 2.26344 7.72198 23
      vertex 2.17313 7.57675 24.2
      vertex 2.17313 7.57675 23
    endloop
  endfacet
  facet normal 0.881948 -0.471347 0
    outer loop
      vertex 2.26344 7.72198 24.2
      vertex 2.34406 7.87283 23
      vertex 2.34406 7.87283 24.2
    endloop
  endfacet
  facet normal 0.881948 -0.471347 0
    outer loop
      vertex 2.34406 7.87283 23
      vertex 2.26344 7.72198 24.2
      vertex 2.26344 7.72198 23
    endloop
  endfacet
  facet normal 0.91087 -0.412692 0
    outer loop
      vertex 2.34406 7.87283 24.2
      vertex 2.41464 8.02861 23
      vertex 2.41464 8.02861 24.2
    endloop
  endfacet
  facet normal 0.91087 -0.412692 0
    outer loop
      vertex 2.41464 8.02861 23
      vertex 2.34406 7.87283 24.2
      vertex 2.34406 7.87283 23
    endloop
  endfacet
  facet normal 0.93591 -0.352238 0
    outer loop
      vertex 2.41464 8.02861 24.2
      vertex 2.47488 8.18867 23
      vertex 2.47488 8.18867 24.2
    endloop
  endfacet
  facet normal 0.93591 -0.352238 0
    outer loop
      vertex 2.47488 8.18867 23
      vertex 2.41464 8.02861 24.2
      vertex 2.41464 8.02861 23
    endloop
  endfacet
  facet normal 0.956922 -0.290345 0
    outer loop
      vertex 2.47488 8.18867 24.2
      vertex 2.52454 8.35234 23
      vertex 2.52454 8.35234 24.2
    endloop
  endfacet
  facet normal 0.956922 -0.290345 0
    outer loop
      vertex 2.52454 8.35234 23
      vertex 2.47488 8.18867 24.2
      vertex 2.47488 8.18867 23
    endloop
  endfacet
  facet normal 0.973888 -0.227028 0
    outer loop
      vertex 2.52454 8.35234 24.2
      vertex 2.56337 8.51891 23
      vertex 2.56337 8.51891 24.2
    endloop
  endfacet
  facet normal 0.973888 -0.227028 0
    outer loop
      vertex 2.56337 8.51891 23
      vertex 2.52454 8.35234 24.2
      vertex 2.52454 8.35234 23
    endloop
  endfacet
  facet normal 0.986642 -0.162901 0
    outer loop
      vertex 2.56337 8.51891 24.2
      vertex 2.59123 8.68765 23
      vertex 2.59123 8.68765 24.2
    endloop
  endfacet
  facet normal 0.986642 -0.162901 0
    outer loop
      vertex 2.59123 8.68765 23
      vertex 2.56337 8.51891 24.2
      vertex 2.56337 8.51891 23
    endloop
  endfacet
  facet normal 0.995181 -0.0980563 0
    outer loop
      vertex 2.59123 8.68765 24.2
      vertex 2.608 8.85785 23
      vertex 2.608 8.85785 24.2
    endloop
  endfacet
  facet normal 0.995181 -0.0980563 0
    outer loop
      vertex 2.608 8.85785 23
      vertex 2.59123 8.68765 24.2
      vertex 2.59123 8.68765 23
    endloop
  endfacet
  facet normal 0.999466 -0.0326841 0
    outer loop
      vertex 2.608 8.85785 24.2
      vertex 2.61359 9.02879 23
      vertex 2.61359 9.02879 24.2
    endloop
  endfacet
  facet normal 0.999466 -0.0326841 0
    outer loop
      vertex 2.61359 9.02879 23
      vertex 2.608 8.85785 24.2
      vertex 2.608 8.85785 23
    endloop
  endfacet
  facet normal 0.999466 0.0326822 0
    outer loop
      vertex 2.61359 9.02879 24.2
      vertex 2.608 9.19974 23
      vertex 2.608 9.19974 24.2
    endloop
  endfacet
  facet normal 0.999466 0.0326822 0
    outer loop
      vertex 2.608 9.19974 23
      vertex 2.61359 9.02879 24.2
      vertex 2.61359 9.02879 23
    endloop
  endfacet
  facet normal 0.99518 0.098062 0
    outer loop
      vertex 2.608 9.19974 24.2
      vertex 2.59123 9.36993 23
      vertex 2.59123 9.36993 24.2
    endloop
  endfacet
  facet normal 0.99518 0.098062 0
    outer loop
      vertex 2.59123 9.36993 23
      vertex 2.608 9.19974 24.2
      vertex 2.608 9.19974 23
    endloop
  endfacet
  facet normal 0.986644 0.162891 0
    outer loop
      vertex 2.59123 9.36993 24.2
      vertex 2.56337 9.53868 23
      vertex 2.56337 9.53868 24.2
    endloop
  endfacet
  facet normal 0.986644 0.162891 0
    outer loop
      vertex 2.56337 9.53868 23
      vertex 2.59123 9.36993 24.2
      vertex 2.59123 9.36993 23
    endloop
  endfacet
  facet normal 0.973888 0.227028 0
    outer loop
      vertex 2.56337 9.53868 24.2
      vertex 2.52454 9.70525 23
      vertex 2.52454 9.70525 24.2
    endloop
  endfacet
  facet normal 0.973888 0.227028 0
    outer loop
      vertex 2.52454 9.70525 23
      vertex 2.56337 9.53868 24.2
      vertex 2.56337 9.53868 23
    endloop
  endfacet
  facet normal 0.956917 0.290361 0
    outer loop
      vertex 2.52454 9.70525 24.2
      vertex 2.47488 9.86891 23
      vertex 2.47488 9.86891 24.2
    endloop
  endfacet
  facet normal 0.956917 0.290361 0
    outer loop
      vertex 2.47488 9.86891 23
      vertex 2.52454 9.70525 24.2
      vertex 2.52454 9.70525 23
    endloop
  endfacet
  facet normal 0.935932 0.35218 0
    outer loop
      vertex 2.47488 9.86891 24.2
      vertex 2.41464 10.029 23
      vertex 2.41464 10.029 24.2
    endloop
  endfacet
  facet normal 0.935932 0.35218 0
    outer loop
      vertex 2.41464 10.029 23
      vertex 2.47488 9.86891 24.2
      vertex 2.47488 9.86891 23
    endloop
  endfacet
  facet normal 0.91089 0.412649 0
    outer loop
      vertex 2.41464 10.029 24.2
      vertex 2.34406 10.1848 23
      vertex 2.34406 10.1848 24.2
    endloop
  endfacet
  facet normal 0.91089 0.412649 0
    outer loop
      vertex 2.34406 10.1848 23
      vertex 2.41464 10.029 24.2
      vertex 2.41464 10.029 23
    endloop
  endfacet
  facet normal 0.881883 0.471468 0
    outer loop
      vertex 2.34406 10.1848 24.2
      vertex 2.26344 10.3356 23
      vertex 2.26344 10.3356 24.2
    endloop
  endfacet
  facet normal 0.881883 0.471468 0
    outer loop
      vertex 2.26344 10.3356 23
      vertex 2.34406 10.1848 24.2
      vertex 2.34406 10.1848 23
    endloop
  endfacet
  facet normal 0.849153 0.528147 0
    outer loop
      vertex 2.26344 10.3356 24.2
      vertex 2.17313 10.4808 23
      vertex 2.17313 10.4808 24.2
    endloop
  endfacet
  facet normal 0.849153 0.528147 0
    outer loop
      vertex 2.17313 10.4808 23
      vertex 2.26344 10.3356 24.2
      vertex 2.26344 10.3356 23
    endloop
  endfacet
  facet normal 0.812979 0.582294 0
    outer loop
      vertex 2.17313 10.4808 24.2
      vertex 2.0735 10.6199 23
      vertex 2.0735 10.6199 24.2
    endloop
  endfacet
  facet normal 0.812979 0.582294 0
    outer loop
      vertex 2.0735 10.6199 23
      vertex 2.17313 10.4808 24.2
      vertex 2.17313 10.4808 23
    endloop
  endfacet
  facet normal 0.772992 0.634415 0
    outer loop
      vertex 2.0735 10.6199 24.2
      vertex 1.965 10.7521 23
      vertex 1.965 10.7521 24.2
    endloop
  endfacet
  facet normal 0.772992 0.634415 0
    outer loop
      vertex 1.965 10.7521 23
      vertex 2.0735 10.6199 24.2
      vertex 2.0735 10.6199 23
    endloop
  endfacet
  facet normal 0.729771 0.683692 0
    outer loop
      vertex 1.965 10.7521 24.2
      vertex 1.84808 10.8769 23
      vertex 1.84808 10.8769 24.2
    endloop
  endfacet
  facet normal 0.729771 0.683692 0
    outer loop
      vertex 1.84808 10.8769 23
      vertex 1.965 10.7521 24.2
      vertex 1.965 10.7521 23
    endloop
  endfacet
  facet normal 0.683542 0.729911 -0
    outer loop
      vertex 1.84808 10.8769 23
      vertex 1.72325 10.9938 24.2
      vertex 1.84808 10.8769 24.2
    endloop
  endfacet
  facet normal 0.683542 0.729911 0
    outer loop
      vertex 1.72325 10.9938 24.2
      vertex 1.84808 10.8769 23
      vertex 1.72325 10.9938 23
    endloop
  endfacet
  facet normal 0.634415 0.772992 -0
    outer loop
      vertex 1.72325 10.9938 23
      vertex 1.59105 11.1023 24.2
      vertex 1.72325 10.9938 24.2
    endloop
  endfacet
  facet normal 0.634415 0.772992 0
    outer loop
      vertex 1.59105 11.1023 24.2
      vertex 1.72325 10.9938 23
      vertex 1.59105 11.1023 23
    endloop
  endfacet
  facet normal 0.582399 0.812903 -0
    outer loop
      vertex 1.59105 11.1023 23
      vertex 1.45203 11.2019 24.2
      vertex 1.59105 11.1023 24.2
    endloop
  endfacet
  facet normal 0.582399 0.812903 0
    outer loop
      vertex 1.45203 11.2019 24.2
      vertex 1.59105 11.1023 23
      vertex 1.45203 11.2019 23
    endloop
  endfacet
  facet normal 0.528 0.849244 -0
    outer loop
      vertex 1.45203 11.2019 23
      vertex 1.30679 11.2922 24.2
      vertex 1.45203 11.2019 24.2
    endloop
  endfacet
  facet normal 0.528 0.849244 0
    outer loop
      vertex 1.30679 11.2922 24.2
      vertex 1.45203 11.2019 23
      vertex 1.30679 11.2922 23
    endloop
  endfacet
  facet normal 0.471759 0.881728 -0
    outer loop
      vertex 1.30679 11.2922 23
      vertex 1.15596 11.3729 24.2
      vertex 1.30679 11.2922 24.2
    endloop
  endfacet
  facet normal 0.471759 0.881728 0
    outer loop
      vertex 1.15596 11.3729 24.2
      vertex 1.30679 11.2922 23
      vertex 1.15596 11.3729 23
    endloop
  endfacet
  facet normal 0.412768 0.910836 -0
    outer loop
      vertex 1.15596 11.3729 23
      vertex 1.00017 11.4435 24.2
      vertex 1.15596 11.3729 24.2
    endloop
  endfacet
  facet normal 0.412768 0.910836 0
    outer loop
      vertex 1.00017 11.4435 24.2
      vertex 1.15596 11.3729 23
      vertex 1.00017 11.4435 23
    endloop
  endfacet
  facet normal 0.35202 0.935993 -0
    outer loop
      vertex 1.00017 11.4435 23
      vertex 0.840103 11.5037 24.2
      vertex 1.00017 11.4435 24.2
    endloop
  endfacet
  facet normal 0.35202 0.935993 0
    outer loop
      vertex 0.840103 11.5037 24.2
      vertex 1.00017 11.4435 23
      vertex 0.840103 11.5037 23
    endloop
  endfacet
  facet normal 0.29003 0.957018 -0
    outer loop
      vertex 0.840103 11.5037 23
      vertex 0.676437 11.5533 24.2
      vertex 0.840103 11.5037 24.2
    endloop
  endfacet
  facet normal 0.29003 0.957018 0
    outer loop
      vertex 0.676437 11.5533 24.2
      vertex 0.840103 11.5037 23
      vertex 0.676437 11.5533 23
    endloop
  endfacet
  facet normal 0.227443 0.973791 -0
    outer loop
      vertex 0.676437 11.5533 23
      vertex 0.509888 11.5922 24.2
      vertex 0.676437 11.5533 24.2
    endloop
  endfacet
  facet normal 0.227443 0.973791 0
    outer loop
      vertex 0.509888 11.5922 24.2
      vertex 0.676437 11.5533 23
      vertex 0.509888 11.5922 23
    endloop
  endfacet
  facet normal 0.162553 0.9867 -0
    outer loop
      vertex 0.509888 11.5922 23
      vertex 0.341141 11.62 24.2
      vertex 0.509888 11.5922 24.2
    endloop
  endfacet
  facet normal 0.162553 0.9867 0
    outer loop
      vertex 0.341141 11.62 24.2
      vertex 0.509888 11.5922 23
      vertex 0.341141 11.62 23
    endloop
  endfacet
  facet normal 0.0982232 0.995164 -0
    outer loop
      vertex 0.341141 11.62 23
      vertex 0.170929 11.6368 24.2
      vertex 0.341141 11.62 24.2
    endloop
  endfacet
  facet normal 0.0982232 0.995164 0
    outer loop
      vertex 0.170929 11.6368 24.2
      vertex 0.341141 11.62 23
      vertex 0.170929 11.6368 23
    endloop
  endfacet
  facet normal 0.0327446 0.999464 -0
    outer loop
      vertex 0.170929 11.6368 23
      vertex 0 11.6424 24.2
      vertex 0.170929 11.6368 24.2
    endloop
  endfacet
  facet normal 0.0327446 0.999464 0
    outer loop
      vertex 0 11.6424 24.2
      vertex 0.170929 11.6368 23
      vertex 0 11.6424 23
    endloop
  endfacet
  facet normal -0.0327446 0.999464 0
    outer loop
      vertex 0 11.6424 23
      vertex -0.170929 11.6368 24.2
      vertex 0 11.6424 24.2
    endloop
  endfacet
  facet normal -0.0327446 0.999464 0
    outer loop
      vertex -0.170929 11.6368 24.2
      vertex 0 11.6424 23
      vertex -0.170929 11.6368 23
    endloop
  endfacet
  facet normal -0.0982232 0.995164 0
    outer loop
      vertex -0.170929 11.6368 23
      vertex -0.341141 11.62 24.2
      vertex -0.170929 11.6368 24.2
    endloop
  endfacet
  facet normal -0.0982232 0.995164 0
    outer loop
      vertex -0.341141 11.62 24.2
      vertex -0.170929 11.6368 23
      vertex -0.341141 11.62 23
    endloop
  endfacet
  facet normal -0.162553 0.9867 0
    outer loop
      vertex -0.341141 11.62 23
      vertex -0.509888 11.5922 24.2
      vertex -0.341141 11.62 24.2
    endloop
  endfacet
  facet normal -0.162553 0.9867 0
    outer loop
      vertex -0.509888 11.5922 24.2
      vertex -0.341141 11.62 23
      vertex -0.509888 11.5922 23
    endloop
  endfacet
  facet normal -0.227443 0.973791 0
    outer loop
      vertex -0.509888 11.5922 23
      vertex -0.676437 11.5533 24.2
      vertex -0.509888 11.5922 24.2
    endloop
  endfacet
  facet normal -0.227443 0.973791 0
    outer loop
      vertex -0.676437 11.5533 24.2
      vertex -0.509888 11.5922 23
      vertex -0.676437 11.5533 23
    endloop
  endfacet
  facet normal -0.29003 0.957018 0
    outer loop
      vertex -0.676437 11.5533 23
      vertex -0.840103 11.5037 24.2
      vertex -0.676437 11.5533 24.2
    endloop
  endfacet
  facet normal -0.29003 0.957018 0
    outer loop
      vertex -0.840103 11.5037 24.2
      vertex -0.676437 11.5533 23
      vertex -0.840103 11.5037 23
    endloop
  endfacet
  facet normal -0.35202 0.935993 0
    outer loop
      vertex -0.840103 11.5037 23
      vertex -1.00017 11.4435 24.2
      vertex -0.840103 11.5037 24.2
    endloop
  endfacet
  facet normal -0.35202 0.935993 0
    outer loop
      vertex -1.00017 11.4435 24.2
      vertex -0.840103 11.5037 23
      vertex -1.00017 11.4435 23
    endloop
  endfacet
  facet normal -0.412768 0.910836 0
    outer loop
      vertex -1.00017 11.4435 23
      vertex -1.15596 11.3729 24.2
      vertex -1.00017 11.4435 24.2
    endloop
  endfacet
  facet normal -0.412768 0.910836 0
    outer loop
      vertex -1.15596 11.3729 24.2
      vertex -1.00017 11.4435 23
      vertex -1.15596 11.3729 23
    endloop
  endfacet
  facet normal -0.471759 0.881728 0
    outer loop
      vertex -1.15596 11.3729 23
      vertex -1.30679 11.2922 24.2
      vertex -1.15596 11.3729 24.2
    endloop
  endfacet
  facet normal -0.471759 0.881728 0
    outer loop
      vertex -1.30679 11.2922 24.2
      vertex -1.15596 11.3729 23
      vertex -1.30679 11.2922 23
    endloop
  endfacet
  facet normal -0.528 0.849244 0
    outer loop
      vertex -1.30679 11.2922 23
      vertex -1.45203 11.2019 24.2
      vertex -1.30679 11.2922 24.2
    endloop
  endfacet
  facet normal -0.528 0.849244 0
    outer loop
      vertex -1.45203 11.2019 24.2
      vertex -1.30679 11.2922 23
      vertex -1.45203 11.2019 23
    endloop
  endfacet
  facet normal -0.582399 0.812903 0
    outer loop
      vertex -1.45203 11.2019 23
      vertex -1.59105 11.1023 24.2
      vertex -1.45203 11.2019 24.2
    endloop
  endfacet
  facet normal -0.582399 0.812903 0
    outer loop
      vertex -1.59105 11.1023 24.2
      vertex -1.45203 11.2019 23
      vertex -1.59105 11.1023 23
    endloop
  endfacet
  facet normal -0.634415 0.772992 0
    outer loop
      vertex -1.59105 11.1023 23
      vertex -1.72325 10.9938 24.2
      vertex -1.59105 11.1023 24.2
    endloop
  endfacet
  facet normal -0.634415 0.772992 0
    outer loop
      vertex -1.72325 10.9938 24.2
      vertex -1.59105 11.1023 23
      vertex -1.72325 10.9938 23
    endloop
  endfacet
  facet normal -0.683542 0.729911 0
    outer loop
      vertex -1.72325 10.9938 23
      vertex -1.84808 10.8769 24.2
      vertex -1.72325 10.9938 24.2
    endloop
  endfacet
  facet normal -0.683542 0.729911 0
    outer loop
      vertex -1.84808 10.8769 24.2
      vertex -1.72325 10.9938 23
      vertex -1.84808 10.8769 23
    endloop
  endfacet
  facet normal -0.729771 0.683692 0
    outer loop
      vertex -1.965 10.7521 23
      vertex -1.84808 10.8769 24.2
      vertex -1.84808 10.8769 23
    endloop
  endfacet
  facet normal -0.729771 0.683692 0
    outer loop
      vertex -1.84808 10.8769 24.2
      vertex -1.965 10.7521 23
      vertex -1.965 10.7521 24.2
    endloop
  endfacet
  facet normal -0.772992 0.634415 0
    outer loop
      vertex -2.0735 10.6199 23
      vertex -1.965 10.7521 24.2
      vertex -1.965 10.7521 23
    endloop
  endfacet
  facet normal -0.772992 0.634415 0
    outer loop
      vertex -1.965 10.7521 24.2
      vertex -2.0735 10.6199 23
      vertex -2.0735 10.6199 24.2
    endloop
  endfacet
  facet normal -0.812979 0.582294 0
    outer loop
      vertex -2.17313 10.4808 23
      vertex -2.0735 10.6199 24.2
      vertex -2.0735 10.6199 23
    endloop
  endfacet
  facet normal -0.812979 0.582294 0
    outer loop
      vertex -2.0735 10.6199 24.2
      vertex -2.17313 10.4808 23
      vertex -2.17313 10.4808 24.2
    endloop
  endfacet
  facet normal -0.849153 0.528147 0
    outer loop
      vertex -2.26344 10.3356 23
      vertex -2.17313 10.4808 24.2
      vertex -2.17313 10.4808 23
    endloop
  endfacet
  facet normal -0.849153 0.528147 0
    outer loop
      vertex -2.17313 10.4808 24.2
      vertex -2.26344 10.3356 23
      vertex -2.26344 10.3356 24.2
    endloop
  endfacet
  facet normal -0.881883 0.471468 0
    outer loop
      vertex -2.34406 10.1848 23
      vertex -2.26344 10.3356 24.2
      vertex -2.26344 10.3356 23
    endloop
  endfacet
  facet normal -0.881883 0.471468 0
    outer loop
      vertex -2.26344 10.3356 24.2
      vertex -2.34406 10.1848 23
      vertex -2.34406 10.1848 24.2
    endloop
  endfacet
  facet normal -0.91089 0.412649 0
    outer loop
      vertex -2.41464 10.029 23
      vertex -2.34406 10.1848 24.2
      vertex -2.34406 10.1848 23
    endloop
  endfacet
  facet normal -0.91089 0.412649 0
    outer loop
      vertex -2.34406 10.1848 24.2
      vertex -2.41464 10.029 23
      vertex -2.41464 10.029 24.2
    endloop
  endfacet
  facet normal -0.935932 0.35218 0
    outer loop
      vertex -2.47488 9.86891 23
      vertex -2.41464 10.029 24.2
      vertex -2.41464 10.029 23
    endloop
  endfacet
  facet normal -0.935932 0.35218 0
    outer loop
      vertex -2.41464 10.029 24.2
      vertex -2.47488 9.86891 23
      vertex -2.47488 9.86891 24.2
    endloop
  endfacet
  facet normal -0.956917 0.290361 0
    outer loop
      vertex -2.52454 9.70525 23
      vertex -2.47488 9.86891 24.2
      vertex -2.47488 9.86891 23
    endloop
  endfacet
  facet normal -0.956917 0.290361 0
    outer loop
      vertex -2.47488 9.86891 24.2
      vertex -2.52454 9.70525 23
      vertex -2.52454 9.70525 24.2
    endloop
  endfacet
  facet normal -0.973888 0.227028 0
    outer loop
      vertex -2.56337 9.53868 23
      vertex -2.52454 9.70525 24.2
      vertex -2.52454 9.70525 23
    endloop
  endfacet
  facet normal -0.973888 0.227028 0
    outer loop
      vertex -2.52454 9.70525 24.2
      vertex -2.56337 9.53868 23
      vertex -2.56337 9.53868 24.2
    endloop
  endfacet
  facet normal -0.986644 0.162891 0
    outer loop
      vertex -2.59123 9.36993 23
      vertex -2.56337 9.53868 24.2
      vertex -2.56337 9.53868 23
    endloop
  endfacet
  facet normal -0.986644 0.162891 0
    outer loop
      vertex -2.56337 9.53868 24.2
      vertex -2.59123 9.36993 23
      vertex -2.59123 9.36993 24.2
    endloop
  endfacet
  facet normal -0.99518 0.098062 0
    outer loop
      vertex -2.608 9.19974 23
      vertex -2.59123 9.36993 24.2
      vertex -2.59123 9.36993 23
    endloop
  endfacet
  facet normal -0.99518 0.098062 0
    outer loop
      vertex -2.59123 9.36993 24.2
      vertex -2.608 9.19974 23
      vertex -2.608 9.19974 24.2
    endloop
  endfacet
  facet normal -0.999466 0.0326822 0
    outer loop
      vertex -2.61359 9.02879 23
      vertex -2.608 9.19974 24.2
      vertex -2.608 9.19974 23
    endloop
  endfacet
  facet normal -0.999466 0.0326822 0
    outer loop
      vertex -2.608 9.19974 24.2
      vertex -2.61359 9.02879 23
      vertex -2.61359 9.02879 24.2
    endloop
  endfacet
  facet normal -0.999466 -0.0326841 0
    outer loop
      vertex -2.608 8.85785 23
      vertex -2.61359 9.02879 24.2
      vertex -2.61359 9.02879 23
    endloop
  endfacet
  facet normal -0.999466 -0.0326841 0
    outer loop
      vertex -2.61359 9.02879 24.2
      vertex -2.608 8.85785 23
      vertex -2.608 8.85785 24.2
    endloop
  endfacet
  facet normal -0.995181 -0.0980563 0
    outer loop
      vertex -2.59123 8.68765 23
      vertex -2.608 8.85785 24.2
      vertex -2.608 8.85785 23
    endloop
  endfacet
  facet normal -0.995181 -0.0980563 0
    outer loop
      vertex -2.608 8.85785 24.2
      vertex -2.59123 8.68765 23
      vertex -2.59123 8.68765 24.2
    endloop
  endfacet
  facet normal -0.986642 -0.162901 0
    outer loop
      vertex -2.56337 8.51891 23
      vertex -2.59123 8.68765 24.2
      vertex -2.59123 8.68765 23
    endloop
  endfacet
  facet normal -0.986642 -0.162901 0
    outer loop
      vertex -2.59123 8.68765 24.2
      vertex -2.56337 8.51891 23
      vertex -2.56337 8.51891 24.2
    endloop
  endfacet
  facet normal -0.973888 -0.227028 0
    outer loop
      vertex -2.52454 8.35234 23
      vertex -2.56337 8.51891 24.2
      vertex -2.56337 8.51891 23
    endloop
  endfacet
  facet normal -0.973888 -0.227028 0
    outer loop
      vertex -2.56337 8.51891 24.2
      vertex -2.52454 8.35234 23
      vertex -2.52454 8.35234 24.2
    endloop
  endfacet
  facet normal -0.956922 -0.290345 0
    outer loop
      vertex -2.47488 8.18867 23
      vertex -2.52454 8.35234 24.2
      vertex -2.52454 8.35234 23
    endloop
  endfacet
  facet normal -0.956922 -0.290345 0
    outer loop
      vertex -2.52454 8.35234 24.2
      vertex -2.47488 8.18867 23
      vertex -2.47488 8.18867 24.2
    endloop
  endfacet
  facet normal -0.93591 -0.352238 0
    outer loop
      vertex -2.41464 8.02861 23
      vertex -2.47488 8.18867 24.2
      vertex -2.47488 8.18867 23
    endloop
  endfacet
  facet normal -0.93591 -0.352238 0
    outer loop
      vertex -2.47488 8.18867 24.2
      vertex -2.41464 8.02861 23
      vertex -2.41464 8.02861 24.2
    endloop
  endfacet
  facet normal -0.91087 -0.412692 0
    outer loop
      vertex -2.34406 7.87283 23
      vertex -2.41464 8.02861 24.2
      vertex -2.41464 8.02861 23
    endloop
  endfacet
  facet normal -0.91087 -0.412692 0
    outer loop
      vertex -2.41464 8.02861 24.2
      vertex -2.34406 7.87283 23
      vertex -2.34406 7.87283 24.2
    endloop
  endfacet
  facet normal -0.881948 -0.471347 0
    outer loop
      vertex -2.26344 7.72198 23
      vertex -2.34406 7.87283 24.2
      vertex -2.34406 7.87283 23
    endloop
  endfacet
  facet normal -0.881948 -0.471347 0
    outer loop
      vertex -2.34406 7.87283 24.2
      vertex -2.26344 7.72198 23
      vertex -2.26344 7.72198 24.2
    endloop
  endfacet
  facet normal -0.849202 -0.528069 0
    outer loop
      vertex -2.17313 7.57675 23
      vertex -2.26344 7.72198 24.2
      vertex -2.26344 7.72198 23
    endloop
  endfacet
  facet normal -0.849202 -0.528069 0
    outer loop
      vertex -2.26344 7.72198 24.2
      vertex -2.17313 7.57675 23
      vertex -2.17313 7.57675 24.2
    endloop
  endfacet
  facet normal -0.81282 -0.582515 0
    outer loop
      vertex -2.0735 7.43773 23
      vertex -2.17313 7.57675 24.2
      vertex -2.17313 7.57675 23
    endloop
  endfacet
  facet normal -0.81282 -0.582515 0
    outer loop
      vertex -2.17313 7.57675 24.2
      vertex -2.0735 7.43773 23
      vertex -2.0735 7.43773 24.2
    endloop
  endfacet
  facet normal -0.772992 -0.634415 0
    outer loop
      vertex -1.965 7.30553 23
      vertex -2.0735 7.43773 24.2
      vertex -2.0735 7.43773 23
    endloop
  endfacet
  facet normal -0.772992 -0.634415 0
    outer loop
      vertex -2.0735 7.43773 24.2
      vertex -1.965 7.30553 23
      vertex -1.965 7.30553 24.2
    endloop
  endfacet
  facet normal -0.72988 -0.683575 0
    outer loop
      vertex -1.84808 7.18069 23
      vertex -1.965 7.30553 24.2
      vertex -1.965 7.30553 23
    endloop
  endfacet
  facet normal -0.72988 -0.683575 0
    outer loop
      vertex -1.965 7.30553 24.2
      vertex -1.84808 7.18069 23
      vertex -1.84808 7.18069 24.2
    endloop
  endfacet
  facet normal -0.683573 -0.729882 0
    outer loop
      vertex -1.84808 7.18069 23
      vertex -1.72325 7.06378 24.2
      vertex -1.84808 7.18069 24.2
    endloop
  endfacet
  facet normal -0.683573 -0.729882 -0
    outer loop
      vertex -1.72325 7.06378 24.2
      vertex -1.84808 7.18069 23
      vertex -1.72325 7.06378 23
    endloop
  endfacet
  facet normal -0.634415 -0.772992 0
    outer loop
      vertex -1.72325 7.06378 23
      vertex -1.59105 6.95528 24.2
      vertex -1.72325 7.06378 24.2
    endloop
  endfacet
  facet normal -0.634415 -0.772992 -0
    outer loop
      vertex -1.59105 6.95528 24.2
      vertex -1.72325 7.06378 23
      vertex -1.59105 6.95528 23
    endloop
  endfacet
  facet normal -0.582438 -0.812875 0
    outer loop
      vertex -1.59105 6.95528 23
      vertex -1.45203 6.85567 24.2
      vertex -1.59105 6.95528 24.2
    endloop
  endfacet
  facet normal -0.582438 -0.812875 -0
    outer loop
      vertex -1.45203 6.85567 24.2
      vertex -1.59105 6.95528 23
      vertex -1.45203 6.85567 23
    endloop
  endfacet
  facet normal -0.528085 -0.849192 0
    outer loop
      vertex -1.45203 6.85567 23
      vertex -1.30679 6.76535 24.2
      vertex -1.45203 6.85567 24.2
    endloop
  endfacet
  facet normal -0.528085 -0.849192 -0
    outer loop
      vertex -1.30679 6.76535 24.2
      vertex -1.45203 6.85567 23
      vertex -1.30679 6.76535 23
    endloop
  endfacet
  facet normal -0.471441 -0.881898 0
    outer loop
      vertex -1.30679 6.76535 23
      vertex -1.15596 6.68472 24.2
      vertex -1.30679 6.76535 24.2
    endloop
  endfacet
  facet normal -0.471441 -0.881898 -0
    outer loop
      vertex -1.15596 6.68472 24.2
      vertex -1.30679 6.76535 23
      vertex -1.15596 6.68472 23
    endloop
  endfacet
  facet normal -0.41267 -0.91088 0
    outer loop
      vertex -1.15596 6.68472 23
      vertex -1.00017 6.61414 24.2
      vertex -1.15596 6.68472 24.2
    endloop
  endfacet
  facet normal -0.41267 -0.91088 -0
    outer loop
      vertex -1.00017 6.61414 24.2
      vertex -1.15596 6.68472 23
      vertex -1.00017 6.61414 23
    endloop
  endfacet
  facet normal -0.352276 -0.935896 0
    outer loop
      vertex -1.00017 6.61414 23
      vertex -0.840103 6.55389 24.2
      vertex -1.00017 6.61414 24.2
    endloop
  endfacet
  facet normal -0.352276 -0.935896 -0
    outer loop
      vertex -0.840103 6.55389 24.2
      vertex -1.00017 6.61414 23
      vertex -0.840103 6.55389 23
    endloop
  endfacet
  facet normal -0.290298 -0.956936 0
    outer loop
      vertex -0.840103 6.55389 23
      vertex -0.676437 6.50424 24.2
      vertex -0.840103 6.55389 24.2
    endloop
  endfacet
  facet normal -0.290298 -0.956936 -0
    outer loop
      vertex -0.676437 6.50424 24.2
      vertex -0.840103 6.55389 23
      vertex -0.676437 6.50424 23
    endloop
  endfacet
  facet normal -0.227055 -0.973882 0
    outer loop
      vertex -0.676437 6.50424 23
      vertex -0.509888 6.46541 24.2
      vertex -0.676437 6.50424 24.2
    endloop
  endfacet
  facet normal -0.227055 -0.973882 -0
    outer loop
      vertex -0.509888 6.46541 24.2
      vertex -0.676437 6.50424 23
      vertex -0.509888 6.46541 23
    endloop
  endfacet
  facet normal -0.162894 -0.986644 0
    outer loop
      vertex -0.509888 6.46541 23
      vertex -0.341141 6.43755 24.2
      vertex -0.509888 6.46541 24.2
    endloop
  endfacet
  facet normal -0.162894 -0.986644 -0
    outer loop
      vertex -0.341141 6.43755 24.2
      vertex -0.509888 6.46541 23
      vertex -0.341141 6.43755 23
    endloop
  endfacet
  facet normal -0.0979916 -0.995187 0
    outer loop
      vertex -0.341141 6.43755 23
      vertex -0.170929 6.42079 24.2
      vertex -0.341141 6.43755 24.2
    endloop
  endfacet
  facet normal -0.0979916 -0.995187 -0
    outer loop
      vertex -0.170929 6.42079 24.2
      vertex -0.341141 6.43755 23
      vertex -0.170929 6.42079 23
    endloop
  endfacet
  facet normal -0.0327446 -0.999464 0
    outer loop
      vertex -0.170929 6.42079 23
      vertex 0 6.41519 24.2
      vertex -0.170929 6.42079 24.2
    endloop
  endfacet
  facet normal -0.0327446 -0.999464 -0
    outer loop
      vertex 0 6.41519 24.2
      vertex -0.170929 6.42079 23
      vertex 0 6.41519 23
    endloop
  endfacet
  facet normal 0.0327446 -0.999464 0
    outer loop
      vertex 0 6.41519 23
      vertex 0.170929 6.42079 24.2
      vertex 0 6.41519 24.2
    endloop
  endfacet
  facet normal 0.0327446 -0.999464 0
    outer loop
      vertex 0.170929 6.42079 24.2
      vertex 0 6.41519 23
      vertex 0.170929 6.42079 23
    endloop
  endfacet
  facet normal 0.110976 -0.993823 0
    outer loop
      vertex -8.38184 0.184509 23
      vertex -8.21185 0.203491 24.2
      vertex -8.38184 0.184509 24.2
    endloop
  endfacet
  facet normal 0.110976 -0.993823 0
    outer loop
      vertex -8.21185 0.203491 24.2
      vertex -8.38184 0.184509 23
      vertex -8.21185 0.203491 23
    endloop
  endfacet
  facet normal 0.175766 -0.984432 0
    outer loop
      vertex -8.21185 0.203491 23
      vertex -8.04349 0.233551 24.2
      vertex -8.21185 0.203491 24.2
    endloop
  endfacet
  facet normal 0.175766 -0.984432 0
    outer loop
      vertex -8.04349 0.233551 24.2
      vertex -8.21185 0.203491 23
      vertex -8.04349 0.233551 23
    endloop
  endfacet
  facet normal 0.23983 -0.970815 0
    outer loop
      vertex -8.04349 0.233551 23
      vertex -7.87746 0.274567 24.2
      vertex -8.04349 0.233551 24.2
    endloop
  endfacet
  facet normal 0.23983 -0.970815 0
    outer loop
      vertex -7.87746 0.274567 24.2
      vertex -8.04349 0.233551 23
      vertex -7.87746 0.274567 23
    endloop
  endfacet
  facet normal 0.302785 -0.953059 0
    outer loop
      vertex -7.87746 0.274567 23
      vertex -7.71445 0.326355 24.2
      vertex -7.87746 0.274567 24.2
    endloop
  endfacet
  facet normal 0.302785 -0.953059 0
    outer loop
      vertex -7.71445 0.326355 24.2
      vertex -7.87746 0.274567 23
      vertex -7.71445 0.326355 23
    endloop
  endfacet
  facet normal 0.364465 -0.931217 0
    outer loop
      vertex -7.71445 0.326355 23
      vertex -7.55519 0.388687 24.2
      vertex -7.71445 0.326355 24.2
    endloop
  endfacet
  facet normal 0.364465 -0.931217 0
    outer loop
      vertex -7.55519 0.388687 24.2
      vertex -7.71445 0.326355 23
      vertex -7.55519 0.388687 23
    endloop
  endfacet
  facet normal 0.424583 -0.905389 0
    outer loop
      vertex -7.55519 0.388687 23
      vertex -7.40034 0.461304 24.2
      vertex -7.55519 0.388687 24.2
    endloop
  endfacet
  facet normal 0.424583 -0.905389 0
    outer loop
      vertex -7.40034 0.461304 24.2
      vertex -7.55519 0.388687 23
      vertex -7.40034 0.461304 23
    endloop
  endfacet
  facet normal 0.482942 -0.875652 0
    outer loop
      vertex -7.40034 0.461304 23
      vertex -7.25058 0.5439 24.2
      vertex -7.40034 0.461304 24.2
    endloop
  endfacet
  facet normal 0.482942 -0.875652 0
    outer loop
      vertex -7.25058 0.5439 24.2
      vertex -7.40034 0.461304 23
      vertex -7.25058 0.5439 23
    endloop
  endfacet
  facet normal 0.539147 -0.842212 0
    outer loop
      vertex -7.25058 0.5439 23
      vertex -7.10654 0.636108 24.2
      vertex -7.25058 0.5439 24.2
    endloop
  endfacet
  facet normal 0.539147 -0.842212 0
    outer loop
      vertex -7.10654 0.636108 24.2
      vertex -7.25058 0.5439 23
      vertex -7.10654 0.636108 23
    endloop
  endfacet
  facet normal 0.59303 -0.80518 0
    outer loop
      vertex -7.10654 0.636108 23
      vertex -6.96883 0.737534 24.2
      vertex -7.10654 0.636108 24.2
    endloop
  endfacet
  facet normal 0.59303 -0.80518 0
    outer loop
      vertex -6.96883 0.737534 24.2
      vertex -7.10654 0.636108 23
      vertex -6.96883 0.737534 23
    endloop
  endfacet
  facet normal 0.644501 -0.764603 0
    outer loop
      vertex -6.96883 0.737534 23
      vertex -6.83806 0.847763 24.2
      vertex -6.96883 0.737534 24.2
    endloop
  endfacet
  facet normal 0.644501 -0.764603 0
    outer loop
      vertex -6.83806 0.847763 24.2
      vertex -6.96883 0.737534 23
      vertex -6.83806 0.847763 23
    endloop
  endfacet
  facet normal 0.693054 -0.720886 0
    outer loop
      vertex -6.83806 0.847763 23
      vertex -6.71477 0.966293 24.2
      vertex -6.83806 0.847763 24.2
    endloop
  endfacet
  facet normal 0.693054 -0.720886 0
    outer loop
      vertex -6.71477 0.966293 24.2
      vertex -6.83806 0.847763 23
      vertex -6.71477 0.966293 23
    endloop
  endfacet
  facet normal 0.738746 -0.673984 0
    outer loop
      vertex -6.71477 0.966293 24.2
      vertex -6.59949 1.09265 23
      vertex -6.59949 1.09265 24.2
    endloop
  endfacet
  facet normal 0.738746 -0.673984 0
    outer loop
      vertex -6.59949 1.09265 23
      vertex -6.71477 0.966293 24.2
      vertex -6.71477 0.966293 23
    endloop
  endfacet
  facet normal 0.781262 -0.624203 0
    outer loop
      vertex -6.59949 1.09265 24.2
      vertex -6.49274 1.22626 23
      vertex -6.49274 1.22626 24.2
    endloop
  endfacet
  facet normal 0.781262 -0.624203 0
    outer loop
      vertex -6.49274 1.22626 23
      vertex -6.59949 1.09265 24.2
      vertex -6.59949 1.09265 23
    endloop
  endfacet
  facet normal 0.820395 -0.571797 0
    outer loop
      vertex -6.49274 1.22626 24.2
      vertex -6.39494 1.36658 23
      vertex -6.39494 1.36658 24.2
    endloop
  endfacet
  facet normal 0.820395 -0.571797 0
    outer loop
      vertex -6.39494 1.36658 23
      vertex -6.49274 1.22626 24.2
      vertex -6.49274 1.22626 23
    endloop
  endfacet
  facet normal 0.856035 -0.516918 0
    outer loop
      vertex -6.39494 1.36658 24.2
      vertex -6.30653 1.51299 23
      vertex -6.30653 1.51299 24.2
    endloop
  endfacet
  facet normal 0.856035 -0.516918 0
    outer loop
      vertex -6.30653 1.51299 23
      vertex -6.39494 1.36658 24.2
      vertex -6.39494 1.36658 23
    endloop
  endfacet
  facet normal 0.888011 -0.459822 0
    outer loop
      vertex -6.30653 1.51299 24.2
      vertex -6.22789 1.66486 23
      vertex -6.22789 1.66486 24.2
    endloop
  endfacet
  facet normal 0.888011 -0.459822 0
    outer loop
      vertex -6.22789 1.66486 23
      vertex -6.30653 1.51299 24.2
      vertex -6.30653 1.51299 23
    endloop
  endfacet
  facet normal 0.916183 -0.400761 0
    outer loop
      vertex -6.22789 1.66486 24.2
      vertex -6.15935 1.82155 23
      vertex -6.15935 1.82155 24.2
    endloop
  endfacet
  facet normal 0.916183 -0.400761 0
    outer loop
      vertex -6.15935 1.82155 23
      vertex -6.22789 1.66486 24.2
      vertex -6.22789 1.66486 23
    endloop
  endfacet
  facet normal 0.940444 -0.339949 0
    outer loop
      vertex -6.15935 1.82155 24.2
      vertex -6.10121 1.98239 23
      vertex -6.10121 1.98239 24.2
    endloop
  endfacet
  facet normal 0.940444 -0.339949 0
    outer loop
      vertex -6.10121 1.98239 23
      vertex -6.15935 1.82155 24.2
      vertex -6.15935 1.82155 23
    endloop
  endfacet
  facet normal 0.960663 -0.277716 0
    outer loop
      vertex -6.10121 1.98239 24.2
      vertex -6.05371 2.1467 23
      vertex -6.05371 2.1467 24.2
    endloop
  endfacet
  facet normal 0.960663 -0.277716 0
    outer loop
      vertex -6.05371 2.1467 23
      vertex -6.10121 1.98239 24.2
      vertex -6.10121 1.98239 23
    endloop
  endfacet
  facet normal 0.976768 -0.214298 0
    outer loop
      vertex -6.05371 2.1467 24.2
      vertex -6.01706 2.31375 23
      vertex -6.01706 2.31375 24.2
    endloop
  endfacet
  facet normal 0.976768 -0.214298 0
    outer loop
      vertex -6.01706 2.31375 23
      vertex -6.05371 2.1467 24.2
      vertex -6.05371 2.1467 23
    endloop
  endfacet
  facet normal 0.988691 -0.14997 0
    outer loop
      vertex -6.01706 2.31375 24.2
      vertex -5.99141 2.48285 23
      vertex -5.99141 2.48285 24.2
    endloop
  endfacet
  facet normal 0.988691 -0.14997 0
    outer loop
      vertex -5.99141 2.48285 23
      vertex -6.01706 2.31375 24.2
      vertex -6.01706 2.31375 23
    endloop
  endfacet
  facet normal 0.99638 -0.0850147 0
    outer loop
      vertex -5.99141 2.48285 24.2
      vertex -5.97687 2.65326 23
      vertex -5.97687 2.65326 24.2
    endloop
  endfacet
  facet normal 0.99638 -0.0850147 0
    outer loop
      vertex -5.97687 2.65326 23
      vertex -5.99141 2.48285 24.2
      vertex -5.99141 2.48285 23
    endloop
  endfacet
  facet normal 0.999807 -0.0196465 0
    outer loop
      vertex -5.97687 2.65326 24.2
      vertex -5.97351 2.82425 23
      vertex -5.97351 2.82425 24.2
    endloop
  endfacet
  facet normal 0.999807 -0.0196465 0
    outer loop
      vertex -5.97351 2.82425 23
      vertex -5.97687 2.65326 24.2
      vertex -5.97687 2.65326 23
    endloop
  endfacet
  facet normal 0.998949 0.04584 0
    outer loop
      vertex -5.97351 2.82425 24.2
      vertex -5.98135 2.9951 23
      vertex -5.98135 2.9951 24.2
    endloop
  endfacet
  facet normal 0.998949 0.04584 0
    outer loop
      vertex -5.98135 2.9951 23
      vertex -5.97351 2.82425 24.2
      vertex -5.97351 2.82425 23
    endloop
  endfacet
  facet normal 0.993817 0.111028 0
    outer loop
      vertex -5.98135 2.9951 24.2
      vertex -6.00034 3.16508 23
      vertex -6.00034 3.16508 24.2
    endloop
  endfacet
  facet normal 0.993817 0.111028 0
    outer loop
      vertex -6.00034 3.16508 23
      vertex -5.98135 2.9951 24.2
      vertex -5.98135 2.9951 23
    endloop
  endfacet
  facet normal 0.984424 0.175813 0
    outer loop
      vertex -6.00034 3.16508 24.2
      vertex -6.03041 3.33345 23
      vertex -6.03041 3.33345 24.2
    endloop
  endfacet
  facet normal 0.984424 0.175813 0
    outer loop
      vertex -6.03041 3.33345 23
      vertex -6.00034 3.16508 24.2
      vertex -6.00034 3.16508 23
    endloop
  endfacet
  facet normal 0.970837 0.239742 0
    outer loop
      vertex -6.03041 3.33345 24.2
      vertex -6.07141 3.49948 23
      vertex -6.07141 3.49948 24.2
    endloop
  endfacet
  facet normal 0.970837 0.239742 0
    outer loop
      vertex -6.07141 3.49948 23
      vertex -6.03041 3.33345 24.2
      vertex -6.03041 3.33345 23
    endloop
  endfacet
  facet normal 0.95305 0.302813 0
    outer loop
      vertex -6.07141 3.49948 24.2
      vertex -6.1232 3.66248 23
      vertex -6.1232 3.66248 24.2
    endloop
  endfacet
  facet normal 0.95305 0.302813 0
    outer loop
      vertex -6.1232 3.66248 23
      vertex -6.07141 3.49948 24.2
      vertex -6.07141 3.49948 23
    endloop
  endfacet
  facet normal 0.931229 0.364435 0
    outer loop
      vertex -6.1232 3.66248 24.2
      vertex -6.18553 3.82175 23
      vertex -6.18553 3.82175 24.2
    endloop
  endfacet
  facet normal 0.931229 0.364435 0
    outer loop
      vertex -6.18553 3.82175 23
      vertex -6.1232 3.66248 24.2
      vertex -6.1232 3.66248 23
    endloop
  endfacet
  facet normal 0.905349 0.424668 0
    outer loop
      vertex -6.18553 3.82175 24.2
      vertex -6.25816 3.97659 23
      vertex -6.25816 3.97659 24.2
    endloop
  endfacet
  facet normal 0.905349 0.424668 0
    outer loop
      vertex -6.25816 3.97659 23
      vertex -6.18553 3.82175 24.2
      vertex -6.18553 3.82175 23
    endloop
  endfacet
  facet normal 0.875706 0.482845 0
    outer loop
      vertex -6.25816 3.97659 24.2
      vertex -6.34074 4.12636 23
      vertex -6.34074 4.12636 24.2
    endloop
  endfacet
  facet normal 0.875706 0.482845 0
    outer loop
      vertex -6.34074 4.12636 23
      vertex -6.25816 3.97659 24.2
      vertex -6.25816 3.97659 23
    endloop
  endfacet
  facet normal 0.842207 0.539155 0
    outer loop
      vertex -6.34074 4.12636 24.2
      vertex -6.43295 4.2704 23
      vertex -6.43295 4.2704 24.2
    endloop
  endfacet
  facet normal 0.842207 0.539155 0
    outer loop
      vertex -6.43295 4.2704 23
      vertex -6.34074 4.12636 24.2
      vertex -6.34074 4.12636 23
    endloop
  endfacet
  facet normal 0.805141 0.593083 0
    outer loop
      vertex -6.43295 4.2704 24.2
      vertex -6.53439 4.40811 23
      vertex -6.53439 4.40811 24.2
    endloop
  endfacet
  facet normal 0.805141 0.593083 0
    outer loop
      vertex -6.53439 4.40811 23
      vertex -6.43295 4.2704 24.2
      vertex -6.43295 4.2704 23
    endloop
  endfacet
  facet normal 0.764629 0.644471 0
    outer loop
      vertex -6.53439 4.40811 24.2
      vertex -6.64461 4.53888 23
      vertex -6.64461 4.53888 24.2
    endloop
  endfacet
  facet normal 0.764629 0.644471 0
    outer loop
      vertex -6.64461 4.53888 23
      vertex -6.53439 4.40811 24.2
      vertex -6.53439 4.40811 23
    endloop
  endfacet
  facet normal 0.720857 0.693084 0
    outer loop
      vertex -6.64461 4.53888 24.2
      vertex -6.76315 4.66217 23
      vertex -6.76315 4.66217 24.2
    endloop
  endfacet
  facet normal 0.720857 0.693084 0
    outer loop
      vertex -6.76315 4.66217 23
      vertex -6.64461 4.53888 24.2
      vertex -6.64461 4.53888 23
    endloop
  endfacet
  facet normal 0.673973 0.738756 -0
    outer loop
      vertex -6.76315 4.66217 23
      vertex -6.8895 4.77744 24.2
      vertex -6.76315 4.66217 24.2
    endloop
  endfacet
  facet normal 0.673973 0.738756 0
    outer loop
      vertex -6.8895 4.77744 24.2
      vertex -6.76315 4.66217 23
      vertex -6.8895 4.77744 23
    endloop
  endfacet
  facet normal 0.62421 0.781257 -0
    outer loop
      vertex -6.8895 4.77744 23
      vertex -7.02312 4.8842 24.2
      vertex -6.8895 4.77744 24.2
    endloop
  endfacet
  facet normal 0.62421 0.781257 0
    outer loop
      vertex -7.02312 4.8842 24.2
      vertex -6.8895 4.77744 23
      vertex -7.02312 4.8842 23
    endloop
  endfacet
  facet normal 0.571813 0.820384 -0
    outer loop
      vertex -7.02312 4.8842 23
      vertex -7.16342 4.98199 24.2
      vertex -7.02312 4.8842 24.2
    endloop
  endfacet
  facet normal 0.571813 0.820384 0
    outer loop
      vertex -7.16342 4.98199 24.2
      vertex -7.02312 4.8842 23
      vertex -7.16342 4.98199 23
    endloop
  endfacet
  facet normal 0.516918 0.856035 -0
    outer loop
      vertex -7.16342 4.98199 23
      vertex -7.30983 5.0704 24.2
      vertex -7.16342 4.98199 24.2
    endloop
  endfacet
  facet normal 0.516918 0.856035 0
    outer loop
      vertex -7.30983 5.0704 24.2
      vertex -7.16342 4.98199 23
      vertex -7.30983 5.0704 23
    endloop
  endfacet
  facet normal 0.459868 0.887987 -0
    outer loop
      vertex -7.30983 5.0704 23
      vertex -7.4617 5.14905 24.2
      vertex -7.30983 5.0704 24.2
    endloop
  endfacet
  facet normal 0.459868 0.887987 0
    outer loop
      vertex -7.4617 5.14905 24.2
      vertex -7.30983 5.0704 23
      vertex -7.4617 5.14905 23
    endloop
  endfacet
  facet normal 0.400669 0.916223 -0
    outer loop
      vertex -7.4617 5.14905 23
      vertex -7.61841 5.21758 24.2
      vertex -7.4617 5.14905 24.2
    endloop
  endfacet
  facet normal 0.400669 0.916223 0
    outer loop
      vertex -7.61841 5.21758 24.2
      vertex -7.4617 5.14905 23
      vertex -7.61841 5.21758 23
    endloop
  endfacet
  facet normal 0.340001 0.940425 -0
    outer loop
      vertex -7.61841 5.21758 23
      vertex -7.77925 5.27573 24.2
      vertex -7.61841 5.21758 24.2
    endloop
  endfacet
  facet normal 0.340001 0.940425 0
    outer loop
      vertex -7.77925 5.27573 24.2
      vertex -7.61841 5.21758 23
      vertex -7.77925 5.27573 23
    endloop
  endfacet
  facet normal 0.277747 0.960654 -0
    outer loop
      vertex -7.77925 5.27573 23
      vertex -7.94354 5.32323 24.2
      vertex -7.77925 5.27573 24.2
    endloop
  endfacet
  facet normal 0.277747 0.960654 0
    outer loop
      vertex -7.94354 5.32323 24.2
      vertex -7.77925 5.27573 23
      vertex -7.94354 5.32323 23
    endloop
  endfacet
  facet normal 0.214286 0.976771 -0
    outer loop
      vertex -7.94354 5.32323 23
      vertex -8.1106 5.35988 24.2
      vertex -7.94354 5.32323 24.2
    endloop
  endfacet
  facet normal 0.214286 0.976771 0
    outer loop
      vertex -8.1106 5.35988 24.2
      vertex -7.94354 5.32323 23
      vertex -8.1106 5.35988 23
    endloop
  endfacet
  facet normal 0.149979 0.988689 -0
    outer loop
      vertex -8.1106 5.35988 23
      vertex -8.27969 5.38553 24.2
      vertex -8.1106 5.35988 24.2
    endloop
  endfacet
  facet normal 0.149979 0.988689 0
    outer loop
      vertex -8.27969 5.38553 24.2
      vertex -8.1106 5.35988 23
      vertex -8.27969 5.38553 23
    endloop
  endfacet
  facet normal 0.0850147 0.99638 -0
    outer loop
      vertex -8.27969 5.38553 23
      vertex -8.4501 5.40007 24.2
      vertex -8.27969 5.38553 24.2
    endloop
  endfacet
  facet normal 0.0850147 0.99638 0
    outer loop
      vertex -8.4501 5.40007 24.2
      vertex -8.27969 5.38553 23
      vertex -8.4501 5.40007 23
    endloop
  endfacet
  facet normal 0.0196442 0.999807 -0
    outer loop
      vertex -8.4501 5.40007 23
      vertex -8.62111 5.40343 24.2
      vertex -8.4501 5.40007 24.2
    endloop
  endfacet
  facet normal 0.0196442 0.999807 0
    outer loop
      vertex -8.62111 5.40343 24.2
      vertex -8.4501 5.40007 23
      vertex -8.62111 5.40343 23
    endloop
  endfacet
  facet normal -0.045901 0.998946 0
    outer loop
      vertex -8.62111 5.40343 23
      vertex -8.79195 5.39558 24.2
      vertex -8.62111 5.40343 24.2
    endloop
  endfacet
  facet normal -0.045901 0.998946 0
    outer loop
      vertex -8.79195 5.39558 24.2
      vertex -8.62111 5.40343 23
      vertex -8.79195 5.39558 23
    endloop
  endfacet
  facet normal -0.110971 0.993824 0
    outer loop
      vertex -8.79195 5.39558 23
      vertex -8.96193 5.3766 24.2
      vertex -8.79195 5.39558 24.2
    endloop
  endfacet
  facet normal -0.110971 0.993824 0
    outer loop
      vertex -8.96193 5.3766 24.2
      vertex -8.79195 5.39558 23
      vertex -8.96193 5.3766 23
    endloop
  endfacet
  facet normal -0.175823 0.984422 0
    outer loop
      vertex -8.96193 5.3766 23
      vertex -9.13029 5.34653 24.2
      vertex -8.96193 5.3766 24.2
    endloop
  endfacet
  facet normal -0.175823 0.984422 0
    outer loop
      vertex -9.13029 5.34653 24.2
      vertex -8.96193 5.3766 23
      vertex -9.13029 5.34653 23
    endloop
  endfacet
  facet normal -0.239838 0.970813 0
    outer loop
      vertex -9.13029 5.34653 23
      vertex -9.29633 5.30551 24.2
      vertex -9.13029 5.34653 24.2
    endloop
  endfacet
  facet normal -0.239838 0.970813 0
    outer loop
      vertex -9.29633 5.30551 24.2
      vertex -9.13029 5.34653 23
      vertex -9.29633 5.30551 23
    endloop
  endfacet
  facet normal -0.30269 0.953089 0
    outer loop
      vertex -9.29633 5.30551 23
      vertex -9.45934 5.25374 24.2
      vertex -9.29633 5.30551 24.2
    endloop
  endfacet
  facet normal -0.30269 0.953089 0
    outer loop
      vertex -9.45934 5.25374 24.2
      vertex -9.29633 5.30551 23
      vertex -9.45934 5.25374 23
    endloop
  endfacet
  facet normal -0.364576 0.931174 0
    outer loop
      vertex -9.45934 5.25374 23
      vertex -9.61859 5.19139 24.2
      vertex -9.45934 5.25374 24.2
    endloop
  endfacet
  facet normal -0.364576 0.931174 0
    outer loop
      vertex -9.61859 5.19139 24.2
      vertex -9.45934 5.25374 23
      vertex -9.61859 5.19139 23
    endloop
  endfacet
  facet normal -0.424597 0.905382 0
    outer loop
      vertex -9.61859 5.19139 23
      vertex -9.77344 5.11877 24.2
      vertex -9.61859 5.19139 24.2
    endloop
  endfacet
  facet normal -0.424597 0.905382 0
    outer loop
      vertex -9.77344 5.11877 24.2
      vertex -9.61859 5.19139 23
      vertex -9.77344 5.11877 23
    endloop
  endfacet
  facet normal -0.48287 0.875692 0
    outer loop
      vertex -9.77344 5.11877 23
      vertex -9.9232 5.03619 24.2
      vertex -9.77344 5.11877 24.2
    endloop
  endfacet
  facet normal -0.48287 0.875692 0
    outer loop
      vertex -9.9232 5.03619 24.2
      vertex -9.77344 5.11877 23
      vertex -9.9232 5.03619 23
    endloop
  endfacet
  facet normal -0.539261 0.842139 0
    outer loop
      vertex -9.9232 5.03619 23
      vertex -10.0672 4.94398 24.2
      vertex -9.9232 5.03619 24.2
    endloop
  endfacet
  facet normal -0.539261 0.842139 0
    outer loop
      vertex -10.0672 4.94398 24.2
      vertex -9.9232 5.03619 23
      vertex -10.0672 4.94398 23
    endloop
  endfacet
  facet normal -0.592832 0.805326 0
    outer loop
      vertex -10.0672 4.94398 23
      vertex -10.205 4.84254 24.2
      vertex -10.0672 4.94398 24.2
    endloop
  endfacet
  facet normal -0.592832 0.805326 0
    outer loop
      vertex -10.205 4.84254 24.2
      vertex -10.0672 4.94398 23
      vertex -10.205 4.84254 23
    endloop
  endfacet
  facet normal -0.644638 0.764488 0
    outer loop
      vertex -10.205 4.84254 23
      vertex -10.3357 4.73233 24.2
      vertex -10.205 4.84254 24.2
    endloop
  endfacet
  facet normal -0.644638 0.764488 0
    outer loop
      vertex -10.3357 4.73233 24.2
      vertex -10.205 4.84254 23
      vertex -10.3357 4.73233 23
    endloop
  endfacet
  facet normal -0.693085 0.720856 0
    outer loop
      vertex -10.3357 4.73233 23
      vertex -10.459 4.61378 24.2
      vertex -10.3357 4.73233 24.2
    endloop
  endfacet
  facet normal -0.693085 0.720856 0
    outer loop
      vertex -10.459 4.61378 24.2
      vertex -10.3357 4.73233 23
      vertex -10.459 4.61378 23
    endloop
  endfacet
  facet normal -0.738642 0.674097 0
    outer loop
      vertex -10.5743 4.48744 23
      vertex -10.459 4.61378 24.2
      vertex -10.459 4.61378 23
    endloop
  endfacet
  facet normal -0.738642 0.674097 0
    outer loop
      vertex -10.459 4.61378 24.2
      vertex -10.5743 4.48744 23
      vertex -10.5743 4.48744 24.2
    endloop
  endfacet
  facet normal -0.781428 0.623996 0
    outer loop
      vertex -10.681 4.35382 23
      vertex -10.5743 4.48744 24.2
      vertex -10.5743 4.48744 23
    endloop
  endfacet
  facet normal -0.781428 0.623996 0
    outer loop
      vertex -10.5743 4.48744 24.2
      vertex -10.681 4.35382 23
      vertex -10.681 4.35382 24.2
    endloop
  endfacet
  facet normal -0.820357 0.571852 0
    outer loop
      vertex -10.7788 4.21352 23
      vertex -10.681 4.35382 24.2
      vertex -10.681 4.35382 23
    endloop
  endfacet
  facet normal -0.820357 0.571852 0
    outer loop
      vertex -10.681 4.35382 24.2
      vertex -10.7788 4.21352 23
      vertex -10.7788 4.21352 24.2
    endloop
  endfacet
  facet normal -0.856061 0.516876 0
    outer loop
      vertex -10.8672 4.06711 23
      vertex -10.7788 4.21352 24.2
      vertex -10.7788 4.21352 23
    endloop
  endfacet
  facet normal -0.856061 0.516876 0
    outer loop
      vertex -10.7788 4.21352 24.2
      vertex -10.8672 4.06711 23
      vertex -10.8672 4.06711 24.2
    endloop
  endfacet
  facet normal -0.887893 0.460051 0
    outer loop
      vertex -10.9459 3.91522 23
      vertex -10.8672 4.06711 24.2
      vertex -10.8672 4.06711 23
    endloop
  endfacet
  facet normal -0.887893 0.460051 0
    outer loop
      vertex -10.8672 4.06711 24.2
      vertex -10.9459 3.91522 23
      vertex -10.9459 3.91522 24.2
    endloop
  endfacet
  facet normal -0.916269 0.400564 0
    outer loop
      vertex -11.0144 3.75853 23
      vertex -10.9459 3.91522 24.2
      vertex -10.9459 3.91522 23
    endloop
  endfacet
  facet normal -0.916269 0.400564 0
    outer loop
      vertex -10.9459 3.91522 24.2
      vertex -11.0144 3.75853 23
      vertex -11.0144 3.75853 24.2
    endloop
  endfacet
  facet normal -0.940332 0.340259 0
    outer loop
      vertex -11.0726 3.59769 23
      vertex -11.0144 3.75853 24.2
      vertex -11.0144 3.75853 23
    endloop
  endfacet
  facet normal -0.940332 0.340259 0
    outer loop
      vertex -11.0144 3.75853 24.2
      vertex -11.0726 3.59769 23
      vertex -11.0726 3.59769 24.2
    endloop
  endfacet
  facet normal -0.960654 0.277747 0
    outer loop
      vertex -11.1201 3.4334 23
      vertex -11.0726 3.59769 24.2
      vertex -11.0726 3.59769 23
    endloop
  endfacet
  facet normal -0.960654 0.277747 0
    outer loop
      vertex -11.0726 3.59769 24.2
      vertex -11.1201 3.4334 23
      vertex -11.1201 3.4334 24.2
    endloop
  endfacet
  facet normal -0.976832 0.214007 0
    outer loop
      vertex -11.1567 3.26634 23
      vertex -11.1201 3.4334 24.2
      vertex -11.1201 3.4334 23
    endloop
  endfacet
  facet normal -0.976832 0.214007 0
    outer loop
      vertex -11.1201 3.4334 24.2
      vertex -11.1567 3.26634 23
      vertex -11.1567 3.26634 24.2
    endloop
  endfacet
  facet normal -0.988647 0.150256 0
    outer loop
      vertex -11.1824 3.09724 23
      vertex -11.1567 3.26634 24.2
      vertex -11.1567 3.26634 23
    endloop
  endfacet
  facet normal -0.988647 0.150256 0
    outer loop
      vertex -11.1567 3.26634 24.2
      vertex -11.1824 3.09724 23
      vertex -11.1824 3.09724 24.2
    endloop
  endfacet
  facet normal -0.996399 0.0847825 0
    outer loop
      vertex -11.1969 2.92683 23
      vertex -11.1824 3.09724 24.2
      vertex -11.1824 3.09724 23
    endloop
  endfacet
  facet normal -0.996399 0.0847825 0
    outer loop
      vertex -11.1824 3.09724 24.2
      vertex -11.1969 2.92683 23
      vertex -11.1969 2.92683 24.2
    endloop
  endfacet
  facet normal -0.999802 0.0198791 0
    outer loop
      vertex -11.2003 2.75583 23
      vertex -11.1969 2.92683 24.2
      vertex -11.1969 2.92683 23
    endloop
  endfacet
  facet normal -0.999802 0.0198791 0
    outer loop
      vertex -11.1969 2.92683 24.2
      vertex -11.2003 2.75583 23
      vertex -11.2003 2.75583 24.2
    endloop
  endfacet
  facet normal -0.998933 -0.0461927 0
    outer loop
      vertex -11.1924 2.58499 23
      vertex -11.2003 2.75583 24.2
      vertex -11.2003 2.75583 23
    endloop
  endfacet
  facet normal -0.998933 -0.0461927 0
    outer loop
      vertex -11.2003 2.75583 24.2
      vertex -11.1924 2.58499 23
      vertex -11.1924 2.58499 24.2
    endloop
  endfacet
  facet normal -0.993811 -0.111086 0
    outer loop
      vertex -11.1734 2.41501 23
      vertex -11.1924 2.58499 24.2
      vertex -11.1924 2.58499 23
    endloop
  endfacet
  facet normal -0.993811 -0.111086 0
    outer loop
      vertex -11.1924 2.58499 24.2
      vertex -11.1734 2.41501 23
      vertex -11.1734 2.41501 24.2
    endloop
  endfacet
  facet normal -0.984494 -0.175416 0
    outer loop
      vertex -11.1434 2.24664 23
      vertex -11.1734 2.41501 24.2
      vertex -11.1734 2.41501 23
    endloop
  endfacet
  facet normal -0.984494 -0.175416 0
    outer loop
      vertex -11.1734 2.41501 24.2
      vertex -11.1434 2.24664 23
      vertex -11.1434 2.24664 24.2
    endloop
  endfacet
  facet normal -0.970837 -0.239742 0
    outer loop
      vertex -11.1024 2.08061 23
      vertex -11.1434 2.24664 24.2
      vertex -11.1434 2.24664 23
    endloop
  endfacet
  facet normal -0.970837 -0.239742 0
    outer loop
      vertex -11.1434 2.24664 24.2
      vertex -11.1024 2.08061 23
      vertex -11.1024 2.08061 24.2
    endloop
  endfacet
  facet normal -0.953039 -0.302849 0
    outer loop
      vertex -11.0506 1.9176 23
      vertex -11.1024 2.08061 24.2
      vertex -11.1024 2.08061 23
    endloop
  endfacet
  facet normal -0.953039 -0.302849 0
    outer loop
      vertex -11.1024 2.08061 24.2
      vertex -11.0506 1.9176 23
      vertex -11.0506 1.9176 24.2
    endloop
  endfacet
  facet normal -0.931273 -0.364322 0
    outer loop
      vertex -10.9883 1.75835 23
      vertex -11.0506 1.9176 24.2
      vertex -11.0506 1.9176 23
    endloop
  endfacet
  facet normal -0.931273 -0.364322 0
    outer loop
      vertex -11.0506 1.9176 24.2
      vertex -10.9883 1.75835 23
      vertex -10.9883 1.75835 24.2
    endloop
  endfacet
  facet normal -0.905203 -0.42498 0
    outer loop
      vertex -10.9156 1.6035 23
      vertex -10.9883 1.75835 24.2
      vertex -10.9883 1.75835 23
    endloop
  endfacet
  facet normal -0.905203 -0.42498 0
    outer loop
      vertex -10.9883 1.75835 24.2
      vertex -10.9156 1.6035 23
      vertex -10.9156 1.6035 24.2
    endloop
  endfacet
  facet normal -0.875642 -0.48296 0
    outer loop
      vertex -10.833 1.45374 23
      vertex -10.9156 1.6035 24.2
      vertex -10.9156 1.6035 23
    endloop
  endfacet
  facet normal -0.875642 -0.48296 0
    outer loop
      vertex -10.9156 1.6035 24.2
      vertex -10.833 1.45374 23
      vertex -10.833 1.45374 24.2
    endloop
  endfacet
  facet normal -0.84225 -0.539087 0
    outer loop
      vertex -10.7408 1.30969 23
      vertex -10.833 1.45374 24.2
      vertex -10.833 1.45374 23
    endloop
  endfacet
  facet normal -0.84225 -0.539087 0
    outer loop
      vertex -10.833 1.45374 24.2
      vertex -10.7408 1.30969 23
      vertex -10.7408 1.30969 24.2
    endloop
  endfacet
  facet normal -0.805253 -0.592932 0
    outer loop
      vertex -10.6394 1.17198 23
      vertex -10.7408 1.30969 24.2
      vertex -10.7408 1.30969 23
    endloop
  endfacet
  facet normal -0.805253 -0.592932 0
    outer loop
      vertex -10.7408 1.30969 24.2
      vertex -10.6394 1.17198 23
      vertex -10.6394 1.17198 24.2
    endloop
  endfacet
  facet normal -0.764711 -0.644373 0
    outer loop
      vertex -10.5292 1.0412 23
      vertex -10.6394 1.17198 24.2
      vertex -10.6394 1.17198 23
    endloop
  endfacet
  facet normal -0.764711 -0.644373 0
    outer loop
      vertex -10.6394 1.17198 24.2
      vertex -10.5292 1.0412 23
      vertex -10.5292 1.0412 24.2
    endloop
  endfacet
  facet normal -0.720645 -0.693304 0
    outer loop
      vertex -10.4106 0.917923 23
      vertex -10.5292 1.0412 24.2
      vertex -10.5292 1.0412 23
    endloop
  endfacet
  facet normal -0.720645 -0.693304 0
    outer loop
      vertex -10.5292 1.0412 24.2
      vertex -10.4106 0.917923 23
      vertex -10.4106 0.917923 24.2
    endloop
  endfacet
  facet normal -0.67415 -0.738594 0
    outer loop
      vertex -10.4106 0.917923 23
      vertex -10.2843 0.802643 24.2
      vertex -10.4106 0.917923 24.2
    endloop
  endfacet
  facet normal -0.67415 -0.738594 -0
    outer loop
      vertex -10.2843 0.802643 24.2
      vertex -10.4106 0.917923 23
      vertex -10.2843 0.802643 23
    endloop
  endfacet
  facet normal -0.624235 -0.781237 0
    outer loop
      vertex -10.2843 0.802643 23
      vertex -10.1507 0.695892 24.2
      vertex -10.2843 0.802643 24.2
    endloop
  endfacet
  facet normal -0.624235 -0.781237 -0
    outer loop
      vertex -10.1507 0.695892 24.2
      vertex -10.2843 0.802643 23
      vertex -10.1507 0.695892 23
    endloop
  endfacet
  facet normal -0.571825 -0.820376 0
    outer loop
      vertex -10.1507 0.695892 23
      vertex -10.0104 0.598099 24.2
      vertex -10.1507 0.695892 24.2
    endloop
  endfacet
  facet normal -0.571825 -0.820376 -0
    outer loop
      vertex -10.0104 0.598099 24.2
      vertex -10.1507 0.695892 23
      vertex -10.0104 0.598099 23
    endloop
  endfacet
  facet normal -0.516815 -0.856097 0
    outer loop
      vertex -10.0104 0.598099 23
      vertex -9.86395 0.509689 24.2
      vertex -10.0104 0.598099 24.2
    endloop
  endfacet
  facet normal -0.516815 -0.856097 -0
    outer loop
      vertex -9.86395 0.509689 24.2
      vertex -10.0104 0.598099 23
      vertex -9.86395 0.509689 23
    endloop
  endfacet
  facet normal -0.459836 -0.888004 0
    outer loop
      vertex -9.86395 0.509689 23
      vertex -9.71208 0.431046 24.2
      vertex -9.86395 0.509689 24.2
    endloop
  endfacet
  facet normal -0.459836 -0.888004 -0
    outer loop
      vertex -9.71208 0.431046 24.2
      vertex -9.86395 0.509689 23
      vertex -9.71208 0.431046 23
    endloop
  endfacet
  facet normal -0.400732 -0.916195 0
    outer loop
      vertex -9.71208 0.431046 23
      vertex -9.55537 0.362503 24.2
      vertex -9.71208 0.431046 24.2
    endloop
  endfacet
  facet normal -0.400732 -0.916195 -0
    outer loop
      vertex -9.55537 0.362503 24.2
      vertex -9.71208 0.431046 23
      vertex -9.55537 0.362503 23
    endloop
  endfacet
  facet normal -0.339928 -0.940451 0
    outer loop
      vertex -9.55537 0.362503 23
      vertex -9.39453 0.304367 24.2
      vertex -9.55537 0.362503 24.2
    endloop
  endfacet
  facet normal -0.339928 -0.940451 -0
    outer loop
      vertex -9.39453 0.304367 24.2
      vertex -9.55537 0.362503 23
      vertex -9.39453 0.304367 23
    endloop
  endfacet
  facet normal -0.277753 -0.960653 0
    outer loop
      vertex -9.39453 0.304367 23
      vertex -9.23024 0.256866 24.2
      vertex -9.39453 0.304367 24.2
    endloop
  endfacet
  facet normal -0.277753 -0.960653 -0
    outer loop
      vertex -9.23024 0.256866 24.2
      vertex -9.39453 0.304367 23
      vertex -9.23024 0.256866 23
    endloop
  endfacet
  facet normal -0.214304 -0.976767 0
    outer loop
      vertex -9.23024 0.256866 23
      vertex -9.06319 0.220215 24.2
      vertex -9.23024 0.256866 24.2
    endloop
  endfacet
  facet normal -0.214304 -0.976767 -0
    outer loop
      vertex -9.06319 0.220215 24.2
      vertex -9.23024 0.256866 23
      vertex -9.06319 0.220215 23
    endloop
  endfacet
  facet normal -0.14997 -0.988691 0
    outer loop
      vertex -9.06319 0.220215 23
      vertex -8.89409 0.194565 24.2
      vertex -9.06319 0.220215 24.2
    endloop
  endfacet
  facet normal -0.14997 -0.988691 -0
    outer loop
      vertex -8.89409 0.194565 24.2
      vertex -9.06319 0.220215 23
      vertex -8.89409 0.194565 23
    endloop
  endfacet
  facet normal -0.0850263 -0.996379 0
    outer loop
      vertex -8.89409 0.194565 23
      vertex -8.72368 0.180023 24.2
      vertex -8.89409 0.194565 24.2
    endloop
  endfacet
  facet normal -0.0850263 -0.996379 -0
    outer loop
      vertex -8.72368 0.180023 24.2
      vertex -8.89409 0.194565 23
      vertex -8.72368 0.180023 23
    endloop
  endfacet
  facet normal -0.0196266 -0.999807 0
    outer loop
      vertex -8.72368 0.180023 23
      vertex -8.55267 0.176666 24.2
      vertex -8.72368 0.180023 24.2
    endloop
  endfacet
  facet normal -0.0196266 -0.999807 -0
    outer loop
      vertex -8.55267 0.176666 24.2
      vertex -8.72368 0.180023 23
      vertex -8.55267 0.176666 23
    endloop
  endfacet
  facet normal 0.0458628 -0.998948 0
    outer loop
      vertex -8.55267 0.176666 23
      vertex -8.38184 0.184509 24.2
      vertex -8.55267 0.176666 24.2
    endloop
  endfacet
  facet normal 0.0458628 -0.998948 0
    outer loop
      vertex -8.38184 0.184509 24.2
      vertex -8.55267 0.176666 23
      vertex -8.38184 0.184509 23
    endloop
  endfacet
  facet normal 0.0850263 -0.996379 0
    outer loop
      vertex 8.72368 0.180023 23
      vertex 8.89409 0.194565 24.2
      vertex 8.72368 0.180023 24.2
    endloop
  endfacet
  facet normal 0.0850263 -0.996379 0
    outer loop
      vertex 8.89409 0.194565 24.2
      vertex 8.72368 0.180023 23
      vertex 8.89409 0.194565 23
    endloop
  endfacet
  facet normal 0.14997 -0.988691 0
    outer loop
      vertex 8.89409 0.194565 23
      vertex 9.06319 0.220215 24.2
      vertex 8.89409 0.194565 24.2
    endloop
  endfacet
  facet normal 0.14997 -0.988691 0
    outer loop
      vertex 9.06319 0.220215 24.2
      vertex 8.89409 0.194565 23
      vertex 9.06319 0.220215 23
    endloop
  endfacet
  facet normal 0.214304 -0.976767 0
    outer loop
      vertex 9.06319 0.220215 23
      vertex 9.23024 0.256866 24.2
      vertex 9.06319 0.220215 24.2
    endloop
  endfacet
  facet normal 0.214304 -0.976767 0
    outer loop
      vertex 9.23024 0.256866 24.2
      vertex 9.06319 0.220215 23
      vertex 9.23024 0.256866 23
    endloop
  endfacet
  facet normal 0.277753 -0.960653 0
    outer loop
      vertex 9.23024 0.256866 23
      vertex 9.39453 0.304367 24.2
      vertex 9.23024 0.256866 24.2
    endloop
  endfacet
  facet normal 0.277753 -0.960653 0
    outer loop
      vertex 9.39453 0.304367 24.2
      vertex 9.23024 0.256866 23
      vertex 9.39453 0.304367 23
    endloop
  endfacet
  facet normal 0.339928 -0.940451 0
    outer loop
      vertex 9.39453 0.304367 23
      vertex 9.55537 0.362503 24.2
      vertex 9.39453 0.304367 24.2
    endloop
  endfacet
  facet normal 0.339928 -0.940451 0
    outer loop
      vertex 9.55537 0.362503 24.2
      vertex 9.39453 0.304367 23
      vertex 9.55537 0.362503 23
    endloop
  endfacet
  facet normal 0.400732 -0.916195 0
    outer loop
      vertex 9.55537 0.362503 23
      vertex 9.71208 0.431046 24.2
      vertex 9.55537 0.362503 24.2
    endloop
  endfacet
  facet normal 0.400732 -0.916195 0
    outer loop
      vertex 9.71208 0.431046 24.2
      vertex 9.55537 0.362503 23
      vertex 9.71208 0.431046 23
    endloop
  endfacet
  facet normal 0.459836 -0.888004 0
    outer loop
      vertex 9.71208 0.431046 23
      vertex 9.86395 0.509689 24.2
      vertex 9.71208 0.431046 24.2
    endloop
  endfacet
  facet normal 0.459836 -0.888004 0
    outer loop
      vertex 9.86395 0.509689 24.2
      vertex 9.71208 0.431046 23
      vertex 9.86395 0.509689 23
    endloop
  endfacet
  facet normal 0.516815 -0.856097 0
    outer loop
      vertex 9.86395 0.509689 23
      vertex 10.0104 0.598099 24.2
      vertex 9.86395 0.509689 24.2
    endloop
  endfacet
  facet normal 0.516815 -0.856097 0
    outer loop
      vertex 10.0104 0.598099 24.2
      vertex 9.86395 0.509689 23
      vertex 10.0104 0.598099 23
    endloop
  endfacet
  facet normal 0.571825 -0.820376 0
    outer loop
      vertex 10.0104 0.598099 23
      vertex 10.1507 0.695892 24.2
      vertex 10.0104 0.598099 24.2
    endloop
  endfacet
  facet normal 0.571825 -0.820376 0
    outer loop
      vertex 10.1507 0.695892 24.2
      vertex 10.0104 0.598099 23
      vertex 10.1507 0.695892 23
    endloop
  endfacet
  facet normal 0.624235 -0.781237 0
    outer loop
      vertex 10.1507 0.695892 23
      vertex 10.2843 0.802643 24.2
      vertex 10.1507 0.695892 24.2
    endloop
  endfacet
  facet normal 0.624235 -0.781237 0
    outer loop
      vertex 10.2843 0.802643 24.2
      vertex 10.1507 0.695892 23
      vertex 10.2843 0.802643 23
    endloop
  endfacet
  facet normal 0.67415 -0.738594 0
    outer loop
      vertex 10.2843 0.802643 23
      vertex 10.4106 0.917923 24.2
      vertex 10.2843 0.802643 24.2
    endloop
  endfacet
  facet normal 0.67415 -0.738594 0
    outer loop
      vertex 10.4106 0.917923 24.2
      vertex 10.2843 0.802643 23
      vertex 10.4106 0.917923 23
    endloop
  endfacet
  facet normal 0.720645 -0.693304 0
    outer loop
      vertex 10.4106 0.917923 24.2
      vertex 10.5292 1.0412 23
      vertex 10.5292 1.0412 24.2
    endloop
  endfacet
  facet normal 0.720645 -0.693304 0
    outer loop
      vertex 10.5292 1.0412 23
      vertex 10.4106 0.917923 24.2
      vertex 10.4106 0.917923 23
    endloop
  endfacet
  facet normal 0.764711 -0.644373 0
    outer loop
      vertex 10.5292 1.0412 24.2
      vertex 10.6394 1.17198 23
      vertex 10.6394 1.17198 24.2
    endloop
  endfacet
  facet normal 0.764711 -0.644373 0
    outer loop
      vertex 10.6394 1.17198 23
      vertex 10.5292 1.0412 24.2
      vertex 10.5292 1.0412 23
    endloop
  endfacet
  facet normal 0.805253 -0.592932 0
    outer loop
      vertex 10.6394 1.17198 24.2
      vertex 10.7408 1.30969 23
      vertex 10.7408 1.30969 24.2
    endloop
  endfacet
  facet normal 0.805253 -0.592932 0
    outer loop
      vertex 10.7408 1.30969 23
      vertex 10.6394 1.17198 24.2
      vertex 10.6394 1.17198 23
    endloop
  endfacet
  facet normal 0.84225 -0.539087 0
    outer loop
      vertex 10.7408 1.30969 24.2
      vertex 10.833 1.45374 23
      vertex 10.833 1.45374 24.2
    endloop
  endfacet
  facet normal 0.84225 -0.539087 0
    outer loop
      vertex 10.833 1.45374 23
      vertex 10.7408 1.30969 24.2
      vertex 10.7408 1.30969 23
    endloop
  endfacet
  facet normal 0.875642 -0.48296 0
    outer loop
      vertex 10.833 1.45374 24.2
      vertex 10.9156 1.6035 23
      vertex 10.9156 1.6035 24.2
    endloop
  endfacet
  facet normal 0.875642 -0.48296 0
    outer loop
      vertex 10.9156 1.6035 23
      vertex 10.833 1.45374 24.2
      vertex 10.833 1.45374 23
    endloop
  endfacet
  facet normal 0.905203 -0.42498 0
    outer loop
      vertex 10.9156 1.6035 24.2
      vertex 10.9883 1.75835 23
      vertex 10.9883 1.75835 24.2
    endloop
  endfacet
  facet normal 0.905203 -0.42498 0
    outer loop
      vertex 10.9883 1.75835 23
      vertex 10.9156 1.6035 24.2
      vertex 10.9156 1.6035 23
    endloop
  endfacet
  facet normal 0.931273 -0.364322 0
    outer loop
      vertex 10.9883 1.75835 24.2
      vertex 11.0506 1.9176 23
      vertex 11.0506 1.9176 24.2
    endloop
  endfacet
  facet normal 0.931273 -0.364322 0
    outer loop
      vertex 11.0506 1.9176 23
      vertex 10.9883 1.75835 24.2
      vertex 10.9883 1.75835 23
    endloop
  endfacet
  facet normal 0.953039 -0.302849 0
    outer loop
      vertex 11.0506 1.9176 24.2
      vertex 11.1024 2.08061 23
      vertex 11.1024 2.08061 24.2
    endloop
  endfacet
  facet normal 0.953039 -0.302849 0
    outer loop
      vertex 11.1024 2.08061 23
      vertex 11.0506 1.9176 24.2
      vertex 11.0506 1.9176 23
    endloop
  endfacet
  facet normal 0.970837 -0.239742 0
    outer loop
      vertex 11.1024 2.08061 24.2
      vertex 11.1434 2.24664 23
      vertex 11.1434 2.24664 24.2
    endloop
  endfacet
  facet normal 0.970837 -0.239742 0
    outer loop
      vertex 11.1434 2.24664 23
      vertex 11.1024 2.08061 24.2
      vertex 11.1024 2.08061 23
    endloop
  endfacet
  facet normal 0.984494 -0.175416 0
    outer loop
      vertex 11.1434 2.24664 24.2
      vertex 11.1734 2.41501 23
      vertex 11.1734 2.41501 24.2
    endloop
  endfacet
  facet normal 0.984494 -0.175416 0
    outer loop
      vertex 11.1734 2.41501 23
      vertex 11.1434 2.24664 24.2
      vertex 11.1434 2.24664 23
    endloop
  endfacet
  facet normal 0.993811 -0.111086 0
    outer loop
      vertex 11.1734 2.41501 24.2
      vertex 11.1924 2.58499 23
      vertex 11.1924 2.58499 24.2
    endloop
  endfacet
  facet normal 0.993811 -0.111086 0
    outer loop
      vertex 11.1924 2.58499 23
      vertex 11.1734 2.41501 24.2
      vertex 11.1734 2.41501 23
    endloop
  endfacet
  facet normal 0.998933 -0.0461927 0
    outer loop
      vertex 11.1924 2.58499 24.2
      vertex 11.2003 2.75583 23
      vertex 11.2003 2.75583 24.2
    endloop
  endfacet
  facet normal 0.998933 -0.0461927 0
    outer loop
      vertex 11.2003 2.75583 23
      vertex 11.1924 2.58499 24.2
      vertex 11.1924 2.58499 23
    endloop
  endfacet
  facet normal 0.999802 0.0198791 0
    outer loop
      vertex 11.2003 2.75583 24.2
      vertex 11.1969 2.92683 23
      vertex 11.1969 2.92683 24.2
    endloop
  endfacet
  facet normal 0.999802 0.0198791 0
    outer loop
      vertex 11.1969 2.92683 23
      vertex 11.2003 2.75583 24.2
      vertex 11.2003 2.75583 23
    endloop
  endfacet
  facet normal 0.996399 0.0847825 0
    outer loop
      vertex 11.1969 2.92683 24.2
      vertex 11.1824 3.09724 23
      vertex 11.1824 3.09724 24.2
    endloop
  endfacet
  facet normal 0.996399 0.0847825 0
    outer loop
      vertex 11.1824 3.09724 23
      vertex 11.1969 2.92683 24.2
      vertex 11.1969 2.92683 23
    endloop
  endfacet
  facet normal 0.988647 0.150256 0
    outer loop
      vertex 11.1824 3.09724 24.2
      vertex 11.1567 3.26634 23
      vertex 11.1567 3.26634 24.2
    endloop
  endfacet
  facet normal 0.988647 0.150256 0
    outer loop
      vertex 11.1567 3.26634 23
      vertex 11.1824 3.09724 24.2
      vertex 11.1824 3.09724 23
    endloop
  endfacet
  facet normal 0.976832 0.214007 0
    outer loop
      vertex 11.1567 3.26634 24.2
      vertex 11.1201 3.4334 23
      vertex 11.1201 3.4334 24.2
    endloop
  endfacet
  facet normal 0.976832 0.214007 0
    outer loop
      vertex 11.1201 3.4334 23
      vertex 11.1567 3.26634 24.2
      vertex 11.1567 3.26634 23
    endloop
  endfacet
  facet normal 0.960654 0.277747 0
    outer loop
      vertex 11.1201 3.4334 24.2
      vertex 11.0726 3.59769 23
      vertex 11.0726 3.59769 24.2
    endloop
  endfacet
  facet normal 0.960654 0.277747 0
    outer loop
      vertex 11.0726 3.59769 23
      vertex 11.1201 3.4334 24.2
      vertex 11.1201 3.4334 23
    endloop
  endfacet
  facet normal 0.940332 0.340259 0
    outer loop
      vertex 11.0726 3.59769 24.2
      vertex 11.0144 3.75853 23
      vertex 11.0144 3.75853 24.2
    endloop
  endfacet
  facet normal 0.940332 0.340259 0
    outer loop
      vertex 11.0144 3.75853 23
      vertex 11.0726 3.59769 24.2
      vertex 11.0726 3.59769 23
    endloop
  endfacet
  facet normal 0.916269 0.400564 0
    outer loop
      vertex 11.0144 3.75853 24.2
      vertex 10.9459 3.91522 23
      vertex 10.9459 3.91522 24.2
    endloop
  endfacet
  facet normal 0.916269 0.400564 0
    outer loop
      vertex 10.9459 3.91522 23
      vertex 11.0144 3.75853 24.2
      vertex 11.0144 3.75853 23
    endloop
  endfacet
  facet normal 0.887893 0.460051 0
    outer loop
      vertex 10.9459 3.91522 24.2
      vertex 10.8672 4.06711 23
      vertex 10.8672 4.06711 24.2
    endloop
  endfacet
  facet normal 0.887893 0.460051 0
    outer loop
      vertex 10.8672 4.06711 23
      vertex 10.9459 3.91522 24.2
      vertex 10.9459 3.91522 23
    endloop
  endfacet
  facet normal 0.856061 0.516876 0
    outer loop
      vertex 10.8672 4.06711 24.2
      vertex 10.7788 4.21352 23
      vertex 10.7788 4.21352 24.2
    endloop
  endfacet
  facet normal 0.856061 0.516876 0
    outer loop
      vertex 10.7788 4.21352 23
      vertex 10.8672 4.06711 24.2
      vertex 10.8672 4.06711 23
    endloop
  endfacet
  facet normal 0.820357 0.571852 0
    outer loop
      vertex 10.7788 4.21352 24.2
      vertex 10.681 4.35382 23
      vertex 10.681 4.35382 24.2
    endloop
  endfacet
  facet normal 0.820357 0.571852 0
    outer loop
      vertex 10.681 4.35382 23
      vertex 10.7788 4.21352 24.2
      vertex 10.7788 4.21352 23
    endloop
  endfacet
  facet normal 0.781428 0.623996 0
    outer loop
      vertex 10.681 4.35382 24.2
      vertex 10.5743 4.48744 23
      vertex 10.5743 4.48744 24.2
    endloop
  endfacet
  facet normal 0.781428 0.623996 0
    outer loop
      vertex 10.5743 4.48744 23
      vertex 10.681 4.35382 24.2
      vertex 10.681 4.35382 23
    endloop
  endfacet
  facet normal 0.738642 0.674097 0
    outer loop
      vertex 10.5743 4.48744 24.2
      vertex 10.459 4.61378 23
      vertex 10.459 4.61378 24.2
    endloop
  endfacet
  facet normal 0.738642 0.674097 0
    outer loop
      vertex 10.459 4.61378 23
      vertex 10.5743 4.48744 24.2
      vertex 10.5743 4.48744 23
    endloop
  endfacet
  facet normal 0.693085 0.720856 -0
    outer loop
      vertex 10.459 4.61378 23
      vertex 10.3357 4.73233 24.2
      vertex 10.459 4.61378 24.2
    endloop
  endfacet
  facet normal 0.693085 0.720856 0
    outer loop
      vertex 10.3357 4.73233 24.2
      vertex 10.459 4.61378 23
      vertex 10.3357 4.73233 23
    endloop
  endfacet
  facet normal 0.644638 0.764488 -0
    outer loop
      vertex 10.3357 4.73233 23
      vertex 10.205 4.84254 24.2
      vertex 10.3357 4.73233 24.2
    endloop
  endfacet
  facet normal 0.644638 0.764488 0
    outer loop
      vertex 10.205 4.84254 24.2
      vertex 10.3357 4.73233 23
      vertex 10.205 4.84254 23
    endloop
  endfacet
  facet normal 0.592832 0.805326 -0
    outer loop
      vertex 10.205 4.84254 23
      vertex 10.0672 4.94398 24.2
      vertex 10.205 4.84254 24.2
    endloop
  endfacet
  facet normal 0.592832 0.805326 0
    outer loop
      vertex 10.0672 4.94398 24.2
      vertex 10.205 4.84254 23
      vertex 10.0672 4.94398 23
    endloop
  endfacet
  facet normal 0.539261 0.842139 -0
    outer loop
      vertex 10.0672 4.94398 23
      vertex 9.9232 5.03619 24.2
      vertex 10.0672 4.94398 24.2
    endloop
  endfacet
  facet normal 0.539261 0.842139 0
    outer loop
      vertex 9.9232 5.03619 24.2
      vertex 10.0672 4.94398 23
      vertex 9.9232 5.03619 23
    endloop
  endfacet
  facet normal 0.48287 0.875692 -0
    outer loop
      vertex 9.9232 5.03619 23
      vertex 9.77344 5.11877 24.2
      vertex 9.9232 5.03619 24.2
    endloop
  endfacet
  facet normal 0.48287 0.875692 0
    outer loop
      vertex 9.77344 5.11877 24.2
      vertex 9.9232 5.03619 23
      vertex 9.77344 5.11877 23
    endloop
  endfacet
  facet normal 0.424597 0.905382 -0
    outer loop
      vertex 9.77344 5.11877 23
      vertex 9.61859 5.19139 24.2
      vertex 9.77344 5.11877 24.2
    endloop
  endfacet
  facet normal 0.424597 0.905382 0
    outer loop
      vertex 9.61859 5.19139 24.2
      vertex 9.77344 5.11877 23
      vertex 9.61859 5.19139 23
    endloop
  endfacet
  facet normal 0.364576 0.931174 -0
    outer loop
      vertex 9.61859 5.19139 23
      vertex 9.45934 5.25374 24.2
      vertex 9.61859 5.19139 24.2
    endloop
  endfacet
  facet normal 0.364576 0.931174 0
    outer loop
      vertex 9.45934 5.25374 24.2
      vertex 9.61859 5.19139 23
      vertex 9.45934 5.25374 23
    endloop
  endfacet
  facet normal 0.30269 0.953089 -0
    outer loop
      vertex 9.45934 5.25374 23
      vertex 9.29633 5.30551 24.2
      vertex 9.45934 5.25374 24.2
    endloop
  endfacet
  facet normal 0.30269 0.953089 0
    outer loop
      vertex 9.29633 5.30551 24.2
      vertex 9.45934 5.25374 23
      vertex 9.29633 5.30551 23
    endloop
  endfacet
  facet normal 0.239838 0.970813 -0
    outer loop
      vertex 9.29633 5.30551 23
      vertex 9.13029 5.34653 24.2
      vertex 9.29633 5.30551 24.2
    endloop
  endfacet
  facet normal 0.239838 0.970813 0
    outer loop
      vertex 9.13029 5.34653 24.2
      vertex 9.29633 5.30551 23
      vertex 9.13029 5.34653 23
    endloop
  endfacet
  facet normal 0.175823 0.984422 -0
    outer loop
      vertex 9.13029 5.34653 23
      vertex 8.96193 5.3766 24.2
      vertex 9.13029 5.34653 24.2
    endloop
  endfacet
  facet normal 0.175823 0.984422 0
    outer loop
      vertex 8.96193 5.3766 24.2
      vertex 9.13029 5.34653 23
      vertex 8.96193 5.3766 23
    endloop
  endfacet
  facet normal 0.110971 0.993824 -0
    outer loop
      vertex 8.96193 5.3766 23
      vertex 8.79195 5.39558 24.2
      vertex 8.96193 5.3766 24.2
    endloop
  endfacet
  facet normal 0.110971 0.993824 0
    outer loop
      vertex 8.79195 5.39558 24.2
      vertex 8.96193 5.3766 23
      vertex 8.79195 5.39558 23
    endloop
  endfacet
  facet normal 0.045901 0.998946 -0
    outer loop
      vertex 8.79195 5.39558 23
      vertex 8.62111 5.40343 24.2
      vertex 8.79195 5.39558 24.2
    endloop
  endfacet
  facet normal 0.045901 0.998946 0
    outer loop
      vertex 8.62111 5.40343 24.2
      vertex 8.79195 5.39558 23
      vertex 8.62111 5.40343 23
    endloop
  endfacet
  facet normal -0.0196442 0.999807 0
    outer loop
      vertex 8.62111 5.40343 23
      vertex 8.4501 5.40007 24.2
      vertex 8.62111 5.40343 24.2
    endloop
  endfacet
  facet normal -0.0196442 0.999807 0
    outer loop
      vertex 8.4501 5.40007 24.2
      vertex 8.62111 5.40343 23
      vertex 8.4501 5.40007 23
    endloop
  endfacet
  facet normal -0.0850147 0.99638 0
    outer loop
      vertex 8.4501 5.40007 23
      vertex 8.27969 5.38553 24.2
      vertex 8.4501 5.40007 24.2
    endloop
  endfacet
  facet normal -0.0850147 0.99638 0
    outer loop
      vertex 8.27969 5.38553 24.2
      vertex 8.4501 5.40007 23
      vertex 8.27969 5.38553 23
    endloop
  endfacet
  facet normal -0.149979 0.988689 0
    outer loop
      vertex 8.27969 5.38553 23
      vertex 8.1106 5.35988 24.2
      vertex 8.27969 5.38553 24.2
    endloop
  endfacet
  facet normal -0.149979 0.988689 0
    outer loop
      vertex 8.1106 5.35988 24.2
      vertex 8.27969 5.38553 23
      vertex 8.1106 5.35988 23
    endloop
  endfacet
  facet normal -0.214286 0.976771 0
    outer loop
      vertex 8.1106 5.35988 23
      vertex 7.94354 5.32323 24.2
      vertex 8.1106 5.35988 24.2
    endloop
  endfacet
  facet normal -0.214286 0.976771 0
    outer loop
      vertex 7.94354 5.32323 24.2
      vertex 8.1106 5.35988 23
      vertex 7.94354 5.32323 23
    endloop
  endfacet
  facet normal -0.277747 0.960654 0
    outer loop
      vertex 7.94354 5.32323 23
      vertex 7.77925 5.27573 24.2
      vertex 7.94354 5.32323 24.2
    endloop
  endfacet
  facet normal -0.277747 0.960654 0
    outer loop
      vertex 7.77925 5.27573 24.2
      vertex 7.94354 5.32323 23
      vertex 7.77925 5.27573 23
    endloop
  endfacet
  facet normal -0.340001 0.940425 0
    outer loop
      vertex 7.77925 5.27573 23
      vertex 7.61841 5.21758 24.2
      vertex 7.77925 5.27573 24.2
    endloop
  endfacet
  facet normal -0.340001 0.940425 0
    outer loop
      vertex 7.61841 5.21758 24.2
      vertex 7.77925 5.27573 23
      vertex 7.61841 5.21758 23
    endloop
  endfacet
  facet normal -0.400669 0.916223 0
    outer loop
      vertex 7.61841 5.21758 23
      vertex 7.4617 5.14905 24.2
      vertex 7.61841 5.21758 24.2
    endloop
  endfacet
  facet normal -0.400669 0.916223 0
    outer loop
      vertex 7.4617 5.14905 24.2
      vertex 7.61841 5.21758 23
      vertex 7.4617 5.14905 23
    endloop
  endfacet
  facet normal -0.459868 0.887987 0
    outer loop
      vertex 7.4617 5.14905 23
      vertex 7.30983 5.0704 24.2
      vertex 7.4617 5.14905 24.2
    endloop
  endfacet
  facet normal -0.459868 0.887987 0
    outer loop
      vertex 7.30983 5.0704 24.2
      vertex 7.4617 5.14905 23
      vertex 7.30983 5.0704 23
    endloop
  endfacet
  facet normal -0.516918 0.856035 0
    outer loop
      vertex 7.30983 5.0704 23
      vertex 7.16342 4.98199 24.2
      vertex 7.30983 5.0704 24.2
    endloop
  endfacet
  facet normal -0.516918 0.856035 0
    outer loop
      vertex 7.16342 4.98199 24.2
      vertex 7.30983 5.0704 23
      vertex 7.16342 4.98199 23
    endloop
  endfacet
  facet normal -0.571813 0.820384 0
    outer loop
      vertex 7.16342 4.98199 23
      vertex 7.02312 4.8842 24.2
      vertex 7.16342 4.98199 24.2
    endloop
  endfacet
  facet normal -0.571813 0.820384 0
    outer loop
      vertex 7.02312 4.8842 24.2
      vertex 7.16342 4.98199 23
      vertex 7.02312 4.8842 23
    endloop
  endfacet
  facet normal -0.62421 0.781257 0
    outer loop
      vertex 7.02312 4.8842 23
      vertex 6.8895 4.77744 24.2
      vertex 7.02312 4.8842 24.2
    endloop
  endfacet
  facet normal -0.62421 0.781257 0
    outer loop
      vertex 6.8895 4.77744 24.2
      vertex 7.02312 4.8842 23
      vertex 6.8895 4.77744 23
    endloop
  endfacet
  facet normal -0.673973 0.738756 0
    outer loop
      vertex 6.8895 4.77744 23
      vertex 6.76315 4.66217 24.2
      vertex 6.8895 4.77744 24.2
    endloop
  endfacet
  facet normal -0.673973 0.738756 0
    outer loop
      vertex 6.76315 4.66217 24.2
      vertex 6.8895 4.77744 23
      vertex 6.76315 4.66217 23
    endloop
  endfacet
  facet normal -0.720857 0.693084 0
    outer loop
      vertex 6.64461 4.53888 23
      vertex 6.76315 4.66217 24.2
      vertex 6.76315 4.66217 23
    endloop
  endfacet
  facet normal -0.720857 0.693084 0
    outer loop
      vertex 6.76315 4.66217 24.2
      vertex 6.64461 4.53888 23
      vertex 6.64461 4.53888 24.2
    endloop
  endfacet
  facet normal -0.764629 0.644471 0
    outer loop
      vertex 6.53439 4.40811 23
      vertex 6.64461 4.53888 24.2
      vertex 6.64461 4.53888 23
    endloop
  endfacet
  facet normal -0.764629 0.644471 0
    outer loop
      vertex 6.64461 4.53888 24.2
      vertex 6.53439 4.40811 23
      vertex 6.53439 4.40811 24.2
    endloop
  endfacet
  facet normal -0.805141 0.593083 0
    outer loop
      vertex 6.43295 4.2704 23
      vertex 6.53439 4.40811 24.2
      vertex 6.53439 4.40811 23
    endloop
  endfacet
  facet normal -0.805141 0.593083 0
    outer loop
      vertex 6.53439 4.40811 24.2
      vertex 6.43295 4.2704 23
      vertex 6.43295 4.2704 24.2
    endloop
  endfacet
  facet normal -0.842207 0.539155 0
    outer loop
      vertex 6.34074 4.12636 23
      vertex 6.43295 4.2704 24.2
      vertex 6.43295 4.2704 23
    endloop
  endfacet
  facet normal -0.842207 0.539155 0
    outer loop
      vertex 6.43295 4.2704 24.2
      vertex 6.34074 4.12636 23
      vertex 6.34074 4.12636 24.2
    endloop
  endfacet
  facet normal -0.875706 0.482845 0
    outer loop
      vertex 6.25816 3.97659 23
      vertex 6.34074 4.12636 24.2
      vertex 6.34074 4.12636 23
    endloop
  endfacet
  facet normal -0.875706 0.482845 0
    outer loop
      vertex 6.34074 4.12636 24.2
      vertex 6.25816 3.97659 23
      vertex 6.25816 3.97659 24.2
    endloop
  endfacet
  facet normal -0.905349 0.424668 0
    outer loop
      vertex 6.18553 3.82175 23
      vertex 6.25816 3.97659 24.2
      vertex 6.25816 3.97659 23
    endloop
  endfacet
  facet normal -0.905349 0.424668 0
    outer loop
      vertex 6.25816 3.97659 24.2
      vertex 6.18553 3.82175 23
      vertex 6.18553 3.82175 24.2
    endloop
  endfacet
  facet normal -0.931229 0.364435 0
    outer loop
      vertex 6.1232 3.66248 23
      vertex 6.18553 3.82175 24.2
      vertex 6.18553 3.82175 23
    endloop
  endfacet
  facet normal -0.931229 0.364435 0
    outer loop
      vertex 6.18553 3.82175 24.2
      vertex 6.1232 3.66248 23
      vertex 6.1232 3.66248 24.2
    endloop
  endfacet
  facet normal -0.95305 0.302813 0
    outer loop
      vertex 6.07141 3.49948 23
      vertex 6.1232 3.66248 24.2
      vertex 6.1232 3.66248 23
    endloop
  endfacet
  facet normal -0.95305 0.302813 0
    outer loop
      vertex 6.1232 3.66248 24.2
      vertex 6.07141 3.49948 23
      vertex 6.07141 3.49948 24.2
    endloop
  endfacet
  facet normal -0.970837 0.239742 0
    outer loop
      vertex 6.03041 3.33345 23
      vertex 6.07141 3.49948 24.2
      vertex 6.07141 3.49948 23
    endloop
  endfacet
  facet normal -0.970837 0.239742 0
    outer loop
      vertex 6.07141 3.49948 24.2
      vertex 6.03041 3.33345 23
      vertex 6.03041 3.33345 24.2
    endloop
  endfacet
  facet normal -0.984424 0.175813 0
    outer loop
      vertex 6.00034 3.16508 23
      vertex 6.03041 3.33345 24.2
      vertex 6.03041 3.33345 23
    endloop
  endfacet
  facet normal -0.984424 0.175813 0
    outer loop
      vertex 6.03041 3.33345 24.2
      vertex 6.00034 3.16508 23
      vertex 6.00034 3.16508 24.2
    endloop
  endfacet
  facet normal -0.993817 0.111028 0
    outer loop
      vertex 5.98135 2.9951 23
      vertex 6.00034 3.16508 24.2
      vertex 6.00034 3.16508 23
    endloop
  endfacet
  facet normal -0.993817 0.111028 0
    outer loop
      vertex 6.00034 3.16508 24.2
      vertex 5.98135 2.9951 23
      vertex 5.98135 2.9951 24.2
    endloop
  endfacet
  facet normal -0.998949 0.04584 0
    outer loop
      vertex 5.97351 2.82425 23
      vertex 5.98135 2.9951 24.2
      vertex 5.98135 2.9951 23
    endloop
  endfacet
  facet normal -0.998949 0.04584 0
    outer loop
      vertex 5.98135 2.9951 24.2
      vertex 5.97351 2.82425 23
      vertex 5.97351 2.82425 24.2
    endloop
  endfacet
  facet normal -0.999807 -0.0196465 0
    outer loop
      vertex 5.97687 2.65326 23
      vertex 5.97351 2.82425 24.2
      vertex 5.97351 2.82425 23
    endloop
  endfacet
  facet normal -0.999807 -0.0196465 0
    outer loop
      vertex 5.97351 2.82425 24.2
      vertex 5.97687 2.65326 23
      vertex 5.97687 2.65326 24.2
    endloop
  endfacet
  facet normal -0.99638 -0.0850147 0
    outer loop
      vertex 5.99141 2.48285 23
      vertex 5.97687 2.65326 24.2
      vertex 5.97687 2.65326 23
    endloop
  endfacet
  facet normal -0.99638 -0.0850147 0
    outer loop
      vertex 5.97687 2.65326 24.2
      vertex 5.99141 2.48285 23
      vertex 5.99141 2.48285 24.2
    endloop
  endfacet
  facet normal -0.988691 -0.14997 0
    outer loop
      vertex 6.01706 2.31375 23
      vertex 5.99141 2.48285 24.2
      vertex 5.99141 2.48285 23
    endloop
  endfacet
  facet normal -0.988691 -0.14997 0
    outer loop
      vertex 5.99141 2.48285 24.2
      vertex 6.01706 2.31375 23
      vertex 6.01706 2.31375 24.2
    endloop
  endfacet
  facet normal -0.976768 -0.214298 0
    outer loop
      vertex 6.05371 2.1467 23
      vertex 6.01706 2.31375 24.2
      vertex 6.01706 2.31375 23
    endloop
  endfacet
  facet normal -0.976768 -0.214298 0
    outer loop
      vertex 6.01706 2.31375 24.2
      vertex 6.05371 2.1467 23
      vertex 6.05371 2.1467 24.2
    endloop
  endfacet
  facet normal -0.960663 -0.277716 0
    outer loop
      vertex 6.10121 1.98239 23
      vertex 6.05371 2.1467 24.2
      vertex 6.05371 2.1467 23
    endloop
  endfacet
  facet normal -0.960663 -0.277716 0
    outer loop
      vertex 6.05371 2.1467 24.2
      vertex 6.10121 1.98239 23
      vertex 6.10121 1.98239 24.2
    endloop
  endfacet
  facet normal -0.940444 -0.339949 0
    outer loop
      vertex 6.15935 1.82155 23
      vertex 6.10121 1.98239 24.2
      vertex 6.10121 1.98239 23
    endloop
  endfacet
  facet normal -0.940444 -0.339949 0
    outer loop
      vertex 6.10121 1.98239 24.2
      vertex 6.15935 1.82155 23
      vertex 6.15935 1.82155 24.2
    endloop
  endfacet
  facet normal -0.916183 -0.400761 0
    outer loop
      vertex 6.22789 1.66486 23
      vertex 6.15935 1.82155 24.2
      vertex 6.15935 1.82155 23
    endloop
  endfacet
  facet normal -0.916183 -0.400761 0
    outer loop
      vertex 6.15935 1.82155 24.2
      vertex 6.22789 1.66486 23
      vertex 6.22789 1.66486 24.2
    endloop
  endfacet
  facet normal -0.888011 -0.459822 0
    outer loop
      vertex 6.30653 1.51299 23
      vertex 6.22789 1.66486 24.2
      vertex 6.22789 1.66486 23
    endloop
  endfacet
  facet normal -0.888011 -0.459822 0
    outer loop
      vertex 6.22789 1.66486 24.2
      vertex 6.30653 1.51299 23
      vertex 6.30653 1.51299 24.2
    endloop
  endfacet
  facet normal -0.856035 -0.516918 0
    outer loop
      vertex 6.39494 1.36658 23
      vertex 6.30653 1.51299 24.2
      vertex 6.30653 1.51299 23
    endloop
  endfacet
  facet normal -0.856035 -0.516918 0
    outer loop
      vertex 6.30653 1.51299 24.2
      vertex 6.39494 1.36658 23
      vertex 6.39494 1.36658 24.2
    endloop
  endfacet
  facet normal -0.820395 -0.571797 0
    outer loop
      vertex 6.49274 1.22626 23
      vertex 6.39494 1.36658 24.2
      vertex 6.39494 1.36658 23
    endloop
  endfacet
  facet normal -0.820395 -0.571797 0
    outer loop
      vertex 6.39494 1.36658 24.2
      vertex 6.49274 1.22626 23
      vertex 6.49274 1.22626 24.2
    endloop
  endfacet
  facet normal -0.781262 -0.624203 0
    outer loop
      vertex 6.59949 1.09265 23
      vertex 6.49274 1.22626 24.2
      vertex 6.49274 1.22626 23
    endloop
  endfacet
  facet normal -0.781262 -0.624203 0
    outer loop
      vertex 6.49274 1.22626 24.2
      vertex 6.59949 1.09265 23
      vertex 6.59949 1.09265 24.2
    endloop
  endfacet
  facet normal -0.738746 -0.673984 0
    outer loop
      vertex 6.71477 0.966293 23
      vertex 6.59949 1.09265 24.2
      vertex 6.59949 1.09265 23
    endloop
  endfacet
  facet normal -0.738746 -0.673984 0
    outer loop
      vertex 6.59949 1.09265 24.2
      vertex 6.71477 0.966293 23
      vertex 6.71477 0.966293 24.2
    endloop
  endfacet
  facet normal -0.693054 -0.720886 0
    outer loop
      vertex 6.71477 0.966293 23
      vertex 6.83806 0.847763 24.2
      vertex 6.71477 0.966293 24.2
    endloop
  endfacet
  facet normal -0.693054 -0.720886 -0
    outer loop
      vertex 6.83806 0.847763 24.2
      vertex 6.71477 0.966293 23
      vertex 6.83806 0.847763 23
    endloop
  endfacet
  facet normal -0.644501 -0.764603 0
    outer loop
      vertex 6.83806 0.847763 23
      vertex 6.96883 0.737534 24.2
      vertex 6.83806 0.847763 24.2
    endloop
  endfacet
  facet normal -0.644501 -0.764603 -0
    outer loop
      vertex 6.96883 0.737534 24.2
      vertex 6.83806 0.847763 23
      vertex 6.96883 0.737534 23
    endloop
  endfacet
  facet normal -0.59303 -0.80518 0
    outer loop
      vertex 6.96883 0.737534 23
      vertex 7.10654 0.636108 24.2
      vertex 6.96883 0.737534 24.2
    endloop
  endfacet
  facet normal -0.59303 -0.80518 -0
    outer loop
      vertex 7.10654 0.636108 24.2
      vertex 6.96883 0.737534 23
      vertex 7.10654 0.636108 23
    endloop
  endfacet
  facet normal -0.539147 -0.842212 0
    outer loop
      vertex 7.10654 0.636108 23
      vertex 7.25058 0.5439 24.2
      vertex 7.10654 0.636108 24.2
    endloop
  endfacet
  facet normal -0.539147 -0.842212 -0
    outer loop
      vertex 7.25058 0.5439 24.2
      vertex 7.10654 0.636108 23
      vertex 7.25058 0.5439 23
    endloop
  endfacet
  facet normal -0.482942 -0.875652 0
    outer loop
      vertex 7.25058 0.5439 23
      vertex 7.40034 0.461304 24.2
      vertex 7.25058 0.5439 24.2
    endloop
  endfacet
  facet normal -0.482942 -0.875652 -0
    outer loop
      vertex 7.40034 0.461304 24.2
      vertex 7.25058 0.5439 23
      vertex 7.40034 0.461304 23
    endloop
  endfacet
  facet normal -0.424583 -0.905389 0
    outer loop
      vertex 7.40034 0.461304 23
      vertex 7.55519 0.388687 24.2
      vertex 7.40034 0.461304 24.2
    endloop
  endfacet
  facet normal -0.424583 -0.905389 -0
    outer loop
      vertex 7.55519 0.388687 24.2
      vertex 7.40034 0.461304 23
      vertex 7.55519 0.388687 23
    endloop
  endfacet
  facet normal -0.364465 -0.931217 0
    outer loop
      vertex 7.55519 0.388687 23
      vertex 7.71445 0.326355 24.2
      vertex 7.55519 0.388687 24.2
    endloop
  endfacet
  facet normal -0.364465 -0.931217 -0
    outer loop
      vertex 7.71445 0.326355 24.2
      vertex 7.55519 0.388687 23
      vertex 7.71445 0.326355 23
    endloop
  endfacet
  facet normal -0.302785 -0.953059 0
    outer loop
      vertex 7.71445 0.326355 23
      vertex 7.87746 0.274567 24.2
      vertex 7.71445 0.326355 24.2
    endloop
  endfacet
  facet normal -0.302785 -0.953059 -0
    outer loop
      vertex 7.87746 0.274567 24.2
      vertex 7.71445 0.326355 23
      vertex 7.87746 0.274567 23
    endloop
  endfacet
  facet normal -0.23983 -0.970815 0
    outer loop
      vertex 7.87746 0.274567 23
      vertex 8.04349 0.233551 24.2
      vertex 7.87746 0.274567 24.2
    endloop
  endfacet
  facet normal -0.23983 -0.970815 -0
    outer loop
      vertex 8.04349 0.233551 24.2
      vertex 7.87746 0.274567 23
      vertex 8.04349 0.233551 23
    endloop
  endfacet
  facet normal -0.175766 -0.984432 0
    outer loop
      vertex 8.04349 0.233551 23
      vertex 8.21185 0.203491 24.2
      vertex 8.04349 0.233551 24.2
    endloop
  endfacet
  facet normal -0.175766 -0.984432 -0
    outer loop
      vertex 8.21185 0.203491 24.2
      vertex 8.04349 0.233551 23
      vertex 8.21185 0.203491 23
    endloop
  endfacet
  facet normal -0.110976 -0.993823 0
    outer loop
      vertex 8.21185 0.203491 23
      vertex 8.38184 0.184509 24.2
      vertex 8.21185 0.203491 24.2
    endloop
  endfacet
  facet normal -0.110976 -0.993823 -0
    outer loop
      vertex 8.38184 0.184509 24.2
      vertex 8.21185 0.203491 23
      vertex 8.38184 0.184509 23
    endloop
  endfacet
  facet normal -0.0458628 -0.998948 0
    outer loop
      vertex 8.38184 0.184509 23
      vertex 8.55267 0.176666 24.2
      vertex 8.38184 0.184509 24.2
    endloop
  endfacet
  facet normal -0.0458628 -0.998948 -0
    outer loop
      vertex 8.55267 0.176666 24.2
      vertex 8.38184 0.184509 23
      vertex 8.55267 0.176666 23
    endloop
  endfacet
  facet normal 0.0196266 -0.999807 0
    outer loop
      vertex 8.55267 0.176666 23
      vertex 8.72368 0.180023 24.2
      vertex 8.55267 0.176666 24.2
    endloop
  endfacet
  facet normal 0.0196266 -0.999807 0
    outer loop
      vertex 8.72368 0.180023 24.2
      vertex 8.55267 0.176666 23
      vertex 8.72368 0.180023 23
    endloop
  endfacet
  facet normal 0.0980495 -0.995182 0
    outer loop
      vertex 0.170929 -2.608 23
      vertex 0.341141 -2.59123 24.2
      vertex 0.170929 -2.608 24.2
    endloop
  endfacet
  facet normal 0.0980495 -0.995182 0
    outer loop
      vertex 0.341141 -2.59123 24.2
      vertex 0.170929 -2.608 23
      vertex 0.341141 -2.59123 23
    endloop
  endfacet
  facet normal 0.162894 -0.986644 0
    outer loop
      vertex 0.341141 -2.59123 23
      vertex 0.509888 -2.56337 24.2
      vertex 0.341141 -2.59123 24.2
    endloop
  endfacet
  facet normal 0.162894 -0.986644 0
    outer loop
      vertex 0.509888 -2.56337 24.2
      vertex 0.341141 -2.59123 23
      vertex 0.509888 -2.56337 23
    endloop
  endfacet
  facet normal 0.227055 -0.973882 0
    outer loop
      vertex 0.509888 -2.56337 23
      vertex 0.676437 -2.52454 24.2
      vertex 0.509888 -2.56337 24.2
    endloop
  endfacet
  facet normal 0.227055 -0.973882 0
    outer loop
      vertex 0.676437 -2.52454 24.2
      vertex 0.509888 -2.56337 23
      vertex 0.676437 -2.52454 23
    endloop
  endfacet
  facet normal 0.290351 -0.95692 0
    outer loop
      vertex 0.676437 -2.52454 23
      vertex 0.840103 -2.47488 24.2
      vertex 0.676437 -2.52454 24.2
    endloop
  endfacet
  facet normal 0.290351 -0.95692 0
    outer loop
      vertex 0.840103 -2.47488 24.2
      vertex 0.676437 -2.52454 23
      vertex 0.840103 -2.47488 23
    endloop
  endfacet
  facet normal 0.352225 -0.935915 0
    outer loop
      vertex 0.840103 -2.47488 23
      vertex 1.00017 -2.41464 24.2
      vertex 0.840103 -2.47488 24.2
    endloop
  endfacet
  facet normal 0.352225 -0.935915 0
    outer loop
      vertex 1.00017 -2.41464 24.2
      vertex 0.840103 -2.47488 23
      vertex 1.00017 -2.41464 23
    endloop
  endfacet
  facet normal 0.41267 -0.91088 0
    outer loop
      vertex 1.00017 -2.41464 23
      vertex 1.15596 -2.34406 24.2
      vertex 1.00017 -2.41464 24.2
    endloop
  endfacet
  facet normal 0.41267 -0.91088 0
    outer loop
      vertex 1.15596 -2.34406 24.2
      vertex 1.00017 -2.41464 23
      vertex 1.15596 -2.34406 23
    endloop
  endfacet
  facet normal 0.471395 -0.881922 0
    outer loop
      vertex 1.15596 -2.34406 23
      vertex 1.30679 -2.26344 24.2
      vertex 1.15596 -2.34406 24.2
    endloop
  endfacet
  facet normal 0.471395 -0.881922 0
    outer loop
      vertex 1.30679 -2.26344 24.2
      vertex 1.15596 -2.34406 23
      vertex 1.30679 -2.26344 23
    endloop
  endfacet
  facet normal 0.528042 -0.849218 0
    outer loop
      vertex 1.30679 -2.26344 23
      vertex 1.45203 -2.17313 24.2
      vertex 1.30679 -2.26344 24.2
    endloop
  endfacet
  facet normal 0.528042 -0.849218 0
    outer loop
      vertex 1.45203 -2.17313 24.2
      vertex 1.30679 -2.26344 23
      vertex 1.45203 -2.17313 23
    endloop
  endfacet
  facet normal 0.582515 -0.81282 0
    outer loop
      vertex 1.45203 -2.17313 23
      vertex 1.59105 -2.0735 24.2
      vertex 1.45203 -2.17313 24.2
    endloop
  endfacet
  facet normal 0.582515 -0.81282 0
    outer loop
      vertex 1.59105 -2.0735 24.2
      vertex 1.45203 -2.17313 23
      vertex 1.59105 -2.0735 23
    endloop
  endfacet
  facet normal 0.634415 -0.772992 0
    outer loop
      vertex 1.59105 -2.0735 23
      vertex 1.72325 -1.965 24.2
      vertex 1.59105 -2.0735 24.2
    endloop
  endfacet
  facet normal 0.634415 -0.772992 0
    outer loop
      vertex 1.72325 -1.965 24.2
      vertex 1.59105 -2.0735 23
      vertex 1.72325 -1.965 23
    endloop
  endfacet
  facet normal 0.683605 -0.729853 0
    outer loop
      vertex 1.72325 -1.965 23
      vertex 1.84808 -1.84808 24.2
      vertex 1.72325 -1.965 24.2
    endloop
  endfacet
  facet normal 0.683605 -0.729853 0
    outer loop
      vertex 1.84808 -1.84808 24.2
      vertex 1.72325 -1.965 23
      vertex 1.84808 -1.84808 23
    endloop
  endfacet
  facet normal 0.729853 -0.683605 0
    outer loop
      vertex 1.84808 -1.84808 24.2
      vertex 1.965 -1.72325 23
      vertex 1.965 -1.72325 24.2
    endloop
  endfacet
  facet normal 0.729853 -0.683605 0
    outer loop
      vertex 1.965 -1.72325 23
      vertex 1.84808 -1.84808 24.2
      vertex 1.84808 -1.84808 23
    endloop
  endfacet
  facet normal 0.772992 -0.634415 0
    outer loop
      vertex 1.965 -1.72325 24.2
      vertex 2.0735 -1.59105 23
      vertex 2.0735 -1.59105 24.2
    endloop
  endfacet
  facet normal 0.772992 -0.634415 0
    outer loop
      vertex 2.0735 -1.59105 23
      vertex 1.965 -1.72325 24.2
      vertex 1.965 -1.72325 23
    endloop
  endfacet
  facet normal 0.81282 -0.582515 0
    outer loop
      vertex 2.0735 -1.59105 24.2
      vertex 2.17313 -1.45203 23
      vertex 2.17313 -1.45203 24.2
    endloop
  endfacet
  facet normal 0.81282 -0.582515 0
    outer loop
      vertex 2.17313 -1.45203 23
      vertex 2.0735 -1.59105 24.2
      vertex 2.0735 -1.59105 23
    endloop
  endfacet
  facet normal 0.849218 -0.528042 0
    outer loop
      vertex 2.17313 -1.45203 24.2
      vertex 2.26344 -1.30679 23
      vertex 2.26344 -1.30679 24.2
    endloop
  endfacet
  facet normal 0.849218 -0.528042 0
    outer loop
      vertex 2.26344 -1.30679 23
      vertex 2.17313 -1.45203 24.2
      vertex 2.17313 -1.45203 23
    endloop
  endfacet
  facet normal 0.881922 -0.471395 0
    outer loop
      vertex 2.26344 -1.30679 24.2
      vertex 2.34406 -1.15596 23
      vertex 2.34406 -1.15596 24.2
    endloop
  endfacet
  facet normal 0.881922 -0.471395 0
    outer loop
      vertex 2.34406 -1.15596 23
      vertex 2.26344 -1.30679 24.2
      vertex 2.26344 -1.30679 23
    endloop
  endfacet
  facet normal 0.91088 -0.41267 0
    outer loop
      vertex 2.34406 -1.15596 24.2
      vertex 2.41464 -1.00017 23
      vertex 2.41464 -1.00017 24.2
    endloop
  endfacet
  facet normal 0.91088 -0.41267 0
    outer loop
      vertex 2.41464 -1.00017 23
      vertex 2.34406 -1.15596 24.2
      vertex 2.34406 -1.15596 23
    endloop
  endfacet
  facet normal 0.935915 -0.352225 0
    outer loop
      vertex 2.41464 -1.00017 24.2
      vertex 2.47488 -0.840103 23
      vertex 2.47488 -0.840103 24.2
    endloop
  endfacet
  facet normal 0.935915 -0.352225 0
    outer loop
      vertex 2.47488 -0.840103 23
      vertex 2.41464 -1.00017 24.2
      vertex 2.41464 -1.00017 23
    endloop
  endfacet
  facet normal 0.95692 -0.290351 0
    outer loop
      vertex 2.47488 -0.840103 24.2
      vertex 2.52454 -0.676437 23
      vertex 2.52454 -0.676437 24.2
    endloop
  endfacet
  facet normal 0.95692 -0.290351 0
    outer loop
      vertex 2.52454 -0.676437 23
      vertex 2.47488 -0.840103 24.2
      vertex 2.47488 -0.840103 23
    endloop
  endfacet
  facet normal 0.973882 -0.227055 0
    outer loop
      vertex 2.52454 -0.676437 24.2
      vertex 2.56337 -0.509888 23
      vertex 2.56337 -0.509888 24.2
    endloop
  endfacet
  facet normal 0.973882 -0.227055 0
    outer loop
      vertex 2.56337 -0.509888 23
      vertex 2.52454 -0.676437 24.2
      vertex 2.52454 -0.676437 23
    endloop
  endfacet
  facet normal 0.986644 -0.162894 0
    outer loop
      vertex 2.56337 -0.509888 24.2
      vertex 2.59123 -0.341141 23
      vertex 2.59123 -0.341141 24.2
    endloop
  endfacet
  facet normal 0.986644 -0.162894 0
    outer loop
      vertex 2.59123 -0.341141 23
      vertex 2.56337 -0.509888 24.2
      vertex 2.56337 -0.509888 23
    endloop
  endfacet
  facet normal 0.995182 -0.0980495 0
    outer loop
      vertex 2.59123 -0.341141 24.2
      vertex 2.608 -0.170929 23
      vertex 2.608 -0.170929 24.2
    endloop
  endfacet
  facet normal 0.995182 -0.0980495 0
    outer loop
      vertex 2.608 -0.170929 23
      vertex 2.59123 -0.341141 24.2
      vertex 2.59123 -0.341141 23
    endloop
  endfacet
  facet normal 0.999466 -0.0326862 0
    outer loop
      vertex 2.608 -0.170929 24.2
      vertex 2.61359 0 23
      vertex 2.61359 0 24.2
    endloop
  endfacet
  facet normal 0.999466 -0.0326862 0
    outer loop
      vertex 2.61359 0 23
      vertex 2.608 -0.170929 24.2
      vertex 2.608 -0.170929 23
    endloop
  endfacet
  facet normal 0.999466 0.0326862 0
    outer loop
      vertex 2.61359 0 24.2
      vertex 2.608 0.170929 23
      vertex 2.608 0.170929 24.2
    endloop
  endfacet
  facet normal 0.999466 0.0326862 0
    outer loop
      vertex 2.608 0.170929 23
      vertex 2.61359 0 24.2
      vertex 2.61359 0 23
    endloop
  endfacet
  facet normal 0.995182 0.0980495 0
    outer loop
      vertex 2.608 0.170929 24.2
      vertex 2.59123 0.341141 23
      vertex 2.59123 0.341141 24.2
    endloop
  endfacet
  facet normal 0.995182 0.0980495 0
    outer loop
      vertex 2.59123 0.341141 23
      vertex 2.608 0.170929 24.2
      vertex 2.608 0.170929 23
    endloop
  endfacet
  facet normal 0.986644 0.162894 0
    outer loop
      vertex 2.59123 0.341141 24.2
      vertex 2.56337 0.509888 23
      vertex 2.56337 0.509888 24.2
    endloop
  endfacet
  facet normal 0.986644 0.162894 0
    outer loop
      vertex 2.56337 0.509888 23
      vertex 2.59123 0.341141 24.2
      vertex 2.59123 0.341141 23
    endloop
  endfacet
  facet normal 0.973882 0.227055 0
    outer loop
      vertex 2.56337 0.509888 24.2
      vertex 2.52454 0.676437 23
      vertex 2.52454 0.676437 24.2
    endloop
  endfacet
  facet normal 0.973882 0.227055 0
    outer loop
      vertex 2.52454 0.676437 23
      vertex 2.56337 0.509888 24.2
      vertex 2.56337 0.509888 23
    endloop
  endfacet
  facet normal 0.95692 0.290351 0
    outer loop
      vertex 2.52454 0.676437 24.2
      vertex 2.47488 0.840103 23
      vertex 2.47488 0.840103 24.2
    endloop
  endfacet
  facet normal 0.95692 0.290351 0
    outer loop
      vertex 2.47488 0.840103 23
      vertex 2.52454 0.676437 24.2
      vertex 2.52454 0.676437 23
    endloop
  endfacet
  facet normal 0.935915 0.352225 0
    outer loop
      vertex 2.47488 0.840103 24.2
      vertex 2.41464 1.00017 23
      vertex 2.41464 1.00017 24.2
    endloop
  endfacet
  facet normal 0.935915 0.352225 0
    outer loop
      vertex 2.41464 1.00017 23
      vertex 2.47488 0.840103 24.2
      vertex 2.47488 0.840103 23
    endloop
  endfacet
  facet normal 0.91088 0.41267 0
    outer loop
      vertex 2.41464 1.00017 24.2
      vertex 2.34406 1.15596 23
      vertex 2.34406 1.15596 24.2
    endloop
  endfacet
  facet normal 0.91088 0.41267 0
    outer loop
      vertex 2.34406 1.15596 23
      vertex 2.41464 1.00017 24.2
      vertex 2.41464 1.00017 23
    endloop
  endfacet
  facet normal 0.881922 0.471395 0
    outer loop
      vertex 2.34406 1.15596 24.2
      vertex 2.26344 1.30679 23
      vertex 2.26344 1.30679 24.2
    endloop
  endfacet
  facet normal 0.881922 0.471395 0
    outer loop
      vertex 2.26344 1.30679 23
      vertex 2.34406 1.15596 24.2
      vertex 2.34406 1.15596 23
    endloop
  endfacet
  facet normal 0.849218 0.528042 0
    outer loop
      vertex 2.26344 1.30679 24.2
      vertex 2.17313 1.45203 23
      vertex 2.17313 1.45203 24.2
    endloop
  endfacet
  facet normal 0.849218 0.528042 0
    outer loop
      vertex 2.17313 1.45203 23
      vertex 2.26344 1.30679 24.2
      vertex 2.26344 1.30679 23
    endloop
  endfacet
  facet normal 0.81282 0.582515 0
    outer loop
      vertex 2.17313 1.45203 24.2
      vertex 2.0735 1.59105 23
      vertex 2.0735 1.59105 24.2
    endloop
  endfacet
  facet normal 0.81282 0.582515 0
    outer loop
      vertex 2.0735 1.59105 23
      vertex 2.17313 1.45203 24.2
      vertex 2.17313 1.45203 23
    endloop
  endfacet
  facet normal 0.772992 0.634415 0
    outer loop
      vertex 2.0735 1.59105 24.2
      vertex 1.965 1.72325 23
      vertex 1.965 1.72325 24.2
    endloop
  endfacet
  facet normal 0.772992 0.634415 0
    outer loop
      vertex 1.965 1.72325 23
      vertex 2.0735 1.59105 24.2
      vertex 2.0735 1.59105 23
    endloop
  endfacet
  facet normal 0.729853 0.683605 0
    outer loop
      vertex 1.965 1.72325 24.2
      vertex 1.84808 1.84808 23
      vertex 1.84808 1.84808 24.2
    endloop
  endfacet
  facet normal 0.729853 0.683605 0
    outer loop
      vertex 1.84808 1.84808 23
      vertex 1.965 1.72325 24.2
      vertex 1.965 1.72325 23
    endloop
  endfacet
  facet normal 0.683605 0.729853 -0
    outer loop
      vertex 1.84808 1.84808 23
      vertex 1.72325 1.965 24.2
      vertex 1.84808 1.84808 24.2
    endloop
  endfacet
  facet normal 0.683605 0.729853 0
    outer loop
      vertex 1.72325 1.965 24.2
      vertex 1.84808 1.84808 23
      vertex 1.72325 1.965 23
    endloop
  endfacet
  facet normal 0.634415 0.772992 -0
    outer loop
      vertex 1.72325 1.965 23
      vertex 1.59105 2.0735 24.2
      vertex 1.72325 1.965 24.2
    endloop
  endfacet
  facet normal 0.634415 0.772992 0
    outer loop
      vertex 1.59105 2.0735 24.2
      vertex 1.72325 1.965 23
      vertex 1.59105 2.0735 23
    endloop
  endfacet
  facet normal 0.582515 0.81282 -0
    outer loop
      vertex 1.59105 2.0735 23
      vertex 1.45203 2.17313 24.2
      vertex 1.59105 2.0735 24.2
    endloop
  endfacet
  facet normal 0.582515 0.81282 0
    outer loop
      vertex 1.45203 2.17313 24.2
      vertex 1.59105 2.0735 23
      vertex 1.45203 2.17313 23
    endloop
  endfacet
  facet normal 0.528042 0.849218 -0
    outer loop
      vertex 1.45203 2.17313 23
      vertex 1.30679 2.26344 24.2
      vertex 1.45203 2.17313 24.2
    endloop
  endfacet
  facet normal 0.528042 0.849218 0
    outer loop
      vertex 1.30679 2.26344 24.2
      vertex 1.45203 2.17313 23
      vertex 1.30679 2.26344 23
    endloop
  endfacet
  facet normal 0.471395 0.881922 -0
    outer loop
      vertex 1.30679 2.26344 23
      vertex 1.15596 2.34406 24.2
      vertex 1.30679 2.26344 24.2
    endloop
  endfacet
  facet normal 0.471395 0.881922 0
    outer loop
      vertex 1.15596 2.34406 24.2
      vertex 1.30679 2.26344 23
      vertex 1.15596 2.34406 23
    endloop
  endfacet
  facet normal 0.41267 0.91088 -0
    outer loop
      vertex 1.15596 2.34406 23
      vertex 1.00017 2.41464 24.2
      vertex 1.15596 2.34406 24.2
    endloop
  endfacet
  facet normal 0.41267 0.91088 0
    outer loop
      vertex 1.00017 2.41464 24.2
      vertex 1.15596 2.34406 23
      vertex 1.00017 2.41464 23
    endloop
  endfacet
  facet normal 0.352225 0.935915 -0
    outer loop
      vertex 1.00017 2.41464 23
      vertex 0.840103 2.47488 24.2
      vertex 1.00017 2.41464 24.2
    endloop
  endfacet
  facet normal 0.352225 0.935915 0
    outer loop
      vertex 0.840103 2.47488 24.2
      vertex 1.00017 2.41464 23
      vertex 0.840103 2.47488 23
    endloop
  endfacet
  facet normal 0.290351 0.95692 -0
    outer loop
      vertex 0.840103 2.47488 23
      vertex 0.676437 2.52454 24.2
      vertex 0.840103 2.47488 24.2
    endloop
  endfacet
  facet normal 0.290351 0.95692 0
    outer loop
      vertex 0.676437 2.52454 24.2
      vertex 0.840103 2.47488 23
      vertex 0.676437 2.52454 23
    endloop
  endfacet
  facet normal 0.227055 0.973882 -0
    outer loop
      vertex 0.676437 2.52454 23
      vertex 0.509888 2.56337 24.2
      vertex 0.676437 2.52454 24.2
    endloop
  endfacet
  facet normal 0.227055 0.973882 0
    outer loop
      vertex 0.509888 2.56337 24.2
      vertex 0.676437 2.52454 23
      vertex 0.509888 2.56337 23
    endloop
  endfacet
  facet normal 0.162894 0.986644 -0
    outer loop
      vertex 0.509888 2.56337 23
      vertex 0.341141 2.59123 24.2
      vertex 0.509888 2.56337 24.2
    endloop
  endfacet
  facet normal 0.162894 0.986644 0
    outer loop
      vertex 0.341141 2.59123 24.2
      vertex 0.509888 2.56337 23
      vertex 0.341141 2.59123 23
    endloop
  endfacet
  facet normal 0.0980495 0.995182 -0
    outer loop
      vertex 0.341141 2.59123 23
      vertex 0.170929 2.608 24.2
      vertex 0.341141 2.59123 24.2
    endloop
  endfacet
  facet normal 0.0980495 0.995182 0
    outer loop
      vertex 0.170929 2.608 24.2
      vertex 0.341141 2.59123 23
      vertex 0.170929 2.608 23
    endloop
  endfacet
  facet normal 0.0326862 0.999466 -0
    outer loop
      vertex 0.170929 2.608 23
      vertex 0 2.61359 24.2
      vertex 0.170929 2.608 24.2
    endloop
  endfacet
  facet normal 0.0326862 0.999466 0
    outer loop
      vertex 0 2.61359 24.2
      vertex 0.170929 2.608 23
      vertex 0 2.61359 23
    endloop
  endfacet
  facet normal -0.0326862 0.999466 0
    outer loop
      vertex 0 2.61359 23
      vertex -0.170929 2.608 24.2
      vertex 0 2.61359 24.2
    endloop
  endfacet
  facet normal -0.0326862 0.999466 0
    outer loop
      vertex -0.170929 2.608 24.2
      vertex 0 2.61359 23
      vertex -0.170929 2.608 23
    endloop
  endfacet
  facet normal -0.0980495 0.995182 0
    outer loop
      vertex -0.170929 2.608 23
      vertex -0.341141 2.59123 24.2
      vertex -0.170929 2.608 24.2
    endloop
  endfacet
  facet normal -0.0980495 0.995182 0
    outer loop
      vertex -0.341141 2.59123 24.2
      vertex -0.170929 2.608 23
      vertex -0.341141 2.59123 23
    endloop
  endfacet
  facet normal -0.162894 0.986644 0
    outer loop
      vertex -0.341141 2.59123 23
      vertex -0.509888 2.56337 24.2
      vertex -0.341141 2.59123 24.2
    endloop
  endfacet
  facet normal -0.162894 0.986644 0
    outer loop
      vertex -0.509888 2.56337 24.2
      vertex -0.341141 2.59123 23
      vertex -0.509888 2.56337 23
    endloop
  endfacet
  facet normal -0.227055 0.973882 0
    outer loop
      vertex -0.509888 2.56337 23
      vertex -0.676437 2.52454 24.2
      vertex -0.509888 2.56337 24.2
    endloop
  endfacet
  facet normal -0.227055 0.973882 0
    outer loop
      vertex -0.676437 2.52454 24.2
      vertex -0.509888 2.56337 23
      vertex -0.676437 2.52454 23
    endloop
  endfacet
  facet normal -0.290351 0.95692 0
    outer loop
      vertex -0.676437 2.52454 23
      vertex -0.840103 2.47488 24.2
      vertex -0.676437 2.52454 24.2
    endloop
  endfacet
  facet normal -0.290351 0.95692 0
    outer loop
      vertex -0.840103 2.47488 24.2
      vertex -0.676437 2.52454 23
      vertex -0.840103 2.47488 23
    endloop
  endfacet
  facet normal -0.352225 0.935915 0
    outer loop
      vertex -0.840103 2.47488 23
      vertex -1.00017 2.41464 24.2
      vertex -0.840103 2.47488 24.2
    endloop
  endfacet
  facet normal -0.352225 0.935915 0
    outer loop
      vertex -1.00017 2.41464 24.2
      vertex -0.840103 2.47488 23
      vertex -1.00017 2.41464 23
    endloop
  endfacet
  facet normal -0.41267 0.91088 0
    outer loop
      vertex -1.00017 2.41464 23
      vertex -1.15596 2.34406 24.2
      vertex -1.00017 2.41464 24.2
    endloop
  endfacet
  facet normal -0.41267 0.91088 0
    outer loop
      vertex -1.15596 2.34406 24.2
      vertex -1.00017 2.41464 23
      vertex -1.15596 2.34406 23
    endloop
  endfacet
  facet normal -0.471395 0.881922 0
    outer loop
      vertex -1.15596 2.34406 23
      vertex -1.30679 2.26344 24.2
      vertex -1.15596 2.34406 24.2
    endloop
  endfacet
  facet normal -0.471395 0.881922 0
    outer loop
      vertex -1.30679 2.26344 24.2
      vertex -1.15596 2.34406 23
      vertex -1.30679 2.26344 23
    endloop
  endfacet
  facet normal -0.528042 0.849218 0
    outer loop
      vertex -1.30679 2.26344 23
      vertex -1.45203 2.17313 24.2
      vertex -1.30679 2.26344 24.2
    endloop
  endfacet
  facet normal -0.528042 0.849218 0
    outer loop
      vertex -1.45203 2.17313 24.2
      vertex -1.30679 2.26344 23
      vertex -1.45203 2.17313 23
    endloop
  endfacet
  facet normal -0.582515 0.81282 0
    outer loop
      vertex -1.45203 2.17313 23
      vertex -1.59105 2.0735 24.2
      vertex -1.45203 2.17313 24.2
    endloop
  endfacet
  facet normal -0.582515 0.81282 0
    outer loop
      vertex -1.59105 2.0735 24.2
      vertex -1.45203 2.17313 23
      vertex -1.59105 2.0735 23
    endloop
  endfacet
  facet normal -0.634415 0.772992 0
    outer loop
      vertex -1.59105 2.0735 23
      vertex -1.72325 1.965 24.2
      vertex -1.59105 2.0735 24.2
    endloop
  endfacet
  facet normal -0.634415 0.772992 0
    outer loop
      vertex -1.72325 1.965 24.2
      vertex -1.59105 2.0735 23
      vertex -1.72325 1.965 23
    endloop
  endfacet
  facet normal -0.683605 0.729853 0
    outer loop
      vertex -1.72325 1.965 23
      vertex -1.84808 1.84808 24.2
      vertex -1.72325 1.965 24.2
    endloop
  endfacet
  facet normal -0.683605 0.729853 0
    outer loop
      vertex -1.84808 1.84808 24.2
      vertex -1.72325 1.965 23
      vertex -1.84808 1.84808 23
    endloop
  endfacet
  facet normal -0.729853 0.683605 0
    outer loop
      vertex -1.965 1.72325 23
      vertex -1.84808 1.84808 24.2
      vertex -1.84808 1.84808 23
    endloop
  endfacet
  facet normal -0.729853 0.683605 0
    outer loop
      vertex -1.84808 1.84808 24.2
      vertex -1.965 1.72325 23
      vertex -1.965 1.72325 24.2
    endloop
  endfacet
  facet normal -0.772992 0.634415 0
    outer loop
      vertex -2.0735 1.59105 23
      vertex -1.965 1.72325 24.2
      vertex -1.965 1.72325 23
    endloop
  endfacet
  facet normal -0.772992 0.634415 0
    outer loop
      vertex -1.965 1.72325 24.2
      vertex -2.0735 1.59105 23
      vertex -2.0735 1.59105 24.2
    endloop
  endfacet
  facet normal -0.81282 0.582515 0
    outer loop
      vertex -2.17313 1.45203 23
      vertex -2.0735 1.59105 24.2
      vertex -2.0735 1.59105 23
    endloop
  endfacet
  facet normal -0.81282 0.582515 0
    outer loop
      vertex -2.0735 1.59105 24.2
      vertex -2.17313 1.45203 23
      vertex -2.17313 1.45203 24.2
    endloop
  endfacet
  facet normal -0.849218 0.528042 0
    outer loop
      vertex -2.26344 1.30679 23
      vertex -2.17313 1.45203 24.2
      vertex -2.17313 1.45203 23
    endloop
  endfacet
  facet normal -0.849218 0.528042 0
    outer loop
      vertex -2.17313 1.45203 24.2
      vertex -2.26344 1.30679 23
      vertex -2.26344 1.30679 24.2
    endloop
  endfacet
  facet normal -0.881922 0.471395 0
    outer loop
      vertex -2.34406 1.15596 23
      vertex -2.26344 1.30679 24.2
      vertex -2.26344 1.30679 23
    endloop
  endfacet
  facet normal -0.881922 0.471395 0
    outer loop
      vertex -2.26344 1.30679 24.2
      vertex -2.34406 1.15596 23
      vertex -2.34406 1.15596 24.2
    endloop
  endfacet
  facet normal -0.91088 0.41267 0
    outer loop
      vertex -2.41464 1.00017 23
      vertex -2.34406 1.15596 24.2
      vertex -2.34406 1.15596 23
    endloop
  endfacet
  facet normal -0.91088 0.41267 0
    outer loop
      vertex -2.34406 1.15596 24.2
      vertex -2.41464 1.00017 23
      vertex -2.41464 1.00017 24.2
    endloop
  endfacet
  facet normal -0.935915 0.352225 0
    outer loop
      vertex -2.47488 0.840103 23
      vertex -2.41464 1.00017 24.2
      vertex -2.41464 1.00017 23
    endloop
  endfacet
  facet normal -0.935915 0.352225 0
    outer loop
      vertex -2.41464 1.00017 24.2
      vertex -2.47488 0.840103 23
      vertex -2.47488 0.840103 24.2
    endloop
  endfacet
  facet normal -0.95692 0.290351 0
    outer loop
      vertex -2.52454 0.676437 23
      vertex -2.47488 0.840103 24.2
      vertex -2.47488 0.840103 23
    endloop
  endfacet
  facet normal -0.95692 0.290351 0
    outer loop
      vertex -2.47488 0.840103 24.2
      vertex -2.52454 0.676437 23
      vertex -2.52454 0.676437 24.2
    endloop
  endfacet
  facet normal -0.973882 0.227055 0
    outer loop
      vertex -2.56337 0.509888 23
      vertex -2.52454 0.676437 24.2
      vertex -2.52454 0.676437 23
    endloop
  endfacet
  facet normal -0.973882 0.227055 0
    outer loop
      vertex -2.52454 0.676437 24.2
      vertex -2.56337 0.509888 23
      vertex -2.56337 0.509888 24.2
    endloop
  endfacet
  facet normal -0.986644 0.162894 0
    outer loop
      vertex -2.59123 0.341141 23
      vertex -2.56337 0.509888 24.2
      vertex -2.56337 0.509888 23
    endloop
  endfacet
  facet normal -0.986644 0.162894 0
    outer loop
      vertex -2.56337 0.509888 24.2
      vertex -2.59123 0.341141 23
      vertex -2.59123 0.341141 24.2
    endloop
  endfacet
  facet normal -0.995182 0.0980495 0
    outer loop
      vertex -2.608 0.170929 23
      vertex -2.59123 0.341141 24.2
      vertex -2.59123 0.341141 23
    endloop
  endfacet
  facet normal -0.995182 0.0980495 0
    outer loop
      vertex -2.59123 0.341141 24.2
      vertex -2.608 0.170929 23
      vertex -2.608 0.170929 24.2
    endloop
  endfacet
  facet normal -0.999466 0.0326862 0
    outer loop
      vertex -2.61359 0 23
      vertex -2.608 0.170929 24.2
      vertex -2.608 0.170929 23
    endloop
  endfacet
  facet normal -0.999466 0.0326862 0
    outer loop
      vertex -2.608 0.170929 24.2
      vertex -2.61359 0 23
      vertex -2.61359 0 24.2
    endloop
  endfacet
  facet normal -0.999466 -0.0326862 0
    outer loop
      vertex -2.608 -0.170929 23
      vertex -2.61359 0 24.2
      vertex -2.61359 0 23
    endloop
  endfacet
  facet normal -0.999466 -0.0326862 0
    outer loop
      vertex -2.61359 0 24.2
      vertex -2.608 -0.170929 23
      vertex -2.608 -0.170929 24.2
    endloop
  endfacet
  facet normal -0.995182 -0.0980495 0
    outer loop
      vertex -2.59123 -0.341141 23
      vertex -2.608 -0.170929 24.2
      vertex -2.608 -0.170929 23
    endloop
  endfacet
  facet normal -0.995182 -0.0980495 0
    outer loop
      vertex -2.608 -0.170929 24.2
      vertex -2.59123 -0.341141 23
      vertex -2.59123 -0.341141 24.2
    endloop
  endfacet
  facet normal -0.986644 -0.162894 0
    outer loop
      vertex -2.56337 -0.509888 23
      vertex -2.59123 -0.341141 24.2
      vertex -2.59123 -0.341141 23
    endloop
  endfacet
  facet normal -0.986644 -0.162894 0
    outer loop
      vertex -2.59123 -0.341141 24.2
      vertex -2.56337 -0.509888 23
      vertex -2.56337 -0.509888 24.2
    endloop
  endfacet
  facet normal -0.973882 -0.227055 0
    outer loop
      vertex -2.52454 -0.676437 23
      vertex -2.56337 -0.509888 24.2
      vertex -2.56337 -0.509888 23
    endloop
  endfacet
  facet normal -0.973882 -0.227055 0
    outer loop
      vertex -2.56337 -0.509888 24.2
      vertex -2.52454 -0.676437 23
      vertex -2.52454 -0.676437 24.2
    endloop
  endfacet
  facet normal -0.95692 -0.290351 0
    outer loop
      vertex -2.47488 -0.840103 23
      vertex -2.52454 -0.676437 24.2
      vertex -2.52454 -0.676437 23
    endloop
  endfacet
  facet normal -0.95692 -0.290351 0
    outer loop
      vertex -2.52454 -0.676437 24.2
      vertex -2.47488 -0.840103 23
      vertex -2.47488 -0.840103 24.2
    endloop
  endfacet
  facet normal -0.935915 -0.352225 0
    outer loop
      vertex -2.41464 -1.00017 23
      vertex -2.47488 -0.840103 24.2
      vertex -2.47488 -0.840103 23
    endloop
  endfacet
  facet normal -0.935915 -0.352225 0
    outer loop
      vertex -2.47488 -0.840103 24.2
      vertex -2.41464 -1.00017 23
      vertex -2.41464 -1.00017 24.2
    endloop
  endfacet
  facet normal -0.91088 -0.41267 0
    outer loop
      vertex -2.34406 -1.15596 23
      vertex -2.41464 -1.00017 24.2
      vertex -2.41464 -1.00017 23
    endloop
  endfacet
  facet normal -0.91088 -0.41267 0
    outer loop
      vertex -2.41464 -1.00017 24.2
      vertex -2.34406 -1.15596 23
      vertex -2.34406 -1.15596 24.2
    endloop
  endfacet
  facet normal -0.881922 -0.471395 0
    outer loop
      vertex -2.26344 -1.30679 23
      vertex -2.34406 -1.15596 24.2
      vertex -2.34406 -1.15596 23
    endloop
  endfacet
  facet normal -0.881922 -0.471395 0
    outer loop
      vertex -2.34406 -1.15596 24.2
      vertex -2.26344 -1.30679 23
      vertex -2.26344 -1.30679 24.2
    endloop
  endfacet
  facet normal -0.849218 -0.528042 0
    outer loop
      vertex -2.17313 -1.45203 23
      vertex -2.26344 -1.30679 24.2
      vertex -2.26344 -1.30679 23
    endloop
  endfacet
  facet normal -0.849218 -0.528042 0
    outer loop
      vertex -2.26344 -1.30679 24.2
      vertex -2.17313 -1.45203 23
      vertex -2.17313 -1.45203 24.2
    endloop
  endfacet
  facet normal -0.81282 -0.582515 0
    outer loop
      vertex -2.0735 -1.59105 23
      vertex -2.17313 -1.45203 24.2
      vertex -2.17313 -1.45203 23
    endloop
  endfacet
  facet normal -0.81282 -0.582515 0
    outer loop
      vertex -2.17313 -1.45203 24.2
      vertex -2.0735 -1.59105 23
      vertex -2.0735 -1.59105 24.2
    endloop
  endfacet
  facet normal -0.772992 -0.634415 0
    outer loop
      vertex -1.965 -1.72325 23
      vertex -2.0735 -1.59105 24.2
      vertex -2.0735 -1.59105 23
    endloop
  endfacet
  facet normal -0.772992 -0.634415 0
    outer loop
      vertex -2.0735 -1.59105 24.2
      vertex -1.965 -1.72325 23
      vertex -1.965 -1.72325 24.2
    endloop
  endfacet
  facet normal -0.729853 -0.683605 0
    outer loop
      vertex -1.84808 -1.84808 23
      vertex -1.965 -1.72325 24.2
      vertex -1.965 -1.72325 23
    endloop
  endfacet
  facet normal -0.729853 -0.683605 0
    outer loop
      vertex -1.965 -1.72325 24.2
      vertex -1.84808 -1.84808 23
      vertex -1.84808 -1.84808 24.2
    endloop
  endfacet
  facet normal -0.683605 -0.729853 0
    outer loop
      vertex -1.84808 -1.84808 23
      vertex -1.72325 -1.965 24.2
      vertex -1.84808 -1.84808 24.2
    endloop
  endfacet
  facet normal -0.683605 -0.729853 -0
    outer loop
      vertex -1.72325 -1.965 24.2
      vertex -1.84808 -1.84808 23
      vertex -1.72325 -1.965 23
    endloop
  endfacet
  facet normal -0.634415 -0.772992 0
    outer loop
      vertex -1.72325 -1.965 23
      vertex -1.59105 -2.0735 24.2
      vertex -1.72325 -1.965 24.2
    endloop
  endfacet
  facet normal -0.634415 -0.772992 -0
    outer loop
      vertex -1.59105 -2.0735 24.2
      vertex -1.72325 -1.965 23
      vertex -1.59105 -2.0735 23
    endloop
  endfacet
  facet normal -0.582515 -0.81282 0
    outer loop
      vertex -1.59105 -2.0735 23
      vertex -1.45203 -2.17313 24.2
      vertex -1.59105 -2.0735 24.2
    endloop
  endfacet
  facet normal -0.582515 -0.81282 -0
    outer loop
      vertex -1.45203 -2.17313 24.2
      vertex -1.59105 -2.0735 23
      vertex -1.45203 -2.17313 23
    endloop
  endfacet
  facet normal -0.528042 -0.849218 0
    outer loop
      vertex -1.45203 -2.17313 23
      vertex -1.30679 -2.26344 24.2
      vertex -1.45203 -2.17313 24.2
    endloop
  endfacet
  facet normal -0.528042 -0.849218 -0
    outer loop
      vertex -1.30679 -2.26344 24.2
      vertex -1.45203 -2.17313 23
      vertex -1.30679 -2.26344 23
    endloop
  endfacet
  facet normal -0.471395 -0.881922 0
    outer loop
      vertex -1.30679 -2.26344 23
      vertex -1.15596 -2.34406 24.2
      vertex -1.30679 -2.26344 24.2
    endloop
  endfacet
  facet normal -0.471395 -0.881922 -0
    outer loop
      vertex -1.15596 -2.34406 24.2
      vertex -1.30679 -2.26344 23
      vertex -1.15596 -2.34406 23
    endloop
  endfacet
  facet normal -0.41267 -0.91088 0
    outer loop
      vertex -1.15596 -2.34406 23
      vertex -1.00017 -2.41464 24.2
      vertex -1.15596 -2.34406 24.2
    endloop
  endfacet
  facet normal -0.41267 -0.91088 -0
    outer loop
      vertex -1.00017 -2.41464 24.2
      vertex -1.15596 -2.34406 23
      vertex -1.00017 -2.41464 23
    endloop
  endfacet
  facet normal -0.352225 -0.935915 0
    outer loop
      vertex -1.00017 -2.41464 23
      vertex -0.840103 -2.47488 24.2
      vertex -1.00017 -2.41464 24.2
    endloop
  endfacet
  facet normal -0.352225 -0.935915 -0
    outer loop
      vertex -0.840103 -2.47488 24.2
      vertex -1.00017 -2.41464 23
      vertex -0.840103 -2.47488 23
    endloop
  endfacet
  facet normal -0.290351 -0.95692 0
    outer loop
      vertex -0.840103 -2.47488 23
      vertex -0.676437 -2.52454 24.2
      vertex -0.840103 -2.47488 24.2
    endloop
  endfacet
  facet normal -0.290351 -0.95692 -0
    outer loop
      vertex -0.676437 -2.52454 24.2
      vertex -0.840103 -2.47488 23
      vertex -0.676437 -2.52454 23
    endloop
  endfacet
  facet normal -0.227055 -0.973882 0
    outer loop
      vertex -0.676437 -2.52454 23
      vertex -0.509888 -2.56337 24.2
      vertex -0.676437 -2.52454 24.2
    endloop
  endfacet
  facet normal -0.227055 -0.973882 -0
    outer loop
      vertex -0.509888 -2.56337 24.2
      vertex -0.676437 -2.52454 23
      vertex -0.509888 -2.56337 23
    endloop
  endfacet
  facet normal -0.162894 -0.986644 0
    outer loop
      vertex -0.509888 -2.56337 23
      vertex -0.341141 -2.59123 24.2
      vertex -0.509888 -2.56337 24.2
    endloop
  endfacet
  facet normal -0.162894 -0.986644 -0
    outer loop
      vertex -0.341141 -2.59123 24.2
      vertex -0.509888 -2.56337 23
      vertex -0.341141 -2.59123 23
    endloop
  endfacet
  facet normal -0.0980495 -0.995182 0
    outer loop
      vertex -0.341141 -2.59123 23
      vertex -0.170929 -2.608 24.2
      vertex -0.341141 -2.59123 24.2
    endloop
  endfacet
  facet normal -0.0980495 -0.995182 -0
    outer loop
      vertex -0.170929 -2.608 24.2
      vertex -0.341141 -2.59123 23
      vertex -0.170929 -2.608 23
    endloop
  endfacet
  facet normal -0.0326862 -0.999466 0
    outer loop
      vertex -0.170929 -2.608 23
      vertex 0 -2.61359 24.2
      vertex -0.170929 -2.608 24.2
    endloop
  endfacet
  facet normal -0.0326862 -0.999466 -0
    outer loop
      vertex 0 -2.61359 24.2
      vertex -0.170929 -2.608 23
      vertex 0 -2.61359 23
    endloop
  endfacet
  facet normal 0.0326862 -0.999466 0
    outer loop
      vertex 0 -2.61359 23
      vertex 0.170929 -2.608 24.2
      vertex 0 -2.61359 24.2
    endloop
  endfacet
  facet normal 0.0326862 -0.999466 0
    outer loop
      vertex 0.170929 -2.608 24.2
      vertex 0 -2.61359 23
      vertex 0.170929 -2.608 23
    endloop
  endfacet
  facet normal 0.124013 -0.992281 0
    outer loop
      vertex -5.06784 -9.90707 23
      vertex -4.89813 -9.88586 24.2
      vertex -5.06784 -9.90707 24.2
    endloop
  endfacet
  facet normal 0.124013 -0.992281 0
    outer loop
      vertex -4.89813 -9.88586 24.2
      vertex -5.06784 -9.90707 23
      vertex -4.89813 -9.88586 23
    endloop
  endfacet
  facet normal 0.188576 -0.982059 0
    outer loop
      vertex -4.89813 -9.88586 23
      vertex -4.73018 -9.85361 24.2
      vertex -4.89813 -9.88586 24.2
    endloop
  endfacet
  facet normal 0.188576 -0.982059 0
    outer loop
      vertex -4.73018 -9.85361 24.2
      vertex -4.89813 -9.88586 23
      vertex -4.73018 -9.85361 23
    endloop
  endfacet
  facet normal 0.252565 -0.96758 0
    outer loop
      vertex -4.73018 -9.85361 23
      vertex -4.56468 -9.81041 24.2
      vertex -4.73018 -9.85361 24.2
    endloop
  endfacet
  facet normal 0.252565 -0.96758 0
    outer loop
      vertex -4.56468 -9.81041 24.2
      vertex -4.73018 -9.85361 23
      vertex -4.56468 -9.81041 23
    endloop
  endfacet
  facet normal 0.31521 -0.949022 0
    outer loop
      vertex -4.56468 -9.81041 23
      vertex -4.40237 -9.7565 24.2
      vertex -4.56468 -9.81041 24.2
    endloop
  endfacet
  facet normal 0.31521 -0.949022 0
    outer loop
      vertex -4.40237 -9.7565 24.2
      vertex -4.56468 -9.81041 23
      vertex -4.40237 -9.7565 23
    endloop
  endfacet
  facet normal 0.376617 -0.926369 0
    outer loop
      vertex -4.40237 -9.7565 23
      vertex -4.24394 -9.69209 24.2
      vertex -4.40237 -9.7565 24.2
    endloop
  endfacet
  facet normal 0.376617 -0.926369 0
    outer loop
      vertex -4.24394 -9.69209 24.2
      vertex -4.40237 -9.7565 23
      vertex -4.24394 -9.69209 23
    endloop
  endfacet
  facet normal 0.436423 -0.899742 0
    outer loop
      vertex -4.24394 -9.69209 23
      vertex -4.09006 -9.61745 24.2
      vertex -4.24394 -9.69209 24.2
    endloop
  endfacet
  facet normal 0.436423 -0.899742 0
    outer loop
      vertex -4.09006 -9.61745 24.2
      vertex -4.24394 -9.69209 23
      vertex -4.09006 -9.61745 23
    endloop
  endfacet
  facet normal 0.494356 -0.86926 0
    outer loop
      vertex -4.09006 -9.61745 23
      vertex -3.94139 -9.5329 24.2
      vertex -4.09006 -9.61745 24.2
    endloop
  endfacet
  facet normal 0.494356 -0.86926 0
    outer loop
      vertex -3.94139 -9.5329 24.2
      vertex -4.09006 -9.61745 23
      vertex -3.94139 -9.5329 23
    endloop
  endfacet
  facet normal 0.550145 -0.835069 0
    outer loop
      vertex -3.94139 -9.5329 23
      vertex -3.79857 -9.43881 24.2
      vertex -3.94139 -9.5329 24.2
    endloop
  endfacet
  facet normal 0.550145 -0.835069 0
    outer loop
      vertex -3.79857 -9.43881 24.2
      vertex -3.94139 -9.5329 23
      vertex -3.79857 -9.43881 23
    endloop
  endfacet
  facet normal 0.603521 -0.797347 0
    outer loop
      vertex -3.79857 -9.43881 23
      vertex -3.6622 -9.33559 24.2
      vertex -3.79857 -9.43881 24.2
    endloop
  endfacet
  facet normal 0.603521 -0.797347 0
    outer loop
      vertex -3.6622 -9.33559 24.2
      vertex -3.79857 -9.43881 23
      vertex -3.6622 -9.33559 23
    endloop
  endfacet
  facet normal 0.65441 -0.75614 0
    outer loop
      vertex -3.6622 -9.33559 23
      vertex -3.53287 -9.22366 24.2
      vertex -3.6622 -9.33559 24.2
    endloop
  endfacet
  facet normal 0.65441 -0.75614 0
    outer loop
      vertex -3.53287 -9.22366 24.2
      vertex -3.6622 -9.33559 23
      vertex -3.53287 -9.22366 23
    endloop
  endfacet
  facet normal 0.702443 -0.71174 0
    outer loop
      vertex -3.53287 -9.22366 23
      vertex -3.41115 -9.10353 24.2
      vertex -3.53287 -9.22366 24.2
    endloop
  endfacet
  facet normal 0.702443 -0.71174 0
    outer loop
      vertex -3.41115 -9.10353 24.2
      vertex -3.53287 -9.22366 23
      vertex -3.41115 -9.10353 23
    endloop
  endfacet
  facet normal 0.747538 -0.664219 0
    outer loop
      vertex -3.41115 -9.10353 24.2
      vertex -3.29755 -8.97568 23
      vertex -3.29755 -8.97568 24.2
    endloop
  endfacet
  facet normal 0.747538 -0.664219 0
    outer loop
      vertex -3.29755 -8.97568 23
      vertex -3.41115 -9.10353 24.2
      vertex -3.41115 -9.10353 23
    endloop
  endfacet
  facet normal 0.789324 -0.613977 0
    outer loop
      vertex -3.29755 -8.97568 24.2
      vertex -3.19254 -8.84068 23
      vertex -3.19254 -8.84068 24.2
    endloop
  endfacet
  facet normal 0.789324 -0.613977 0
    outer loop
      vertex -3.19254 -8.84068 23
      vertex -3.29755 -8.97568 24.2
      vertex -3.29755 -8.97568 23
    endloop
  endfacet
  facet normal 0.827807 -0.561012 0
    outer loop
      vertex -3.19254 -8.84068 24.2
      vertex -3.09659 -8.6991 23
      vertex -3.09659 -8.6991 24.2
    endloop
  endfacet
  facet normal 0.827807 -0.561012 0
    outer loop
      vertex -3.09659 -8.6991 23
      vertex -3.19254 -8.84068 24.2
      vertex -3.19254 -8.84068 23
    endloop
  endfacet
  facet normal 0.862776 -0.505586 0
    outer loop
      vertex -3.09659 -8.6991 24.2
      vertex -3.01012 -8.55154 23
      vertex -3.01012 -8.55154 24.2
    endloop
  endfacet
  facet normal 0.862776 -0.505586 0
    outer loop
      vertex -3.01012 -8.55154 23
      vertex -3.09659 -8.6991 24.2
      vertex -3.09659 -8.6991 23
    endloop
  endfacet
  facet normal 0.893947 -0.448172 0
    outer loop
      vertex -3.01012 -8.55154 24.2
      vertex -2.93347 -8.39865 23
      vertex -2.93347 -8.39865 24.2
    endloop
  endfacet
  facet normal 0.893947 -0.448172 0
    outer loop
      vertex -2.93347 -8.39865 23
      vertex -3.01012 -8.55154 24.2
      vertex -3.01012 -8.55154 23
    endloop
  endfacet
  facet normal 0.921362 -0.388705 0
    outer loop
      vertex -2.93347 -8.39865 24.2
      vertex -2.86699 -8.24107 23
      vertex -2.86699 -8.24107 24.2
    endloop
  endfacet
  facet normal 0.921362 -0.388705 0
    outer loop
      vertex -2.86699 -8.24107 23
      vertex -2.93347 -8.39865 24.2
      vertex -2.93347 -8.39865 23
    endloop
  endfacet
  facet normal 0.944778 -0.327711 0
    outer loop
      vertex -2.86699 -8.24107 24.2
      vertex -2.81094 -8.07948 23
      vertex -2.81094 -8.07948 24.2
    endloop
  endfacet
  facet normal 0.944778 -0.327711 0
    outer loop
      vertex -2.81094 -8.07948 23
      vertex -2.86699 -8.24107 24.2
      vertex -2.86699 -8.24107 23
    endloop
  endfacet
  facet normal 0.964202 -0.26517 0
    outer loop
      vertex -2.81094 -8.07948 24.2
      vertex -2.76559 -7.91458 23
      vertex -2.76559 -7.91458 24.2
    endloop
  endfacet
  facet normal 0.964202 -0.26517 0
    outer loop
      vertex -2.76559 -7.91458 23
      vertex -2.81094 -8.07948 24.2
      vertex -2.81094 -8.07948 23
    endloop
  endfacet
  facet normal 0.979503 -0.201432 0
    outer loop
      vertex -2.76559 -7.91458 24.2
      vertex -2.73114 -7.74706 23
      vertex -2.73114 -7.74706 24.2
    endloop
  endfacet
  facet normal 0.979503 -0.201432 0
    outer loop
      vertex -2.73114 -7.74706 23
      vertex -2.76559 -7.91458 24.2
      vertex -2.76559 -7.91458 23
    endloop
  endfacet
  facet normal 0.990564 -0.137049 0
    outer loop
      vertex -2.73114 -7.74706 24.2
      vertex -2.7077 -7.57764 23
      vertex -2.7077 -7.57764 24.2
    endloop
  endfacet
  facet normal 0.990564 -0.137049 0
    outer loop
      vertex -2.7077 -7.57764 23
      vertex -2.73114 -7.74706 24.2
      vertex -2.73114 -7.74706 23
    endloop
  endfacet
  facet normal 0.99741 -0.0719202 0
    outer loop
      vertex -2.7077 -7.57764 24.2
      vertex -2.6954 -7.40706 23
      vertex -2.6954 -7.40706 24.2
    endloop
  endfacet
  facet normal 0.99741 -0.0719202 0
    outer loop
      vertex -2.6954 -7.40706 23
      vertex -2.7077 -7.57764 24.2
      vertex -2.7077 -7.57764 23
    endloop
  endfacet
  facet normal 0.999979 -0.00648957 0
    outer loop
      vertex -2.6954 -7.40706 24.2
      vertex -2.69429 -7.23602 23
      vertex -2.69429 -7.23602 24.2
    endloop
  endfacet
  facet normal 0.999979 -0.00648957 0
    outer loop
      vertex -2.69429 -7.23602 23
      vertex -2.6954 -7.40706 24.2
      vertex -2.6954 -7.40706 23
    endloop
  endfacet
  facet normal 0.998269 0.0588214 0
    outer loop
      vertex -2.69429 -7.23602 24.2
      vertex -2.70435 -7.06529 23
      vertex -2.70435 -7.06529 24.2
    endloop
  endfacet
  facet normal 0.998269 0.0588214 0
    outer loop
      vertex -2.70435 -7.06529 23
      vertex -2.69429 -7.23602 24.2
      vertex -2.69429 -7.23602 23
    endloop
  endfacet
  facet normal 0.992273 0.124071 0
    outer loop
      vertex -2.70435 -7.06529 24.2
      vertex -2.72557 -6.89558 23
      vertex -2.72557 -6.89558 24.2
    endloop
  endfacet
  facet normal 0.992273 0.124071 0
    outer loop
      vertex -2.72557 -6.89558 23
      vertex -2.70435 -7.06529 24.2
      vertex -2.70435 -7.06529 23
    endloop
  endfacet
  facet normal 0.982048 0.188633 0
    outer loop
      vertex -2.72557 -6.89558 24.2
      vertex -2.75783 -6.72763 23
      vertex -2.75783 -6.72763 24.2
    endloop
  endfacet
  facet normal 0.982048 0.188633 0
    outer loop
      vertex -2.75783 -6.72763 23
      vertex -2.72557 -6.89558 24.2
      vertex -2.72557 -6.89558 23
    endloop
  endfacet
  facet normal 0.967601 0.252484 0
    outer loop
      vertex -2.75783 -6.72763 24.2
      vertex -2.80101 -6.56215 23
      vertex -2.80101 -6.56215 24.2
    endloop
  endfacet
  facet normal 0.967601 0.252484 0
    outer loop
      vertex -2.80101 -6.56215 23
      vertex -2.75783 -6.72763 24.2
      vertex -2.75783 -6.72763 23
    endloop
  endfacet
  facet normal 0.94901 0.315245 0
    outer loop
      vertex -2.80101 -6.56215 24.2
      vertex -2.85493 -6.39983 23
      vertex -2.85493 -6.39983 24.2
    endloop
  endfacet
  facet normal 0.94901 0.315245 0
    outer loop
      vertex -2.85493 -6.39983 23
      vertex -2.80101 -6.56215 24.2
      vertex -2.80101 -6.56215 23
    endloop
  endfacet
  facet normal 0.926377 0.376597 0
    outer loop
      vertex -2.85493 -6.39983 24.2
      vertex -2.91934 -6.24139 23
      vertex -2.91934 -6.24139 24.2
    endloop
  endfacet
  facet normal 0.926377 0.376597 0
    outer loop
      vertex -2.91934 -6.24139 23
      vertex -2.85493 -6.39983 24.2
      vertex -2.85493 -6.39983 23
    endloop
  endfacet
  facet normal 0.899719 0.43647 0
    outer loop
      vertex -2.91934 -6.24139 24.2
      vertex -2.99399 -6.08751 23
      vertex -2.99399 -6.08751 24.2
    endloop
  endfacet
  facet normal 0.899719 0.43647 0
    outer loop
      vertex -2.99399 -6.08751 23
      vertex -2.91934 -6.24139 24.2
      vertex -2.91934 -6.24139 23
    endloop
  endfacet
  facet normal 0.86931 0.494268 0
    outer loop
      vertex -2.99399 -6.08751 24.2
      vertex -3.07852 -5.93884 23
      vertex -3.07852 -5.93884 24.2
    endloop
  endfacet
  facet normal 0.86931 0.494268 0
    outer loop
      vertex -3.07852 -5.93884 23
      vertex -2.99399 -6.08751 24.2
      vertex -2.99399 -6.08751 23
    endloop
  endfacet
  facet normal 0.835069 0.550145 0
    outer loop
      vertex -3.07852 -5.93884 24.2
      vertex -3.17261 -5.79602 23
      vertex -3.17261 -5.79602 24.2
    endloop
  endfacet
  facet normal 0.835069 0.550145 0
    outer loop
      vertex -3.17261 -5.79602 23
      vertex -3.07852 -5.93884 24.2
      vertex -3.07852 -5.93884 23
    endloop
  endfacet
  facet normal 0.797347 0.603521 0
    outer loop
      vertex -3.17261 -5.79602 24.2
      vertex -3.27583 -5.65965 23
      vertex -3.27583 -5.65965 24.2
    endloop
  endfacet
  facet normal 0.797347 0.603521 0
    outer loop
      vertex -3.27583 -5.65965 23
      vertex -3.17261 -5.79602 24.2
      vertex -3.17261 -5.79602 23
    endloop
  endfacet
  facet normal 0.756115 0.654438 0
    outer loop
      vertex -3.27583 -5.65965 24.2
      vertex -3.38776 -5.53033 23
      vertex -3.38776 -5.53033 24.2
    endloop
  endfacet
  facet normal 0.756115 0.654438 0
    outer loop
      vertex -3.38776 -5.53033 23
      vertex -3.27583 -5.65965 24.2
      vertex -3.27583 -5.65965 23
    endloop
  endfacet
  facet normal 0.71174 0.702443 0
    outer loop
      vertex -3.38776 -5.53033 24.2
      vertex -3.5079 -5.4086 23
      vertex -3.5079 -5.4086 24.2
    endloop
  endfacet
  facet normal 0.71174 0.702443 0
    outer loop
      vertex -3.5079 -5.4086 23
      vertex -3.38776 -5.53033 24.2
      vertex -3.38776 -5.53033 23
    endloop
  endfacet
  facet normal 0.66419 0.747564 -0
    outer loop
      vertex -3.5079 -5.4086 23
      vertex -3.63576 -5.295 24.2
      vertex -3.5079 -5.4086 24.2
    endloop
  endfacet
  facet normal 0.66419 0.747564 0
    outer loop
      vertex -3.63576 -5.295 24.2
      vertex -3.5079 -5.4086 23
      vertex -3.63576 -5.295 23
    endloop
  endfacet
  facet normal 0.613969 0.78933 -0
    outer loop
      vertex -3.63576 -5.295 23
      vertex -3.77075 -5.19 24.2
      vertex -3.63576 -5.295 24.2
    endloop
  endfacet
  facet normal 0.613969 0.78933 0
    outer loop
      vertex -3.77075 -5.19 24.2
      vertex -3.63576 -5.295 23
      vertex -3.77075 -5.19 23
    endloop
  endfacet
  facet normal 0.560945 0.827853 -0
    outer loop
      vertex -3.77075 -5.19 23
      vertex -3.91234 -5.09406 24.2
      vertex -3.77075 -5.19 24.2
    endloop
  endfacet
  facet normal 0.560945 0.827853 0
    outer loop
      vertex -3.91234 -5.09406 24.2
      vertex -3.77075 -5.19 23
      vertex -3.91234 -5.09406 23
    endloop
  endfacet
  facet normal 0.505698 0.86271 -0
    outer loop
      vertex -3.91234 -5.09406 23
      vertex -4.05989 -5.00757 24.2
      vertex -3.91234 -5.09406 24.2
    endloop
  endfacet
  facet normal 0.505698 0.86271 0
    outer loop
      vertex -4.05989 -5.00757 24.2
      vertex -3.91234 -5.09406 23
      vertex -4.05989 -5.00757 23
    endloop
  endfacet
  facet normal 0.448172 0.893947 -0
    outer loop
      vertex -4.05989 -5.00757 23
      vertex -4.21278 -4.93092 24.2
      vertex -4.05989 -5.00757 24.2
    endloop
  endfacet
  facet normal 0.448172 0.893947 0
    outer loop
      vertex -4.21278 -4.93092 24.2
      vertex -4.05989 -5.00757 23
      vertex -4.21278 -4.93092 23
    endloop
  endfacet
  facet normal 0.388705 0.921362 -0
    outer loop
      vertex -4.21278 -4.93092 23
      vertex -4.37036 -4.86444 24.2
      vertex -4.21278 -4.93092 24.2
    endloop
  endfacet
  facet normal 0.388705 0.921362 0
    outer loop
      vertex -4.37036 -4.86444 24.2
      vertex -4.21278 -4.93092 23
      vertex -4.37036 -4.86444 23
    endloop
  endfacet
  facet normal 0.327607 0.944814 -0
    outer loop
      vertex -4.37036 -4.86444 23
      vertex -4.53195 -4.80841 24.2
      vertex -4.37036 -4.86444 24.2
    endloop
  endfacet
  facet normal 0.327607 0.944814 0
    outer loop
      vertex -4.53195 -4.80841 24.2
      vertex -4.37036 -4.86444 23
      vertex -4.53195 -4.80841 23
    endloop
  endfacet
  facet normal 0.26517 0.964202 -0
    outer loop
      vertex -4.53195 -4.80841 23
      vertex -4.69685 -4.76306 24.2
      vertex -4.53195 -4.80841 24.2
    endloop
  endfacet
  facet normal 0.26517 0.964202 0
    outer loop
      vertex -4.69685 -4.76306 24.2
      vertex -4.53195 -4.80841 23
      vertex -4.69685 -4.76306 23
    endloop
  endfacet
  facet normal 0.201532 0.979482 -0
    outer loop
      vertex -4.69685 -4.76306 23
      vertex -4.86438 -4.72859 24.2
      vertex -4.69685 -4.76306 24.2
    endloop
  endfacet
  facet normal 0.201532 0.979482 0
    outer loop
      vertex -4.86438 -4.72859 24.2
      vertex -4.69685 -4.76306 23
      vertex -4.86438 -4.72859 23
    endloop
  endfacet
  facet normal 0.136934 0.99058 -0
    outer loop
      vertex -4.86438 -4.72859 23
      vertex -5.0338 -4.70517 24.2
      vertex -4.86438 -4.72859 24.2
    endloop
  endfacet
  facet normal 0.136934 0.99058 0
    outer loop
      vertex -5.0338 -4.70517 24.2
      vertex -4.86438 -4.72859 23
      vertex -5.0338 -4.70517 23
    endloop
  endfacet
  facet normal 0.0719784 0.997406 -0
    outer loop
      vertex -5.0338 -4.70517 23
      vertex -5.20438 -4.69286 24.2
      vertex -5.0338 -4.70517 24.2
    endloop
  endfacet
  facet normal 0.0719784 0.997406 0
    outer loop
      vertex -5.20438 -4.69286 24.2
      vertex -5.0338 -4.70517 23
      vertex -5.20438 -4.69286 23
    endloop
  endfacet
  facet normal 0.0065488 0.999979 -0
    outer loop
      vertex -5.20438 -4.69286 23
      vertex -5.3754 -4.69174 24.2
      vertex -5.20438 -4.69286 24.2
    endloop
  endfacet
  facet normal 0.0065488 0.999979 0
    outer loop
      vertex -5.3754 -4.69174 24.2
      vertex -5.20438 -4.69286 23
      vertex -5.3754 -4.69174 23
    endloop
  endfacet
  facet normal -0.0588763 0.998265 0
    outer loop
      vertex -5.3754 -4.69174 23
      vertex -5.54614 -4.70181 24.2
      vertex -5.3754 -4.69174 24.2
    endloop
  endfacet
  facet normal -0.0588763 0.998265 0
    outer loop
      vertex -5.54614 -4.70181 24.2
      vertex -5.3754 -4.69174 23
      vertex -5.54614 -4.70181 23
    endloop
  endfacet
  facet normal -0.124013 0.992281 0
    outer loop
      vertex -5.54614 -4.70181 23
      vertex -5.71585 -4.72302 24.2
      vertex -5.54614 -4.70181 24.2
    endloop
  endfacet
  facet normal -0.124013 0.992281 0
    outer loop
      vertex -5.71585 -4.72302 24.2
      vertex -5.54614 -4.70181 23
      vertex -5.71585 -4.72302 23
    endloop
  endfacet
  facet normal -0.188689 0.982037 0
    outer loop
      vertex -5.71585 -4.72302 23
      vertex -5.8838 -4.75529 24.2
      vertex -5.71585 -4.72302 24.2
    endloop
  endfacet
  facet normal -0.188689 0.982037 0
    outer loop
      vertex -5.8838 -4.75529 24.2
      vertex -5.71585 -4.72302 23
      vertex -5.8838 -4.75529 23
    endloop
  endfacet
  facet normal -0.252524 0.967591 0
    outer loop
      vertex -5.8838 -4.75529 23
      vertex -6.04929 -4.79848 24.2
      vertex -5.8838 -4.75529 24.2
    endloop
  endfacet
  facet normal -0.252524 0.967591 0
    outer loop
      vertex -6.04929 -4.79848 24.2
      vertex -5.8838 -4.75529 23
      vertex -6.04929 -4.79848 23
    endloop
  endfacet
  facet normal -0.315228 0.949016 0
    outer loop
      vertex -6.04929 -4.79848 23
      vertex -6.21159 -4.85239 24.2
      vertex -6.04929 -4.79848 24.2
    endloop
  endfacet
  facet normal -0.315228 0.949016 0
    outer loop
      vertex -6.21159 -4.85239 24.2
      vertex -6.04929 -4.79848 23
      vertex -6.21159 -4.85239 23
    endloop
  endfacet
  facet normal -0.376626 0.926365 0
    outer loop
      vertex -6.21159 -4.85239 23
      vertex -6.37004 -4.91681 24.2
      vertex -6.21159 -4.85239 24.2
    endloop
  endfacet
  facet normal -0.376626 0.926365 0
    outer loop
      vertex -6.37004 -4.91681 24.2
      vertex -6.21159 -4.85239 23
      vertex -6.37004 -4.91681 23
    endloop
  endfacet
  facet normal -0.436398 0.899754 0
    outer loop
      vertex -6.37004 -4.91681 23
      vertex -6.52391 -4.99144 24.2
      vertex -6.37004 -4.91681 24.2
    endloop
  endfacet
  facet normal -0.436398 0.899754 0
    outer loop
      vertex -6.52391 -4.99144 24.2
      vertex -6.37004 -4.91681 23
      vertex -6.52391 -4.99144 23
    endloop
  endfacet
  facet normal -0.494331 0.869274 0
    outer loop
      vertex -6.52391 -4.99144 23
      vertex -6.67259 -5.07599 24.2
      vertex -6.52391 -4.99144 24.2
    endloop
  endfacet
  facet normal -0.494331 0.869274 0
    outer loop
      vertex -6.67259 -5.07599 24.2
      vertex -6.52391 -4.99144 23
      vertex -6.67259 -5.07599 23
    endloop
  endfacet
  facet normal -0.550104 0.835096 0
    outer loop
      vertex -6.67259 -5.07599 23
      vertex -6.81541 -5.17007 24.2
      vertex -6.67259 -5.07599 24.2
    endloop
  endfacet
  facet normal -0.550104 0.835096 0
    outer loop
      vertex -6.81541 -5.17007 24.2
      vertex -6.67259 -5.07599 23
      vertex -6.81541 -5.17007 23
    endloop
  endfacet
  facet normal -0.603558 0.797319 0
    outer loop
      vertex -6.81541 -5.17007 23
      vertex -6.95178 -5.2733 24.2
      vertex -6.81541 -5.17007 24.2
    endloop
  endfacet
  facet normal -0.603558 0.797319 0
    outer loop
      vertex -6.95178 -5.2733 24.2
      vertex -6.81541 -5.17007 23
      vertex -6.95178 -5.2733 23
    endloop
  endfacet
  facet normal -0.654405 0.756144 0
    outer loop
      vertex -6.95178 -5.2733 23
      vertex -7.0811 -5.38522 24.2
      vertex -6.95178 -5.2733 24.2
    endloop
  endfacet
  facet normal -0.654405 0.756144 0
    outer loop
      vertex -7.0811 -5.38522 24.2
      vertex -6.95178 -5.2733 23
      vertex -7.0811 -5.38522 23
    endloop
  endfacet
  facet normal -0.702472 0.711711 0
    outer loop
      vertex -7.0811 -5.38522 23
      vertex -7.20282 -5.50536 24.2
      vertex -7.0811 -5.38522 24.2
    endloop
  endfacet
  facet normal -0.702472 0.711711 0
    outer loop
      vertex -7.20282 -5.50536 24.2
      vertex -7.0811 -5.38522 23
      vertex -7.20282 -5.50536 23
    endloop
  endfacet
  facet normal -0.74748 0.664284 0
    outer loop
      vertex -7.31644 -5.63321 23
      vertex -7.20282 -5.50536 24.2
      vertex -7.20282 -5.50536 23
    endloop
  endfacet
  facet normal -0.74748 0.664284 0
    outer loop
      vertex -7.20282 -5.50536 24.2
      vertex -7.31644 -5.63321 23
      vertex -7.31644 -5.63321 24.2
    endloop
  endfacet
  facet normal -0.789359 0.613933 0
    outer loop
      vertex -7.42143 -5.7682 23
      vertex -7.31644 -5.63321 24.2
      vertex -7.31644 -5.63321 23
    endloop
  endfacet
  facet normal -0.789359 0.613933 0
    outer loop
      vertex -7.31644 -5.63321 24.2
      vertex -7.42143 -5.7682 23
      vertex -7.42143 -5.7682 24.2
    endloop
  endfacet
  facet normal -0.827826 0.560985 0
    outer loop
      vertex -7.51738 -5.90979 23
      vertex -7.42143 -5.7682 24.2
      vertex -7.42143 -5.7682 23
    endloop
  endfacet
  facet normal -0.827826 0.560985 0
    outer loop
      vertex -7.42143 -5.7682 24.2
      vertex -7.51738 -5.90979 23
      vertex -7.51738 -5.90979 24.2
    endloop
  endfacet
  facet normal -0.86271 0.505698 0
    outer loop
      vertex -7.60387 -6.05734 23
      vertex -7.51738 -5.90979 24.2
      vertex -7.51738 -5.90979 23
    endloop
  endfacet
  facet normal -0.86271 0.505698 0
    outer loop
      vertex -7.51738 -5.90979 24.2
      vertex -7.60387 -6.05734 23
      vertex -7.60387 -6.05734 24.2
    endloop
  endfacet
  facet normal -0.893982 0.448102 0
    outer loop
      vertex -7.68051 -6.21024 23
      vertex -7.60387 -6.05734 24.2
      vertex -7.60387 -6.05734 23
    endloop
  endfacet
  facet normal -0.893982 0.448102 0
    outer loop
      vertex -7.60387 -6.05734 24.2
      vertex -7.68051 -6.21024 23
      vertex -7.68051 -6.21024 24.2
    endloop
  endfacet
  facet normal -0.921353 0.388726 0
    outer loop
      vertex -7.74699 -6.36781 23
      vertex -7.68051 -6.21024 24.2
      vertex -7.68051 -6.21024 23
    endloop
  endfacet
  facet normal -0.921353 0.388726 0
    outer loop
      vertex -7.68051 -6.21024 24.2
      vertex -7.74699 -6.36781 23
      vertex -7.74699 -6.36781 24.2
    endloop
  endfacet
  facet normal -0.944814 0.327607 0
    outer loop
      vertex -7.80302 -6.5294 23
      vertex -7.74699 -6.36781 24.2
      vertex -7.74699 -6.36781 23
    endloop
  endfacet
  facet normal -0.944814 0.327607 0
    outer loop
      vertex -7.74699 -6.36781 24.2
      vertex -7.80302 -6.5294 23
      vertex -7.80302 -6.5294 24.2
    endloop
  endfacet
  facet normal -0.964206 0.265155 0
    outer loop
      vertex -7.84837 -6.69431 23
      vertex -7.80302 -6.5294 24.2
      vertex -7.80302 -6.5294 23
    endloop
  endfacet
  facet normal -0.964206 0.265155 0
    outer loop
      vertex -7.80302 -6.5294 24.2
      vertex -7.84837 -6.69431 23
      vertex -7.84837 -6.69431 24.2
    endloop
  endfacet
  facet normal -0.979479 0.201544 0
    outer loop
      vertex -7.88284 -6.86183 23
      vertex -7.84837 -6.69431 24.2
      vertex -7.84837 -6.69431 23
    endloop
  endfacet
  facet normal -0.979479 0.201544 0
    outer loop
      vertex -7.84837 -6.69431 24.2
      vertex -7.88284 -6.86183 23
      vertex -7.88284 -6.86183 24.2
    endloop
  endfacet
  facet normal -0.990572 0.136992 0
    outer loop
      vertex -7.90627 -7.03125 23
      vertex -7.88284 -6.86183 24.2
      vertex -7.88284 -6.86183 23
    endloop
  endfacet
  facet normal -0.990572 0.136992 0
    outer loop
      vertex -7.88284 -6.86183 24.2
      vertex -7.90627 -7.03125 23
      vertex -7.90627 -7.03125 24.2
    endloop
  endfacet
  facet normal -0.997406 0.0719784 0
    outer loop
      vertex -7.91858 -7.20183 23
      vertex -7.90627 -7.03125 24.2
      vertex -7.90627 -7.03125 23
    endloop
  endfacet
  facet normal -0.997406 0.0719784 0
    outer loop
      vertex -7.90627 -7.03125 24.2
      vertex -7.91858 -7.20183 23
      vertex -7.91858 -7.20183 24.2
    endloop
  endfacet
  facet normal -0.999979 0.00648995 0
    outer loop
      vertex -7.91969 -7.37286 23
      vertex -7.91858 -7.20183 24.2
      vertex -7.91858 -7.20183 23
    endloop
  endfacet
  facet normal -0.999979 0.00648995 0
    outer loop
      vertex -7.91858 -7.20183 24.2
      vertex -7.91969 -7.37286 23
      vertex -7.91969 -7.37286 24.2
    endloop
  endfacet
  facet normal -0.998265 -0.0588797 0
    outer loop
      vertex -7.90962 -7.54359 23
      vertex -7.91969 -7.37286 24.2
      vertex -7.91969 -7.37286 23
    endloop
  endfacet
  facet normal -0.998265 -0.0588797 0
    outer loop
      vertex -7.91969 -7.37286 24.2
      vertex -7.90962 -7.54359 23
      vertex -7.90962 -7.54359 24.2
    endloop
  endfacet
  facet normal -0.992281 -0.124013 0
    outer loop
      vertex -7.88841 -7.7133 23
      vertex -7.90962 -7.54359 24.2
      vertex -7.90962 -7.54359 23
    endloop
  endfacet
  facet normal -0.992281 -0.124013 0
    outer loop
      vertex -7.90962 -7.54359 24.2
      vertex -7.88841 -7.7133 23
      vertex -7.88841 -7.7133 24.2
    endloop
  endfacet
  facet normal -0.982039 -0.188678 0
    outer loop
      vertex -7.85614 -7.88126 23
      vertex -7.88841 -7.7133 24.2
      vertex -7.88841 -7.7133 23
    endloop
  endfacet
  facet normal -0.982039 -0.188678 0
    outer loop
      vertex -7.88841 -7.7133 24.2
      vertex -7.85614 -7.88126 23
      vertex -7.85614 -7.88126 24.2
    endloop
  endfacet
  facet normal -0.967605 -0.252469 0
    outer loop
      vertex -7.81296 -8.04675 23
      vertex -7.85614 -7.88126 24.2
      vertex -7.85614 -7.88126 23
    endloop
  endfacet
  facet normal -0.967605 -0.252469 0
    outer loop
      vertex -7.85614 -7.88126 24.2
      vertex -7.81296 -8.04675 23
      vertex -7.81296 -8.04675 24.2
    endloop
  endfacet
  facet normal -0.949022 -0.31521 0
    outer loop
      vertex -7.75905 -8.20906 23
      vertex -7.81296 -8.04675 24.2
      vertex -7.81296 -8.04675 23
    endloop
  endfacet
  facet normal -0.949022 -0.31521 0
    outer loop
      vertex -7.81296 -8.04675 24.2
      vertex -7.75905 -8.20906 23
      vertex -7.75905 -8.20906 24.2
    endloop
  endfacet
  facet normal -0.926349 -0.376667 0
    outer loop
      vertex -7.69463 -8.36749 23
      vertex -7.75905 -8.20906 24.2
      vertex -7.75905 -8.20906 23
    endloop
  endfacet
  facet normal -0.926349 -0.376667 0
    outer loop
      vertex -7.75905 -8.20906 24.2
      vertex -7.69463 -8.36749 23
      vertex -7.69463 -8.36749 24.2
    endloop
  endfacet
  facet normal -0.899776 -0.436352 0
    outer loop
      vertex -7.62 -8.52138 23
      vertex -7.69463 -8.36749 24.2
      vertex -7.69463 -8.36749 23
    endloop
  endfacet
  facet normal -0.899776 -0.436352 0
    outer loop
      vertex -7.69463 -8.36749 24.2
      vertex -7.62 -8.52138 23
      vertex -7.62 -8.52138 24.2
    endloop
  endfacet
  facet normal -0.869245 -0.494381 0
    outer loop
      vertex -7.53545 -8.67004 23
      vertex -7.62 -8.52138 24.2
      vertex -7.62 -8.52138 23
    endloop
  endfacet
  facet normal -0.869245 -0.494381 0
    outer loop
      vertex -7.62 -8.52138 24.2
      vertex -7.53545 -8.67004 23
      vertex -7.53545 -8.67004 24.2
    endloop
  endfacet
  facet normal -0.835087 -0.550118 0
    outer loop
      vertex -7.44136 -8.81287 23
      vertex -7.53545 -8.67004 24.2
      vertex -7.53545 -8.67004 23
    endloop
  endfacet
  facet normal -0.835087 -0.550118 0
    outer loop
      vertex -7.53545 -8.67004 24.2
      vertex -7.44136 -8.81287 23
      vertex -7.44136 -8.81287 24.2
    endloop
  endfacet
  facet normal -0.797298 -0.603586 0
    outer loop
      vertex -7.33813 -8.94923 23
      vertex -7.44136 -8.81287 24.2
      vertex -7.44136 -8.81287 23
    endloop
  endfacet
  facet normal -0.797298 -0.603586 0
    outer loop
      vertex -7.44136 -8.81287 24.2
      vertex -7.33813 -8.94923 23
      vertex -7.33813 -8.94923 24.2
    endloop
  endfacet
  facet normal -0.756144 -0.654405 0
    outer loop
      vertex -7.22621 -9.07855 23
      vertex -7.33813 -8.94923 24.2
      vertex -7.33813 -8.94923 23
    endloop
  endfacet
  facet normal -0.756144 -0.654405 0
    outer loop
      vertex -7.33813 -8.94923 24.2
      vertex -7.22621 -9.07855 23
      vertex -7.22621 -9.07855 24.2
    endloop
  endfacet
  facet normal -0.711739 -0.702444 0
    outer loop
      vertex -7.10606 -9.20029 23
      vertex -7.22621 -9.07855 24.2
      vertex -7.22621 -9.07855 23
    endloop
  endfacet
  facet normal -0.711739 -0.702444 0
    outer loop
      vertex -7.22621 -9.07855 24.2
      vertex -7.10606 -9.20029 23
      vertex -7.10606 -9.20029 24.2
    endloop
  endfacet
  facet normal -0.664277 -0.747487 0
    outer loop
      vertex -7.10606 -9.20029 23
      vertex -6.97823 -9.31389 24.2
      vertex -7.10606 -9.20029 24.2
    endloop
  endfacet
  facet normal -0.664277 -0.747487 -0
    outer loop
      vertex -6.97823 -9.31389 24.2
      vertex -7.10606 -9.20029 23
      vertex -6.97823 -9.31389 23
    endloop
  endfacet
  facet normal -0.613876 -0.789403 0
    outer loop
      vertex -6.97823 -9.31389 23
      vertex -6.84322 -9.41888 24.2
      vertex -6.97823 -9.31389 24.2
    endloop
  endfacet
  facet normal -0.613876 -0.789403 -0
    outer loop
      vertex -6.84322 -9.41888 24.2
      vertex -6.97823 -9.31389 23
      vertex -6.84322 -9.41888 23
    endloop
  endfacet
  facet normal -0.561092 -0.827753 0
    outer loop
      vertex -6.84322 -9.41888 23
      vertex -6.70164 -9.51485 24.2
      vertex -6.84322 -9.41888 24.2
    endloop
  endfacet
  facet normal -0.561092 -0.827753 -0
    outer loop
      vertex -6.70164 -9.51485 24.2
      vertex -6.84322 -9.41888 23
      vertex -6.70164 -9.51485 23
    endloop
  endfacet
  facet normal -0.505611 -0.862761 0
    outer loop
      vertex -6.70164 -9.51485 23
      vertex -6.55409 -9.60132 24.2
      vertex -6.70164 -9.51485 24.2
    endloop
  endfacet
  facet normal -0.505611 -0.862761 -0
    outer loop
      vertex -6.55409 -9.60132 24.2
      vertex -6.70164 -9.51485 23
      vertex -6.55409 -9.60132 23
    endloop
  endfacet
  facet normal -0.448126 -0.893971 0
    outer loop
      vertex -6.55409 -9.60132 23
      vertex -6.4012 -9.67796 24.2
      vertex -6.55409 -9.60132 24.2
    endloop
  endfacet
  facet normal -0.448126 -0.893971 -0
    outer loop
      vertex -6.4012 -9.67796 24.2
      vertex -6.55409 -9.60132 23
      vertex -6.4012 -9.67796 23
    endloop
  endfacet
  facet normal -0.388755 -0.921341 0
    outer loop
      vertex -6.4012 -9.67796 23
      vertex -6.24362 -9.74445 24.2
      vertex -6.4012 -9.67796 24.2
    endloop
  endfacet
  facet normal -0.388755 -0.921341 -0
    outer loop
      vertex -6.24362 -9.74445 24.2
      vertex -6.4012 -9.67796 23
      vertex -6.24362 -9.74445 23
    endloop
  endfacet
  facet normal -0.327659 -0.944796 0
    outer loop
      vertex -6.24362 -9.74445 23
      vertex -6.08203 -9.80049 24.2
      vertex -6.24362 -9.74445 24.2
    endloop
  endfacet
  facet normal -0.327659 -0.944796 -0
    outer loop
      vertex -6.08203 -9.80049 24.2
      vertex -6.24362 -9.74445 23
      vertex -6.08203 -9.80049 23
    endloop
  endfacet
  facet normal -0.265086 -0.964225 0
    outer loop
      vertex -6.08203 -9.80049 23
      vertex -5.91711 -9.84583 24.2
      vertex -6.08203 -9.80049 24.2
    endloop
  endfacet
  facet normal -0.265086 -0.964225 -0
    outer loop
      vertex -5.91711 -9.84583 24.2
      vertex -6.08203 -9.80049 23
      vertex -5.91711 -9.84583 23
    endloop
  endfacet
  facet normal -0.201499 -0.979489 0
    outer loop
      vertex -5.91711 -9.84583 23
      vertex -5.7496 -9.88029 24.2
      vertex -5.91711 -9.84583 24.2
    endloop
  endfacet
  facet normal -0.201499 -0.979489 -0
    outer loop
      vertex -5.7496 -9.88029 24.2
      vertex -5.91711 -9.84583 23
      vertex -5.7496 -9.88029 23
    endloop
  endfacet
  facet normal -0.137049 -0.990564 0
    outer loop
      vertex -5.7496 -9.88029 23
      vertex -5.58018 -9.90373 24.2
      vertex -5.7496 -9.88029 24.2
    endloop
  endfacet
  facet normal -0.137049 -0.990564 -0
    outer loop
      vertex -5.58018 -9.90373 24.2
      vertex -5.7496 -9.88029 23
      vertex -5.58018 -9.90373 23
    endloop
  endfacet
  facet normal -0.071916 -0.997411 0
    outer loop
      vertex -5.58018 -9.90373 23
      vertex -5.40959 -9.91603 24.2
      vertex -5.58018 -9.90373 24.2
    endloop
  endfacet
  facet normal -0.071916 -0.997411 -0
    outer loop
      vertex -5.40959 -9.91603 24.2
      vertex -5.58018 -9.90373 23
      vertex -5.40959 -9.91603 23
    endloop
  endfacet
  facet normal -0.00649033 -0.999979 0
    outer loop
      vertex -5.40959 -9.91603 23
      vertex -5.23857 -9.91714 24.2
      vertex -5.40959 -9.91603 24.2
    endloop
  endfacet
  facet normal -0.00649033 -0.999979 -0
    outer loop
      vertex -5.23857 -9.91714 24.2
      vertex -5.40959 -9.91603 23
      vertex -5.23857 -9.91714 23
    endloop
  endfacet
  facet normal 0.0588797 -0.998265 0
    outer loop
      vertex -5.23857 -9.91714 23
      vertex -5.06784 -9.90707 24.2
      vertex -5.23857 -9.91714 24.2
    endloop
  endfacet
  facet normal 0.0588797 -0.998265 0
    outer loop
      vertex -5.06784 -9.90707 24.2
      vertex -5.23857 -9.91714 23
      vertex -5.06784 -9.90707 23
    endloop
  endfacet
  facet normal 0.071916 -0.997411 0
    outer loop
      vertex 5.40959 -9.91603 23
      vertex 5.58018 -9.90373 24.2
      vertex 5.40959 -9.91603 24.2
    endloop
  endfacet
  facet normal 0.071916 -0.997411 0
    outer loop
      vertex 5.58018 -9.90373 24.2
      vertex 5.40959 -9.91603 23
      vertex 5.58018 -9.90373 23
    endloop
  endfacet
  facet normal 0.137049 -0.990564 0
    outer loop
      vertex 5.58018 -9.90373 23
      vertex 5.7496 -9.88029 24.2
      vertex 5.58018 -9.90373 24.2
    endloop
  endfacet
  facet normal 0.137049 -0.990564 0
    outer loop
      vertex 5.7496 -9.88029 24.2
      vertex 5.58018 -9.90373 23
      vertex 5.7496 -9.88029 23
    endloop
  endfacet
  facet normal 0.201499 -0.979489 0
    outer loop
      vertex 5.7496 -9.88029 23
      vertex 5.91711 -9.84583 24.2
      vertex 5.7496 -9.88029 24.2
    endloop
  endfacet
  facet normal 0.201499 -0.979489 0
    outer loop
      vertex 5.91711 -9.84583 24.2
      vertex 5.7496 -9.88029 23
      vertex 5.91711 -9.84583 23
    endloop
  endfacet
  facet normal 0.265086 -0.964225 0
    outer loop
      vertex 5.91711 -9.84583 23
      vertex 6.08203 -9.80049 24.2
      vertex 5.91711 -9.84583 24.2
    endloop
  endfacet
  facet normal 0.265086 -0.964225 0
    outer loop
      vertex 6.08203 -9.80049 24.2
      vertex 5.91711 -9.84583 23
      vertex 6.08203 -9.80049 23
    endloop
  endfacet
  facet normal 0.327659 -0.944796 0
    outer loop
      vertex 6.08203 -9.80049 23
      vertex 6.24362 -9.74445 24.2
      vertex 6.08203 -9.80049 24.2
    endloop
  endfacet
  facet normal 0.327659 -0.944796 0
    outer loop
      vertex 6.24362 -9.74445 24.2
      vertex 6.08203 -9.80049 23
      vertex 6.24362 -9.74445 23
    endloop
  endfacet
  facet normal 0.388755 -0.921341 0
    outer loop
      vertex 6.24362 -9.74445 23
      vertex 6.4012 -9.67796 24.2
      vertex 6.24362 -9.74445 24.2
    endloop
  endfacet
  facet normal 0.388755 -0.921341 0
    outer loop
      vertex 6.4012 -9.67796 24.2
      vertex 6.24362 -9.74445 23
      vertex 6.4012 -9.67796 23
    endloop
  endfacet
  facet normal 0.448126 -0.893971 0
    outer loop
      vertex 6.4012 -9.67796 23
      vertex 6.55409 -9.60132 24.2
      vertex 6.4012 -9.67796 24.2
    endloop
  endfacet
  facet normal 0.448126 -0.893971 0
    outer loop
      vertex 6.55409 -9.60132 24.2
      vertex 6.4012 -9.67796 23
      vertex 6.55409 -9.60132 23
    endloop
  endfacet
  facet normal 0.505611 -0.862761 0
    outer loop
      vertex 6.55409 -9.60132 23
      vertex 6.70164 -9.51485 24.2
      vertex 6.55409 -9.60132 24.2
    endloop
  endfacet
  facet normal 0.505611 -0.862761 0
    outer loop
      vertex 6.70164 -9.51485 24.2
      vertex 6.55409 -9.60132 23
      vertex 6.70164 -9.51485 23
    endloop
  endfacet
  facet normal 0.561092 -0.827753 0
    outer loop
      vertex 6.70164 -9.51485 23
      vertex 6.84322 -9.41888 24.2
      vertex 6.70164 -9.51485 24.2
    endloop
  endfacet
  facet normal 0.561092 -0.827753 0
    outer loop
      vertex 6.84322 -9.41888 24.2
      vertex 6.70164 -9.51485 23
      vertex 6.84322 -9.41888 23
    endloop
  endfacet
  facet normal 0.613876 -0.789403 0
    outer loop
      vertex 6.84322 -9.41888 23
      vertex 6.97823 -9.31389 24.2
      vertex 6.84322 -9.41888 24.2
    endloop
  endfacet
  facet normal 0.613876 -0.789403 0
    outer loop
      vertex 6.97823 -9.31389 24.2
      vertex 6.84322 -9.41888 23
      vertex 6.97823 -9.31389 23
    endloop
  endfacet
  facet normal 0.664277 -0.747487 0
    outer loop
      vertex 6.97823 -9.31389 23
      vertex 7.10606 -9.20029 24.2
      vertex 6.97823 -9.31389 24.2
    endloop
  endfacet
  facet normal 0.664277 -0.747487 0
    outer loop
      vertex 7.10606 -9.20029 24.2
      vertex 6.97823 -9.31389 23
      vertex 7.10606 -9.20029 23
    endloop
  endfacet
  facet normal 0.711739 -0.702444 0
    outer loop
      vertex 7.10606 -9.20029 24.2
      vertex 7.22621 -9.07855 23
      vertex 7.22621 -9.07855 24.2
    endloop
  endfacet
  facet normal 0.711739 -0.702444 0
    outer loop
      vertex 7.22621 -9.07855 23
      vertex 7.10606 -9.20029 24.2
      vertex 7.10606 -9.20029 23
    endloop
  endfacet
  facet normal 0.756144 -0.654405 0
    outer loop
      vertex 7.22621 -9.07855 24.2
      vertex 7.33813 -8.94923 23
      vertex 7.33813 -8.94923 24.2
    endloop
  endfacet
  facet normal 0.756144 -0.654405 0
    outer loop
      vertex 7.33813 -8.94923 23
      vertex 7.22621 -9.07855 24.2
      vertex 7.22621 -9.07855 23
    endloop
  endfacet
  facet normal 0.797298 -0.603586 0
    outer loop
      vertex 7.33813 -8.94923 24.2
      vertex 7.44136 -8.81287 23
      vertex 7.44136 -8.81287 24.2
    endloop
  endfacet
  facet normal 0.797298 -0.603586 0
    outer loop
      vertex 7.44136 -8.81287 23
      vertex 7.33813 -8.94923 24.2
      vertex 7.33813 -8.94923 23
    endloop
  endfacet
  facet normal 0.835087 -0.550118 0
    outer loop
      vertex 7.44136 -8.81287 24.2
      vertex 7.53545 -8.67004 23
      vertex 7.53545 -8.67004 24.2
    endloop
  endfacet
  facet normal 0.835087 -0.550118 0
    outer loop
      vertex 7.53545 -8.67004 23
      vertex 7.44136 -8.81287 24.2
      vertex 7.44136 -8.81287 23
    endloop
  endfacet
  facet normal 0.869245 -0.494381 0
    outer loop
      vertex 7.53545 -8.67004 24.2
      vertex 7.62 -8.52138 23
      vertex 7.62 -8.52138 24.2
    endloop
  endfacet
  facet normal 0.869245 -0.494381 0
    outer loop
      vertex 7.62 -8.52138 23
      vertex 7.53545 -8.67004 24.2
      vertex 7.53545 -8.67004 23
    endloop
  endfacet
  facet normal 0.899776 -0.436352 0
    outer loop
      vertex 7.62 -8.52138 24.2
      vertex 7.69463 -8.36749 23
      vertex 7.69463 -8.36749 24.2
    endloop
  endfacet
  facet normal 0.899776 -0.436352 0
    outer loop
      vertex 7.69463 -8.36749 23
      vertex 7.62 -8.52138 24.2
      vertex 7.62 -8.52138 23
    endloop
  endfacet
  facet normal 0.926349 -0.376667 0
    outer loop
      vertex 7.69463 -8.36749 24.2
      vertex 7.75905 -8.20906 23
      vertex 7.75905 -8.20906 24.2
    endloop
  endfacet
  facet normal 0.926349 -0.376667 0
    outer loop
      vertex 7.75905 -8.20906 23
      vertex 7.69463 -8.36749 24.2
      vertex 7.69463 -8.36749 23
    endloop
  endfacet
  facet normal 0.949022 -0.31521 0
    outer loop
      vertex 7.75905 -8.20906 24.2
      vertex 7.81296 -8.04675 23
      vertex 7.81296 -8.04675 24.2
    endloop
  endfacet
  facet normal 0.949022 -0.31521 0
    outer loop
      vertex 7.81296 -8.04675 23
      vertex 7.75905 -8.20906 24.2
      vertex 7.75905 -8.20906 23
    endloop
  endfacet
  facet normal 0.967605 -0.252469 0
    outer loop
      vertex 7.81296 -8.04675 24.2
      vertex 7.85614 -7.88126 23
      vertex 7.85614 -7.88126 24.2
    endloop
  endfacet
  facet normal 0.967605 -0.252469 0
    outer loop
      vertex 7.85614 -7.88126 23
      vertex 7.81296 -8.04675 24.2
      vertex 7.81296 -8.04675 23
    endloop
  endfacet
  facet normal 0.982039 -0.188678 0
    outer loop
      vertex 7.85614 -7.88126 24.2
      vertex 7.88841 -7.7133 23
      vertex 7.88841 -7.7133 24.2
    endloop
  endfacet
  facet normal 0.982039 -0.188678 0
    outer loop
      vertex 7.88841 -7.7133 23
      vertex 7.85614 -7.88126 24.2
      vertex 7.85614 -7.88126 23
    endloop
  endfacet
  facet normal 0.992281 -0.124013 0
    outer loop
      vertex 7.88841 -7.7133 24.2
      vertex 7.90962 -7.54359 23
      vertex 7.90962 -7.54359 24.2
    endloop
  endfacet
  facet normal 0.992281 -0.124013 0
    outer loop
      vertex 7.90962 -7.54359 23
      vertex 7.88841 -7.7133 24.2
      vertex 7.88841 -7.7133 23
    endloop
  endfacet
  facet normal 0.998265 -0.0588797 0
    outer loop
      vertex 7.90962 -7.54359 24.2
      vertex 7.91969 -7.37286 23
      vertex 7.91969 -7.37286 24.2
    endloop
  endfacet
  facet normal 0.998265 -0.0588797 0
    outer loop
      vertex 7.91969 -7.37286 23
      vertex 7.90962 -7.54359 24.2
      vertex 7.90962 -7.54359 23
    endloop
  endfacet
  facet normal 0.999979 0.00648995 0
    outer loop
      vertex 7.91969 -7.37286 24.2
      vertex 7.91858 -7.20183 23
      vertex 7.91858 -7.20183 24.2
    endloop
  endfacet
  facet normal 0.999979 0.00648995 0
    outer loop
      vertex 7.91858 -7.20183 23
      vertex 7.91969 -7.37286 24.2
      vertex 7.91969 -7.37286 23
    endloop
  endfacet
  facet normal 0.997406 0.0719784 0
    outer loop
      vertex 7.91858 -7.20183 24.2
      vertex 7.90627 -7.03125 23
      vertex 7.90627 -7.03125 24.2
    endloop
  endfacet
  facet normal 0.997406 0.0719784 0
    outer loop
      vertex 7.90627 -7.03125 23
      vertex 7.91858 -7.20183 24.2
      vertex 7.91858 -7.20183 23
    endloop
  endfacet
  facet normal 0.990572 0.136992 0
    outer loop
      vertex 7.90627 -7.03125 24.2
      vertex 7.88284 -6.86183 23
      vertex 7.88284 -6.86183 24.2
    endloop
  endfacet
  facet normal 0.990572 0.136992 0
    outer loop
      vertex 7.88284 -6.86183 23
      vertex 7.90627 -7.03125 24.2
      vertex 7.90627 -7.03125 23
    endloop
  endfacet
  facet normal 0.979479 0.201544 0
    outer loop
      vertex 7.88284 -6.86183 24.2
      vertex 7.84837 -6.69431 23
      vertex 7.84837 -6.69431 24.2
    endloop
  endfacet
  facet normal 0.979479 0.201544 0
    outer loop
      vertex 7.84837 -6.69431 23
      vertex 7.88284 -6.86183 24.2
      vertex 7.88284 -6.86183 23
    endloop
  endfacet
  facet normal 0.964206 0.265155 0
    outer loop
      vertex 7.84837 -6.69431 24.2
      vertex 7.80302 -6.5294 23
      vertex 7.80302 -6.5294 24.2
    endloop
  endfacet
  facet normal 0.964206 0.265155 0
    outer loop
      vertex 7.80302 -6.5294 23
      vertex 7.84837 -6.69431 24.2
      vertex 7.84837 -6.69431 23
    endloop
  endfacet
  facet normal 0.944814 0.327607 0
    outer loop
      vertex 7.80302 -6.5294 24.2
      vertex 7.74699 -6.36781 23
      vertex 7.74699 -6.36781 24.2
    endloop
  endfacet
  facet normal 0.944814 0.327607 0
    outer loop
      vertex 7.74699 -6.36781 23
      vertex 7.80302 -6.5294 24.2
      vertex 7.80302 -6.5294 23
    endloop
  endfacet
  facet normal 0.921353 0.388726 0
    outer loop
      vertex 7.74699 -6.36781 24.2
      vertex 7.68051 -6.21024 23
      vertex 7.68051 -6.21024 24.2
    endloop
  endfacet
  facet normal 0.921353 0.388726 0
    outer loop
      vertex 7.68051 -6.21024 23
      vertex 7.74699 -6.36781 24.2
      vertex 7.74699 -6.36781 23
    endloop
  endfacet
  facet normal 0.893982 0.448102 0
    outer loop
      vertex 7.68051 -6.21024 24.2
      vertex 7.60387 -6.05734 23
      vertex 7.60387 -6.05734 24.2
    endloop
  endfacet
  facet normal 0.893982 0.448102 0
    outer loop
      vertex 7.60387 -6.05734 23
      vertex 7.68051 -6.21024 24.2
      vertex 7.68051 -6.21024 23
    endloop
  endfacet
  facet normal 0.86271 0.505698 0
    outer loop
      vertex 7.60387 -6.05734 24.2
      vertex 7.51738 -5.90979 23
      vertex 7.51738 -5.90979 24.2
    endloop
  endfacet
  facet normal 0.86271 0.505698 0
    outer loop
      vertex 7.51738 -5.90979 23
      vertex 7.60387 -6.05734 24.2
      vertex 7.60387 -6.05734 23
    endloop
  endfacet
  facet normal 0.827826 0.560985 0
    outer loop
      vertex 7.51738 -5.90979 24.2
      vertex 7.42143 -5.7682 23
      vertex 7.42143 -5.7682 24.2
    endloop
  endfacet
  facet normal 0.827826 0.560985 0
    outer loop
      vertex 7.42143 -5.7682 23
      vertex 7.51738 -5.90979 24.2
      vertex 7.51738 -5.90979 23
    endloop
  endfacet
  facet normal 0.789359 0.613933 0
    outer loop
      vertex 7.42143 -5.7682 24.2
      vertex 7.31644 -5.63321 23
      vertex 7.31644 -5.63321 24.2
    endloop
  endfacet
  facet normal 0.789359 0.613933 0
    outer loop
      vertex 7.31644 -5.63321 23
      vertex 7.42143 -5.7682 24.2
      vertex 7.42143 -5.7682 23
    endloop
  endfacet
  facet normal 0.74748 0.664284 0
    outer loop
      vertex 7.31644 -5.63321 24.2
      vertex 7.20282 -5.50536 23
      vertex 7.20282 -5.50536 24.2
    endloop
  endfacet
  facet normal 0.74748 0.664284 0
    outer loop
      vertex 7.20282 -5.50536 23
      vertex 7.31644 -5.63321 24.2
      vertex 7.31644 -5.63321 23
    endloop
  endfacet
  facet normal 0.702472 0.711711 -0
    outer loop
      vertex 7.20282 -5.50536 23
      vertex 7.0811 -5.38522 24.2
      vertex 7.20282 -5.50536 24.2
    endloop
  endfacet
  facet normal 0.702472 0.711711 0
    outer loop
      vertex 7.0811 -5.38522 24.2
      vertex 7.20282 -5.50536 23
      vertex 7.0811 -5.38522 23
    endloop
  endfacet
  facet normal 0.654405 0.756144 -0
    outer loop
      vertex 7.0811 -5.38522 23
      vertex 6.95178 -5.2733 24.2
      vertex 7.0811 -5.38522 24.2
    endloop
  endfacet
  facet normal 0.654405 0.756144 0
    outer loop
      vertex 6.95178 -5.2733 24.2
      vertex 7.0811 -5.38522 23
      vertex 6.95178 -5.2733 23
    endloop
  endfacet
  facet normal 0.603558 0.797319 -0
    outer loop
      vertex 6.95178 -5.2733 23
      vertex 6.81541 -5.17007 24.2
      vertex 6.95178 -5.2733 24.2
    endloop
  endfacet
  facet normal 0.603558 0.797319 0
    outer loop
      vertex 6.81541 -5.17007 24.2
      vertex 6.95178 -5.2733 23
      vertex 6.81541 -5.17007 23
    endloop
  endfacet
  facet normal 0.550104 0.835096 -0
    outer loop
      vertex 6.81541 -5.17007 23
      vertex 6.67259 -5.07599 24.2
      vertex 6.81541 -5.17007 24.2
    endloop
  endfacet
  facet normal 0.550104 0.835096 0
    outer loop
      vertex 6.67259 -5.07599 24.2
      vertex 6.81541 -5.17007 23
      vertex 6.67259 -5.07599 23
    endloop
  endfacet
  facet normal 0.494331 0.869274 -0
    outer loop
      vertex 6.67259 -5.07599 23
      vertex 6.52391 -4.99144 24.2
      vertex 6.67259 -5.07599 24.2
    endloop
  endfacet
  facet normal 0.494331 0.869274 0
    outer loop
      vertex 6.52391 -4.99144 24.2
      vertex 6.67259 -5.07599 23
      vertex 6.52391 -4.99144 23
    endloop
  endfacet
  facet normal 0.436398 0.899754 -0
    outer loop
      vertex 6.52391 -4.99144 23
      vertex 6.37004 -4.91681 24.2
      vertex 6.52391 -4.99144 24.2
    endloop
  endfacet
  facet normal 0.436398 0.899754 0
    outer loop
      vertex 6.37004 -4.91681 24.2
      vertex 6.52391 -4.99144 23
      vertex 6.37004 -4.91681 23
    endloop
  endfacet
  facet normal 0.376626 0.926365 -0
    outer loop
      vertex 6.37004 -4.91681 23
      vertex 6.21159 -4.85239 24.2
      vertex 6.37004 -4.91681 24.2
    endloop
  endfacet
  facet normal 0.376626 0.926365 0
    outer loop
      vertex 6.21159 -4.85239 24.2
      vertex 6.37004 -4.91681 23
      vertex 6.21159 -4.85239 23
    endloop
  endfacet
  facet normal 0.315228 0.949016 -0
    outer loop
      vertex 6.21159 -4.85239 23
      vertex 6.04929 -4.79848 24.2
      vertex 6.21159 -4.85239 24.2
    endloop
  endfacet
  facet normal 0.315228 0.949016 0
    outer loop
      vertex 6.04929 -4.79848 24.2
      vertex 6.21159 -4.85239 23
      vertex 6.04929 -4.79848 23
    endloop
  endfacet
  facet normal 0.252524 0.967591 -0
    outer loop
      vertex 6.04929 -4.79848 23
      vertex 5.8838 -4.75529 24.2
      vertex 6.04929 -4.79848 24.2
    endloop
  endfacet
  facet normal 0.252524 0.967591 0
    outer loop
      vertex 5.8838 -4.75529 24.2
      vertex 6.04929 -4.79848 23
      vertex 5.8838 -4.75529 23
    endloop
  endfacet
  facet normal 0.188689 0.982037 -0
    outer loop
      vertex 5.8838 -4.75529 23
      vertex 5.71585 -4.72302 24.2
      vertex 5.8838 -4.75529 24.2
    endloop
  endfacet
  facet normal 0.188689 0.982037 0
    outer loop
      vertex 5.71585 -4.72302 24.2
      vertex 5.8838 -4.75529 23
      vertex 5.71585 -4.72302 23
    endloop
  endfacet
  facet normal 0.124013 0.992281 -0
    outer loop
      vertex 5.71585 -4.72302 23
      vertex 5.54614 -4.70181 24.2
      vertex 5.71585 -4.72302 24.2
    endloop
  endfacet
  facet normal 0.124013 0.992281 0
    outer loop
      vertex 5.54614 -4.70181 24.2
      vertex 5.71585 -4.72302 23
      vertex 5.54614 -4.70181 23
    endloop
  endfacet
  facet normal 0.0588763 0.998265 -0
    outer loop
      vertex 5.54614 -4.70181 23
      vertex 5.3754 -4.69174 24.2
      vertex 5.54614 -4.70181 24.2
    endloop
  endfacet
  facet normal 0.0588763 0.998265 0
    outer loop
      vertex 5.3754 -4.69174 24.2
      vertex 5.54614 -4.70181 23
      vertex 5.3754 -4.69174 23
    endloop
  endfacet
  facet normal -0.0065488 0.999979 0
    outer loop
      vertex 5.3754 -4.69174 23
      vertex 5.20438 -4.69286 24.2
      vertex 5.3754 -4.69174 24.2
    endloop
  endfacet
  facet normal -0.0065488 0.999979 0
    outer loop
      vertex 5.20438 -4.69286 24.2
      vertex 5.3754 -4.69174 23
      vertex 5.20438 -4.69286 23
    endloop
  endfacet
  facet normal -0.0719784 0.997406 0
    outer loop
      vertex 5.20438 -4.69286 23
      vertex 5.0338 -4.70517 24.2
      vertex 5.20438 -4.69286 24.2
    endloop
  endfacet
  facet normal -0.0719784 0.997406 0
    outer loop
      vertex 5.0338 -4.70517 24.2
      vertex 5.20438 -4.69286 23
      vertex 5.0338 -4.70517 23
    endloop
  endfacet
  facet normal -0.136934 0.99058 0
    outer loop
      vertex 5.0338 -4.70517 23
      vertex 4.86438 -4.72859 24.2
      vertex 5.0338 -4.70517 24.2
    endloop
  endfacet
  facet normal -0.136934 0.99058 0
    outer loop
      vertex 4.86438 -4.72859 24.2
      vertex 5.0338 -4.70517 23
      vertex 4.86438 -4.72859 23
    endloop
  endfacet
  facet normal -0.201532 0.979482 0
    outer loop
      vertex 4.86438 -4.72859 23
      vertex 4.69685 -4.76306 24.2
      vertex 4.86438 -4.72859 24.2
    endloop
  endfacet
  facet normal -0.201532 0.979482 0
    outer loop
      vertex 4.69685 -4.76306 24.2
      vertex 4.86438 -4.72859 23
      vertex 4.69685 -4.76306 23
    endloop
  endfacet
  facet normal -0.26517 0.964202 0
    outer loop
      vertex 4.69685 -4.76306 23
      vertex 4.53195 -4.80841 24.2
      vertex 4.69685 -4.76306 24.2
    endloop
  endfacet
  facet normal -0.26517 0.964202 0
    outer loop
      vertex 4.53195 -4.80841 24.2
      vertex 4.69685 -4.76306 23
      vertex 4.53195 -4.80841 23
    endloop
  endfacet
  facet normal -0.327607 0.944814 0
    outer loop
      vertex 4.53195 -4.80841 23
      vertex 4.37036 -4.86444 24.2
      vertex 4.53195 -4.80841 24.2
    endloop
  endfacet
  facet normal -0.327607 0.944814 0
    outer loop
      vertex 4.37036 -4.86444 24.2
      vertex 4.53195 -4.80841 23
      vertex 4.37036 -4.86444 23
    endloop
  endfacet
  facet normal -0.388705 0.921362 0
    outer loop
      vertex 4.37036 -4.86444 23
      vertex 4.21278 -4.93092 24.2
      vertex 4.37036 -4.86444 24.2
    endloop
  endfacet
  facet normal -0.388705 0.921362 0
    outer loop
      vertex 4.21278 -4.93092 24.2
      vertex 4.37036 -4.86444 23
      vertex 4.21278 -4.93092 23
    endloop
  endfacet
  facet normal -0.448172 0.893947 0
    outer loop
      vertex 4.21278 -4.93092 23
      vertex 4.05989 -5.00757 24.2
      vertex 4.21278 -4.93092 24.2
    endloop
  endfacet
  facet normal -0.448172 0.893947 0
    outer loop
      vertex 4.05989 -5.00757 24.2
      vertex 4.21278 -4.93092 23
      vertex 4.05989 -5.00757 23
    endloop
  endfacet
  facet normal -0.505698 0.86271 0
    outer loop
      vertex 4.05989 -5.00757 23
      vertex 3.91234 -5.09406 24.2
      vertex 4.05989 -5.00757 24.2
    endloop
  endfacet
  facet normal -0.505698 0.86271 0
    outer loop
      vertex 3.91234 -5.09406 24.2
      vertex 4.05989 -5.00757 23
      vertex 3.91234 -5.09406 23
    endloop
  endfacet
  facet normal -0.560945 0.827853 0
    outer loop
      vertex 3.91234 -5.09406 23
      vertex 3.77075 -5.19 24.2
      vertex 3.91234 -5.09406 24.2
    endloop
  endfacet
  facet normal -0.560945 0.827853 0
    outer loop
      vertex 3.77075 -5.19 24.2
      vertex 3.91234 -5.09406 23
      vertex 3.77075 -5.19 23
    endloop
  endfacet
  facet normal -0.613969 0.78933 0
    outer loop
      vertex 3.77075 -5.19 23
      vertex 3.63576 -5.295 24.2
      vertex 3.77075 -5.19 24.2
    endloop
  endfacet
  facet normal -0.613969 0.78933 0
    outer loop
      vertex 3.63576 -5.295 24.2
      vertex 3.77075 -5.19 23
      vertex 3.63576 -5.295 23
    endloop
  endfacet
  facet normal -0.66419 0.747564 0
    outer loop
      vertex 3.63576 -5.295 23
      vertex 3.5079 -5.4086 24.2
      vertex 3.63576 -5.295 24.2
    endloop
  endfacet
  facet normal -0.66419 0.747564 0
    outer loop
      vertex 3.5079 -5.4086 24.2
      vertex 3.63576 -5.295 23
      vertex 3.5079 -5.4086 23
    endloop
  endfacet
  facet normal -0.71174 0.702443 0
    outer loop
      vertex 3.38776 -5.53033 23
      vertex 3.5079 -5.4086 24.2
      vertex 3.5079 -5.4086 23
    endloop
  endfacet
  facet normal -0.71174 0.702443 0
    outer loop
      vertex 3.5079 -5.4086 24.2
      vertex 3.38776 -5.53033 23
      vertex 3.38776 -5.53033 24.2
    endloop
  endfacet
  facet normal -0.756115 0.654438 0
    outer loop
      vertex 3.27583 -5.65965 23
      vertex 3.38776 -5.53033 24.2
      vertex 3.38776 -5.53033 23
    endloop
  endfacet
  facet normal -0.756115 0.654438 0
    outer loop
      vertex 3.38776 -5.53033 24.2
      vertex 3.27583 -5.65965 23
      vertex 3.27583 -5.65965 24.2
    endloop
  endfacet
  facet normal -0.797347 0.603521 0
    outer loop
      vertex 3.17261 -5.79602 23
      vertex 3.27583 -5.65965 24.2
      vertex 3.27583 -5.65965 23
    endloop
  endfacet
  facet normal -0.797347 0.603521 0
    outer loop
      vertex 3.27583 -5.65965 24.2
      vertex 3.17261 -5.79602 23
      vertex 3.17261 -5.79602 24.2
    endloop
  endfacet
  facet normal -0.835069 0.550145 0
    outer loop
      vertex 3.07852 -5.93884 23
      vertex 3.17261 -5.79602 24.2
      vertex 3.17261 -5.79602 23
    endloop
  endfacet
  facet normal -0.835069 0.550145 0
    outer loop
      vertex 3.17261 -5.79602 24.2
      vertex 3.07852 -5.93884 23
      vertex 3.07852 -5.93884 24.2
    endloop
  endfacet
  facet normal -0.86931 0.494268 0
    outer loop
      vertex 2.99399 -6.08751 23
      vertex 3.07852 -5.93884 24.2
      vertex 3.07852 -5.93884 23
    endloop
  endfacet
  facet normal -0.86931 0.494268 0
    outer loop
      vertex 3.07852 -5.93884 24.2
      vertex 2.99399 -6.08751 23
      vertex 2.99399 -6.08751 24.2
    endloop
  endfacet
  facet normal -0.899719 0.43647 0
    outer loop
      vertex 2.91934 -6.24139 23
      vertex 2.99399 -6.08751 24.2
      vertex 2.99399 -6.08751 23
    endloop
  endfacet
  facet normal -0.899719 0.43647 0
    outer loop
      vertex 2.99399 -6.08751 24.2
      vertex 2.91934 -6.24139 23
      vertex 2.91934 -6.24139 24.2
    endloop
  endfacet
  facet normal -0.926377 0.376597 0
    outer loop
      vertex 2.85493 -6.39983 23
      vertex 2.91934 -6.24139 24.2
      vertex 2.91934 -6.24139 23
    endloop
  endfacet
  facet normal -0.926377 0.376597 0
    outer loop
      vertex 2.91934 -6.24139 24.2
      vertex 2.85493 -6.39983 23
      vertex 2.85493 -6.39983 24.2
    endloop
  endfacet
  facet normal -0.94901 0.315245 0
    outer loop
      vertex 2.80101 -6.56215 23
      vertex 2.85493 -6.39983 24.2
      vertex 2.85493 -6.39983 23
    endloop
  endfacet
  facet normal -0.94901 0.315245 0
    outer loop
      vertex 2.85493 -6.39983 24.2
      vertex 2.80101 -6.56215 23
      vertex 2.80101 -6.56215 24.2
    endloop
  endfacet
  facet normal -0.967601 0.252484 0
    outer loop
      vertex 2.75783 -6.72763 23
      vertex 2.80101 -6.56215 24.2
      vertex 2.80101 -6.56215 23
    endloop
  endfacet
  facet normal -0.967601 0.252484 0
    outer loop
      vertex 2.80101 -6.56215 24.2
      vertex 2.75783 -6.72763 23
      vertex 2.75783 -6.72763 24.2
    endloop
  endfacet
  facet normal -0.982048 0.188633 0
    outer loop
      vertex 2.72557 -6.89558 23
      vertex 2.75783 -6.72763 24.2
      vertex 2.75783 -6.72763 23
    endloop
  endfacet
  facet normal -0.982048 0.188633 0
    outer loop
      vertex 2.75783 -6.72763 24.2
      vertex 2.72557 -6.89558 23
      vertex 2.72557 -6.89558 24.2
    endloop
  endfacet
  facet normal -0.992273 0.124071 0
    outer loop
      vertex 2.70435 -7.06529 23
      vertex 2.72557 -6.89558 24.2
      vertex 2.72557 -6.89558 23
    endloop
  endfacet
  facet normal -0.992273 0.124071 0
    outer loop
      vertex 2.72557 -6.89558 24.2
      vertex 2.70435 -7.06529 23
      vertex 2.70435 -7.06529 24.2
    endloop
  endfacet
  facet normal -0.998269 0.0588214 0
    outer loop
      vertex 2.69429 -7.23602 23
      vertex 2.70435 -7.06529 24.2
      vertex 2.70435 -7.06529 23
    endloop
  endfacet
  facet normal -0.998269 0.0588214 0
    outer loop
      vertex 2.70435 -7.06529 24.2
      vertex 2.69429 -7.23602 23
      vertex 2.69429 -7.23602 24.2
    endloop
  endfacet
  facet normal -0.999979 -0.00648957 0
    outer loop
      vertex 2.6954 -7.40706 23
      vertex 2.69429 -7.23602 24.2
      vertex 2.69429 -7.23602 23
    endloop
  endfacet
  facet normal -0.999979 -0.00648957 0
    outer loop
      vertex 2.69429 -7.23602 24.2
      vertex 2.6954 -7.40706 23
      vertex 2.6954 -7.40706 24.2
    endloop
  endfacet
  facet normal -0.99741 -0.0719202 0
    outer loop
      vertex 2.7077 -7.57764 23
      vertex 2.6954 -7.40706 24.2
      vertex 2.6954 -7.40706 23
    endloop
  endfacet
  facet normal -0.99741 -0.0719202 0
    outer loop
      vertex 2.6954 -7.40706 24.2
      vertex 2.7077 -7.57764 23
      vertex 2.7077 -7.57764 24.2
    endloop
  endfacet
  facet normal -0.990564 -0.137049 0
    outer loop
      vertex 2.73114 -7.74706 23
      vertex 2.7077 -7.57764 24.2
      vertex 2.7077 -7.57764 23
    endloop
  endfacet
  facet normal -0.990564 -0.137049 0
    outer loop
      vertex 2.7077 -7.57764 24.2
      vertex 2.73114 -7.74706 23
      vertex 2.73114 -7.74706 24.2
    endloop
  endfacet
  facet normal -0.979503 -0.201432 0
    outer loop
      vertex 2.76559 -7.91458 23
      vertex 2.73114 -7.74706 24.2
      vertex 2.73114 -7.74706 23
    endloop
  endfacet
  facet normal -0.979503 -0.201432 0
    outer loop
      vertex 2.73114 -7.74706 24.2
      vertex 2.76559 -7.91458 23
      vertex 2.76559 -7.91458 24.2
    endloop
  endfacet
  facet normal -0.964202 -0.26517 0
    outer loop
      vertex 2.81094 -8.07948 23
      vertex 2.76559 -7.91458 24.2
      vertex 2.76559 -7.91458 23
    endloop
  endfacet
  facet normal -0.964202 -0.26517 0
    outer loop
      vertex 2.76559 -7.91458 24.2
      vertex 2.81094 -8.07948 23
      vertex 2.81094 -8.07948 24.2
    endloop
  endfacet
  facet normal -0.944778 -0.327711 0
    outer loop
      vertex 2.86699 -8.24107 23
      vertex 2.81094 -8.07948 24.2
      vertex 2.81094 -8.07948 23
    endloop
  endfacet
  facet normal -0.944778 -0.327711 0
    outer loop
      vertex 2.81094 -8.07948 24.2
      vertex 2.86699 -8.24107 23
      vertex 2.86699 -8.24107 24.2
    endloop
  endfacet
  facet normal -0.921362 -0.388705 0
    outer loop
      vertex 2.93347 -8.39865 23
      vertex 2.86699 -8.24107 24.2
      vertex 2.86699 -8.24107 23
    endloop
  endfacet
  facet normal -0.921362 -0.388705 0
    outer loop
      vertex 2.86699 -8.24107 24.2
      vertex 2.93347 -8.39865 23
      vertex 2.93347 -8.39865 24.2
    endloop
  endfacet
  facet normal -0.893947 -0.448172 0
    outer loop
      vertex 3.01012 -8.55154 23
      vertex 2.93347 -8.39865 24.2
      vertex 2.93347 -8.39865 23
    endloop
  endfacet
  facet normal -0.893947 -0.448172 0
    outer loop
      vertex 2.93347 -8.39865 24.2
      vertex 3.01012 -8.55154 23
      vertex 3.01012 -8.55154 24.2
    endloop
  endfacet
  facet normal -0.862776 -0.505586 0
    outer loop
      vertex 3.09659 -8.6991 23
      vertex 3.01012 -8.55154 24.2
      vertex 3.01012 -8.55154 23
    endloop
  endfacet
  facet normal -0.862776 -0.505586 0
    outer loop
      vertex 3.01012 -8.55154 24.2
      vertex 3.09659 -8.6991 23
      vertex 3.09659 -8.6991 24.2
    endloop
  endfacet
  facet normal -0.827807 -0.561012 0
    outer loop
      vertex 3.19254 -8.84068 23
      vertex 3.09659 -8.6991 24.2
      vertex 3.09659 -8.6991 23
    endloop
  endfacet
  facet normal -0.827807 -0.561012 0
    outer loop
      vertex 3.09659 -8.6991 24.2
      vertex 3.19254 -8.84068 23
      vertex 3.19254 -8.84068 24.2
    endloop
  endfacet
  facet normal -0.789324 -0.613977 0
    outer loop
      vertex 3.29755 -8.97568 23
      vertex 3.19254 -8.84068 24.2
      vertex 3.19254 -8.84068 23
    endloop
  endfacet
  facet normal -0.789324 -0.613977 0
    outer loop
      vertex 3.19254 -8.84068 24.2
      vertex 3.29755 -8.97568 23
      vertex 3.29755 -8.97568 24.2
    endloop
  endfacet
  facet normal -0.747538 -0.664219 0
    outer loop
      vertex 3.41115 -9.10353 23
      vertex 3.29755 -8.97568 24.2
      vertex 3.29755 -8.97568 23
    endloop
  endfacet
  facet normal -0.747538 -0.664219 0
    outer loop
      vertex 3.29755 -8.97568 24.2
      vertex 3.41115 -9.10353 23
      vertex 3.41115 -9.10353 24.2
    endloop
  endfacet
  facet normal -0.702443 -0.71174 0
    outer loop
      vertex 3.41115 -9.10353 23
      vertex 3.53287 -9.22366 24.2
      vertex 3.41115 -9.10353 24.2
    endloop
  endfacet
  facet normal -0.702443 -0.71174 -0
    outer loop
      vertex 3.53287 -9.22366 24.2
      vertex 3.41115 -9.10353 23
      vertex 3.53287 -9.22366 23
    endloop
  endfacet
  facet normal -0.65441 -0.75614 0
    outer loop
      vertex 3.53287 -9.22366 23
      vertex 3.6622 -9.33559 24.2
      vertex 3.53287 -9.22366 24.2
    endloop
  endfacet
  facet normal -0.65441 -0.75614 -0
    outer loop
      vertex 3.6622 -9.33559 24.2
      vertex 3.53287 -9.22366 23
      vertex 3.6622 -9.33559 23
    endloop
  endfacet
  facet normal -0.603521 -0.797347 0
    outer loop
      vertex 3.6622 -9.33559 23
      vertex 3.79857 -9.43881 24.2
      vertex 3.6622 -9.33559 24.2
    endloop
  endfacet
  facet normal -0.603521 -0.797347 -0
    outer loop
      vertex 3.79857 -9.43881 24.2
      vertex 3.6622 -9.33559 23
      vertex 3.79857 -9.43881 23
    endloop
  endfacet
  facet normal -0.550145 -0.835069 0
    outer loop
      vertex 3.79857 -9.43881 23
      vertex 3.94139 -9.5329 24.2
      vertex 3.79857 -9.43881 24.2
    endloop
  endfacet
  facet normal -0.550145 -0.835069 -0
    outer loop
      vertex 3.94139 -9.5329 24.2
      vertex 3.79857 -9.43881 23
      vertex 3.94139 -9.5329 23
    endloop
  endfacet
  facet normal -0.494356 -0.86926 0
    outer loop
      vertex 3.94139 -9.5329 23
      vertex 4.09006 -9.61745 24.2
      vertex 3.94139 -9.5329 24.2
    endloop
  endfacet
  facet normal -0.494356 -0.86926 -0
    outer loop
      vertex 4.09006 -9.61745 24.2
      vertex 3.94139 -9.5329 23
      vertex 4.09006 -9.61745 23
    endloop
  endfacet
  facet normal -0.436423 -0.899742 0
    outer loop
      vertex 4.09006 -9.61745 23
      vertex 4.24394 -9.69209 24.2
      vertex 4.09006 -9.61745 24.2
    endloop
  endfacet
  facet normal -0.436423 -0.899742 -0
    outer loop
      vertex 4.24394 -9.69209 24.2
      vertex 4.09006 -9.61745 23
      vertex 4.24394 -9.69209 23
    endloop
  endfacet
  facet normal -0.376617 -0.926369 0
    outer loop
      vertex 4.24394 -9.69209 23
      vertex 4.40237 -9.7565 24.2
      vertex 4.24394 -9.69209 24.2
    endloop
  endfacet
  facet normal -0.376617 -0.926369 -0
    outer loop
      vertex 4.40237 -9.7565 24.2
      vertex 4.24394 -9.69209 23
      vertex 4.40237 -9.7565 23
    endloop
  endfacet
  facet normal -0.31521 -0.949022 0
    outer loop
      vertex 4.40237 -9.7565 23
      vertex 4.56468 -9.81041 24.2
      vertex 4.40237 -9.7565 24.2
    endloop
  endfacet
  facet normal -0.31521 -0.949022 -0
    outer loop
      vertex 4.56468 -9.81041 24.2
      vertex 4.40237 -9.7565 23
      vertex 4.56468 -9.81041 23
    endloop
  endfacet
  facet normal -0.252565 -0.96758 0
    outer loop
      vertex 4.56468 -9.81041 23
      vertex 4.73018 -9.85361 24.2
      vertex 4.56468 -9.81041 24.2
    endloop
  endfacet
  facet normal -0.252565 -0.96758 -0
    outer loop
      vertex 4.73018 -9.85361 24.2
      vertex 4.56468 -9.81041 23
      vertex 4.73018 -9.85361 23
    endloop
  endfacet
  facet normal -0.188576 -0.982059 0
    outer loop
      vertex 4.73018 -9.85361 23
      vertex 4.89813 -9.88586 24.2
      vertex 4.73018 -9.85361 24.2
    endloop
  endfacet
  facet normal -0.188576 -0.982059 -0
    outer loop
      vertex 4.89813 -9.88586 24.2
      vertex 4.73018 -9.85361 23
      vertex 4.89813 -9.88586 23
    endloop
  endfacet
  facet normal -0.124013 -0.992281 0
    outer loop
      vertex 4.89813 -9.88586 23
      vertex 5.06784 -9.90707 24.2
      vertex 4.89813 -9.88586 24.2
    endloop
  endfacet
  facet normal -0.124013 -0.992281 -0
    outer loop
      vertex 5.06784 -9.90707 24.2
      vertex 4.89813 -9.88586 23
      vertex 5.06784 -9.90707 23
    endloop
  endfacet
  facet normal -0.0588797 -0.998265 0
    outer loop
      vertex 5.06784 -9.90707 23
      vertex 5.23857 -9.91714 24.2
      vertex 5.06784 -9.90707 24.2
    endloop
  endfacet
  facet normal -0.0588797 -0.998265 -0
    outer loop
      vertex 5.23857 -9.91714 24.2
      vertex 5.06784 -9.90707 23
      vertex 5.23857 -9.91714 23
    endloop
  endfacet
  facet normal 0.00649033 -0.999979 0
    outer loop
      vertex 5.23857 -9.91714 23
      vertex 5.40959 -9.91603 24.2
      vertex 5.23857 -9.91714 24.2
    endloop
  endfacet
  facet normal 0.00649033 -0.999979 0
    outer loop
      vertex 5.40959 -9.91603 24.2
      vertex 5.23857 -9.91714 23
      vertex 5.40959 -9.91603 23
    endloop
  endfacet
endsolid OpenSCAD_Model
