solid OpenSCAD_Model
  facet normal -0 0 -1
    outer loop
      vertex 0.341141 6.43755 23
      vertex 0.170929 6.42079 23
      vertex 0.509888 6.46541 23
    endloop
  endfacet
  facet normal 0 0 -1
    outer loop
      vertex 0.170929 6.42079 23
      vertex 0.840103 6.55389 23
      vertex 0.509888 6.46541 23
    endloop
  endfacet
  facet normal 0 0 -1
    outer loop
      vertex 0.840103 6.55389 23
      vertex 0.676437 6.50424 23
      vertex 0.509888 6.46541 23
    endloop
  endfacet
  facet normal -0 0 -1
    outer loop
      vertex 1.15596 6.68472 23
      vertex 1.00017 6.61414 23
      vertex 1.30679 6.76535 23
    endloop
  endfacet
  facet normal 0 0 -1
    outer loop
      vertex 1.30679 6.76535 23
      vertex 1.00017 6.61414 23
      vertex 0.840103 6.55389 23
    endloop
  endfacet
  facet normal 0 0 -1
    outer loop
      vertex 1.45203 6.85567 23
      vertex 1.30679 6.76535 23
      vertex 0.840103 6.55389 23
    endloop
  endfacet
  facet normal 0 0 -1
    outer loop
      vertex 0.170929 6.42079 23
      vertex 1.45203 6.85567 23
      vertex 0.840103 6.55389 23
    endloop
  endfacet
  facet normal 0 0 -1
    outer loop
      vertex 2.17313 1.45203 23
      vertex 1.965 1.72325 23
      vertex 2.0735 1.59105 23
    endloop
  endfacet
  facet normal 0 0 -1
    outer loop
      vertex 1.965 7.30553 23
      vertex 1.72325 7.06378 23
      vertex 1.45203 6.85567 23
    endloop
  endfacet
  facet normal 0 0 -1
    outer loop
      vertex 1.45203 6.85567 23
      vertex 1.72325 7.06378 23
      vertex 1.59105 6.95528 23
    endloop
  endfacet
  facet normal 0 -0 -1
    outer loop
      vertex 6.76315 4.66217 23
      vertex 6.8895 4.77744 23
      vertex 6.25816 3.97659 23
    endloop
  endfacet
  facet normal 0 0 -1
    outer loop
      vertex 1.965 7.30553 23
      vertex 1.84808 7.18069 23
      vertex 1.72325 7.06378 23
    endloop
  endfacet
  facet normal 0 0 -1
    outer loop
      vertex 2.34406 7.87283 23
      vertex 1.965 7.30553 23
      vertex 1.45203 6.85567 23
    endloop
  endfacet
  facet normal -0 -0 -1
    outer loop
      vertex 9.45934 5.25374 23
      vertex 9.61859 5.19139 23
      vertex 9.29633 5.30551 23
    endloop
  endfacet
  facet normal 0 0 -1
    outer loop
      vertex 2.34406 7.87283 23
      vertex 2.17313 7.57675 23
      vertex 1.965 7.30553 23
    endloop
  endfacet
  facet normal 0 0 -1
    outer loop
      vertex 10.0672 4.94398 23
      vertex 9.77344 5.11877 23
      vertex 9.9232 5.03619 23
    endloop
  endfacet
  facet normal 0 0 -1
    outer loop
      vertex 1.965 7.30553 23
      vertex 2.17313 7.57675 23
      vertex 2.0735 7.43773 23
    endloop
  endfacet
  facet normal -0 -0 -1
    outer loop
      vertex 10.5743 4.48744 23
      vertex 10.681 4.35382 23
      vertex 10.459 4.61378 23
    endloop
  endfacet
  facet normal 0 0 -1
    outer loop
      vertex 2.34406 7.87283 23
      vertex 2.26344 7.72198 23
      vertex 2.17313 7.57675 23
    endloop
  endfacet
  facet normal -0 -0 -1
    outer loop
      vertex 11.0144 3.75853 23
      vertex 11.0726 3.59769 23
      vertex 10.9459 3.91522 23
    endloop
  endfacet
  facet normal 0 0 -1
    outer loop
      vertex 0.676437 11.5533 23
      vertex 1.59105 11.1023 23
      vertex 2.34406 10.1848 23
    endloop
  endfacet
  facet normal -0 0 -1
    outer loop
      vertex 11.1969 2.92683 23
      vertex 11.1924 2.58499 23
      vertex 11.1824 3.09724 23
    endloop
  endfacet
  facet normal 0 0 -1
    outer loop
      vertex 2.56337 8.51891 23
      vertex 2.47488 8.18867 23
      vertex 2.34406 7.87283 23
    endloop
  endfacet
  facet normal 0 0 -1
    outer loop
      vertex 11.0506 1.9176 23
      vertex 11.1434 2.24664 23
      vertex 11.1024 2.08061 23
    endloop
  endfacet
  facet normal 0 0 -1
    outer loop
      vertex 2.34406 7.87283 23
      vertex 2.47488 8.18867 23
      vertex 2.41464 8.02861 23
    endloop
  endfacet
  facet normal -0 0 -1
    outer loop
      vertex 10.5292 1.0412 23
      vertex 10.4106 0.917923 23
      vertex 10.6394 1.17198 23
    endloop
  endfacet
  facet normal 0 0 -1
    outer loop
      vertex 2.61359 9.02879 23
      vertex 2.56337 8.51891 23
      vertex 2.34406 7.87283 23
    endloop
  endfacet
  facet normal 0 0 -1
    outer loop
      vertex 9.39453 0.304367 23
      vertex 10.1507 0.695892 23
      vertex 9.86395 0.509689 23
    endloop
  endfacet
  facet normal 0 0 -1
    outer loop
      vertex 2.47488 8.18867 23
      vertex 2.56337 8.51891 23
      vertex 2.52454 8.35234 23
    endloop
  endfacet
  facet normal 0 0 -1
    outer loop
      vertex 6.01706 2.31375 23
      vertex 5.98135 2.9951 23
      vertex 6.83806 0.847763 23
    endloop
  endfacet
  facet normal 0 0 -1
    outer loop
      vertex 2.61359 9.02879 23
      vertex 2.59123 8.68765 23
      vertex 2.56337 8.51891 23
    endloop
  endfacet
  facet normal 0 0 -1
    outer loop
      vertex 8.89409 0.194565 23
      vertex 8.72368 0.180023 23
      vertex 8.38184 0.184509 23
    endloop
  endfacet
  facet normal 0 -0 -1
    outer loop
      vertex -0.676437 11.5533 23
      vertex 0.676437 11.5533 23
      vertex -2.34406 10.1848 23
    endloop
  endfacet
  facet normal 0 0 -1
    outer loop
      vertex 9.39453 0.304367 23
      vertex 9.23024 0.256866 23
      vertex 9.06319 0.220215 23
    endloop
  endfacet
  facet normal 0 0 -1
    outer loop
      vertex 2.59123 8.68765 23
      vertex 2.61359 9.02879 23
      vertex 2.608 8.85785 23
    endloop
  endfacet
  facet normal 0 0 -1
    outer loop
      vertex 10.1507 0.695892 23
      vertex 10.0104 0.598099 23
      vertex 9.86395 0.509689 23
    endloop
  endfacet
  facet normal 0 0 -1
    outer loop
      vertex 2.56337 9.53868 23
      vertex 2.59123 9.36993 23
      vertex 2.61359 9.02879 23
    endloop
  endfacet
  facet normal 0 0 -1
    outer loop
      vertex 9.86395 0.509689 23
      vertex 9.71208 0.431046 23
      vertex 9.55537 0.362503 23
    endloop
  endfacet
  facet normal 0 0 -1
    outer loop
      vertex 2.61359 9.02879 23
      vertex 2.59123 9.36993 23
      vertex 2.608 9.19974 23
    endloop
  endfacet
  facet normal 0 0 -1
    outer loop
      vertex 9.86395 0.509689 23
      vertex 9.55537 0.362503 23
      vertex 9.39453 0.304367 23
    endloop
  endfacet
  facet normal -0 -0 -1
    outer loop
      vertex 2.47488 9.86891 23
      vertex 2.56337 9.53868 23
      vertex 2.34406 10.1848 23
    endloop
  endfacet
  facet normal -0 -0 -1
    outer loop
      vertex 9.77344 5.11877 23
      vertex 10.459 4.61378 23
      vertex 9.61859 5.19139 23
    endloop
  endfacet
  facet normal 0 0 -1
    outer loop
      vertex 2.47488 9.86891 23
      vertex 2.52454 9.70525 23
      vertex 2.56337 9.53868 23
    endloop
  endfacet
  facet normal -0 -0 -1
    outer loop
      vertex 10.459 4.61378 23
      vertex 10.9156 1.6035 23
      vertex 9.61859 5.19139 23
    endloop
  endfacet
  facet normal 0 0 -1
    outer loop
      vertex 2.34406 10.1848 23
      vertex 2.56337 9.53868 23
      vertex 2.61359 9.02879 23
    endloop
  endfacet
  facet normal -0 0 -1
    outer loop
      vertex 10.2843 0.802643 23
      vertex 10.1507 0.695892 23
      vertex 10.4106 0.917923 23
    endloop
  endfacet
  facet normal 0 0 -1
    outer loop
      vertex 2.34406 10.1848 23
      vertex 2.41464 10.029 23
      vertex 2.47488 9.86891 23
    endloop
  endfacet
  facet normal 0 0 -1
    outer loop
      vertex 10.9156 1.6035 23
      vertex 10.6394 1.17198 23
      vertex 10.4106 0.917923 23
    endloop
  endfacet
  facet normal 0 -0 -1
    outer loop
      vertex -1.59105 11.1023 23
      vertex -0.676437 11.5533 23
      vertex -2.34406 10.1848 23
    endloop
  endfacet
  facet normal 0 0 -1
    outer loop
      vertex 10.6394 1.17198 23
      vertex 10.9156 1.6035 23
      vertex 10.7408 1.30969 23
    endloop
  endfacet
  facet normal 0 0 -1
    outer loop
      vertex 1.965 10.7521 23
      vertex 2.26344 10.3356 23
      vertex 2.34406 10.1848 23
    endloop
  endfacet
  facet normal 0 0 -1
    outer loop
      vertex 10.9156 1.6035 23
      vertex 10.833 1.45374 23
      vertex 10.7408 1.30969 23
    endloop
  endfacet
  facet normal -0 -0 -1
    outer loop
      vertex 2.0735 10.6199 23
      vertex 2.17313 10.4808 23
      vertex 1.965 10.7521 23
    endloop
  endfacet
  facet normal 0 0 -1
    outer loop
      vertex 10.459 4.61378 23
      vertex 10.681 4.35382 23
      vertex 11.1924 2.58499 23
    endloop
  endfacet
  facet normal 0 0 -1
    outer loop
      vertex 1.965 10.7521 23
      vertex 2.17313 10.4808 23
      vertex 2.26344 10.3356 23
    endloop
  endfacet
  facet normal -0 0 -1
    outer loop
      vertex 10.9883 1.75835 23
      vertex 10.9156 1.6035 23
      vertex 11.0506 1.9176 23
    endloop
  endfacet
  facet normal -0 -0 -1
    outer loop
      vertex 1.72325 10.9938 23
      vertex 1.965 10.7521 23
      vertex 1.59105 11.1023 23
    endloop
  endfacet
  facet normal 0 0 -1
    outer loop
      vertex 11.1924 2.58499 23
      vertex 11.0726 3.59769 23
      vertex 11.1567 3.26634 23
    endloop
  endfacet
  facet normal 0 0 -1
    outer loop
      vertex 1.59105 11.1023 23
      vertex 1.965 10.7521 23
      vertex 2.34406 10.1848 23
    endloop
  endfacet
  facet normal -0 -0 -1
    outer loop
      vertex 9.61859 5.19139 23
      vertex 10.9156 1.6035 23
      vertex 7.61841 5.21758 23
    endloop
  endfacet
  facet normal 0 0 -1
    outer loop
      vertex 1.965 10.7521 23
      vertex 1.72325 10.9938 23
      vertex 1.84808 10.8769 23
    endloop
  endfacet
  facet normal 0 0 -1
    outer loop
      vertex 6.25816 3.97659 23
      vertex 7.61841 5.21758 23
      vertex 8.38184 0.184509 23
    endloop
  endfacet
  facet normal 0 0 -1
    outer loop
      vertex 0.676437 11.5533 23
      vertex -0.676437 11.5533 23
      vertex 0.341141 11.62 23
    endloop
  endfacet
  facet normal -0 -0 -1
    outer loop
      vertex 1.30679 11.2922 23
      vertex 1.45203 11.2019 23
      vertex 0.676437 11.5533 23
    endloop
  endfacet
  facet normal -0 -0 -1
    outer loop
      vertex 1.00017 11.4435 23
      vertex 1.30679 11.2922 23
      vertex 0.676437 11.5533 23
    endloop
  endfacet
  facet normal -0 -0 -1
    outer loop
      vertex 0.840103 11.5037 23
      vertex 1.00017 11.4435 23
      vertex 0.676437 11.5533 23
    endloop
  endfacet
  facet normal 0 0 -1
    outer loop
      vertex 1.30679 11.2922 23
      vertex 1.00017 11.4435 23
      vertex 1.15596 11.3729 23
    endloop
  endfacet
  facet normal 0 0 -1
    outer loop
      vertex 0.676437 11.5533 23
      vertex 1.45203 11.2019 23
      vertex 1.59105 11.1023 23
    endloop
  endfacet
  facet normal 0 0 -1
    outer loop
      vertex -2.34406 10.1848 23
      vertex 0.676437 11.5533 23
      vertex 2.34406 10.1848 23
    endloop
  endfacet
  facet normal 0 -0 -1
    outer loop
      vertex -0.341141 11.62 23
      vertex 0.341141 11.62 23
      vertex -0.676437 11.5533 23
    endloop
  endfacet
  facet normal 0 0 -1
    outer loop
      vertex 0.676437 11.5533 23
      vertex 0.341141 11.62 23
      vertex 0.509888 11.5922 23
    endloop
  endfacet
  facet normal 0 0 -1
    outer loop
      vertex -0.341141 11.62 23
      vertex 0.170929 11.6368 23
      vertex 0.341141 11.62 23
    endloop
  endfacet
  facet normal 0 0 -1
    outer loop
      vertex -0.170929 11.6368 23
      vertex 0 11.6424 23
      vertex 0.170929 11.6368 23
    endloop
  endfacet
  facet normal 0 0 -1
    outer loop
      vertex -0.341141 11.62 23
      vertex -0.170929 11.6368 23
      vertex 0.170929 11.6368 23
    endloop
  endfacet
  facet normal 0 0 -1
    outer loop
      vertex -0.676437 11.5533 23
      vertex -1.59105 11.1023 23
      vertex -1.45203 11.2019 23
    endloop
  endfacet
  facet normal 0 0 -1
    outer loop
      vertex -2.61359 9.02879 23
      vertex -2.34406 10.1848 23
      vertex 2.34406 10.1848 23
    endloop
  endfacet
  facet normal 0 0 -1
    outer loop
      vertex -0.341141 11.62 23
      vertex -0.676437 11.5533 23
      vertex -0.509888 11.5922 23
    endloop
  endfacet
  facet normal 0 0 -1
    outer loop
      vertex -1.30679 11.2922 23
      vertex -1.00017 11.4435 23
      vertex -0.676437 11.5533 23
    endloop
  endfacet
  facet normal 0 0 -1
    outer loop
      vertex -0.676437 11.5533 23
      vertex -1.00017 11.4435 23
      vertex -0.840103 11.5037 23
    endloop
  endfacet
  facet normal 0 0 -1
    outer loop
      vertex -1.30679 11.2922 23
      vertex -1.15596 11.3729 23
      vertex -1.00017 11.4435 23
    endloop
  endfacet
  facet normal 0 0 -1
    outer loop
      vertex -1.45203 11.2019 23
      vertex -1.30679 11.2922 23
      vertex -0.676437 11.5533 23
    endloop
  endfacet
  facet normal 0 0 -1
    outer loop
      vertex 2.61359 9.02879 23
      vertex -2.61359 9.02879 23
      vertex 2.34406 10.1848 23
    endloop
  endfacet
  facet normal 0 -0 -1
    outer loop
      vertex -1.965 10.7521 23
      vertex -1.59105 11.1023 23
      vertex -2.34406 10.1848 23
    endloop
  endfacet
  facet normal 0 -0 -1
    outer loop
      vertex -1.84808 10.8769 23
      vertex -1.72325 10.9938 23
      vertex -1.965 10.7521 23
    endloop
  endfacet
  facet normal 0 0 -1
    outer loop
      vertex -1.965 10.7521 23
      vertex -1.72325 10.9938 23
      vertex -1.59105 11.1023 23
    endloop
  endfacet
  facet normal -0 0 -1
    outer loop
      vertex 2.61359 9.02879 23
      vertex 2.34406 7.87283 23
      vertex -2.61359 9.02879 23
    endloop
  endfacet
  facet normal 0 0 -1
    outer loop
      vertex -2.26344 10.3356 23
      vertex -2.17313 10.4808 23
      vertex -1.965 10.7521 23
    endloop
  endfacet
  facet normal 0 0 -1
    outer loop
      vertex -1.965 10.7521 23
      vertex -2.17313 10.4808 23
      vertex -2.0735 10.6199 23
    endloop
  endfacet
  facet normal 0 0 -1
    outer loop
      vertex -2.34406 10.1848 23
      vertex -2.26344 10.3356 23
      vertex -1.965 10.7521 23
    endloop
  endfacet
  facet normal 0 -0 -1
    outer loop
      vertex -2.56337 9.53868 23
      vertex -2.34406 10.1848 23
      vertex -2.61359 9.02879 23
    endloop
  endfacet
  facet normal 0 0 -1
    outer loop
      vertex -2.47488 9.86891 23
      vertex -2.41464 10.029 23
      vertex -2.34406 10.1848 23
    endloop
  endfacet
  facet normal 0 0 -1
    outer loop
      vertex -6.43295 4.2704 23
      vertex -6.34074 4.12636 23
      vertex -6.25816 3.97659 23
    endloop
  endfacet
  facet normal 0 0 -1
    outer loop
      vertex -2.56337 9.53868 23
      vertex -2.47488 9.86891 23
      vertex -2.34406 10.1848 23
    endloop
  endfacet
  facet normal 0 0 -1
    outer loop
      vertex -2.56337 9.53868 23
      vertex -2.52454 9.70525 23
      vertex -2.47488 9.86891 23
    endloop
  endfacet
  facet normal 0 0 -1
    outer loop
      vertex -8.38184 0.184509 23
      vertex -6.25816 3.97659 23
      vertex -5.98135 2.9951 23
    endloop
  endfacet
  facet normal 0 0 -1
    outer loop
      vertex -2.61359 9.02879 23
      vertex 2.34406 7.87283 23
      vertex -2.34406 7.87283 23
    endloop
  endfacet
  facet normal 0 0 -1
    outer loop
      vertex -6.03041 3.33345 23
      vertex -6.1232 3.66248 23
      vertex -6.07141 3.49948 23
    endloop
  endfacet
  facet normal 0 0 -1
    outer loop
      vertex -2.61359 9.02879 23
      vertex -2.59123 9.36993 23
      vertex -2.56337 9.53868 23
    endloop
  endfacet
  facet normal 0 0 -1
    outer loop
      vertex -6.25816 3.97659 23
      vertex -6.03041 3.33345 23
      vertex -5.98135 2.9951 23
    endloop
  endfacet
  facet normal 0 0 -1
    outer loop
      vertex -2.56337 8.51891 23
      vertex -2.34406 7.87283 23
      vertex -2.47488 8.18867 23
    endloop
  endfacet
  facet normal 0 0 -1
    outer loop
      vertex -6.03041 3.33345 23
      vertex -6.00034 3.16508 23
      vertex -5.98135 2.9951 23
    endloop
  endfacet
  facet normal 0 0 -1
    outer loop
      vertex -2.59123 9.36993 23
      vertex -2.61359 9.02879 23
      vertex -2.608 9.19974 23
    endloop
  endfacet
  facet normal 0 -0 -1
    outer loop
      vertex -5.98135 2.9951 23
      vertex -5.97687 2.65326 23
      vertex -5.99141 2.48285 23
    endloop
  endfacet
  facet normal 0 0 -1
    outer loop
      vertex -2.56337 8.51891 23
      vertex -2.59123 8.68765 23
      vertex -2.61359 9.02879 23
    endloop
  endfacet
  facet normal 0 0 -1
    outer loop
      vertex -5.98135 2.9951 23
      vertex -5.99141 2.48285 23
      vertex -6.01706 2.31375 23
    endloop
  endfacet
  facet normal 0 0 -1
    outer loop
      vertex -2.61359 9.02879 23
      vertex -2.59123 8.68765 23
      vertex -2.608 8.85785 23
    endloop
  endfacet
  facet normal -0 0 -1
    outer loop
      vertex -6.05371 2.1467 23
      vertex -6.39494 1.36658 23
      vertex -6.01706 2.31375 23
    endloop
  endfacet
  facet normal 0 0 -1
    outer loop
      vertex -2.56337 8.51891 23
      vertex -2.61359 9.02879 23
      vertex -2.34406 7.87283 23
    endloop
  endfacet
  facet normal -0 0 -1
    outer loop
      vertex -6.15935 1.82155 23
      vertex -6.22789 1.66486 23
      vertex -6.10121 1.98239 23
    endloop
  endfacet
  facet normal 0 0 -1
    outer loop
      vertex -2.47488 8.18867 23
      vertex -2.52454 8.35234 23
      vertex -2.56337 8.51891 23
    endloop
  endfacet
  facet normal 0 0 -1
    outer loop
      vertex -6.39494 1.36658 23
      vertex -6.49274 1.22626 23
      vertex -6.83806 0.847763 23
    endloop
  endfacet
  facet normal 0 0 -1
    outer loop
      vertex -2.34406 7.87283 23
      vertex 2.34406 7.87283 23
      vertex 1.45203 6.85567 23
    endloop
  endfacet
  facet normal 0 0 -1
    outer loop
      vertex -6.83806 0.847763 23
      vertex -6.96883 0.737534 23
      vertex -7.10654 0.636108 23
    endloop
  endfacet
  facet normal 0 0 -1
    outer loop
      vertex -2.34406 7.87283 23
      vertex -2.41464 8.02861 23
      vertex -2.47488 8.18867 23
    endloop
  endfacet
  facet normal 0 0 -1
    outer loop
      vertex -7.25058 0.5439 23
      vertex -7.55519 0.388687 23
      vertex -7.71445 0.326355 23
    endloop
  endfacet
  facet normal 0 0 -1
    outer loop
      vertex -1.965 7.30553 23
      vertex -1.45203 6.85567 23
      vertex -1.72325 7.06378 23
    endloop
  endfacet
  facet normal 0 0 -1
    outer loop
      vertex -7.87746 0.274567 23
      vertex -8.04349 0.233551 23
      vertex -8.21185 0.203491 23
    endloop
  endfacet
  facet normal 0 0 -1
    outer loop
      vertex -1.965 7.30553 23
      vertex -2.17313 7.57675 23
      vertex -2.34406 7.87283 23
    endloop
  endfacet
  facet normal 0 0 -1
    outer loop
      vertex -7.87746 0.274567 23
      vertex -8.21185 0.203491 23
      vertex -8.38184 0.184509 23
    endloop
  endfacet
  facet normal 0 0 -1
    outer loop
      vertex -2.34406 7.87283 23
      vertex -2.17313 7.57675 23
      vertex -2.26344 7.72198 23
    endloop
  endfacet
  facet normal -0 0 -1
    outer loop
      vertex -7.87746 0.274567 23
      vertex -8.38184 0.184509 23
      vertex -7.71445 0.326355 23
    endloop
  endfacet
  facet normal 0 0 -1
    outer loop
      vertex -1.965 7.30553 23
      vertex -2.0735 7.43773 23
      vertex -2.17313 7.57675 23
    endloop
  endfacet
  facet normal -0 0 -1
    outer loop
      vertex -7.40034 0.461304 23
      vertex -7.55519 0.388687 23
      vertex -7.25058 0.5439 23
    endloop
  endfacet
  facet normal 0 0 -1
    outer loop
      vertex -1.965 7.30553 23
      vertex -2.34406 7.87283 23
      vertex -1.45203 6.85567 23
    endloop
  endfacet
  facet normal -0 0 -1
    outer loop
      vertex -7.71445 0.326355 23
      vertex -8.38184 0.184509 23
      vertex -7.25058 0.5439 23
    endloop
  endfacet
  facet normal 0 0 -1
    outer loop
      vertex -1.72325 7.06378 23
      vertex -1.84808 7.18069 23
      vertex -1.965 7.30553 23
    endloop
  endfacet
  facet normal 0 0 -1
    outer loop
      vertex -8.38184 0.184509 23
      vertex -7.10654 0.636108 23
      vertex -7.25058 0.5439 23
    endloop
  endfacet
  facet normal 0 0 -1
    outer loop
      vertex -1.45203 6.85567 23
      vertex -2.34406 7.87283 23
      vertex 1.45203 6.85567 23
    endloop
  endfacet
  facet normal -0 0 -1
    outer loop
      vertex -7.10654 0.636108 23
      vertex -8.38184 0.184509 23
      vertex -6.83806 0.847763 23
    endloop
  endfacet
  facet normal 0 0 -1
    outer loop
      vertex 0.170929 6.42079 23
      vertex -1.45203 6.85567 23
      vertex 1.45203 6.85567 23
    endloop
  endfacet
  facet normal 0 0 -1
    outer loop
      vertex -6.59949 1.09265 23
      vertex -6.71477 0.966293 23
      vertex -6.83806 0.847763 23
    endloop
  endfacet
  facet normal 0 0 -1
    outer loop
      vertex -1.72325 7.06378 23
      vertex -1.45203 6.85567 23
      vertex -1.59105 6.95528 23
    endloop
  endfacet
  facet normal -0 0 -1
    outer loop
      vertex -6.59949 1.09265 23
      vertex -6.83806 0.847763 23
      vertex -6.49274 1.22626 23
    endloop
  endfacet
  facet normal 0 0 -1
    outer loop
      vertex -1.00017 6.61414 23
      vertex -1.30679 6.76535 23
      vertex -0.840103 6.55389 23
    endloop
  endfacet
  facet normal -0 0 -1
    outer loop
      vertex -6.10121 1.98239 23
      vertex -6.39494 1.36658 23
      vertex -6.05371 2.1467 23
    endloop
  endfacet
  facet normal 0 0 -1
    outer loop
      vertex -0.840103 6.55389 23
      vertex -1.30679 6.76535 23
      vertex -1.45203 6.85567 23
    endloop
  endfacet
  facet normal -0 0 -1
    outer loop
      vertex -6.30653 1.51299 23
      vertex -6.39494 1.36658 23
      vertex -6.10121 1.98239 23
    endloop
  endfacet
  facet normal 0 0 -1
    outer loop
      vertex -1.30679 6.76535 23
      vertex -1.00017 6.61414 23
      vertex -1.15596 6.68472 23
    endloop
  endfacet
  facet normal 0 0 -1
    outer loop
      vertex -6.10121 1.98239 23
      vertex -6.22789 1.66486 23
      vertex -6.30653 1.51299 23
    endloop
  endfacet
  facet normal 0 0 -1
    outer loop
      vertex -0.170929 6.42079 23
      vertex -0.840103 6.55389 23
      vertex -1.45203 6.85567 23
    endloop
  endfacet
  facet normal 0 0 -1
    outer loop
      vertex -0.170929 6.42079 23
      vertex -0.509888 6.46541 23
      vertex -0.840103 6.55389 23
    endloop
  endfacet
  facet normal 0 0 -1
    outer loop
      vertex -0.840103 6.55389 23
      vertex -0.509888 6.46541 23
      vertex -0.676437 6.50424 23
    endloop
  endfacet
  facet normal 0 0 -1
    outer loop
      vertex 0.170929 6.42079 23
      vertex -0.170929 6.42079 23
      vertex -1.45203 6.85567 23
    endloop
  endfacet
  facet normal 0 0 -1
    outer loop
      vertex -0.509888 6.46541 23
      vertex -0.170929 6.42079 23
      vertex -0.341141 6.43755 23
    endloop
  endfacet
  facet normal -0 0 -1
    outer loop
      vertex 0.170929 6.42079 23
      vertex 0 6.41519 23
      vertex -0.170929 6.42079 23
    endloop
  endfacet
  facet normal 0 0 -1
    outer loop
      vertex 1.72325 -1.965 23
      vertex 1.965 -1.72325 23
      vertex 1.84808 -1.84808 23
    endloop
  endfacet
  facet normal 0 0 -1
    outer loop
      vertex 0.840103 -2.47488 23
      vertex 0.509888 -2.56337 23
      vertex 0 -2.61359 23
    endloop
  endfacet
  facet normal -0 -0 -1
    outer loop
      vertex 0.170929 2.608 23
      vertex 0.341141 2.59123 23
      vertex 0 2.61359 23
    endloop
  endfacet
  facet normal 0 0 -1
    outer loop
      vertex 0 -2.61359 23
      vertex 0.341141 -2.59123 23
      vertex 0.170929 -2.608 23
    endloop
  endfacet
  facet normal 0 0 -1
    outer loop
      vertex 0.840103 -2.47488 23
      vertex 0.676437 -2.52454 23
      vertex 0.509888 -2.56337 23
    endloop
  endfacet
  facet normal -0 0 -1
    outer loop
      vertex 2.52454 -0.676437 23
      vertex 2.47488 -0.840103 23
      vertex 2.56337 -0.509888 23
    endloop
  endfacet
  facet normal 0 0 -1
    outer loop
      vertex 2.34406 -1.15596 23
      vertex 2.26344 -1.30679 23
      vertex 2.17313 -1.45203 23
    endloop
  endfacet
  facet normal 0 0 -1
    outer loop
      vertex 7.61841 5.21758 23
      vertex 6.25816 3.97659 23
      vertex 6.8895 4.77744 23
    endloop
  endfacet
  facet normal -0 0 -1
    outer loop
      vertex 2.0735 -1.59105 23
      vertex 1.965 -1.72325 23
      vertex 2.17313 -1.45203 23
    endloop
  endfacet
  facet normal 0 0 -1
    outer loop
      vertex 2.34406 -1.15596 23
      vertex 2.17313 -1.45203 23
      vertex 1.965 -1.72325 23
    endloop
  endfacet
  facet normal 0 0 -1
    outer loop
      vertex 10.1507 0.695892 23
      vertex 9.39453 0.304367 23
      vertex 8.38184 0.184509 23
    endloop
  endfacet
  facet normal -0 0 -1
    outer loop
      vertex 2.61359 0 23
      vertex 2.47488 -0.840103 23
      vertex 2.47488 0.840103 23
    endloop
  endfacet
  facet normal 0 0 -1
    outer loop
      vertex 2.56337 -0.509888 23
      vertex 2.61359 0 23
      vertex 2.59123 -0.341141 23
    endloop
  endfacet
  facet normal 0 0 -1
    outer loop
      vertex 1.45203 -2.17313 23
      vertex 1.72325 -1.965 23
      vertex 1.59105 -2.0735 23
    endloop
  endfacet
  facet normal 0 0 -1
    outer loop
      vertex 6.10121 1.98239 23
      vertex 6.05371 2.1467 23
      vertex 6.39494 1.36658 23
    endloop
  endfacet
  facet normal 0 0 -1
    outer loop
      vertex -6.01706 2.31375 23
      vertex -6.39494 1.36658 23
      vertex -6.83806 0.847763 23
    endloop
  endfacet
  facet normal 0 0 -1
    outer loop
      vertex 0.840103 2.47488 23
      vertex -0.840103 2.47488 23
      vertex 0 2.61359 23
    endloop
  endfacet
  facet normal 0 0 -1
    outer loop
      vertex -5.98135 2.9951 23
      vertex -6.01706 2.31375 23
      vertex -6.83806 0.847763 23
    endloop
  endfacet
  facet normal 0 0 -1
    outer loop
      vertex -1.72325 1.965 23
      vertex -0.840103 2.47488 23
      vertex 0.840103 2.47488 23
    endloop
  endfacet
  facet normal 0 0 -1
    outer loop
      vertex 2.41464 1.00017 23
      vertex 1.965 1.72325 23
      vertex 2.34406 1.15596 23
    endloop
  endfacet
  facet normal -0 0 -1
    outer loop
      vertex -5.97351 2.82425 23
      vertex -5.97687 2.65326 23
      vertex -5.98135 2.9951 23
    endloop
  endfacet
  facet normal -0 0 -1
    outer loop
      vertex 2.608 -0.170929 23
      vertex 2.59123 -0.341141 23
      vertex 2.61359 0 23
    endloop
  endfacet
  facet normal 0 0 -1
    outer loop
      vertex 2.17313 1.45203 23
      vertex 2.26344 1.30679 23
      vertex 2.34406 1.15596 23
    endloop
  endfacet
  facet normal 0 0 -1
    outer loop
      vertex -8.38184 0.184509 23
      vertex -5.98135 2.9951 23
      vertex -6.83806 0.847763 23
    endloop
  endfacet
  facet normal 0 0 -1
    outer loop
      vertex 1.72325 1.965 23
      vertex 1.00017 2.41464 23
      vertex 1.15596 2.34406 23
    endloop
  endfacet
  facet normal 0 0 -1
    outer loop
      vertex 0 2.61359 23
      vertex -0.341141 2.59123 23
      vertex -0.170929 2.608 23
    endloop
  endfacet
  facet normal 0 0 -1
    outer loop
      vertex -6.25816 3.97659 23
      vertex -6.1232 3.66248 23
      vertex -6.03041 3.33345 23
    endloop
  endfacet
  facet normal 0 0 -1
    outer loop
      vertex -6.25816 3.97659 23
      vertex -6.18553 3.82175 23
      vertex -6.1232 3.66248 23
    endloop
  endfacet
  facet normal 0 0 -1
    outer loop
      vertex -6.53439 4.40811 23
      vertex -6.43295 4.2704 23
      vertex -6.25816 3.97659 23
    endloop
  endfacet
  facet normal -0 -0 -1
    outer loop
      vertex -6.64461 4.53888 23
      vertex -6.53439 4.40811 23
      vertex -6.76315 4.66217 23
    endloop
  endfacet
  facet normal 0 0 -1
    outer loop
      vertex -6.76315 4.66217 23
      vertex -6.53439 4.40811 23
      vertex -6.25816 3.97659 23
    endloop
  endfacet
  facet normal 0 0 -1
    outer loop
      vertex -6.8895 4.77744 23
      vertex -6.76315 4.66217 23
      vertex -6.25816 3.97659 23
    endloop
  endfacet
  facet normal 0 0 -1
    outer loop
      vertex -7.61841 5.21758 23
      vertex -6.8895 4.77744 23
      vertex -6.25816 3.97659 23
    endloop
  endfacet
  facet normal 0 0 -1
    outer loop
      vertex -7.61841 5.21758 23
      vertex -7.02312 4.8842 23
      vertex -6.8895 4.77744 23
    endloop
  endfacet
  facet normal -0 -0 -1
    outer loop
      vertex -7.30983 5.0704 23
      vertex -7.16342 4.98199 23
      vertex -7.61841 5.21758 23
    endloop
  endfacet
  facet normal 0 0 -1
    outer loop
      vertex -7.61841 5.21758 23
      vertex -7.16342 4.98199 23
      vertex -7.02312 4.8842 23
    endloop
  endfacet
  facet normal 0 0 -1
    outer loop
      vertex -7.61841 5.21758 23
      vertex -7.4617 5.14905 23
      vertex -7.30983 5.0704 23
    endloop
  endfacet
  facet normal 0 0 -1
    outer loop
      vertex -8.38184 0.184509 23
      vertex -7.61841 5.21758 23
      vertex -6.25816 3.97659 23
    endloop
  endfacet
  facet normal -0 -0 -1
    outer loop
      vertex -7.94354 5.32323 23
      vertex -7.77925 5.27573 23
      vertex -8.1106 5.35988 23
    endloop
  endfacet
  facet normal 0 0 -1
    outer loop
      vertex -8.1106 5.35988 23
      vertex -7.77925 5.27573 23
      vertex -7.61841 5.21758 23
    endloop
  endfacet
  facet normal -0 -0 -1
    outer loop
      vertex -8.27969 5.38553 23
      vertex -8.1106 5.35988 23
      vertex -8.79195 5.39558 23
    endloop
  endfacet
  facet normal 0 0 -1
    outer loop
      vertex -8.79195 5.39558 23
      vertex -8.1106 5.35988 23
      vertex -7.61841 5.21758 23
    endloop
  endfacet
  facet normal 0 -0 -1
    outer loop
      vertex -8.62111 5.40343 23
      vertex -8.4501 5.40007 23
      vertex -8.79195 5.39558 23
    endloop
  endfacet
  facet normal 0 0 -1
    outer loop
      vertex -8.79195 5.39558 23
      vertex -8.4501 5.40007 23
      vertex -8.27969 5.38553 23
    endloop
  endfacet
  facet normal 0 0 -1
    outer loop
      vertex -9.29633 5.30551 23
      vertex -8.79195 5.39558 23
      vertex -7.61841 5.21758 23
    endloop
  endfacet
  facet normal 0 0 -1
    outer loop
      vertex -9.13029 5.34653 23
      vertex -8.96193 5.3766 23
      vertex -8.79195 5.39558 23
    endloop
  endfacet
  facet normal 0 0 -1
    outer loop
      vertex -9.29633 5.30551 23
      vertex -9.13029 5.34653 23
      vertex -8.79195 5.39558 23
    endloop
  endfacet
  facet normal 0 0 -1
    outer loop
      vertex -9.61859 5.19139 23
      vertex -9.29633 5.30551 23
      vertex -7.61841 5.21758 23
    endloop
  endfacet
  facet normal 0 -0 -1
    outer loop
      vertex -10.459 4.61378 23
      vertex -9.61859 5.19139 23
      vertex -10.9156 1.6035 23
    endloop
  endfacet
  facet normal 0 0 -1
    outer loop
      vertex -9.29633 5.30551 23
      vertex -9.61859 5.19139 23
      vertex -9.45934 5.25374 23
    endloop
  endfacet
  facet normal 0 -0 -1
    outer loop
      vertex -10.205 4.84254 23
      vertex -9.77344 5.11877 23
      vertex -10.459 4.61378 23
    endloop
  endfacet
  facet normal 0 0 -1
    outer loop
      vertex -10.0672 4.94398 23
      vertex -9.9232 5.03619 23
      vertex -9.77344 5.11877 23
    endloop
  endfacet
  facet normal 0 0 -1
    outer loop
      vertex -10.205 4.84254 23
      vertex -10.0672 4.94398 23
      vertex -9.77344 5.11877 23
    endloop
  endfacet
  facet normal 0 -0 -1
    outer loop
      vertex -10.3357 4.73233 23
      vertex -10.205 4.84254 23
      vertex -10.459 4.61378 23
    endloop
  endfacet
  facet normal 0 0 -1
    outer loop
      vertex -10.459 4.61378 23
      vertex -9.77344 5.11877 23
      vertex -9.61859 5.19139 23
    endloop
  endfacet
  facet normal 0 0 -1
    outer loop
      vertex -11.1924 2.58499 23
      vertex -10.459 4.61378 23
      vertex -10.9156 1.6035 23
    endloop
  endfacet
  facet normal 0 0 -1
    outer loop
      vertex -11.1924 2.58499 23
      vertex -10.681 4.35382 23
      vertex -10.459 4.61378 23
    endloop
  endfacet
  facet normal 0 0 -1
    outer loop
      vertex -10.459 4.61378 23
      vertex -10.681 4.35382 23
      vertex -10.5743 4.48744 23
    endloop
  endfacet
  facet normal 0 -0 -1
    outer loop
      vertex -10.8672 4.06711 23
      vertex -10.7788 4.21352 23
      vertex -10.9459 3.91522 23
    endloop
  endfacet
  facet normal 0 0 -1
    outer loop
      vertex -10.9459 3.91522 23
      vertex -10.7788 4.21352 23
      vertex -10.681 4.35382 23
    endloop
  endfacet
  facet normal 0 0 -1
    outer loop
      vertex -11.0726 3.59769 23
      vertex -10.9459 3.91522 23
      vertex -10.681 4.35382 23
    endloop
  endfacet
  facet normal 0 0 -1
    outer loop
      vertex -11.0726 3.59769 23
      vertex -11.0144 3.75853 23
      vertex -10.9459 3.91522 23
    endloop
  endfacet
  facet normal 0 0 -1
    outer loop
      vertex -11.1924 2.58499 23
      vertex -11.0726 3.59769 23
      vertex -10.681 4.35382 23
    endloop
  endfacet
  facet normal 0 0 -1
    outer loop
      vertex -11.1567 3.26634 23
      vertex -11.1201 3.4334 23
      vertex -11.0726 3.59769 23
    endloop
  endfacet
  facet normal 0 0 -1
    outer loop
      vertex -11.1924 2.58499 23
      vertex -11.1567 3.26634 23
      vertex -11.0726 3.59769 23
    endloop
  endfacet
  facet normal 0 0 -1
    outer loop
      vertex -11.1924 2.58499 23
      vertex -11.1824 3.09724 23
      vertex -11.1567 3.26634 23
    endloop
  endfacet
  facet normal 0 0 -1
    outer loop
      vertex -11.2003 2.75583 23
      vertex -11.1969 2.92683 23
      vertex -11.1924 2.58499 23
    endloop
  endfacet
  facet normal 0 0 -1
    outer loop
      vertex -11.1924 2.58499 23
      vertex -11.1969 2.92683 23
      vertex -11.1824 3.09724 23
    endloop
  endfacet
  facet normal 0 0 -1
    outer loop
      vertex -10.9156 1.6035 23
      vertex -9.61859 5.19139 23
      vertex -7.61841 5.21758 23
    endloop
  endfacet
  facet normal 0 0 -1
    outer loop
      vertex -11.1434 2.24664 23
      vertex -11.1734 2.41501 23
      vertex -11.1924 2.58499 23
    endloop
  endfacet
  facet normal 0 0 -1
    outer loop
      vertex -10.9156 1.6035 23
      vertex -11.1434 2.24664 23
      vertex -11.1924 2.58499 23
    endloop
  endfacet
  facet normal 0 0 -1
    outer loop
      vertex -10.9883 1.75835 23
      vertex -11.0506 1.9176 23
      vertex -10.9156 1.6035 23
    endloop
  endfacet
  facet normal 0 0 -1
    outer loop
      vertex -11.1434 2.24664 23
      vertex -11.0506 1.9176 23
      vertex -11.1024 2.08061 23
    endloop
  endfacet
  facet normal 0 0 -1
    outer loop
      vertex -10.9156 1.6035 23
      vertex -11.0506 1.9176 23
      vertex -11.1434 2.24664 23
    endloop
  endfacet
  facet normal 0 0 -1
    outer loop
      vertex -10.4106 0.917923 23
      vertex -10.9156 1.6035 23
      vertex -7.61841 5.21758 23
    endloop
  endfacet
  facet normal 0 0 -1
    outer loop
      vertex -10.7408 1.30969 23
      vertex -10.833 1.45374 23
      vertex -10.9156 1.6035 23
    endloop
  endfacet
  facet normal 0 0 -1
    outer loop
      vertex -10.6394 1.17198 23
      vertex -10.7408 1.30969 23
      vertex -10.9156 1.6035 23
    endloop
  endfacet
  facet normal 0 0 -1
    outer loop
      vertex -7.80302 -6.5294 23
      vertex -7.51738 -5.90979 23
      vertex -7.0811 -5.38522 23
    endloop
  endfacet
  facet normal 0 0 -1
    outer loop
      vertex -10.4106 0.917923 23
      vertex -10.6394 1.17198 23
      vertex -10.9156 1.6035 23
    endloop
  endfacet
  facet normal 0 0 -1
    outer loop
      vertex -10.4106 0.917923 23
      vertex -10.5292 1.0412 23
      vertex -10.6394 1.17198 23
    endloop
  endfacet
  facet normal 0 0 -1
    outer loop
      vertex -7.51738 -5.90979 23
      vertex -7.42143 -5.7682 23
      vertex -7.31644 -5.63321 23
    endloop
  endfacet
  facet normal 0 0 -1
    outer loop
      vertex -8.38184 0.184509 23
      vertex -10.4106 0.917923 23
      vertex -7.61841 5.21758 23
    endloop
  endfacet
  facet normal 0 0 -1
    outer loop
      vertex -7.51738 -5.90979 23
      vertex -7.20282 -5.50536 23
      vertex -7.0811 -5.38522 23
    endloop
  endfacet
  facet normal 0 0 -1
    outer loop
      vertex -8.38184 0.184509 23
      vertex -10.1507 0.695892 23
      vertex -10.4106 0.917923 23
    endloop
  endfacet
  facet normal 0 -0 -1
    outer loop
      vertex -7.0811 -5.38522 23
      vertex -5.0338 -4.70517 23
      vertex -7.90627 -7.03125 23
    endloop
  endfacet
  facet normal 0 0 -1
    outer loop
      vertex -10.4106 0.917923 23
      vertex -10.1507 0.695892 23
      vertex -10.2843 0.802643 23
    endloop
  endfacet
  facet normal 0 0 -1
    outer loop
      vertex -7.0811 -5.38522 23
      vertex -6.95178 -5.2733 23
      vertex -6.81541 -5.17007 23
    endloop
  endfacet
  facet normal 0 0 -1
    outer loop
      vertex -9.86395 0.509689 23
      vertex -10.0104 0.598099 23
      vertex -10.1507 0.695892 23
    endloop
  endfacet
  facet normal 0 0 -1
    outer loop
      vertex -6.81541 -5.17007 23
      vertex -6.37004 -4.91681 23
      vertex -6.04929 -4.79848 23
    endloop
  endfacet
  facet normal 0 0 -1
    outer loop
      vertex -9.55537 0.362503 23
      vertex -9.86395 0.509689 23
      vertex -9.39453 0.304367 23
    endloop
  endfacet
  facet normal 0 0 -1
    outer loop
      vertex -6.67259 -5.07599 23
      vertex -6.52391 -4.99144 23
      vertex -6.37004 -4.91681 23
    endloop
  endfacet
  facet normal 0 0 -1
    outer loop
      vertex -9.55537 0.362503 23
      vertex -9.71208 0.431046 23
      vertex -9.86395 0.509689 23
    endloop
  endfacet
  facet normal 0 0 -1
    outer loop
      vertex -6.04929 -4.79848 23
      vertex -6.37004 -4.91681 23
      vertex -6.21159 -4.85239 23
    endloop
  endfacet
  facet normal 0 0 -1
    outer loop
      vertex -9.39453 0.304367 23
      vertex -9.86395 0.509689 23
      vertex -10.1507 0.695892 23
    endloop
  endfacet
  facet normal 0 -0 -1
    outer loop
      vertex -6.81541 -5.17007 23
      vertex -6.04929 -4.79848 23
      vertex -7.0811 -5.38522 23
    endloop
  endfacet
  facet normal 0 0 -1
    outer loop
      vertex -8.38184 0.184509 23
      vertex -9.39453 0.304367 23
      vertex -10.1507 0.695892 23
    endloop
  endfacet
  facet normal 0 0 -1
    outer loop
      vertex -5.54614 -4.70181 23
      vertex -5.8838 -4.75529 23
      vertex -5.71585 -4.72302 23
    endloop
  endfacet
  facet normal 0 0 -1
    outer loop
      vertex -9.06319 0.220215 23
      vertex -9.23024 0.256866 23
      vertex -9.39453 0.304367 23
    endloop
  endfacet
  facet normal 0 0 -1
    outer loop
      vertex -5.0338 -4.70517 23
      vertex -5.54614 -4.70181 23
      vertex -5.3754 -4.69174 23
    endloop
  endfacet
  facet normal 0 0 -1
    outer loop
      vertex -8.38184 0.184509 23
      vertex -9.06319 0.220215 23
      vertex -9.39453 0.304367 23
    endloop
  endfacet
  facet normal 0 0 -1
    outer loop
      vertex -1.72325 -1.965 23
      vertex -1.15596 -2.34406 23
      vertex -1.45203 -2.17313 23
    endloop
  endfacet
  facet normal 0 0 -1
    outer loop
      vertex -8.38184 0.184509 23
      vertex -8.89409 0.194565 23
      vertex -9.06319 0.220215 23
    endloop
  endfacet
  facet normal 0 0 -1
    outer loop
      vertex -4.53195 -4.80841 23
      vertex -5.0338 -4.70517 23
      vertex -4.69685 -4.76306 23
    endloop
  endfacet
  facet normal -0 0 -1
    outer loop
      vertex -8.38184 0.184509 23
      vertex -8.72368 0.180023 23
      vertex -8.89409 0.194565 23
    endloop
  endfacet
  facet normal 0 0 -1
    outer loop
      vertex -1.72325 -1.965 23
      vertex -1.45203 -2.17313 23
      vertex -1.59105 -2.0735 23
    endloop
  endfacet
  facet normal 0 0 -1
    outer loop
      vertex -8.38184 0.184509 23
      vertex -8.55267 0.176666 23
      vertex -8.72368 0.180023 23
    endloop
  endfacet
  facet normal 0 0 -1
    outer loop
      vertex 0.840103 -2.47488 23
      vertex -0.840103 -2.47488 23
      vertex -1.72325 -1.965 23
    endloop
  endfacet
  facet normal 0 0 -1
    outer loop
      vertex 0.840103 -2.47488 23
      vertex -1.72325 -1.965 23
      vertex 1.72325 -1.965 23
    endloop
  endfacet
  facet normal -0 0 -1
    outer loop
      vertex 11.1434 2.24664 23
      vertex 10.9156 1.6035 23
      vertex 11.1924 2.58499 23
    endloop
  endfacet
  facet normal 0 0 -1
    outer loop
      vertex 7.68051 -6.21024 23
      vertex 7.74699 -6.36781 23
      vertex 7.80302 -6.5294 23
    endloop
  endfacet
  facet normal 0 0 -1
    outer loop
      vertex 10.9156 1.6035 23
      vertex 11.1434 2.24664 23
      vertex 11.0506 1.9176 23
    endloop
  endfacet
  facet normal 0 0 -1
    outer loop
      vertex 6.84322 -9.41888 23
      vertex 7.22621 -9.07855 23
      vertex 7.10606 -9.20029 23
    endloop
  endfacet
  facet normal -0 -0 -1
    outer loop
      vertex 11.0726 3.59769 23
      vertex 11.1924 2.58499 23
      vertex 10.681 4.35382 23
    endloop
  endfacet
  facet normal -0 0 -1
    outer loop
      vertex 6.08203 -9.80049 23
      vertex 5.91711 -9.84583 23
      vertex 6.24362 -9.74445 23
    endloop
  endfacet
  facet normal 0 0 -1
    outer loop
      vertex 11.1434 2.24664 23
      vertex 11.1924 2.58499 23
      vertex 11.1734 2.41501 23
    endloop
  endfacet
  facet normal 0 0 -1
    outer loop
      vertex 6.84322 -9.41888 23
      vertex 6.4012 -9.67796 23
      vertex 6.24362 -9.74445 23
    endloop
  endfacet
  facet normal 0 0 -1
    outer loop
      vertex 11.1567 3.26634 23
      vertex 11.1824 3.09724 23
      vertex 11.1924 2.58499 23
    endloop
  endfacet
  facet normal -0 0 -1
    outer loop
      vertex 6.55409 -9.60132 23
      vertex 6.4012 -9.67796 23
      vertex 6.84322 -9.41888 23
    endloop
  endfacet
  facet normal 0 0 -1
    outer loop
      vertex 11.1924 2.58499 23
      vertex 11.1969 2.92683 23
      vertex 11.2003 2.75583 23
    endloop
  endfacet
  facet normal 0 0 -1
    outer loop
      vertex 11.1567 3.26634 23
      vertex 11.0726 3.59769 23
      vertex 11.1201 3.4334 23
    endloop
  endfacet
  facet normal 0 0 -1
    outer loop
      vertex 10.459 4.61378 23
      vertex 11.1924 2.58499 23
      vertex 10.9156 1.6035 23
    endloop
  endfacet
  facet normal 0 0 -1
    outer loop
      vertex 10.7788 4.21352 23
      vertex 10.8672 4.06711 23
      vertex 10.9459 3.91522 23
    endloop
  endfacet
  facet normal -0 -0 -1
    outer loop
      vertex 10.7788 4.21352 23
      vertex 10.9459 3.91522 23
      vertex 10.681 4.35382 23
    endloop
  endfacet
  facet normal 0 0 -1
    outer loop
      vertex 10.681 4.35382 23
      vertex 10.9459 3.91522 23
      vertex 11.0726 3.59769 23
    endloop
  endfacet
  facet normal 0 0 -1
    outer loop
      vertex 7.90962 -7.54359 23
      vertex 7.90627 -7.03125 23
      vertex 7.91969 -7.37286 23
    endloop
  endfacet
  facet normal 0 -0 -1
    outer loop
      vertex 9.29633 5.30551 23
      vertex 9.61859 5.19139 23
      vertex 7.61841 5.21758 23
    endloop
  endfacet
  facet normal 0 0 -1
    outer loop
      vertex 7.90627 -7.03125 23
      vertex 7.91858 -7.20183 23
      vertex 7.91969 -7.37286 23
    endloop
  endfacet
  facet normal 0 0 -1
    outer loop
      vertex 10.459 4.61378 23
      vertex 10.205 4.84254 23
      vertex 10.3357 4.73233 23
    endloop
  endfacet
  facet normal 0 0 -1
    outer loop
      vertex 7.0811 -5.38522 23
      vertex 7.51738 -5.90979 23
      vertex 7.80302 -6.5294 23
    endloop
  endfacet
  facet normal 0 0 -1
    outer loop
      vertex 10.459 4.61378 23
      vertex 9.77344 5.11877 23
      vertex 10.205 4.84254 23
    endloop
  endfacet
  facet normal 0 0 -1
    outer loop
      vertex 7.90627 -7.03125 23
      vertex 7.84837 -6.69431 23
      vertex 7.88284 -6.86183 23
    endloop
  endfacet
  facet normal 0 0 -1
    outer loop
      vertex 10.205 4.84254 23
      vertex 9.77344 5.11877 23
      vertex 10.0672 4.94398 23
    endloop
  endfacet
  facet normal 0 0 -1
    outer loop
      vertex 7.80302 -6.5294 23
      vertex 7.84837 -6.69431 23
      vertex 7.90627 -7.03125 23
    endloop
  endfacet
  facet normal 0 0 -1
    outer loop
      vertex 10.4106 0.917923 23
      vertex 7.61841 5.21758 23
      vertex 10.9156 1.6035 23
    endloop
  endfacet
  facet normal -0 -0 -1
    outer loop
      vertex 7.60387 -6.05734 23
      vertex 7.68051 -6.21024 23
      vertex 7.51738 -5.90979 23
    endloop
  endfacet
  facet normal -0 0 -1
    outer loop
      vertex 9.29633 5.30551 23
      vertex 7.61841 5.21758 23
      vertex 8.79195 5.39558 23
    endloop
  endfacet
  facet normal 0 0 -1
    outer loop
      vertex 7.0811 -5.38522 23
      vertex 7.80302 -6.5294 23
      vertex 7.90627 -7.03125 23
    endloop
  endfacet
  facet normal 0 0 -1
    outer loop
      vertex 7.61841 5.21758 23
      vertex 8.1106 5.35988 23
      vertex 8.79195 5.39558 23
    endloop
  endfacet
  facet normal -0 -0 -1
    outer loop
      vertex 9.13029 5.34653 23
      vertex 9.29633 5.30551 23
      vertex 8.79195 5.39558 23
    endloop
  endfacet
  facet normal -0 -0 -1
    outer loop
      vertex 8.96193 5.3766 23
      vertex 9.13029 5.34653 23
      vertex 8.79195 5.39558 23
    endloop
  endfacet
  facet normal 0 0 -1
    outer loop
      vertex 8.79195 5.39558 23
      vertex 8.1106 5.35988 23
      vertex 8.27969 5.38553 23
    endloop
  endfacet
  facet normal 0 -0 -1
    outer loop
      vertex 8.62111 5.40343 23
      vertex 8.79195 5.39558 23
      vertex 8.4501 5.40007 23
    endloop
  endfacet
  facet normal 0 -0 -1
    outer loop
      vertex 8.4501 5.40007 23
      vertex 8.79195 5.39558 23
      vertex 8.27969 5.38553 23
    endloop
  endfacet
  facet normal 0 0 -1
    outer loop
      vertex 7.61841 5.21758 23
      vertex 7.77925 5.27573 23
      vertex 8.1106 5.35988 23
    endloop
  endfacet
  facet normal 0 0 -1
    outer loop
      vertex 8.1106 5.35988 23
      vertex 7.77925 5.27573 23
      vertex 7.94354 5.32323 23
    endloop
  endfacet
  facet normal 0 0 -1
    outer loop
      vertex 6.83806 0.847763 23
      vertex 5.98135 2.9951 23
      vertex 8.38184 0.184509 23
    endloop
  endfacet
  facet normal 0 -0 -1
    outer loop
      vertex 7.16342 4.98199 23
      vertex 7.61841 5.21758 23
      vertex 7.02312 4.8842 23
    endloop
  endfacet
  facet normal 0 0 -1
    outer loop
      vertex 7.30983 5.0704 23
      vertex 7.4617 5.14905 23
      vertex 7.61841 5.21758 23
    endloop
  endfacet
  facet normal 0 -0 -1
    outer loop
      vertex 7.30983 5.0704 23
      vertex 7.61841 5.21758 23
      vertex 7.16342 4.98199 23
    endloop
  endfacet
  facet normal 0 0 -1
    outer loop
      vertex 1.72325 1.965 23
      vertex 1.84808 1.84808 23
      vertex 1.965 1.72325 23
    endloop
  endfacet
  facet normal 0 0 -1
    outer loop
      vertex 7.61841 5.21758 23
      vertex 6.8895 4.77744 23
      vertex 7.02312 4.8842 23
    endloop
  endfacet
  facet normal 0 0 -1
    outer loop
      vertex 8.38184 0.184509 23
      vertex 5.98135 2.9951 23
      vertex 6.25816 3.97659 23
    endloop
  endfacet
  facet normal -0 -0 -1
    outer loop
      vertex 2.52454 0.676437 23
      vertex 2.56337 0.509888 23
      vertex 2.47488 0.840103 23
    endloop
  endfacet
  facet normal 0 -0 -1
    outer loop
      vertex 6.64461 4.53888 23
      vertex 6.76315 4.66217 23
      vertex 6.53439 4.40811 23
    endloop
  endfacet
  facet normal 0 -0 -1
    outer loop
      vertex 6.53439 4.40811 23
      vertex 6.76315 4.66217 23
      vertex 6.25816 3.97659 23
    endloop
  endfacet
  facet normal 0 -0 -1
    outer loop
      vertex 6.43295 4.2704 23
      vertex 6.53439 4.40811 23
      vertex 6.25816 3.97659 23
    endloop
  endfacet
  facet normal 0 0 -1
    outer loop
      vertex 6.43295 4.2704 23
      vertex 6.25816 3.97659 23
      vertex 6.34074 4.12636 23
    endloop
  endfacet
  facet normal 0 0 -1
    outer loop
      vertex 0 -2.61359 23
      vertex 0.509888 -2.56337 23
      vertex 0.341141 -2.59123 23
    endloop
  endfacet
  facet normal 0 0 -1
    outer loop
      vertex 5.98135 2.9951 23
      vertex 6.03041 3.33345 23
      vertex 6.25816 3.97659 23
    endloop
  endfacet
  facet normal 0 0 -1
    outer loop
      vertex 7.61841 5.21758 23
      vertex 10.4106 0.917923 23
      vertex 8.38184 0.184509 23
    endloop
  endfacet
  facet normal 0 0 -1
    outer loop
      vertex -0.840103 2.47488 23
      vertex -0.676437 2.52454 23
      vertex -0.509888 2.56337 23
    endloop
  endfacet
  facet normal 0 -0 -1
    outer loop
      vertex 6.18553 3.82175 23
      vertex 6.25816 3.97659 23
      vertex 6.1232 3.66248 23
    endloop
  endfacet
  facet normal 0 -0 -1
    outer loop
      vertex 6.1232 3.66248 23
      vertex 6.25816 3.97659 23
      vertex 6.03041 3.33345 23
    endloop
  endfacet
  facet normal 0 0 -1
    outer loop
      vertex -1.72325 1.965 23
      vertex -1.15596 2.34406 23
      vertex -1.00017 2.41464 23
    endloop
  endfacet
  facet normal 0 -0 -1
    outer loop
      vertex 6.07141 3.49948 23
      vertex 6.1232 3.66248 23
      vertex 6.03041 3.33345 23
    endloop
  endfacet
  facet normal 0 0 -1
    outer loop
      vertex 8.38184 0.184509 23
      vertex 10.4106 0.917923 23
      vertex 10.1507 0.695892 23
    endloop
  endfacet
  facet normal 0 0 -1
    outer loop
      vertex 5.98135 2.9951 23
      vertex 6.00034 3.16508 23
      vertex 6.03041 3.33345 23
    endloop
  endfacet
  facet normal 0 0 -1
    outer loop
      vertex 5.98135 2.9951 23
      vertex 6.01706 2.31375 23
      vertex 5.99141 2.48285 23
    endloop
  endfacet
  facet normal 0 0 -1
    outer loop
      vertex -1.72325 1.965 23
      vertex -1.965 1.72325 23
      vertex -1.84808 1.84808 23
    endloop
  endfacet
  facet normal 0 0 -1
    outer loop
      vertex 5.97351 2.82425 23
      vertex 5.98135 2.9951 23
      vertex 5.97687 2.65326 23
    endloop
  endfacet
  facet normal -0 0 -1
    outer loop
      vertex 2.34406 -1.15596 23
      vertex 1.965 -1.72325 23
      vertex 2.41464 -1.00017 23
    endloop
  endfacet
  facet normal 0 0 -1
    outer loop
      vertex 5.97687 2.65326 23
      vertex 5.98135 2.9951 23
      vertex 5.99141 2.48285 23
    endloop
  endfacet
  facet normal 0 0 -1
    outer loop
      vertex -1.965 1.72325 23
      vertex -2.17313 1.45203 23
      vertex -2.0735 1.59105 23
    endloop
  endfacet
  facet normal 0 0 -1
    outer loop
      vertex 6.83806 0.847763 23
      vertex 6.39494 1.36658 23
      vertex 6.01706 2.31375 23
    endloop
  endfacet
  facet normal -0 0 -1
    outer loop
      vertex 1.15596 -2.34406 23
      vertex 1.00017 -2.41464 23
      vertex 1.72325 -1.965 23
    endloop
  endfacet
  facet normal -0 0 -1
    outer loop
      vertex 1.30679 -2.26344 23
      vertex 1.15596 -2.34406 23
      vertex 1.45203 -2.17313 23
    endloop
  endfacet
  facet normal 0 0 -1
    outer loop
      vertex 6.39494 1.36658 23
      vertex 6.30653 1.51299 23
      vertex 6.10121 1.98239 23
    endloop
  endfacet
  facet normal 0 0 -1
    outer loop
      vertex -1.965 1.72325 23
      vertex -2.41464 1.00017 23
      vertex -2.34406 1.15596 23
    endloop
  endfacet
  facet normal 0 0 -1
    outer loop
      vertex 6.01706 2.31375 23
      vertex 6.39494 1.36658 23
      vertex 6.05371 2.1467 23
    endloop
  endfacet
  facet normal 0 0 -1
    outer loop
      vertex 6.22789 1.66486 23
      vertex 6.15935 1.82155 23
      vertex 6.10121 1.98239 23
    endloop
  endfacet
  facet normal 0 0 -1
    outer loop
      vertex 1.15596 -2.34406 23
      vertex 1.72325 -1.965 23
      vertex 1.45203 -2.17313 23
    endloop
  endfacet
  facet normal 0 0 -1
    outer loop
      vertex 6.30653 1.51299 23
      vertex 6.22789 1.66486 23
      vertex 6.10121 1.98239 23
    endloop
  endfacet
  facet normal 0 0 -1
    outer loop
      vertex 0.840103 -2.47488 23
      vertex 1.72325 -1.965 23
      vertex 1.00017 -2.41464 23
    endloop
  endfacet
  facet normal 0 0 -1
    outer loop
      vertex -1.72325 -1.965 23
      vertex -1.72325 1.965 23
      vertex 1.72325 -1.965 23
    endloop
  endfacet
  facet normal 0 0 -1
    outer loop
      vertex 6.71477 0.966293 23
      vertex 6.59949 1.09265 23
      vertex 6.83806 0.847763 23
    endloop
  endfacet
  facet normal 0 0 -1
    outer loop
      vertex 1.965 1.72325 23
      vertex 2.47488 0.840103 23
      vertex 2.47488 -0.840103 23
    endloop
  endfacet
  facet normal 0 0 -1
    outer loop
      vertex -2.56337 0.509888 23
      vertex -2.61359 0 23
      vertex -2.59123 0.341141 23
    endloop
  endfacet
  facet normal 0 0 -1
    outer loop
      vertex 6.49274 1.22626 23
      vertex 6.83806 0.847763 23
      vertex 6.59949 1.09265 23
    endloop
  endfacet
  facet normal 0 0 -1
    outer loop
      vertex 1.965 -1.72325 23
      vertex 2.47488 -0.840103 23
      vertex 2.41464 -1.00017 23
    endloop
  endfacet
  facet normal 0 0 -1
    outer loop
      vertex 6.39494 1.36658 23
      vertex 6.83806 0.847763 23
      vertex 6.49274 1.22626 23
    endloop
  endfacet
  facet normal 0 0 -1
    outer loop
      vertex -1.965 -1.72325 23
      vertex -2.47488 -0.840103 23
      vertex -2.47488 0.840103 23
    endloop
  endfacet
  facet normal -0 0 -1
    outer loop
      vertex 9.06319 0.220215 23
      vertex 8.38184 0.184509 23
      vertex 9.39453 0.304367 23
    endloop
  endfacet
  facet normal 0 0 -1
    outer loop
      vertex 2.61359 0 23
      vertex 2.56337 -0.509888 23
      vertex 2.47488 -0.840103 23
    endloop
  endfacet
  facet normal 0 0 -1
    outer loop
      vertex 8.38184 0.184509 23
      vertex 7.25058 0.5439 23
      vertex 7.10654 0.636108 23
    endloop
  endfacet
  facet normal 0 0 -1
    outer loop
      vertex -2.61359 0 23
      vertex -2.59123 -0.341141 23
      vertex -2.608 -0.170929 23
    endloop
  endfacet
  facet normal 0 0 -1
    outer loop
      vertex 6.96883 0.737534 23
      vertex 6.83806 0.847763 23
      vertex 7.10654 0.636108 23
    endloop
  endfacet
  facet normal 0 0 -1
    outer loop
      vertex 6.83806 0.847763 23
      vertex 8.38184 0.184509 23
      vertex 7.10654 0.636108 23
    endloop
  endfacet
  facet normal 0 0 -1
    outer loop
      vertex -2.61359 0 23
      vertex -2.56337 -0.509888 23
      vertex -2.59123 -0.341141 23
    endloop
  endfacet
  facet normal 0 0 -1
    outer loop
      vertex 7.25058 0.5439 23
      vertex 7.71445 0.326355 23
      vertex 7.55519 0.388687 23
    endloop
  endfacet
  facet normal -0 0 -1
    outer loop
      vertex 7.53545 -8.67004 23
      vertex 7.44136 -8.81287 23
      vertex 7.69463 -8.36749 23
    endloop
  endfacet
  facet normal 0 0 -1
    outer loop
      vertex 7.40034 0.461304 23
      vertex 7.25058 0.5439 23
      vertex 7.55519 0.388687 23
    endloop
  endfacet
  facet normal 0 0 -1
    outer loop
      vertex -2.61359 0 23
      vertex -2.47488 -0.840103 23
      vertex -2.56337 -0.509888 23
    endloop
  endfacet
  facet normal 0 0 -1
    outer loop
      vertex 8.21185 0.203491 23
      vertex 7.87746 0.274567 23
      vertex 8.38184 0.184509 23
    endloop
  endfacet
  facet normal 0 0 -1
    outer loop
      vertex 8.38184 0.184509 23
      vertex 7.87746 0.274567 23
      vertex 7.71445 0.326355 23
    endloop
  endfacet
  facet normal 0 0 -1
    outer loop
      vertex -1.72325 -1.965 23
      vertex -1.965 1.72325 23
      vertex -1.72325 1.965 23
    endloop
  endfacet
  facet normal 0 0 -1
    outer loop
      vertex 7.25058 0.5439 23
      vertex 8.38184 0.184509 23
      vertex 7.71445 0.326355 23
    endloop
  endfacet
  facet normal 0 0 -1
    outer loop
      vertex 8.04349 0.233551 23
      vertex 7.87746 0.274567 23
      vertex 8.21185 0.203491 23
    endloop
  endfacet
  facet normal 0 0 -1
    outer loop
      vertex -1.965 -1.72325 23
      vertex -2.17313 -1.45203 23
      vertex -2.34406 -1.15596 23
    endloop
  endfacet
  facet normal 0 0 -1
    outer loop
      vertex 9.06319 0.220215 23
      vertex 8.89409 0.194565 23
      vertex 8.38184 0.184509 23
    endloop
  endfacet
  facet normal 0 0 -1
    outer loop
      vertex -2.34406 -1.15596 23
      vertex -2.17313 -1.45203 23
      vertex -2.26344 -1.30679 23
    endloop
  endfacet
  facet normal 0 0 -1
    outer loop
      vertex 8.38184 0.184509 23
      vertex 8.72368 0.180023 23
      vertex 8.55267 0.176666 23
    endloop
  endfacet
  facet normal 0 0 -1
    outer loop
      vertex -2.47488 -0.840103 23
      vertex -1.965 -1.72325 23
      vertex -2.41464 -1.00017 23
    endloop
  endfacet
  facet normal 0 0 -1
    outer loop
      vertex 5.0338 -4.70517 23
      vertex 5.8838 -4.75529 23
      vertex 6.04929 -4.79848 23
    endloop
  endfacet
  facet normal -0 0 -1
    outer loop
      vertex -2.6954 -7.40706 23
      vertex -2.73114 -7.74706 23
      vertex -2.69429 -7.23602 23
    endloop
  endfacet
  facet normal -0 0 -1
    outer loop
      vertex -2.81094 -8.07948 23
      vertex -2.86699 -8.24107 23
      vertex -2.73114 -7.74706 23
    endloop
  endfacet
  facet normal 0 0 -1
    outer loop
      vertex -2.69429 -7.23602 23
      vertex -2.73114 -7.74706 23
      vertex -2.86699 -8.24107 23
    endloop
  endfacet
  facet normal -0 -0 -1
    outer loop
      vertex -3.77075 -5.19 23
      vertex -3.63576 -5.295 23
      vertex -3.91234 -5.09406 23
    endloop
  endfacet
  facet normal 0 0 -1
    outer loop
      vertex -2.72557 -6.89558 23
      vertex -2.70435 -7.06529 23
      vertex -2.69429 -7.23602 23
    endloop
  endfacet
  facet normal 0 0 -1
    outer loop
      vertex -2.72557 -6.89558 23
      vertex -2.80101 -6.56215 23
      vertex -2.75783 -6.72763 23
    endloop
  endfacet
  facet normal 0 0 -1
    outer loop
      vertex 5.23857 -9.91714 23
      vertex 5.91711 -9.84583 23
      vertex 5.40959 -9.91603 23
    endloop
  endfacet
  facet normal -0 -0 -1
    outer loop
      vertex -2.80101 -6.56215 23
      vertex -2.72557 -6.89558 23
      vertex -2.85493 -6.39983 23
    endloop
  endfacet
  facet normal 0 0 -1
    outer loop
      vertex 7.51738 -5.90979 23
      vertex 7.0811 -5.38522 23
      vertex 7.20282 -5.50536 23
    endloop
  endfacet
  facet normal -0 0 -1
    outer loop
      vertex 6.24362 -9.74445 23
      vertex 5.91711 -9.84583 23
      vertex 6.84322 -9.41888 23
    endloop
  endfacet
  facet normal -0 0 -1
    outer loop
      vertex 5.7496 -9.88029 23
      vertex 5.40959 -9.91603 23
      vertex 5.91711 -9.84583 23
    endloop
  endfacet
  facet normal 0 0 -1
    outer loop
      vertex 5.40959 -9.91603 23
      vertex 5.7496 -9.88029 23
      vertex 5.58018 -9.90373 23
    endloop
  endfacet
  facet normal -0 0 -1
    outer loop
      vertex 7.62 -8.52138 23
      vertex 7.53545 -8.67004 23
      vertex 7.69463 -8.36749 23
    endloop
  endfacet
  facet normal 0 0 -1
    outer loop
      vertex 2.47488 0.840103 23
      vertex 2.56337 0.509888 23
      vertex 2.61359 0 23
    endloop
  endfacet
  facet normal -0 -0 -1
    outer loop
      vertex 7.68051 -6.21024 23
      vertex 7.80302 -6.5294 23
      vertex 7.51738 -5.90979 23
    endloop
  endfacet
  facet normal 0 0 -1
    outer loop
      vertex 2.61359 0 23
      vertex 2.59123 0.341141 23
      vertex 2.608 0.170929 23
    endloop
  endfacet
  facet normal 0 0 -1
    outer loop
      vertex 2.61359 0 23
      vertex 2.56337 0.509888 23
      vertex 2.59123 0.341141 23
    endloop
  endfacet
  facet normal 0 0 -1
    outer loop
      vertex 1.965 1.72325 23
      vertex 2.47488 -0.840103 23
      vertex 1.965 -1.72325 23
    endloop
  endfacet
  facet normal 0 0 -1
    outer loop
      vertex 1.72325 1.965 23
      vertex 1.965 1.72325 23
      vertex 1.965 -1.72325 23
    endloop
  endfacet
  facet normal -0 -0 -1
    outer loop
      vertex 2.17313 1.45203 23
      vertex 2.34406 1.15596 23
      vertex 1.965 1.72325 23
    endloop
  endfacet
  facet normal 0 0 -1
    outer loop
      vertex 2.47488 0.840103 23
      vertex 1.965 1.72325 23
      vertex 2.41464 1.00017 23
    endloop
  endfacet
  facet normal 0 0 -1
    outer loop
      vertex 1.72325 -1.965 23
      vertex 1.72325 1.965 23
      vertex 1.965 -1.72325 23
    endloop
  endfacet
  facet normal -0 -0 -1
    outer loop
      vertex 1.59105 2.0735 23
      vertex 1.72325 1.965 23
      vertex 1.45203 2.17313 23
    endloop
  endfacet
  facet normal 0 0 -1
    outer loop
      vertex 1.45203 2.17313 23
      vertex 1.15596 2.34406 23
      vertex 1.30679 2.26344 23
    endloop
  endfacet
  facet normal -0 -0 -1
    outer loop
      vertex 1.45203 2.17313 23
      vertex 1.72325 1.965 23
      vertex 1.15596 2.34406 23
    endloop
  endfacet
  facet normal 0 0 -1
    outer loop
      vertex 0.840103 2.47488 23
      vertex 1.00017 2.41464 23
      vertex 1.72325 1.965 23
    endloop
  endfacet
  facet normal -0 -0 -1
    outer loop
      vertex 0.676437 2.52454 23
      vertex 0.840103 2.47488 23
      vertex 0.509888 2.56337 23
    endloop
  endfacet
  facet normal 0 0 -1
    outer loop
      vertex 0.509888 2.56337 23
      vertex 0 2.61359 23
      vertex 0.341141 2.59123 23
    endloop
  endfacet
  facet normal -0 -0 -1
    outer loop
      vertex 0.509888 2.56337 23
      vertex 0.840103 2.47488 23
      vertex 0 2.61359 23
    endloop
  endfacet
  facet normal 0 0 -1
    outer loop
      vertex -1.72325 1.965 23
      vertex 0.840103 2.47488 23
      vertex 1.72325 1.965 23
    endloop
  endfacet
  facet normal 0 0 -1
    outer loop
      vertex -0.509888 2.56337 23
      vertex -0.341141 2.59123 23
      vertex 0 2.61359 23
    endloop
  endfacet
  facet normal 0 -0 -1
    outer loop
      vertex -0.509888 2.56337 23
      vertex 0 2.61359 23
      vertex -0.840103 2.47488 23
    endloop
  endfacet
  facet normal -0 -0 -1
    outer loop
      vertex 1.72325 1.965 23
      vertex 1.72325 -1.965 23
      vertex -1.72325 1.965 23
    endloop
  endfacet
  facet normal 0 0 -1
    outer loop
      vertex -1.72325 1.965 23
      vertex -1.45203 2.17313 23
      vertex -1.15596 2.34406 23
    endloop
  endfacet
  facet normal 0 0 -1
    outer loop
      vertex -1.15596 2.34406 23
      vertex -1.45203 2.17313 23
      vertex -1.30679 2.26344 23
    endloop
  endfacet
  facet normal 0 0 -1
    outer loop
      vertex -1.45203 2.17313 23
      vertex -1.72325 1.965 23
      vertex -1.59105 2.0735 23
    endloop
  endfacet
  facet normal 0 -0 -1
    outer loop
      vertex -1.00017 2.41464 23
      vertex -0.840103 2.47488 23
      vertex -1.72325 1.965 23
    endloop
  endfacet
  facet normal 0 0 -1
    outer loop
      vertex -1.72325 -1.965 23
      vertex -1.965 -1.72325 23
      vertex -1.965 1.72325 23
    endloop
  endfacet
  facet normal 0 0 -1
    outer loop
      vertex -1.965 -1.72325 23
      vertex -2.47488 0.840103 23
      vertex -1.965 1.72325 23
    endloop
  endfacet
  facet normal 0 0 -1
    outer loop
      vertex -2.34406 1.15596 23
      vertex -2.26344 1.30679 23
      vertex -2.17313 1.45203 23
    endloop
  endfacet
  facet normal 0 0 -1
    outer loop
      vertex -2.34406 1.15596 23
      vertex -2.17313 1.45203 23
      vertex -1.965 1.72325 23
    endloop
  endfacet
  facet normal 0 0 -1
    outer loop
      vertex -1.965 1.72325 23
      vertex -2.47488 0.840103 23
      vertex -2.41464 1.00017 23
    endloop
  endfacet
  facet normal 0 -0 -1
    outer loop
      vertex -2.47488 0.840103 23
      vertex -2.47488 -0.840103 23
      vertex -2.61359 0 23
    endloop
  endfacet
  facet normal 0 -0 -1
    outer loop
      vertex -2.52454 0.676437 23
      vertex -2.47488 0.840103 23
      vertex -2.56337 0.509888 23
    endloop
  endfacet
  facet normal 0 0 -1
    outer loop
      vertex -2.61359 0 23
      vertex -2.56337 0.509888 23
      vertex -2.47488 0.840103 23
    endloop
  endfacet
  facet normal 0 0 -1
    outer loop
      vertex -2.59123 0.341141 23
      vertex -2.61359 0 23
      vertex -2.608 0.170929 23
    endloop
  endfacet
  facet normal 0 0 -1
    outer loop
      vertex -3.38776 -5.53033 23
      vertex -3.17261 -5.79602 23
      vertex -2.99399 -6.08751 23
    endloop
  endfacet
  facet normal 0 0 -1
    outer loop
      vertex -2.81094 -8.07948 23
      vertex -2.73114 -7.74706 23
      vertex -2.76559 -7.91458 23
    endloop
  endfacet
  facet normal 0 0 -1
    outer loop
      vertex -2.47488 -0.840103 23
      vertex -2.52454 -0.676437 23
      vertex -2.56337 -0.509888 23
    endloop
  endfacet
  facet normal -0 0 -1
    outer loop
      vertex -2.93347 -8.39865 23
      vertex -3.79857 -9.43881 23
      vertex -2.86699 -8.24107 23
    endloop
  endfacet
  facet normal 0 0 -1
    outer loop
      vertex -2.6954 -7.40706 23
      vertex -2.7077 -7.57764 23
      vertex -2.73114 -7.74706 23
    endloop
  endfacet
  facet normal 0 0 -1
    outer loop
      vertex -1.965 -1.72325 23
      vertex -2.34406 -1.15596 23
      vertex -2.41464 -1.00017 23
    endloop
  endfacet
  facet normal 0 0 -1
    outer loop
      vertex -3.91234 -5.09406 23
      vertex -3.63576 -5.295 23
      vertex -2.99399 -6.08751 23
    endloop
  endfacet
  facet normal 0 0 -1
    outer loop
      vertex -2.99399 -6.08751 23
      vertex -2.91934 -6.24139 23
      vertex -2.85493 -6.39983 23
    endloop
  endfacet
  facet normal 0 0 -1
    outer loop
      vertex -1.965 -1.72325 23
      vertex -2.0735 -1.59105 23
      vertex -2.17313 -1.45203 23
    endloop
  endfacet
  facet normal 0 0 -1
    outer loop
      vertex -2.72557 -6.89558 23
      vertex -3.91234 -5.09406 23
      vertex -2.99399 -6.08751 23
    endloop
  endfacet
  facet normal -0 -0 -1
    outer loop
      vertex -2.85493 -6.39983 23
      vertex -2.72557 -6.89558 23
      vertex -2.99399 -6.08751 23
    endloop
  endfacet
  facet normal 0 0 -1
    outer loop
      vertex -3.6622 -9.33559 23
      vertex -3.29755 -8.97568 23
      vertex -3.53287 -9.22366 23
    endloop
  endfacet
  facet normal 0 0 -1
    outer loop
      vertex -1.965 -1.72325 23
      vertex -1.72325 -1.965 23
      vertex -1.84808 -1.84808 23
    endloop
  endfacet
  facet normal -0 0 -1
    outer loop
      vertex -3.01012 -8.55154 23
      vertex -3.29755 -8.97568 23
      vertex -2.93347 -8.39865 23
    endloop
  endfacet
  facet normal 0 0 -1
    outer loop
      vertex -4.56468 -9.81041 23
      vertex -4.73018 -9.85361 23
      vertex -4.89813 -9.88586 23
    endloop
  endfacet
  facet normal 0 0 -1
    outer loop
      vertex -4.56468 -9.81041 23
      vertex -4.89813 -9.88586 23
      vertex -5.06784 -9.90707 23
    endloop
  endfacet
  facet normal 0 0 -1
    outer loop
      vertex -4.56468 -9.81041 23
      vertex -3.94139 -9.5329 23
      vertex -4.40237 -9.7565 23
    endloop
  endfacet
  facet normal 0 0 -1
    outer loop
      vertex -4.40237 -9.7565 23
      vertex -4.09006 -9.61745 23
      vertex -4.24394 -9.69209 23
    endloop
  endfacet
  facet normal 0 0 -1
    outer loop
      vertex -1.45203 -2.17313 23
      vertex -1.15596 -2.34406 23
      vertex -1.30679 -2.26344 23
    endloop
  endfacet
  facet normal 0 0 -1
    outer loop
      vertex -3.94139 -9.5329 23
      vertex -4.09006 -9.61745 23
      vertex -4.40237 -9.7565 23
    endloop
  endfacet
  facet normal 0 0 -1
    outer loop
      vertex -1.72325 -1.965 23
      vertex -1.00017 -2.41464 23
      vertex -1.15596 -2.34406 23
    endloop
  endfacet
  facet normal 0 0 -1
    outer loop
      vertex -3.94139 -9.5329 23
      vertex -4.56468 -9.81041 23
      vertex -5.06784 -9.90707 23
    endloop
  endfacet
  facet normal 0 0 -1
    outer loop
      vertex -1.72325 -1.965 23
      vertex -0.840103 -2.47488 23
      vertex -1.00017 -2.41464 23
    endloop
  endfacet
  facet normal -0 0 -1
    outer loop
      vertex -3.94139 -9.5329 23
      vertex -5.06784 -9.90707 23
      vertex -3.79857 -9.43881 23
    endloop
  endfacet
  facet normal -0 0 -1
    outer loop
      vertex 0.840103 -2.47488 23
      vertex 0 -2.61359 23
      vertex -0.840103 -2.47488 23
    endloop
  endfacet
  facet normal 0 0 -1
    outer loop
      vertex -5.8838 -4.75529 23
      vertex -5.54614 -4.70181 23
      vertex -5.0338 -4.70517 23
    endloop
  endfacet
  facet normal 0 0 -1
    outer loop
      vertex -0.840103 -2.47488 23
      vertex -0.509888 -2.56337 23
      vertex -0.676437 -2.52454 23
    endloop
  endfacet
  facet normal -0 0 -1
    outer loop
      vertex -3.6622 -9.33559 23
      vertex -3.79857 -9.43881 23
      vertex -3.29755 -8.97568 23
    endloop
  endfacet
  facet normal 0 0 -1
    outer loop
      vertex -0.840103 -2.47488 23
      vertex 0 -2.61359 23
      vertex -0.509888 -2.56337 23
    endloop
  endfacet
  facet normal 0 0 -1
    outer loop
      vertex -3.29755 -8.97568 23
      vertex -3.41115 -9.10353 23
      vertex -3.53287 -9.22366 23
    endloop
  endfacet
  facet normal 0 0 -1
    outer loop
      vertex -0.509888 -2.56337 23
      vertex 0 -2.61359 23
      vertex -0.341141 -2.59123 23
    endloop
  endfacet
  facet normal 0 0 -1
    outer loop
      vertex -3.79857 -9.43881 23
      vertex -2.93347 -8.39865 23
      vertex -3.29755 -8.97568 23
    endloop
  endfacet
  facet normal 0 0 -1
    outer loop
      vertex -0.341141 -2.59123 23
      vertex 0 -2.61359 23
      vertex -0.170929 -2.608 23
    endloop
  endfacet
  facet normal 0 0 -1
    outer loop
      vertex -3.29755 -8.97568 23
      vertex -3.09659 -8.6991 23
      vertex -3.19254 -8.84068 23
    endloop
  endfacet
  facet normal 0 0 -1
    outer loop
      vertex -3.79857 -9.43881 23
      vertex -2.69429 -7.23602 23
      vertex -2.86699 -8.24107 23
    endloop
  endfacet
  facet normal 0 0 -1
    outer loop
      vertex -3.01012 -8.55154 23
      vertex -3.09659 -8.6991 23
      vertex -3.29755 -8.97568 23
    endloop
  endfacet
  facet normal 0 0 -1
    outer loop
      vertex 5.0338 -4.70517 23
      vertex 3.91234 -5.09406 23
      vertex 4.53195 -4.80841 23
    endloop
  endfacet
  facet normal -0 0 -1
    outer loop
      vertex 7.22621 -9.07855 23
      vertex 6.84322 -9.41888 23
      vertex 7.44136 -8.81287 23
    endloop
  endfacet
  facet normal 0 0 -1
    outer loop
      vertex 5.91711 -9.84583 23
      vertex 5.23857 -9.91714 23
      vertex 5.06784 -9.90707 23
    endloop
  endfacet
  facet normal -0 0 -1
    outer loop
      vertex 7.33813 -8.94923 23
      vertex 7.22621 -9.07855 23
      vertex 7.44136 -8.81287 23
    endloop
  endfacet
  facet normal 0 0 -1
    outer loop
      vertex 4.56468 -9.81041 23
      vertex 4.89813 -9.88586 23
      vertex 4.73018 -9.85361 23
    endloop
  endfacet
  facet normal 0 0 -1
    outer loop
      vertex 6.84322 -9.41888 23
      vertex 7.69463 -8.36749 23
      vertex 7.44136 -8.81287 23
    endloop
  endfacet
  facet normal 0 0 -1
    outer loop
      vertex 3.94139 -9.5329 23
      vertex 4.56468 -9.81041 23
      vertex 4.40237 -9.7565 23
    endloop
  endfacet
  facet normal -0 0 -1
    outer loop
      vertex 7.85614 -7.88126 23
      vertex 7.69463 -8.36749 23
      vertex 7.90627 -7.03125 23
    endloop
  endfacet
  facet normal 0 0 -1
    outer loop
      vertex 3.94139 -9.5329 23
      vertex 4.40237 -9.7565 23
      vertex 4.09006 -9.61745 23
    endloop
  endfacet
  facet normal 0 0 -1
    outer loop
      vertex 7.81296 -8.04675 23
      vertex 7.75905 -8.20906 23
      vertex 7.69463 -8.36749 23
    endloop
  endfacet
  facet normal 0 0 -1
    outer loop
      vertex 5.06784 -9.90707 23
      vertex 3.94139 -9.5329 23
      vertex 3.79857 -9.43881 23
    endloop
  endfacet
  facet normal 0 0 -1
    outer loop
      vertex 7.85614 -7.88126 23
      vertex 7.81296 -8.04675 23
      vertex 7.69463 -8.36749 23
    endloop
  endfacet
  facet normal -0 0 -1
    outer loop
      vertex 7.90962 -7.54359 23
      vertex 7.85614 -7.88126 23
      vertex 7.90627 -7.03125 23
    endloop
  endfacet
  facet normal -0 0 -1
    outer loop
      vertex 7.69463 -8.36749 23
      vertex 6.84322 -9.41888 23
      vertex 7.90627 -7.03125 23
    endloop
  endfacet
  facet normal 0 0 -1
    outer loop
      vertex 7.10606 -9.20029 23
      vertex 6.97823 -9.31389 23
      vertex 6.84322 -9.41888 23
    endloop
  endfacet
  facet normal -0 0 -1
    outer loop
      vertex 7.90627 -7.03125 23
      vertex 6.84322 -9.41888 23
      vertex 5.0338 -4.70517 23
    endloop
  endfacet
  facet normal 0 0 -1
    outer loop
      vertex 6.55409 -9.60132 23
      vertex 6.84322 -9.41888 23
      vertex 6.70164 -9.51485 23
    endloop
  endfacet
  facet normal 0 0 -1
    outer loop
      vertex 7.51738 -5.90979 23
      vertex 7.31644 -5.63321 23
      vertex 7.42143 -5.7682 23
    endloop
  endfacet
  facet normal -0 0 -1
    outer loop
      vertex 7.88841 -7.7133 23
      vertex 7.85614 -7.88126 23
      vertex 7.90962 -7.54359 23
    endloop
  endfacet
  facet normal -0 -0 -1
    outer loop
      vertex 6.67259 -5.07599 23
      vertex 6.81541 -5.17007 23
      vertex 6.37004 -4.91681 23
    endloop
  endfacet
  facet normal 0 0 -1
    outer loop
      vertex 7.90627 -7.03125 23
      vertex 5.0338 -4.70517 23
      vertex 7.0811 -5.38522 23
    endloop
  endfacet
  facet normal 0 0 -1
    outer loop
      vertex 2.72557 -6.89558 23
      vertex 2.69429 -7.23602 23
      vertex 2.70435 -7.06529 23
    endloop
  endfacet
  facet normal 0 0 -1
    outer loop
      vertex 2.99399 -6.08751 23
      vertex 3.07852 -5.93884 23
      vertex 3.17261 -5.79602 23
    endloop
  endfacet
  facet normal 0 -0 -1
    outer loop
      vertex 4.37036 -4.86444 23
      vertex 4.53195 -4.80841 23
      vertex 4.21278 -4.93092 23
    endloop
  endfacet
  facet normal 0 0 -1
    outer loop
      vertex -3.63576 -5.295 23
      vertex -3.38776 -5.53033 23
      vertex -2.99399 -6.08751 23
    endloop
  endfacet
  facet normal 0 -0 -1
    outer loop
      vertex 4.86438 -4.72859 23
      vertex 5.0338 -4.70517 23
      vertex 4.69685 -4.76306 23
    endloop
  endfacet
  facet normal -0 -0 -1
    outer loop
      vertex -3.27583 -5.65965 23
      vertex -3.17261 -5.79602 23
      vertex -3.38776 -5.53033 23
    endloop
  endfacet
  facet normal 0 -0 -1
    outer loop
      vertex 5.3754 -4.69174 23
      vertex 5.54614 -4.70181 23
      vertex 5.0338 -4.70517 23
    endloop
  endfacet
  facet normal 0 0 -1
    outer loop
      vertex -2.99399 -6.08751 23
      vertex -3.17261 -5.79602 23
      vertex -3.07852 -5.93884 23
    endloop
  endfacet
  facet normal 0 0 -1
    outer loop
      vertex -3.91234 -5.09406 23
      vertex -2.72557 -6.89558 23
      vertex -2.69429 -7.23602 23
    endloop
  endfacet
  facet normal -0 -0 -1
    outer loop
      vertex -3.5079 -5.4086 23
      vertex -3.38776 -5.53033 23
      vertex -3.63576 -5.295 23
    endloop
  endfacet
  facet normal -0 0 -1
    outer loop
      vertex -2.69429 -7.23602 23
      vertex -3.79857 -9.43881 23
      vertex -3.91234 -5.09406 23
    endloop
  endfacet
  facet normal 0 0 -1
    outer loop
      vertex -3.91234 -5.09406 23
      vertex -5.0338 -4.70517 23
      vertex -4.53195 -4.80841 23
    endloop
  endfacet
  facet normal 0 0 -1
    outer loop
      vertex -4.21278 -4.93092 23
      vertex -4.53195 -4.80841 23
      vertex -4.37036 -4.86444 23
    endloop
  endfacet
  facet normal 0 0 -1
    outer loop
      vertex -4.21278 -4.93092 23
      vertex -4.05989 -5.00757 23
      vertex -3.91234 -5.09406 23
    endloop
  endfacet
  facet normal -0 -0 -1
    outer loop
      vertex -4.21278 -4.93092 23
      vertex -3.91234 -5.09406 23
      vertex -4.53195 -4.80841 23
    endloop
  endfacet
  facet normal -0 -0 -1
    outer loop
      vertex -3.91234 -5.09406 23
      vertex -3.79857 -9.43881 23
      vertex -5.0338 -4.70517 23
    endloop
  endfacet
  facet normal 0 0 -1
    outer loop
      vertex -5.0338 -4.70517 23
      vertex -7.0811 -5.38522 23
      vertex -6.04929 -4.79848 23
    endloop
  endfacet
  facet normal 0 0 -1
    outer loop
      vertex -4.69685 -4.76306 23
      vertex -5.0338 -4.70517 23
      vertex -4.86438 -4.72859 23
    endloop
  endfacet
  facet normal 0 0 -1
    outer loop
      vertex -5.0338 -4.70517 23
      vertex -5.3754 -4.69174 23
      vertex -5.20438 -4.69286 23
    endloop
  endfacet
  facet normal 0 0 -1
    outer loop
      vertex -6.04929 -4.79848 23
      vertex -5.8838 -4.75529 23
      vertex -5.0338 -4.70517 23
    endloop
  endfacet
  facet normal 0 -0 -1
    outer loop
      vertex -6.67259 -5.07599 23
      vertex -6.37004 -4.91681 23
      vertex -6.81541 -5.17007 23
    endloop
  endfacet
  facet normal 0 0 -1
    outer loop
      vertex -7.0811 -5.38522 23
      vertex -7.90627 -7.03125 23
      vertex -7.80302 -6.5294 23
    endloop
  endfacet
  facet normal 0 0 -1
    outer loop
      vertex -7.51738 -5.90979 23
      vertex -7.31644 -5.63321 23
      vertex -7.20282 -5.50536 23
    endloop
  endfacet
  facet normal 0 -0 -1
    outer loop
      vertex -7.74699 -6.36781 23
      vertex -7.68051 -6.21024 23
      vertex -7.80302 -6.5294 23
    endloop
  endfacet
  facet normal 0 0 -1
    outer loop
      vertex -7.51738 -5.90979 23
      vertex -7.68051 -6.21024 23
      vertex -7.60387 -6.05734 23
    endloop
  endfacet
  facet normal 0 0 -1
    outer loop
      vertex -7.80302 -6.5294 23
      vertex -7.68051 -6.21024 23
      vertex -7.51738 -5.90979 23
    endloop
  endfacet
  facet normal 0 0 -1
    outer loop
      vertex -7.90627 -7.03125 23
      vertex -5.0338 -4.70517 23
      vertex -6.84322 -9.41888 23
    endloop
  endfacet
  facet normal 0 0 -1
    outer loop
      vertex -7.69463 -8.36749 23
      vertex -6.84322 -9.41888 23
      vertex -7.44136 -8.81287 23
    endloop
  endfacet
  facet normal 0 0 -1
    outer loop
      vertex -7.80302 -6.5294 23
      vertex -7.90627 -7.03125 23
      vertex -7.84837 -6.69431 23
    endloop
  endfacet
  facet normal 0 0 -1
    outer loop
      vertex -7.84837 -6.69431 23
      vertex -7.90627 -7.03125 23
      vertex -7.88284 -6.86183 23
    endloop
  endfacet
  facet normal 0 0 -1
    outer loop
      vertex -7.85614 -7.88126 23
      vertex -7.90962 -7.54359 23
      vertex -7.90627 -7.03125 23
    endloop
  endfacet
  facet normal 0 0 -1
    outer loop
      vertex -7.90627 -7.03125 23
      vertex -7.91969 -7.37286 23
      vertex -7.91858 -7.20183 23
    endloop
  endfacet
  facet normal 0 0 -1
    outer loop
      vertex -7.90627 -7.03125 23
      vertex -7.90962 -7.54359 23
      vertex -7.91969 -7.37286 23
    endloop
  endfacet
  facet normal 0 0 -1
    outer loop
      vertex -7.69463 -8.36749 23
      vertex -7.85614 -7.88126 23
      vertex -7.90627 -7.03125 23
    endloop
  endfacet
  facet normal 0 0 -1
    outer loop
      vertex -7.90962 -7.54359 23
      vertex -7.85614 -7.88126 23
      vertex -7.88841 -7.7133 23
    endloop
  endfacet
  facet normal 0 0 -1
    outer loop
      vertex -7.44136 -8.81287 23
      vertex -6.84322 -9.41888 23
      vertex -7.22621 -9.07855 23
    endloop
  endfacet
  facet normal 0 0 -1
    outer loop
      vertex -7.85614 -7.88126 23
      vertex -7.69463 -8.36749 23
      vertex -7.81296 -8.04675 23
    endloop
  endfacet
  facet normal 0 0 -1
    outer loop
      vertex -7.81296 -8.04675 23
      vertex -7.69463 -8.36749 23
      vertex -7.75905 -8.20906 23
    endloop
  endfacet
  facet normal 0 0 -1
    outer loop
      vertex -7.44136 -8.81287 23
      vertex -7.53545 -8.67004 23
      vertex -7.69463 -8.36749 23
    endloop
  endfacet
  facet normal 0 0 -1
    outer loop
      vertex -7.69463 -8.36749 23
      vertex -7.53545 -8.67004 23
      vertex -7.62 -8.52138 23
    endloop
  endfacet
  facet normal 0 0 -1
    outer loop
      vertex -7.69463 -8.36749 23
      vertex -7.90627 -7.03125 23
      vertex -6.84322 -9.41888 23
    endloop
  endfacet
  facet normal 0 0 -1
    outer loop
      vertex -7.22621 -9.07855 23
      vertex -7.33813 -8.94923 23
      vertex -7.44136 -8.81287 23
    endloop
  endfacet
  facet normal 0 0 -1
    outer loop
      vertex -6.84322 -9.41888 23
      vertex -5.0338 -4.70517 23
      vertex -3.79857 -9.43881 23
    endloop
  endfacet
  facet normal 0 0 -1
    outer loop
      vertex -5.06784 -9.90707 23
      vertex -6.84322 -9.41888 23
      vertex -3.79857 -9.43881 23
    endloop
  endfacet
  facet normal 0 0 -1
    outer loop
      vertex -6.84322 -9.41888 23
      vertex -6.97823 -9.31389 23
      vertex -7.10606 -9.20029 23
    endloop
  endfacet
  facet normal 0 0 -1
    outer loop
      vertex -7.22621 -9.07855 23
      vertex -6.84322 -9.41888 23
      vertex -7.10606 -9.20029 23
    endloop
  endfacet
  facet normal 0 0 -1
    outer loop
      vertex -6.24362 -9.74445 23
      vertex -6.4012 -9.67796 23
      vertex -6.84322 -9.41888 23
    endloop
  endfacet
  facet normal 0 0 -1
    outer loop
      vertex -6.84322 -9.41888 23
      vertex -6.55409 -9.60132 23
      vertex -6.70164 -9.51485 23
    endloop
  endfacet
  facet normal 0 0 -1
    outer loop
      vertex -6.84322 -9.41888 23
      vertex -6.4012 -9.67796 23
      vertex -6.55409 -9.60132 23
    endloop
  endfacet
  facet normal 0 0 -1
    outer loop
      vertex -5.91711 -9.84583 23
      vertex -6.24362 -9.74445 23
      vertex -6.84322 -9.41888 23
    endloop
  endfacet
  facet normal 0 0 -1
    outer loop
      vertex -5.06784 -9.90707 23
      vertex -5.91711 -9.84583 23
      vertex -6.84322 -9.41888 23
    endloop
  endfacet
  facet normal 0 0 -1
    outer loop
      vertex -6.24362 -9.74445 23
      vertex -5.91711 -9.84583 23
      vertex -6.08203 -9.80049 23
    endloop
  endfacet
  facet normal -0 0 -1
    outer loop
      vertex -5.06784 -9.90707 23
      vertex -5.23857 -9.91714 23
      vertex -5.91711 -9.84583 23
    endloop
  endfacet
  facet normal 0 0 -1
    outer loop
      vertex -5.91711 -9.84583 23
      vertex -5.40959 -9.91603 23
      vertex -5.7496 -9.88029 23
    endloop
  endfacet
  facet normal 0 0 -1
    outer loop
      vertex -5.7496 -9.88029 23
      vertex -5.40959 -9.91603 23
      vertex -5.58018 -9.90373 23
    endloop
  endfacet
  facet normal 0 0 -1
    outer loop
      vertex -5.91711 -9.84583 23
      vertex -5.23857 -9.91714 23
      vertex -5.40959 -9.91603 23
    endloop
  endfacet
  facet normal 0 0 -1
    outer loop
      vertex 5.06784 -9.90707 23
      vertex 3.79857 -9.43881 23
      vertex 6.84322 -9.41888 23
    endloop
  endfacet
  facet normal 0 0 -1
    outer loop
      vertex 7.20282 -5.50536 23
      vertex 7.31644 -5.63321 23
      vertex 7.51738 -5.90979 23
    endloop
  endfacet
  facet normal 0 0 -1
    outer loop
      vertex 7.0811 -5.38522 23
      vertex 5.0338 -4.70517 23
      vertex 6.04929 -4.79848 23
    endloop
  endfacet
  facet normal 0 0 -1
    outer loop
      vertex 6.81541 -5.17007 23
      vertex 6.04929 -4.79848 23
      vertex 6.37004 -4.91681 23
    endloop
  endfacet
  facet normal 0 0 -1
    outer loop
      vertex 6.81541 -5.17007 23
      vertex 6.95178 -5.2733 23
      vertex 7.0811 -5.38522 23
    endloop
  endfacet
  facet normal 0 0 -1
    outer loop
      vertex 6.67259 -5.07599 23
      vertex 6.37004 -4.91681 23
      vertex 6.52391 -4.99144 23
    endloop
  endfacet
  facet normal -0 -0 -1
    outer loop
      vertex 6.81541 -5.17007 23
      vertex 7.0811 -5.38522 23
      vertex 6.04929 -4.79848 23
    endloop
  endfacet
  facet normal -0 -0 -1
    outer loop
      vertex 6.21159 -4.85239 23
      vertex 6.37004 -4.91681 23
      vertex 6.04929 -4.79848 23
    endloop
  endfacet
  facet normal 0 0 -1
    outer loop
      vertex 5.0338 -4.70517 23
      vertex 5.54614 -4.70181 23
      vertex 5.8838 -4.75529 23
    endloop
  endfacet
  facet normal 0 0 -1
    outer loop
      vertex 5.8838 -4.75529 23
      vertex 5.54614 -4.70181 23
      vertex 5.71585 -4.72302 23
    endloop
  endfacet
  facet normal 0 -0 -1
    outer loop
      vertex 5.20438 -4.69286 23
      vertex 5.3754 -4.69174 23
      vertex 5.0338 -4.70517 23
    endloop
  endfacet
  facet normal 0 0 -1
    outer loop
      vertex 2.69429 -7.23602 23
      vertex 3.91234 -5.09406 23
      vertex 3.79857 -9.43881 23
    endloop
  endfacet
  facet normal 0 0 -1
    outer loop
      vertex 5.0338 -4.70517 23
      vertex 4.53195 -4.80841 23
      vertex 4.69685 -4.76306 23
    endloop
  endfacet
  facet normal 0 0 -1
    outer loop
      vertex 3.91234 -5.09406 23
      vertex 2.69429 -7.23602 23
      vertex 2.72557 -6.89558 23
    endloop
  endfacet
  facet normal 0 0 -1
    outer loop
      vertex 4.21278 -4.93092 23
      vertex 3.91234 -5.09406 23
      vertex 4.05989 -5.00757 23
    endloop
  endfacet
  facet normal 0 -0 -1
    outer loop
      vertex 4.21278 -4.93092 23
      vertex 4.53195 -4.80841 23
      vertex 3.91234 -5.09406 23
    endloop
  endfacet
  facet normal 0 -0 -1
    outer loop
      vertex 2.99399 -6.08751 23
      vertex 3.91234 -5.09406 23
      vertex 2.72557 -6.89558 23
    endloop
  endfacet
  facet normal 0 0 -1
    outer loop
      vertex 3.63576 -5.295 23
      vertex 3.77075 -5.19 23
      vertex 3.91234 -5.09406 23
    endloop
  endfacet
  facet normal 0 0 -1
    outer loop
      vertex 2.99399 -6.08751 23
      vertex 3.63576 -5.295 23
      vertex 3.91234 -5.09406 23
    endloop
  endfacet
  facet normal 0 -0 -1
    outer loop
      vertex 3.5079 -5.4086 23
      vertex 3.63576 -5.295 23
      vertex 3.38776 -5.53033 23
    endloop
  endfacet
  facet normal 0 0 -1
    outer loop
      vertex 3.38776 -5.53033 23
      vertex 3.17261 -5.79602 23
      vertex 3.27583 -5.65965 23
    endloop
  endfacet
  facet normal 0 0 -1
    outer loop
      vertex 3.38776 -5.53033 23
      vertex 2.99399 -6.08751 23
      vertex 3.17261 -5.79602 23
    endloop
  endfacet
  facet normal 0 0 -1
    outer loop
      vertex 3.63576 -5.295 23
      vertex 2.99399 -6.08751 23
      vertex 3.38776 -5.53033 23
    endloop
  endfacet
  facet normal 0 -0 -1
    outer loop
      vertex 2.85493 -6.39983 23
      vertex 2.99399 -6.08751 23
      vertex 2.72557 -6.89558 23
    endloop
  endfacet
  facet normal 0 0 -1
    outer loop
      vertex 2.85493 -6.39983 23
      vertex 2.91934 -6.24139 23
      vertex 2.99399 -6.08751 23
    endloop
  endfacet
  facet normal 0 0 -1
    outer loop
      vertex 2.86699 -8.24107 23
      vertex 2.69429 -7.23602 23
      vertex 3.79857 -9.43881 23
    endloop
  endfacet
  facet normal 0 0 -1
    outer loop
      vertex 2.80101 -6.56215 23
      vertex 2.72557 -6.89558 23
      vertex 2.75783 -6.72763 23
    endloop
  endfacet
  facet normal 0 0 -1
    outer loop
      vertex 2.72557 -6.89558 23
      vertex 2.80101 -6.56215 23
      vertex 2.85493 -6.39983 23
    endloop
  endfacet
  facet normal 0 0 -1
    outer loop
      vertex 3.79857 -9.43881 23
      vertex 2.93347 -8.39865 23
      vertex 2.86699 -8.24107 23
    endloop
  endfacet
  facet normal 0 0 -1
    outer loop
      vertex 2.93347 -8.39865 23
      vertex 3.79857 -9.43881 23
      vertex 3.29755 -8.97568 23
    endloop
  endfacet
  facet normal 0 0 -1
    outer loop
      vertex 2.7077 -7.57764 23
      vertex 2.6954 -7.40706 23
      vertex 2.73114 -7.74706 23
    endloop
  endfacet
  facet normal 0 0 -1
    outer loop
      vertex 2.6954 -7.40706 23
      vertex 2.69429 -7.23602 23
      vertex 2.73114 -7.74706 23
    endloop
  endfacet
  facet normal 0 0 -1
    outer loop
      vertex 2.73114 -7.74706 23
      vertex 2.69429 -7.23602 23
      vertex 2.86699 -8.24107 23
    endloop
  endfacet
  facet normal 0 0 -1
    outer loop
      vertex 2.76559 -7.91458 23
      vertex 2.73114 -7.74706 23
      vertex 2.81094 -8.07948 23
    endloop
  endfacet
  facet normal 0 0 -1
    outer loop
      vertex 2.81094 -8.07948 23
      vertex 2.73114 -7.74706 23
      vertex 2.86699 -8.24107 23
    endloop
  endfacet
  facet normal 0 0 -1
    outer loop
      vertex 3.6622 -9.33559 23
      vertex 3.29755 -8.97568 23
      vertex 3.79857 -9.43881 23
    endloop
  endfacet
  facet normal 0 0 -1
    outer loop
      vertex 3.79857 -9.43881 23
      vertex 3.91234 -5.09406 23
      vertex 5.0338 -4.70517 23
    endloop
  endfacet
  facet normal 0 0 -1
    outer loop
      vertex 3.01012 -8.55154 23
      vertex 2.93347 -8.39865 23
      vertex 3.29755 -8.97568 23
    endloop
  endfacet
  facet normal 0 0 -1
    outer loop
      vertex 3.19254 -8.84068 23
      vertex 3.09659 -8.6991 23
      vertex 3.29755 -8.97568 23
    endloop
  endfacet
  facet normal 0 0 -1
    outer loop
      vertex 3.09659 -8.6991 23
      vertex 3.01012 -8.55154 23
      vertex 3.29755 -8.97568 23
    endloop
  endfacet
  facet normal -0 0 -1
    outer loop
      vertex 6.84322 -9.41888 23
      vertex 3.79857 -9.43881 23
      vertex 5.0338 -4.70517 23
    endloop
  endfacet
  facet normal 0 0 -1
    outer loop
      vertex 3.41115 -9.10353 23
      vertex 3.29755 -8.97568 23
      vertex 3.53287 -9.22366 23
    endloop
  endfacet
  facet normal 0 0 -1
    outer loop
      vertex 3.53287 -9.22366 23
      vertex 3.29755 -8.97568 23
      vertex 3.6622 -9.33559 23
    endloop
  endfacet
  facet normal 0 0 -1
    outer loop
      vertex 5.06784 -9.90707 23
      vertex 4.56468 -9.81041 23
      vertex 3.94139 -9.5329 23
    endloop
  endfacet
  facet normal 0 0 -1
    outer loop
      vertex 4.09006 -9.61745 23
      vertex 4.40237 -9.7565 23
      vertex 4.24394 -9.69209 23
    endloop
  endfacet
  facet normal -0 0 -1
    outer loop
      vertex 5.91711 -9.84583 23
      vertex 5.06784 -9.90707 23
      vertex 6.84322 -9.41888 23
    endloop
  endfacet
  facet normal 0 0 -1
    outer loop
      vertex 4.56468 -9.81041 23
      vertex 5.06784 -9.90707 23
      vertex 4.89813 -9.88586 23
    endloop
  endfacet
  facet normal 0 0 1
    outer loop
      vertex 0.509888 6.46541 24.2
      vertex 0.170929 6.42079 24.2
      vertex 0.341141 6.43755 24.2
    endloop
  endfacet
  facet normal 0 -0 1
    outer loop
      vertex 0.509888 6.46541 24.2
      vertex 0.840103 6.55389 24.2
      vertex 0.170929 6.42079 24.2
    endloop
  endfacet
  facet normal 0 0 1
    outer loop
      vertex 0.509888 6.46541 24.2
      vertex 0.676437 6.50424 24.2
      vertex 0.840103 6.55389 24.2
    endloop
  endfacet
  facet normal 0 0 1
    outer loop
      vertex 1.30679 6.76535 24.2
      vertex 1.00017 6.61414 24.2
      vertex 1.15596 6.68472 24.2
    endloop
  endfacet
  facet normal 0 0 1
    outer loop
      vertex 0.840103 6.55389 24.2
      vertex 1.00017 6.61414 24.2
      vertex 1.30679 6.76535 24.2
    endloop
  endfacet
  facet normal 0 0 1
    outer loop
      vertex 0.840103 6.55389 24.2
      vertex 1.30679 6.76535 24.2
      vertex 1.45203 6.85567 24.2
    endloop
  endfacet
  facet normal 0 -0 1
    outer loop
      vertex 0.840103 6.55389 24.2
      vertex 1.45203 6.85567 24.2
      vertex 0.170929 6.42079 24.2
    endloop
  endfacet
  facet normal 0 0 1
    outer loop
      vertex 2.0735 1.59105 24.2
      vertex 1.965 1.72325 24.2
      vertex 2.17313 1.45203 24.2
    endloop
  endfacet
  facet normal 0 0 1
    outer loop
      vertex 1.45203 6.85567 24.2
      vertex 1.72325 7.06378 24.2
      vertex 1.965 7.30553 24.2
    endloop
  endfacet
  facet normal 0 -0 1
    outer loop
      vertex 1.59105 6.95528 24.2
      vertex 1.72325 7.06378 24.2
      vertex 1.45203 6.85567 24.2
    endloop
  endfacet
  facet normal 0 0 1
    outer loop
      vertex 6.25816 3.97659 24.2
      vertex 6.8895 4.77744 24.2
      vertex 6.76315 4.66217 24.2
    endloop
  endfacet
  facet normal 0 0 1
    outer loop
      vertex 1.72325 7.06378 24.2
      vertex 1.84808 7.18069 24.2
      vertex 1.965 7.30553 24.2
    endloop
  endfacet
  facet normal 0 0 1
    outer loop
      vertex 1.45203 6.85567 24.2
      vertex 1.965 7.30553 24.2
      vertex 2.34406 7.87283 24.2
    endloop
  endfacet
  facet normal 0 0 1
    outer loop
      vertex 9.29633 5.30551 24.2
      vertex 9.61859 5.19139 24.2
      vertex 9.45934 5.25374 24.2
    endloop
  endfacet
  facet normal 0 0 1
    outer loop
      vertex 1.965 7.30553 24.2
      vertex 2.17313 7.57675 24.2
      vertex 2.34406 7.87283 24.2
    endloop
  endfacet
  facet normal 0 0 1
    outer loop
      vertex 9.9232 5.03619 24.2
      vertex 9.77344 5.11877 24.2
      vertex 10.0672 4.94398 24.2
    endloop
  endfacet
  facet normal 0 -0 1
    outer loop
      vertex 2.0735 7.43773 24.2
      vertex 2.17313 7.57675 24.2
      vertex 1.965 7.30553 24.2
    endloop
  endfacet
  facet normal 0 0 1
    outer loop
      vertex 10.459 4.61378 24.2
      vertex 10.681 4.35382 24.2
      vertex 10.5743 4.48744 24.2
    endloop
  endfacet
  facet normal 0 0 1
    outer loop
      vertex 2.17313 7.57675 24.2
      vertex 2.26344 7.72198 24.2
      vertex 2.34406 7.87283 24.2
    endloop
  endfacet
  facet normal 0 0 1
    outer loop
      vertex 10.9459 3.91522 24.2
      vertex 11.0726 3.59769 24.2
      vertex 11.0144 3.75853 24.2
    endloop
  endfacet
  facet normal 0 0 1
    outer loop
      vertex 2.34406 10.1848 24.2
      vertex 1.59105 11.1023 24.2
      vertex 0.676437 11.5533 24.2
    endloop
  endfacet
  facet normal 0 0 1
    outer loop
      vertex 11.1824 3.09724 24.2
      vertex 11.1924 2.58499 24.2
      vertex 11.1969 2.92683 24.2
    endloop
  endfacet
  facet normal 0 0 1
    outer loop
      vertex 2.34406 7.87283 24.2
      vertex 2.47488 8.18867 24.2
      vertex 2.56337 8.51891 24.2
    endloop
  endfacet
  facet normal 0 -0 1
    outer loop
      vertex 11.1024 2.08061 24.2
      vertex 11.1434 2.24664 24.2
      vertex 11.0506 1.9176 24.2
    endloop
  endfacet
  facet normal 0 -0 1
    outer loop
      vertex 2.41464 8.02861 24.2
      vertex 2.47488 8.18867 24.2
      vertex 2.34406 7.87283 24.2
    endloop
  endfacet
  facet normal 0 0 1
    outer loop
      vertex 10.6394 1.17198 24.2
      vertex 10.4106 0.917923 24.2
      vertex 10.5292 1.0412 24.2
    endloop
  endfacet
  facet normal 0 0 1
    outer loop
      vertex 2.34406 7.87283 24.2
      vertex 2.56337 8.51891 24.2
      vertex 2.61359 9.02879 24.2
    endloop
  endfacet
  facet normal 0 -0 1
    outer loop
      vertex 9.86395 0.509689 24.2
      vertex 10.1507 0.695892 24.2
      vertex 9.39453 0.304367 24.2
    endloop
  endfacet
  facet normal 0 -0 1
    outer loop
      vertex 2.52454 8.35234 24.2
      vertex 2.56337 8.51891 24.2
      vertex 2.47488 8.18867 24.2
    endloop
  endfacet
  facet normal 0 0 1
    outer loop
      vertex 6.83806 0.847763 24.2
      vertex 5.98135 2.9951 24.2
      vertex 6.01706 2.31375 24.2
    endloop
  endfacet
  facet normal 0 0 1
    outer loop
      vertex 2.56337 8.51891 24.2
      vertex 2.59123 8.68765 24.2
      vertex 2.61359 9.02879 24.2
    endloop
  endfacet
  facet normal -0 0 1
    outer loop
      vertex 8.38184 0.184509 24.2
      vertex 8.72368 0.180023 24.2
      vertex 8.89409 0.194565 24.2
    endloop
  endfacet
  facet normal 0 0 1
    outer loop
      vertex -2.34406 10.1848 24.2
      vertex 0.676437 11.5533 24.2
      vertex -0.676437 11.5533 24.2
    endloop
  endfacet
  facet normal 0 0 1
    outer loop
      vertex 9.06319 0.220215 24.2
      vertex 9.23024 0.256866 24.2
      vertex 9.39453 0.304367 24.2
    endloop
  endfacet
  facet normal 0 -0 1
    outer loop
      vertex 2.608 8.85785 24.2
      vertex 2.61359 9.02879 24.2
      vertex 2.59123 8.68765 24.2
    endloop
  endfacet
  facet normal 0 0 1
    outer loop
      vertex 9.86395 0.509689 24.2
      vertex 10.0104 0.598099 24.2
      vertex 10.1507 0.695892 24.2
    endloop
  endfacet
  facet normal 0 0 1
    outer loop
      vertex 2.61359 9.02879 24.2
      vertex 2.59123 9.36993 24.2
      vertex 2.56337 9.53868 24.2
    endloop
  endfacet
  facet normal 0 0 1
    outer loop
      vertex 9.55537 0.362503 24.2
      vertex 9.71208 0.431046 24.2
      vertex 9.86395 0.509689 24.2
    endloop
  endfacet
  facet normal 0 0 1
    outer loop
      vertex 2.608 9.19974 24.2
      vertex 2.59123 9.36993 24.2
      vertex 2.61359 9.02879 24.2
    endloop
  endfacet
  facet normal 0 0 1
    outer loop
      vertex 9.39453 0.304367 24.2
      vertex 9.55537 0.362503 24.2
      vertex 9.86395 0.509689 24.2
    endloop
  endfacet
  facet normal 0 0 1
    outer loop
      vertex 2.34406 10.1848 24.2
      vertex 2.56337 9.53868 24.2
      vertex 2.47488 9.86891 24.2
    endloop
  endfacet
  facet normal 0 0 1
    outer loop
      vertex 9.61859 5.19139 24.2
      vertex 10.459 4.61378 24.2
      vertex 9.77344 5.11877 24.2
    endloop
  endfacet
  facet normal 0 0 1
    outer loop
      vertex 2.56337 9.53868 24.2
      vertex 2.52454 9.70525 24.2
      vertex 2.47488 9.86891 24.2
    endloop
  endfacet
  facet normal 0 0 1
    outer loop
      vertex 9.61859 5.19139 24.2
      vertex 10.9156 1.6035 24.2
      vertex 10.459 4.61378 24.2
    endloop
  endfacet
  facet normal 0 0 1
    outer loop
      vertex 2.61359 9.02879 24.2
      vertex 2.56337 9.53868 24.2
      vertex 2.34406 10.1848 24.2
    endloop
  endfacet
  facet normal 0 0 1
    outer loop
      vertex 10.4106 0.917923 24.2
      vertex 10.1507 0.695892 24.2
      vertex 10.2843 0.802643 24.2
    endloop
  endfacet
  facet normal 0 0 1
    outer loop
      vertex 2.47488 9.86891 24.2
      vertex 2.41464 10.029 24.2
      vertex 2.34406 10.1848 24.2
    endloop
  endfacet
  facet normal 0 0 1
    outer loop
      vertex 10.4106 0.917923 24.2
      vertex 10.6394 1.17198 24.2
      vertex 10.9156 1.6035 24.2
    endloop
  endfacet
  facet normal 0 0 1
    outer loop
      vertex -2.34406 10.1848 24.2
      vertex -0.676437 11.5533 24.2
      vertex -1.59105 11.1023 24.2
    endloop
  endfacet
  facet normal 0 -0 1
    outer loop
      vertex 10.7408 1.30969 24.2
      vertex 10.9156 1.6035 24.2
      vertex 10.6394 1.17198 24.2
    endloop
  endfacet
  facet normal 0 0 1
    outer loop
      vertex 2.34406 10.1848 24.2
      vertex 2.26344 10.3356 24.2
      vertex 1.965 10.7521 24.2
    endloop
  endfacet
  facet normal 0 0 1
    outer loop
      vertex 10.7408 1.30969 24.2
      vertex 10.833 1.45374 24.2
      vertex 10.9156 1.6035 24.2
    endloop
  endfacet
  facet normal 0 0 1
    outer loop
      vertex 1.965 10.7521 24.2
      vertex 2.17313 10.4808 24.2
      vertex 2.0735 10.6199 24.2
    endloop
  endfacet
  facet normal 0 0 1
    outer loop
      vertex 11.1924 2.58499 24.2
      vertex 10.681 4.35382 24.2
      vertex 10.459 4.61378 24.2
    endloop
  endfacet
  facet normal 0 0 1
    outer loop
      vertex 2.26344 10.3356 24.2
      vertex 2.17313 10.4808 24.2
      vertex 1.965 10.7521 24.2
    endloop
  endfacet
  facet normal 0 0 1
    outer loop
      vertex 11.0506 1.9176 24.2
      vertex 10.9156 1.6035 24.2
      vertex 10.9883 1.75835 24.2
    endloop
  endfacet
  facet normal 0 0 1
    outer loop
      vertex 1.59105 11.1023 24.2
      vertex 1.965 10.7521 24.2
      vertex 1.72325 10.9938 24.2
    endloop
  endfacet
  facet normal 0 0 1
    outer loop
      vertex 11.1567 3.26634 24.2
      vertex 11.0726 3.59769 24.2
      vertex 11.1924 2.58499 24.2
    endloop
  endfacet
  facet normal 0 0 1
    outer loop
      vertex 2.34406 10.1848 24.2
      vertex 1.965 10.7521 24.2
      vertex 1.59105 11.1023 24.2
    endloop
  endfacet
  facet normal 0 0 1
    outer loop
      vertex 7.61841 5.21758 24.2
      vertex 10.9156 1.6035 24.2
      vertex 9.61859 5.19139 24.2
    endloop
  endfacet
  facet normal 0 0 1
    outer loop
      vertex 1.84808 10.8769 24.2
      vertex 1.72325 10.9938 24.2
      vertex 1.965 10.7521 24.2
    endloop
  endfacet
  facet normal 0 0 1
    outer loop
      vertex 8.38184 0.184509 24.2
      vertex 7.61841 5.21758 24.2
      vertex 6.25816 3.97659 24.2
    endloop
  endfacet
  facet normal 0 0 1
    outer loop
      vertex 0.341141 11.62 24.2
      vertex -0.676437 11.5533 24.2
      vertex 0.676437 11.5533 24.2
    endloop
  endfacet
  facet normal 0 0 1
    outer loop
      vertex 0.676437 11.5533 24.2
      vertex 1.45203 11.2019 24.2
      vertex 1.30679 11.2922 24.2
    endloop
  endfacet
  facet normal 0 0 1
    outer loop
      vertex 0.676437 11.5533 24.2
      vertex 1.30679 11.2922 24.2
      vertex 1.00017 11.4435 24.2
    endloop
  endfacet
  facet normal 0 0 1
    outer loop
      vertex 0.676437 11.5533 24.2
      vertex 1.00017 11.4435 24.2
      vertex 0.840103 11.5037 24.2
    endloop
  endfacet
  facet normal 0 0 1
    outer loop
      vertex 1.15596 11.3729 24.2
      vertex 1.00017 11.4435 24.2
      vertex 1.30679 11.2922 24.2
    endloop
  endfacet
  facet normal 0 0 1
    outer loop
      vertex 1.59105 11.1023 24.2
      vertex 1.45203 11.2019 24.2
      vertex 0.676437 11.5533 24.2
    endloop
  endfacet
  facet normal 0 0 1
    outer loop
      vertex 2.34406 10.1848 24.2
      vertex 0.676437 11.5533 24.2
      vertex -2.34406 10.1848 24.2
    endloop
  endfacet
  facet normal 0 0 1
    outer loop
      vertex -0.676437 11.5533 24.2
      vertex 0.341141 11.62 24.2
      vertex -0.341141 11.62 24.2
    endloop
  endfacet
  facet normal 0 0 1
    outer loop
      vertex 0.509888 11.5922 24.2
      vertex 0.341141 11.62 24.2
      vertex 0.676437 11.5533 24.2
    endloop
  endfacet
  facet normal 0 0 1
    outer loop
      vertex 0.341141 11.62 24.2
      vertex 0.170929 11.6368 24.2
      vertex -0.341141 11.62 24.2
    endloop
  endfacet
  facet normal 0 0 1
    outer loop
      vertex 0.170929 11.6368 24.2
      vertex 0 11.6424 24.2
      vertex -0.170929 11.6368 24.2
    endloop
  endfacet
  facet normal 0 0 1
    outer loop
      vertex 0.170929 11.6368 24.2
      vertex -0.170929 11.6368 24.2
      vertex -0.341141 11.62 24.2
    endloop
  endfacet
  facet normal -0 0 1
    outer loop
      vertex -1.45203 11.2019 24.2
      vertex -1.59105 11.1023 24.2
      vertex -0.676437 11.5533 24.2
    endloop
  endfacet
  facet normal 0 0 1
    outer loop
      vertex 2.34406 10.1848 24.2
      vertex -2.34406 10.1848 24.2
      vertex -2.61359 9.02879 24.2
    endloop
  endfacet
  facet normal -0 0 1
    outer loop
      vertex -0.509888 11.5922 24.2
      vertex -0.676437 11.5533 24.2
      vertex -0.341141 11.62 24.2
    endloop
  endfacet
  facet normal 0 0 1
    outer loop
      vertex -0.676437 11.5533 24.2
      vertex -1.00017 11.4435 24.2
      vertex -1.30679 11.2922 24.2
    endloop
  endfacet
  facet normal -0 0 1
    outer loop
      vertex -0.840103 11.5037 24.2
      vertex -1.00017 11.4435 24.2
      vertex -0.676437 11.5533 24.2
    endloop
  endfacet
  facet normal 0 0 1
    outer loop
      vertex -1.00017 11.4435 24.2
      vertex -1.15596 11.3729 24.2
      vertex -1.30679 11.2922 24.2
    endloop
  endfacet
  facet normal 0 0 1
    outer loop
      vertex -0.676437 11.5533 24.2
      vertex -1.30679 11.2922 24.2
      vertex -1.45203 11.2019 24.2
    endloop
  endfacet
  facet normal 0 0 1
    outer loop
      vertex 2.34406 10.1848 24.2
      vertex -2.61359 9.02879 24.2
      vertex 2.61359 9.02879 24.2
    endloop
  endfacet
  facet normal 0 0 1
    outer loop
      vertex -2.34406 10.1848 24.2
      vertex -1.59105 11.1023 24.2
      vertex -1.965 10.7521 24.2
    endloop
  endfacet
  facet normal 0 0 1
    outer loop
      vertex -1.965 10.7521 24.2
      vertex -1.72325 10.9938 24.2
      vertex -1.84808 10.8769 24.2
    endloop
  endfacet
  facet normal 0 0 1
    outer loop
      vertex -1.59105 11.1023 24.2
      vertex -1.72325 10.9938 24.2
      vertex -1.965 10.7521 24.2
    endloop
  endfacet
  facet normal -0 0 1
    outer loop
      vertex -2.61359 9.02879 24.2
      vertex 2.34406 7.87283 24.2
      vertex 2.61359 9.02879 24.2
    endloop
  endfacet
  facet normal 0 0 1
    outer loop
      vertex -1.965 10.7521 24.2
      vertex -2.17313 10.4808 24.2
      vertex -2.26344 10.3356 24.2
    endloop
  endfacet
  facet normal -0 0 1
    outer loop
      vertex -2.0735 10.6199 24.2
      vertex -2.17313 10.4808 24.2
      vertex -1.965 10.7521 24.2
    endloop
  endfacet
  facet normal 0 0 1
    outer loop
      vertex -1.965 10.7521 24.2
      vertex -2.26344 10.3356 24.2
      vertex -2.34406 10.1848 24.2
    endloop
  endfacet
  facet normal 0 0 1
    outer loop
      vertex -2.61359 9.02879 24.2
      vertex -2.34406 10.1848 24.2
      vertex -2.56337 9.53868 24.2
    endloop
  endfacet
  facet normal 0 0 1
    outer loop
      vertex -2.34406 10.1848 24.2
      vertex -2.41464 10.029 24.2
      vertex -2.47488 9.86891 24.2
    endloop
  endfacet
  facet normal 0 0 1
    outer loop
      vertex -6.25816 3.97659 24.2
      vertex -6.34074 4.12636 24.2
      vertex -6.43295 4.2704 24.2
    endloop
  endfacet
  facet normal 0 0 1
    outer loop
      vertex -2.34406 10.1848 24.2
      vertex -2.47488 9.86891 24.2
      vertex -2.56337 9.53868 24.2
    endloop
  endfacet
  facet normal 0 0 1
    outer loop
      vertex -2.47488 9.86891 24.2
      vertex -2.52454 9.70525 24.2
      vertex -2.56337 9.53868 24.2
    endloop
  endfacet
  facet normal 0 0 1
    outer loop
      vertex -5.98135 2.9951 24.2
      vertex -6.25816 3.97659 24.2
      vertex -8.38184 0.184509 24.2
    endloop
  endfacet
  facet normal 0 -0 1
    outer loop
      vertex -2.34406 7.87283 24.2
      vertex 2.34406 7.87283 24.2
      vertex -2.61359 9.02879 24.2
    endloop
  endfacet
  facet normal 0 0 1
    outer loop
      vertex -6.07141 3.49948 24.2
      vertex -6.1232 3.66248 24.2
      vertex -6.03041 3.33345 24.2
    endloop
  endfacet
  facet normal 0 0 1
    outer loop
      vertex -2.56337 9.53868 24.2
      vertex -2.59123 9.36993 24.2
      vertex -2.61359 9.02879 24.2
    endloop
  endfacet
  facet normal 0 0 1
    outer loop
      vertex -5.98135 2.9951 24.2
      vertex -6.03041 3.33345 24.2
      vertex -6.25816 3.97659 24.2
    endloop
  endfacet
  facet normal -0 -0 1
    outer loop
      vertex -2.47488 8.18867 24.2
      vertex -2.34406 7.87283 24.2
      vertex -2.56337 8.51891 24.2
    endloop
  endfacet
  facet normal 0 0 1
    outer loop
      vertex -5.98135 2.9951 24.2
      vertex -6.00034 3.16508 24.2
      vertex -6.03041 3.33345 24.2
    endloop
  endfacet
  facet normal -0 0 1
    outer loop
      vertex -2.608 9.19974 24.2
      vertex -2.61359 9.02879 24.2
      vertex -2.59123 9.36993 24.2
    endloop
  endfacet
  facet normal 0 0 1
    outer loop
      vertex -5.99141 2.48285 24.2
      vertex -5.97687 2.65326 24.2
      vertex -5.98135 2.9951 24.2
    endloop
  endfacet
  facet normal 0 0 1
    outer loop
      vertex -2.61359 9.02879 24.2
      vertex -2.59123 8.68765 24.2
      vertex -2.56337 8.51891 24.2
    endloop
  endfacet
  facet normal 0 0 1
    outer loop
      vertex -6.01706 2.31375 24.2
      vertex -5.99141 2.48285 24.2
      vertex -5.98135 2.9951 24.2
    endloop
  endfacet
  facet normal -0 -0 1
    outer loop
      vertex -2.608 8.85785 24.2
      vertex -2.59123 8.68765 24.2
      vertex -2.61359 9.02879 24.2
    endloop
  endfacet
  facet normal 0 0 1
    outer loop
      vertex -6.01706 2.31375 24.2
      vertex -6.39494 1.36658 24.2
      vertex -6.05371 2.1467 24.2
    endloop
  endfacet
  facet normal 0 0 1
    outer loop
      vertex -2.34406 7.87283 24.2
      vertex -2.61359 9.02879 24.2
      vertex -2.56337 8.51891 24.2
    endloop
  endfacet
  facet normal 0 0 1
    outer loop
      vertex -6.10121 1.98239 24.2
      vertex -6.22789 1.66486 24.2
      vertex -6.15935 1.82155 24.2
    endloop
  endfacet
  facet normal 0 0 1
    outer loop
      vertex -2.56337 8.51891 24.2
      vertex -2.52454 8.35234 24.2
      vertex -2.47488 8.18867 24.2
    endloop
  endfacet
  facet normal 0 0 1
    outer loop
      vertex -6.83806 0.847763 24.2
      vertex -6.49274 1.22626 24.2
      vertex -6.39494 1.36658 24.2
    endloop
  endfacet
  facet normal 0 -0 1
    outer loop
      vertex 1.45203 6.85567 24.2
      vertex 2.34406 7.87283 24.2
      vertex -2.34406 7.87283 24.2
    endloop
  endfacet
  facet normal 0 0 1
    outer loop
      vertex -7.10654 0.636108 24.2
      vertex -6.96883 0.737534 24.2
      vertex -6.83806 0.847763 24.2
    endloop
  endfacet
  facet normal 0 0 1
    outer loop
      vertex -2.47488 8.18867 24.2
      vertex -2.41464 8.02861 24.2
      vertex -2.34406 7.87283 24.2
    endloop
  endfacet
  facet normal 0 0 1
    outer loop
      vertex -7.71445 0.326355 24.2
      vertex -7.55519 0.388687 24.2
      vertex -7.25058 0.5439 24.2
    endloop
  endfacet
  facet normal -0 -0 1
    outer loop
      vertex -1.72325 7.06378 24.2
      vertex -1.45203 6.85567 24.2
      vertex -1.965 7.30553 24.2
    endloop
  endfacet
  facet normal 0 0 1
    outer loop
      vertex -8.21185 0.203491 24.2
      vertex -8.04349 0.233551 24.2
      vertex -7.87746 0.274567 24.2
    endloop
  endfacet
  facet normal 0 0 1
    outer loop
      vertex -2.34406 7.87283 24.2
      vertex -2.17313 7.57675 24.2
      vertex -1.965 7.30553 24.2
    endloop
  endfacet
  facet normal 0 0 1
    outer loop
      vertex -8.38184 0.184509 24.2
      vertex -8.21185 0.203491 24.2
      vertex -7.87746 0.274567 24.2
    endloop
  endfacet
  facet normal -0 -0 1
    outer loop
      vertex -2.26344 7.72198 24.2
      vertex -2.17313 7.57675 24.2
      vertex -2.34406 7.87283 24.2
    endloop
  endfacet
  facet normal 0 0 1
    outer loop
      vertex -7.71445 0.326355 24.2
      vertex -8.38184 0.184509 24.2
      vertex -7.87746 0.274567 24.2
    endloop
  endfacet
  facet normal 0 0 1
    outer loop
      vertex -2.17313 7.57675 24.2
      vertex -2.0735 7.43773 24.2
      vertex -1.965 7.30553 24.2
    endloop
  endfacet
  facet normal 0 0 1
    outer loop
      vertex -7.25058 0.5439 24.2
      vertex -7.55519 0.388687 24.2
      vertex -7.40034 0.461304 24.2
    endloop
  endfacet
  facet normal 0 0 1
    outer loop
      vertex -1.45203 6.85567 24.2
      vertex -2.34406 7.87283 24.2
      vertex -1.965 7.30553 24.2
    endloop
  endfacet
  facet normal 0 0 1
    outer loop
      vertex -7.25058 0.5439 24.2
      vertex -8.38184 0.184509 24.2
      vertex -7.71445 0.326355 24.2
    endloop
  endfacet
  facet normal 0 0 1
    outer loop
      vertex -1.965 7.30553 24.2
      vertex -1.84808 7.18069 24.2
      vertex -1.72325 7.06378 24.2
    endloop
  endfacet
  facet normal 0 -0 1
    outer loop
      vertex -7.25058 0.5439 24.2
      vertex -7.10654 0.636108 24.2
      vertex -8.38184 0.184509 24.2
    endloop
  endfacet
  facet normal 0 0 1
    outer loop
      vertex 1.45203 6.85567 24.2
      vertex -2.34406 7.87283 24.2
      vertex -1.45203 6.85567 24.2
    endloop
  endfacet
  facet normal 0 0 1
    outer loop
      vertex -6.83806 0.847763 24.2
      vertex -8.38184 0.184509 24.2
      vertex -7.10654 0.636108 24.2
    endloop
  endfacet
  facet normal 0 0 1
    outer loop
      vertex 1.45203 6.85567 24.2
      vertex -1.45203 6.85567 24.2
      vertex 0.170929 6.42079 24.2
    endloop
  endfacet
  facet normal 0 0 1
    outer loop
      vertex -6.83806 0.847763 24.2
      vertex -6.71477 0.966293 24.2
      vertex -6.59949 1.09265 24.2
    endloop
  endfacet
  facet normal -0 -0 1
    outer loop
      vertex -1.59105 6.95528 24.2
      vertex -1.45203 6.85567 24.2
      vertex -1.72325 7.06378 24.2
    endloop
  endfacet
  facet normal 0 0 1
    outer loop
      vertex -6.49274 1.22626 24.2
      vertex -6.83806 0.847763 24.2
      vertex -6.59949 1.09265 24.2
    endloop
  endfacet
  facet normal 0 0 1
    outer loop
      vertex -0.840103 6.55389 24.2
      vertex -1.30679 6.76535 24.2
      vertex -1.00017 6.61414 24.2
    endloop
  endfacet
  facet normal 0 0 1
    outer loop
      vertex -6.05371 2.1467 24.2
      vertex -6.39494 1.36658 24.2
      vertex -6.10121 1.98239 24.2
    endloop
  endfacet
  facet normal 0 0 1
    outer loop
      vertex -1.45203 6.85567 24.2
      vertex -1.30679 6.76535 24.2
      vertex -0.840103 6.55389 24.2
    endloop
  endfacet
  facet normal 0 0 1
    outer loop
      vertex -6.10121 1.98239 24.2
      vertex -6.39494 1.36658 24.2
      vertex -6.30653 1.51299 24.2
    endloop
  endfacet
  facet normal -0 -0 1
    outer loop
      vertex -1.15596 6.68472 24.2
      vertex -1.00017 6.61414 24.2
      vertex -1.30679 6.76535 24.2
    endloop
  endfacet
  facet normal 0 0 1
    outer loop
      vertex -6.30653 1.51299 24.2
      vertex -6.22789 1.66486 24.2
      vertex -6.10121 1.98239 24.2
    endloop
  endfacet
  facet normal 0 0 1
    outer loop
      vertex -1.45203 6.85567 24.2
      vertex -0.840103 6.55389 24.2
      vertex -0.170929 6.42079 24.2
    endloop
  endfacet
  facet normal 0 0 1
    outer loop
      vertex -0.840103 6.55389 24.2
      vertex -0.509888 6.46541 24.2
      vertex -0.170929 6.42079 24.2
    endloop
  endfacet
  facet normal -0 -0 1
    outer loop
      vertex -0.676437 6.50424 24.2
      vertex -0.509888 6.46541 24.2
      vertex -0.840103 6.55389 24.2
    endloop
  endfacet
  facet normal 0 0 1
    outer loop
      vertex -1.45203 6.85567 24.2
      vertex -0.170929 6.42079 24.2
      vertex 0.170929 6.42079 24.2
    endloop
  endfacet
  facet normal -0 -0 1
    outer loop
      vertex -0.341141 6.43755 24.2
      vertex -0.170929 6.42079 24.2
      vertex -0.509888 6.46541 24.2
    endloop
  endfacet
  facet normal -0 0 1
    outer loop
      vertex -0.170929 6.42079 24.2
      vertex 0 6.41519 24.2
      vertex 0.170929 6.42079 24.2
    endloop
  endfacet
  facet normal 0 -0 1
    outer loop
      vertex 1.84808 -1.84808 24.2
      vertex 1.965 -1.72325 24.2
      vertex 1.72325 -1.965 24.2
    endloop
  endfacet
  facet normal 0 0 1
    outer loop
      vertex 0 -2.61359 24.2
      vertex 0.509888 -2.56337 24.2
      vertex 0.840103 -2.47488 24.2
    endloop
  endfacet
  facet normal 0 0 1
    outer loop
      vertex 0 2.61359 24.2
      vertex 0.341141 2.59123 24.2
      vertex 0.170929 2.608 24.2
    endloop
  endfacet
  facet normal 0 -0 1
    outer loop
      vertex 0.170929 -2.608 24.2
      vertex 0.341141 -2.59123 24.2
      vertex 0 -2.61359 24.2
    endloop
  endfacet
  facet normal 0 0 1
    outer loop
      vertex 0.509888 -2.56337 24.2
      vertex 0.676437 -2.52454 24.2
      vertex 0.840103 -2.47488 24.2
    endloop
  endfacet
  facet normal 0 0 1
    outer loop
      vertex 2.56337 -0.509888 24.2
      vertex 2.47488 -0.840103 24.2
      vertex 2.52454 -0.676437 24.2
    endloop
  endfacet
  facet normal 0 0 1
    outer loop
      vertex 2.17313 -1.45203 24.2
      vertex 2.26344 -1.30679 24.2
      vertex 2.34406 -1.15596 24.2
    endloop
  endfacet
  facet normal -0 0 1
    outer loop
      vertex 6.8895 4.77744 24.2
      vertex 6.25816 3.97659 24.2
      vertex 7.61841 5.21758 24.2
    endloop
  endfacet
  facet normal 0 0 1
    outer loop
      vertex 2.17313 -1.45203 24.2
      vertex 1.965 -1.72325 24.2
      vertex 2.0735 -1.59105 24.2
    endloop
  endfacet
  facet normal 0 0 1
    outer loop
      vertex 1.965 -1.72325 24.2
      vertex 2.17313 -1.45203 24.2
      vertex 2.34406 -1.15596 24.2
    endloop
  endfacet
  facet normal 0 0 1
    outer loop
      vertex 8.38184 0.184509 24.2
      vertex 9.39453 0.304367 24.2
      vertex 10.1507 0.695892 24.2
    endloop
  endfacet
  facet normal 0 0 1
    outer loop
      vertex 2.47488 0.840103 24.2
      vertex 2.47488 -0.840103 24.2
      vertex 2.61359 0 24.2
    endloop
  endfacet
  facet normal 0 -0 1
    outer loop
      vertex 2.59123 -0.341141 24.2
      vertex 2.61359 0 24.2
      vertex 2.56337 -0.509888 24.2
    endloop
  endfacet
  facet normal 0 -0 1
    outer loop
      vertex 1.59105 -2.0735 24.2
      vertex 1.72325 -1.965 24.2
      vertex 1.45203 -2.17313 24.2
    endloop
  endfacet
  facet normal 0 0 1
    outer loop
      vertex 6.39494 1.36658 24.2
      vertex 6.05371 2.1467 24.2
      vertex 6.10121 1.98239 24.2
    endloop
  endfacet
  facet normal 0 0 1
    outer loop
      vertex -6.83806 0.847763 24.2
      vertex -6.39494 1.36658 24.2
      vertex -6.01706 2.31375 24.2
    endloop
  endfacet
  facet normal 0 0 1
    outer loop
      vertex 0 2.61359 24.2
      vertex -0.840103 2.47488 24.2
      vertex 0.840103 2.47488 24.2
    endloop
  endfacet
  facet normal 0 0 1
    outer loop
      vertex -6.83806 0.847763 24.2
      vertex -6.01706 2.31375 24.2
      vertex -5.98135 2.9951 24.2
    endloop
  endfacet
  facet normal 0 0 1
    outer loop
      vertex 0.840103 2.47488 24.2
      vertex -0.840103 2.47488 24.2
      vertex -1.72325 1.965 24.2
    endloop
  endfacet
  facet normal 0 0 1
    outer loop
      vertex 2.34406 1.15596 24.2
      vertex 1.965 1.72325 24.2
      vertex 2.41464 1.00017 24.2
    endloop
  endfacet
  facet normal 0 0 1
    outer loop
      vertex -5.98135 2.9951 24.2
      vertex -5.97687 2.65326 24.2
      vertex -5.97351 2.82425 24.2
    endloop
  endfacet
  facet normal 0 0 1
    outer loop
      vertex 2.61359 0 24.2
      vertex 2.59123 -0.341141 24.2
      vertex 2.608 -0.170929 24.2
    endloop
  endfacet
  facet normal 0 0 1
    outer loop
      vertex 2.34406 1.15596 24.2
      vertex 2.26344 1.30679 24.2
      vertex 2.17313 1.45203 24.2
    endloop
  endfacet
  facet normal 0 -0 1
    outer loop
      vertex -6.83806 0.847763 24.2
      vertex -5.98135 2.9951 24.2
      vertex -8.38184 0.184509 24.2
    endloop
  endfacet
  facet normal 0 0 1
    outer loop
      vertex 1.15596 2.34406 24.2
      vertex 1.00017 2.41464 24.2
      vertex 1.72325 1.965 24.2
    endloop
  endfacet
  facet normal -0 0 1
    outer loop
      vertex -0.170929 2.608 24.2
      vertex -0.341141 2.59123 24.2
      vertex 0 2.61359 24.2
    endloop
  endfacet
  facet normal 0 0 1
    outer loop
      vertex -6.03041 3.33345 24.2
      vertex -6.1232 3.66248 24.2
      vertex -6.25816 3.97659 24.2
    endloop
  endfacet
  facet normal 0 0 1
    outer loop
      vertex -6.1232 3.66248 24.2
      vertex -6.18553 3.82175 24.2
      vertex -6.25816 3.97659 24.2
    endloop
  endfacet
  facet normal 0 0 1
    outer loop
      vertex -6.25816 3.97659 24.2
      vertex -6.43295 4.2704 24.2
      vertex -6.53439 4.40811 24.2
    endloop
  endfacet
  facet normal 0 0 1
    outer loop
      vertex -6.76315 4.66217 24.2
      vertex -6.53439 4.40811 24.2
      vertex -6.64461 4.53888 24.2
    endloop
  endfacet
  facet normal 0 0 1
    outer loop
      vertex -6.25816 3.97659 24.2
      vertex -6.53439 4.40811 24.2
      vertex -6.76315 4.66217 24.2
    endloop
  endfacet
  facet normal 0 0 1
    outer loop
      vertex -6.25816 3.97659 24.2
      vertex -6.76315 4.66217 24.2
      vertex -6.8895 4.77744 24.2
    endloop
  endfacet
  facet normal 0 0 1
    outer loop
      vertex -6.25816 3.97659 24.2
      vertex -6.8895 4.77744 24.2
      vertex -7.61841 5.21758 24.2
    endloop
  endfacet
  facet normal 0 0 1
    outer loop
      vertex -6.8895 4.77744 24.2
      vertex -7.02312 4.8842 24.2
      vertex -7.61841 5.21758 24.2
    endloop
  endfacet
  facet normal 0 0 1
    outer loop
      vertex -7.61841 5.21758 24.2
      vertex -7.16342 4.98199 24.2
      vertex -7.30983 5.0704 24.2
    endloop
  endfacet
  facet normal 0 0 1
    outer loop
      vertex -7.02312 4.8842 24.2
      vertex -7.16342 4.98199 24.2
      vertex -7.61841 5.21758 24.2
    endloop
  endfacet
  facet normal 0 0 1
    outer loop
      vertex -7.30983 5.0704 24.2
      vertex -7.4617 5.14905 24.2
      vertex -7.61841 5.21758 24.2
    endloop
  endfacet
  facet normal 0 0 1
    outer loop
      vertex -6.25816 3.97659 24.2
      vertex -7.61841 5.21758 24.2
      vertex -8.38184 0.184509 24.2
    endloop
  endfacet
  facet normal 0 0 1
    outer loop
      vertex -8.1106 5.35988 24.2
      vertex -7.77925 5.27573 24.2
      vertex -7.94354 5.32323 24.2
    endloop
  endfacet
  facet normal 0 0 1
    outer loop
      vertex -7.61841 5.21758 24.2
      vertex -7.77925 5.27573 24.2
      vertex -8.1106 5.35988 24.2
    endloop
  endfacet
  facet normal 0 0 1
    outer loop
      vertex -8.79195 5.39558 24.2
      vertex -8.1106 5.35988 24.2
      vertex -8.27969 5.38553 24.2
    endloop
  endfacet
  facet normal 0 0 1
    outer loop
      vertex -7.61841 5.21758 24.2
      vertex -8.1106 5.35988 24.2
      vertex -8.79195 5.39558 24.2
    endloop
  endfacet
  facet normal 0 0 1
    outer loop
      vertex -8.79195 5.39558 24.2
      vertex -8.4501 5.40007 24.2
      vertex -8.62111 5.40343 24.2
    endloop
  endfacet
  facet normal 0 0 1
    outer loop
      vertex -8.27969 5.38553 24.2
      vertex -8.4501 5.40007 24.2
      vertex -8.79195 5.39558 24.2
    endloop
  endfacet
  facet normal 0 0 1
    outer loop
      vertex -7.61841 5.21758 24.2
      vertex -8.79195 5.39558 24.2
      vertex -9.29633 5.30551 24.2
    endloop
  endfacet
  facet normal 0 0 1
    outer loop
      vertex -8.79195 5.39558 24.2
      vertex -8.96193 5.3766 24.2
      vertex -9.13029 5.34653 24.2
    endloop
  endfacet
  facet normal 0 0 1
    outer loop
      vertex -8.79195 5.39558 24.2
      vertex -9.13029 5.34653 24.2
      vertex -9.29633 5.30551 24.2
    endloop
  endfacet
  facet normal 0 0 1
    outer loop
      vertex -7.61841 5.21758 24.2
      vertex -9.29633 5.30551 24.2
      vertex -9.61859 5.19139 24.2
    endloop
  endfacet
  facet normal 0 0 1
    outer loop
      vertex -10.9156 1.6035 24.2
      vertex -9.61859 5.19139 24.2
      vertex -10.459 4.61378 24.2
    endloop
  endfacet
  facet normal -0 0 1
    outer loop
      vertex -9.45934 5.25374 24.2
      vertex -9.61859 5.19139 24.2
      vertex -9.29633 5.30551 24.2
    endloop
  endfacet
  facet normal 0 0 1
    outer loop
      vertex -10.459 4.61378 24.2
      vertex -9.77344 5.11877 24.2
      vertex -10.205 4.84254 24.2
    endloop
  endfacet
  facet normal 0 0 1
    outer loop
      vertex -9.77344 5.11877 24.2
      vertex -9.9232 5.03619 24.2
      vertex -10.0672 4.94398 24.2
    endloop
  endfacet
  facet normal 0 0 1
    outer loop
      vertex -9.77344 5.11877 24.2
      vertex -10.0672 4.94398 24.2
      vertex -10.205 4.84254 24.2
    endloop
  endfacet
  facet normal 0 0 1
    outer loop
      vertex -10.459 4.61378 24.2
      vertex -10.205 4.84254 24.2
      vertex -10.3357 4.73233 24.2
    endloop
  endfacet
  facet normal 0 0 1
    outer loop
      vertex -9.61859 5.19139 24.2
      vertex -9.77344 5.11877 24.2
      vertex -10.459 4.61378 24.2
    endloop
  endfacet
  facet normal 0 -0 1
    outer loop
      vertex -10.9156 1.6035 24.2
      vertex -10.459 4.61378 24.2
      vertex -11.1924 2.58499 24.2
    endloop
  endfacet
  facet normal 0 0 1
    outer loop
      vertex -10.459 4.61378 24.2
      vertex -10.681 4.35382 24.2
      vertex -11.1924 2.58499 24.2
    endloop
  endfacet
  facet normal -0 0 1
    outer loop
      vertex -10.5743 4.48744 24.2
      vertex -10.681 4.35382 24.2
      vertex -10.459 4.61378 24.2
    endloop
  endfacet
  facet normal 0 0 1
    outer loop
      vertex -10.9459 3.91522 24.2
      vertex -10.7788 4.21352 24.2
      vertex -10.8672 4.06711 24.2
    endloop
  endfacet
  facet normal 0 0 1
    outer loop
      vertex -10.681 4.35382 24.2
      vertex -10.7788 4.21352 24.2
      vertex -10.9459 3.91522 24.2
    endloop
  endfacet
  facet normal 0 0 1
    outer loop
      vertex -10.681 4.35382 24.2
      vertex -10.9459 3.91522 24.2
      vertex -11.0726 3.59769 24.2
    endloop
  endfacet
  facet normal 0 0 1
    outer loop
      vertex -10.9459 3.91522 24.2
      vertex -11.0144 3.75853 24.2
      vertex -11.0726 3.59769 24.2
    endloop
  endfacet
  facet normal 0 0 1
    outer loop
      vertex -10.681 4.35382 24.2
      vertex -11.0726 3.59769 24.2
      vertex -11.1924 2.58499 24.2
    endloop
  endfacet
  facet normal 0 0 1
    outer loop
      vertex -11.0726 3.59769 24.2
      vertex -11.1201 3.4334 24.2
      vertex -11.1567 3.26634 24.2
    endloop
  endfacet
  facet normal 0 0 1
    outer loop
      vertex -11.0726 3.59769 24.2
      vertex -11.1567 3.26634 24.2
      vertex -11.1924 2.58499 24.2
    endloop
  endfacet
  facet normal 0 0 1
    outer loop
      vertex -11.1567 3.26634 24.2
      vertex -11.1824 3.09724 24.2
      vertex -11.1924 2.58499 24.2
    endloop
  endfacet
  facet normal 0 0 1
    outer loop
      vertex -11.1924 2.58499 24.2
      vertex -11.1969 2.92683 24.2
      vertex -11.2003 2.75583 24.2
    endloop
  endfacet
  facet normal 0 0 1
    outer loop
      vertex -11.1824 3.09724 24.2
      vertex -11.1969 2.92683 24.2
      vertex -11.1924 2.58499 24.2
    endloop
  endfacet
  facet normal 0 0 1
    outer loop
      vertex -7.61841 5.21758 24.2
      vertex -9.61859 5.19139 24.2
      vertex -10.9156 1.6035 24.2
    endloop
  endfacet
  facet normal 0 0 1
    outer loop
      vertex -11.1924 2.58499 24.2
      vertex -11.1734 2.41501 24.2
      vertex -11.1434 2.24664 24.2
    endloop
  endfacet
  facet normal 0 0 1
    outer loop
      vertex -11.1924 2.58499 24.2
      vertex -11.1434 2.24664 24.2
      vertex -10.9156 1.6035 24.2
    endloop
  endfacet
  facet normal 0 0 1
    outer loop
      vertex -10.9156 1.6035 24.2
      vertex -11.0506 1.9176 24.2
      vertex -10.9883 1.75835 24.2
    endloop
  endfacet
  facet normal -0 -0 1
    outer loop
      vertex -11.1024 2.08061 24.2
      vertex -11.0506 1.9176 24.2
      vertex -11.1434 2.24664 24.2
    endloop
  endfacet
  facet normal 0 0 1
    outer loop
      vertex -11.1434 2.24664 24.2
      vertex -11.0506 1.9176 24.2
      vertex -10.9156 1.6035 24.2
    endloop
  endfacet
  facet normal 0 0 1
    outer loop
      vertex -7.61841 5.21758 24.2
      vertex -10.9156 1.6035 24.2
      vertex -10.4106 0.917923 24.2
    endloop
  endfacet
  facet normal 0 0 1
    outer loop
      vertex -10.9156 1.6035 24.2
      vertex -10.833 1.45374 24.2
      vertex -10.7408 1.30969 24.2
    endloop
  endfacet
  facet normal 0 0 1
    outer loop
      vertex -10.9156 1.6035 24.2
      vertex -10.7408 1.30969 24.2
      vertex -10.6394 1.17198 24.2
    endloop
  endfacet
  facet normal 0 0 1
    outer loop
      vertex -7.0811 -5.38522 24.2
      vertex -7.51738 -5.90979 24.2
      vertex -7.80302 -6.5294 24.2
    endloop
  endfacet
  facet normal 0 0 1
    outer loop
      vertex -10.9156 1.6035 24.2
      vertex -10.6394 1.17198 24.2
      vertex -10.4106 0.917923 24.2
    endloop
  endfacet
  facet normal 0 0 1
    outer loop
      vertex -10.6394 1.17198 24.2
      vertex -10.5292 1.0412 24.2
      vertex -10.4106 0.917923 24.2
    endloop
  endfacet
  facet normal 0 0 1
    outer loop
      vertex -7.31644 -5.63321 24.2
      vertex -7.42143 -5.7682 24.2
      vertex -7.51738 -5.90979 24.2
    endloop
  endfacet
  facet normal 0 0 1
    outer loop
      vertex -7.61841 5.21758 24.2
      vertex -10.4106 0.917923 24.2
      vertex -8.38184 0.184509 24.2
    endloop
  endfacet
  facet normal 0 0 1
    outer loop
      vertex -7.0811 -5.38522 24.2
      vertex -7.20282 -5.50536 24.2
      vertex -7.51738 -5.90979 24.2
    endloop
  endfacet
  facet normal 0 0 1
    outer loop
      vertex -10.4106 0.917923 24.2
      vertex -10.1507 0.695892 24.2
      vertex -8.38184 0.184509 24.2
    endloop
  endfacet
  facet normal 0 0 1
    outer loop
      vertex -7.90627 -7.03125 24.2
      vertex -5.0338 -4.70517 24.2
      vertex -7.0811 -5.38522 24.2
    endloop
  endfacet
  facet normal -0 -0 1
    outer loop
      vertex -10.2843 0.802643 24.2
      vertex -10.1507 0.695892 24.2
      vertex -10.4106 0.917923 24.2
    endloop
  endfacet
  facet normal 0 0 1
    outer loop
      vertex -6.81541 -5.17007 24.2
      vertex -6.95178 -5.2733 24.2
      vertex -7.0811 -5.38522 24.2
    endloop
  endfacet
  facet normal 0 0 1
    outer loop
      vertex -10.1507 0.695892 24.2
      vertex -10.0104 0.598099 24.2
      vertex -9.86395 0.509689 24.2
    endloop
  endfacet
  facet normal 0 0 1
    outer loop
      vertex -6.04929 -4.79848 24.2
      vertex -6.37004 -4.91681 24.2
      vertex -6.81541 -5.17007 24.2
    endloop
  endfacet
  facet normal 0 0 1
    outer loop
      vertex -9.39453 0.304367 24.2
      vertex -9.86395 0.509689 24.2
      vertex -9.55537 0.362503 24.2
    endloop
  endfacet
  facet normal 0 0 1
    outer loop
      vertex -6.37004 -4.91681 24.2
      vertex -6.52391 -4.99144 24.2
      vertex -6.67259 -5.07599 24.2
    endloop
  endfacet
  facet normal 0 0 1
    outer loop
      vertex -9.86395 0.509689 24.2
      vertex -9.71208 0.431046 24.2
      vertex -9.55537 0.362503 24.2
    endloop
  endfacet
  facet normal -0 0 1
    outer loop
      vertex -6.21159 -4.85239 24.2
      vertex -6.37004 -4.91681 24.2
      vertex -6.04929 -4.79848 24.2
    endloop
  endfacet
  facet normal 0 0 1
    outer loop
      vertex -10.1507 0.695892 24.2
      vertex -9.86395 0.509689 24.2
      vertex -9.39453 0.304367 24.2
    endloop
  endfacet
  facet normal 0 0 1
    outer loop
      vertex -7.0811 -5.38522 24.2
      vertex -6.04929 -4.79848 24.2
      vertex -6.81541 -5.17007 24.2
    endloop
  endfacet
  facet normal 0 0 1
    outer loop
      vertex -10.1507 0.695892 24.2
      vertex -9.39453 0.304367 24.2
      vertex -8.38184 0.184509 24.2
    endloop
  endfacet
  facet normal -0 0 1
    outer loop
      vertex -5.71585 -4.72302 24.2
      vertex -5.8838 -4.75529 24.2
      vertex -5.54614 -4.70181 24.2
    endloop
  endfacet
  facet normal 0 0 1
    outer loop
      vertex -9.39453 0.304367 24.2
      vertex -9.23024 0.256866 24.2
      vertex -9.06319 0.220215 24.2
    endloop
  endfacet
  facet normal 0 0 1
    outer loop
      vertex -5.3754 -4.69174 24.2
      vertex -5.54614 -4.70181 24.2
      vertex -5.0338 -4.70517 24.2
    endloop
  endfacet
  facet normal 0 0 1
    outer loop
      vertex -9.39453 0.304367 24.2
      vertex -9.06319 0.220215 24.2
      vertex -8.38184 0.184509 24.2
    endloop
  endfacet
  facet normal -0 -0 1
    outer loop
      vertex -1.45203 -2.17313 24.2
      vertex -1.15596 -2.34406 24.2
      vertex -1.72325 -1.965 24.2
    endloop
  endfacet
  facet normal 0 0 1
    outer loop
      vertex -9.06319 0.220215 24.2
      vertex -8.89409 0.194565 24.2
      vertex -8.38184 0.184509 24.2
    endloop
  endfacet
  facet normal 0 0 1
    outer loop
      vertex -4.69685 -4.76306 24.2
      vertex -5.0338 -4.70517 24.2
      vertex -4.53195 -4.80841 24.2
    endloop
  endfacet
  facet normal 0 0 1
    outer loop
      vertex -8.89409 0.194565 24.2
      vertex -8.72368 0.180023 24.2
      vertex -8.38184 0.184509 24.2
    endloop
  endfacet
  facet normal -0 -0 1
    outer loop
      vertex -1.59105 -2.0735 24.2
      vertex -1.45203 -2.17313 24.2
      vertex -1.72325 -1.965 24.2
    endloop
  endfacet
  facet normal -0 0 1
    outer loop
      vertex -8.72368 0.180023 24.2
      vertex -8.55267 0.176666 24.2
      vertex -8.38184 0.184509 24.2
    endloop
  endfacet
  facet normal 0 0 1
    outer loop
      vertex -1.72325 -1.965 24.2
      vertex -0.840103 -2.47488 24.2
      vertex 0.840103 -2.47488 24.2
    endloop
  endfacet
  facet normal 0 0 1
    outer loop
      vertex 1.72325 -1.965 24.2
      vertex -1.72325 -1.965 24.2
      vertex 0.840103 -2.47488 24.2
    endloop
  endfacet
  facet normal 0 0 1
    outer loop
      vertex 11.1924 2.58499 24.2
      vertex 10.9156 1.6035 24.2
      vertex 11.1434 2.24664 24.2
    endloop
  endfacet
  facet normal 0 0 1
    outer loop
      vertex 7.80302 -6.5294 24.2
      vertex 7.74699 -6.36781 24.2
      vertex 7.68051 -6.21024 24.2
    endloop
  endfacet
  facet normal 0 -0 1
    outer loop
      vertex 11.0506 1.9176 24.2
      vertex 11.1434 2.24664 24.2
      vertex 10.9156 1.6035 24.2
    endloop
  endfacet
  facet normal 0 -0 1
    outer loop
      vertex 7.10606 -9.20029 24.2
      vertex 7.22621 -9.07855 24.2
      vertex 6.84322 -9.41888 24.2
    endloop
  endfacet
  facet normal 0 0 1
    outer loop
      vertex 10.681 4.35382 24.2
      vertex 11.1924 2.58499 24.2
      vertex 11.0726 3.59769 24.2
    endloop
  endfacet
  facet normal 0 0 1
    outer loop
      vertex 6.24362 -9.74445 24.2
      vertex 5.91711 -9.84583 24.2
      vertex 6.08203 -9.80049 24.2
    endloop
  endfacet
  facet normal 0 -0 1
    outer loop
      vertex 11.1734 2.41501 24.2
      vertex 11.1924 2.58499 24.2
      vertex 11.1434 2.24664 24.2
    endloop
  endfacet
  facet normal 0 0 1
    outer loop
      vertex 6.24362 -9.74445 24.2
      vertex 6.4012 -9.67796 24.2
      vertex 6.84322 -9.41888 24.2
    endloop
  endfacet
  facet normal 0 0 1
    outer loop
      vertex 11.1924 2.58499 24.2
      vertex 11.1824 3.09724 24.2
      vertex 11.1567 3.26634 24.2
    endloop
  endfacet
  facet normal 0 0 1
    outer loop
      vertex 6.84322 -9.41888 24.2
      vertex 6.4012 -9.67796 24.2
      vertex 6.55409 -9.60132 24.2
    endloop
  endfacet
  facet normal 0 0 1
    outer loop
      vertex 11.2003 2.75583 24.2
      vertex 11.1969 2.92683 24.2
      vertex 11.1924 2.58499 24.2
    endloop
  endfacet
  facet normal 0 0 1
    outer loop
      vertex 11.1201 3.4334 24.2
      vertex 11.0726 3.59769 24.2
      vertex 11.1567 3.26634 24.2
    endloop
  endfacet
  facet normal 0 -0 1
    outer loop
      vertex 10.9156 1.6035 24.2
      vertex 11.1924 2.58499 24.2
      vertex 10.459 4.61378 24.2
    endloop
  endfacet
  facet normal 0 0 1
    outer loop
      vertex 10.9459 3.91522 24.2
      vertex 10.8672 4.06711 24.2
      vertex 10.7788 4.21352 24.2
    endloop
  endfacet
  facet normal 0 0 1
    outer loop
      vertex 10.681 4.35382 24.2
      vertex 10.9459 3.91522 24.2
      vertex 10.7788 4.21352 24.2
    endloop
  endfacet
  facet normal 0 0 1
    outer loop
      vertex 11.0726 3.59769 24.2
      vertex 10.9459 3.91522 24.2
      vertex 10.681 4.35382 24.2
    endloop
  endfacet
  facet normal 0 0 1
    outer loop
      vertex 7.91969 -7.37286 24.2
      vertex 7.90627 -7.03125 24.2
      vertex 7.90962 -7.54359 24.2
    endloop
  endfacet
  facet normal -0 0 1
    outer loop
      vertex 7.61841 5.21758 24.2
      vertex 9.61859 5.19139 24.2
      vertex 9.29633 5.30551 24.2
    endloop
  endfacet
  facet normal 0 0 1
    outer loop
      vertex 7.91969 -7.37286 24.2
      vertex 7.91858 -7.20183 24.2
      vertex 7.90627 -7.03125 24.2
    endloop
  endfacet
  facet normal 0 0 1
    outer loop
      vertex 10.3357 4.73233 24.2
      vertex 10.205 4.84254 24.2
      vertex 10.459 4.61378 24.2
    endloop
  endfacet
  facet normal 0 0 1
    outer loop
      vertex 7.80302 -6.5294 24.2
      vertex 7.51738 -5.90979 24.2
      vertex 7.0811 -5.38522 24.2
    endloop
  endfacet
  facet normal 0 0 1
    outer loop
      vertex 10.205 4.84254 24.2
      vertex 9.77344 5.11877 24.2
      vertex 10.459 4.61378 24.2
    endloop
  endfacet
  facet normal 0 0 1
    outer loop
      vertex 7.88284 -6.86183 24.2
      vertex 7.84837 -6.69431 24.2
      vertex 7.90627 -7.03125 24.2
    endloop
  endfacet
  facet normal 0 0 1
    outer loop
      vertex 10.0672 4.94398 24.2
      vertex 9.77344 5.11877 24.2
      vertex 10.205 4.84254 24.2
    endloop
  endfacet
  facet normal 0 0 1
    outer loop
      vertex 7.90627 -7.03125 24.2
      vertex 7.84837 -6.69431 24.2
      vertex 7.80302 -6.5294 24.2
    endloop
  endfacet
  facet normal 0 0 1
    outer loop
      vertex 10.9156 1.6035 24.2
      vertex 7.61841 5.21758 24.2
      vertex 10.4106 0.917923 24.2
    endloop
  endfacet
  facet normal 0 0 1
    outer loop
      vertex 7.51738 -5.90979 24.2
      vertex 7.68051 -6.21024 24.2
      vertex 7.60387 -6.05734 24.2
    endloop
  endfacet
  facet normal 0 0 1
    outer loop
      vertex 8.79195 5.39558 24.2
      vertex 7.61841 5.21758 24.2
      vertex 9.29633 5.30551 24.2
    endloop
  endfacet
  facet normal 0 0 1
    outer loop
      vertex 7.90627 -7.03125 24.2
      vertex 7.80302 -6.5294 24.2
      vertex 7.0811 -5.38522 24.2
    endloop
  endfacet
  facet normal 0 0 1
    outer loop
      vertex 8.79195 5.39558 24.2
      vertex 8.1106 5.35988 24.2
      vertex 7.61841 5.21758 24.2
    endloop
  endfacet
  facet normal 0 0 1
    outer loop
      vertex 8.79195 5.39558 24.2
      vertex 9.29633 5.30551 24.2
      vertex 9.13029 5.34653 24.2
    endloop
  endfacet
  facet normal 0 0 1
    outer loop
      vertex 8.79195 5.39558 24.2
      vertex 9.13029 5.34653 24.2
      vertex 8.96193 5.3766 24.2
    endloop
  endfacet
  facet normal -0 0 1
    outer loop
      vertex 8.27969 5.38553 24.2
      vertex 8.1106 5.35988 24.2
      vertex 8.79195 5.39558 24.2
    endloop
  endfacet
  facet normal -0 0 1
    outer loop
      vertex 8.4501 5.40007 24.2
      vertex 8.79195 5.39558 24.2
      vertex 8.62111 5.40343 24.2
    endloop
  endfacet
  facet normal 0 0 1
    outer loop
      vertex 8.27969 5.38553 24.2
      vertex 8.79195 5.39558 24.2
      vertex 8.4501 5.40007 24.2
    endloop
  endfacet
  facet normal 0 0 1
    outer loop
      vertex 8.1106 5.35988 24.2
      vertex 7.77925 5.27573 24.2
      vertex 7.61841 5.21758 24.2
    endloop
  endfacet
  facet normal -0 0 1
    outer loop
      vertex 7.94354 5.32323 24.2
      vertex 7.77925 5.27573 24.2
      vertex 8.1106 5.35988 24.2
    endloop
  endfacet
  facet normal 0 0 1
    outer loop
      vertex 8.38184 0.184509 24.2
      vertex 5.98135 2.9951 24.2
      vertex 6.83806 0.847763 24.2
    endloop
  endfacet
  facet normal 0 0 1
    outer loop
      vertex 7.02312 4.8842 24.2
      vertex 7.61841 5.21758 24.2
      vertex 7.16342 4.98199 24.2
    endloop
  endfacet
  facet normal 0 0 1
    outer loop
      vertex 7.61841 5.21758 24.2
      vertex 7.4617 5.14905 24.2
      vertex 7.30983 5.0704 24.2
    endloop
  endfacet
  facet normal 0 0 1
    outer loop
      vertex 7.16342 4.98199 24.2
      vertex 7.61841 5.21758 24.2
      vertex 7.30983 5.0704 24.2
    endloop
  endfacet
  facet normal 0 0 1
    outer loop
      vertex 1.965 1.72325 24.2
      vertex 1.84808 1.84808 24.2
      vertex 1.72325 1.965 24.2
    endloop
  endfacet
  facet normal -0 0 1
    outer loop
      vertex 7.02312 4.8842 24.2
      vertex 6.8895 4.77744 24.2
      vertex 7.61841 5.21758 24.2
    endloop
  endfacet
  facet normal 0 0 1
    outer loop
      vertex 6.25816 3.97659 24.2
      vertex 5.98135 2.9951 24.2
      vertex 8.38184 0.184509 24.2
    endloop
  endfacet
  facet normal 0 0 1
    outer loop
      vertex 2.47488 0.840103 24.2
      vertex 2.56337 0.509888 24.2
      vertex 2.52454 0.676437 24.2
    endloop
  endfacet
  facet normal 0 0 1
    outer loop
      vertex 6.53439 4.40811 24.2
      vertex 6.76315 4.66217 24.2
      vertex 6.64461 4.53888 24.2
    endloop
  endfacet
  facet normal 0 0 1
    outer loop
      vertex 6.25816 3.97659 24.2
      vertex 6.76315 4.66217 24.2
      vertex 6.53439 4.40811 24.2
    endloop
  endfacet
  facet normal 0 0 1
    outer loop
      vertex 6.25816 3.97659 24.2
      vertex 6.53439 4.40811 24.2
      vertex 6.43295 4.2704 24.2
    endloop
  endfacet
  facet normal -0 0 1
    outer loop
      vertex 6.34074 4.12636 24.2
      vertex 6.25816 3.97659 24.2
      vertex 6.43295 4.2704 24.2
    endloop
  endfacet
  facet normal 0 -0 1
    outer loop
      vertex 0.341141 -2.59123 24.2
      vertex 0.509888 -2.56337 24.2
      vertex 0 -2.61359 24.2
    endloop
  endfacet
  facet normal 0 0 1
    outer loop
      vertex 6.25816 3.97659 24.2
      vertex 6.03041 3.33345 24.2
      vertex 5.98135 2.9951 24.2
    endloop
  endfacet
  facet normal 0 -0 1
    outer loop
      vertex 8.38184 0.184509 24.2
      vertex 10.4106 0.917923 24.2
      vertex 7.61841 5.21758 24.2
    endloop
  endfacet
  facet normal 0 0 1
    outer loop
      vertex -0.509888 2.56337 24.2
      vertex -0.676437 2.52454 24.2
      vertex -0.840103 2.47488 24.2
    endloop
  endfacet
  facet normal 0 0 1
    outer loop
      vertex 6.1232 3.66248 24.2
      vertex 6.25816 3.97659 24.2
      vertex 6.18553 3.82175 24.2
    endloop
  endfacet
  facet normal 0 0 1
    outer loop
      vertex 6.03041 3.33345 24.2
      vertex 6.25816 3.97659 24.2
      vertex 6.1232 3.66248 24.2
    endloop
  endfacet
  facet normal 0 0 1
    outer loop
      vertex -1.00017 2.41464 24.2
      vertex -1.15596 2.34406 24.2
      vertex -1.72325 1.965 24.2
    endloop
  endfacet
  facet normal 0 0 1
    outer loop
      vertex 6.03041 3.33345 24.2
      vertex 6.1232 3.66248 24.2
      vertex 6.07141 3.49948 24.2
    endloop
  endfacet
  facet normal 0 -0 1
    outer loop
      vertex 10.1507 0.695892 24.2
      vertex 10.4106 0.917923 24.2
      vertex 8.38184 0.184509 24.2
    endloop
  endfacet
  facet normal 0 0 1
    outer loop
      vertex 6.03041 3.33345 24.2
      vertex 6.00034 3.16508 24.2
      vertex 5.98135 2.9951 24.2
    endloop
  endfacet
  facet normal -0 -0 1
    outer loop
      vertex 5.99141 2.48285 24.2
      vertex 6.01706 2.31375 24.2
      vertex 5.98135 2.9951 24.2
    endloop
  endfacet
  facet normal -0 0 1
    outer loop
      vertex -1.84808 1.84808 24.2
      vertex -1.965 1.72325 24.2
      vertex -1.72325 1.965 24.2
    endloop
  endfacet
  facet normal 0 -0 1
    outer loop
      vertex 5.97687 2.65326 24.2
      vertex 5.98135 2.9951 24.2
      vertex 5.97351 2.82425 24.2
    endloop
  endfacet
  facet normal 0 0 1
    outer loop
      vertex 2.41464 -1.00017 24.2
      vertex 1.965 -1.72325 24.2
      vertex 2.34406 -1.15596 24.2
    endloop
  endfacet
  facet normal 0 0 1
    outer loop
      vertex 5.99141 2.48285 24.2
      vertex 5.98135 2.9951 24.2
      vertex 5.97687 2.65326 24.2
    endloop
  endfacet
  facet normal -0 0 1
    outer loop
      vertex -2.0735 1.59105 24.2
      vertex -2.17313 1.45203 24.2
      vertex -1.965 1.72325 24.2
    endloop
  endfacet
  facet normal 0 0 1
    outer loop
      vertex 6.01706 2.31375 24.2
      vertex 6.39494 1.36658 24.2
      vertex 6.83806 0.847763 24.2
    endloop
  endfacet
  facet normal 0 0 1
    outer loop
      vertex 1.72325 -1.965 24.2
      vertex 1.00017 -2.41464 24.2
      vertex 1.15596 -2.34406 24.2
    endloop
  endfacet
  facet normal 0 0 1
    outer loop
      vertex 1.45203 -2.17313 24.2
      vertex 1.15596 -2.34406 24.2
      vertex 1.30679 -2.26344 24.2
    endloop
  endfacet
  facet normal 0 0 1
    outer loop
      vertex 6.10121 1.98239 24.2
      vertex 6.30653 1.51299 24.2
      vertex 6.39494 1.36658 24.2
    endloop
  endfacet
  facet normal -0 0 1
    outer loop
      vertex -2.34406 1.15596 24.2
      vertex -2.41464 1.00017 24.2
      vertex -1.965 1.72325 24.2
    endloop
  endfacet
  facet normal -0 -0 1
    outer loop
      vertex 6.05371 2.1467 24.2
      vertex 6.39494 1.36658 24.2
      vertex 6.01706 2.31375 24.2
    endloop
  endfacet
  facet normal 0 0 1
    outer loop
      vertex 6.10121 1.98239 24.2
      vertex 6.15935 1.82155 24.2
      vertex 6.22789 1.66486 24.2
    endloop
  endfacet
  facet normal 0 -0 1
    outer loop
      vertex 1.45203 -2.17313 24.2
      vertex 1.72325 -1.965 24.2
      vertex 1.15596 -2.34406 24.2
    endloop
  endfacet
  facet normal 0 0 1
    outer loop
      vertex 6.10121 1.98239 24.2
      vertex 6.22789 1.66486 24.2
      vertex 6.30653 1.51299 24.2
    endloop
  endfacet
  facet normal 0 -0 1
    outer loop
      vertex 1.00017 -2.41464 24.2
      vertex 1.72325 -1.965 24.2
      vertex 0.840103 -2.47488 24.2
    endloop
  endfacet
  facet normal 0 0 1
    outer loop
      vertex 1.72325 -1.965 24.2
      vertex -1.72325 1.965 24.2
      vertex -1.72325 -1.965 24.2
    endloop
  endfacet
  facet normal 0 0 1
    outer loop
      vertex 6.83806 0.847763 24.2
      vertex 6.59949 1.09265 24.2
      vertex 6.71477 0.966293 24.2
    endloop
  endfacet
  facet normal 0 -0 1
    outer loop
      vertex 2.47488 -0.840103 24.2
      vertex 2.47488 0.840103 24.2
      vertex 1.965 1.72325 24.2
    endloop
  endfacet
  facet normal -0 0 1
    outer loop
      vertex -2.59123 0.341141 24.2
      vertex -2.61359 0 24.2
      vertex -2.56337 0.509888 24.2
    endloop
  endfacet
  facet normal -0 -0 1
    outer loop
      vertex 6.59949 1.09265 24.2
      vertex 6.83806 0.847763 24.2
      vertex 6.49274 1.22626 24.2
    endloop
  endfacet
  facet normal 0 -0 1
    outer loop
      vertex 2.41464 -1.00017 24.2
      vertex 2.47488 -0.840103 24.2
      vertex 1.965 -1.72325 24.2
    endloop
  endfacet
  facet normal -0 -0 1
    outer loop
      vertex 6.49274 1.22626 24.2
      vertex 6.83806 0.847763 24.2
      vertex 6.39494 1.36658 24.2
    endloop
  endfacet
  facet normal 0 0 1
    outer loop
      vertex -2.47488 0.840103 24.2
      vertex -2.47488 -0.840103 24.2
      vertex -1.965 -1.72325 24.2
    endloop
  endfacet
  facet normal 0 0 1
    outer loop
      vertex 9.39453 0.304367 24.2
      vertex 8.38184 0.184509 24.2
      vertex 9.06319 0.220215 24.2
    endloop
  endfacet
  facet normal 0 0 1
    outer loop
      vertex 2.47488 -0.840103 24.2
      vertex 2.56337 -0.509888 24.2
      vertex 2.61359 0 24.2
    endloop
  endfacet
  facet normal 0 0 1
    outer loop
      vertex 7.10654 0.636108 24.2
      vertex 7.25058 0.5439 24.2
      vertex 8.38184 0.184509 24.2
    endloop
  endfacet
  facet normal -0 -0 1
    outer loop
      vertex -2.608 -0.170929 24.2
      vertex -2.59123 -0.341141 24.2
      vertex -2.61359 0 24.2
    endloop
  endfacet
  facet normal 0 0 1
    outer loop
      vertex 7.10654 0.636108 24.2
      vertex 6.83806 0.847763 24.2
      vertex 6.96883 0.737534 24.2
    endloop
  endfacet
  facet normal -0 -0 1
    outer loop
      vertex 7.10654 0.636108 24.2
      vertex 8.38184 0.184509 24.2
      vertex 6.83806 0.847763 24.2
    endloop
  endfacet
  facet normal -0 -0 1
    outer loop
      vertex -2.59123 -0.341141 24.2
      vertex -2.56337 -0.509888 24.2
      vertex -2.61359 0 24.2
    endloop
  endfacet
  facet normal -0 -0 1
    outer loop
      vertex 7.55519 0.388687 24.2
      vertex 7.71445 0.326355 24.2
      vertex 7.25058 0.5439 24.2
    endloop
  endfacet
  facet normal 0 0 1
    outer loop
      vertex 7.69463 -8.36749 24.2
      vertex 7.44136 -8.81287 24.2
      vertex 7.53545 -8.67004 24.2
    endloop
  endfacet
  facet normal 0 0 1
    outer loop
      vertex 7.55519 0.388687 24.2
      vertex 7.25058 0.5439 24.2
      vertex 7.40034 0.461304 24.2
    endloop
  endfacet
  facet normal -0 -0 1
    outer loop
      vertex -2.56337 -0.509888 24.2
      vertex -2.47488 -0.840103 24.2
      vertex -2.61359 0 24.2
    endloop
  endfacet
  facet normal 0 0 1
    outer loop
      vertex 8.38184 0.184509 24.2
      vertex 7.87746 0.274567 24.2
      vertex 8.21185 0.203491 24.2
    endloop
  endfacet
  facet normal 0 0 1
    outer loop
      vertex 7.71445 0.326355 24.2
      vertex 7.87746 0.274567 24.2
      vertex 8.38184 0.184509 24.2
    endloop
  endfacet
  facet normal 0 0 1
    outer loop
      vertex -1.72325 1.965 24.2
      vertex -1.965 1.72325 24.2
      vertex -1.72325 -1.965 24.2
    endloop
  endfacet
  facet normal -0 -0 1
    outer loop
      vertex 7.71445 0.326355 24.2
      vertex 8.38184 0.184509 24.2
      vertex 7.25058 0.5439 24.2
    endloop
  endfacet
  facet normal 0 0 1
    outer loop
      vertex 8.21185 0.203491 24.2
      vertex 7.87746 0.274567 24.2
      vertex 8.04349 0.233551 24.2
    endloop
  endfacet
  facet normal 0 0 1
    outer loop
      vertex -2.34406 -1.15596 24.2
      vertex -2.17313 -1.45203 24.2
      vertex -1.965 -1.72325 24.2
    endloop
  endfacet
  facet normal 0 0 1
    outer loop
      vertex 8.38184 0.184509 24.2
      vertex 8.89409 0.194565 24.2
      vertex 9.06319 0.220215 24.2
    endloop
  endfacet
  facet normal -0 -0 1
    outer loop
      vertex -2.26344 -1.30679 24.2
      vertex -2.17313 -1.45203 24.2
      vertex -2.34406 -1.15596 24.2
    endloop
  endfacet
  facet normal 0 -0 1
    outer loop
      vertex 8.55267 0.176666 24.2
      vertex 8.72368 0.180023 24.2
      vertex 8.38184 0.184509 24.2
    endloop
  endfacet
  facet normal -0 -0 1
    outer loop
      vertex -2.41464 -1.00017 24.2
      vertex -1.965 -1.72325 24.2
      vertex -2.47488 -0.840103 24.2
    endloop
  endfacet
  facet normal 0 0 1
    outer loop
      vertex 6.04929 -4.79848 24.2
      vertex 5.8838 -4.75529 24.2
      vertex 5.0338 -4.70517 24.2
    endloop
  endfacet
  facet normal 0 0 1
    outer loop
      vertex -2.69429 -7.23602 24.2
      vertex -2.73114 -7.74706 24.2
      vertex -2.6954 -7.40706 24.2
    endloop
  endfacet
  facet normal 0 0 1
    outer loop
      vertex -2.73114 -7.74706 24.2
      vertex -2.86699 -8.24107 24.2
      vertex -2.81094 -8.07948 24.2
    endloop
  endfacet
  facet normal 0 0 1
    outer loop
      vertex -2.86699 -8.24107 24.2
      vertex -2.73114 -7.74706 24.2
      vertex -2.69429 -7.23602 24.2
    endloop
  endfacet
  facet normal 0 0 1
    outer loop
      vertex -3.91234 -5.09406 24.2
      vertex -3.63576 -5.295 24.2
      vertex -3.77075 -5.19 24.2
    endloop
  endfacet
  facet normal 0 0 1
    outer loop
      vertex -2.69429 -7.23602 24.2
      vertex -2.70435 -7.06529 24.2
      vertex -2.72557 -6.89558 24.2
    endloop
  endfacet
  facet normal 0 0 1
    outer loop
      vertex -2.75783 -6.72763 24.2
      vertex -2.80101 -6.56215 24.2
      vertex -2.72557 -6.89558 24.2
    endloop
  endfacet
  facet normal 0 -0 1
    outer loop
      vertex 5.40959 -9.91603 24.2
      vertex 5.91711 -9.84583 24.2
      vertex 5.23857 -9.91714 24.2
    endloop
  endfacet
  facet normal 0 0 1
    outer loop
      vertex -2.85493 -6.39983 24.2
      vertex -2.72557 -6.89558 24.2
      vertex -2.80101 -6.56215 24.2
    endloop
  endfacet
  facet normal 0 0 1
    outer loop
      vertex 7.20282 -5.50536 24.2
      vertex 7.0811 -5.38522 24.2
      vertex 7.51738 -5.90979 24.2
    endloop
  endfacet
  facet normal 0 0 1
    outer loop
      vertex 6.84322 -9.41888 24.2
      vertex 5.91711 -9.84583 24.2
      vertex 6.24362 -9.74445 24.2
    endloop
  endfacet
  facet normal 0 0 1
    outer loop
      vertex 5.91711 -9.84583 24.2
      vertex 5.40959 -9.91603 24.2
      vertex 5.7496 -9.88029 24.2
    endloop
  endfacet
  facet normal 0 -0 1
    outer loop
      vertex 5.58018 -9.90373 24.2
      vertex 5.7496 -9.88029 24.2
      vertex 5.40959 -9.91603 24.2
    endloop
  endfacet
  facet normal 0 0 1
    outer loop
      vertex 7.69463 -8.36749 24.2
      vertex 7.53545 -8.67004 24.2
      vertex 7.62 -8.52138 24.2
    endloop
  endfacet
  facet normal 0 0 1
    outer loop
      vertex 2.61359 0 24.2
      vertex 2.56337 0.509888 24.2
      vertex 2.47488 0.840103 24.2
    endloop
  endfacet
  facet normal 0 0 1
    outer loop
      vertex 7.51738 -5.90979 24.2
      vertex 7.80302 -6.5294 24.2
      vertex 7.68051 -6.21024 24.2
    endloop
  endfacet
  facet normal 0 0 1
    outer loop
      vertex 2.608 0.170929 24.2
      vertex 2.59123 0.341141 24.2
      vertex 2.61359 0 24.2
    endloop
  endfacet
  facet normal 0 0 1
    outer loop
      vertex 2.59123 0.341141 24.2
      vertex 2.56337 0.509888 24.2
      vertex 2.61359 0 24.2
    endloop
  endfacet
  facet normal 0 0 1
    outer loop
      vertex 1.965 -1.72325 24.2
      vertex 2.47488 -0.840103 24.2
      vertex 1.965 1.72325 24.2
    endloop
  endfacet
  facet normal 0 -0 1
    outer loop
      vertex 1.965 -1.72325 24.2
      vertex 1.965 1.72325 24.2
      vertex 1.72325 1.965 24.2
    endloop
  endfacet
  facet normal 0 0 1
    outer loop
      vertex 1.965 1.72325 24.2
      vertex 2.34406 1.15596 24.2
      vertex 2.17313 1.45203 24.2
    endloop
  endfacet
  facet normal 0 0 1
    outer loop
      vertex 2.41464 1.00017 24.2
      vertex 1.965 1.72325 24.2
      vertex 2.47488 0.840103 24.2
    endloop
  endfacet
  facet normal 0 0 1
    outer loop
      vertex 1.965 -1.72325 24.2
      vertex 1.72325 1.965 24.2
      vertex 1.72325 -1.965 24.2
    endloop
  endfacet
  facet normal 0 0 1
    outer loop
      vertex 1.45203 2.17313 24.2
      vertex 1.72325 1.965 24.2
      vertex 1.59105 2.0735 24.2
    endloop
  endfacet
  facet normal 0 0 1
    outer loop
      vertex 1.30679 2.26344 24.2
      vertex 1.15596 2.34406 24.2
      vertex 1.45203 2.17313 24.2
    endloop
  endfacet
  facet normal 0 0 1
    outer loop
      vertex 1.15596 2.34406 24.2
      vertex 1.72325 1.965 24.2
      vertex 1.45203 2.17313 24.2
    endloop
  endfacet
  facet normal 0 0 1
    outer loop
      vertex 1.72325 1.965 24.2
      vertex 1.00017 2.41464 24.2
      vertex 0.840103 2.47488 24.2
    endloop
  endfacet
  facet normal 0 0 1
    outer loop
      vertex 0.509888 2.56337 24.2
      vertex 0.840103 2.47488 24.2
      vertex 0.676437 2.52454 24.2
    endloop
  endfacet
  facet normal 0 0 1
    outer loop
      vertex 0.341141 2.59123 24.2
      vertex 0 2.61359 24.2
      vertex 0.509888 2.56337 24.2
    endloop
  endfacet
  facet normal 0 0 1
    outer loop
      vertex 0 2.61359 24.2
      vertex 0.840103 2.47488 24.2
      vertex 0.509888 2.56337 24.2
    endloop
  endfacet
  facet normal 0 0 1
    outer loop
      vertex 1.72325 1.965 24.2
      vertex 0.840103 2.47488 24.2
      vertex -1.72325 1.965 24.2
    endloop
  endfacet
  facet normal 0 0 1
    outer loop
      vertex 0 2.61359 24.2
      vertex -0.341141 2.59123 24.2
      vertex -0.509888 2.56337 24.2
    endloop
  endfacet
  facet normal 0 0 1
    outer loop
      vertex -0.840103 2.47488 24.2
      vertex 0 2.61359 24.2
      vertex -0.509888 2.56337 24.2
    endloop
  endfacet
  facet normal -0 0 1
    outer loop
      vertex -1.72325 1.965 24.2
      vertex 1.72325 -1.965 24.2
      vertex 1.72325 1.965 24.2
    endloop
  endfacet
  facet normal 0 0 1
    outer loop
      vertex -1.15596 2.34406 24.2
      vertex -1.45203 2.17313 24.2
      vertex -1.72325 1.965 24.2
    endloop
  endfacet
  facet normal -0 0 1
    outer loop
      vertex -1.30679 2.26344 24.2
      vertex -1.45203 2.17313 24.2
      vertex -1.15596 2.34406 24.2
    endloop
  endfacet
  facet normal -0 0 1
    outer loop
      vertex -1.59105 2.0735 24.2
      vertex -1.72325 1.965 24.2
      vertex -1.45203 2.17313 24.2
    endloop
  endfacet
  facet normal 0 0 1
    outer loop
      vertex -1.72325 1.965 24.2
      vertex -0.840103 2.47488 24.2
      vertex -1.00017 2.41464 24.2
    endloop
  endfacet
  facet normal 0 0 1
    outer loop
      vertex -1.965 1.72325 24.2
      vertex -1.965 -1.72325 24.2
      vertex -1.72325 -1.965 24.2
    endloop
  endfacet
  facet normal 0 0 1
    outer loop
      vertex -1.965 1.72325 24.2
      vertex -2.47488 0.840103 24.2
      vertex -1.965 -1.72325 24.2
    endloop
  endfacet
  facet normal 0 0 1
    outer loop
      vertex -2.17313 1.45203 24.2
      vertex -2.26344 1.30679 24.2
      vertex -2.34406 1.15596 24.2
    endloop
  endfacet
  facet normal 0 0 1
    outer loop
      vertex -1.965 1.72325 24.2
      vertex -2.17313 1.45203 24.2
      vertex -2.34406 1.15596 24.2
    endloop
  endfacet
  facet normal -0 0 1
    outer loop
      vertex -2.41464 1.00017 24.2
      vertex -2.47488 0.840103 24.2
      vertex -1.965 1.72325 24.2
    endloop
  endfacet
  facet normal -0 0 1
    outer loop
      vertex -2.61359 0 24.2
      vertex -2.47488 -0.840103 24.2
      vertex -2.47488 0.840103 24.2
    endloop
  endfacet
  facet normal 0 0 1
    outer loop
      vertex -2.56337 0.509888 24.2
      vertex -2.47488 0.840103 24.2
      vertex -2.52454 0.676437 24.2
    endloop
  endfacet
  facet normal 0 0 1
    outer loop
      vertex -2.47488 0.840103 24.2
      vertex -2.56337 0.509888 24.2
      vertex -2.61359 0 24.2
    endloop
  endfacet
  facet normal -0 0 1
    outer loop
      vertex -2.608 0.170929 24.2
      vertex -2.61359 0 24.2
      vertex -2.59123 0.341141 24.2
    endloop
  endfacet
  facet normal 0 0 1
    outer loop
      vertex -2.99399 -6.08751 24.2
      vertex -3.17261 -5.79602 24.2
      vertex -3.38776 -5.53033 24.2
    endloop
  endfacet
  facet normal 0 -0 1
    outer loop
      vertex -2.76559 -7.91458 24.2
      vertex -2.73114 -7.74706 24.2
      vertex -2.81094 -8.07948 24.2
    endloop
  endfacet
  facet normal 0 0 1
    outer loop
      vertex -2.56337 -0.509888 24.2
      vertex -2.52454 -0.676437 24.2
      vertex -2.47488 -0.840103 24.2
    endloop
  endfacet
  facet normal 0 0 1
    outer loop
      vertex -2.86699 -8.24107 24.2
      vertex -3.79857 -9.43881 24.2
      vertex -2.93347 -8.39865 24.2
    endloop
  endfacet
  facet normal 0 0 1
    outer loop
      vertex -2.73114 -7.74706 24.2
      vertex -2.7077 -7.57764 24.2
      vertex -2.6954 -7.40706 24.2
    endloop
  endfacet
  facet normal 0 0 1
    outer loop
      vertex -2.41464 -1.00017 24.2
      vertex -2.34406 -1.15596 24.2
      vertex -1.965 -1.72325 24.2
    endloop
  endfacet
  facet normal 0 0 1
    outer loop
      vertex -2.99399 -6.08751 24.2
      vertex -3.63576 -5.295 24.2
      vertex -3.91234 -5.09406 24.2
    endloop
  endfacet
  facet normal 0 0 1
    outer loop
      vertex -2.85493 -6.39983 24.2
      vertex -2.91934 -6.24139 24.2
      vertex -2.99399 -6.08751 24.2
    endloop
  endfacet
  facet normal 0 0 1
    outer loop
      vertex -2.17313 -1.45203 24.2
      vertex -2.0735 -1.59105 24.2
      vertex -1.965 -1.72325 24.2
    endloop
  endfacet
  facet normal 0 0 1
    outer loop
      vertex -2.99399 -6.08751 24.2
      vertex -3.91234 -5.09406 24.2
      vertex -2.72557 -6.89558 24.2
    endloop
  endfacet
  facet normal 0 0 1
    outer loop
      vertex -2.99399 -6.08751 24.2
      vertex -2.72557 -6.89558 24.2
      vertex -2.85493 -6.39983 24.2
    endloop
  endfacet
  facet normal 0 -0 1
    outer loop
      vertex -3.53287 -9.22366 24.2
      vertex -3.29755 -8.97568 24.2
      vertex -3.6622 -9.33559 24.2
    endloop
  endfacet
  facet normal -0 -0 1
    outer loop
      vertex -1.84808 -1.84808 24.2
      vertex -1.72325 -1.965 24.2
      vertex -1.965 -1.72325 24.2
    endloop
  endfacet
  facet normal 0 0 1
    outer loop
      vertex -2.93347 -8.39865 24.2
      vertex -3.29755 -8.97568 24.2
      vertex -3.01012 -8.55154 24.2
    endloop
  endfacet
  facet normal 0 0 1
    outer loop
      vertex -4.89813 -9.88586 24.2
      vertex -4.73018 -9.85361 24.2
      vertex -4.56468 -9.81041 24.2
    endloop
  endfacet
  facet normal 0 0 1
    outer loop
      vertex -5.06784 -9.90707 24.2
      vertex -4.89813 -9.88586 24.2
      vertex -4.56468 -9.81041 24.2
    endloop
  endfacet
  facet normal 0 -0 1
    outer loop
      vertex -4.40237 -9.7565 24.2
      vertex -3.94139 -9.5329 24.2
      vertex -4.56468 -9.81041 24.2
    endloop
  endfacet
  facet normal 0 -0 1
    outer loop
      vertex -4.24394 -9.69209 24.2
      vertex -4.09006 -9.61745 24.2
      vertex -4.40237 -9.7565 24.2
    endloop
  endfacet
  facet normal -0 -0 1
    outer loop
      vertex -1.30679 -2.26344 24.2
      vertex -1.15596 -2.34406 24.2
      vertex -1.45203 -2.17313 24.2
    endloop
  endfacet
  facet normal 0 0 1
    outer loop
      vertex -4.40237 -9.7565 24.2
      vertex -4.09006 -9.61745 24.2
      vertex -3.94139 -9.5329 24.2
    endloop
  endfacet
  facet normal -0 -0 1
    outer loop
      vertex -1.15596 -2.34406 24.2
      vertex -1.00017 -2.41464 24.2
      vertex -1.72325 -1.965 24.2
    endloop
  endfacet
  facet normal 0 0 1
    outer loop
      vertex -5.06784 -9.90707 24.2
      vertex -4.56468 -9.81041 24.2
      vertex -3.94139 -9.5329 24.2
    endloop
  endfacet
  facet normal -0 -0 1
    outer loop
      vertex -1.00017 -2.41464 24.2
      vertex -0.840103 -2.47488 24.2
      vertex -1.72325 -1.965 24.2
    endloop
  endfacet
  facet normal 0 0 1
    outer loop
      vertex -3.79857 -9.43881 24.2
      vertex -5.06784 -9.90707 24.2
      vertex -3.94139 -9.5329 24.2
    endloop
  endfacet
  facet normal -0 0 1
    outer loop
      vertex -0.840103 -2.47488 24.2
      vertex 0 -2.61359 24.2
      vertex 0.840103 -2.47488 24.2
    endloop
  endfacet
  facet normal 0 0 1
    outer loop
      vertex -5.0338 -4.70517 24.2
      vertex -5.54614 -4.70181 24.2
      vertex -5.8838 -4.75529 24.2
    endloop
  endfacet
  facet normal -0 -0 1
    outer loop
      vertex -0.676437 -2.52454 24.2
      vertex -0.509888 -2.56337 24.2
      vertex -0.840103 -2.47488 24.2
    endloop
  endfacet
  facet normal 0 0 1
    outer loop
      vertex -3.29755 -8.97568 24.2
      vertex -3.79857 -9.43881 24.2
      vertex -3.6622 -9.33559 24.2
    endloop
  endfacet
  facet normal -0 -0 1
    outer loop
      vertex -0.509888 -2.56337 24.2
      vertex 0 -2.61359 24.2
      vertex -0.840103 -2.47488 24.2
    endloop
  endfacet
  facet normal 0 0 1
    outer loop
      vertex -3.53287 -9.22366 24.2
      vertex -3.41115 -9.10353 24.2
      vertex -3.29755 -8.97568 24.2
    endloop
  endfacet
  facet normal -0 -0 1
    outer loop
      vertex -0.341141 -2.59123 24.2
      vertex 0 -2.61359 24.2
      vertex -0.509888 -2.56337 24.2
    endloop
  endfacet
  facet normal 0 -0 1
    outer loop
      vertex -3.29755 -8.97568 24.2
      vertex -2.93347 -8.39865 24.2
      vertex -3.79857 -9.43881 24.2
    endloop
  endfacet
  facet normal -0 -0 1
    outer loop
      vertex -0.170929 -2.608 24.2
      vertex 0 -2.61359 24.2
      vertex -0.341141 -2.59123 24.2
    endloop
  endfacet
  facet normal 0 -0 1
    outer loop
      vertex -3.19254 -8.84068 24.2
      vertex -3.09659 -8.6991 24.2
      vertex -3.29755 -8.97568 24.2
    endloop
  endfacet
  facet normal 0 -0 1
    outer loop
      vertex -2.86699 -8.24107 24.2
      vertex -2.69429 -7.23602 24.2
      vertex -3.79857 -9.43881 24.2
    endloop
  endfacet
  facet normal 0 0 1
    outer loop
      vertex -3.29755 -8.97568 24.2
      vertex -3.09659 -8.6991 24.2
      vertex -3.01012 -8.55154 24.2
    endloop
  endfacet
  facet normal -0 0 1
    outer loop
      vertex 4.53195 -4.80841 24.2
      vertex 3.91234 -5.09406 24.2
      vertex 5.0338 -4.70517 24.2
    endloop
  endfacet
  facet normal 0 0 1
    outer loop
      vertex 7.44136 -8.81287 24.2
      vertex 6.84322 -9.41888 24.2
      vertex 7.22621 -9.07855 24.2
    endloop
  endfacet
  facet normal -0 0 1
    outer loop
      vertex 5.06784 -9.90707 24.2
      vertex 5.23857 -9.91714 24.2
      vertex 5.91711 -9.84583 24.2
    endloop
  endfacet
  facet normal 0 0 1
    outer loop
      vertex 7.44136 -8.81287 24.2
      vertex 7.22621 -9.07855 24.2
      vertex 7.33813 -8.94923 24.2
    endloop
  endfacet
  facet normal -0 -0 1
    outer loop
      vertex 4.73018 -9.85361 24.2
      vertex 4.89813 -9.88586 24.2
      vertex 4.56468 -9.81041 24.2
    endloop
  endfacet
  facet normal 0 -0 1
    outer loop
      vertex 7.44136 -8.81287 24.2
      vertex 7.69463 -8.36749 24.2
      vertex 6.84322 -9.41888 24.2
    endloop
  endfacet
  facet normal -0 -0 1
    outer loop
      vertex 4.40237 -9.7565 24.2
      vertex 4.56468 -9.81041 24.2
      vertex 3.94139 -9.5329 24.2
    endloop
  endfacet
  facet normal 0 0 1
    outer loop
      vertex 7.90627 -7.03125 24.2
      vertex 7.69463 -8.36749 24.2
      vertex 7.85614 -7.88126 24.2
    endloop
  endfacet
  facet normal -0 -0 1
    outer loop
      vertex 4.09006 -9.61745 24.2
      vertex 4.40237 -9.7565 24.2
      vertex 3.94139 -9.5329 24.2
    endloop
  endfacet
  facet normal 0 0 1
    outer loop
      vertex 7.69463 -8.36749 24.2
      vertex 7.75905 -8.20906 24.2
      vertex 7.81296 -8.04675 24.2
    endloop
  endfacet
  facet normal 0 0 1
    outer loop
      vertex 3.79857 -9.43881 24.2
      vertex 3.94139 -9.5329 24.2
      vertex 5.06784 -9.90707 24.2
    endloop
  endfacet
  facet normal 0 0 1
    outer loop
      vertex 7.69463 -8.36749 24.2
      vertex 7.81296 -8.04675 24.2
      vertex 7.85614 -7.88126 24.2
    endloop
  endfacet
  facet normal 0 0 1
    outer loop
      vertex 7.90627 -7.03125 24.2
      vertex 7.85614 -7.88126 24.2
      vertex 7.90962 -7.54359 24.2
    endloop
  endfacet
  facet normal 0 0 1
    outer loop
      vertex 7.90627 -7.03125 24.2
      vertex 6.84322 -9.41888 24.2
      vertex 7.69463 -8.36749 24.2
    endloop
  endfacet
  facet normal 0 0 1
    outer loop
      vertex 6.84322 -9.41888 24.2
      vertex 6.97823 -9.31389 24.2
      vertex 7.10606 -9.20029 24.2
    endloop
  endfacet
  facet normal 0 0 1
    outer loop
      vertex 5.0338 -4.70517 24.2
      vertex 6.84322 -9.41888 24.2
      vertex 7.90627 -7.03125 24.2
    endloop
  endfacet
  facet normal 0 -0 1
    outer loop
      vertex 6.70164 -9.51485 24.2
      vertex 6.84322 -9.41888 24.2
      vertex 6.55409 -9.60132 24.2
    endloop
  endfacet
  facet normal 0 0 1
    outer loop
      vertex 7.42143 -5.7682 24.2
      vertex 7.31644 -5.63321 24.2
      vertex 7.51738 -5.90979 24.2
    endloop
  endfacet
  facet normal 0 0 1
    outer loop
      vertex 7.90962 -7.54359 24.2
      vertex 7.85614 -7.88126 24.2
      vertex 7.88841 -7.7133 24.2
    endloop
  endfacet
  facet normal 0 0 1
    outer loop
      vertex 6.37004 -4.91681 24.2
      vertex 6.81541 -5.17007 24.2
      vertex 6.67259 -5.07599 24.2
    endloop
  endfacet
  facet normal 0 0 1
    outer loop
      vertex 7.0811 -5.38522 24.2
      vertex 5.0338 -4.70517 24.2
      vertex 7.90627 -7.03125 24.2
    endloop
  endfacet
  facet normal -0 0 1
    outer loop
      vertex 2.70435 -7.06529 24.2
      vertex 2.69429 -7.23602 24.2
      vertex 2.72557 -6.89558 24.2
    endloop
  endfacet
  facet normal 0 0 1
    outer loop
      vertex 3.17261 -5.79602 24.2
      vertex 3.07852 -5.93884 24.2
      vertex 2.99399 -6.08751 24.2
    endloop
  endfacet
  facet normal 0 0 1
    outer loop
      vertex 4.21278 -4.93092 24.2
      vertex 4.53195 -4.80841 24.2
      vertex 4.37036 -4.86444 24.2
    endloop
  endfacet
  facet normal 0 0 1
    outer loop
      vertex -2.99399 -6.08751 24.2
      vertex -3.38776 -5.53033 24.2
      vertex -3.63576 -5.295 24.2
    endloop
  endfacet
  facet normal 0 0 1
    outer loop
      vertex 4.69685 -4.76306 24.2
      vertex 5.0338 -4.70517 24.2
      vertex 4.86438 -4.72859 24.2
    endloop
  endfacet
  facet normal 0 0 1
    outer loop
      vertex -3.38776 -5.53033 24.2
      vertex -3.17261 -5.79602 24.2
      vertex -3.27583 -5.65965 24.2
    endloop
  endfacet
  facet normal 0 0 1
    outer loop
      vertex 5.0338 -4.70517 24.2
      vertex 5.54614 -4.70181 24.2
      vertex 5.3754 -4.69174 24.2
    endloop
  endfacet
  facet normal 0 0 1
    outer loop
      vertex -3.07852 -5.93884 24.2
      vertex -3.17261 -5.79602 24.2
      vertex -2.99399 -6.08751 24.2
    endloop
  endfacet
  facet normal 0 0 1
    outer loop
      vertex -2.69429 -7.23602 24.2
      vertex -2.72557 -6.89558 24.2
      vertex -3.91234 -5.09406 24.2
    endloop
  endfacet
  facet normal 0 0 1
    outer loop
      vertex -3.63576 -5.295 24.2
      vertex -3.38776 -5.53033 24.2
      vertex -3.5079 -5.4086 24.2
    endloop
  endfacet
  facet normal 0 0 1
    outer loop
      vertex -3.91234 -5.09406 24.2
      vertex -3.79857 -9.43881 24.2
      vertex -2.69429 -7.23602 24.2
    endloop
  endfacet
  facet normal 0 0 1
    outer loop
      vertex -4.53195 -4.80841 24.2
      vertex -5.0338 -4.70517 24.2
      vertex -3.91234 -5.09406 24.2
    endloop
  endfacet
  facet normal 0 0 1
    outer loop
      vertex -4.37036 -4.86444 24.2
      vertex -4.53195 -4.80841 24.2
      vertex -4.21278 -4.93092 24.2
    endloop
  endfacet
  facet normal 0 0 1
    outer loop
      vertex -3.91234 -5.09406 24.2
      vertex -4.05989 -5.00757 24.2
      vertex -4.21278 -4.93092 24.2
    endloop
  endfacet
  facet normal 0 0 1
    outer loop
      vertex -4.53195 -4.80841 24.2
      vertex -3.91234 -5.09406 24.2
      vertex -4.21278 -4.93092 24.2
    endloop
  endfacet
  facet normal 0 0 1
    outer loop
      vertex -5.0338 -4.70517 24.2
      vertex -3.79857 -9.43881 24.2
      vertex -3.91234 -5.09406 24.2
    endloop
  endfacet
  facet normal -0 0 1
    outer loop
      vertex -6.04929 -4.79848 24.2
      vertex -7.0811 -5.38522 24.2
      vertex -5.0338 -4.70517 24.2
    endloop
  endfacet
  facet normal 0 0 1
    outer loop
      vertex -4.86438 -4.72859 24.2
      vertex -5.0338 -4.70517 24.2
      vertex -4.69685 -4.76306 24.2
    endloop
  endfacet
  facet normal 0 0 1
    outer loop
      vertex -5.20438 -4.69286 24.2
      vertex -5.3754 -4.69174 24.2
      vertex -5.0338 -4.70517 24.2
    endloop
  endfacet
  facet normal 0 0 1
    outer loop
      vertex -5.0338 -4.70517 24.2
      vertex -5.8838 -4.75529 24.2
      vertex -6.04929 -4.79848 24.2
    endloop
  endfacet
  facet normal 0 0 1
    outer loop
      vertex -6.81541 -5.17007 24.2
      vertex -6.37004 -4.91681 24.2
      vertex -6.67259 -5.07599 24.2
    endloop
  endfacet
  facet normal -0 0 1
    outer loop
      vertex -7.80302 -6.5294 24.2
      vertex -7.90627 -7.03125 24.2
      vertex -7.0811 -5.38522 24.2
    endloop
  endfacet
  facet normal 0 0 1
    outer loop
      vertex -7.20282 -5.50536 24.2
      vertex -7.31644 -5.63321 24.2
      vertex -7.51738 -5.90979 24.2
    endloop
  endfacet
  facet normal 0 0 1
    outer loop
      vertex -7.80302 -6.5294 24.2
      vertex -7.68051 -6.21024 24.2
      vertex -7.74699 -6.36781 24.2
    endloop
  endfacet
  facet normal -0 0 1
    outer loop
      vertex -7.60387 -6.05734 24.2
      vertex -7.68051 -6.21024 24.2
      vertex -7.51738 -5.90979 24.2
    endloop
  endfacet
  facet normal 0 0 1
    outer loop
      vertex -7.51738 -5.90979 24.2
      vertex -7.68051 -6.21024 24.2
      vertex -7.80302 -6.5294 24.2
    endloop
  endfacet
  facet normal 0 -0 1
    outer loop
      vertex -6.84322 -9.41888 24.2
      vertex -5.0338 -4.70517 24.2
      vertex -7.90627 -7.03125 24.2
    endloop
  endfacet
  facet normal -0 -0 1
    outer loop
      vertex -7.44136 -8.81287 24.2
      vertex -6.84322 -9.41888 24.2
      vertex -7.69463 -8.36749 24.2
    endloop
  endfacet
  facet normal -0 0 1
    outer loop
      vertex -7.84837 -6.69431 24.2
      vertex -7.90627 -7.03125 24.2
      vertex -7.80302 -6.5294 24.2
    endloop
  endfacet
  facet normal -0 0 1
    outer loop
      vertex -7.88284 -6.86183 24.2
      vertex -7.90627 -7.03125 24.2
      vertex -7.84837 -6.69431 24.2
    endloop
  endfacet
  facet normal 0 0 1
    outer loop
      vertex -7.90627 -7.03125 24.2
      vertex -7.90962 -7.54359 24.2
      vertex -7.85614 -7.88126 24.2
    endloop
  endfacet
  facet normal -0 0 1
    outer loop
      vertex -7.91858 -7.20183 24.2
      vertex -7.91969 -7.37286 24.2
      vertex -7.90627 -7.03125 24.2
    endloop
  endfacet
  facet normal -0 0 1
    outer loop
      vertex -7.91969 -7.37286 24.2
      vertex -7.90962 -7.54359 24.2
      vertex -7.90627 -7.03125 24.2
    endloop
  endfacet
  facet normal 0 0 1
    outer loop
      vertex -7.90627 -7.03125 24.2
      vertex -7.85614 -7.88126 24.2
      vertex -7.69463 -8.36749 24.2
    endloop
  endfacet
  facet normal -0 -0 1
    outer loop
      vertex -7.88841 -7.7133 24.2
      vertex -7.85614 -7.88126 24.2
      vertex -7.90962 -7.54359 24.2
    endloop
  endfacet
  facet normal -0 -0 1
    outer loop
      vertex -7.22621 -9.07855 24.2
      vertex -6.84322 -9.41888 24.2
      vertex -7.44136 -8.81287 24.2
    endloop
  endfacet
  facet normal -0 -0 1
    outer loop
      vertex -7.81296 -8.04675 24.2
      vertex -7.69463 -8.36749 24.2
      vertex -7.85614 -7.88126 24.2
    endloop
  endfacet
  facet normal -0 -0 1
    outer loop
      vertex -7.75905 -8.20906 24.2
      vertex -7.69463 -8.36749 24.2
      vertex -7.81296 -8.04675 24.2
    endloop
  endfacet
  facet normal 0 0 1
    outer loop
      vertex -7.69463 -8.36749 24.2
      vertex -7.53545 -8.67004 24.2
      vertex -7.44136 -8.81287 24.2
    endloop
  endfacet
  facet normal -0 -0 1
    outer loop
      vertex -7.62 -8.52138 24.2
      vertex -7.53545 -8.67004 24.2
      vertex -7.69463 -8.36749 24.2
    endloop
  endfacet
  facet normal 0 0 1
    outer loop
      vertex -6.84322 -9.41888 24.2
      vertex -7.90627 -7.03125 24.2
      vertex -7.69463 -8.36749 24.2
    endloop
  endfacet
  facet normal 0 0 1
    outer loop
      vertex -7.44136 -8.81287 24.2
      vertex -7.33813 -8.94923 24.2
      vertex -7.22621 -9.07855 24.2
    endloop
  endfacet
  facet normal 0 0 1
    outer loop
      vertex -3.79857 -9.43881 24.2
      vertex -5.0338 -4.70517 24.2
      vertex -6.84322 -9.41888 24.2
    endloop
  endfacet
  facet normal 0 0 1
    outer loop
      vertex -3.79857 -9.43881 24.2
      vertex -6.84322 -9.41888 24.2
      vertex -5.06784 -9.90707 24.2
    endloop
  endfacet
  facet normal 0 0 1
    outer loop
      vertex -7.10606 -9.20029 24.2
      vertex -6.97823 -9.31389 24.2
      vertex -6.84322 -9.41888 24.2
    endloop
  endfacet
  facet normal -0 -0 1
    outer loop
      vertex -7.10606 -9.20029 24.2
      vertex -6.84322 -9.41888 24.2
      vertex -7.22621 -9.07855 24.2
    endloop
  endfacet
  facet normal 0 0 1
    outer loop
      vertex -6.84322 -9.41888 24.2
      vertex -6.4012 -9.67796 24.2
      vertex -6.24362 -9.74445 24.2
    endloop
  endfacet
  facet normal -0 -0 1
    outer loop
      vertex -6.70164 -9.51485 24.2
      vertex -6.55409 -9.60132 24.2
      vertex -6.84322 -9.41888 24.2
    endloop
  endfacet
  facet normal -0 -0 1
    outer loop
      vertex -6.55409 -9.60132 24.2
      vertex -6.4012 -9.67796 24.2
      vertex -6.84322 -9.41888 24.2
    endloop
  endfacet
  facet normal 0 0 1
    outer loop
      vertex -6.84322 -9.41888 24.2
      vertex -6.24362 -9.74445 24.2
      vertex -5.91711 -9.84583 24.2
    endloop
  endfacet
  facet normal 0 0 1
    outer loop
      vertex -6.84322 -9.41888 24.2
      vertex -5.91711 -9.84583 24.2
      vertex -5.06784 -9.90707 24.2
    endloop
  endfacet
  facet normal -0 -0 1
    outer loop
      vertex -6.08203 -9.80049 24.2
      vertex -5.91711 -9.84583 24.2
      vertex -6.24362 -9.74445 24.2
    endloop
  endfacet
  facet normal 0 0 1
    outer loop
      vertex -5.91711 -9.84583 24.2
      vertex -5.23857 -9.91714 24.2
      vertex -5.06784 -9.90707 24.2
    endloop
  endfacet
  facet normal -0 -0 1
    outer loop
      vertex -5.7496 -9.88029 24.2
      vertex -5.40959 -9.91603 24.2
      vertex -5.91711 -9.84583 24.2
    endloop
  endfacet
  facet normal -0 -0 1
    outer loop
      vertex -5.58018 -9.90373 24.2
      vertex -5.40959 -9.91603 24.2
      vertex -5.7496 -9.88029 24.2
    endloop
  endfacet
  facet normal -0 -0 1
    outer loop
      vertex -5.40959 -9.91603 24.2
      vertex -5.23857 -9.91714 24.2
      vertex -5.91711 -9.84583 24.2
    endloop
  endfacet
  facet normal 0 0 1
    outer loop
      vertex 6.84322 -9.41888 24.2
      vertex 3.79857 -9.43881 24.2
      vertex 5.06784 -9.90707 24.2
    endloop
  endfacet
  facet normal 0 0 1
    outer loop
      vertex 7.51738 -5.90979 24.2
      vertex 7.31644 -5.63321 24.2
      vertex 7.20282 -5.50536 24.2
    endloop
  endfacet
  facet normal 0 0 1
    outer loop
      vertex 6.04929 -4.79848 24.2
      vertex 5.0338 -4.70517 24.2
      vertex 7.0811 -5.38522 24.2
    endloop
  endfacet
  facet normal 0 0 1
    outer loop
      vertex 6.37004 -4.91681 24.2
      vertex 6.04929 -4.79848 24.2
      vertex 6.81541 -5.17007 24.2
    endloop
  endfacet
  facet normal 0 0 1
    outer loop
      vertex 7.0811 -5.38522 24.2
      vertex 6.95178 -5.2733 24.2
      vertex 6.81541 -5.17007 24.2
    endloop
  endfacet
  facet normal 0 0 1
    outer loop
      vertex 6.52391 -4.99144 24.2
      vertex 6.37004 -4.91681 24.2
      vertex 6.67259 -5.07599 24.2
    endloop
  endfacet
  facet normal 0 0 1
    outer loop
      vertex 6.04929 -4.79848 24.2
      vertex 7.0811 -5.38522 24.2
      vertex 6.81541 -5.17007 24.2
    endloop
  endfacet
  facet normal 0 0 1
    outer loop
      vertex 6.04929 -4.79848 24.2
      vertex 6.37004 -4.91681 24.2
      vertex 6.21159 -4.85239 24.2
    endloop
  endfacet
  facet normal 0 0 1
    outer loop
      vertex 5.8838 -4.75529 24.2
      vertex 5.54614 -4.70181 24.2
      vertex 5.0338 -4.70517 24.2
    endloop
  endfacet
  facet normal 0 0 1
    outer loop
      vertex 5.71585 -4.72302 24.2
      vertex 5.54614 -4.70181 24.2
      vertex 5.8838 -4.75529 24.2
    endloop
  endfacet
  facet normal 0 0 1
    outer loop
      vertex 5.0338 -4.70517 24.2
      vertex 5.3754 -4.69174 24.2
      vertex 5.20438 -4.69286 24.2
    endloop
  endfacet
  facet normal 0 -0 1
    outer loop
      vertex 3.79857 -9.43881 24.2
      vertex 3.91234 -5.09406 24.2
      vertex 2.69429 -7.23602 24.2
    endloop
  endfacet
  facet normal -0 0 1
    outer loop
      vertex 4.69685 -4.76306 24.2
      vertex 4.53195 -4.80841 24.2
      vertex 5.0338 -4.70517 24.2
    endloop
  endfacet
  facet normal -0 0 1
    outer loop
      vertex 2.72557 -6.89558 24.2
      vertex 2.69429 -7.23602 24.2
      vertex 3.91234 -5.09406 24.2
    endloop
  endfacet
  facet normal -0 0 1
    outer loop
      vertex 4.05989 -5.00757 24.2
      vertex 3.91234 -5.09406 24.2
      vertex 4.21278 -4.93092 24.2
    endloop
  endfacet
  facet normal 0 0 1
    outer loop
      vertex 3.91234 -5.09406 24.2
      vertex 4.53195 -4.80841 24.2
      vertex 4.21278 -4.93092 24.2
    endloop
  endfacet
  facet normal 0 0 1
    outer loop
      vertex 2.72557 -6.89558 24.2
      vertex 3.91234 -5.09406 24.2
      vertex 2.99399 -6.08751 24.2
    endloop
  endfacet
  facet normal 0 0 1
    outer loop
      vertex 3.91234 -5.09406 24.2
      vertex 3.77075 -5.19 24.2
      vertex 3.63576 -5.295 24.2
    endloop
  endfacet
  facet normal 0 0 1
    outer loop
      vertex 3.91234 -5.09406 24.2
      vertex 3.63576 -5.295 24.2
      vertex 2.99399 -6.08751 24.2
    endloop
  endfacet
  facet normal 0 0 1
    outer loop
      vertex 3.38776 -5.53033 24.2
      vertex 3.63576 -5.295 24.2
      vertex 3.5079 -5.4086 24.2
    endloop
  endfacet
  facet normal -0 0 1
    outer loop
      vertex 3.27583 -5.65965 24.2
      vertex 3.17261 -5.79602 24.2
      vertex 3.38776 -5.53033 24.2
    endloop
  endfacet
  facet normal -0 0 1
    outer loop
      vertex 3.17261 -5.79602 24.2
      vertex 2.99399 -6.08751 24.2
      vertex 3.38776 -5.53033 24.2
    endloop
  endfacet
  facet normal -0 0 1
    outer loop
      vertex 3.38776 -5.53033 24.2
      vertex 2.99399 -6.08751 24.2
      vertex 3.63576 -5.295 24.2
    endloop
  endfacet
  facet normal 0 0 1
    outer loop
      vertex 2.72557 -6.89558 24.2
      vertex 2.99399 -6.08751 24.2
      vertex 2.85493 -6.39983 24.2
    endloop
  endfacet
  facet normal 0 0 1
    outer loop
      vertex 2.99399 -6.08751 24.2
      vertex 2.91934 -6.24139 24.2
      vertex 2.85493 -6.39983 24.2
    endloop
  endfacet
  facet normal 0 0 1
    outer loop
      vertex 3.79857 -9.43881 24.2
      vertex 2.69429 -7.23602 24.2
      vertex 2.86699 -8.24107 24.2
    endloop
  endfacet
  facet normal -0 0 1
    outer loop
      vertex 2.75783 -6.72763 24.2
      vertex 2.72557 -6.89558 24.2
      vertex 2.80101 -6.56215 24.2
    endloop
  endfacet
  facet normal 0 0 1
    outer loop
      vertex 2.85493 -6.39983 24.2
      vertex 2.80101 -6.56215 24.2
      vertex 2.72557 -6.89558 24.2
    endloop
  endfacet
  facet normal 0 0 1
    outer loop
      vertex 2.86699 -8.24107 24.2
      vertex 2.93347 -8.39865 24.2
      vertex 3.79857 -9.43881 24.2
    endloop
  endfacet
  facet normal -0 -0 1
    outer loop
      vertex 3.29755 -8.97568 24.2
      vertex 3.79857 -9.43881 24.2
      vertex 2.93347 -8.39865 24.2
    endloop
  endfacet
  facet normal 0 0 1
    outer loop
      vertex 2.73114 -7.74706 24.2
      vertex 2.6954 -7.40706 24.2
      vertex 2.7077 -7.57764 24.2
    endloop
  endfacet
  facet normal 0 0 1
    outer loop
      vertex 2.73114 -7.74706 24.2
      vertex 2.69429 -7.23602 24.2
      vertex 2.6954 -7.40706 24.2
    endloop
  endfacet
  facet normal 0 0 1
    outer loop
      vertex 2.86699 -8.24107 24.2
      vertex 2.69429 -7.23602 24.2
      vertex 2.73114 -7.74706 24.2
    endloop
  endfacet
  facet normal 0 0 1
    outer loop
      vertex 2.81094 -8.07948 24.2
      vertex 2.73114 -7.74706 24.2
      vertex 2.76559 -7.91458 24.2
    endloop
  endfacet
  facet normal 0 0 1
    outer loop
      vertex 2.86699 -8.24107 24.2
      vertex 2.73114 -7.74706 24.2
      vertex 2.81094 -8.07948 24.2
    endloop
  endfacet
  facet normal 0 0 1
    outer loop
      vertex 3.79857 -9.43881 24.2
      vertex 3.29755 -8.97568 24.2
      vertex 3.6622 -9.33559 24.2
    endloop
  endfacet
  facet normal 0 0 1
    outer loop
      vertex 5.0338 -4.70517 24.2
      vertex 3.91234 -5.09406 24.2
      vertex 3.79857 -9.43881 24.2
    endloop
  endfacet
  facet normal 0 0 1
    outer loop
      vertex 3.29755 -8.97568 24.2
      vertex 2.93347 -8.39865 24.2
      vertex 3.01012 -8.55154 24.2
    endloop
  endfacet
  facet normal 0 0 1
    outer loop
      vertex 3.29755 -8.97568 24.2
      vertex 3.09659 -8.6991 24.2
      vertex 3.19254 -8.84068 24.2
    endloop
  endfacet
  facet normal 0 0 1
    outer loop
      vertex 3.29755 -8.97568 24.2
      vertex 3.01012 -8.55154 24.2
      vertex 3.09659 -8.6991 24.2
    endloop
  endfacet
  facet normal 0 0 1
    outer loop
      vertex 5.0338 -4.70517 24.2
      vertex 3.79857 -9.43881 24.2
      vertex 6.84322 -9.41888 24.2
    endloop
  endfacet
  facet normal 0 0 1
    outer loop
      vertex 3.53287 -9.22366 24.2
      vertex 3.29755 -8.97568 24.2
      vertex 3.41115 -9.10353 24.2
    endloop
  endfacet
  facet normal 0 0 1
    outer loop
      vertex 3.6622 -9.33559 24.2
      vertex 3.29755 -8.97568 24.2
      vertex 3.53287 -9.22366 24.2
    endloop
  endfacet
  facet normal 0 0 1
    outer loop
      vertex 3.94139 -9.5329 24.2
      vertex 4.56468 -9.81041 24.2
      vertex 5.06784 -9.90707 24.2
    endloop
  endfacet
  facet normal -0 -0 1
    outer loop
      vertex 4.24394 -9.69209 24.2
      vertex 4.40237 -9.7565 24.2
      vertex 4.09006 -9.61745 24.2
    endloop
  endfacet
  facet normal 0 0 1
    outer loop
      vertex 6.84322 -9.41888 24.2
      vertex 5.06784 -9.90707 24.2
      vertex 5.91711 -9.84583 24.2
    endloop
  endfacet
  facet normal -0 -0 1
    outer loop
      vertex 4.89813 -9.88586 24.2
      vertex 5.06784 -9.90707 24.2
      vertex 4.56468 -9.81041 24.2
    endloop
  endfacet
  facet normal 0.0979916 -0.995187 0
    outer loop
      vertex 0.341141 6.43755 23
      vertex 0.170929 6.42079 24.2
      vertex 0.170929 6.42079 23
    endloop
  endfacet
  facet normal 0.0979916 -0.995187 0
    outer loop
      vertex 0.341141 6.43755 23
      vertex 0.341141 6.43755 24.2
      vertex 0.170929 6.42079 24.2
    endloop
  endfacet
  facet normal 0.162894 -0.986644 0
    outer loop
      vertex 0.509888 6.46541 23
      vertex 0.341141 6.43755 24.2
      vertex 0.341141 6.43755 23
    endloop
  endfacet
  facet normal 0.162894 -0.986644 0
    outer loop
      vertex 0.509888 6.46541 23
      vertex 0.509888 6.46541 24.2
      vertex 0.341141 6.43755 24.2
    endloop
  endfacet
  facet normal 0.227055 -0.973882 0
    outer loop
      vertex 0.676437 6.50424 23
      vertex 0.509888 6.46541 24.2
      vertex 0.509888 6.46541 23
    endloop
  endfacet
  facet normal 0.227055 -0.973882 0
    outer loop
      vertex 0.676437 6.50424 23
      vertex 0.676437 6.50424 24.2
      vertex 0.509888 6.46541 24.2
    endloop
  endfacet
  facet normal 0.290298 -0.956936 0
    outer loop
      vertex 0.840103 6.55389 23
      vertex 0.676437 6.50424 24.2
      vertex 0.676437 6.50424 23
    endloop
  endfacet
  facet normal 0.290298 -0.956936 0
    outer loop
      vertex 0.840103 6.55389 23
      vertex 0.840103 6.55389 24.2
      vertex 0.676437 6.50424 24.2
    endloop
  endfacet
  facet normal 0.352276 -0.935896 0
    outer loop
      vertex 1.00017 6.61414 23
      vertex 0.840103 6.55389 24.2
      vertex 0.840103 6.55389 23
    endloop
  endfacet
  facet normal 0.352276 -0.935896 0
    outer loop
      vertex 1.00017 6.61414 23
      vertex 1.00017 6.61414 24.2
      vertex 0.840103 6.55389 24.2
    endloop
  endfacet
  facet normal 0.41267 -0.91088 0
    outer loop
      vertex 1.15596 6.68472 23
      vertex 1.00017 6.61414 24.2
      vertex 1.00017 6.61414 23
    endloop
  endfacet
  facet normal 0.41267 -0.91088 0
    outer loop
      vertex 1.15596 6.68472 23
      vertex 1.15596 6.68472 24.2
      vertex 1.00017 6.61414 24.2
    endloop
  endfacet
  facet normal 0.471441 -0.881898 0
    outer loop
      vertex 1.30679 6.76535 23
      vertex 1.15596 6.68472 24.2
      vertex 1.15596 6.68472 23
    endloop
  endfacet
  facet normal 0.471441 -0.881898 0
    outer loop
      vertex 1.30679 6.76535 23
      vertex 1.30679 6.76535 24.2
      vertex 1.15596 6.68472 24.2
    endloop
  endfacet
  facet normal 0.528085 -0.849192 0
    outer loop
      vertex 1.45203 6.85567 23
      vertex 1.30679 6.76535 24.2
      vertex 1.30679 6.76535 23
    endloop
  endfacet
  facet normal 0.528085 -0.849192 0
    outer loop
      vertex 1.45203 6.85567 23
      vertex 1.45203 6.85567 24.2
      vertex 1.30679 6.76535 24.2
    endloop
  endfacet
  facet normal 0.582438 -0.812875 0
    outer loop
      vertex 1.59105 6.95528 23
      vertex 1.45203 6.85567 24.2
      vertex 1.45203 6.85567 23
    endloop
  endfacet
  facet normal 0.582438 -0.812875 0
    outer loop
      vertex 1.59105 6.95528 23
      vertex 1.59105 6.95528 24.2
      vertex 1.45203 6.85567 24.2
    endloop
  endfacet
  facet normal 0.634415 -0.772992 0
    outer loop
      vertex 1.72325 7.06378 23
      vertex 1.59105 6.95528 24.2
      vertex 1.59105 6.95528 23
    endloop
  endfacet
  facet normal 0.634415 -0.772992 0
    outer loop
      vertex 1.72325 7.06378 23
      vertex 1.72325 7.06378 24.2
      vertex 1.59105 6.95528 24.2
    endloop
  endfacet
  facet normal 0.683573 -0.729882 0
    outer loop
      vertex 1.84808 7.18069 23
      vertex 1.72325 7.06378 24.2
      vertex 1.72325 7.06378 23
    endloop
  endfacet
  facet normal 0.683573 -0.729882 0
    outer loop
      vertex 1.84808 7.18069 23
      vertex 1.84808 7.18069 24.2
      vertex 1.72325 7.06378 24.2
    endloop
  endfacet
  facet normal 0.72988 -0.683575 0
    outer loop
      vertex 1.965 7.30553 23
      vertex 1.84808 7.18069 24.2
      vertex 1.84808 7.18069 23
    endloop
  endfacet
  facet normal 0.72988 -0.683575 0
    outer loop
      vertex 1.965 7.30553 23
      vertex 1.965 7.30553 24.2
      vertex 1.84808 7.18069 24.2
    endloop
  endfacet
  facet normal 0.772992 -0.634415 0
    outer loop
      vertex 2.0735 7.43773 23
      vertex 1.965 7.30553 24.2
      vertex 1.965 7.30553 23
    endloop
  endfacet
  facet normal 0.772992 -0.634415 0
    outer loop
      vertex 2.0735 7.43773 23
      vertex 2.0735 7.43773 24.2
      vertex 1.965 7.30553 24.2
    endloop
  endfacet
  facet normal 0.81282 -0.582515 0
    outer loop
      vertex 2.17313 7.57675 23
      vertex 2.0735 7.43773 24.2
      vertex 2.0735 7.43773 23
    endloop
  endfacet
  facet normal 0.81282 -0.582515 0
    outer loop
      vertex 2.17313 7.57675 23
      vertex 2.17313 7.57675 24.2
      vertex 2.0735 7.43773 24.2
    endloop
  endfacet
  facet normal 0.849202 -0.528069 0
    outer loop
      vertex 2.26344 7.72198 23
      vertex 2.17313 7.57675 24.2
      vertex 2.17313 7.57675 23
    endloop
  endfacet
  facet normal 0.849202 -0.528069 0
    outer loop
      vertex 2.26344 7.72198 23
      vertex 2.26344 7.72198 24.2
      vertex 2.17313 7.57675 24.2
    endloop
  endfacet
  facet normal 0.881948 -0.471347 0
    outer loop
      vertex 2.34406 7.87283 23
      vertex 2.26344 7.72198 24.2
      vertex 2.26344 7.72198 23
    endloop
  endfacet
  facet normal 0.881948 -0.471347 0
    outer loop
      vertex 2.34406 7.87283 23
      vertex 2.34406 7.87283 24.2
      vertex 2.26344 7.72198 24.2
    endloop
  endfacet
  facet normal 0.91087 -0.412692 0
    outer loop
      vertex 2.41464 8.02861 23
      vertex 2.34406 7.87283 24.2
      vertex 2.34406 7.87283 23
    endloop
  endfacet
  facet normal 0.91087 -0.412692 0
    outer loop
      vertex 2.41464 8.02861 23
      vertex 2.41464 8.02861 24.2
      vertex 2.34406 7.87283 24.2
    endloop
  endfacet
  facet normal 0.93591 -0.352238 0
    outer loop
      vertex 2.47488 8.18867 23
      vertex 2.41464 8.02861 24.2
      vertex 2.41464 8.02861 23
    endloop
  endfacet
  facet normal 0.93591 -0.352238 0
    outer loop
      vertex 2.47488 8.18867 23
      vertex 2.47488 8.18867 24.2
      vertex 2.41464 8.02861 24.2
    endloop
  endfacet
  facet normal 0.956922 -0.290345 0
    outer loop
      vertex 2.52454 8.35234 23
      vertex 2.47488 8.18867 24.2
      vertex 2.47488 8.18867 23
    endloop
  endfacet
  facet normal 0.956922 -0.290345 0
    outer loop
      vertex 2.52454 8.35234 23
      vertex 2.52454 8.35234 24.2
      vertex 2.47488 8.18867 24.2
    endloop
  endfacet
  facet normal 0.973888 -0.227028 0
    outer loop
      vertex 2.56337 8.51891 23
      vertex 2.52454 8.35234 24.2
      vertex 2.52454 8.35234 23
    endloop
  endfacet
  facet normal 0.973888 -0.227028 0
    outer loop
      vertex 2.56337 8.51891 23
      vertex 2.56337 8.51891 24.2
      vertex 2.52454 8.35234 24.2
    endloop
  endfacet
  facet normal 0.986642 -0.162901 0
    outer loop
      vertex 2.59123 8.68765 23
      vertex 2.56337 8.51891 24.2
      vertex 2.56337 8.51891 23
    endloop
  endfacet
  facet normal 0.986642 -0.162901 0
    outer loop
      vertex 2.59123 8.68765 23
      vertex 2.59123 8.68765 24.2
      vertex 2.56337 8.51891 24.2
    endloop
  endfacet
  facet normal 0.995181 -0.0980563 0
    outer loop
      vertex 2.608 8.85785 23
      vertex 2.59123 8.68765 24.2
      vertex 2.59123 8.68765 23
    endloop
  endfacet
  facet normal 0.995181 -0.0980563 0
    outer loop
      vertex 2.608 8.85785 23
      vertex 2.608 8.85785 24.2
      vertex 2.59123 8.68765 24.2
    endloop
  endfacet
  facet normal 0.999466 -0.0326841 0
    outer loop
      vertex 2.61359 9.02879 23
      vertex 2.608 8.85785 24.2
      vertex 2.608 8.85785 23
    endloop
  endfacet
  facet normal 0.999466 -0.0326841 0
    outer loop
      vertex 2.61359 9.02879 23
      vertex 2.61359 9.02879 24.2
      vertex 2.608 8.85785 24.2
    endloop
  endfacet
  facet normal 0.999466 0.0326822 0
    outer loop
      vertex 2.608 9.19974 23
      vertex 2.61359 9.02879 24.2
      vertex 2.61359 9.02879 23
    endloop
  endfacet
  facet normal 0.999466 0.0326822 -0
    outer loop
      vertex 2.608 9.19974 23
      vertex 2.608 9.19974 24.2
      vertex 2.61359 9.02879 24.2
    endloop
  endfacet
  facet normal 0.99518 0.098062 0
    outer loop
      vertex 2.59123 9.36993 23
      vertex 2.608 9.19974 24.2
      vertex 2.608 9.19974 23
    endloop
  endfacet
  facet normal 0.99518 0.098062 -0
    outer loop
      vertex 2.59123 9.36993 23
      vertex 2.59123 9.36993 24.2
      vertex 2.608 9.19974 24.2
    endloop
  endfacet
  facet normal 0.986644 0.162891 0
    outer loop
      vertex 2.56337 9.53868 23
      vertex 2.59123 9.36993 24.2
      vertex 2.59123 9.36993 23
    endloop
  endfacet
  facet normal 0.986644 0.162891 -0
    outer loop
      vertex 2.56337 9.53868 23
      vertex 2.56337 9.53868 24.2
      vertex 2.59123 9.36993 24.2
    endloop
  endfacet
  facet normal 0.973888 0.227028 0
    outer loop
      vertex 2.52454 9.70525 23
      vertex 2.56337 9.53868 24.2
      vertex 2.56337 9.53868 23
    endloop
  endfacet
  facet normal 0.973888 0.227028 -0
    outer loop
      vertex 2.52454 9.70525 23
      vertex 2.52454 9.70525 24.2
      vertex 2.56337 9.53868 24.2
    endloop
  endfacet
  facet normal 0.956917 0.290361 0
    outer loop
      vertex 2.47488 9.86891 23
      vertex 2.52454 9.70525 24.2
      vertex 2.52454 9.70525 23
    endloop
  endfacet
  facet normal 0.956917 0.290361 -0
    outer loop
      vertex 2.47488 9.86891 23
      vertex 2.47488 9.86891 24.2
      vertex 2.52454 9.70525 24.2
    endloop
  endfacet
  facet normal 0.935932 0.35218 0
    outer loop
      vertex 2.41464 10.029 23
      vertex 2.47488 9.86891 24.2
      vertex 2.47488 9.86891 23
    endloop
  endfacet
  facet normal 0.935932 0.35218 -0
    outer loop
      vertex 2.41464 10.029 23
      vertex 2.41464 10.029 24.2
      vertex 2.47488 9.86891 24.2
    endloop
  endfacet
  facet normal 0.91089 0.412649 0
    outer loop
      vertex 2.34406 10.1848 23
      vertex 2.41464 10.029 24.2
      vertex 2.41464 10.029 23
    endloop
  endfacet
  facet normal 0.91089 0.412649 -0
    outer loop
      vertex 2.34406 10.1848 23
      vertex 2.34406 10.1848 24.2
      vertex 2.41464 10.029 24.2
    endloop
  endfacet
  facet normal 0.881883 0.471468 0
    outer loop
      vertex 2.26344 10.3356 23
      vertex 2.34406 10.1848 24.2
      vertex 2.34406 10.1848 23
    endloop
  endfacet
  facet normal 0.881883 0.471468 -0
    outer loop
      vertex 2.26344 10.3356 23
      vertex 2.26344 10.3356 24.2
      vertex 2.34406 10.1848 24.2
    endloop
  endfacet
  facet normal 0.849153 0.528147 0
    outer loop
      vertex 2.17313 10.4808 23
      vertex 2.26344 10.3356 24.2
      vertex 2.26344 10.3356 23
    endloop
  endfacet
  facet normal 0.849153 0.528147 -0
    outer loop
      vertex 2.17313 10.4808 23
      vertex 2.17313 10.4808 24.2
      vertex 2.26344 10.3356 24.2
    endloop
  endfacet
  facet normal 0.812979 0.582294 0
    outer loop
      vertex 2.0735 10.6199 23
      vertex 2.17313 10.4808 24.2
      vertex 2.17313 10.4808 23
    endloop
  endfacet
  facet normal 0.812979 0.582294 -0
    outer loop
      vertex 2.0735 10.6199 23
      vertex 2.0735 10.6199 24.2
      vertex 2.17313 10.4808 24.2
    endloop
  endfacet
  facet normal 0.772992 0.634415 0
    outer loop
      vertex 1.965 10.7521 23
      vertex 2.0735 10.6199 24.2
      vertex 2.0735 10.6199 23
    endloop
  endfacet
  facet normal 0.772992 0.634415 -0
    outer loop
      vertex 1.965 10.7521 23
      vertex 1.965 10.7521 24.2
      vertex 2.0735 10.6199 24.2
    endloop
  endfacet
  facet normal 0.729771 0.683692 0
    outer loop
      vertex 1.84808 10.8769 23
      vertex 1.965 10.7521 24.2
      vertex 1.965 10.7521 23
    endloop
  endfacet
  facet normal 0.729771 0.683692 -0
    outer loop
      vertex 1.84808 10.8769 23
      vertex 1.84808 10.8769 24.2
      vertex 1.965 10.7521 24.2
    endloop
  endfacet
  facet normal 0.683542 0.729911 0
    outer loop
      vertex 1.72325 10.9938 23
      vertex 1.84808 10.8769 24.2
      vertex 1.84808 10.8769 23
    endloop
  endfacet
  facet normal 0.683542 0.729911 -0
    outer loop
      vertex 1.72325 10.9938 23
      vertex 1.72325 10.9938 24.2
      vertex 1.84808 10.8769 24.2
    endloop
  endfacet
  facet normal 0.634415 0.772992 0
    outer loop
      vertex 1.59105 11.1023 23
      vertex 1.72325 10.9938 24.2
      vertex 1.72325 10.9938 23
    endloop
  endfacet
  facet normal 0.634415 0.772992 -0
    outer loop
      vertex 1.59105 11.1023 23
      vertex 1.59105 11.1023 24.2
      vertex 1.72325 10.9938 24.2
    endloop
  endfacet
  facet normal 0.582399 0.812903 0
    outer loop
      vertex 1.45203 11.2019 23
      vertex 1.59105 11.1023 24.2
      vertex 1.59105 11.1023 23
    endloop
  endfacet
  facet normal 0.582399 0.812903 -0
    outer loop
      vertex 1.45203 11.2019 23
      vertex 1.45203 11.2019 24.2
      vertex 1.59105 11.1023 24.2
    endloop
  endfacet
  facet normal 0.528 0.849244 0
    outer loop
      vertex 1.30679 11.2922 23
      vertex 1.45203 11.2019 24.2
      vertex 1.45203 11.2019 23
    endloop
  endfacet
  facet normal 0.528 0.849244 -0
    outer loop
      vertex 1.30679 11.2922 23
      vertex 1.30679 11.2922 24.2
      vertex 1.45203 11.2019 24.2
    endloop
  endfacet
  facet normal 0.471759 0.881728 0
    outer loop
      vertex 1.15596 11.3729 23
      vertex 1.30679 11.2922 24.2
      vertex 1.30679 11.2922 23
    endloop
  endfacet
  facet normal 0.471759 0.881728 -0
    outer loop
      vertex 1.15596 11.3729 23
      vertex 1.15596 11.3729 24.2
      vertex 1.30679 11.2922 24.2
    endloop
  endfacet
  facet normal 0.412768 0.910836 0
    outer loop
      vertex 1.00017 11.4435 23
      vertex 1.15596 11.3729 24.2
      vertex 1.15596 11.3729 23
    endloop
  endfacet
  facet normal 0.412768 0.910836 -0
    outer loop
      vertex 1.00017 11.4435 23
      vertex 1.00017 11.4435 24.2
      vertex 1.15596 11.3729 24.2
    endloop
  endfacet
  facet normal 0.35202 0.935993 0
    outer loop
      vertex 0.840103 11.5037 23
      vertex 1.00017 11.4435 24.2
      vertex 1.00017 11.4435 23
    endloop
  endfacet
  facet normal 0.35202 0.935993 -0
    outer loop
      vertex 0.840103 11.5037 23
      vertex 0.840103 11.5037 24.2
      vertex 1.00017 11.4435 24.2
    endloop
  endfacet
  facet normal 0.29003 0.957018 0
    outer loop
      vertex 0.676437 11.5533 23
      vertex 0.840103 11.5037 24.2
      vertex 0.840103 11.5037 23
    endloop
  endfacet
  facet normal 0.29003 0.957018 -0
    outer loop
      vertex 0.676437 11.5533 23
      vertex 0.676437 11.5533 24.2
      vertex 0.840103 11.5037 24.2
    endloop
  endfacet
  facet normal 0.227443 0.973791 0
    outer loop
      vertex 0.509888 11.5922 23
      vertex 0.676437 11.5533 24.2
      vertex 0.676437 11.5533 23
    endloop
  endfacet
  facet normal 0.227443 0.973791 -0
    outer loop
      vertex 0.509888 11.5922 23
      vertex 0.509888 11.5922 24.2
      vertex 0.676437 11.5533 24.2
    endloop
  endfacet
  facet normal 0.162553 0.9867 0
    outer loop
      vertex 0.341141 11.62 23
      vertex 0.509888 11.5922 24.2
      vertex 0.509888 11.5922 23
    endloop
  endfacet
  facet normal 0.162553 0.9867 -0
    outer loop
      vertex 0.341141 11.62 23
      vertex 0.341141 11.62 24.2
      vertex 0.509888 11.5922 24.2
    endloop
  endfacet
  facet normal 0.0982232 0.995164 0
    outer loop
      vertex 0.170929 11.6368 23
      vertex 0.341141 11.62 24.2
      vertex 0.341141 11.62 23
    endloop
  endfacet
  facet normal 0.0982232 0.995164 -0
    outer loop
      vertex 0.170929 11.6368 23
      vertex 0.170929 11.6368 24.2
      vertex 0.341141 11.62 24.2
    endloop
  endfacet
  facet normal 0.0327446 0.999464 0
    outer loop
      vertex 0 11.6424 23
      vertex 0.170929 11.6368 24.2
      vertex 0.170929 11.6368 23
    endloop
  endfacet
  facet normal 0.0327446 0.999464 -0
    outer loop
      vertex 0 11.6424 23
      vertex 0 11.6424 24.2
      vertex 0.170929 11.6368 24.2
    endloop
  endfacet
  facet normal -0.0327446 0.999464 0
    outer loop
      vertex -0.170929 11.6368 23
      vertex 0 11.6424 24.2
      vertex 0 11.6424 23
    endloop
  endfacet
  facet normal -0.0327446 0.999464 0
    outer loop
      vertex -0.170929 11.6368 23
      vertex -0.170929 11.6368 24.2
      vertex 0 11.6424 24.2
    endloop
  endfacet
  facet normal -0.0982232 0.995164 0
    outer loop
      vertex -0.341141 11.62 23
      vertex -0.170929 11.6368 24.2
      vertex -0.170929 11.6368 23
    endloop
  endfacet
  facet normal -0.0982232 0.995164 0
    outer loop
      vertex -0.341141 11.62 23
      vertex -0.341141 11.62 24.2
      vertex -0.170929 11.6368 24.2
    endloop
  endfacet
  facet normal -0.162553 0.9867 0
    outer loop
      vertex -0.509888 11.5922 23
      vertex -0.341141 11.62 24.2
      vertex -0.341141 11.62 23
    endloop
  endfacet
  facet normal -0.162553 0.9867 0
    outer loop
      vertex -0.509888 11.5922 23
      vertex -0.509888 11.5922 24.2
      vertex -0.341141 11.62 24.2
    endloop
  endfacet
  facet normal -0.227443 0.973791 0
    outer loop
      vertex -0.676437 11.5533 23
      vertex -0.509888 11.5922 24.2
      vertex -0.509888 11.5922 23
    endloop
  endfacet
  facet normal -0.227443 0.973791 0
    outer loop
      vertex -0.676437 11.5533 23
      vertex -0.676437 11.5533 24.2
      vertex -0.509888 11.5922 24.2
    endloop
  endfacet
  facet normal -0.29003 0.957018 0
    outer loop
      vertex -0.840103 11.5037 23
      vertex -0.676437 11.5533 24.2
      vertex -0.676437 11.5533 23
    endloop
  endfacet
  facet normal -0.29003 0.957018 0
    outer loop
      vertex -0.840103 11.5037 23
      vertex -0.840103 11.5037 24.2
      vertex -0.676437 11.5533 24.2
    endloop
  endfacet
  facet normal -0.35202 0.935993 0
    outer loop
      vertex -1.00017 11.4435 23
      vertex -0.840103 11.5037 24.2
      vertex -0.840103 11.5037 23
    endloop
  endfacet
  facet normal -0.35202 0.935993 0
    outer loop
      vertex -1.00017 11.4435 23
      vertex -1.00017 11.4435 24.2
      vertex -0.840103 11.5037 24.2
    endloop
  endfacet
  facet normal -0.412768 0.910836 0
    outer loop
      vertex -1.15596 11.3729 23
      vertex -1.00017 11.4435 24.2
      vertex -1.00017 11.4435 23
    endloop
  endfacet
  facet normal -0.412768 0.910836 0
    outer loop
      vertex -1.15596 11.3729 23
      vertex -1.15596 11.3729 24.2
      vertex -1.00017 11.4435 24.2
    endloop
  endfacet
  facet normal -0.471759 0.881728 0
    outer loop
      vertex -1.30679 11.2922 23
      vertex -1.15596 11.3729 24.2
      vertex -1.15596 11.3729 23
    endloop
  endfacet
  facet normal -0.471759 0.881728 0
    outer loop
      vertex -1.30679 11.2922 23
      vertex -1.30679 11.2922 24.2
      vertex -1.15596 11.3729 24.2
    endloop
  endfacet
  facet normal -0.528 0.849244 0
    outer loop
      vertex -1.45203 11.2019 23
      vertex -1.30679 11.2922 24.2
      vertex -1.30679 11.2922 23
    endloop
  endfacet
  facet normal -0.528 0.849244 0
    outer loop
      vertex -1.45203 11.2019 23
      vertex -1.45203 11.2019 24.2
      vertex -1.30679 11.2922 24.2
    endloop
  endfacet
  facet normal -0.582399 0.812903 0
    outer loop
      vertex -1.59105 11.1023 23
      vertex -1.45203 11.2019 24.2
      vertex -1.45203 11.2019 23
    endloop
  endfacet
  facet normal -0.582399 0.812903 0
    outer loop
      vertex -1.59105 11.1023 23
      vertex -1.59105 11.1023 24.2
      vertex -1.45203 11.2019 24.2
    endloop
  endfacet
  facet normal -0.634415 0.772992 0
    outer loop
      vertex -1.72325 10.9938 23
      vertex -1.59105 11.1023 24.2
      vertex -1.59105 11.1023 23
    endloop
  endfacet
  facet normal -0.634415 0.772992 0
    outer loop
      vertex -1.72325 10.9938 23
      vertex -1.72325 10.9938 24.2
      vertex -1.59105 11.1023 24.2
    endloop
  endfacet
  facet normal -0.683542 0.729911 0
    outer loop
      vertex -1.84808 10.8769 23
      vertex -1.72325 10.9938 24.2
      vertex -1.72325 10.9938 23
    endloop
  endfacet
  facet normal -0.683542 0.729911 0
    outer loop
      vertex -1.84808 10.8769 23
      vertex -1.84808 10.8769 24.2
      vertex -1.72325 10.9938 24.2
    endloop
  endfacet
  facet normal -0.729771 0.683692 0
    outer loop
      vertex -1.965 10.7521 23
      vertex -1.84808 10.8769 24.2
      vertex -1.84808 10.8769 23
    endloop
  endfacet
  facet normal -0.729771 0.683692 0
    outer loop
      vertex -1.965 10.7521 23
      vertex -1.965 10.7521 24.2
      vertex -1.84808 10.8769 24.2
    endloop
  endfacet
  facet normal -0.772992 0.634415 0
    outer loop
      vertex -2.0735 10.6199 23
      vertex -1.965 10.7521 24.2
      vertex -1.965 10.7521 23
    endloop
  endfacet
  facet normal -0.772992 0.634415 0
    outer loop
      vertex -2.0735 10.6199 23
      vertex -2.0735 10.6199 24.2
      vertex -1.965 10.7521 24.2
    endloop
  endfacet
  facet normal -0.812979 0.582294 0
    outer loop
      vertex -2.17313 10.4808 23
      vertex -2.0735 10.6199 24.2
      vertex -2.0735 10.6199 23
    endloop
  endfacet
  facet normal -0.812979 0.582294 0
    outer loop
      vertex -2.17313 10.4808 23
      vertex -2.17313 10.4808 24.2
      vertex -2.0735 10.6199 24.2
    endloop
  endfacet
  facet normal -0.849153 0.528147 0
    outer loop
      vertex -2.26344 10.3356 23
      vertex -2.17313 10.4808 24.2
      vertex -2.17313 10.4808 23
    endloop
  endfacet
  facet normal -0.849153 0.528147 0
    outer loop
      vertex -2.26344 10.3356 23
      vertex -2.26344 10.3356 24.2
      vertex -2.17313 10.4808 24.2
    endloop
  endfacet
  facet normal -0.881883 0.471468 0
    outer loop
      vertex -2.34406 10.1848 23
      vertex -2.26344 10.3356 24.2
      vertex -2.26344 10.3356 23
    endloop
  endfacet
  facet normal -0.881883 0.471468 0
    outer loop
      vertex -2.34406 10.1848 23
      vertex -2.34406 10.1848 24.2
      vertex -2.26344 10.3356 24.2
    endloop
  endfacet
  facet normal -0.91089 0.412649 0
    outer loop
      vertex -2.41464 10.029 23
      vertex -2.34406 10.1848 24.2
      vertex -2.34406 10.1848 23
    endloop
  endfacet
  facet normal -0.91089 0.412649 0
    outer loop
      vertex -2.41464 10.029 23
      vertex -2.41464 10.029 24.2
      vertex -2.34406 10.1848 24.2
    endloop
  endfacet
  facet normal -0.935932 0.35218 0
    outer loop
      vertex -2.47488 9.86891 23
      vertex -2.41464 10.029 24.2
      vertex -2.41464 10.029 23
    endloop
  endfacet
  facet normal -0.935932 0.35218 0
    outer loop
      vertex -2.47488 9.86891 23
      vertex -2.47488 9.86891 24.2
      vertex -2.41464 10.029 24.2
    endloop
  endfacet
  facet normal -0.956917 0.290361 0
    outer loop
      vertex -2.52454 9.70525 23
      vertex -2.47488 9.86891 24.2
      vertex -2.47488 9.86891 23
    endloop
  endfacet
  facet normal -0.956917 0.290361 0
    outer loop
      vertex -2.52454 9.70525 23
      vertex -2.52454 9.70525 24.2
      vertex -2.47488 9.86891 24.2
    endloop
  endfacet
  facet normal -0.973888 0.227028 0
    outer loop
      vertex -2.56337 9.53868 23
      vertex -2.52454 9.70525 24.2
      vertex -2.52454 9.70525 23
    endloop
  endfacet
  facet normal -0.973888 0.227028 0
    outer loop
      vertex -2.56337 9.53868 23
      vertex -2.56337 9.53868 24.2
      vertex -2.52454 9.70525 24.2
    endloop
  endfacet
  facet normal -0.986644 0.162891 0
    outer loop
      vertex -2.59123 9.36993 23
      vertex -2.56337 9.53868 24.2
      vertex -2.56337 9.53868 23
    endloop
  endfacet
  facet normal -0.986644 0.162891 0
    outer loop
      vertex -2.59123 9.36993 23
      vertex -2.59123 9.36993 24.2
      vertex -2.56337 9.53868 24.2
    endloop
  endfacet
  facet normal -0.99518 0.098062 0
    outer loop
      vertex -2.608 9.19974 23
      vertex -2.59123 9.36993 24.2
      vertex -2.59123 9.36993 23
    endloop
  endfacet
  facet normal -0.99518 0.098062 0
    outer loop
      vertex -2.608 9.19974 23
      vertex -2.608 9.19974 24.2
      vertex -2.59123 9.36993 24.2
    endloop
  endfacet
  facet normal -0.999466 0.0326822 0
    outer loop
      vertex -2.61359 9.02879 23
      vertex -2.608 9.19974 24.2
      vertex -2.608 9.19974 23
    endloop
  endfacet
  facet normal -0.999466 0.0326822 0
    outer loop
      vertex -2.61359 9.02879 23
      vertex -2.61359 9.02879 24.2
      vertex -2.608 9.19974 24.2
    endloop
  endfacet
  facet normal -0.999466 -0.0326841 0
    outer loop
      vertex -2.608 8.85785 23
      vertex -2.61359 9.02879 24.2
      vertex -2.61359 9.02879 23
    endloop
  endfacet
  facet normal -0.999466 -0.0326841 0
    outer loop
      vertex -2.608 8.85785 23
      vertex -2.608 8.85785 24.2
      vertex -2.61359 9.02879 24.2
    endloop
  endfacet
  facet normal -0.995181 -0.0980563 0
    outer loop
      vertex -2.59123 8.68765 23
      vertex -2.608 8.85785 24.2
      vertex -2.608 8.85785 23
    endloop
  endfacet
  facet normal -0.995181 -0.0980563 0
    outer loop
      vertex -2.59123 8.68765 23
      vertex -2.59123 8.68765 24.2
      vertex -2.608 8.85785 24.2
    endloop
  endfacet
  facet normal -0.986642 -0.162901 0
    outer loop
      vertex -2.56337 8.51891 23
      vertex -2.59123 8.68765 24.2
      vertex -2.59123 8.68765 23
    endloop
  endfacet
  facet normal -0.986642 -0.162901 0
    outer loop
      vertex -2.56337 8.51891 23
      vertex -2.56337 8.51891 24.2
      vertex -2.59123 8.68765 24.2
    endloop
  endfacet
  facet normal -0.973888 -0.227028 0
    outer loop
      vertex -2.52454 8.35234 23
      vertex -2.56337 8.51891 24.2
      vertex -2.56337 8.51891 23
    endloop
  endfacet
  facet normal -0.973888 -0.227028 0
    outer loop
      vertex -2.52454 8.35234 23
      vertex -2.52454 8.35234 24.2
      vertex -2.56337 8.51891 24.2
    endloop
  endfacet
  facet normal -0.956922 -0.290345 0
    outer loop
      vertex -2.47488 8.18867 23
      vertex -2.52454 8.35234 24.2
      vertex -2.52454 8.35234 23
    endloop
  endfacet
  facet normal -0.956922 -0.290345 0
    outer loop
      vertex -2.47488 8.18867 23
      vertex -2.47488 8.18867 24.2
      vertex -2.52454 8.35234 24.2
    endloop
  endfacet
  facet normal -0.93591 -0.352238 0
    outer loop
      vertex -2.41464 8.02861 23
      vertex -2.47488 8.18867 24.2
      vertex -2.47488 8.18867 23
    endloop
  endfacet
  facet normal -0.93591 -0.352238 0
    outer loop
      vertex -2.41464 8.02861 23
      vertex -2.41464 8.02861 24.2
      vertex -2.47488 8.18867 24.2
    endloop
  endfacet
  facet normal -0.91087 -0.412692 0
    outer loop
      vertex -2.34406 7.87283 23
      vertex -2.41464 8.02861 24.2
      vertex -2.41464 8.02861 23
    endloop
  endfacet
  facet normal -0.91087 -0.412692 0
    outer loop
      vertex -2.34406 7.87283 23
      vertex -2.34406 7.87283 24.2
      vertex -2.41464 8.02861 24.2
    endloop
  endfacet
  facet normal -0.881948 -0.471347 0
    outer loop
      vertex -2.26344 7.72198 23
      vertex -2.34406 7.87283 24.2
      vertex -2.34406 7.87283 23
    endloop
  endfacet
  facet normal -0.881948 -0.471347 0
    outer loop
      vertex -2.26344 7.72198 23
      vertex -2.26344 7.72198 24.2
      vertex -2.34406 7.87283 24.2
    endloop
  endfacet
  facet normal -0.849202 -0.528069 0
    outer loop
      vertex -2.17313 7.57675 23
      vertex -2.26344 7.72198 24.2
      vertex -2.26344 7.72198 23
    endloop
  endfacet
  facet normal -0.849202 -0.528069 0
    outer loop
      vertex -2.17313 7.57675 23
      vertex -2.17313 7.57675 24.2
      vertex -2.26344 7.72198 24.2
    endloop
  endfacet
  facet normal -0.81282 -0.582515 0
    outer loop
      vertex -2.0735 7.43773 23
      vertex -2.17313 7.57675 24.2
      vertex -2.17313 7.57675 23
    endloop
  endfacet
  facet normal -0.81282 -0.582515 0
    outer loop
      vertex -2.0735 7.43773 23
      vertex -2.0735 7.43773 24.2
      vertex -2.17313 7.57675 24.2
    endloop
  endfacet
  facet normal -0.772992 -0.634415 0
    outer loop
      vertex -1.965 7.30553 23
      vertex -2.0735 7.43773 24.2
      vertex -2.0735 7.43773 23
    endloop
  endfacet
  facet normal -0.772992 -0.634415 0
    outer loop
      vertex -1.965 7.30553 23
      vertex -1.965 7.30553 24.2
      vertex -2.0735 7.43773 24.2
    endloop
  endfacet
  facet normal -0.72988 -0.683575 0
    outer loop
      vertex -1.84808 7.18069 23
      vertex -1.965 7.30553 24.2
      vertex -1.965 7.30553 23
    endloop
  endfacet
  facet normal -0.72988 -0.683575 0
    outer loop
      vertex -1.84808 7.18069 23
      vertex -1.84808 7.18069 24.2
      vertex -1.965 7.30553 24.2
    endloop
  endfacet
  facet normal -0.683573 -0.729882 0
    outer loop
      vertex -1.72325 7.06378 23
      vertex -1.84808 7.18069 24.2
      vertex -1.84808 7.18069 23
    endloop
  endfacet
  facet normal -0.683573 -0.729882 0
    outer loop
      vertex -1.72325 7.06378 23
      vertex -1.72325 7.06378 24.2
      vertex -1.84808 7.18069 24.2
    endloop
  endfacet
  facet normal -0.634415 -0.772992 0
    outer loop
      vertex -1.59105 6.95528 23
      vertex -1.72325 7.06378 24.2
      vertex -1.72325 7.06378 23
    endloop
  endfacet
  facet normal -0.634415 -0.772992 0
    outer loop
      vertex -1.59105 6.95528 23
      vertex -1.59105 6.95528 24.2
      vertex -1.72325 7.06378 24.2
    endloop
  endfacet
  facet normal -0.582438 -0.812875 0
    outer loop
      vertex -1.45203 6.85567 23
      vertex -1.59105 6.95528 24.2
      vertex -1.59105 6.95528 23
    endloop
  endfacet
  facet normal -0.582438 -0.812875 0
    outer loop
      vertex -1.45203 6.85567 23
      vertex -1.45203 6.85567 24.2
      vertex -1.59105 6.95528 24.2
    endloop
  endfacet
  facet normal -0.528085 -0.849192 0
    outer loop
      vertex -1.30679 6.76535 23
      vertex -1.45203 6.85567 24.2
      vertex -1.45203 6.85567 23
    endloop
  endfacet
  facet normal -0.528085 -0.849192 0
    outer loop
      vertex -1.30679 6.76535 23
      vertex -1.30679 6.76535 24.2
      vertex -1.45203 6.85567 24.2
    endloop
  endfacet
  facet normal -0.471441 -0.881898 0
    outer loop
      vertex -1.15596 6.68472 23
      vertex -1.30679 6.76535 24.2
      vertex -1.30679 6.76535 23
    endloop
  endfacet
  facet normal -0.471441 -0.881898 0
    outer loop
      vertex -1.15596 6.68472 23
      vertex -1.15596 6.68472 24.2
      vertex -1.30679 6.76535 24.2
    endloop
  endfacet
  facet normal -0.41267 -0.91088 0
    outer loop
      vertex -1.00017 6.61414 23
      vertex -1.15596 6.68472 24.2
      vertex -1.15596 6.68472 23
    endloop
  endfacet
  facet normal -0.41267 -0.91088 0
    outer loop
      vertex -1.00017 6.61414 23
      vertex -1.00017 6.61414 24.2
      vertex -1.15596 6.68472 24.2
    endloop
  endfacet
  facet normal -0.352276 -0.935896 0
    outer loop
      vertex -0.840103 6.55389 23
      vertex -1.00017 6.61414 24.2
      vertex -1.00017 6.61414 23
    endloop
  endfacet
  facet normal -0.352276 -0.935896 0
    outer loop
      vertex -0.840103 6.55389 23
      vertex -0.840103 6.55389 24.2
      vertex -1.00017 6.61414 24.2
    endloop
  endfacet
  facet normal -0.290298 -0.956936 0
    outer loop
      vertex -0.676437 6.50424 23
      vertex -0.840103 6.55389 24.2
      vertex -0.840103 6.55389 23
    endloop
  endfacet
  facet normal -0.290298 -0.956936 0
    outer loop
      vertex -0.676437 6.50424 23
      vertex -0.676437 6.50424 24.2
      vertex -0.840103 6.55389 24.2
    endloop
  endfacet
  facet normal -0.227055 -0.973882 0
    outer loop
      vertex -0.509888 6.46541 23
      vertex -0.676437 6.50424 24.2
      vertex -0.676437 6.50424 23
    endloop
  endfacet
  facet normal -0.227055 -0.973882 0
    outer loop
      vertex -0.509888 6.46541 23
      vertex -0.509888 6.46541 24.2
      vertex -0.676437 6.50424 24.2
    endloop
  endfacet
  facet normal -0.162894 -0.986644 0
    outer loop
      vertex -0.341141 6.43755 23
      vertex -0.509888 6.46541 24.2
      vertex -0.509888 6.46541 23
    endloop
  endfacet
  facet normal -0.162894 -0.986644 0
    outer loop
      vertex -0.341141 6.43755 23
      vertex -0.341141 6.43755 24.2
      vertex -0.509888 6.46541 24.2
    endloop
  endfacet
  facet normal -0.0979916 -0.995187 0
    outer loop
      vertex -0.170929 6.42079 23
      vertex -0.341141 6.43755 24.2
      vertex -0.341141 6.43755 23
    endloop
  endfacet
  facet normal -0.0979916 -0.995187 0
    outer loop
      vertex -0.170929 6.42079 23
      vertex -0.170929 6.42079 24.2
      vertex -0.341141 6.43755 24.2
    endloop
  endfacet
  facet normal -0.0327446 -0.999464 0
    outer loop
      vertex 0 6.41519 23
      vertex -0.170929 6.42079 24.2
      vertex -0.170929 6.42079 23
    endloop
  endfacet
  facet normal -0.0327446 -0.999464 0
    outer loop
      vertex 0 6.41519 23
      vertex 0 6.41519 24.2
      vertex -0.170929 6.42079 24.2
    endloop
  endfacet
  facet normal 0.0327446 -0.999464 0
    outer loop
      vertex 0.170929 6.42079 23
      vertex 0 6.41519 24.2
      vertex 0 6.41519 23
    endloop
  endfacet
  facet normal 0.0327446 -0.999464 0
    outer loop
      vertex 0.170929 6.42079 23
      vertex 0.170929 6.42079 24.2
      vertex 0 6.41519 24.2
    endloop
  endfacet
  facet normal 0.110976 -0.993823 0
    outer loop
      vertex -8.21185 0.203491 23
      vertex -8.38184 0.184509 24.2
      vertex -8.38184 0.184509 23
    endloop
  endfacet
  facet normal 0.110976 -0.993823 0
    outer loop
      vertex -8.21185 0.203491 23
      vertex -8.21185 0.203491 24.2
      vertex -8.38184 0.184509 24.2
    endloop
  endfacet
  facet normal 0.175766 -0.984432 0
    outer loop
      vertex -8.04349 0.233551 23
      vertex -8.21185 0.203491 24.2
      vertex -8.21185 0.203491 23
    endloop
  endfacet
  facet normal 0.175766 -0.984432 0
    outer loop
      vertex -8.04349 0.233551 23
      vertex -8.04349 0.233551 24.2
      vertex -8.21185 0.203491 24.2
    endloop
  endfacet
  facet normal 0.23983 -0.970815 0
    outer loop
      vertex -7.87746 0.274567 23
      vertex -8.04349 0.233551 24.2
      vertex -8.04349 0.233551 23
    endloop
  endfacet
  facet normal 0.23983 -0.970815 0
    outer loop
      vertex -7.87746 0.274567 23
      vertex -7.87746 0.274567 24.2
      vertex -8.04349 0.233551 24.2
    endloop
  endfacet
  facet normal 0.302785 -0.953059 0
    outer loop
      vertex -7.71445 0.326355 23
      vertex -7.87746 0.274567 24.2
      vertex -7.87746 0.274567 23
    endloop
  endfacet
  facet normal 0.302785 -0.953059 0
    outer loop
      vertex -7.71445 0.326355 23
      vertex -7.71445 0.326355 24.2
      vertex -7.87746 0.274567 24.2
    endloop
  endfacet
  facet normal 0.364465 -0.931217 0
    outer loop
      vertex -7.55519 0.388687 23
      vertex -7.71445 0.326355 24.2
      vertex -7.71445 0.326355 23
    endloop
  endfacet
  facet normal 0.364465 -0.931217 0
    outer loop
      vertex -7.55519 0.388687 23
      vertex -7.55519 0.388687 24.2
      vertex -7.71445 0.326355 24.2
    endloop
  endfacet
  facet normal 0.424583 -0.905389 0
    outer loop
      vertex -7.40034 0.461304 23
      vertex -7.55519 0.388687 24.2
      vertex -7.55519 0.388687 23
    endloop
  endfacet
  facet normal 0.424583 -0.905389 0
    outer loop
      vertex -7.40034 0.461304 23
      vertex -7.40034 0.461304 24.2
      vertex -7.55519 0.388687 24.2
    endloop
  endfacet
  facet normal 0.482942 -0.875652 0
    outer loop
      vertex -7.25058 0.5439 23
      vertex -7.40034 0.461304 24.2
      vertex -7.40034 0.461304 23
    endloop
  endfacet
  facet normal 0.482942 -0.875652 0
    outer loop
      vertex -7.25058 0.5439 23
      vertex -7.25058 0.5439 24.2
      vertex -7.40034 0.461304 24.2
    endloop
  endfacet
  facet normal 0.539147 -0.842212 0
    outer loop
      vertex -7.10654 0.636108 23
      vertex -7.25058 0.5439 24.2
      vertex -7.25058 0.5439 23
    endloop
  endfacet
  facet normal 0.539147 -0.842212 0
    outer loop
      vertex -7.10654 0.636108 23
      vertex -7.10654 0.636108 24.2
      vertex -7.25058 0.5439 24.2
    endloop
  endfacet
  facet normal 0.59303 -0.80518 0
    outer loop
      vertex -6.96883 0.737534 23
      vertex -7.10654 0.636108 24.2
      vertex -7.10654 0.636108 23
    endloop
  endfacet
  facet normal 0.59303 -0.80518 0
    outer loop
      vertex -6.96883 0.737534 23
      vertex -6.96883 0.737534 24.2
      vertex -7.10654 0.636108 24.2
    endloop
  endfacet
  facet normal 0.644501 -0.764603 0
    outer loop
      vertex -6.83806 0.847763 23
      vertex -6.96883 0.737534 24.2
      vertex -6.96883 0.737534 23
    endloop
  endfacet
  facet normal 0.644501 -0.764603 0
    outer loop
      vertex -6.83806 0.847763 23
      vertex -6.83806 0.847763 24.2
      vertex -6.96883 0.737534 24.2
    endloop
  endfacet
  facet normal 0.693054 -0.720886 0
    outer loop
      vertex -6.71477 0.966293 23
      vertex -6.83806 0.847763 24.2
      vertex -6.83806 0.847763 23
    endloop
  endfacet
  facet normal 0.693054 -0.720886 0
    outer loop
      vertex -6.71477 0.966293 23
      vertex -6.71477 0.966293 24.2
      vertex -6.83806 0.847763 24.2
    endloop
  endfacet
  facet normal 0.738746 -0.673984 0
    outer loop
      vertex -6.59949 1.09265 23
      vertex -6.71477 0.966293 24.2
      vertex -6.71477 0.966293 23
    endloop
  endfacet
  facet normal 0.738746 -0.673984 0
    outer loop
      vertex -6.59949 1.09265 23
      vertex -6.59949 1.09265 24.2
      vertex -6.71477 0.966293 24.2
    endloop
  endfacet
  facet normal 0.781262 -0.624203 0
    outer loop
      vertex -6.49274 1.22626 23
      vertex -6.59949 1.09265 24.2
      vertex -6.59949 1.09265 23
    endloop
  endfacet
  facet normal 0.781262 -0.624203 0
    outer loop
      vertex -6.49274 1.22626 23
      vertex -6.49274 1.22626 24.2
      vertex -6.59949 1.09265 24.2
    endloop
  endfacet
  facet normal 0.820395 -0.571797 0
    outer loop
      vertex -6.39494 1.36658 23
      vertex -6.49274 1.22626 24.2
      vertex -6.49274 1.22626 23
    endloop
  endfacet
  facet normal 0.820395 -0.571797 0
    outer loop
      vertex -6.39494 1.36658 23
      vertex -6.39494 1.36658 24.2
      vertex -6.49274 1.22626 24.2
    endloop
  endfacet
  facet normal 0.856035 -0.516918 0
    outer loop
      vertex -6.30653 1.51299 23
      vertex -6.39494 1.36658 24.2
      vertex -6.39494 1.36658 23
    endloop
  endfacet
  facet normal 0.856035 -0.516918 0
    outer loop
      vertex -6.30653 1.51299 23
      vertex -6.30653 1.51299 24.2
      vertex -6.39494 1.36658 24.2
    endloop
  endfacet
  facet normal 0.888011 -0.459822 0
    outer loop
      vertex -6.22789 1.66486 23
      vertex -6.30653 1.51299 24.2
      vertex -6.30653 1.51299 23
    endloop
  endfacet
  facet normal 0.888011 -0.459822 0
    outer loop
      vertex -6.22789 1.66486 23
      vertex -6.22789 1.66486 24.2
      vertex -6.30653 1.51299 24.2
    endloop
  endfacet
  facet normal 0.916183 -0.400761 0
    outer loop
      vertex -6.15935 1.82155 23
      vertex -6.22789 1.66486 24.2
      vertex -6.22789 1.66486 23
    endloop
  endfacet
  facet normal 0.916183 -0.400761 0
    outer loop
      vertex -6.15935 1.82155 23
      vertex -6.15935 1.82155 24.2
      vertex -6.22789 1.66486 24.2
    endloop
  endfacet
  facet normal 0.940444 -0.339949 0
    outer loop
      vertex -6.10121 1.98239 23
      vertex -6.15935 1.82155 24.2
      vertex -6.15935 1.82155 23
    endloop
  endfacet
  facet normal 0.940444 -0.339949 0
    outer loop
      vertex -6.10121 1.98239 23
      vertex -6.10121 1.98239 24.2
      vertex -6.15935 1.82155 24.2
    endloop
  endfacet
  facet normal 0.960663 -0.277716 0
    outer loop
      vertex -6.05371 2.1467 23
      vertex -6.10121 1.98239 24.2
      vertex -6.10121 1.98239 23
    endloop
  endfacet
  facet normal 0.960663 -0.277716 0
    outer loop
      vertex -6.05371 2.1467 23
      vertex -6.05371 2.1467 24.2
      vertex -6.10121 1.98239 24.2
    endloop
  endfacet
  facet normal 0.976768 -0.214298 0
    outer loop
      vertex -6.01706 2.31375 23
      vertex -6.05371 2.1467 24.2
      vertex -6.05371 2.1467 23
    endloop
  endfacet
  facet normal 0.976768 -0.214298 0
    outer loop
      vertex -6.01706 2.31375 23
      vertex -6.01706 2.31375 24.2
      vertex -6.05371 2.1467 24.2
    endloop
  endfacet
  facet normal 0.988691 -0.14997 0
    outer loop
      vertex -5.99141 2.48285 23
      vertex -6.01706 2.31375 24.2
      vertex -6.01706 2.31375 23
    endloop
  endfacet
  facet normal 0.988691 -0.14997 0
    outer loop
      vertex -5.99141 2.48285 23
      vertex -5.99141 2.48285 24.2
      vertex -6.01706 2.31375 24.2
    endloop
  endfacet
  facet normal 0.99638 -0.0850147 0
    outer loop
      vertex -5.97687 2.65326 23
      vertex -5.99141 2.48285 24.2
      vertex -5.99141 2.48285 23
    endloop
  endfacet
  facet normal 0.99638 -0.0850147 0
    outer loop
      vertex -5.97687 2.65326 23
      vertex -5.97687 2.65326 24.2
      vertex -5.99141 2.48285 24.2
    endloop
  endfacet
  facet normal 0.999807 -0.0196465 0
    outer loop
      vertex -5.97351 2.82425 23
      vertex -5.97687 2.65326 24.2
      vertex -5.97687 2.65326 23
    endloop
  endfacet
  facet normal 0.999807 -0.0196465 0
    outer loop
      vertex -5.97351 2.82425 23
      vertex -5.97351 2.82425 24.2
      vertex -5.97687 2.65326 24.2
    endloop
  endfacet
  facet normal 0.998949 0.04584 0
    outer loop
      vertex -5.98135 2.9951 23
      vertex -5.97351 2.82425 24.2
      vertex -5.97351 2.82425 23
    endloop
  endfacet
  facet normal 0.998949 0.04584 -0
    outer loop
      vertex -5.98135 2.9951 23
      vertex -5.98135 2.9951 24.2
      vertex -5.97351 2.82425 24.2
    endloop
  endfacet
  facet normal 0.993817 0.111028 0
    outer loop
      vertex -6.00034 3.16508 23
      vertex -5.98135 2.9951 24.2
      vertex -5.98135 2.9951 23
    endloop
  endfacet
  facet normal 0.993817 0.111028 -0
    outer loop
      vertex -6.00034 3.16508 23
      vertex -6.00034 3.16508 24.2
      vertex -5.98135 2.9951 24.2
    endloop
  endfacet
  facet normal 0.984424 0.175813 0
    outer loop
      vertex -6.03041 3.33345 23
      vertex -6.00034 3.16508 24.2
      vertex -6.00034 3.16508 23
    endloop
  endfacet
  facet normal 0.984424 0.175813 -0
    outer loop
      vertex -6.03041 3.33345 23
      vertex -6.03041 3.33345 24.2
      vertex -6.00034 3.16508 24.2
    endloop
  endfacet
  facet normal 0.970837 0.239742 0
    outer loop
      vertex -6.07141 3.49948 23
      vertex -6.03041 3.33345 24.2
      vertex -6.03041 3.33345 23
    endloop
  endfacet
  facet normal 0.970837 0.239742 -0
    outer loop
      vertex -6.07141 3.49948 23
      vertex -6.07141 3.49948 24.2
      vertex -6.03041 3.33345 24.2
    endloop
  endfacet
  facet normal 0.95305 0.302813 0
    outer loop
      vertex -6.1232 3.66248 23
      vertex -6.07141 3.49948 24.2
      vertex -6.07141 3.49948 23
    endloop
  endfacet
  facet normal 0.95305 0.302813 -0
    outer loop
      vertex -6.1232 3.66248 23
      vertex -6.1232 3.66248 24.2
      vertex -6.07141 3.49948 24.2
    endloop
  endfacet
  facet normal 0.931229 0.364435 0
    outer loop
      vertex -6.18553 3.82175 23
      vertex -6.1232 3.66248 24.2
      vertex -6.1232 3.66248 23
    endloop
  endfacet
  facet normal 0.931229 0.364435 -0
    outer loop
      vertex -6.18553 3.82175 23
      vertex -6.18553 3.82175 24.2
      vertex -6.1232 3.66248 24.2
    endloop
  endfacet
  facet normal 0.905349 0.424668 0
    outer loop
      vertex -6.25816 3.97659 23
      vertex -6.18553 3.82175 24.2
      vertex -6.18553 3.82175 23
    endloop
  endfacet
  facet normal 0.905349 0.424668 -0
    outer loop
      vertex -6.25816 3.97659 23
      vertex -6.25816 3.97659 24.2
      vertex -6.18553 3.82175 24.2
    endloop
  endfacet
  facet normal 0.875706 0.482845 0
    outer loop
      vertex -6.34074 4.12636 23
      vertex -6.25816 3.97659 24.2
      vertex -6.25816 3.97659 23
    endloop
  endfacet
  facet normal 0.875706 0.482845 -0
    outer loop
      vertex -6.34074 4.12636 23
      vertex -6.34074 4.12636 24.2
      vertex -6.25816 3.97659 24.2
    endloop
  endfacet
  facet normal 0.842207 0.539155 0
    outer loop
      vertex -6.43295 4.2704 23
      vertex -6.34074 4.12636 24.2
      vertex -6.34074 4.12636 23
    endloop
  endfacet
  facet normal 0.842207 0.539155 -0
    outer loop
      vertex -6.43295 4.2704 23
      vertex -6.43295 4.2704 24.2
      vertex -6.34074 4.12636 24.2
    endloop
  endfacet
  facet normal 0.805141 0.593083 0
    outer loop
      vertex -6.53439 4.40811 23
      vertex -6.43295 4.2704 24.2
      vertex -6.43295 4.2704 23
    endloop
  endfacet
  facet normal 0.805141 0.593083 -0
    outer loop
      vertex -6.53439 4.40811 23
      vertex -6.53439 4.40811 24.2
      vertex -6.43295 4.2704 24.2
    endloop
  endfacet
  facet normal 0.764629 0.644471 0
    outer loop
      vertex -6.64461 4.53888 23
      vertex -6.53439 4.40811 24.2
      vertex -6.53439 4.40811 23
    endloop
  endfacet
  facet normal 0.764629 0.644471 -0
    outer loop
      vertex -6.64461 4.53888 23
      vertex -6.64461 4.53888 24.2
      vertex -6.53439 4.40811 24.2
    endloop
  endfacet
  facet normal 0.720857 0.693084 0
    outer loop
      vertex -6.76315 4.66217 23
      vertex -6.64461 4.53888 24.2
      vertex -6.64461 4.53888 23
    endloop
  endfacet
  facet normal 0.720857 0.693084 -0
    outer loop
      vertex -6.76315 4.66217 23
      vertex -6.76315 4.66217 24.2
      vertex -6.64461 4.53888 24.2
    endloop
  endfacet
  facet normal 0.673973 0.738756 0
    outer loop
      vertex -6.8895 4.77744 23
      vertex -6.76315 4.66217 24.2
      vertex -6.76315 4.66217 23
    endloop
  endfacet
  facet normal 0.673973 0.738756 -0
    outer loop
      vertex -6.8895 4.77744 23
      vertex -6.8895 4.77744 24.2
      vertex -6.76315 4.66217 24.2
    endloop
  endfacet
  facet normal 0.62421 0.781257 0
    outer loop
      vertex -7.02312 4.8842 23
      vertex -6.8895 4.77744 24.2
      vertex -6.8895 4.77744 23
    endloop
  endfacet
  facet normal 0.62421 0.781257 -0
    outer loop
      vertex -7.02312 4.8842 23
      vertex -7.02312 4.8842 24.2
      vertex -6.8895 4.77744 24.2
    endloop
  endfacet
  facet normal 0.571813 0.820384 0
    outer loop
      vertex -7.16342 4.98199 23
      vertex -7.02312 4.8842 24.2
      vertex -7.02312 4.8842 23
    endloop
  endfacet
  facet normal 0.571813 0.820384 -0
    outer loop
      vertex -7.16342 4.98199 23
      vertex -7.16342 4.98199 24.2
      vertex -7.02312 4.8842 24.2
    endloop
  endfacet
  facet normal 0.516918 0.856035 0
    outer loop
      vertex -7.30983 5.0704 23
      vertex -7.16342 4.98199 24.2
      vertex -7.16342 4.98199 23
    endloop
  endfacet
  facet normal 0.516918 0.856035 -0
    outer loop
      vertex -7.30983 5.0704 23
      vertex -7.30983 5.0704 24.2
      vertex -7.16342 4.98199 24.2
    endloop
  endfacet
  facet normal 0.459868 0.887987 0
    outer loop
      vertex -7.4617 5.14905 23
      vertex -7.30983 5.0704 24.2
      vertex -7.30983 5.0704 23
    endloop
  endfacet
  facet normal 0.459868 0.887987 -0
    outer loop
      vertex -7.4617 5.14905 23
      vertex -7.4617 5.14905 24.2
      vertex -7.30983 5.0704 24.2
    endloop
  endfacet
  facet normal 0.400669 0.916223 0
    outer loop
      vertex -7.61841 5.21758 23
      vertex -7.4617 5.14905 24.2
      vertex -7.4617 5.14905 23
    endloop
  endfacet
  facet normal 0.400669 0.916223 -0
    outer loop
      vertex -7.61841 5.21758 23
      vertex -7.61841 5.21758 24.2
      vertex -7.4617 5.14905 24.2
    endloop
  endfacet
  facet normal 0.340001 0.940425 0
    outer loop
      vertex -7.77925 5.27573 23
      vertex -7.61841 5.21758 24.2
      vertex -7.61841 5.21758 23
    endloop
  endfacet
  facet normal 0.340001 0.940425 -0
    outer loop
      vertex -7.77925 5.27573 23
      vertex -7.77925 5.27573 24.2
      vertex -7.61841 5.21758 24.2
    endloop
  endfacet
  facet normal 0.277747 0.960654 0
    outer loop
      vertex -7.94354 5.32323 23
      vertex -7.77925 5.27573 24.2
      vertex -7.77925 5.27573 23
    endloop
  endfacet
  facet normal 0.277747 0.960654 -0
    outer loop
      vertex -7.94354 5.32323 23
      vertex -7.94354 5.32323 24.2
      vertex -7.77925 5.27573 24.2
    endloop
  endfacet
  facet normal 0.214286 0.976771 0
    outer loop
      vertex -8.1106 5.35988 23
      vertex -7.94354 5.32323 24.2
      vertex -7.94354 5.32323 23
    endloop
  endfacet
  facet normal 0.214286 0.976771 -0
    outer loop
      vertex -8.1106 5.35988 23
      vertex -8.1106 5.35988 24.2
      vertex -7.94354 5.32323 24.2
    endloop
  endfacet
  facet normal 0.149979 0.988689 0
    outer loop
      vertex -8.27969 5.38553 23
      vertex -8.1106 5.35988 24.2
      vertex -8.1106 5.35988 23
    endloop
  endfacet
  facet normal 0.149979 0.988689 -0
    outer loop
      vertex -8.27969 5.38553 23
      vertex -8.27969 5.38553 24.2
      vertex -8.1106 5.35988 24.2
    endloop
  endfacet
  facet normal 0.0850147 0.99638 0
    outer loop
      vertex -8.4501 5.40007 23
      vertex -8.27969 5.38553 24.2
      vertex -8.27969 5.38553 23
    endloop
  endfacet
  facet normal 0.0850147 0.99638 -0
    outer loop
      vertex -8.4501 5.40007 23
      vertex -8.4501 5.40007 24.2
      vertex -8.27969 5.38553 24.2
    endloop
  endfacet
  facet normal 0.0196442 0.999807 0
    outer loop
      vertex -8.62111 5.40343 23
      vertex -8.4501 5.40007 24.2
      vertex -8.4501 5.40007 23
    endloop
  endfacet
  facet normal 0.0196442 0.999807 -0
    outer loop
      vertex -8.62111 5.40343 23
      vertex -8.62111 5.40343 24.2
      vertex -8.4501 5.40007 24.2
    endloop
  endfacet
  facet normal -0.045901 0.998946 0
    outer loop
      vertex -8.79195 5.39558 23
      vertex -8.62111 5.40343 24.2
      vertex -8.62111 5.40343 23
    endloop
  endfacet
  facet normal -0.045901 0.998946 0
    outer loop
      vertex -8.79195 5.39558 23
      vertex -8.79195 5.39558 24.2
      vertex -8.62111 5.40343 24.2
    endloop
  endfacet
  facet normal -0.110971 0.993824 0
    outer loop
      vertex -8.96193 5.3766 23
      vertex -8.79195 5.39558 24.2
      vertex -8.79195 5.39558 23
    endloop
  endfacet
  facet normal -0.110971 0.993824 0
    outer loop
      vertex -8.96193 5.3766 23
      vertex -8.96193 5.3766 24.2
      vertex -8.79195 5.39558 24.2
    endloop
  endfacet
  facet normal -0.175823 0.984422 0
    outer loop
      vertex -9.13029 5.34653 23
      vertex -8.96193 5.3766 24.2
      vertex -8.96193 5.3766 23
    endloop
  endfacet
  facet normal -0.175823 0.984422 0
    outer loop
      vertex -9.13029 5.34653 23
      vertex -9.13029 5.34653 24.2
      vertex -8.96193 5.3766 24.2
    endloop
  endfacet
  facet normal -0.239838 0.970813 0
    outer loop
      vertex -9.29633 5.30551 23
      vertex -9.13029 5.34653 24.2
      vertex -9.13029 5.34653 23
    endloop
  endfacet
  facet normal -0.239838 0.970813 0
    outer loop
      vertex -9.29633 5.30551 23
      vertex -9.29633 5.30551 24.2
      vertex -9.13029 5.34653 24.2
    endloop
  endfacet
  facet normal -0.30269 0.953089 0
    outer loop
      vertex -9.45934 5.25374 23
      vertex -9.29633 5.30551 24.2
      vertex -9.29633 5.30551 23
    endloop
  endfacet
  facet normal -0.30269 0.953089 0
    outer loop
      vertex -9.45934 5.25374 23
      vertex -9.45934 5.25374 24.2
      vertex -9.29633 5.30551 24.2
    endloop
  endfacet
  facet normal -0.364576 0.931174 0
    outer loop
      vertex -9.61859 5.19139 23
      vertex -9.45934 5.25374 24.2
      vertex -9.45934 5.25374 23
    endloop
  endfacet
  facet normal -0.364576 0.931174 0
    outer loop
      vertex -9.61859 5.19139 23
      vertex -9.61859 5.19139 24.2
      vertex -9.45934 5.25374 24.2
    endloop
  endfacet
  facet normal -0.424597 0.905382 0
    outer loop
      vertex -9.77344 5.11877 23
      vertex -9.61859 5.19139 24.2
      vertex -9.61859 5.19139 23
    endloop
  endfacet
  facet normal -0.424597 0.905382 0
    outer loop
      vertex -9.77344 5.11877 23
      vertex -9.77344 5.11877 24.2
      vertex -9.61859 5.19139 24.2
    endloop
  endfacet
  facet normal -0.48287 0.875692 0
    outer loop
      vertex -9.9232 5.03619 23
      vertex -9.77344 5.11877 24.2
      vertex -9.77344 5.11877 23
    endloop
  endfacet
  facet normal -0.48287 0.875692 0
    outer loop
      vertex -9.9232 5.03619 23
      vertex -9.9232 5.03619 24.2
      vertex -9.77344 5.11877 24.2
    endloop
  endfacet
  facet normal -0.539261 0.842139 0
    outer loop
      vertex -10.0672 4.94398 23
      vertex -9.9232 5.03619 24.2
      vertex -9.9232 5.03619 23
    endloop
  endfacet
  facet normal -0.539261 0.842139 0
    outer loop
      vertex -10.0672 4.94398 23
      vertex -10.0672 4.94398 24.2
      vertex -9.9232 5.03619 24.2
    endloop
  endfacet
  facet normal -0.592832 0.805326 0
    outer loop
      vertex -10.205 4.84254 23
      vertex -10.0672 4.94398 24.2
      vertex -10.0672 4.94398 23
    endloop
  endfacet
  facet normal -0.592832 0.805326 0
    outer loop
      vertex -10.205 4.84254 23
      vertex -10.205 4.84254 24.2
      vertex -10.0672 4.94398 24.2
    endloop
  endfacet
  facet normal -0.644638 0.764488 0
    outer loop
      vertex -10.3357 4.73233 23
      vertex -10.205 4.84254 24.2
      vertex -10.205 4.84254 23
    endloop
  endfacet
  facet normal -0.644638 0.764488 0
    outer loop
      vertex -10.3357 4.73233 23
      vertex -10.3357 4.73233 24.2
      vertex -10.205 4.84254 24.2
    endloop
  endfacet
  facet normal -0.693085 0.720856 0
    outer loop
      vertex -10.459 4.61378 23
      vertex -10.3357 4.73233 24.2
      vertex -10.3357 4.73233 23
    endloop
  endfacet
  facet normal -0.693085 0.720856 0
    outer loop
      vertex -10.459 4.61378 23
      vertex -10.459 4.61378 24.2
      vertex -10.3357 4.73233 24.2
    endloop
  endfacet
  facet normal -0.738642 0.674097 0
    outer loop
      vertex -10.5743 4.48744 23
      vertex -10.459 4.61378 24.2
      vertex -10.459 4.61378 23
    endloop
  endfacet
  facet normal -0.738642 0.674097 0
    outer loop
      vertex -10.5743 4.48744 23
      vertex -10.5743 4.48744 24.2
      vertex -10.459 4.61378 24.2
    endloop
  endfacet
  facet normal -0.781428 0.623996 0
    outer loop
      vertex -10.681 4.35382 23
      vertex -10.5743 4.48744 24.2
      vertex -10.5743 4.48744 23
    endloop
  endfacet
  facet normal -0.781428 0.623996 0
    outer loop
      vertex -10.681 4.35382 23
      vertex -10.681 4.35382 24.2
      vertex -10.5743 4.48744 24.2
    endloop
  endfacet
  facet normal -0.820357 0.571852 0
    outer loop
      vertex -10.7788 4.21352 23
      vertex -10.681 4.35382 24.2
      vertex -10.681 4.35382 23
    endloop
  endfacet
  facet normal -0.820357 0.571852 0
    outer loop
      vertex -10.7788 4.21352 23
      vertex -10.7788 4.21352 24.2
      vertex -10.681 4.35382 24.2
    endloop
  endfacet
  facet normal -0.856061 0.516876 0
    outer loop
      vertex -10.8672 4.06711 23
      vertex -10.7788 4.21352 24.2
      vertex -10.7788 4.21352 23
    endloop
  endfacet
  facet normal -0.856061 0.516876 0
    outer loop
      vertex -10.8672 4.06711 23
      vertex -10.8672 4.06711 24.2
      vertex -10.7788 4.21352 24.2
    endloop
  endfacet
  facet normal -0.887893 0.460051 0
    outer loop
      vertex -10.9459 3.91522 23
      vertex -10.8672 4.06711 24.2
      vertex -10.8672 4.06711 23
    endloop
  endfacet
  facet normal -0.887893 0.460051 0
    outer loop
      vertex -10.9459 3.91522 23
      vertex -10.9459 3.91522 24.2
      vertex -10.8672 4.06711 24.2
    endloop
  endfacet
  facet normal -0.916269 0.400564 0
    outer loop
      vertex -11.0144 3.75853 23
      vertex -10.9459 3.91522 24.2
      vertex -10.9459 3.91522 23
    endloop
  endfacet
  facet normal -0.916269 0.400564 0
    outer loop
      vertex -11.0144 3.75853 23
      vertex -11.0144 3.75853 24.2
      vertex -10.9459 3.91522 24.2
    endloop
  endfacet
  facet normal -0.940332 0.340259 0
    outer loop
      vertex -11.0726 3.59769 23
      vertex -11.0144 3.75853 24.2
      vertex -11.0144 3.75853 23
    endloop
  endfacet
  facet normal -0.940332 0.340259 0
    outer loop
      vertex -11.0726 3.59769 23
      vertex -11.0726 3.59769 24.2
      vertex -11.0144 3.75853 24.2
    endloop
  endfacet
  facet normal -0.960654 0.277747 0
    outer loop
      vertex -11.1201 3.4334 23
      vertex -11.0726 3.59769 24.2
      vertex -11.0726 3.59769 23
    endloop
  endfacet
  facet normal -0.960654 0.277747 0
    outer loop
      vertex -11.1201 3.4334 23
      vertex -11.1201 3.4334 24.2
      vertex -11.0726 3.59769 24.2
    endloop
  endfacet
  facet normal -0.976832 0.214007 0
    outer loop
      vertex -11.1567 3.26634 23
      vertex -11.1201 3.4334 24.2
      vertex -11.1201 3.4334 23
    endloop
  endfacet
  facet normal -0.976832 0.214007 0
    outer loop
      vertex -11.1567 3.26634 23
      vertex -11.1567 3.26634 24.2
      vertex -11.1201 3.4334 24.2
    endloop
  endfacet
  facet normal -0.988647 0.150256 0
    outer loop
      vertex -11.1824 3.09724 23
      vertex -11.1567 3.26634 24.2
      vertex -11.1567 3.26634 23
    endloop
  endfacet
  facet normal -0.988647 0.150256 0
    outer loop
      vertex -11.1824 3.09724 23
      vertex -11.1824 3.09724 24.2
      vertex -11.1567 3.26634 24.2
    endloop
  endfacet
  facet normal -0.996399 0.0847825 0
    outer loop
      vertex -11.1969 2.92683 23
      vertex -11.1824 3.09724 24.2
      vertex -11.1824 3.09724 23
    endloop
  endfacet
  facet normal -0.996399 0.0847825 0
    outer loop
      vertex -11.1969 2.92683 23
      vertex -11.1969 2.92683 24.2
      vertex -11.1824 3.09724 24.2
    endloop
  endfacet
  facet normal -0.999802 0.0198791 0
    outer loop
      vertex -11.2003 2.75583 23
      vertex -11.1969 2.92683 24.2
      vertex -11.1969 2.92683 23
    endloop
  endfacet
  facet normal -0.999802 0.0198791 0
    outer loop
      vertex -11.2003 2.75583 23
      vertex -11.2003 2.75583 24.2
      vertex -11.1969 2.92683 24.2
    endloop
  endfacet
  facet normal -0.998933 -0.0461927 0
    outer loop
      vertex -11.1924 2.58499 23
      vertex -11.2003 2.75583 24.2
      vertex -11.2003 2.75583 23
    endloop
  endfacet
  facet normal -0.998933 -0.0461927 0
    outer loop
      vertex -11.1924 2.58499 23
      vertex -11.1924 2.58499 24.2
      vertex -11.2003 2.75583 24.2
    endloop
  endfacet
  facet normal -0.993811 -0.111086 0
    outer loop
      vertex -11.1734 2.41501 23
      vertex -11.1924 2.58499 24.2
      vertex -11.1924 2.58499 23
    endloop
  endfacet
  facet normal -0.993811 -0.111086 0
    outer loop
      vertex -11.1734 2.41501 23
      vertex -11.1734 2.41501 24.2
      vertex -11.1924 2.58499 24.2
    endloop
  endfacet
  facet normal -0.984494 -0.175416 0
    outer loop
      vertex -11.1434 2.24664 23
      vertex -11.1734 2.41501 24.2
      vertex -11.1734 2.41501 23
    endloop
  endfacet
  facet normal -0.984494 -0.175416 0
    outer loop
      vertex -11.1434 2.24664 23
      vertex -11.1434 2.24664 24.2
      vertex -11.1734 2.41501 24.2
    endloop
  endfacet
  facet normal -0.970837 -0.239742 0
    outer loop
      vertex -11.1024 2.08061 23
      vertex -11.1434 2.24664 24.2
      vertex -11.1434 2.24664 23
    endloop
  endfacet
  facet normal -0.970837 -0.239742 0
    outer loop
      vertex -11.1024 2.08061 23
      vertex -11.1024 2.08061 24.2
      vertex -11.1434 2.24664 24.2
    endloop
  endfacet
  facet normal -0.953039 -0.302849 0
    outer loop
      vertex -11.0506 1.9176 23
      vertex -11.1024 2.08061 24.2
      vertex -11.1024 2.08061 23
    endloop
  endfacet
  facet normal -0.953039 -0.302849 0
    outer loop
      vertex -11.0506 1.9176 23
      vertex -11.0506 1.9176 24.2
      vertex -11.1024 2.08061 24.2
    endloop
  endfacet
  facet normal -0.931273 -0.364322 0
    outer loop
      vertex -10.9883 1.75835 23
      vertex -11.0506 1.9176 24.2
      vertex -11.0506 1.9176 23
    endloop
  endfacet
  facet normal -0.931273 -0.364322 0
    outer loop
      vertex -10.9883 1.75835 23
      vertex -10.9883 1.75835 24.2
      vertex -11.0506 1.9176 24.2
    endloop
  endfacet
  facet normal -0.905203 -0.42498 0
    outer loop
      vertex -10.9156 1.6035 23
      vertex -10.9883 1.75835 24.2
      vertex -10.9883 1.75835 23
    endloop
  endfacet
  facet normal -0.905203 -0.42498 0
    outer loop
      vertex -10.9156 1.6035 23
      vertex -10.9156 1.6035 24.2
      vertex -10.9883 1.75835 24.2
    endloop
  endfacet
  facet normal -0.875642 -0.48296 0
    outer loop
      vertex -10.833 1.45374 23
      vertex -10.9156 1.6035 24.2
      vertex -10.9156 1.6035 23
    endloop
  endfacet
  facet normal -0.875642 -0.48296 0
    outer loop
      vertex -10.833 1.45374 23
      vertex -10.833 1.45374 24.2
      vertex -10.9156 1.6035 24.2
    endloop
  endfacet
  facet normal -0.84225 -0.539087 0
    outer loop
      vertex -10.7408 1.30969 23
      vertex -10.833 1.45374 24.2
      vertex -10.833 1.45374 23
    endloop
  endfacet
  facet normal -0.84225 -0.539087 0
    outer loop
      vertex -10.7408 1.30969 23
      vertex -10.7408 1.30969 24.2
      vertex -10.833 1.45374 24.2
    endloop
  endfacet
  facet normal -0.805253 -0.592932 0
    outer loop
      vertex -10.6394 1.17198 23
      vertex -10.7408 1.30969 24.2
      vertex -10.7408 1.30969 23
    endloop
  endfacet
  facet normal -0.805253 -0.592932 0
    outer loop
      vertex -10.6394 1.17198 23
      vertex -10.6394 1.17198 24.2
      vertex -10.7408 1.30969 24.2
    endloop
  endfacet
  facet normal -0.764711 -0.644373 0
    outer loop
      vertex -10.5292 1.0412 23
      vertex -10.6394 1.17198 24.2
      vertex -10.6394 1.17198 23
    endloop
  endfacet
  facet normal -0.764711 -0.644373 0
    outer loop
      vertex -10.5292 1.0412 23
      vertex -10.5292 1.0412 24.2
      vertex -10.6394 1.17198 24.2
    endloop
  endfacet
  facet normal -0.720645 -0.693304 0
    outer loop
      vertex -10.4106 0.917923 23
      vertex -10.5292 1.0412 24.2
      vertex -10.5292 1.0412 23
    endloop
  endfacet
  facet normal -0.720645 -0.693304 0
    outer loop
      vertex -10.4106 0.917923 23
      vertex -10.4106 0.917923 24.2
      vertex -10.5292 1.0412 24.2
    endloop
  endfacet
  facet normal -0.67415 -0.738594 0
    outer loop
      vertex -10.2843 0.802643 23
      vertex -10.4106 0.917923 24.2
      vertex -10.4106 0.917923 23
    endloop
  endfacet
  facet normal -0.67415 -0.738594 0
    outer loop
      vertex -10.2843 0.802643 23
      vertex -10.2843 0.802643 24.2
      vertex -10.4106 0.917923 24.2
    endloop
  endfacet
  facet normal -0.624235 -0.781237 0
    outer loop
      vertex -10.1507 0.695892 23
      vertex -10.2843 0.802643 24.2
      vertex -10.2843 0.802643 23
    endloop
  endfacet
  facet normal -0.624235 -0.781237 0
    outer loop
      vertex -10.1507 0.695892 23
      vertex -10.1507 0.695892 24.2
      vertex -10.2843 0.802643 24.2
    endloop
  endfacet
  facet normal -0.571825 -0.820376 0
    outer loop
      vertex -10.0104 0.598099 23
      vertex -10.1507 0.695892 24.2
      vertex -10.1507 0.695892 23
    endloop
  endfacet
  facet normal -0.571825 -0.820376 0
    outer loop
      vertex -10.0104 0.598099 23
      vertex -10.0104 0.598099 24.2
      vertex -10.1507 0.695892 24.2
    endloop
  endfacet
  facet normal -0.516815 -0.856097 0
    outer loop
      vertex -9.86395 0.509689 23
      vertex -10.0104 0.598099 24.2
      vertex -10.0104 0.598099 23
    endloop
  endfacet
  facet normal -0.516815 -0.856097 0
    outer loop
      vertex -9.86395 0.509689 23
      vertex -9.86395 0.509689 24.2
      vertex -10.0104 0.598099 24.2
    endloop
  endfacet
  facet normal -0.459836 -0.888004 0
    outer loop
      vertex -9.71208 0.431046 23
      vertex -9.86395 0.509689 24.2
      vertex -9.86395 0.509689 23
    endloop
  endfacet
  facet normal -0.459836 -0.888004 0
    outer loop
      vertex -9.71208 0.431046 23
      vertex -9.71208 0.431046 24.2
      vertex -9.86395 0.509689 24.2
    endloop
  endfacet
  facet normal -0.400732 -0.916195 0
    outer loop
      vertex -9.55537 0.362503 23
      vertex -9.71208 0.431046 24.2
      vertex -9.71208 0.431046 23
    endloop
  endfacet
  facet normal -0.400732 -0.916195 0
    outer loop
      vertex -9.55537 0.362503 23
      vertex -9.55537 0.362503 24.2
      vertex -9.71208 0.431046 24.2
    endloop
  endfacet
  facet normal -0.339928 -0.940451 0
    outer loop
      vertex -9.39453 0.304367 23
      vertex -9.55537 0.362503 24.2
      vertex -9.55537 0.362503 23
    endloop
  endfacet
  facet normal -0.339928 -0.940451 0
    outer loop
      vertex -9.39453 0.304367 23
      vertex -9.39453 0.304367 24.2
      vertex -9.55537 0.362503 24.2
    endloop
  endfacet
  facet normal -0.277753 -0.960653 0
    outer loop
      vertex -9.23024 0.256866 23
      vertex -9.39453 0.304367 24.2
      vertex -9.39453 0.304367 23
    endloop
  endfacet
  facet normal -0.277753 -0.960653 0
    outer loop
      vertex -9.23024 0.256866 23
      vertex -9.23024 0.256866 24.2
      vertex -9.39453 0.304367 24.2
    endloop
  endfacet
  facet normal -0.214304 -0.976767 0
    outer loop
      vertex -9.06319 0.220215 23
      vertex -9.23024 0.256866 24.2
      vertex -9.23024 0.256866 23
    endloop
  endfacet
  facet normal -0.214304 -0.976767 0
    outer loop
      vertex -9.06319 0.220215 23
      vertex -9.06319 0.220215 24.2
      vertex -9.23024 0.256866 24.2
    endloop
  endfacet
  facet normal -0.14997 -0.988691 0
    outer loop
      vertex -8.89409 0.194565 23
      vertex -9.06319 0.220215 24.2
      vertex -9.06319 0.220215 23
    endloop
  endfacet
  facet normal -0.14997 -0.988691 0
    outer loop
      vertex -8.89409 0.194565 23
      vertex -8.89409 0.194565 24.2
      vertex -9.06319 0.220215 24.2
    endloop
  endfacet
  facet normal -0.0850263 -0.996379 0
    outer loop
      vertex -8.72368 0.180023 23
      vertex -8.89409 0.194565 24.2
      vertex -8.89409 0.194565 23
    endloop
  endfacet
  facet normal -0.0850263 -0.996379 0
    outer loop
      vertex -8.72368 0.180023 23
      vertex -8.72368 0.180023 24.2
      vertex -8.89409 0.194565 24.2
    endloop
  endfacet
  facet normal -0.0196266 -0.999807 0
    outer loop
      vertex -8.55267 0.176666 23
      vertex -8.72368 0.180023 24.2
      vertex -8.72368 0.180023 23
    endloop
  endfacet
  facet normal -0.0196266 -0.999807 0
    outer loop
      vertex -8.55267 0.176666 23
      vertex -8.55267 0.176666 24.2
      vertex -8.72368 0.180023 24.2
    endloop
  endfacet
  facet normal 0.0458628 -0.998948 0
    outer loop
      vertex -8.38184 0.184509 23
      vertex -8.55267 0.176666 24.2
      vertex -8.55267 0.176666 23
    endloop
  endfacet
  facet normal 0.0458628 -0.998948 0
    outer loop
      vertex -8.38184 0.184509 23
      vertex -8.38184 0.184509 24.2
      vertex -8.55267 0.176666 24.2
    endloop
  endfacet
  facet normal 0.0850263 -0.996379 0
    outer loop
      vertex 8.89409 0.194565 23
      vertex 8.72368 0.180023 24.2
      vertex 8.72368 0.180023 23
    endloop
  endfacet
  facet normal 0.0850263 -0.996379 0
    outer loop
      vertex 8.89409 0.194565 23
      vertex 8.89409 0.194565 24.2
      vertex 8.72368 0.180023 24.2
    endloop
  endfacet
  facet normal 0.14997 -0.988691 0
    outer loop
      vertex 9.06319 0.220215 23
      vertex 8.89409 0.194565 24.2
      vertex 8.89409 0.194565 23
    endloop
  endfacet
  facet normal 0.14997 -0.988691 0
    outer loop
      vertex 9.06319 0.220215 23
      vertex 9.06319 0.220215 24.2
      vertex 8.89409 0.194565 24.2
    endloop
  endfacet
  facet normal 0.214304 -0.976767 0
    outer loop
      vertex 9.23024 0.256866 23
      vertex 9.06319 0.220215 24.2
      vertex 9.06319 0.220215 23
    endloop
  endfacet
  facet normal 0.214304 -0.976767 0
    outer loop
      vertex 9.23024 0.256866 23
      vertex 9.23024 0.256866 24.2
      vertex 9.06319 0.220215 24.2
    endloop
  endfacet
  facet normal 0.277753 -0.960653 0
    outer loop
      vertex 9.39453 0.304367 23
      vertex 9.23024 0.256866 24.2
      vertex 9.23024 0.256866 23
    endloop
  endfacet
  facet normal 0.277753 -0.960653 0
    outer loop
      vertex 9.39453 0.304367 23
      vertex 9.39453 0.304367 24.2
      vertex 9.23024 0.256866 24.2
    endloop
  endfacet
  facet normal 0.339928 -0.940451 0
    outer loop
      vertex 9.55537 0.362503 23
      vertex 9.39453 0.304367 24.2
      vertex 9.39453 0.304367 23
    endloop
  endfacet
  facet normal 0.339928 -0.940451 0
    outer loop
      vertex 9.55537 0.362503 23
      vertex 9.55537 0.362503 24.2
      vertex 9.39453 0.304367 24.2
    endloop
  endfacet
  facet normal 0.400732 -0.916195 0
    outer loop
      vertex 9.71208 0.431046 23
      vertex 9.55537 0.362503 24.2
      vertex 9.55537 0.362503 23
    endloop
  endfacet
  facet normal 0.400732 -0.916195 0
    outer loop
      vertex 9.71208 0.431046 23
      vertex 9.71208 0.431046 24.2
      vertex 9.55537 0.362503 24.2
    endloop
  endfacet
  facet normal 0.459836 -0.888004 0
    outer loop
      vertex 9.86395 0.509689 23
      vertex 9.71208 0.431046 24.2
      vertex 9.71208 0.431046 23
    endloop
  endfacet
  facet normal 0.459836 -0.888004 0
    outer loop
      vertex 9.86395 0.509689 23
      vertex 9.86395 0.509689 24.2
      vertex 9.71208 0.431046 24.2
    endloop
  endfacet
  facet normal 0.516815 -0.856097 0
    outer loop
      vertex 10.0104 0.598099 23
      vertex 9.86395 0.509689 24.2
      vertex 9.86395 0.509689 23
    endloop
  endfacet
  facet normal 0.516815 -0.856097 0
    outer loop
      vertex 10.0104 0.598099 23
      vertex 10.0104 0.598099 24.2
      vertex 9.86395 0.509689 24.2
    endloop
  endfacet
  facet normal 0.571825 -0.820376 0
    outer loop
      vertex 10.1507 0.695892 23
      vertex 10.0104 0.598099 24.2
      vertex 10.0104 0.598099 23
    endloop
  endfacet
  facet normal 0.571825 -0.820376 0
    outer loop
      vertex 10.1507 0.695892 23
      vertex 10.1507 0.695892 24.2
      vertex 10.0104 0.598099 24.2
    endloop
  endfacet
  facet normal 0.624235 -0.781237 0
    outer loop
      vertex 10.2843 0.802643 23
      vertex 10.1507 0.695892 24.2
      vertex 10.1507 0.695892 23
    endloop
  endfacet
  facet normal 0.624235 -0.781237 0
    outer loop
      vertex 10.2843 0.802643 23
      vertex 10.2843 0.802643 24.2
      vertex 10.1507 0.695892 24.2
    endloop
  endfacet
  facet normal 0.67415 -0.738594 0
    outer loop
      vertex 10.4106 0.917923 23
      vertex 10.2843 0.802643 24.2
      vertex 10.2843 0.802643 23
    endloop
  endfacet
  facet normal 0.67415 -0.738594 0
    outer loop
      vertex 10.4106 0.917923 23
      vertex 10.4106 0.917923 24.2
      vertex 10.2843 0.802643 24.2
    endloop
  endfacet
  facet normal 0.720645 -0.693304 0
    outer loop
      vertex 10.5292 1.0412 23
      vertex 10.4106 0.917923 24.2
      vertex 10.4106 0.917923 23
    endloop
  endfacet
  facet normal 0.720645 -0.693304 0
    outer loop
      vertex 10.5292 1.0412 23
      vertex 10.5292 1.0412 24.2
      vertex 10.4106 0.917923 24.2
    endloop
  endfacet
  facet normal 0.764711 -0.644373 0
    outer loop
      vertex 10.6394 1.17198 23
      vertex 10.5292 1.0412 24.2
      vertex 10.5292 1.0412 23
    endloop
  endfacet
  facet normal 0.764711 -0.644373 0
    outer loop
      vertex 10.6394 1.17198 23
      vertex 10.6394 1.17198 24.2
      vertex 10.5292 1.0412 24.2
    endloop
  endfacet
  facet normal 0.805253 -0.592932 0
    outer loop
      vertex 10.7408 1.30969 23
      vertex 10.6394 1.17198 24.2
      vertex 10.6394 1.17198 23
    endloop
  endfacet
  facet normal 0.805253 -0.592932 0
    outer loop
      vertex 10.7408 1.30969 23
      vertex 10.7408 1.30969 24.2
      vertex 10.6394 1.17198 24.2
    endloop
  endfacet
  facet normal 0.84225 -0.539087 0
    outer loop
      vertex 10.833 1.45374 23
      vertex 10.7408 1.30969 24.2
      vertex 10.7408 1.30969 23
    endloop
  endfacet
  facet normal 0.84225 -0.539087 0
    outer loop
      vertex 10.833 1.45374 23
      vertex 10.833 1.45374 24.2
      vertex 10.7408 1.30969 24.2
    endloop
  endfacet
  facet normal 0.875642 -0.48296 0
    outer loop
      vertex 10.9156 1.6035 23
      vertex 10.833 1.45374 24.2
      vertex 10.833 1.45374 23
    endloop
  endfacet
  facet normal 0.875642 -0.48296 0
    outer loop
      vertex 10.9156 1.6035 23
      vertex 10.9156 1.6035 24.2
      vertex 10.833 1.45374 24.2
    endloop
  endfacet
  facet normal 0.905203 -0.42498 0
    outer loop
      vertex 10.9883 1.75835 23
      vertex 10.9156 1.6035 24.2
      vertex 10.9156 1.6035 23
    endloop
  endfacet
  facet normal 0.905203 -0.42498 0
    outer loop
      vertex 10.9883 1.75835 23
      vertex 10.9883 1.75835 24.2
      vertex 10.9156 1.6035 24.2
    endloop
  endfacet
  facet normal 0.931273 -0.364322 0
    outer loop
      vertex 11.0506 1.9176 23
      vertex 10.9883 1.75835 24.2
      vertex 10.9883 1.75835 23
    endloop
  endfacet
  facet normal 0.931273 -0.364322 0
    outer loop
      vertex 11.0506 1.9176 23
      vertex 11.0506 1.9176 24.2
      vertex 10.9883 1.75835 24.2
    endloop
  endfacet
  facet normal 0.953039 -0.302849 0
    outer loop
      vertex 11.1024 2.08061 23
      vertex 11.0506 1.9176 24.2
      vertex 11.0506 1.9176 23
    endloop
  endfacet
  facet normal 0.953039 -0.302849 0
    outer loop
      vertex 11.1024 2.08061 23
      vertex 11.1024 2.08061 24.2
      vertex 11.0506 1.9176 24.2
    endloop
  endfacet
  facet normal 0.970837 -0.239742 0
    outer loop
      vertex 11.1434 2.24664 23
      vertex 11.1024 2.08061 24.2
      vertex 11.1024 2.08061 23
    endloop
  endfacet
  facet normal 0.970837 -0.239742 0
    outer loop
      vertex 11.1434 2.24664 23
      vertex 11.1434 2.24664 24.2
      vertex 11.1024 2.08061 24.2
    endloop
  endfacet
  facet normal 0.984494 -0.175416 0
    outer loop
      vertex 11.1734 2.41501 23
      vertex 11.1434 2.24664 24.2
      vertex 11.1434 2.24664 23
    endloop
  endfacet
  facet normal 0.984494 -0.175416 0
    outer loop
      vertex 11.1734 2.41501 23
      vertex 11.1734 2.41501 24.2
      vertex 11.1434 2.24664 24.2
    endloop
  endfacet
  facet normal 0.993811 -0.111086 0
    outer loop
      vertex 11.1924 2.58499 23
      vertex 11.1734 2.41501 24.2
      vertex 11.1734 2.41501 23
    endloop
  endfacet
  facet normal 0.993811 -0.111086 0
    outer loop
      vertex 11.1924 2.58499 23
      vertex 11.1924 2.58499 24.2
      vertex 11.1734 2.41501 24.2
    endloop
  endfacet
  facet normal 0.998933 -0.0461927 0
    outer loop
      vertex 11.2003 2.75583 23
      vertex 11.1924 2.58499 24.2
      vertex 11.1924 2.58499 23
    endloop
  endfacet
  facet normal 0.998933 -0.0461927 0
    outer loop
      vertex 11.2003 2.75583 23
      vertex 11.2003 2.75583 24.2
      vertex 11.1924 2.58499 24.2
    endloop
  endfacet
  facet normal 0.999802 0.0198791 0
    outer loop
      vertex 11.1969 2.92683 23
      vertex 11.2003 2.75583 24.2
      vertex 11.2003 2.75583 23
    endloop
  endfacet
  facet normal 0.999802 0.0198791 -0
    outer loop
      vertex 11.1969 2.92683 23
      vertex 11.1969 2.92683 24.2
      vertex 11.2003 2.75583 24.2
    endloop
  endfacet
  facet normal 0.996399 0.0847825 0
    outer loop
      vertex 11.1824 3.09724 23
      vertex 11.1969 2.92683 24.2
      vertex 11.1969 2.92683 23
    endloop
  endfacet
  facet normal 0.996399 0.0847825 -0
    outer loop
      vertex 11.1824 3.09724 23
      vertex 11.1824 3.09724 24.2
      vertex 11.1969 2.92683 24.2
    endloop
  endfacet
  facet normal 0.988647 0.150256 0
    outer loop
      vertex 11.1567 3.26634 23
      vertex 11.1824 3.09724 24.2
      vertex 11.1824 3.09724 23
    endloop
  endfacet
  facet normal 0.988647 0.150256 -0
    outer loop
      vertex 11.1567 3.26634 23
      vertex 11.1567 3.26634 24.2
      vertex 11.1824 3.09724 24.2
    endloop
  endfacet
  facet normal 0.976832 0.214007 0
    outer loop
      vertex 11.1201 3.4334 23
      vertex 11.1567 3.26634 24.2
      vertex 11.1567 3.26634 23
    endloop
  endfacet
  facet normal 0.976832 0.214007 -0
    outer loop
      vertex 11.1201 3.4334 23
      vertex 11.1201 3.4334 24.2
      vertex 11.1567 3.26634 24.2
    endloop
  endfacet
  facet normal 0.960654 0.277747 0
    outer loop
      vertex 11.0726 3.59769 23
      vertex 11.1201 3.4334 24.2
      vertex 11.1201 3.4334 23
    endloop
  endfacet
  facet normal 0.960654 0.277747 -0
    outer loop
      vertex 11.0726 3.59769 23
      vertex 11.0726 3.59769 24.2
      vertex 11.1201 3.4334 24.2
    endloop
  endfacet
  facet normal 0.940332 0.340259 0
    outer loop
      vertex 11.0144 3.75853 23
      vertex 11.0726 3.59769 24.2
      vertex 11.0726 3.59769 23
    endloop
  endfacet
  facet normal 0.940332 0.340259 -0
    outer loop
      vertex 11.0144 3.75853 23
      vertex 11.0144 3.75853 24.2
      vertex 11.0726 3.59769 24.2
    endloop
  endfacet
  facet normal 0.916269 0.400564 0
    outer loop
      vertex 10.9459 3.91522 23
      vertex 11.0144 3.75853 24.2
      vertex 11.0144 3.75853 23
    endloop
  endfacet
  facet normal 0.916269 0.400564 -0
    outer loop
      vertex 10.9459 3.91522 23
      vertex 10.9459 3.91522 24.2
      vertex 11.0144 3.75853 24.2
    endloop
  endfacet
  facet normal 0.887893 0.460051 0
    outer loop
      vertex 10.8672 4.06711 23
      vertex 10.9459 3.91522 24.2
      vertex 10.9459 3.91522 23
    endloop
  endfacet
  facet normal 0.887893 0.460051 -0
    outer loop
      vertex 10.8672 4.06711 23
      vertex 10.8672 4.06711 24.2
      vertex 10.9459 3.91522 24.2
    endloop
  endfacet
  facet normal 0.856061 0.516876 0
    outer loop
      vertex 10.7788 4.21352 23
      vertex 10.8672 4.06711 24.2
      vertex 10.8672 4.06711 23
    endloop
  endfacet
  facet normal 0.856061 0.516876 -0
    outer loop
      vertex 10.7788 4.21352 23
      vertex 10.7788 4.21352 24.2
      vertex 10.8672 4.06711 24.2
    endloop
  endfacet
  facet normal 0.820357 0.571852 0
    outer loop
      vertex 10.681 4.35382 23
      vertex 10.7788 4.21352 24.2
      vertex 10.7788 4.21352 23
    endloop
  endfacet
  facet normal 0.820357 0.571852 -0
    outer loop
      vertex 10.681 4.35382 23
      vertex 10.681 4.35382 24.2
      vertex 10.7788 4.21352 24.2
    endloop
  endfacet
  facet normal 0.781428 0.623996 0
    outer loop
      vertex 10.5743 4.48744 23
      vertex 10.681 4.35382 24.2
      vertex 10.681 4.35382 23
    endloop
  endfacet
  facet normal 0.781428 0.623996 -0
    outer loop
      vertex 10.5743 4.48744 23
      vertex 10.5743 4.48744 24.2
      vertex 10.681 4.35382 24.2
    endloop
  endfacet
  facet normal 0.738642 0.674097 0
    outer loop
      vertex 10.459 4.61378 23
      vertex 10.5743 4.48744 24.2
      vertex 10.5743 4.48744 23
    endloop
  endfacet
  facet normal 0.738642 0.674097 -0
    outer loop
      vertex 10.459 4.61378 23
      vertex 10.459 4.61378 24.2
      vertex 10.5743 4.48744 24.2
    endloop
  endfacet
  facet normal 0.693085 0.720856 0
    outer loop
      vertex 10.3357 4.73233 23
      vertex 10.459 4.61378 24.2
      vertex 10.459 4.61378 23
    endloop
  endfacet
  facet normal 0.693085 0.720856 -0
    outer loop
      vertex 10.3357 4.73233 23
      vertex 10.3357 4.73233 24.2
      vertex 10.459 4.61378 24.2
    endloop
  endfacet
  facet normal 0.644638 0.764488 0
    outer loop
      vertex 10.205 4.84254 23
      vertex 10.3357 4.73233 24.2
      vertex 10.3357 4.73233 23
    endloop
  endfacet
  facet normal 0.644638 0.764488 -0
    outer loop
      vertex 10.205 4.84254 23
      vertex 10.205 4.84254 24.2
      vertex 10.3357 4.73233 24.2
    endloop
  endfacet
  facet normal 0.592832 0.805326 0
    outer loop
      vertex 10.0672 4.94398 23
      vertex 10.205 4.84254 24.2
      vertex 10.205 4.84254 23
    endloop
  endfacet
  facet normal 0.592832 0.805326 -0
    outer loop
      vertex 10.0672 4.94398 23
      vertex 10.0672 4.94398 24.2
      vertex 10.205 4.84254 24.2
    endloop
  endfacet
  facet normal 0.539261 0.842139 0
    outer loop
      vertex 9.9232 5.03619 23
      vertex 10.0672 4.94398 24.2
      vertex 10.0672 4.94398 23
    endloop
  endfacet
  facet normal 0.539261 0.842139 -0
    outer loop
      vertex 9.9232 5.03619 23
      vertex 9.9232 5.03619 24.2
      vertex 10.0672 4.94398 24.2
    endloop
  endfacet
  facet normal 0.48287 0.875692 0
    outer loop
      vertex 9.77344 5.11877 23
      vertex 9.9232 5.03619 24.2
      vertex 9.9232 5.03619 23
    endloop
  endfacet
  facet normal 0.48287 0.875692 -0
    outer loop
      vertex 9.77344 5.11877 23
      vertex 9.77344 5.11877 24.2
      vertex 9.9232 5.03619 24.2
    endloop
  endfacet
  facet normal 0.424597 0.905382 0
    outer loop
      vertex 9.61859 5.19139 23
      vertex 9.77344 5.11877 24.2
      vertex 9.77344 5.11877 23
    endloop
  endfacet
  facet normal 0.424597 0.905382 -0
    outer loop
      vertex 9.61859 5.19139 23
      vertex 9.61859 5.19139 24.2
      vertex 9.77344 5.11877 24.2
    endloop
  endfacet
  facet normal 0.364576 0.931174 0
    outer loop
      vertex 9.45934 5.25374 23
      vertex 9.61859 5.19139 24.2
      vertex 9.61859 5.19139 23
    endloop
  endfacet
  facet normal 0.364576 0.931174 -0
    outer loop
      vertex 9.45934 5.25374 23
      vertex 9.45934 5.25374 24.2
      vertex 9.61859 5.19139 24.2
    endloop
  endfacet
  facet normal 0.30269 0.953089 0
    outer loop
      vertex 9.29633 5.30551 23
      vertex 9.45934 5.25374 24.2
      vertex 9.45934 5.25374 23
    endloop
  endfacet
  facet normal 0.30269 0.953089 -0
    outer loop
      vertex 9.29633 5.30551 23
      vertex 9.29633 5.30551 24.2
      vertex 9.45934 5.25374 24.2
    endloop
  endfacet
  facet normal 0.239838 0.970813 0
    outer loop
      vertex 9.13029 5.34653 23
      vertex 9.29633 5.30551 24.2
      vertex 9.29633 5.30551 23
    endloop
  endfacet
  facet normal 0.239838 0.970813 -0
    outer loop
      vertex 9.13029 5.34653 23
      vertex 9.13029 5.34653 24.2
      vertex 9.29633 5.30551 24.2
    endloop
  endfacet
  facet normal 0.175823 0.984422 0
    outer loop
      vertex 8.96193 5.3766 23
      vertex 9.13029 5.34653 24.2
      vertex 9.13029 5.34653 23
    endloop
  endfacet
  facet normal 0.175823 0.984422 -0
    outer loop
      vertex 8.96193 5.3766 23
      vertex 8.96193 5.3766 24.2
      vertex 9.13029 5.34653 24.2
    endloop
  endfacet
  facet normal 0.110971 0.993824 0
    outer loop
      vertex 8.79195 5.39558 23
      vertex 8.96193 5.3766 24.2
      vertex 8.96193 5.3766 23
    endloop
  endfacet
  facet normal 0.110971 0.993824 -0
    outer loop
      vertex 8.79195 5.39558 23
      vertex 8.79195 5.39558 24.2
      vertex 8.96193 5.3766 24.2
    endloop
  endfacet
  facet normal 0.045901 0.998946 0
    outer loop
      vertex 8.62111 5.40343 23
      vertex 8.79195 5.39558 24.2
      vertex 8.79195 5.39558 23
    endloop
  endfacet
  facet normal 0.045901 0.998946 -0
    outer loop
      vertex 8.62111 5.40343 23
      vertex 8.62111 5.40343 24.2
      vertex 8.79195 5.39558 24.2
    endloop
  endfacet
  facet normal -0.0196442 0.999807 0
    outer loop
      vertex 8.4501 5.40007 23
      vertex 8.62111 5.40343 24.2
      vertex 8.62111 5.40343 23
    endloop
  endfacet
  facet normal -0.0196442 0.999807 0
    outer loop
      vertex 8.4501 5.40007 23
      vertex 8.4501 5.40007 24.2
      vertex 8.62111 5.40343 24.2
    endloop
  endfacet
  facet normal -0.0850147 0.99638 0
    outer loop
      vertex 8.27969 5.38553 23
      vertex 8.4501 5.40007 24.2
      vertex 8.4501 5.40007 23
    endloop
  endfacet
  facet normal -0.0850147 0.99638 0
    outer loop
      vertex 8.27969 5.38553 23
      vertex 8.27969 5.38553 24.2
      vertex 8.4501 5.40007 24.2
    endloop
  endfacet
  facet normal -0.149979 0.988689 0
    outer loop
      vertex 8.1106 5.35988 23
      vertex 8.27969 5.38553 24.2
      vertex 8.27969 5.38553 23
    endloop
  endfacet
  facet normal -0.149979 0.988689 0
    outer loop
      vertex 8.1106 5.35988 23
      vertex 8.1106 5.35988 24.2
      vertex 8.27969 5.38553 24.2
    endloop
  endfacet
  facet normal -0.214286 0.976771 0
    outer loop
      vertex 7.94354 5.32323 23
      vertex 8.1106 5.35988 24.2
      vertex 8.1106 5.35988 23
    endloop
  endfacet
  facet normal -0.214286 0.976771 0
    outer loop
      vertex 7.94354 5.32323 23
      vertex 7.94354 5.32323 24.2
      vertex 8.1106 5.35988 24.2
    endloop
  endfacet
  facet normal -0.277747 0.960654 0
    outer loop
      vertex 7.77925 5.27573 23
      vertex 7.94354 5.32323 24.2
      vertex 7.94354 5.32323 23
    endloop
  endfacet
  facet normal -0.277747 0.960654 0
    outer loop
      vertex 7.77925 5.27573 23
      vertex 7.77925 5.27573 24.2
      vertex 7.94354 5.32323 24.2
    endloop
  endfacet
  facet normal -0.340001 0.940425 0
    outer loop
      vertex 7.61841 5.21758 23
      vertex 7.77925 5.27573 24.2
      vertex 7.77925 5.27573 23
    endloop
  endfacet
  facet normal -0.340001 0.940425 0
    outer loop
      vertex 7.61841 5.21758 23
      vertex 7.61841 5.21758 24.2
      vertex 7.77925 5.27573 24.2
    endloop
  endfacet
  facet normal -0.400669 0.916223 0
    outer loop
      vertex 7.4617 5.14905 23
      vertex 7.61841 5.21758 24.2
      vertex 7.61841 5.21758 23
    endloop
  endfacet
  facet normal -0.400669 0.916223 0
    outer loop
      vertex 7.4617 5.14905 23
      vertex 7.4617 5.14905 24.2
      vertex 7.61841 5.21758 24.2
    endloop
  endfacet
  facet normal -0.459868 0.887987 0
    outer loop
      vertex 7.30983 5.0704 23
      vertex 7.4617 5.14905 24.2
      vertex 7.4617 5.14905 23
    endloop
  endfacet
  facet normal -0.459868 0.887987 0
    outer loop
      vertex 7.30983 5.0704 23
      vertex 7.30983 5.0704 24.2
      vertex 7.4617 5.14905 24.2
    endloop
  endfacet
  facet normal -0.516918 0.856035 0
    outer loop
      vertex 7.16342 4.98199 23
      vertex 7.30983 5.0704 24.2
      vertex 7.30983 5.0704 23
    endloop
  endfacet
  facet normal -0.516918 0.856035 0
    outer loop
      vertex 7.16342 4.98199 23
      vertex 7.16342 4.98199 24.2
      vertex 7.30983 5.0704 24.2
    endloop
  endfacet
  facet normal -0.571813 0.820384 0
    outer loop
      vertex 7.02312 4.8842 23
      vertex 7.16342 4.98199 24.2
      vertex 7.16342 4.98199 23
    endloop
  endfacet
  facet normal -0.571813 0.820384 0
    outer loop
      vertex 7.02312 4.8842 23
      vertex 7.02312 4.8842 24.2
      vertex 7.16342 4.98199 24.2
    endloop
  endfacet
  facet normal -0.62421 0.781257 0
    outer loop
      vertex 6.8895 4.77744 23
      vertex 7.02312 4.8842 24.2
      vertex 7.02312 4.8842 23
    endloop
  endfacet
  facet normal -0.62421 0.781257 0
    outer loop
      vertex 6.8895 4.77744 23
      vertex 6.8895 4.77744 24.2
      vertex 7.02312 4.8842 24.2
    endloop
  endfacet
  facet normal -0.673973 0.738756 0
    outer loop
      vertex 6.76315 4.66217 23
      vertex 6.8895 4.77744 24.2
      vertex 6.8895 4.77744 23
    endloop
  endfacet
  facet normal -0.673973 0.738756 0
    outer loop
      vertex 6.76315 4.66217 23
      vertex 6.76315 4.66217 24.2
      vertex 6.8895 4.77744 24.2
    endloop
  endfacet
  facet normal -0.720857 0.693084 0
    outer loop
      vertex 6.64461 4.53888 23
      vertex 6.76315 4.66217 24.2
      vertex 6.76315 4.66217 23
    endloop
  endfacet
  facet normal -0.720857 0.693084 0
    outer loop
      vertex 6.64461 4.53888 23
      vertex 6.64461 4.53888 24.2
      vertex 6.76315 4.66217 24.2
    endloop
  endfacet
  facet normal -0.764629 0.644471 0
    outer loop
      vertex 6.53439 4.40811 23
      vertex 6.64461 4.53888 24.2
      vertex 6.64461 4.53888 23
    endloop
  endfacet
  facet normal -0.764629 0.644471 0
    outer loop
      vertex 6.53439 4.40811 23
      vertex 6.53439 4.40811 24.2
      vertex 6.64461 4.53888 24.2
    endloop
  endfacet
  facet normal -0.805141 0.593083 0
    outer loop
      vertex 6.43295 4.2704 23
      vertex 6.53439 4.40811 24.2
      vertex 6.53439 4.40811 23
    endloop
  endfacet
  facet normal -0.805141 0.593083 0
    outer loop
      vertex 6.43295 4.2704 23
      vertex 6.43295 4.2704 24.2
      vertex 6.53439 4.40811 24.2
    endloop
  endfacet
  facet normal -0.842207 0.539155 0
    outer loop
      vertex 6.34074 4.12636 23
      vertex 6.43295 4.2704 24.2
      vertex 6.43295 4.2704 23
    endloop
  endfacet
  facet normal -0.842207 0.539155 0
    outer loop
      vertex 6.34074 4.12636 23
      vertex 6.34074 4.12636 24.2
      vertex 6.43295 4.2704 24.2
    endloop
  endfacet
  facet normal -0.875706 0.482845 0
    outer loop
      vertex 6.25816 3.97659 23
      vertex 6.34074 4.12636 24.2
      vertex 6.34074 4.12636 23
    endloop
  endfacet
  facet normal -0.875706 0.482845 0
    outer loop
      vertex 6.25816 3.97659 23
      vertex 6.25816 3.97659 24.2
      vertex 6.34074 4.12636 24.2
    endloop
  endfacet
  facet normal -0.905349 0.424668 0
    outer loop
      vertex 6.18553 3.82175 23
      vertex 6.25816 3.97659 24.2
      vertex 6.25816 3.97659 23
    endloop
  endfacet
  facet normal -0.905349 0.424668 0
    outer loop
      vertex 6.18553 3.82175 23
      vertex 6.18553 3.82175 24.2
      vertex 6.25816 3.97659 24.2
    endloop
  endfacet
  facet normal -0.931229 0.364435 0
    outer loop
      vertex 6.1232 3.66248 23
      vertex 6.18553 3.82175 24.2
      vertex 6.18553 3.82175 23
    endloop
  endfacet
  facet normal -0.931229 0.364435 0
    outer loop
      vertex 6.1232 3.66248 23
      vertex 6.1232 3.66248 24.2
      vertex 6.18553 3.82175 24.2
    endloop
  endfacet
  facet normal -0.95305 0.302813 0
    outer loop
      vertex 6.07141 3.49948 23
      vertex 6.1232 3.66248 24.2
      vertex 6.1232 3.66248 23
    endloop
  endfacet
  facet normal -0.95305 0.302813 0
    outer loop
      vertex 6.07141 3.49948 23
      vertex 6.07141 3.49948 24.2
      vertex 6.1232 3.66248 24.2
    endloop
  endfacet
  facet normal -0.970837 0.239742 0
    outer loop
      vertex 6.03041 3.33345 23
      vertex 6.07141 3.49948 24.2
      vertex 6.07141 3.49948 23
    endloop
  endfacet
  facet normal -0.970837 0.239742 0
    outer loop
      vertex 6.03041 3.33345 23
      vertex 6.03041 3.33345 24.2
      vertex 6.07141 3.49948 24.2
    endloop
  endfacet
  facet normal -0.984424 0.175813 0
    outer loop
      vertex 6.00034 3.16508 23
      vertex 6.03041 3.33345 24.2
      vertex 6.03041 3.33345 23
    endloop
  endfacet
  facet normal -0.984424 0.175813 0
    outer loop
      vertex 6.00034 3.16508 23
      vertex 6.00034 3.16508 24.2
      vertex 6.03041 3.33345 24.2
    endloop
  endfacet
  facet normal -0.993817 0.111028 0
    outer loop
      vertex 5.98135 2.9951 23
      vertex 6.00034 3.16508 24.2
      vertex 6.00034 3.16508 23
    endloop
  endfacet
  facet normal -0.993817 0.111028 0
    outer loop
      vertex 5.98135 2.9951 23
      vertex 5.98135 2.9951 24.2
      vertex 6.00034 3.16508 24.2
    endloop
  endfacet
  facet normal -0.998949 0.04584 0
    outer loop
      vertex 5.97351 2.82425 23
      vertex 5.98135 2.9951 24.2
      vertex 5.98135 2.9951 23
    endloop
  endfacet
  facet normal -0.998949 0.04584 0
    outer loop
      vertex 5.97351 2.82425 23
      vertex 5.97351 2.82425 24.2
      vertex 5.98135 2.9951 24.2
    endloop
  endfacet
  facet normal -0.999807 -0.0196465 0
    outer loop
      vertex 5.97687 2.65326 23
      vertex 5.97351 2.82425 24.2
      vertex 5.97351 2.82425 23
    endloop
  endfacet
  facet normal -0.999807 -0.0196465 0
    outer loop
      vertex 5.97687 2.65326 23
      vertex 5.97687 2.65326 24.2
      vertex 5.97351 2.82425 24.2
    endloop
  endfacet
  facet normal -0.99638 -0.0850147 0
    outer loop
      vertex 5.99141 2.48285 23
      vertex 5.97687 2.65326 24.2
      vertex 5.97687 2.65326 23
    endloop
  endfacet
  facet normal -0.99638 -0.0850147 0
    outer loop
      vertex 5.99141 2.48285 23
      vertex 5.99141 2.48285 24.2
      vertex 5.97687 2.65326 24.2
    endloop
  endfacet
  facet normal -0.988691 -0.14997 0
    outer loop
      vertex 6.01706 2.31375 23
      vertex 5.99141 2.48285 24.2
      vertex 5.99141 2.48285 23
    endloop
  endfacet
  facet normal -0.988691 -0.14997 0
    outer loop
      vertex 6.01706 2.31375 23
      vertex 6.01706 2.31375 24.2
      vertex 5.99141 2.48285 24.2
    endloop
  endfacet
  facet normal -0.976768 -0.214298 0
    outer loop
      vertex 6.05371 2.1467 23
      vertex 6.01706 2.31375 24.2
      vertex 6.01706 2.31375 23
    endloop
  endfacet
  facet normal -0.976768 -0.214298 0
    outer loop
      vertex 6.05371 2.1467 23
      vertex 6.05371 2.1467 24.2
      vertex 6.01706 2.31375 24.2
    endloop
  endfacet
  facet normal -0.960663 -0.277716 0
    outer loop
      vertex 6.10121 1.98239 23
      vertex 6.05371 2.1467 24.2
      vertex 6.05371 2.1467 23
    endloop
  endfacet
  facet normal -0.960663 -0.277716 0
    outer loop
      vertex 6.10121 1.98239 23
      vertex 6.10121 1.98239 24.2
      vertex 6.05371 2.1467 24.2
    endloop
  endfacet
  facet normal -0.940444 -0.339949 0
    outer loop
      vertex 6.15935 1.82155 23
      vertex 6.10121 1.98239 24.2
      vertex 6.10121 1.98239 23
    endloop
  endfacet
  facet normal -0.940444 -0.339949 0
    outer loop
      vertex 6.15935 1.82155 23
      vertex 6.15935 1.82155 24.2
      vertex 6.10121 1.98239 24.2
    endloop
  endfacet
  facet normal -0.916183 -0.400761 0
    outer loop
      vertex 6.22789 1.66486 23
      vertex 6.15935 1.82155 24.2
      vertex 6.15935 1.82155 23
    endloop
  endfacet
  facet normal -0.916183 -0.400761 0
    outer loop
      vertex 6.22789 1.66486 23
      vertex 6.22789 1.66486 24.2
      vertex 6.15935 1.82155 24.2
    endloop
  endfacet
  facet normal -0.888011 -0.459822 0
    outer loop
      vertex 6.30653 1.51299 23
      vertex 6.22789 1.66486 24.2
      vertex 6.22789 1.66486 23
    endloop
  endfacet
  facet normal -0.888011 -0.459822 0
    outer loop
      vertex 6.30653 1.51299 23
      vertex 6.30653 1.51299 24.2
      vertex 6.22789 1.66486 24.2
    endloop
  endfacet
  facet normal -0.856035 -0.516918 0
    outer loop
      vertex 6.39494 1.36658 23
      vertex 6.30653 1.51299 24.2
      vertex 6.30653 1.51299 23
    endloop
  endfacet
  facet normal -0.856035 -0.516918 0
    outer loop
      vertex 6.39494 1.36658 23
      vertex 6.39494 1.36658 24.2
      vertex 6.30653 1.51299 24.2
    endloop
  endfacet
  facet normal -0.820395 -0.571797 0
    outer loop
      vertex 6.49274 1.22626 23
      vertex 6.39494 1.36658 24.2
      vertex 6.39494 1.36658 23
    endloop
  endfacet
  facet normal -0.820395 -0.571797 0
    outer loop
      vertex 6.49274 1.22626 23
      vertex 6.49274 1.22626 24.2
      vertex 6.39494 1.36658 24.2
    endloop
  endfacet
  facet normal -0.781262 -0.624203 0
    outer loop
      vertex 6.59949 1.09265 23
      vertex 6.49274 1.22626 24.2
      vertex 6.49274 1.22626 23
    endloop
  endfacet
  facet normal -0.781262 -0.624203 0
    outer loop
      vertex 6.59949 1.09265 23
      vertex 6.59949 1.09265 24.2
      vertex 6.49274 1.22626 24.2
    endloop
  endfacet
  facet normal -0.738746 -0.673984 0
    outer loop
      vertex 6.71477 0.966293 23
      vertex 6.59949 1.09265 24.2
      vertex 6.59949 1.09265 23
    endloop
  endfacet
  facet normal -0.738746 -0.673984 0
    outer loop
      vertex 6.71477 0.966293 23
      vertex 6.71477 0.966293 24.2
      vertex 6.59949 1.09265 24.2
    endloop
  endfacet
  facet normal -0.693054 -0.720886 0
    outer loop
      vertex 6.83806 0.847763 23
      vertex 6.71477 0.966293 24.2
      vertex 6.71477 0.966293 23
    endloop
  endfacet
  facet normal -0.693054 -0.720886 0
    outer loop
      vertex 6.83806 0.847763 23
      vertex 6.83806 0.847763 24.2
      vertex 6.71477 0.966293 24.2
    endloop
  endfacet
  facet normal -0.644501 -0.764603 0
    outer loop
      vertex 6.96883 0.737534 23
      vertex 6.83806 0.847763 24.2
      vertex 6.83806 0.847763 23
    endloop
  endfacet
  facet normal -0.644501 -0.764603 0
    outer loop
      vertex 6.96883 0.737534 23
      vertex 6.96883 0.737534 24.2
      vertex 6.83806 0.847763 24.2
    endloop
  endfacet
  facet normal -0.59303 -0.80518 0
    outer loop
      vertex 7.10654 0.636108 23
      vertex 6.96883 0.737534 24.2
      vertex 6.96883 0.737534 23
    endloop
  endfacet
  facet normal -0.59303 -0.80518 0
    outer loop
      vertex 7.10654 0.636108 23
      vertex 7.10654 0.636108 24.2
      vertex 6.96883 0.737534 24.2
    endloop
  endfacet
  facet normal -0.539147 -0.842212 0
    outer loop
      vertex 7.25058 0.5439 23
      vertex 7.10654 0.636108 24.2
      vertex 7.10654 0.636108 23
    endloop
  endfacet
  facet normal -0.539147 -0.842212 0
    outer loop
      vertex 7.25058 0.5439 23
      vertex 7.25058 0.5439 24.2
      vertex 7.10654 0.636108 24.2
    endloop
  endfacet
  facet normal -0.482942 -0.875652 0
    outer loop
      vertex 7.40034 0.461304 23
      vertex 7.25058 0.5439 24.2
      vertex 7.25058 0.5439 23
    endloop
  endfacet
  facet normal -0.482942 -0.875652 0
    outer loop
      vertex 7.40034 0.461304 23
      vertex 7.40034 0.461304 24.2
      vertex 7.25058 0.5439 24.2
    endloop
  endfacet
  facet normal -0.424583 -0.905389 0
    outer loop
      vertex 7.55519 0.388687 23
      vertex 7.40034 0.461304 24.2
      vertex 7.40034 0.461304 23
    endloop
  endfacet
  facet normal -0.424583 -0.905389 0
    outer loop
      vertex 7.55519 0.388687 23
      vertex 7.55519 0.388687 24.2
      vertex 7.40034 0.461304 24.2
    endloop
  endfacet
  facet normal -0.364465 -0.931217 0
    outer loop
      vertex 7.71445 0.326355 23
      vertex 7.55519 0.388687 24.2
      vertex 7.55519 0.388687 23
    endloop
  endfacet
  facet normal -0.364465 -0.931217 0
    outer loop
      vertex 7.71445 0.326355 23
      vertex 7.71445 0.326355 24.2
      vertex 7.55519 0.388687 24.2
    endloop
  endfacet
  facet normal -0.302785 -0.953059 0
    outer loop
      vertex 7.87746 0.274567 23
      vertex 7.71445 0.326355 24.2
      vertex 7.71445 0.326355 23
    endloop
  endfacet
  facet normal -0.302785 -0.953059 0
    outer loop
      vertex 7.87746 0.274567 23
      vertex 7.87746 0.274567 24.2
      vertex 7.71445 0.326355 24.2
    endloop
  endfacet
  facet normal -0.23983 -0.970815 0
    outer loop
      vertex 8.04349 0.233551 23
      vertex 7.87746 0.274567 24.2
      vertex 7.87746 0.274567 23
    endloop
  endfacet
  facet normal -0.23983 -0.970815 0
    outer loop
      vertex 8.04349 0.233551 23
      vertex 8.04349 0.233551 24.2
      vertex 7.87746 0.274567 24.2
    endloop
  endfacet
  facet normal -0.175766 -0.984432 0
    outer loop
      vertex 8.21185 0.203491 23
      vertex 8.04349 0.233551 24.2
      vertex 8.04349 0.233551 23
    endloop
  endfacet
  facet normal -0.175766 -0.984432 0
    outer loop
      vertex 8.21185 0.203491 23
      vertex 8.21185 0.203491 24.2
      vertex 8.04349 0.233551 24.2
    endloop
  endfacet
  facet normal -0.110976 -0.993823 0
    outer loop
      vertex 8.38184 0.184509 23
      vertex 8.21185 0.203491 24.2
      vertex 8.21185 0.203491 23
    endloop
  endfacet
  facet normal -0.110976 -0.993823 0
    outer loop
      vertex 8.38184 0.184509 23
      vertex 8.38184 0.184509 24.2
      vertex 8.21185 0.203491 24.2
    endloop
  endfacet
  facet normal -0.0458628 -0.998948 0
    outer loop
      vertex 8.55267 0.176666 23
      vertex 8.38184 0.184509 24.2
      vertex 8.38184 0.184509 23
    endloop
  endfacet
  facet normal -0.0458628 -0.998948 0
    outer loop
      vertex 8.55267 0.176666 23
      vertex 8.55267 0.176666 24.2
      vertex 8.38184 0.184509 24.2
    endloop
  endfacet
  facet normal 0.0196266 -0.999807 0
    outer loop
      vertex 8.72368 0.180023 23
      vertex 8.55267 0.176666 24.2
      vertex 8.55267 0.176666 23
    endloop
  endfacet
  facet normal 0.0196266 -0.999807 0
    outer loop
      vertex 8.72368 0.180023 23
      vertex 8.72368 0.180023 24.2
      vertex 8.55267 0.176666 24.2
    endloop
  endfacet
  facet normal 0.0980495 -0.995182 0
    outer loop
      vertex 0.341141 -2.59123 23
      vertex 0.170929 -2.608 24.2
      vertex 0.170929 -2.608 23
    endloop
  endfacet
  facet normal 0.0980495 -0.995182 0
    outer loop
      vertex 0.341141 -2.59123 23
      vertex 0.341141 -2.59123 24.2
      vertex 0.170929 -2.608 24.2
    endloop
  endfacet
  facet normal 0.162894 -0.986644 0
    outer loop
      vertex 0.509888 -2.56337 23
      vertex 0.341141 -2.59123 24.2
      vertex 0.341141 -2.59123 23
    endloop
  endfacet
  facet normal 0.162894 -0.986644 0
    outer loop
      vertex 0.509888 -2.56337 23
      vertex 0.509888 -2.56337 24.2
      vertex 0.341141 -2.59123 24.2
    endloop
  endfacet
  facet normal 0.227055 -0.973882 0
    outer loop
      vertex 0.676437 -2.52454 23
      vertex 0.509888 -2.56337 24.2
      vertex 0.509888 -2.56337 23
    endloop
  endfacet
  facet normal 0.227055 -0.973882 0
    outer loop
      vertex 0.676437 -2.52454 23
      vertex 0.676437 -2.52454 24.2
      vertex 0.509888 -2.56337 24.2
    endloop
  endfacet
  facet normal 0.290351 -0.95692 0
    outer loop
      vertex 0.840103 -2.47488 23
      vertex 0.676437 -2.52454 24.2
      vertex 0.676437 -2.52454 23
    endloop
  endfacet
  facet normal 0.290351 -0.95692 0
    outer loop
      vertex 0.840103 -2.47488 23
      vertex 0.840103 -2.47488 24.2
      vertex 0.676437 -2.52454 24.2
    endloop
  endfacet
  facet normal 0.352225 -0.935915 0
    outer loop
      vertex 1.00017 -2.41464 23
      vertex 0.840103 -2.47488 24.2
      vertex 0.840103 -2.47488 23
    endloop
  endfacet
  facet normal 0.352225 -0.935915 0
    outer loop
      vertex 1.00017 -2.41464 23
      vertex 1.00017 -2.41464 24.2
      vertex 0.840103 -2.47488 24.2
    endloop
  endfacet
  facet normal 0.41267 -0.91088 0
    outer loop
      vertex 1.15596 -2.34406 23
      vertex 1.00017 -2.41464 24.2
      vertex 1.00017 -2.41464 23
    endloop
  endfacet
  facet normal 0.41267 -0.91088 0
    outer loop
      vertex 1.15596 -2.34406 23
      vertex 1.15596 -2.34406 24.2
      vertex 1.00017 -2.41464 24.2
    endloop
  endfacet
  facet normal 0.471395 -0.881922 0
    outer loop
      vertex 1.30679 -2.26344 23
      vertex 1.15596 -2.34406 24.2
      vertex 1.15596 -2.34406 23
    endloop
  endfacet
  facet normal 0.471395 -0.881922 0
    outer loop
      vertex 1.30679 -2.26344 23
      vertex 1.30679 -2.26344 24.2
      vertex 1.15596 -2.34406 24.2
    endloop
  endfacet
  facet normal 0.528042 -0.849218 0
    outer loop
      vertex 1.45203 -2.17313 23
      vertex 1.30679 -2.26344 24.2
      vertex 1.30679 -2.26344 23
    endloop
  endfacet
  facet normal 0.528042 -0.849218 0
    outer loop
      vertex 1.45203 -2.17313 23
      vertex 1.45203 -2.17313 24.2
      vertex 1.30679 -2.26344 24.2
    endloop
  endfacet
  facet normal 0.582515 -0.81282 0
    outer loop
      vertex 1.59105 -2.0735 23
      vertex 1.45203 -2.17313 24.2
      vertex 1.45203 -2.17313 23
    endloop
  endfacet
  facet normal 0.582515 -0.81282 0
    outer loop
      vertex 1.59105 -2.0735 23
      vertex 1.59105 -2.0735 24.2
      vertex 1.45203 -2.17313 24.2
    endloop
  endfacet
  facet normal 0.634415 -0.772992 0
    outer loop
      vertex 1.72325 -1.965 23
      vertex 1.59105 -2.0735 24.2
      vertex 1.59105 -2.0735 23
    endloop
  endfacet
  facet normal 0.634415 -0.772992 0
    outer loop
      vertex 1.72325 -1.965 23
      vertex 1.72325 -1.965 24.2
      vertex 1.59105 -2.0735 24.2
    endloop
  endfacet
  facet normal 0.683605 -0.729853 0
    outer loop
      vertex 1.84808 -1.84808 23
      vertex 1.72325 -1.965 24.2
      vertex 1.72325 -1.965 23
    endloop
  endfacet
  facet normal 0.683605 -0.729853 0
    outer loop
      vertex 1.84808 -1.84808 23
      vertex 1.84808 -1.84808 24.2
      vertex 1.72325 -1.965 24.2
    endloop
  endfacet
  facet normal 0.729853 -0.683605 0
    outer loop
      vertex 1.965 -1.72325 23
      vertex 1.84808 -1.84808 24.2
      vertex 1.84808 -1.84808 23
    endloop
  endfacet
  facet normal 0.729853 -0.683605 0
    outer loop
      vertex 1.965 -1.72325 23
      vertex 1.965 -1.72325 24.2
      vertex 1.84808 -1.84808 24.2
    endloop
  endfacet
  facet normal 0.772992 -0.634415 0
    outer loop
      vertex 2.0735 -1.59105 23
      vertex 1.965 -1.72325 24.2
      vertex 1.965 -1.72325 23
    endloop
  endfacet
  facet normal 0.772992 -0.634415 0
    outer loop
      vertex 2.0735 -1.59105 23
      vertex 2.0735 -1.59105 24.2
      vertex 1.965 -1.72325 24.2
    endloop
  endfacet
  facet normal 0.81282 -0.582515 0
    outer loop
      vertex 2.17313 -1.45203 23
      vertex 2.0735 -1.59105 24.2
      vertex 2.0735 -1.59105 23
    endloop
  endfacet
  facet normal 0.81282 -0.582515 0
    outer loop
      vertex 2.17313 -1.45203 23
      vertex 2.17313 -1.45203 24.2
      vertex 2.0735 -1.59105 24.2
    endloop
  endfacet
  facet normal 0.849218 -0.528042 0
    outer loop
      vertex 2.26344 -1.30679 23
      vertex 2.17313 -1.45203 24.2
      vertex 2.17313 -1.45203 23
    endloop
  endfacet
  facet normal 0.849218 -0.528042 0
    outer loop
      vertex 2.26344 -1.30679 23
      vertex 2.26344 -1.30679 24.2
      vertex 2.17313 -1.45203 24.2
    endloop
  endfacet
  facet normal 0.881922 -0.471395 0
    outer loop
      vertex 2.34406 -1.15596 23
      vertex 2.26344 -1.30679 24.2
      vertex 2.26344 -1.30679 23
    endloop
  endfacet
  facet normal 0.881922 -0.471395 0
    outer loop
      vertex 2.34406 -1.15596 23
      vertex 2.34406 -1.15596 24.2
      vertex 2.26344 -1.30679 24.2
    endloop
  endfacet
  facet normal 0.91088 -0.41267 0
    outer loop
      vertex 2.41464 -1.00017 23
      vertex 2.34406 -1.15596 24.2
      vertex 2.34406 -1.15596 23
    endloop
  endfacet
  facet normal 0.91088 -0.41267 0
    outer loop
      vertex 2.41464 -1.00017 23
      vertex 2.41464 -1.00017 24.2
      vertex 2.34406 -1.15596 24.2
    endloop
  endfacet
  facet normal 0.935915 -0.352225 0
    outer loop
      vertex 2.47488 -0.840103 23
      vertex 2.41464 -1.00017 24.2
      vertex 2.41464 -1.00017 23
    endloop
  endfacet
  facet normal 0.935915 -0.352225 0
    outer loop
      vertex 2.47488 -0.840103 23
      vertex 2.47488 -0.840103 24.2
      vertex 2.41464 -1.00017 24.2
    endloop
  endfacet
  facet normal 0.95692 -0.290351 0
    outer loop
      vertex 2.52454 -0.676437 23
      vertex 2.47488 -0.840103 24.2
      vertex 2.47488 -0.840103 23
    endloop
  endfacet
  facet normal 0.95692 -0.290351 0
    outer loop
      vertex 2.52454 -0.676437 23
      vertex 2.52454 -0.676437 24.2
      vertex 2.47488 -0.840103 24.2
    endloop
  endfacet
  facet normal 0.973882 -0.227055 0
    outer loop
      vertex 2.56337 -0.509888 23
      vertex 2.52454 -0.676437 24.2
      vertex 2.52454 -0.676437 23
    endloop
  endfacet
  facet normal 0.973882 -0.227055 0
    outer loop
      vertex 2.56337 -0.509888 23
      vertex 2.56337 -0.509888 24.2
      vertex 2.52454 -0.676437 24.2
    endloop
  endfacet
  facet normal 0.986644 -0.162894 0
    outer loop
      vertex 2.59123 -0.341141 23
      vertex 2.56337 -0.509888 24.2
      vertex 2.56337 -0.509888 23
    endloop
  endfacet
  facet normal 0.986644 -0.162894 0
    outer loop
      vertex 2.59123 -0.341141 23
      vertex 2.59123 -0.341141 24.2
      vertex 2.56337 -0.509888 24.2
    endloop
  endfacet
  facet normal 0.995182 -0.0980495 0
    outer loop
      vertex 2.608 -0.170929 23
      vertex 2.59123 -0.341141 24.2
      vertex 2.59123 -0.341141 23
    endloop
  endfacet
  facet normal 0.995182 -0.0980495 0
    outer loop
      vertex 2.608 -0.170929 23
      vertex 2.608 -0.170929 24.2
      vertex 2.59123 -0.341141 24.2
    endloop
  endfacet
  facet normal 0.999466 -0.0326862 0
    outer loop
      vertex 2.61359 0 23
      vertex 2.608 -0.170929 24.2
      vertex 2.608 -0.170929 23
    endloop
  endfacet
  facet normal 0.999466 -0.0326862 0
    outer loop
      vertex 2.61359 0 23
      vertex 2.61359 0 24.2
      vertex 2.608 -0.170929 24.2
    endloop
  endfacet
  facet normal 0.999466 0.0326862 0
    outer loop
      vertex 2.608 0.170929 23
      vertex 2.61359 0 24.2
      vertex 2.61359 0 23
    endloop
  endfacet
  facet normal 0.999466 0.0326862 -0
    outer loop
      vertex 2.608 0.170929 23
      vertex 2.608 0.170929 24.2
      vertex 2.61359 0 24.2
    endloop
  endfacet
  facet normal 0.995182 0.0980495 0
    outer loop
      vertex 2.59123 0.341141 23
      vertex 2.608 0.170929 24.2
      vertex 2.608 0.170929 23
    endloop
  endfacet
  facet normal 0.995182 0.0980495 -0
    outer loop
      vertex 2.59123 0.341141 23
      vertex 2.59123 0.341141 24.2
      vertex 2.608 0.170929 24.2
    endloop
  endfacet
  facet normal 0.986644 0.162894 0
    outer loop
      vertex 2.56337 0.509888 23
      vertex 2.59123 0.341141 24.2
      vertex 2.59123 0.341141 23
    endloop
  endfacet
  facet normal 0.986644 0.162894 -0
    outer loop
      vertex 2.56337 0.509888 23
      vertex 2.56337 0.509888 24.2
      vertex 2.59123 0.341141 24.2
    endloop
  endfacet
  facet normal 0.973882 0.227055 0
    outer loop
      vertex 2.52454 0.676437 23
      vertex 2.56337 0.509888 24.2
      vertex 2.56337 0.509888 23
    endloop
  endfacet
  facet normal 0.973882 0.227055 -0
    outer loop
      vertex 2.52454 0.676437 23
      vertex 2.52454 0.676437 24.2
      vertex 2.56337 0.509888 24.2
    endloop
  endfacet
  facet normal 0.95692 0.290351 0
    outer loop
      vertex 2.47488 0.840103 23
      vertex 2.52454 0.676437 24.2
      vertex 2.52454 0.676437 23
    endloop
  endfacet
  facet normal 0.95692 0.290351 -0
    outer loop
      vertex 2.47488 0.840103 23
      vertex 2.47488 0.840103 24.2
      vertex 2.52454 0.676437 24.2
    endloop
  endfacet
  facet normal 0.935915 0.352225 0
    outer loop
      vertex 2.41464 1.00017 23
      vertex 2.47488 0.840103 24.2
      vertex 2.47488 0.840103 23
    endloop
  endfacet
  facet normal 0.935915 0.352225 -0
    outer loop
      vertex 2.41464 1.00017 23
      vertex 2.41464 1.00017 24.2
      vertex 2.47488 0.840103 24.2
    endloop
  endfacet
  facet normal 0.91088 0.41267 0
    outer loop
      vertex 2.34406 1.15596 23
      vertex 2.41464 1.00017 24.2
      vertex 2.41464 1.00017 23
    endloop
  endfacet
  facet normal 0.91088 0.41267 -0
    outer loop
      vertex 2.34406 1.15596 23
      vertex 2.34406 1.15596 24.2
      vertex 2.41464 1.00017 24.2
    endloop
  endfacet
  facet normal 0.881922 0.471395 0
    outer loop
      vertex 2.26344 1.30679 23
      vertex 2.34406 1.15596 24.2
      vertex 2.34406 1.15596 23
    endloop
  endfacet
  facet normal 0.881922 0.471395 -0
    outer loop
      vertex 2.26344 1.30679 23
      vertex 2.26344 1.30679 24.2
      vertex 2.34406 1.15596 24.2
    endloop
  endfacet
  facet normal 0.849218 0.528042 0
    outer loop
      vertex 2.17313 1.45203 23
      vertex 2.26344 1.30679 24.2
      vertex 2.26344 1.30679 23
    endloop
  endfacet
  facet normal 0.849218 0.528042 -0
    outer loop
      vertex 2.17313 1.45203 23
      vertex 2.17313 1.45203 24.2
      vertex 2.26344 1.30679 24.2
    endloop
  endfacet
  facet normal 0.81282 0.582515 0
    outer loop
      vertex 2.0735 1.59105 23
      vertex 2.17313 1.45203 24.2
      vertex 2.17313 1.45203 23
    endloop
  endfacet
  facet normal 0.81282 0.582515 -0
    outer loop
      vertex 2.0735 1.59105 23
      vertex 2.0735 1.59105 24.2
      vertex 2.17313 1.45203 24.2
    endloop
  endfacet
  facet normal 0.772992 0.634415 0
    outer loop
      vertex 1.965 1.72325 23
      vertex 2.0735 1.59105 24.2
      vertex 2.0735 1.59105 23
    endloop
  endfacet
  facet normal 0.772992 0.634415 -0
    outer loop
      vertex 1.965 1.72325 23
      vertex 1.965 1.72325 24.2
      vertex 2.0735 1.59105 24.2
    endloop
  endfacet
  facet normal 0.729853 0.683605 0
    outer loop
      vertex 1.84808 1.84808 23
      vertex 1.965 1.72325 24.2
      vertex 1.965 1.72325 23
    endloop
  endfacet
  facet normal 0.729853 0.683605 -0
    outer loop
      vertex 1.84808 1.84808 23
      vertex 1.84808 1.84808 24.2
      vertex 1.965 1.72325 24.2
    endloop
  endfacet
  facet normal 0.683605 0.729853 0
    outer loop
      vertex 1.72325 1.965 23
      vertex 1.84808 1.84808 24.2
      vertex 1.84808 1.84808 23
    endloop
  endfacet
  facet normal 0.683605 0.729853 -0
    outer loop
      vertex 1.72325 1.965 23
      vertex 1.72325 1.965 24.2
      vertex 1.84808 1.84808 24.2
    endloop
  endfacet
  facet normal 0.634415 0.772992 0
    outer loop
      vertex 1.59105 2.0735 23
      vertex 1.72325 1.965 24.2
      vertex 1.72325 1.965 23
    endloop
  endfacet
  facet normal 0.634415 0.772992 -0
    outer loop
      vertex 1.59105 2.0735 23
      vertex 1.59105 2.0735 24.2
      vertex 1.72325 1.965 24.2
    endloop
  endfacet
  facet normal 0.582515 0.81282 0
    outer loop
      vertex 1.45203 2.17313 23
      vertex 1.59105 2.0735 24.2
      vertex 1.59105 2.0735 23
    endloop
  endfacet
  facet normal 0.582515 0.81282 -0
    outer loop
      vertex 1.45203 2.17313 23
      vertex 1.45203 2.17313 24.2
      vertex 1.59105 2.0735 24.2
    endloop
  endfacet
  facet normal 0.528042 0.849218 0
    outer loop
      vertex 1.30679 2.26344 23
      vertex 1.45203 2.17313 24.2
      vertex 1.45203 2.17313 23
    endloop
  endfacet
  facet normal 0.528042 0.849218 -0
    outer loop
      vertex 1.30679 2.26344 23
      vertex 1.30679 2.26344 24.2
      vertex 1.45203 2.17313 24.2
    endloop
  endfacet
  facet normal 0.471395 0.881922 0
    outer loop
      vertex 1.15596 2.34406 23
      vertex 1.30679 2.26344 24.2
      vertex 1.30679 2.26344 23
    endloop
  endfacet
  facet normal 0.471395 0.881922 -0
    outer loop
      vertex 1.15596 2.34406 23
      vertex 1.15596 2.34406 24.2
      vertex 1.30679 2.26344 24.2
    endloop
  endfacet
  facet normal 0.41267 0.91088 0
    outer loop
      vertex 1.00017 2.41464 23
      vertex 1.15596 2.34406 24.2
      vertex 1.15596 2.34406 23
    endloop
  endfacet
  facet normal 0.41267 0.91088 -0
    outer loop
      vertex 1.00017 2.41464 23
      vertex 1.00017 2.41464 24.2
      vertex 1.15596 2.34406 24.2
    endloop
  endfacet
  facet normal 0.352225 0.935915 0
    outer loop
      vertex 0.840103 2.47488 23
      vertex 1.00017 2.41464 24.2
      vertex 1.00017 2.41464 23
    endloop
  endfacet
  facet normal 0.352225 0.935915 -0
    outer loop
      vertex 0.840103 2.47488 23
      vertex 0.840103 2.47488 24.2
      vertex 1.00017 2.41464 24.2
    endloop
  endfacet
  facet normal 0.290351 0.95692 0
    outer loop
      vertex 0.676437 2.52454 23
      vertex 0.840103 2.47488 24.2
      vertex 0.840103 2.47488 23
    endloop
  endfacet
  facet normal 0.290351 0.95692 -0
    outer loop
      vertex 0.676437 2.52454 23
      vertex 0.676437 2.52454 24.2
      vertex 0.840103 2.47488 24.2
    endloop
  endfacet
  facet normal 0.227055 0.973882 0
    outer loop
      vertex 0.509888 2.56337 23
      vertex 0.676437 2.52454 24.2
      vertex 0.676437 2.52454 23
    endloop
  endfacet
  facet normal 0.227055 0.973882 -0
    outer loop
      vertex 0.509888 2.56337 23
      vertex 0.509888 2.56337 24.2
      vertex 0.676437 2.52454 24.2
    endloop
  endfacet
  facet normal 0.162894 0.986644 0
    outer loop
      vertex 0.341141 2.59123 23
      vertex 0.509888 2.56337 24.2
      vertex 0.509888 2.56337 23
    endloop
  endfacet
  facet normal 0.162894 0.986644 -0
    outer loop
      vertex 0.341141 2.59123 23
      vertex 0.341141 2.59123 24.2
      vertex 0.509888 2.56337 24.2
    endloop
  endfacet
  facet normal 0.0980495 0.995182 0
    outer loop
      vertex 0.170929 2.608 23
      vertex 0.341141 2.59123 24.2
      vertex 0.341141 2.59123 23
    endloop
  endfacet
  facet normal 0.0980495 0.995182 -0
    outer loop
      vertex 0.170929 2.608 23
      vertex 0.170929 2.608 24.2
      vertex 0.341141 2.59123 24.2
    endloop
  endfacet
  facet normal 0.0326862 0.999466 0
    outer loop
      vertex 0 2.61359 23
      vertex 0.170929 2.608 24.2
      vertex 0.170929 2.608 23
    endloop
  endfacet
  facet normal 0.0326862 0.999466 -0
    outer loop
      vertex 0 2.61359 23
      vertex 0 2.61359 24.2
      vertex 0.170929 2.608 24.2
    endloop
  endfacet
  facet normal -0.0326862 0.999466 0
    outer loop
      vertex -0.170929 2.608 23
      vertex 0 2.61359 24.2
      vertex 0 2.61359 23
    endloop
  endfacet
  facet normal -0.0326862 0.999466 0
    outer loop
      vertex -0.170929 2.608 23
      vertex -0.170929 2.608 24.2
      vertex 0 2.61359 24.2
    endloop
  endfacet
  facet normal -0.0980495 0.995182 0
    outer loop
      vertex -0.341141 2.59123 23
      vertex -0.170929 2.608 24.2
      vertex -0.170929 2.608 23
    endloop
  endfacet
  facet normal -0.0980495 0.995182 0
    outer loop
      vertex -0.341141 2.59123 23
      vertex -0.341141 2.59123 24.2
      vertex -0.170929 2.608 24.2
    endloop
  endfacet
  facet normal -0.162894 0.986644 0
    outer loop
      vertex -0.509888 2.56337 23
      vertex -0.341141 2.59123 24.2
      vertex -0.341141 2.59123 23
    endloop
  endfacet
  facet normal -0.162894 0.986644 0
    outer loop
      vertex -0.509888 2.56337 23
      vertex -0.509888 2.56337 24.2
      vertex -0.341141 2.59123 24.2
    endloop
  endfacet
  facet normal -0.227055 0.973882 0
    outer loop
      vertex -0.676437 2.52454 23
      vertex -0.509888 2.56337 24.2
      vertex -0.509888 2.56337 23
    endloop
  endfacet
  facet normal -0.227055 0.973882 0
    outer loop
      vertex -0.676437 2.52454 23
      vertex -0.676437 2.52454 24.2
      vertex -0.509888 2.56337 24.2
    endloop
  endfacet
  facet normal -0.290351 0.95692 0
    outer loop
      vertex -0.840103 2.47488 23
      vertex -0.676437 2.52454 24.2
      vertex -0.676437 2.52454 23
    endloop
  endfacet
  facet normal -0.290351 0.95692 0
    outer loop
      vertex -0.840103 2.47488 23
      vertex -0.840103 2.47488 24.2
      vertex -0.676437 2.52454 24.2
    endloop
  endfacet
  facet normal -0.352225 0.935915 0
    outer loop
      vertex -1.00017 2.41464 23
      vertex -0.840103 2.47488 24.2
      vertex -0.840103 2.47488 23
    endloop
  endfacet
  facet normal -0.352225 0.935915 0
    outer loop
      vertex -1.00017 2.41464 23
      vertex -1.00017 2.41464 24.2
      vertex -0.840103 2.47488 24.2
    endloop
  endfacet
  facet normal -0.41267 0.91088 0
    outer loop
      vertex -1.15596 2.34406 23
      vertex -1.00017 2.41464 24.2
      vertex -1.00017 2.41464 23
    endloop
  endfacet
  facet normal -0.41267 0.91088 0
    outer loop
      vertex -1.15596 2.34406 23
      vertex -1.15596 2.34406 24.2
      vertex -1.00017 2.41464 24.2
    endloop
  endfacet
  facet normal -0.471395 0.881922 0
    outer loop
      vertex -1.30679 2.26344 23
      vertex -1.15596 2.34406 24.2
      vertex -1.15596 2.34406 23
    endloop
  endfacet
  facet normal -0.471395 0.881922 0
    outer loop
      vertex -1.30679 2.26344 23
      vertex -1.30679 2.26344 24.2
      vertex -1.15596 2.34406 24.2
    endloop
  endfacet
  facet normal -0.528042 0.849218 0
    outer loop
      vertex -1.45203 2.17313 23
      vertex -1.30679 2.26344 24.2
      vertex -1.30679 2.26344 23
    endloop
  endfacet
  facet normal -0.528042 0.849218 0
    outer loop
      vertex -1.45203 2.17313 23
      vertex -1.45203 2.17313 24.2
      vertex -1.30679 2.26344 24.2
    endloop
  endfacet
  facet normal -0.582515 0.81282 0
    outer loop
      vertex -1.59105 2.0735 23
      vertex -1.45203 2.17313 24.2
      vertex -1.45203 2.17313 23
    endloop
  endfacet
  facet normal -0.582515 0.81282 0
    outer loop
      vertex -1.59105 2.0735 23
      vertex -1.59105 2.0735 24.2
      vertex -1.45203 2.17313 24.2
    endloop
  endfacet
  facet normal -0.634415 0.772992 0
    outer loop
      vertex -1.72325 1.965 23
      vertex -1.59105 2.0735 24.2
      vertex -1.59105 2.0735 23
    endloop
  endfacet
  facet normal -0.634415 0.772992 0
    outer loop
      vertex -1.72325 1.965 23
      vertex -1.72325 1.965 24.2
      vertex -1.59105 2.0735 24.2
    endloop
  endfacet
  facet normal -0.683605 0.729853 0
    outer loop
      vertex -1.84808 1.84808 23
      vertex -1.72325 1.965 24.2
      vertex -1.72325 1.965 23
    endloop
  endfacet
  facet normal -0.683605 0.729853 0
    outer loop
      vertex -1.84808 1.84808 23
      vertex -1.84808 1.84808 24.2
      vertex -1.72325 1.965 24.2
    endloop
  endfacet
  facet normal -0.729853 0.683605 0
    outer loop
      vertex -1.965 1.72325 23
      vertex -1.84808 1.84808 24.2
      vertex -1.84808 1.84808 23
    endloop
  endfacet
  facet normal -0.729853 0.683605 0
    outer loop
      vertex -1.965 1.72325 23
      vertex -1.965 1.72325 24.2
      vertex -1.84808 1.84808 24.2
    endloop
  endfacet
  facet normal -0.772992 0.634415 0
    outer loop
      vertex -2.0735 1.59105 23
      vertex -1.965 1.72325 24.2
      vertex -1.965 1.72325 23
    endloop
  endfacet
  facet normal -0.772992 0.634415 0
    outer loop
      vertex -2.0735 1.59105 23
      vertex -2.0735 1.59105 24.2
      vertex -1.965 1.72325 24.2
    endloop
  endfacet
  facet normal -0.81282 0.582515 0
    outer loop
      vertex -2.17313 1.45203 23
      vertex -2.0735 1.59105 24.2
      vertex -2.0735 1.59105 23
    endloop
  endfacet
  facet normal -0.81282 0.582515 0
    outer loop
      vertex -2.17313 1.45203 23
      vertex -2.17313 1.45203 24.2
      vertex -2.0735 1.59105 24.2
    endloop
  endfacet
  facet normal -0.849218 0.528042 0
    outer loop
      vertex -2.26344 1.30679 23
      vertex -2.17313 1.45203 24.2
      vertex -2.17313 1.45203 23
    endloop
  endfacet
  facet normal -0.849218 0.528042 0
    outer loop
      vertex -2.26344 1.30679 23
      vertex -2.26344 1.30679 24.2
      vertex -2.17313 1.45203 24.2
    endloop
  endfacet
  facet normal -0.881922 0.471395 0
    outer loop
      vertex -2.34406 1.15596 23
      vertex -2.26344 1.30679 24.2
      vertex -2.26344 1.30679 23
    endloop
  endfacet
  facet normal -0.881922 0.471395 0
    outer loop
      vertex -2.34406 1.15596 23
      vertex -2.34406 1.15596 24.2
      vertex -2.26344 1.30679 24.2
    endloop
  endfacet
  facet normal -0.91088 0.41267 0
    outer loop
      vertex -2.41464 1.00017 23
      vertex -2.34406 1.15596 24.2
      vertex -2.34406 1.15596 23
    endloop
  endfacet
  facet normal -0.91088 0.41267 0
    outer loop
      vertex -2.41464 1.00017 23
      vertex -2.41464 1.00017 24.2
      vertex -2.34406 1.15596 24.2
    endloop
  endfacet
  facet normal -0.935915 0.352225 0
    outer loop
      vertex -2.47488 0.840103 23
      vertex -2.41464 1.00017 24.2
      vertex -2.41464 1.00017 23
    endloop
  endfacet
  facet normal -0.935915 0.352225 0
    outer loop
      vertex -2.47488 0.840103 23
      vertex -2.47488 0.840103 24.2
      vertex -2.41464 1.00017 24.2
    endloop
  endfacet
  facet normal -0.95692 0.290351 0
    outer loop
      vertex -2.52454 0.676437 23
      vertex -2.47488 0.840103 24.2
      vertex -2.47488 0.840103 23
    endloop
  endfacet
  facet normal -0.95692 0.290351 0
    outer loop
      vertex -2.52454 0.676437 23
      vertex -2.52454 0.676437 24.2
      vertex -2.47488 0.840103 24.2
    endloop
  endfacet
  facet normal -0.973882 0.227055 0
    outer loop
      vertex -2.56337 0.509888 23
      vertex -2.52454 0.676437 24.2
      vertex -2.52454 0.676437 23
    endloop
  endfacet
  facet normal -0.973882 0.227055 0
    outer loop
      vertex -2.56337 0.509888 23
      vertex -2.56337 0.509888 24.2
      vertex -2.52454 0.676437 24.2
    endloop
  endfacet
  facet normal -0.986644 0.162894 0
    outer loop
      vertex -2.59123 0.341141 23
      vertex -2.56337 0.509888 24.2
      vertex -2.56337 0.509888 23
    endloop
  endfacet
  facet normal -0.986644 0.162894 0
    outer loop
      vertex -2.59123 0.341141 23
      vertex -2.59123 0.341141 24.2
      vertex -2.56337 0.509888 24.2
    endloop
  endfacet
  facet normal -0.995182 0.0980495 0
    outer loop
      vertex -2.608 0.170929 23
      vertex -2.59123 0.341141 24.2
      vertex -2.59123 0.341141 23
    endloop
  endfacet
  facet normal -0.995182 0.0980495 0
    outer loop
      vertex -2.608 0.170929 23
      vertex -2.608 0.170929 24.2
      vertex -2.59123 0.341141 24.2
    endloop
  endfacet
  facet normal -0.999466 0.0326862 0
    outer loop
      vertex -2.61359 0 23
      vertex -2.608 0.170929 24.2
      vertex -2.608 0.170929 23
    endloop
  endfacet
  facet normal -0.999466 0.0326862 0
    outer loop
      vertex -2.61359 0 23
      vertex -2.61359 0 24.2
      vertex -2.608 0.170929 24.2
    endloop
  endfacet
  facet normal -0.999466 -0.0326862 0
    outer loop
      vertex -2.608 -0.170929 23
      vertex -2.61359 0 24.2
      vertex -2.61359 0 23
    endloop
  endfacet
  facet normal -0.999466 -0.0326862 0
    outer loop
      vertex -2.608 -0.170929 23
      vertex -2.608 -0.170929 24.2
      vertex -2.61359 0 24.2
    endloop
  endfacet
  facet normal -0.995182 -0.0980495 0
    outer loop
      vertex -2.59123 -0.341141 23
      vertex -2.608 -0.170929 24.2
      vertex -2.608 -0.170929 23
    endloop
  endfacet
  facet normal -0.995182 -0.0980495 0
    outer loop
      vertex -2.59123 -0.341141 23
      vertex -2.59123 -0.341141 24.2
      vertex -2.608 -0.170929 24.2
    endloop
  endfacet
  facet normal -0.986644 -0.162894 0
    outer loop
      vertex -2.56337 -0.509888 23
      vertex -2.59123 -0.341141 24.2
      vertex -2.59123 -0.341141 23
    endloop
  endfacet
  facet normal -0.986644 -0.162894 0
    outer loop
      vertex -2.56337 -0.509888 23
      vertex -2.56337 -0.509888 24.2
      vertex -2.59123 -0.341141 24.2
    endloop
  endfacet
  facet normal -0.973882 -0.227055 0
    outer loop
      vertex -2.52454 -0.676437 23
      vertex -2.56337 -0.509888 24.2
      vertex -2.56337 -0.509888 23
    endloop
  endfacet
  facet normal -0.973882 -0.227055 0
    outer loop
      vertex -2.52454 -0.676437 23
      vertex -2.52454 -0.676437 24.2
      vertex -2.56337 -0.509888 24.2
    endloop
  endfacet
  facet normal -0.95692 -0.290351 0
    outer loop
      vertex -2.47488 -0.840103 23
      vertex -2.52454 -0.676437 24.2
      vertex -2.52454 -0.676437 23
    endloop
  endfacet
  facet normal -0.95692 -0.290351 0
    outer loop
      vertex -2.47488 -0.840103 23
      vertex -2.47488 -0.840103 24.2
      vertex -2.52454 -0.676437 24.2
    endloop
  endfacet
  facet normal -0.935915 -0.352225 0
    outer loop
      vertex -2.41464 -1.00017 23
      vertex -2.47488 -0.840103 24.2
      vertex -2.47488 -0.840103 23
    endloop
  endfacet
  facet normal -0.935915 -0.352225 0
    outer loop
      vertex -2.41464 -1.00017 23
      vertex -2.41464 -1.00017 24.2
      vertex -2.47488 -0.840103 24.2
    endloop
  endfacet
  facet normal -0.91088 -0.41267 0
    outer loop
      vertex -2.34406 -1.15596 23
      vertex -2.41464 -1.00017 24.2
      vertex -2.41464 -1.00017 23
    endloop
  endfacet
  facet normal -0.91088 -0.41267 0
    outer loop
      vertex -2.34406 -1.15596 23
      vertex -2.34406 -1.15596 24.2
      vertex -2.41464 -1.00017 24.2
    endloop
  endfacet
  facet normal -0.881922 -0.471395 0
    outer loop
      vertex -2.26344 -1.30679 23
      vertex -2.34406 -1.15596 24.2
      vertex -2.34406 -1.15596 23
    endloop
  endfacet
  facet normal -0.881922 -0.471395 0
    outer loop
      vertex -2.26344 -1.30679 23
      vertex -2.26344 -1.30679 24.2
      vertex -2.34406 -1.15596 24.2
    endloop
  endfacet
  facet normal -0.849218 -0.528042 0
    outer loop
      vertex -2.17313 -1.45203 23
      vertex -2.26344 -1.30679 24.2
      vertex -2.26344 -1.30679 23
    endloop
  endfacet
  facet normal -0.849218 -0.528042 0
    outer loop
      vertex -2.17313 -1.45203 23
      vertex -2.17313 -1.45203 24.2
      vertex -2.26344 -1.30679 24.2
    endloop
  endfacet
  facet normal -0.81282 -0.582515 0
    outer loop
      vertex -2.0735 -1.59105 23
      vertex -2.17313 -1.45203 24.2
      vertex -2.17313 -1.45203 23
    endloop
  endfacet
  facet normal -0.81282 -0.582515 0
    outer loop
      vertex -2.0735 -1.59105 23
      vertex -2.0735 -1.59105 24.2
      vertex -2.17313 -1.45203 24.2
    endloop
  endfacet
  facet normal -0.772992 -0.634415 0
    outer loop
      vertex -1.965 -1.72325 23
      vertex -2.0735 -1.59105 24.2
      vertex -2.0735 -1.59105 23
    endloop
  endfacet
  facet normal -0.772992 -0.634415 0
    outer loop
      vertex -1.965 -1.72325 23
      vertex -1.965 -1.72325 24.2
      vertex -2.0735 -1.59105 24.2
    endloop
  endfacet
  facet normal -0.729853 -0.683605 0
    outer loop
      vertex -1.84808 -1.84808 23
      vertex -1.965 -1.72325 24.2
      vertex -1.965 -1.72325 23
    endloop
  endfacet
  facet normal -0.729853 -0.683605 0
    outer loop
      vertex -1.84808 -1.84808 23
      vertex -1.84808 -1.84808 24.2
      vertex -1.965 -1.72325 24.2
    endloop
  endfacet
  facet normal -0.683605 -0.729853 0
    outer loop
      vertex -1.72325 -1.965 23
      vertex -1.84808 -1.84808 24.2
      vertex -1.84808 -1.84808 23
    endloop
  endfacet
  facet normal -0.683605 -0.729853 0
    outer loop
      vertex -1.72325 -1.965 23
      vertex -1.72325 -1.965 24.2
      vertex -1.84808 -1.84808 24.2
    endloop
  endfacet
  facet normal -0.634415 -0.772992 0
    outer loop
      vertex -1.59105 -2.0735 23
      vertex -1.72325 -1.965 24.2
      vertex -1.72325 -1.965 23
    endloop
  endfacet
  facet normal -0.634415 -0.772992 0
    outer loop
      vertex -1.59105 -2.0735 23
      vertex -1.59105 -2.0735 24.2
      vertex -1.72325 -1.965 24.2
    endloop
  endfacet
  facet normal -0.582515 -0.81282 0
    outer loop
      vertex -1.45203 -2.17313 23
      vertex -1.59105 -2.0735 24.2
      vertex -1.59105 -2.0735 23
    endloop
  endfacet
  facet normal -0.582515 -0.81282 0
    outer loop
      vertex -1.45203 -2.17313 23
      vertex -1.45203 -2.17313 24.2
      vertex -1.59105 -2.0735 24.2
    endloop
  endfacet
  facet normal -0.528042 -0.849218 0
    outer loop
      vertex -1.30679 -2.26344 23
      vertex -1.45203 -2.17313 24.2
      vertex -1.45203 -2.17313 23
    endloop
  endfacet
  facet normal -0.528042 -0.849218 0
    outer loop
      vertex -1.30679 -2.26344 23
      vertex -1.30679 -2.26344 24.2
      vertex -1.45203 -2.17313 24.2
    endloop
  endfacet
  facet normal -0.471395 -0.881922 0
    outer loop
      vertex -1.15596 -2.34406 23
      vertex -1.30679 -2.26344 24.2
      vertex -1.30679 -2.26344 23
    endloop
  endfacet
  facet normal -0.471395 -0.881922 0
    outer loop
      vertex -1.15596 -2.34406 23
      vertex -1.15596 -2.34406 24.2
      vertex -1.30679 -2.26344 24.2
    endloop
  endfacet
  facet normal -0.41267 -0.91088 0
    outer loop
      vertex -1.00017 -2.41464 23
      vertex -1.15596 -2.34406 24.2
      vertex -1.15596 -2.34406 23
    endloop
  endfacet
  facet normal -0.41267 -0.91088 0
    outer loop
      vertex -1.00017 -2.41464 23
      vertex -1.00017 -2.41464 24.2
      vertex -1.15596 -2.34406 24.2
    endloop
  endfacet
  facet normal -0.352225 -0.935915 0
    outer loop
      vertex -0.840103 -2.47488 23
      vertex -1.00017 -2.41464 24.2
      vertex -1.00017 -2.41464 23
    endloop
  endfacet
  facet normal -0.352225 -0.935915 0
    outer loop
      vertex -0.840103 -2.47488 23
      vertex -0.840103 -2.47488 24.2
      vertex -1.00017 -2.41464 24.2
    endloop
  endfacet
  facet normal -0.290351 -0.95692 0
    outer loop
      vertex -0.676437 -2.52454 23
      vertex -0.840103 -2.47488 24.2
      vertex -0.840103 -2.47488 23
    endloop
  endfacet
  facet normal -0.290351 -0.95692 0
    outer loop
      vertex -0.676437 -2.52454 23
      vertex -0.676437 -2.52454 24.2
      vertex -0.840103 -2.47488 24.2
    endloop
  endfacet
  facet normal -0.227055 -0.973882 0
    outer loop
      vertex -0.509888 -2.56337 23
      vertex -0.676437 -2.52454 24.2
      vertex -0.676437 -2.52454 23
    endloop
  endfacet
  facet normal -0.227055 -0.973882 0
    outer loop
      vertex -0.509888 -2.56337 23
      vertex -0.509888 -2.56337 24.2
      vertex -0.676437 -2.52454 24.2
    endloop
  endfacet
  facet normal -0.162894 -0.986644 0
    outer loop
      vertex -0.341141 -2.59123 23
      vertex -0.509888 -2.56337 24.2
      vertex -0.509888 -2.56337 23
    endloop
  endfacet
  facet normal -0.162894 -0.986644 0
    outer loop
      vertex -0.341141 -2.59123 23
      vertex -0.341141 -2.59123 24.2
      vertex -0.509888 -2.56337 24.2
    endloop
  endfacet
  facet normal -0.0980495 -0.995182 0
    outer loop
      vertex -0.170929 -2.608 23
      vertex -0.341141 -2.59123 24.2
      vertex -0.341141 -2.59123 23
    endloop
  endfacet
  facet normal -0.0980495 -0.995182 0
    outer loop
      vertex -0.170929 -2.608 23
      vertex -0.170929 -2.608 24.2
      vertex -0.341141 -2.59123 24.2
    endloop
  endfacet
  facet normal -0.0326862 -0.999466 0
    outer loop
      vertex 0 -2.61359 23
      vertex -0.170929 -2.608 24.2
      vertex -0.170929 -2.608 23
    endloop
  endfacet
  facet normal -0.0326862 -0.999466 0
    outer loop
      vertex 0 -2.61359 23
      vertex 0 -2.61359 24.2
      vertex -0.170929 -2.608 24.2
    endloop
  endfacet
  facet normal 0.0326862 -0.999466 0
    outer loop
      vertex 0.170929 -2.608 23
      vertex 0 -2.61359 24.2
      vertex 0 -2.61359 23
    endloop
  endfacet
  facet normal 0.0326862 -0.999466 0
    outer loop
      vertex 0.170929 -2.608 23
      vertex 0.170929 -2.608 24.2
      vertex 0 -2.61359 24.2
    endloop
  endfacet
  facet normal 0.124013 -0.992281 0
    outer loop
      vertex -4.89813 -9.88586 23
      vertex -5.06784 -9.90707 24.2
      vertex -5.06784 -9.90707 23
    endloop
  endfacet
  facet normal 0.124013 -0.992281 0
    outer loop
      vertex -4.89813 -9.88586 23
      vertex -4.89813 -9.88586 24.2
      vertex -5.06784 -9.90707 24.2
    endloop
  endfacet
  facet normal 0.188576 -0.982059 0
    outer loop
      vertex -4.73018 -9.85361 23
      vertex -4.89813 -9.88586 24.2
      vertex -4.89813 -9.88586 23
    endloop
  endfacet
  facet normal 0.188576 -0.982059 0
    outer loop
      vertex -4.73018 -9.85361 23
      vertex -4.73018 -9.85361 24.2
      vertex -4.89813 -9.88586 24.2
    endloop
  endfacet
  facet normal 0.252565 -0.96758 0
    outer loop
      vertex -4.56468 -9.81041 23
      vertex -4.73018 -9.85361 24.2
      vertex -4.73018 -9.85361 23
    endloop
  endfacet
  facet normal 0.252565 -0.96758 0
    outer loop
      vertex -4.56468 -9.81041 23
      vertex -4.56468 -9.81041 24.2
      vertex -4.73018 -9.85361 24.2
    endloop
  endfacet
  facet normal 0.31521 -0.949022 0
    outer loop
      vertex -4.40237 -9.7565 23
      vertex -4.56468 -9.81041 24.2
      vertex -4.56468 -9.81041 23
    endloop
  endfacet
  facet normal 0.31521 -0.949022 0
    outer loop
      vertex -4.40237 -9.7565 23
      vertex -4.40237 -9.7565 24.2
      vertex -4.56468 -9.81041 24.2
    endloop
  endfacet
  facet normal 0.376617 -0.926369 0
    outer loop
      vertex -4.24394 -9.69209 23
      vertex -4.40237 -9.7565 24.2
      vertex -4.40237 -9.7565 23
    endloop
  endfacet
  facet normal 0.376617 -0.926369 0
    outer loop
      vertex -4.24394 -9.69209 23
      vertex -4.24394 -9.69209 24.2
      vertex -4.40237 -9.7565 24.2
    endloop
  endfacet
  facet normal 0.436423 -0.899742 0
    outer loop
      vertex -4.09006 -9.61745 23
      vertex -4.24394 -9.69209 24.2
      vertex -4.24394 -9.69209 23
    endloop
  endfacet
  facet normal 0.436423 -0.899742 0
    outer loop
      vertex -4.09006 -9.61745 23
      vertex -4.09006 -9.61745 24.2
      vertex -4.24394 -9.69209 24.2
    endloop
  endfacet
  facet normal 0.494356 -0.86926 0
    outer loop
      vertex -3.94139 -9.5329 23
      vertex -4.09006 -9.61745 24.2
      vertex -4.09006 -9.61745 23
    endloop
  endfacet
  facet normal 0.494356 -0.86926 0
    outer loop
      vertex -3.94139 -9.5329 23
      vertex -3.94139 -9.5329 24.2
      vertex -4.09006 -9.61745 24.2
    endloop
  endfacet
  facet normal 0.550145 -0.835069 0
    outer loop
      vertex -3.79857 -9.43881 23
      vertex -3.94139 -9.5329 24.2
      vertex -3.94139 -9.5329 23
    endloop
  endfacet
  facet normal 0.550145 -0.835069 0
    outer loop
      vertex -3.79857 -9.43881 23
      vertex -3.79857 -9.43881 24.2
      vertex -3.94139 -9.5329 24.2
    endloop
  endfacet
  facet normal 0.603521 -0.797347 0
    outer loop
      vertex -3.6622 -9.33559 23
      vertex -3.79857 -9.43881 24.2
      vertex -3.79857 -9.43881 23
    endloop
  endfacet
  facet normal 0.603521 -0.797347 0
    outer loop
      vertex -3.6622 -9.33559 23
      vertex -3.6622 -9.33559 24.2
      vertex -3.79857 -9.43881 24.2
    endloop
  endfacet
  facet normal 0.65441 -0.75614 0
    outer loop
      vertex -3.53287 -9.22366 23
      vertex -3.6622 -9.33559 24.2
      vertex -3.6622 -9.33559 23
    endloop
  endfacet
  facet normal 0.65441 -0.75614 0
    outer loop
      vertex -3.53287 -9.22366 23
      vertex -3.53287 -9.22366 24.2
      vertex -3.6622 -9.33559 24.2
    endloop
  endfacet
  facet normal 0.702443 -0.71174 0
    outer loop
      vertex -3.41115 -9.10353 23
      vertex -3.53287 -9.22366 24.2
      vertex -3.53287 -9.22366 23
    endloop
  endfacet
  facet normal 0.702443 -0.71174 0
    outer loop
      vertex -3.41115 -9.10353 23
      vertex -3.41115 -9.10353 24.2
      vertex -3.53287 -9.22366 24.2
    endloop
  endfacet
  facet normal 0.747538 -0.664219 0
    outer loop
      vertex -3.29755 -8.97568 23
      vertex -3.41115 -9.10353 24.2
      vertex -3.41115 -9.10353 23
    endloop
  endfacet
  facet normal 0.747538 -0.664219 0
    outer loop
      vertex -3.29755 -8.97568 23
      vertex -3.29755 -8.97568 24.2
      vertex -3.41115 -9.10353 24.2
    endloop
  endfacet
  facet normal 0.789324 -0.613977 0
    outer loop
      vertex -3.19254 -8.84068 23
      vertex -3.29755 -8.97568 24.2
      vertex -3.29755 -8.97568 23
    endloop
  endfacet
  facet normal 0.789324 -0.613977 0
    outer loop
      vertex -3.19254 -8.84068 23
      vertex -3.19254 -8.84068 24.2
      vertex -3.29755 -8.97568 24.2
    endloop
  endfacet
  facet normal 0.827807 -0.561012 0
    outer loop
      vertex -3.09659 -8.6991 23
      vertex -3.19254 -8.84068 24.2
      vertex -3.19254 -8.84068 23
    endloop
  endfacet
  facet normal 0.827807 -0.561012 0
    outer loop
      vertex -3.09659 -8.6991 23
      vertex -3.09659 -8.6991 24.2
      vertex -3.19254 -8.84068 24.2
    endloop
  endfacet
  facet normal 0.862776 -0.505586 0
    outer loop
      vertex -3.01012 -8.55154 23
      vertex -3.09659 -8.6991 24.2
      vertex -3.09659 -8.6991 23
    endloop
  endfacet
  facet normal 0.862776 -0.505586 0
    outer loop
      vertex -3.01012 -8.55154 23
      vertex -3.01012 -8.55154 24.2
      vertex -3.09659 -8.6991 24.2
    endloop
  endfacet
  facet normal 0.893947 -0.448172 0
    outer loop
      vertex -2.93347 -8.39865 23
      vertex -3.01012 -8.55154 24.2
      vertex -3.01012 -8.55154 23
    endloop
  endfacet
  facet normal 0.893947 -0.448172 0
    outer loop
      vertex -2.93347 -8.39865 23
      vertex -2.93347 -8.39865 24.2
      vertex -3.01012 -8.55154 24.2
    endloop
  endfacet
  facet normal 0.921362 -0.388705 0
    outer loop
      vertex -2.86699 -8.24107 23
      vertex -2.93347 -8.39865 24.2
      vertex -2.93347 -8.39865 23
    endloop
  endfacet
  facet normal 0.921362 -0.388705 0
    outer loop
      vertex -2.86699 -8.24107 23
      vertex -2.86699 -8.24107 24.2
      vertex -2.93347 -8.39865 24.2
    endloop
  endfacet
  facet normal 0.944778 -0.327711 0
    outer loop
      vertex -2.81094 -8.07948 23
      vertex -2.86699 -8.24107 24.2
      vertex -2.86699 -8.24107 23
    endloop
  endfacet
  facet normal 0.944778 -0.327711 0
    outer loop
      vertex -2.81094 -8.07948 23
      vertex -2.81094 -8.07948 24.2
      vertex -2.86699 -8.24107 24.2
    endloop
  endfacet
  facet normal 0.964202 -0.26517 0
    outer loop
      vertex -2.76559 -7.91458 23
      vertex -2.81094 -8.07948 24.2
      vertex -2.81094 -8.07948 23
    endloop
  endfacet
  facet normal 0.964202 -0.26517 0
    outer loop
      vertex -2.76559 -7.91458 23
      vertex -2.76559 -7.91458 24.2
      vertex -2.81094 -8.07948 24.2
    endloop
  endfacet
  facet normal 0.979503 -0.201432 0
    outer loop
      vertex -2.73114 -7.74706 23
      vertex -2.76559 -7.91458 24.2
      vertex -2.76559 -7.91458 23
    endloop
  endfacet
  facet normal 0.979503 -0.201432 0
    outer loop
      vertex -2.73114 -7.74706 23
      vertex -2.73114 -7.74706 24.2
      vertex -2.76559 -7.91458 24.2
    endloop
  endfacet
  facet normal 0.990564 -0.137049 0
    outer loop
      vertex -2.7077 -7.57764 23
      vertex -2.73114 -7.74706 24.2
      vertex -2.73114 -7.74706 23
    endloop
  endfacet
  facet normal 0.990564 -0.137049 0
    outer loop
      vertex -2.7077 -7.57764 23
      vertex -2.7077 -7.57764 24.2
      vertex -2.73114 -7.74706 24.2
    endloop
  endfacet
  facet normal 0.99741 -0.0719202 0
    outer loop
      vertex -2.6954 -7.40706 23
      vertex -2.7077 -7.57764 24.2
      vertex -2.7077 -7.57764 23
    endloop
  endfacet
  facet normal 0.99741 -0.0719202 0
    outer loop
      vertex -2.6954 -7.40706 23
      vertex -2.6954 -7.40706 24.2
      vertex -2.7077 -7.57764 24.2
    endloop
  endfacet
  facet normal 0.999979 -0.00648957 0
    outer loop
      vertex -2.69429 -7.23602 23
      vertex -2.6954 -7.40706 24.2
      vertex -2.6954 -7.40706 23
    endloop
  endfacet
  facet normal 0.999979 -0.00648957 0
    outer loop
      vertex -2.69429 -7.23602 23
      vertex -2.69429 -7.23602 24.2
      vertex -2.6954 -7.40706 24.2
    endloop
  endfacet
  facet normal 0.998269 0.0588214 0
    outer loop
      vertex -2.70435 -7.06529 23
      vertex -2.69429 -7.23602 24.2
      vertex -2.69429 -7.23602 23
    endloop
  endfacet
  facet normal 0.998269 0.0588214 -0
    outer loop
      vertex -2.70435 -7.06529 23
      vertex -2.70435 -7.06529 24.2
      vertex -2.69429 -7.23602 24.2
    endloop
  endfacet
  facet normal 0.992273 0.124071 0
    outer loop
      vertex -2.72557 -6.89558 23
      vertex -2.70435 -7.06529 24.2
      vertex -2.70435 -7.06529 23
    endloop
  endfacet
  facet normal 0.992273 0.124071 -0
    outer loop
      vertex -2.72557 -6.89558 23
      vertex -2.72557 -6.89558 24.2
      vertex -2.70435 -7.06529 24.2
    endloop
  endfacet
  facet normal 0.982048 0.188633 0
    outer loop
      vertex -2.75783 -6.72763 23
      vertex -2.72557 -6.89558 24.2
      vertex -2.72557 -6.89558 23
    endloop
  endfacet
  facet normal 0.982048 0.188633 -0
    outer loop
      vertex -2.75783 -6.72763 23
      vertex -2.75783 -6.72763 24.2
      vertex -2.72557 -6.89558 24.2
    endloop
  endfacet
  facet normal 0.967601 0.252484 0
    outer loop
      vertex -2.80101 -6.56215 23
      vertex -2.75783 -6.72763 24.2
      vertex -2.75783 -6.72763 23
    endloop
  endfacet
  facet normal 0.967601 0.252484 -0
    outer loop
      vertex -2.80101 -6.56215 23
      vertex -2.80101 -6.56215 24.2
      vertex -2.75783 -6.72763 24.2
    endloop
  endfacet
  facet normal 0.94901 0.315245 0
    outer loop
      vertex -2.85493 -6.39983 23
      vertex -2.80101 -6.56215 24.2
      vertex -2.80101 -6.56215 23
    endloop
  endfacet
  facet normal 0.94901 0.315245 -0
    outer loop
      vertex -2.85493 -6.39983 23
      vertex -2.85493 -6.39983 24.2
      vertex -2.80101 -6.56215 24.2
    endloop
  endfacet
  facet normal 0.926377 0.376597 0
    outer loop
      vertex -2.91934 -6.24139 23
      vertex -2.85493 -6.39983 24.2
      vertex -2.85493 -6.39983 23
    endloop
  endfacet
  facet normal 0.926377 0.376597 -0
    outer loop
      vertex -2.91934 -6.24139 23
      vertex -2.91934 -6.24139 24.2
      vertex -2.85493 -6.39983 24.2
    endloop
  endfacet
  facet normal 0.899719 0.43647 0
    outer loop
      vertex -2.99399 -6.08751 23
      vertex -2.91934 -6.24139 24.2
      vertex -2.91934 -6.24139 23
    endloop
  endfacet
  facet normal 0.899719 0.43647 -0
    outer loop
      vertex -2.99399 -6.08751 23
      vertex -2.99399 -6.08751 24.2
      vertex -2.91934 -6.24139 24.2
    endloop
  endfacet
  facet normal 0.86931 0.494268 0
    outer loop
      vertex -3.07852 -5.93884 23
      vertex -2.99399 -6.08751 24.2
      vertex -2.99399 -6.08751 23
    endloop
  endfacet
  facet normal 0.86931 0.494268 -0
    outer loop
      vertex -3.07852 -5.93884 23
      vertex -3.07852 -5.93884 24.2
      vertex -2.99399 -6.08751 24.2
    endloop
  endfacet
  facet normal 0.835069 0.550145 0
    outer loop
      vertex -3.17261 -5.79602 23
      vertex -3.07852 -5.93884 24.2
      vertex -3.07852 -5.93884 23
    endloop
  endfacet
  facet normal 0.835069 0.550145 -0
    outer loop
      vertex -3.17261 -5.79602 23
      vertex -3.17261 -5.79602 24.2
      vertex -3.07852 -5.93884 24.2
    endloop
  endfacet
  facet normal 0.797347 0.603521 0
    outer loop
      vertex -3.27583 -5.65965 23
      vertex -3.17261 -5.79602 24.2
      vertex -3.17261 -5.79602 23
    endloop
  endfacet
  facet normal 0.797347 0.603521 -0
    outer loop
      vertex -3.27583 -5.65965 23
      vertex -3.27583 -5.65965 24.2
      vertex -3.17261 -5.79602 24.2
    endloop
  endfacet
  facet normal 0.756115 0.654438 0
    outer loop
      vertex -3.38776 -5.53033 23
      vertex -3.27583 -5.65965 24.2
      vertex -3.27583 -5.65965 23
    endloop
  endfacet
  facet normal 0.756115 0.654438 -0
    outer loop
      vertex -3.38776 -5.53033 23
      vertex -3.38776 -5.53033 24.2
      vertex -3.27583 -5.65965 24.2
    endloop
  endfacet
  facet normal 0.71174 0.702443 0
    outer loop
      vertex -3.5079 -5.4086 23
      vertex -3.38776 -5.53033 24.2
      vertex -3.38776 -5.53033 23
    endloop
  endfacet
  facet normal 0.71174 0.702443 -0
    outer loop
      vertex -3.5079 -5.4086 23
      vertex -3.5079 -5.4086 24.2
      vertex -3.38776 -5.53033 24.2
    endloop
  endfacet
  facet normal 0.66419 0.747564 0
    outer loop
      vertex -3.63576 -5.295 23
      vertex -3.5079 -5.4086 24.2
      vertex -3.5079 -5.4086 23
    endloop
  endfacet
  facet normal 0.66419 0.747564 -0
    outer loop
      vertex -3.63576 -5.295 23
      vertex -3.63576 -5.295 24.2
      vertex -3.5079 -5.4086 24.2
    endloop
  endfacet
  facet normal 0.613969 0.78933 0
    outer loop
      vertex -3.77075 -5.19 23
      vertex -3.63576 -5.295 24.2
      vertex -3.63576 -5.295 23
    endloop
  endfacet
  facet normal 0.613969 0.78933 -0
    outer loop
      vertex -3.77075 -5.19 23
      vertex -3.77075 -5.19 24.2
      vertex -3.63576 -5.295 24.2
    endloop
  endfacet
  facet normal 0.560945 0.827853 0
    outer loop
      vertex -3.91234 -5.09406 23
      vertex -3.77075 -5.19 24.2
      vertex -3.77075 -5.19 23
    endloop
  endfacet
  facet normal 0.560945 0.827853 -0
    outer loop
      vertex -3.91234 -5.09406 23
      vertex -3.91234 -5.09406 24.2
      vertex -3.77075 -5.19 24.2
    endloop
  endfacet
  facet normal 0.505698 0.86271 0
    outer loop
      vertex -4.05989 -5.00757 23
      vertex -3.91234 -5.09406 24.2
      vertex -3.91234 -5.09406 23
    endloop
  endfacet
  facet normal 0.505698 0.86271 -0
    outer loop
      vertex -4.05989 -5.00757 23
      vertex -4.05989 -5.00757 24.2
      vertex -3.91234 -5.09406 24.2
    endloop
  endfacet
  facet normal 0.448172 0.893947 0
    outer loop
      vertex -4.21278 -4.93092 23
      vertex -4.05989 -5.00757 24.2
      vertex -4.05989 -5.00757 23
    endloop
  endfacet
  facet normal 0.448172 0.893947 -0
    outer loop
      vertex -4.21278 -4.93092 23
      vertex -4.21278 -4.93092 24.2
      vertex -4.05989 -5.00757 24.2
    endloop
  endfacet
  facet normal 0.388705 0.921362 0
    outer loop
      vertex -4.37036 -4.86444 23
      vertex -4.21278 -4.93092 24.2
      vertex -4.21278 -4.93092 23
    endloop
  endfacet
  facet normal 0.388705 0.921362 -0
    outer loop
      vertex -4.37036 -4.86444 23
      vertex -4.37036 -4.86444 24.2
      vertex -4.21278 -4.93092 24.2
    endloop
  endfacet
  facet normal 0.327607 0.944814 0
    outer loop
      vertex -4.53195 -4.80841 23
      vertex -4.37036 -4.86444 24.2
      vertex -4.37036 -4.86444 23
    endloop
  endfacet
  facet normal 0.327607 0.944814 -0
    outer loop
      vertex -4.53195 -4.80841 23
      vertex -4.53195 -4.80841 24.2
      vertex -4.37036 -4.86444 24.2
    endloop
  endfacet
  facet normal 0.26517 0.964202 0
    outer loop
      vertex -4.69685 -4.76306 23
      vertex -4.53195 -4.80841 24.2
      vertex -4.53195 -4.80841 23
    endloop
  endfacet
  facet normal 0.26517 0.964202 -0
    outer loop
      vertex -4.69685 -4.76306 23
      vertex -4.69685 -4.76306 24.2
      vertex -4.53195 -4.80841 24.2
    endloop
  endfacet
  facet normal 0.201532 0.979482 0
    outer loop
      vertex -4.86438 -4.72859 23
      vertex -4.69685 -4.76306 24.2
      vertex -4.69685 -4.76306 23
    endloop
  endfacet
  facet normal 0.201532 0.979482 -0
    outer loop
      vertex -4.86438 -4.72859 23
      vertex -4.86438 -4.72859 24.2
      vertex -4.69685 -4.76306 24.2
    endloop
  endfacet
  facet normal 0.136934 0.99058 0
    outer loop
      vertex -5.0338 -4.70517 23
      vertex -4.86438 -4.72859 24.2
      vertex -4.86438 -4.72859 23
    endloop
  endfacet
  facet normal 0.136934 0.99058 -0
    outer loop
      vertex -5.0338 -4.70517 23
      vertex -5.0338 -4.70517 24.2
      vertex -4.86438 -4.72859 24.2
    endloop
  endfacet
  facet normal 0.0719784 0.997406 0
    outer loop
      vertex -5.20438 -4.69286 23
      vertex -5.0338 -4.70517 24.2
      vertex -5.0338 -4.70517 23
    endloop
  endfacet
  facet normal 0.0719784 0.997406 -0
    outer loop
      vertex -5.20438 -4.69286 23
      vertex -5.20438 -4.69286 24.2
      vertex -5.0338 -4.70517 24.2
    endloop
  endfacet
  facet normal 0.0065488 0.999979 0
    outer loop
      vertex -5.3754 -4.69174 23
      vertex -5.20438 -4.69286 24.2
      vertex -5.20438 -4.69286 23
    endloop
  endfacet
  facet normal 0.0065488 0.999979 -0
    outer loop
      vertex -5.3754 -4.69174 23
      vertex -5.3754 -4.69174 24.2
      vertex -5.20438 -4.69286 24.2
    endloop
  endfacet
  facet normal -0.0588763 0.998265 0
    outer loop
      vertex -5.54614 -4.70181 23
      vertex -5.3754 -4.69174 24.2
      vertex -5.3754 -4.69174 23
    endloop
  endfacet
  facet normal -0.0588763 0.998265 0
    outer loop
      vertex -5.54614 -4.70181 23
      vertex -5.54614 -4.70181 24.2
      vertex -5.3754 -4.69174 24.2
    endloop
  endfacet
  facet normal -0.124013 0.992281 0
    outer loop
      vertex -5.71585 -4.72302 23
      vertex -5.54614 -4.70181 24.2
      vertex -5.54614 -4.70181 23
    endloop
  endfacet
  facet normal -0.124013 0.992281 0
    outer loop
      vertex -5.71585 -4.72302 23
      vertex -5.71585 -4.72302 24.2
      vertex -5.54614 -4.70181 24.2
    endloop
  endfacet
  facet normal -0.188689 0.982037 0
    outer loop
      vertex -5.8838 -4.75529 23
      vertex -5.71585 -4.72302 24.2
      vertex -5.71585 -4.72302 23
    endloop
  endfacet
  facet normal -0.188689 0.982037 0
    outer loop
      vertex -5.8838 -4.75529 23
      vertex -5.8838 -4.75529 24.2
      vertex -5.71585 -4.72302 24.2
    endloop
  endfacet
  facet normal -0.252524 0.967591 0
    outer loop
      vertex -6.04929 -4.79848 23
      vertex -5.8838 -4.75529 24.2
      vertex -5.8838 -4.75529 23
    endloop
  endfacet
  facet normal -0.252524 0.967591 0
    outer loop
      vertex -6.04929 -4.79848 23
      vertex -6.04929 -4.79848 24.2
      vertex -5.8838 -4.75529 24.2
    endloop
  endfacet
  facet normal -0.315228 0.949016 0
    outer loop
      vertex -6.21159 -4.85239 23
      vertex -6.04929 -4.79848 24.2
      vertex -6.04929 -4.79848 23
    endloop
  endfacet
  facet normal -0.315228 0.949016 0
    outer loop
      vertex -6.21159 -4.85239 23
      vertex -6.21159 -4.85239 24.2
      vertex -6.04929 -4.79848 24.2
    endloop
  endfacet
  facet normal -0.376626 0.926365 0
    outer loop
      vertex -6.37004 -4.91681 23
      vertex -6.21159 -4.85239 24.2
      vertex -6.21159 -4.85239 23
    endloop
  endfacet
  facet normal -0.376626 0.926365 0
    outer loop
      vertex -6.37004 -4.91681 23
      vertex -6.37004 -4.91681 24.2
      vertex -6.21159 -4.85239 24.2
    endloop
  endfacet
  facet normal -0.436398 0.899754 0
    outer loop
      vertex -6.52391 -4.99144 23
      vertex -6.37004 -4.91681 24.2
      vertex -6.37004 -4.91681 23
    endloop
  endfacet
  facet normal -0.436398 0.899754 0
    outer loop
      vertex -6.52391 -4.99144 23
      vertex -6.52391 -4.99144 24.2
      vertex -6.37004 -4.91681 24.2
    endloop
  endfacet
  facet normal -0.494331 0.869274 0
    outer loop
      vertex -6.67259 -5.07599 23
      vertex -6.52391 -4.99144 24.2
      vertex -6.52391 -4.99144 23
    endloop
  endfacet
  facet normal -0.494331 0.869274 0
    outer loop
      vertex -6.67259 -5.07599 23
      vertex -6.67259 -5.07599 24.2
      vertex -6.52391 -4.99144 24.2
    endloop
  endfacet
  facet normal -0.550104 0.835096 0
    outer loop
      vertex -6.81541 -5.17007 23
      vertex -6.67259 -5.07599 24.2
      vertex -6.67259 -5.07599 23
    endloop
  endfacet
  facet normal -0.550104 0.835096 0
    outer loop
      vertex -6.81541 -5.17007 23
      vertex -6.81541 -5.17007 24.2
      vertex -6.67259 -5.07599 24.2
    endloop
  endfacet
  facet normal -0.603558 0.797319 0
    outer loop
      vertex -6.95178 -5.2733 23
      vertex -6.81541 -5.17007 24.2
      vertex -6.81541 -5.17007 23
    endloop
  endfacet
  facet normal -0.603558 0.797319 0
    outer loop
      vertex -6.95178 -5.2733 23
      vertex -6.95178 -5.2733 24.2
      vertex -6.81541 -5.17007 24.2
    endloop
  endfacet
  facet normal -0.654405 0.756144 0
    outer loop
      vertex -7.0811 -5.38522 23
      vertex -6.95178 -5.2733 24.2
      vertex -6.95178 -5.2733 23
    endloop
  endfacet
  facet normal -0.654405 0.756144 0
    outer loop
      vertex -7.0811 -5.38522 23
      vertex -7.0811 -5.38522 24.2
      vertex -6.95178 -5.2733 24.2
    endloop
  endfacet
  facet normal -0.702472 0.711711 0
    outer loop
      vertex -7.20282 -5.50536 23
      vertex -7.0811 -5.38522 24.2
      vertex -7.0811 -5.38522 23
    endloop
  endfacet
  facet normal -0.702472 0.711711 0
    outer loop
      vertex -7.20282 -5.50536 23
      vertex -7.20282 -5.50536 24.2
      vertex -7.0811 -5.38522 24.2
    endloop
  endfacet
  facet normal -0.74748 0.664284 0
    outer loop
      vertex -7.31644 -5.63321 23
      vertex -7.20282 -5.50536 24.2
      vertex -7.20282 -5.50536 23
    endloop
  endfacet
  facet normal -0.74748 0.664284 0
    outer loop
      vertex -7.31644 -5.63321 23
      vertex -7.31644 -5.63321 24.2
      vertex -7.20282 -5.50536 24.2
    endloop
  endfacet
  facet normal -0.789359 0.613933 0
    outer loop
      vertex -7.42143 -5.7682 23
      vertex -7.31644 -5.63321 24.2
      vertex -7.31644 -5.63321 23
    endloop
  endfacet
  facet normal -0.789359 0.613933 0
    outer loop
      vertex -7.42143 -5.7682 23
      vertex -7.42143 -5.7682 24.2
      vertex -7.31644 -5.63321 24.2
    endloop
  endfacet
  facet normal -0.827826 0.560985 0
    outer loop
      vertex -7.51738 -5.90979 23
      vertex -7.42143 -5.7682 24.2
      vertex -7.42143 -5.7682 23
    endloop
  endfacet
  facet normal -0.827826 0.560985 0
    outer loop
      vertex -7.51738 -5.90979 23
      vertex -7.51738 -5.90979 24.2
      vertex -7.42143 -5.7682 24.2
    endloop
  endfacet
  facet normal -0.86271 0.505698 0
    outer loop
      vertex -7.60387 -6.05734 23
      vertex -7.51738 -5.90979 24.2
      vertex -7.51738 -5.90979 23
    endloop
  endfacet
  facet normal -0.86271 0.505698 0
    outer loop
      vertex -7.60387 -6.05734 23
      vertex -7.60387 -6.05734 24.2
      vertex -7.51738 -5.90979 24.2
    endloop
  endfacet
  facet normal -0.893982 0.448102 0
    outer loop
      vertex -7.68051 -6.21024 23
      vertex -7.60387 -6.05734 24.2
      vertex -7.60387 -6.05734 23
    endloop
  endfacet
  facet normal -0.893982 0.448102 0
    outer loop
      vertex -7.68051 -6.21024 23
      vertex -7.68051 -6.21024 24.2
      vertex -7.60387 -6.05734 24.2
    endloop
  endfacet
  facet normal -0.921353 0.388726 0
    outer loop
      vertex -7.74699 -6.36781 23
      vertex -7.68051 -6.21024 24.2
      vertex -7.68051 -6.21024 23
    endloop
  endfacet
  facet normal -0.921353 0.388726 0
    outer loop
      vertex -7.74699 -6.36781 23
      vertex -7.74699 -6.36781 24.2
      vertex -7.68051 -6.21024 24.2
    endloop
  endfacet
  facet normal -0.944814 0.327607 0
    outer loop
      vertex -7.80302 -6.5294 23
      vertex -7.74699 -6.36781 24.2
      vertex -7.74699 -6.36781 23
    endloop
  endfacet
  facet normal -0.944814 0.327607 0
    outer loop
      vertex -7.80302 -6.5294 23
      vertex -7.80302 -6.5294 24.2
      vertex -7.74699 -6.36781 24.2
    endloop
  endfacet
  facet normal -0.964206 0.265155 0
    outer loop
      vertex -7.84837 -6.69431 23
      vertex -7.80302 -6.5294 24.2
      vertex -7.80302 -6.5294 23
    endloop
  endfacet
  facet normal -0.964206 0.265155 0
    outer loop
      vertex -7.84837 -6.69431 23
      vertex -7.84837 -6.69431 24.2
      vertex -7.80302 -6.5294 24.2
    endloop
  endfacet
  facet normal -0.979479 0.201544 0
    outer loop
      vertex -7.88284 -6.86183 23
      vertex -7.84837 -6.69431 24.2
      vertex -7.84837 -6.69431 23
    endloop
  endfacet
  facet normal -0.979479 0.201544 0
    outer loop
      vertex -7.88284 -6.86183 23
      vertex -7.88284 -6.86183 24.2
      vertex -7.84837 -6.69431 24.2
    endloop
  endfacet
  facet normal -0.990572 0.136992 0
    outer loop
      vertex -7.90627 -7.03125 23
      vertex -7.88284 -6.86183 24.2
      vertex -7.88284 -6.86183 23
    endloop
  endfacet
  facet normal -0.990572 0.136992 0
    outer loop
      vertex -7.90627 -7.03125 23
      vertex -7.90627 -7.03125 24.2
      vertex -7.88284 -6.86183 24.2
    endloop
  endfacet
  facet normal -0.997406 0.0719784 0
    outer loop
      vertex -7.91858 -7.20183 23
      vertex -7.90627 -7.03125 24.2
      vertex -7.90627 -7.03125 23
    endloop
  endfacet
  facet normal -0.997406 0.0719784 0
    outer loop
      vertex -7.91858 -7.20183 23
      vertex -7.91858 -7.20183 24.2
      vertex -7.90627 -7.03125 24.2
    endloop
  endfacet
  facet normal -0.999979 0.00648995 0
    outer loop
      vertex -7.91969 -7.37286 23
      vertex -7.91858 -7.20183 24.2
      vertex -7.91858 -7.20183 23
    endloop
  endfacet
  facet normal -0.999979 0.00648995 0
    outer loop
      vertex -7.91969 -7.37286 23
      vertex -7.91969 -7.37286 24.2
      vertex -7.91858 -7.20183 24.2
    endloop
  endfacet
  facet normal -0.998265 -0.0588797 0
    outer loop
      vertex -7.90962 -7.54359 23
      vertex -7.91969 -7.37286 24.2
      vertex -7.91969 -7.37286 23
    endloop
  endfacet
  facet normal -0.998265 -0.0588797 0
    outer loop
      vertex -7.90962 -7.54359 23
      vertex -7.90962 -7.54359 24.2
      vertex -7.91969 -7.37286 24.2
    endloop
  endfacet
  facet normal -0.992281 -0.124013 0
    outer loop
      vertex -7.88841 -7.7133 23
      vertex -7.90962 -7.54359 24.2
      vertex -7.90962 -7.54359 23
    endloop
  endfacet
  facet normal -0.992281 -0.124013 0
    outer loop
      vertex -7.88841 -7.7133 23
      vertex -7.88841 -7.7133 24.2
      vertex -7.90962 -7.54359 24.2
    endloop
  endfacet
  facet normal -0.982039 -0.188678 0
    outer loop
      vertex -7.85614 -7.88126 23
      vertex -7.88841 -7.7133 24.2
      vertex -7.88841 -7.7133 23
    endloop
  endfacet
  facet normal -0.982039 -0.188678 0
    outer loop
      vertex -7.85614 -7.88126 23
      vertex -7.85614 -7.88126 24.2
      vertex -7.88841 -7.7133 24.2
    endloop
  endfacet
  facet normal -0.967605 -0.252469 0
    outer loop
      vertex -7.81296 -8.04675 23
      vertex -7.85614 -7.88126 24.2
      vertex -7.85614 -7.88126 23
    endloop
  endfacet
  facet normal -0.967605 -0.252469 0
    outer loop
      vertex -7.81296 -8.04675 23
      vertex -7.81296 -8.04675 24.2
      vertex -7.85614 -7.88126 24.2
    endloop
  endfacet
  facet normal -0.949022 -0.31521 0
    outer loop
      vertex -7.75905 -8.20906 23
      vertex -7.81296 -8.04675 24.2
      vertex -7.81296 -8.04675 23
    endloop
  endfacet
  facet normal -0.949022 -0.31521 0
    outer loop
      vertex -7.75905 -8.20906 23
      vertex -7.75905 -8.20906 24.2
      vertex -7.81296 -8.04675 24.2
    endloop
  endfacet
  facet normal -0.926349 -0.376667 0
    outer loop
      vertex -7.69463 -8.36749 23
      vertex -7.75905 -8.20906 24.2
      vertex -7.75905 -8.20906 23
    endloop
  endfacet
  facet normal -0.926349 -0.376667 0
    outer loop
      vertex -7.69463 -8.36749 23
      vertex -7.69463 -8.36749 24.2
      vertex -7.75905 -8.20906 24.2
    endloop
  endfacet
  facet normal -0.899776 -0.436352 0
    outer loop
      vertex -7.62 -8.52138 23
      vertex -7.69463 -8.36749 24.2
      vertex -7.69463 -8.36749 23
    endloop
  endfacet
  facet normal -0.899776 -0.436352 0
    outer loop
      vertex -7.62 -8.52138 23
      vertex -7.62 -8.52138 24.2
      vertex -7.69463 -8.36749 24.2
    endloop
  endfacet
  facet normal -0.869245 -0.494381 0
    outer loop
      vertex -7.53545 -8.67004 23
      vertex -7.62 -8.52138 24.2
      vertex -7.62 -8.52138 23
    endloop
  endfacet
  facet normal -0.869245 -0.494381 0
    outer loop
      vertex -7.53545 -8.67004 23
      vertex -7.53545 -8.67004 24.2
      vertex -7.62 -8.52138 24.2
    endloop
  endfacet
  facet normal -0.835087 -0.550118 0
    outer loop
      vertex -7.44136 -8.81287 23
      vertex -7.53545 -8.67004 24.2
      vertex -7.53545 -8.67004 23
    endloop
  endfacet
  facet normal -0.835087 -0.550118 0
    outer loop
      vertex -7.44136 -8.81287 23
      vertex -7.44136 -8.81287 24.2
      vertex -7.53545 -8.67004 24.2
    endloop
  endfacet
  facet normal -0.797298 -0.603586 0
    outer loop
      vertex -7.33813 -8.94923 23
      vertex -7.44136 -8.81287 24.2
      vertex -7.44136 -8.81287 23
    endloop
  endfacet
  facet normal -0.797298 -0.603586 0
    outer loop
      vertex -7.33813 -8.94923 23
      vertex -7.33813 -8.94923 24.2
      vertex -7.44136 -8.81287 24.2
    endloop
  endfacet
  facet normal -0.756144 -0.654405 0
    outer loop
      vertex -7.22621 -9.07855 23
      vertex -7.33813 -8.94923 24.2
      vertex -7.33813 -8.94923 23
    endloop
  endfacet
  facet normal -0.756144 -0.654405 0
    outer loop
      vertex -7.22621 -9.07855 23
      vertex -7.22621 -9.07855 24.2
      vertex -7.33813 -8.94923 24.2
    endloop
  endfacet
  facet normal -0.711739 -0.702444 0
    outer loop
      vertex -7.10606 -9.20029 23
      vertex -7.22621 -9.07855 24.2
      vertex -7.22621 -9.07855 23
    endloop
  endfacet
  facet normal -0.711739 -0.702444 0
    outer loop
      vertex -7.10606 -9.20029 23
      vertex -7.10606 -9.20029 24.2
      vertex -7.22621 -9.07855 24.2
    endloop
  endfacet
  facet normal -0.664277 -0.747487 0
    outer loop
      vertex -6.97823 -9.31389 23
      vertex -7.10606 -9.20029 24.2
      vertex -7.10606 -9.20029 23
    endloop
  endfacet
  facet normal -0.664277 -0.747487 0
    outer loop
      vertex -6.97823 -9.31389 23
      vertex -6.97823 -9.31389 24.2
      vertex -7.10606 -9.20029 24.2
    endloop
  endfacet
  facet normal -0.613876 -0.789403 0
    outer loop
      vertex -6.84322 -9.41888 23
      vertex -6.97823 -9.31389 24.2
      vertex -6.97823 -9.31389 23
    endloop
  endfacet
  facet normal -0.613876 -0.789403 0
    outer loop
      vertex -6.84322 -9.41888 23
      vertex -6.84322 -9.41888 24.2
      vertex -6.97823 -9.31389 24.2
    endloop
  endfacet
  facet normal -0.561092 -0.827753 0
    outer loop
      vertex -6.70164 -9.51485 23
      vertex -6.84322 -9.41888 24.2
      vertex -6.84322 -9.41888 23
    endloop
  endfacet
  facet normal -0.561092 -0.827753 0
    outer loop
      vertex -6.70164 -9.51485 23
      vertex -6.70164 -9.51485 24.2
      vertex -6.84322 -9.41888 24.2
    endloop
  endfacet
  facet normal -0.505611 -0.862761 0
    outer loop
      vertex -6.55409 -9.60132 23
      vertex -6.70164 -9.51485 24.2
      vertex -6.70164 -9.51485 23
    endloop
  endfacet
  facet normal -0.505611 -0.862761 0
    outer loop
      vertex -6.55409 -9.60132 23
      vertex -6.55409 -9.60132 24.2
      vertex -6.70164 -9.51485 24.2
    endloop
  endfacet
  facet normal -0.448126 -0.893971 0
    outer loop
      vertex -6.4012 -9.67796 23
      vertex -6.55409 -9.60132 24.2
      vertex -6.55409 -9.60132 23
    endloop
  endfacet
  facet normal -0.448126 -0.893971 0
    outer loop
      vertex -6.4012 -9.67796 23
      vertex -6.4012 -9.67796 24.2
      vertex -6.55409 -9.60132 24.2
    endloop
  endfacet
  facet normal -0.388755 -0.921341 0
    outer loop
      vertex -6.24362 -9.74445 23
      vertex -6.4012 -9.67796 24.2
      vertex -6.4012 -9.67796 23
    endloop
  endfacet
  facet normal -0.388755 -0.921341 0
    outer loop
      vertex -6.24362 -9.74445 23
      vertex -6.24362 -9.74445 24.2
      vertex -6.4012 -9.67796 24.2
    endloop
  endfacet
  facet normal -0.327659 -0.944796 0
    outer loop
      vertex -6.08203 -9.80049 23
      vertex -6.24362 -9.74445 24.2
      vertex -6.24362 -9.74445 23
    endloop
  endfacet
  facet normal -0.327659 -0.944796 0
    outer loop
      vertex -6.08203 -9.80049 23
      vertex -6.08203 -9.80049 24.2
      vertex -6.24362 -9.74445 24.2
    endloop
  endfacet
  facet normal -0.265086 -0.964225 0
    outer loop
      vertex -5.91711 -9.84583 23
      vertex -6.08203 -9.80049 24.2
      vertex -6.08203 -9.80049 23
    endloop
  endfacet
  facet normal -0.265086 -0.964225 0
    outer loop
      vertex -5.91711 -9.84583 23
      vertex -5.91711 -9.84583 24.2
      vertex -6.08203 -9.80049 24.2
    endloop
  endfacet
  facet normal -0.201499 -0.979489 0
    outer loop
      vertex -5.7496 -9.88029 23
      vertex -5.91711 -9.84583 24.2
      vertex -5.91711 -9.84583 23
    endloop
  endfacet
  facet normal -0.201499 -0.979489 0
    outer loop
      vertex -5.7496 -9.88029 23
      vertex -5.7496 -9.88029 24.2
      vertex -5.91711 -9.84583 24.2
    endloop
  endfacet
  facet normal -0.137049 -0.990564 0
    outer loop
      vertex -5.58018 -9.90373 23
      vertex -5.7496 -9.88029 24.2
      vertex -5.7496 -9.88029 23
    endloop
  endfacet
  facet normal -0.137049 -0.990564 0
    outer loop
      vertex -5.58018 -9.90373 23
      vertex -5.58018 -9.90373 24.2
      vertex -5.7496 -9.88029 24.2
    endloop
  endfacet
  facet normal -0.071916 -0.997411 0
    outer loop
      vertex -5.40959 -9.91603 23
      vertex -5.58018 -9.90373 24.2
      vertex -5.58018 -9.90373 23
    endloop
  endfacet
  facet normal -0.071916 -0.997411 0
    outer loop
      vertex -5.40959 -9.91603 23
      vertex -5.40959 -9.91603 24.2
      vertex -5.58018 -9.90373 24.2
    endloop
  endfacet
  facet normal -0.00649033 -0.999979 0
    outer loop
      vertex -5.23857 -9.91714 23
      vertex -5.40959 -9.91603 24.2
      vertex -5.40959 -9.91603 23
    endloop
  endfacet
  facet normal -0.00649033 -0.999979 0
    outer loop
      vertex -5.23857 -9.91714 23
      vertex -5.23857 -9.91714 24.2
      vertex -5.40959 -9.91603 24.2
    endloop
  endfacet
  facet normal 0.0588797 -0.998265 0
    outer loop
      vertex -5.06784 -9.90707 23
      vertex -5.23857 -9.91714 24.2
      vertex -5.23857 -9.91714 23
    endloop
  endfacet
  facet normal 0.0588797 -0.998265 0
    outer loop
      vertex -5.06784 -9.90707 23
      vertex -5.06784 -9.90707 24.2
      vertex -5.23857 -9.91714 24.2
    endloop
  endfacet
  facet normal 0.071916 -0.997411 0
    outer loop
      vertex 5.58018 -9.90373 23
      vertex 5.40959 -9.91603 24.2
      vertex 5.40959 -9.91603 23
    endloop
  endfacet
  facet normal 0.071916 -0.997411 0
    outer loop
      vertex 5.58018 -9.90373 23
      vertex 5.58018 -9.90373 24.2
      vertex 5.40959 -9.91603 24.2
    endloop
  endfacet
  facet normal 0.137049 -0.990564 0
    outer loop
      vertex 5.7496 -9.88029 23
      vertex 5.58018 -9.90373 24.2
      vertex 5.58018 -9.90373 23
    endloop
  endfacet
  facet normal 0.137049 -0.990564 0
    outer loop
      vertex 5.7496 -9.88029 23
      vertex 5.7496 -9.88029 24.2
      vertex 5.58018 -9.90373 24.2
    endloop
  endfacet
  facet normal 0.201499 -0.979489 0
    outer loop
      vertex 5.91711 -9.84583 23
      vertex 5.7496 -9.88029 24.2
      vertex 5.7496 -9.88029 23
    endloop
  endfacet
  facet normal 0.201499 -0.979489 0
    outer loop
      vertex 5.91711 -9.84583 23
      vertex 5.91711 -9.84583 24.2
      vertex 5.7496 -9.88029 24.2
    endloop
  endfacet
  facet normal 0.265086 -0.964225 0
    outer loop
      vertex 6.08203 -9.80049 23
      vertex 5.91711 -9.84583 24.2
      vertex 5.91711 -9.84583 23
    endloop
  endfacet
  facet normal 0.265086 -0.964225 0
    outer loop
      vertex 6.08203 -9.80049 23
      vertex 6.08203 -9.80049 24.2
      vertex 5.91711 -9.84583 24.2
    endloop
  endfacet
  facet normal 0.327659 -0.944796 0
    outer loop
      vertex 6.24362 -9.74445 23
      vertex 6.08203 -9.80049 24.2
      vertex 6.08203 -9.80049 23
    endloop
  endfacet
  facet normal 0.327659 -0.944796 0
    outer loop
      vertex 6.24362 -9.74445 23
      vertex 6.24362 -9.74445 24.2
      vertex 6.08203 -9.80049 24.2
    endloop
  endfacet
  facet normal 0.388755 -0.921341 0
    outer loop
      vertex 6.4012 -9.67796 23
      vertex 6.24362 -9.74445 24.2
      vertex 6.24362 -9.74445 23
    endloop
  endfacet
  facet normal 0.388755 -0.921341 0
    outer loop
      vertex 6.4012 -9.67796 23
      vertex 6.4012 -9.67796 24.2
      vertex 6.24362 -9.74445 24.2
    endloop
  endfacet
  facet normal 0.448126 -0.893971 0
    outer loop
      vertex 6.55409 -9.60132 23
      vertex 6.4012 -9.67796 24.2
      vertex 6.4012 -9.67796 23
    endloop
  endfacet
  facet normal 0.448126 -0.893971 0
    outer loop
      vertex 6.55409 -9.60132 23
      vertex 6.55409 -9.60132 24.2
      vertex 6.4012 -9.67796 24.2
    endloop
  endfacet
  facet normal 0.505611 -0.862761 0
    outer loop
      vertex 6.70164 -9.51485 23
      vertex 6.55409 -9.60132 24.2
      vertex 6.55409 -9.60132 23
    endloop
  endfacet
  facet normal 0.505611 -0.862761 0
    outer loop
      vertex 6.70164 -9.51485 23
      vertex 6.70164 -9.51485 24.2
      vertex 6.55409 -9.60132 24.2
    endloop
  endfacet
  facet normal 0.561092 -0.827753 0
    outer loop
      vertex 6.84322 -9.41888 23
      vertex 6.70164 -9.51485 24.2
      vertex 6.70164 -9.51485 23
    endloop
  endfacet
  facet normal 0.561092 -0.827753 0
    outer loop
      vertex 6.84322 -9.41888 23
      vertex 6.84322 -9.41888 24.2
      vertex 6.70164 -9.51485 24.2
    endloop
  endfacet
  facet normal 0.613876 -0.789403 0
    outer loop
      vertex 6.97823 -9.31389 23
      vertex 6.84322 -9.41888 24.2
      vertex 6.84322 -9.41888 23
    endloop
  endfacet
  facet normal 0.613876 -0.789403 0
    outer loop
      vertex 6.97823 -9.31389 23
      vertex 6.97823 -9.31389 24.2
      vertex 6.84322 -9.41888 24.2
    endloop
  endfacet
  facet normal 0.664277 -0.747487 0
    outer loop
      vertex 7.10606 -9.20029 23
      vertex 6.97823 -9.31389 24.2
      vertex 6.97823 -9.31389 23
    endloop
  endfacet
  facet normal 0.664277 -0.747487 0
    outer loop
      vertex 7.10606 -9.20029 23
      vertex 7.10606 -9.20029 24.2
      vertex 6.97823 -9.31389 24.2
    endloop
  endfacet
  facet normal 0.711739 -0.702444 0
    outer loop
      vertex 7.22621 -9.07855 23
      vertex 7.10606 -9.20029 24.2
      vertex 7.10606 -9.20029 23
    endloop
  endfacet
  facet normal 0.711739 -0.702444 0
    outer loop
      vertex 7.22621 -9.07855 23
      vertex 7.22621 -9.07855 24.2
      vertex 7.10606 -9.20029 24.2
    endloop
  endfacet
  facet normal 0.756144 -0.654405 0
    outer loop
      vertex 7.33813 -8.94923 23
      vertex 7.22621 -9.07855 24.2
      vertex 7.22621 -9.07855 23
    endloop
  endfacet
  facet normal 0.756144 -0.654405 0
    outer loop
      vertex 7.33813 -8.94923 23
      vertex 7.33813 -8.94923 24.2
      vertex 7.22621 -9.07855 24.2
    endloop
  endfacet
  facet normal 0.797298 -0.603586 0
    outer loop
      vertex 7.44136 -8.81287 23
      vertex 7.33813 -8.94923 24.2
      vertex 7.33813 -8.94923 23
    endloop
  endfacet
  facet normal 0.797298 -0.603586 0
    outer loop
      vertex 7.44136 -8.81287 23
      vertex 7.44136 -8.81287 24.2
      vertex 7.33813 -8.94923 24.2
    endloop
  endfacet
  facet normal 0.835087 -0.550118 0
    outer loop
      vertex 7.53545 -8.67004 23
      vertex 7.44136 -8.81287 24.2
      vertex 7.44136 -8.81287 23
    endloop
  endfacet
  facet normal 0.835087 -0.550118 0
    outer loop
      vertex 7.53545 -8.67004 23
      vertex 7.53545 -8.67004 24.2
      vertex 7.44136 -8.81287 24.2
    endloop
  endfacet
  facet normal 0.869245 -0.494381 0
    outer loop
      vertex 7.62 -8.52138 23
      vertex 7.53545 -8.67004 24.2
      vertex 7.53545 -8.67004 23
    endloop
  endfacet
  facet normal 0.869245 -0.494381 0
    outer loop
      vertex 7.62 -8.52138 23
      vertex 7.62 -8.52138 24.2
      vertex 7.53545 -8.67004 24.2
    endloop
  endfacet
  facet normal 0.899776 -0.436352 0
    outer loop
      vertex 7.69463 -8.36749 23
      vertex 7.62 -8.52138 24.2
      vertex 7.62 -8.52138 23
    endloop
  endfacet
  facet normal 0.899776 -0.436352 0
    outer loop
      vertex 7.69463 -8.36749 23
      vertex 7.69463 -8.36749 24.2
      vertex 7.62 -8.52138 24.2
    endloop
  endfacet
  facet normal 0.926349 -0.376667 0
    outer loop
      vertex 7.75905 -8.20906 23
      vertex 7.69463 -8.36749 24.2
      vertex 7.69463 -8.36749 23
    endloop
  endfacet
  facet normal 0.926349 -0.376667 0
    outer loop
      vertex 7.75905 -8.20906 23
      vertex 7.75905 -8.20906 24.2
      vertex 7.69463 -8.36749 24.2
    endloop
  endfacet
  facet normal 0.949022 -0.31521 0
    outer loop
      vertex 7.81296 -8.04675 23
      vertex 7.75905 -8.20906 24.2
      vertex 7.75905 -8.20906 23
    endloop
  endfacet
  facet normal 0.949022 -0.31521 0
    outer loop
      vertex 7.81296 -8.04675 23
      vertex 7.81296 -8.04675 24.2
      vertex 7.75905 -8.20906 24.2
    endloop
  endfacet
  facet normal 0.967605 -0.252469 0
    outer loop
      vertex 7.85614 -7.88126 23
      vertex 7.81296 -8.04675 24.2
      vertex 7.81296 -8.04675 23
    endloop
  endfacet
  facet normal 0.967605 -0.252469 0
    outer loop
      vertex 7.85614 -7.88126 23
      vertex 7.85614 -7.88126 24.2
      vertex 7.81296 -8.04675 24.2
    endloop
  endfacet
  facet normal 0.982039 -0.188678 0
    outer loop
      vertex 7.88841 -7.7133 23
      vertex 7.85614 -7.88126 24.2
      vertex 7.85614 -7.88126 23
    endloop
  endfacet
  facet normal 0.982039 -0.188678 0
    outer loop
      vertex 7.88841 -7.7133 23
      vertex 7.88841 -7.7133 24.2
      vertex 7.85614 -7.88126 24.2
    endloop
  endfacet
  facet normal 0.992281 -0.124013 0
    outer loop
      vertex 7.90962 -7.54359 23
      vertex 7.88841 -7.7133 24.2
      vertex 7.88841 -7.7133 23
    endloop
  endfacet
  facet normal 0.992281 -0.124013 0
    outer loop
      vertex 7.90962 -7.54359 23
      vertex 7.90962 -7.54359 24.2
      vertex 7.88841 -7.7133 24.2
    endloop
  endfacet
  facet normal 0.998265 -0.0588797 0
    outer loop
      vertex 7.91969 -7.37286 23
      vertex 7.90962 -7.54359 24.2
      vertex 7.90962 -7.54359 23
    endloop
  endfacet
  facet normal 0.998265 -0.0588797 0
    outer loop
      vertex 7.91969 -7.37286 23
      vertex 7.91969 -7.37286 24.2
      vertex 7.90962 -7.54359 24.2
    endloop
  endfacet
  facet normal 0.999979 0.00648995 0
    outer loop
      vertex 7.91858 -7.20183 23
      vertex 7.91969 -7.37286 24.2
      vertex 7.91969 -7.37286 23
    endloop
  endfacet
  facet normal 0.999979 0.00648995 -0
    outer loop
      vertex 7.91858 -7.20183 23
      vertex 7.91858 -7.20183 24.2
      vertex 7.91969 -7.37286 24.2
    endloop
  endfacet
  facet normal 0.997406 0.0719784 0
    outer loop
      vertex 7.90627 -7.03125 23
      vertex 7.91858 -7.20183 24.2
      vertex 7.91858 -7.20183 23
    endloop
  endfacet
  facet normal 0.997406 0.0719784 -0
    outer loop
      vertex 7.90627 -7.03125 23
      vertex 7.90627 -7.03125 24.2
      vertex 7.91858 -7.20183 24.2
    endloop
  endfacet
  facet normal 0.990572 0.136992 0
    outer loop
      vertex 7.88284 -6.86183 23
      vertex 7.90627 -7.03125 24.2
      vertex 7.90627 -7.03125 23
    endloop
  endfacet
  facet normal 0.990572 0.136992 -0
    outer loop
      vertex 7.88284 -6.86183 23
      vertex 7.88284 -6.86183 24.2
      vertex 7.90627 -7.03125 24.2
    endloop
  endfacet
  facet normal 0.979479 0.201544 0
    outer loop
      vertex 7.84837 -6.69431 23
      vertex 7.88284 -6.86183 24.2
      vertex 7.88284 -6.86183 23
    endloop
  endfacet
  facet normal 0.979479 0.201544 -0
    outer loop
      vertex 7.84837 -6.69431 23
      vertex 7.84837 -6.69431 24.2
      vertex 7.88284 -6.86183 24.2
    endloop
  endfacet
  facet normal 0.964206 0.265155 0
    outer loop
      vertex 7.80302 -6.5294 23
      vertex 7.84837 -6.69431 24.2
      vertex 7.84837 -6.69431 23
    endloop
  endfacet
  facet normal 0.964206 0.265155 -0
    outer loop
      vertex 7.80302 -6.5294 23
      vertex 7.80302 -6.5294 24.2
      vertex 7.84837 -6.69431 24.2
    endloop
  endfacet
  facet normal 0.944814 0.327607 0
    outer loop
      vertex 7.74699 -6.36781 23
      vertex 7.80302 -6.5294 24.2
      vertex 7.80302 -6.5294 23
    endloop
  endfacet
  facet normal 0.944814 0.327607 -0
    outer loop
      vertex 7.74699 -6.36781 23
      vertex 7.74699 -6.36781 24.2
      vertex 7.80302 -6.5294 24.2
    endloop
  endfacet
  facet normal 0.921353 0.388726 0
    outer loop
      vertex 7.68051 -6.21024 23
      vertex 7.74699 -6.36781 24.2
      vertex 7.74699 -6.36781 23
    endloop
  endfacet
  facet normal 0.921353 0.388726 -0
    outer loop
      vertex 7.68051 -6.21024 23
      vertex 7.68051 -6.21024 24.2
      vertex 7.74699 -6.36781 24.2
    endloop
  endfacet
  facet normal 0.893982 0.448102 0
    outer loop
      vertex 7.60387 -6.05734 23
      vertex 7.68051 -6.21024 24.2
      vertex 7.68051 -6.21024 23
    endloop
  endfacet
  facet normal 0.893982 0.448102 -0
    outer loop
      vertex 7.60387 -6.05734 23
      vertex 7.60387 -6.05734 24.2
      vertex 7.68051 -6.21024 24.2
    endloop
  endfacet
  facet normal 0.86271 0.505698 0
    outer loop
      vertex 7.51738 -5.90979 23
      vertex 7.60387 -6.05734 24.2
      vertex 7.60387 -6.05734 23
    endloop
  endfacet
  facet normal 0.86271 0.505698 -0
    outer loop
      vertex 7.51738 -5.90979 23
      vertex 7.51738 -5.90979 24.2
      vertex 7.60387 -6.05734 24.2
    endloop
  endfacet
  facet normal 0.827826 0.560985 0
    outer loop
      vertex 7.42143 -5.7682 23
      vertex 7.51738 -5.90979 24.2
      vertex 7.51738 -5.90979 23
    endloop
  endfacet
  facet normal 0.827826 0.560985 -0
    outer loop
      vertex 7.42143 -5.7682 23
      vertex 7.42143 -5.7682 24.2
      vertex 7.51738 -5.90979 24.2
    endloop
  endfacet
  facet normal 0.789359 0.613933 0
    outer loop
      vertex 7.31644 -5.63321 23
      vertex 7.42143 -5.7682 24.2
      vertex 7.42143 -5.7682 23
    endloop
  endfacet
  facet normal 0.789359 0.613933 -0
    outer loop
      vertex 7.31644 -5.63321 23
      vertex 7.31644 -5.63321 24.2
      vertex 7.42143 -5.7682 24.2
    endloop
  endfacet
  facet normal 0.74748 0.664284 0
    outer loop
      vertex 7.20282 -5.50536 23
      vertex 7.31644 -5.63321 24.2
      vertex 7.31644 -5.63321 23
    endloop
  endfacet
  facet normal 0.74748 0.664284 -0
    outer loop
      vertex 7.20282 -5.50536 23
      vertex 7.20282 -5.50536 24.2
      vertex 7.31644 -5.63321 24.2
    endloop
  endfacet
  facet normal 0.702472 0.711711 0
    outer loop
      vertex 7.0811 -5.38522 23
      vertex 7.20282 -5.50536 24.2
      vertex 7.20282 -5.50536 23
    endloop
  endfacet
  facet normal 0.702472 0.711711 -0
    outer loop
      vertex 7.0811 -5.38522 23
      vertex 7.0811 -5.38522 24.2
      vertex 7.20282 -5.50536 24.2
    endloop
  endfacet
  facet normal 0.654405 0.756144 0
    outer loop
      vertex 6.95178 -5.2733 23
      vertex 7.0811 -5.38522 24.2
      vertex 7.0811 -5.38522 23
    endloop
  endfacet
  facet normal 0.654405 0.756144 -0
    outer loop
      vertex 6.95178 -5.2733 23
      vertex 6.95178 -5.2733 24.2
      vertex 7.0811 -5.38522 24.2
    endloop
  endfacet
  facet normal 0.603558 0.797319 0
    outer loop
      vertex 6.81541 -5.17007 23
      vertex 6.95178 -5.2733 24.2
      vertex 6.95178 -5.2733 23
    endloop
  endfacet
  facet normal 0.603558 0.797319 -0
    outer loop
      vertex 6.81541 -5.17007 23
      vertex 6.81541 -5.17007 24.2
      vertex 6.95178 -5.2733 24.2
    endloop
  endfacet
  facet normal 0.550104 0.835096 0
    outer loop
      vertex 6.67259 -5.07599 23
      vertex 6.81541 -5.17007 24.2
      vertex 6.81541 -5.17007 23
    endloop
  endfacet
  facet normal 0.550104 0.835096 -0
    outer loop
      vertex 6.67259 -5.07599 23
      vertex 6.67259 -5.07599 24.2
      vertex 6.81541 -5.17007 24.2
    endloop
  endfacet
  facet normal 0.494331 0.869274 0
    outer loop
      vertex 6.52391 -4.99144 23
      vertex 6.67259 -5.07599 24.2
      vertex 6.67259 -5.07599 23
    endloop
  endfacet
  facet normal 0.494331 0.869274 -0
    outer loop
      vertex 6.52391 -4.99144 23
      vertex 6.52391 -4.99144 24.2
      vertex 6.67259 -5.07599 24.2
    endloop
  endfacet
  facet normal 0.436398 0.899754 0
    outer loop
      vertex 6.37004 -4.91681 23
      vertex 6.52391 -4.99144 24.2
      vertex 6.52391 -4.99144 23
    endloop
  endfacet
  facet normal 0.436398 0.899754 -0
    outer loop
      vertex 6.37004 -4.91681 23
      vertex 6.37004 -4.91681 24.2
      vertex 6.52391 -4.99144 24.2
    endloop
  endfacet
  facet normal 0.376626 0.926365 0
    outer loop
      vertex 6.21159 -4.85239 23
      vertex 6.37004 -4.91681 24.2
      vertex 6.37004 -4.91681 23
    endloop
  endfacet
  facet normal 0.376626 0.926365 -0
    outer loop
      vertex 6.21159 -4.85239 23
      vertex 6.21159 -4.85239 24.2
      vertex 6.37004 -4.91681 24.2
    endloop
  endfacet
  facet normal 0.315228 0.949016 0
    outer loop
      vertex 6.04929 -4.79848 23
      vertex 6.21159 -4.85239 24.2
      vertex 6.21159 -4.85239 23
    endloop
  endfacet
  facet normal 0.315228 0.949016 -0
    outer loop
      vertex 6.04929 -4.79848 23
      vertex 6.04929 -4.79848 24.2
      vertex 6.21159 -4.85239 24.2
    endloop
  endfacet
  facet normal 0.252524 0.967591 0
    outer loop
      vertex 5.8838 -4.75529 23
      vertex 6.04929 -4.79848 24.2
      vertex 6.04929 -4.79848 23
    endloop
  endfacet
  facet normal 0.252524 0.967591 -0
    outer loop
      vertex 5.8838 -4.75529 23
      vertex 5.8838 -4.75529 24.2
      vertex 6.04929 -4.79848 24.2
    endloop
  endfacet
  facet normal 0.188689 0.982037 0
    outer loop
      vertex 5.71585 -4.72302 23
      vertex 5.8838 -4.75529 24.2
      vertex 5.8838 -4.75529 23
    endloop
  endfacet
  facet normal 0.188689 0.982037 -0
    outer loop
      vertex 5.71585 -4.72302 23
      vertex 5.71585 -4.72302 24.2
      vertex 5.8838 -4.75529 24.2
    endloop
  endfacet
  facet normal 0.124013 0.992281 0
    outer loop
      vertex 5.54614 -4.70181 23
      vertex 5.71585 -4.72302 24.2
      vertex 5.71585 -4.72302 23
    endloop
  endfacet
  facet normal 0.124013 0.992281 -0
    outer loop
      vertex 5.54614 -4.70181 23
      vertex 5.54614 -4.70181 24.2
      vertex 5.71585 -4.72302 24.2
    endloop
  endfacet
  facet normal 0.0588763 0.998265 0
    outer loop
      vertex 5.3754 -4.69174 23
      vertex 5.54614 -4.70181 24.2
      vertex 5.54614 -4.70181 23
    endloop
  endfacet
  facet normal 0.0588763 0.998265 -0
    outer loop
      vertex 5.3754 -4.69174 23
      vertex 5.3754 -4.69174 24.2
      vertex 5.54614 -4.70181 24.2
    endloop
  endfacet
  facet normal -0.0065488 0.999979 0
    outer loop
      vertex 5.20438 -4.69286 23
      vertex 5.3754 -4.69174 24.2
      vertex 5.3754 -4.69174 23
    endloop
  endfacet
  facet normal -0.0065488 0.999979 0
    outer loop
      vertex 5.20438 -4.69286 23
      vertex 5.20438 -4.69286 24.2
      vertex 5.3754 -4.69174 24.2
    endloop
  endfacet
  facet normal -0.0719784 0.997406 0
    outer loop
      vertex 5.0338 -4.70517 23
      vertex 5.20438 -4.69286 24.2
      vertex 5.20438 -4.69286 23
    endloop
  endfacet
  facet normal -0.0719784 0.997406 0
    outer loop
      vertex 5.0338 -4.70517 23
      vertex 5.0338 -4.70517 24.2
      vertex 5.20438 -4.69286 24.2
    endloop
  endfacet
  facet normal -0.136934 0.99058 0
    outer loop
      vertex 4.86438 -4.72859 23
      vertex 5.0338 -4.70517 24.2
      vertex 5.0338 -4.70517 23
    endloop
  endfacet
  facet normal -0.136934 0.99058 0
    outer loop
      vertex 4.86438 -4.72859 23
      vertex 4.86438 -4.72859 24.2
      vertex 5.0338 -4.70517 24.2
    endloop
  endfacet
  facet normal -0.201532 0.979482 0
    outer loop
      vertex 4.69685 -4.76306 23
      vertex 4.86438 -4.72859 24.2
      vertex 4.86438 -4.72859 23
    endloop
  endfacet
  facet normal -0.201532 0.979482 0
    outer loop
      vertex 4.69685 -4.76306 23
      vertex 4.69685 -4.76306 24.2
      vertex 4.86438 -4.72859 24.2
    endloop
  endfacet
  facet normal -0.26517 0.964202 0
    outer loop
      vertex 4.53195 -4.80841 23
      vertex 4.69685 -4.76306 24.2
      vertex 4.69685 -4.76306 23
    endloop
  endfacet
  facet normal -0.26517 0.964202 0
    outer loop
      vertex 4.53195 -4.80841 23
      vertex 4.53195 -4.80841 24.2
      vertex 4.69685 -4.76306 24.2
    endloop
  endfacet
  facet normal -0.327607 0.944814 0
    outer loop
      vertex 4.37036 -4.86444 23
      vertex 4.53195 -4.80841 24.2
      vertex 4.53195 -4.80841 23
    endloop
  endfacet
  facet normal -0.327607 0.944814 0
    outer loop
      vertex 4.37036 -4.86444 23
      vertex 4.37036 -4.86444 24.2
      vertex 4.53195 -4.80841 24.2
    endloop
  endfacet
  facet normal -0.388705 0.921362 0
    outer loop
      vertex 4.21278 -4.93092 23
      vertex 4.37036 -4.86444 24.2
      vertex 4.37036 -4.86444 23
    endloop
  endfacet
  facet normal -0.388705 0.921362 0
    outer loop
      vertex 4.21278 -4.93092 23
      vertex 4.21278 -4.93092 24.2
      vertex 4.37036 -4.86444 24.2
    endloop
  endfacet
  facet normal -0.448172 0.893947 0
    outer loop
      vertex 4.05989 -5.00757 23
      vertex 4.21278 -4.93092 24.2
      vertex 4.21278 -4.93092 23
    endloop
  endfacet
  facet normal -0.448172 0.893947 0
    outer loop
      vertex 4.05989 -5.00757 23
      vertex 4.05989 -5.00757 24.2
      vertex 4.21278 -4.93092 24.2
    endloop
  endfacet
  facet normal -0.505698 0.86271 0
    outer loop
      vertex 3.91234 -5.09406 23
      vertex 4.05989 -5.00757 24.2
      vertex 4.05989 -5.00757 23
    endloop
  endfacet
  facet normal -0.505698 0.86271 0
    outer loop
      vertex 3.91234 -5.09406 23
      vertex 3.91234 -5.09406 24.2
      vertex 4.05989 -5.00757 24.2
    endloop
  endfacet
  facet normal -0.560945 0.827853 0
    outer loop
      vertex 3.77075 -5.19 23
      vertex 3.91234 -5.09406 24.2
      vertex 3.91234 -5.09406 23
    endloop
  endfacet
  facet normal -0.560945 0.827853 0
    outer loop
      vertex 3.77075 -5.19 23
      vertex 3.77075 -5.19 24.2
      vertex 3.91234 -5.09406 24.2
    endloop
  endfacet
  facet normal -0.613969 0.78933 0
    outer loop
      vertex 3.63576 -5.295 23
      vertex 3.77075 -5.19 24.2
      vertex 3.77075 -5.19 23
    endloop
  endfacet
  facet normal -0.613969 0.78933 0
    outer loop
      vertex 3.63576 -5.295 23
      vertex 3.63576 -5.295 24.2
      vertex 3.77075 -5.19 24.2
    endloop
  endfacet
  facet normal -0.66419 0.747564 0
    outer loop
      vertex 3.5079 -5.4086 23
      vertex 3.63576 -5.295 24.2
      vertex 3.63576 -5.295 23
    endloop
  endfacet
  facet normal -0.66419 0.747564 0
    outer loop
      vertex 3.5079 -5.4086 23
      vertex 3.5079 -5.4086 24.2
      vertex 3.63576 -5.295 24.2
    endloop
  endfacet
  facet normal -0.71174 0.702443 0
    outer loop
      vertex 3.38776 -5.53033 23
      vertex 3.5079 -5.4086 24.2
      vertex 3.5079 -5.4086 23
    endloop
  endfacet
  facet normal -0.71174 0.702443 0
    outer loop
      vertex 3.38776 -5.53033 23
      vertex 3.38776 -5.53033 24.2
      vertex 3.5079 -5.4086 24.2
    endloop
  endfacet
  facet normal -0.756115 0.654438 0
    outer loop
      vertex 3.27583 -5.65965 23
      vertex 3.38776 -5.53033 24.2
      vertex 3.38776 -5.53033 23
    endloop
  endfacet
  facet normal -0.756115 0.654438 0
    outer loop
      vertex 3.27583 -5.65965 23
      vertex 3.27583 -5.65965 24.2
      vertex 3.38776 -5.53033 24.2
    endloop
  endfacet
  facet normal -0.797347 0.603521 0
    outer loop
      vertex 3.17261 -5.79602 23
      vertex 3.27583 -5.65965 24.2
      vertex 3.27583 -5.65965 23
    endloop
  endfacet
  facet normal -0.797347 0.603521 0
    outer loop
      vertex 3.17261 -5.79602 23
      vertex 3.17261 -5.79602 24.2
      vertex 3.27583 -5.65965 24.2
    endloop
  endfacet
  facet normal -0.835069 0.550145 0
    outer loop
      vertex 3.07852 -5.93884 23
      vertex 3.17261 -5.79602 24.2
      vertex 3.17261 -5.79602 23
    endloop
  endfacet
  facet normal -0.835069 0.550145 0
    outer loop
      vertex 3.07852 -5.93884 23
      vertex 3.07852 -5.93884 24.2
      vertex 3.17261 -5.79602 24.2
    endloop
  endfacet
  facet normal -0.86931 0.494268 0
    outer loop
      vertex 2.99399 -6.08751 23
      vertex 3.07852 -5.93884 24.2
      vertex 3.07852 -5.93884 23
    endloop
  endfacet
  facet normal -0.86931 0.494268 0
    outer loop
      vertex 2.99399 -6.08751 23
      vertex 2.99399 -6.08751 24.2
      vertex 3.07852 -5.93884 24.2
    endloop
  endfacet
  facet normal -0.899719 0.43647 0
    outer loop
      vertex 2.91934 -6.24139 23
      vertex 2.99399 -6.08751 24.2
      vertex 2.99399 -6.08751 23
    endloop
  endfacet
  facet normal -0.899719 0.43647 0
    outer loop
      vertex 2.91934 -6.24139 23
      vertex 2.91934 -6.24139 24.2
      vertex 2.99399 -6.08751 24.2
    endloop
  endfacet
  facet normal -0.926377 0.376597 0
    outer loop
      vertex 2.85493 -6.39983 23
      vertex 2.91934 -6.24139 24.2
      vertex 2.91934 -6.24139 23
    endloop
  endfacet
  facet normal -0.926377 0.376597 0
    outer loop
      vertex 2.85493 -6.39983 23
      vertex 2.85493 -6.39983 24.2
      vertex 2.91934 -6.24139 24.2
    endloop
  endfacet
  facet normal -0.94901 0.315245 0
    outer loop
      vertex 2.80101 -6.56215 23
      vertex 2.85493 -6.39983 24.2
      vertex 2.85493 -6.39983 23
    endloop
  endfacet
  facet normal -0.94901 0.315245 0
    outer loop
      vertex 2.80101 -6.56215 23
      vertex 2.80101 -6.56215 24.2
      vertex 2.85493 -6.39983 24.2
    endloop
  endfacet
  facet normal -0.967601 0.252484 0
    outer loop
      vertex 2.75783 -6.72763 23
      vertex 2.80101 -6.56215 24.2
      vertex 2.80101 -6.56215 23
    endloop
  endfacet
  facet normal -0.967601 0.252484 0
    outer loop
      vertex 2.75783 -6.72763 23
      vertex 2.75783 -6.72763 24.2
      vertex 2.80101 -6.56215 24.2
    endloop
  endfacet
  facet normal -0.982048 0.188633 0
    outer loop
      vertex 2.72557 -6.89558 23
      vertex 2.75783 -6.72763 24.2
      vertex 2.75783 -6.72763 23
    endloop
  endfacet
  facet normal -0.982048 0.188633 0
    outer loop
      vertex 2.72557 -6.89558 23
      vertex 2.72557 -6.89558 24.2
      vertex 2.75783 -6.72763 24.2
    endloop
  endfacet
  facet normal -0.992273 0.124071 0
    outer loop
      vertex 2.70435 -7.06529 23
      vertex 2.72557 -6.89558 24.2
      vertex 2.72557 -6.89558 23
    endloop
  endfacet
  facet normal -0.992273 0.124071 0
    outer loop
      vertex 2.70435 -7.06529 23
      vertex 2.70435 -7.06529 24.2
      vertex 2.72557 -6.89558 24.2
    endloop
  endfacet
  facet normal -0.998269 0.0588214 0
    outer loop
      vertex 2.69429 -7.23602 23
      vertex 2.70435 -7.06529 24.2
      vertex 2.70435 -7.06529 23
    endloop
  endfacet
  facet normal -0.998269 0.0588214 0
    outer loop
      vertex 2.69429 -7.23602 23
      vertex 2.69429 -7.23602 24.2
      vertex 2.70435 -7.06529 24.2
    endloop
  endfacet
  facet normal -0.999979 -0.00648957 0
    outer loop
      vertex 2.6954 -7.40706 23
      vertex 2.69429 -7.23602 24.2
      vertex 2.69429 -7.23602 23
    endloop
  endfacet
  facet normal -0.999979 -0.00648957 0
    outer loop
      vertex 2.6954 -7.40706 23
      vertex 2.6954 -7.40706 24.2
      vertex 2.69429 -7.23602 24.2
    endloop
  endfacet
  facet normal -0.99741 -0.0719202 0
    outer loop
      vertex 2.7077 -7.57764 23
      vertex 2.6954 -7.40706 24.2
      vertex 2.6954 -7.40706 23
    endloop
  endfacet
  facet normal -0.99741 -0.0719202 0
    outer loop
      vertex 2.7077 -7.57764 23
      vertex 2.7077 -7.57764 24.2
      vertex 2.6954 -7.40706 24.2
    endloop
  endfacet
  facet normal -0.990564 -0.137049 0
    outer loop
      vertex 2.73114 -7.74706 23
      vertex 2.7077 -7.57764 24.2
      vertex 2.7077 -7.57764 23
    endloop
  endfacet
  facet normal -0.990564 -0.137049 0
    outer loop
      vertex 2.73114 -7.74706 23
      vertex 2.73114 -7.74706 24.2
      vertex 2.7077 -7.57764 24.2
    endloop
  endfacet
  facet normal -0.979503 -0.201432 0
    outer loop
      vertex 2.76559 -7.91458 23
      vertex 2.73114 -7.74706 24.2
      vertex 2.73114 -7.74706 23
    endloop
  endfacet
  facet normal -0.979503 -0.201432 0
    outer loop
      vertex 2.76559 -7.91458 23
      vertex 2.76559 -7.91458 24.2
      vertex 2.73114 -7.74706 24.2
    endloop
  endfacet
  facet normal -0.964202 -0.26517 0
    outer loop
      vertex 2.81094 -8.07948 23
      vertex 2.76559 -7.91458 24.2
      vertex 2.76559 -7.91458 23
    endloop
  endfacet
  facet normal -0.964202 -0.26517 0
    outer loop
      vertex 2.81094 -8.07948 23
      vertex 2.81094 -8.07948 24.2
      vertex 2.76559 -7.91458 24.2
    endloop
  endfacet
  facet normal -0.944778 -0.327711 0
    outer loop
      vertex 2.86699 -8.24107 23
      vertex 2.81094 -8.07948 24.2
      vertex 2.81094 -8.07948 23
    endloop
  endfacet
  facet normal -0.944778 -0.327711 0
    outer loop
      vertex 2.86699 -8.24107 23
      vertex 2.86699 -8.24107 24.2
      vertex 2.81094 -8.07948 24.2
    endloop
  endfacet
  facet normal -0.921362 -0.388705 0
    outer loop
      vertex 2.93347 -8.39865 23
      vertex 2.86699 -8.24107 24.2
      vertex 2.86699 -8.24107 23
    endloop
  endfacet
  facet normal -0.921362 -0.388705 0
    outer loop
      vertex 2.93347 -8.39865 23
      vertex 2.93347 -8.39865 24.2
      vertex 2.86699 -8.24107 24.2
    endloop
  endfacet
  facet normal -0.893947 -0.448172 0
    outer loop
      vertex 3.01012 -8.55154 23
      vertex 2.93347 -8.39865 24.2
      vertex 2.93347 -8.39865 23
    endloop
  endfacet
  facet normal -0.893947 -0.448172 0
    outer loop
      vertex 3.01012 -8.55154 23
      vertex 3.01012 -8.55154 24.2
      vertex 2.93347 -8.39865 24.2
    endloop
  endfacet
  facet normal -0.862776 -0.505586 0
    outer loop
      vertex 3.09659 -8.6991 23
      vertex 3.01012 -8.55154 24.2
      vertex 3.01012 -8.55154 23
    endloop
  endfacet
  facet normal -0.862776 -0.505586 0
    outer loop
      vertex 3.09659 -8.6991 23
      vertex 3.09659 -8.6991 24.2
      vertex 3.01012 -8.55154 24.2
    endloop
  endfacet
  facet normal -0.827807 -0.561012 0
    outer loop
      vertex 3.19254 -8.84068 23
      vertex 3.09659 -8.6991 24.2
      vertex 3.09659 -8.6991 23
    endloop
  endfacet
  facet normal -0.827807 -0.561012 0
    outer loop
      vertex 3.19254 -8.84068 23
      vertex 3.19254 -8.84068 24.2
      vertex 3.09659 -8.6991 24.2
    endloop
  endfacet
  facet normal -0.789324 -0.613977 0
    outer loop
      vertex 3.29755 -8.97568 23
      vertex 3.19254 -8.84068 24.2
      vertex 3.19254 -8.84068 23
    endloop
  endfacet
  facet normal -0.789324 -0.613977 0
    outer loop
      vertex 3.29755 -8.97568 23
      vertex 3.29755 -8.97568 24.2
      vertex 3.19254 -8.84068 24.2
    endloop
  endfacet
  facet normal -0.747538 -0.664219 0
    outer loop
      vertex 3.41115 -9.10353 23
      vertex 3.29755 -8.97568 24.2
      vertex 3.29755 -8.97568 23
    endloop
  endfacet
  facet normal -0.747538 -0.664219 0
    outer loop
      vertex 3.41115 -9.10353 23
      vertex 3.41115 -9.10353 24.2
      vertex 3.29755 -8.97568 24.2
    endloop
  endfacet
  facet normal -0.702443 -0.71174 0
    outer loop
      vertex 3.53287 -9.22366 23
      vertex 3.41115 -9.10353 24.2
      vertex 3.41115 -9.10353 23
    endloop
  endfacet
  facet normal -0.702443 -0.71174 0
    outer loop
      vertex 3.53287 -9.22366 23
      vertex 3.53287 -9.22366 24.2
      vertex 3.41115 -9.10353 24.2
    endloop
  endfacet
  facet normal -0.65441 -0.75614 0
    outer loop
      vertex 3.6622 -9.33559 23
      vertex 3.53287 -9.22366 24.2
      vertex 3.53287 -9.22366 23
    endloop
  endfacet
  facet normal -0.65441 -0.75614 0
    outer loop
      vertex 3.6622 -9.33559 23
      vertex 3.6622 -9.33559 24.2
      vertex 3.53287 -9.22366 24.2
    endloop
  endfacet
  facet normal -0.603521 -0.797347 0
    outer loop
      vertex 3.79857 -9.43881 23
      vertex 3.6622 -9.33559 24.2
      vertex 3.6622 -9.33559 23
    endloop
  endfacet
  facet normal -0.603521 -0.797347 0
    outer loop
      vertex 3.79857 -9.43881 23
      vertex 3.79857 -9.43881 24.2
      vertex 3.6622 -9.33559 24.2
    endloop
  endfacet
  facet normal -0.550145 -0.835069 0
    outer loop
      vertex 3.94139 -9.5329 23
      vertex 3.79857 -9.43881 24.2
      vertex 3.79857 -9.43881 23
    endloop
  endfacet
  facet normal -0.550145 -0.835069 0
    outer loop
      vertex 3.94139 -9.5329 23
      vertex 3.94139 -9.5329 24.2
      vertex 3.79857 -9.43881 24.2
    endloop
  endfacet
  facet normal -0.494356 -0.86926 0
    outer loop
      vertex 4.09006 -9.61745 23
      vertex 3.94139 -9.5329 24.2
      vertex 3.94139 -9.5329 23
    endloop
  endfacet
  facet normal -0.494356 -0.86926 0
    outer loop
      vertex 4.09006 -9.61745 23
      vertex 4.09006 -9.61745 24.2
      vertex 3.94139 -9.5329 24.2
    endloop
  endfacet
  facet normal -0.436423 -0.899742 0
    outer loop
      vertex 4.24394 -9.69209 23
      vertex 4.09006 -9.61745 24.2
      vertex 4.09006 -9.61745 23
    endloop
  endfacet
  facet normal -0.436423 -0.899742 0
    outer loop
      vertex 4.24394 -9.69209 23
      vertex 4.24394 -9.69209 24.2
      vertex 4.09006 -9.61745 24.2
    endloop
  endfacet
  facet normal -0.376617 -0.926369 0
    outer loop
      vertex 4.40237 -9.7565 23
      vertex 4.24394 -9.69209 24.2
      vertex 4.24394 -9.69209 23
    endloop
  endfacet
  facet normal -0.376617 -0.926369 0
    outer loop
      vertex 4.40237 -9.7565 23
      vertex 4.40237 -9.7565 24.2
      vertex 4.24394 -9.69209 24.2
    endloop
  endfacet
  facet normal -0.31521 -0.949022 0
    outer loop
      vertex 4.56468 -9.81041 23
      vertex 4.40237 -9.7565 24.2
      vertex 4.40237 -9.7565 23
    endloop
  endfacet
  facet normal -0.31521 -0.949022 0
    outer loop
      vertex 4.56468 -9.81041 23
      vertex 4.56468 -9.81041 24.2
      vertex 4.40237 -9.7565 24.2
    endloop
  endfacet
  facet normal -0.252565 -0.96758 0
    outer loop
      vertex 4.73018 -9.85361 23
      vertex 4.56468 -9.81041 24.2
      vertex 4.56468 -9.81041 23
    endloop
  endfacet
  facet normal -0.252565 -0.96758 0
    outer loop
      vertex 4.73018 -9.85361 23
      vertex 4.73018 -9.85361 24.2
      vertex 4.56468 -9.81041 24.2
    endloop
  endfacet
  facet normal -0.188576 -0.982059 0
    outer loop
      vertex 4.89813 -9.88586 23
      vertex 4.73018 -9.85361 24.2
      vertex 4.73018 -9.85361 23
    endloop
  endfacet
  facet normal -0.188576 -0.982059 0
    outer loop
      vertex 4.89813 -9.88586 23
      vertex 4.89813 -9.88586 24.2
      vertex 4.73018 -9.85361 24.2
    endloop
  endfacet
  facet normal -0.124013 -0.992281 0
    outer loop
      vertex 5.06784 -9.90707 23
      vertex 4.89813 -9.88586 24.2
      vertex 4.89813 -9.88586 23
    endloop
  endfacet
  facet normal -0.124013 -0.992281 0
    outer loop
      vertex 5.06784 -9.90707 23
      vertex 5.06784 -9.90707 24.2
      vertex 4.89813 -9.88586 24.2
    endloop
  endfacet
  facet normal -0.0588797 -0.998265 0
    outer loop
      vertex 5.23857 -9.91714 23
      vertex 5.06784 -9.90707 24.2
      vertex 5.06784 -9.90707 23
    endloop
  endfacet
  facet normal -0.0588797 -0.998265 0
    outer loop
      vertex 5.23857 -9.91714 23
      vertex 5.23857 -9.91714 24.2
      vertex 5.06784 -9.90707 24.2
    endloop
  endfacet
  facet normal 0.00649033 -0.999979 0
    outer loop
      vertex 5.40959 -9.91603 23
      vertex 5.23857 -9.91714 24.2
      vertex 5.23857 -9.91714 23
    endloop
  endfacet
  facet normal 0.00649033 -0.999979 0
    outer loop
      vertex 5.40959 -9.91603 23
      vertex 5.40959 -9.91603 24.2
      vertex 5.23857 -9.91714 24.2
    endloop
  endfacet
endsolid OpenSCAD_Model
