solid OpenSCAD_Model
  facet normal -0.999466 0.0326856 0
    outer loop
      vertex -18 -0 3
      vertex -17.9615 1.17726 3
      vertex -18 -0 0.599991
    endloop
  endfacet
  facet normal -0.999466 0.0326856 0
    outer loop
      vertex -17.9615 1.17726 3
      vertex -17.9615 1.17726 0.599991
      vertex -18 -0 0.599991
    endloop
  endfacet
  facet normal -0.447166 0.0146172 0.894332
    outer loop
      vertex -14.5 -0 4.75
      vertex -14.469 0.948345 4.75
      vertex -18 -0 3
    endloop
  endfacet
  facet normal -0.447167 0.0146237 0.894331
    outer loop
      vertex -14.469 0.948345 4.75
      vertex -17.9615 1.17726 3
      vertex -18 -0 3
    endloop
  endfacet
  facet normal -0.999466 0.0326711 0
    outer loop
      vertex -14.5 -0 14
      vertex -14.469 0.948345 14
      vertex -14.5 -0 4.75
    endloop
  endfacet
  facet normal -0.999466 0.0326711 0
    outer loop
      vertex -14.469 0.948345 14
      vertex -14.469 0.948345 4.75
      vertex -14.5 -0 4.75
    endloop
  endfacet
  facet normal -0.706918 0.0231239 -0.706918
    outer loop
      vertex -16.5 -0 16
      vertex -16.4647 1.07915 16
      vertex -14.5 -0 14
    endloop
  endfacet
  facet normal -0.706922 0.0231082 -0.706914
    outer loop
      vertex -16.4647 1.07915 16
      vertex -14.469 0.948345 14
      vertex -14.5 -0 14
    endloop
  endfacet
  facet normal -0.999465 0.0326934 0
    outer loop
      vertex -16.5 -0 18
      vertex -16.4647 1.07915 18
      vertex -16.5 -0 16
    endloop
  endfacet
  facet normal -0.999465 0.0326934 0
    outer loop
      vertex -16.4647 1.07915 18
      vertex -16.4647 1.07915 16
      vertex -16.5 -0 16
    endloop
  endfacet
  facet normal 0 0 1
    outer loop
      vertex -0 -0 18
      vertex -16.4647 1.07915 18
      vertex -16.5 -0 18
    endloop
  endfacet
  facet normal 0 0 -1
    outer loop
      vertex -17.4 -0 0
      vertex -17.3627 1.13801 0
      vertex -0 -0 0
    endloop
  endfacet
  facet normal -0.706912 0.0231182 -0.706923
    outer loop
      vertex -18 -0 0.599991
      vertex -17.9615 1.17726 0.599991
      vertex -17.4 -0 0
    endloop
  endfacet
  facet normal -0.706861 0.0231684 -0.706973
    outer loop
      vertex -17.9615 1.17726 0.599991
      vertex -17.3627 1.13801 0
      vertex -17.4 -0 0
    endloop
  endfacet
  facet normal -0.995181 0.098057 0
    outer loop
      vertex -17.9615 1.17726 3
      vertex -17.846 2.34947 3
      vertex -17.9615 1.17726 0.599991
    endloop
  endfacet
  facet normal -0.995181 0.098057 0
    outer loop
      vertex -17.846 2.34947 3
      vertex -17.846 2.34947 0.599991
      vertex -17.9615 1.17726 0.599991
    endloop
  endfacet
  facet normal -0.445252 0.0438516 0.894331
    outer loop
      vertex -14.469 0.948345 4.75
      vertex -14.376 1.89263 4.75
      vertex -17.9615 1.17726 3
    endloop
  endfacet
  facet normal -0.445254 0.0438717 0.894329
    outer loop
      vertex -14.376 1.89263 4.75
      vertex -17.846 2.34947 3
      vertex -17.9615 1.17726 3
    endloop
  endfacet
  facet normal -0.995185 0.098013 0
    outer loop
      vertex -14.469 0.948345 14
      vertex -14.376 1.89263 14
      vertex -14.469 0.948345 4.75
    endloop
  endfacet
  facet normal -0.995185 0.098013 0
    outer loop
      vertex -14.376 1.89263 14
      vertex -14.376 1.89263 4.75
      vertex -14.469 0.948345 4.75
    endloop
  endfacet
  facet normal -0.70389 0.0693717 -0.706914
    outer loop
      vertex -16.4647 1.07915 16
      vertex -16.3588 2.15368 16
      vertex -14.469 0.948345 14
    endloop
  endfacet
  facet normal -0.703906 0.0693258 -0.706902
    outer loop
      vertex -16.3588 2.15368 16
      vertex -14.376 1.89263 14
      vertex -14.469 0.948345 14
    endloop
  endfacet
  facet normal -0.995179 0.0980795 0
    outer loop
      vertex -16.4647 1.07915 18
      vertex -16.3588 2.15368 18
      vertex -16.4647 1.07915 16
    endloop
  endfacet
  facet normal -0.995179 0.0980795 0
    outer loop
      vertex -16.3588 2.15368 18
      vertex -16.3588 2.15368 16
      vertex -16.4647 1.07915 16
    endloop
  endfacet
  facet normal 0 0 1
    outer loop
      vertex -0 -0 18
      vertex -16.3588 2.15368 18
      vertex -16.4647 1.07915 18
    endloop
  endfacet
  facet normal 0 0 -1
    outer loop
      vertex -17.3627 1.13801 0
      vertex -17.2511 2.27115 0
      vertex -0 -0 0
    endloop
  endfacet
  facet normal -0.703833 0.0693499 -0.706972
    outer loop
      vertex -17.9615 1.17726 0.599991
      vertex -17.846 2.34947 0.599991
      vertex -17.3627 1.13801 0
    endloop
  endfacet
  facet normal -0.703866 0.0693219 -0.706942
    outer loop
      vertex -17.846 2.34947 0.599991
      vertex -17.2511 2.27115 0
      vertex -17.3627 1.13801 0
    endloop
  endfacet
  facet normal -0.98664 0.162917 0
    outer loop
      vertex -17.846 2.34947 3
      vertex -17.6541 3.51163 3
      vertex -17.846 2.34947 0.599991
    endloop
  endfacet
  facet normal -0.98664 0.162917 0
    outer loop
      vertex -17.6541 3.51163 3
      vertex -17.6541 3.51163 0.599991
      vertex -17.846 2.34947 0.599991
    endloop
  endfacet
  facet normal -0.441433 0.0728978 0.894328
    outer loop
      vertex -14.376 1.89263 4.75
      vertex -14.2214 2.82881 4.75
      vertex -17.846 2.34947 3
    endloop
  endfacet
  facet normal -0.441432 0.0728909 0.894329
    outer loop
      vertex -14.2214 2.82881 4.75
      vertex -17.6541 3.51163 3
      vertex -17.846 2.34947 3
    endloop
  endfacet
  facet normal -0.986637 0.162932 0
    outer loop
      vertex -14.376 1.89263 14
      vertex -14.2214 2.82881 14
      vertex -14.376 1.89263 4.75
    endloop
  endfacet
  facet normal -0.986637 0.162932 0
    outer loop
      vertex -14.2214 2.82881 14
      vertex -14.2214 2.82881 4.75
      vertex -14.376 1.89263 4.75
    endloop
  endfacet
  facet normal -0.697872 0.115165 -0.706903
    outer loop
      vertex -16.3588 2.15368 16
      vertex -16.183 3.21899 16
      vertex -14.376 1.89263 14
    endloop
  endfacet
  facet normal -0.697839 0.115241 -0.706923
    outer loop
      vertex -16.183 3.21899 16
      vertex -14.2214 2.82881 14
      vertex -14.376 1.89263 14
    endloop
  endfacet
  facet normal -0.986656 0.16282 0
    outer loop
      vertex -16.3588 2.15368 18
      vertex -16.183 3.21899 18
      vertex -16.3588 2.15368 16
    endloop
  endfacet
  facet normal -0.986656 0.16282 0
    outer loop
      vertex -16.183 3.21899 18
      vertex -16.183 3.21899 16
      vertex -16.3588 2.15368 16
    endloop
  endfacet
  facet normal 0 0 1
    outer loop
      vertex -0 -0 18
      vertex -16.183 3.21899 18
      vertex -16.3588 2.15368 18
    endloop
  endfacet
  facet normal 0 0 -1
    outer loop
      vertex -17.2511 2.27115 0
      vertex -17.0657 3.39457 0
      vertex -0 -0 0
    endloop
  endfacet
  facet normal -0.697822 0.115227 -0.706942
    outer loop
      vertex -17.846 2.34947 0.599991
      vertex -17.6541 3.51163 0.599991
      vertex -17.2511 2.27115 0
    endloop
  endfacet
  facet normal -0.697893 0.115174 -0.706881
    outer loop
      vertex -17.6541 3.51163 0.599991
      vertex -17.0657 3.39457 0
      vertex -17.2511 2.27115 0
    endloop
  endfacet
  facet normal -0.97389 0.227021 0
    outer loop
      vertex -17.6541 3.51163 3
      vertex -17.3867 4.65874 3
      vertex -17.6541 3.51163 0.599991
    endloop
  endfacet
  facet normal -0.97389 0.227021 0
    outer loop
      vertex -17.3867 4.65874 3
      vertex -17.3867 4.65874 0.599991
      vertex -17.6541 3.51163 0.599991
    endloop
  endfacet
  facet normal -0.435719 0.101613 0.894329
    outer loop
      vertex -14.2214 2.82881 4.75
      vertex -14.0059 3.75288 4.75
      vertex -17.6541 3.51163 3
    endloop
  endfacet
  facet normal -0.435718 0.101569 0.894334
    outer loop
      vertex -14.0059 3.75288 4.75
      vertex -17.3867 4.65874 3
      vertex -17.6541 3.51163 3
    endloop
  endfacet
  facet normal -0.973868 0.227113 0
    outer loop
      vertex -14.2214 2.82881 14
      vertex -14.0059 3.75288 14
      vertex -14.2214 2.82881 4.75
    endloop
  endfacet
  facet normal -0.973868 0.227113 0
    outer loop
      vertex -14.0059 3.75288 14
      vertex -14.0059 3.75288 4.75
      vertex -14.2214 2.82881 4.75
    endloop
  endfacet
  facet normal -0.688812 0.160621 -0.706922
    outer loop
      vertex -16.183 3.21899 16
      vertex -15.9378 4.27051 16
      vertex -14.2214 2.82881 14
    endloop
  endfacet
  facet normal -0.688805 0.160634 -0.706926
    outer loop
      vertex -15.9378 4.27051 16
      vertex -14.0059 3.75288 14
      vertex -14.2214 2.82881 14
    endloop
  endfacet
  facet normal -0.973873 0.227094 0
    outer loop
      vertex -16.183 3.21899 18
      vertex -15.9378 4.27051 18
      vertex -16.183 3.21899 16
    endloop
  endfacet
  facet normal -0.973873 0.227094 0
    outer loop
      vertex -15.9378 4.27051 18
      vertex -15.9378 4.27051 16
      vertex -16.183 3.21899 16
    endloop
  endfacet
  facet normal 0 0 1
    outer loop
      vertex -0 -0 18
      vertex -15.9378 4.27051 18
      vertex -16.183 3.21899 18
    endloop
  endfacet
  facet normal 0 0 -1
    outer loop
      vertex -17.0657 3.39457 0
      vertex -16.8071 4.50345 0
      vertex -0 -0 0
    endloop
  endfacet
  facet normal -0.688862 0.160579 -0.706883
    outer loop
      vertex -17.6541 3.51163 0.599991
      vertex -17.3867 4.65874 0.599991
      vertex -17.0657 3.39457 0
    endloop
  endfacet
  facet normal -0.688783 0.16063 -0.706949
    outer loop
      vertex -17.3867 4.65874 0.599991
      vertex -16.8071 4.50345 0
      vertex -17.0657 3.39457 0
    endloop
  endfacet
  facet normal -0.956922 0.290344 0
    outer loop
      vertex -17.3867 4.65874 3
      vertex -17.0447 5.78591 3
      vertex -17.3867 4.65874 0.599991
    endloop
  endfacet
  facet normal -0.956922 0.290344 0
    outer loop
      vertex -17.0447 5.78591 3
      vertex -17.0447 5.78591 0.599991
      vertex -17.3867 4.65874 0.599991
    endloop
  endfacet
  facet normal -0.428139 0.129858 0.894334
    outer loop
      vertex -14.0059 3.75288 4.75
      vertex -13.7305 4.66087 4.75
      vertex -17.3867 4.65874 3
    endloop
  endfacet
  facet normal -0.428136 0.129903 0.894329
    outer loop
      vertex -13.7305 4.66087 4.75
      vertex -17.0447 5.78591 3
      vertex -17.3867 4.65874 3
    endloop
  endfacet
  facet normal -0.956951 0.29025 0
    outer loop
      vertex -14.0059 3.75288 14
      vertex -13.7305 4.66087 14
      vertex -14.0059 3.75288 4.75
    endloop
  endfacet
  facet normal -0.956951 0.29025 0
    outer loop
      vertex -13.7305 4.66087 14
      vertex -13.7305 4.66087 4.75
      vertex -14.0059 3.75288 4.75
    endloop
  endfacet
  facet normal -0.676821 0.205357 -0.706924
    outer loop
      vertex -15.9378 4.27051 16
      vertex -15.6243 5.30375 16
      vertex -14.0059 3.75288 14
    endloop
  endfacet
  facet normal -0.676858 0.205296 -0.706907
    outer loop
      vertex -15.6243 5.30375 16
      vertex -13.7305 4.66087 14
      vertex -14.0059 3.75288 14
    endloop
  endfacet
  facet normal -0.956922 0.290344 0
    outer loop
      vertex -15.9378 4.27051 18
      vertex -15.6243 5.30375 18
      vertex -15.9378 4.27051 16
    endloop
  endfacet
  facet normal -0.956922 0.290344 0
    outer loop
      vertex -15.6243 5.30375 18
      vertex -15.6243 5.30375 16
      vertex -15.9378 4.27051 16
    endloop
  endfacet
  facet normal 0 0 1
    outer loop
      vertex -0 -0 18
      vertex -15.6243 5.30375 18
      vertex -15.9378 4.27051 18
    endloop
  endfacet
  facet normal 0 0 -1
    outer loop
      vertex -16.8071 4.50345 0
      vertex -16.4766 5.59304 0
      vertex -0 -0 0
    endloop
  endfacet
  facet normal -0.676799 0.205351 -0.706947
    outer loop
      vertex -17.3867 4.65874 0.599991
      vertex -17.0447 5.78591 0.599991
      vertex -16.8071 4.50345 0
    endloop
  endfacet
  facet normal -0.67687 0.205312 -0.706891
    outer loop
      vertex -17.0447 5.78591 0.599991
      vertex -16.4766 5.59304 0
      vertex -16.8071 4.50345 0
    endloop
  endfacet
  facet normal -0.935909 0.352242 0
    outer loop
      vertex -17.0447 5.78591 3
      vertex -16.6298 6.8883 3
      vertex -17.0447 5.78591 0.599991
    endloop
  endfacet
  facet normal -0.935909 0.352242 0
    outer loop
      vertex -16.6298 6.8883 3
      vertex -16.6298 6.8883 0.599991
      vertex -17.0447 5.78591 0.599991
    endloop
  endfacet
  facet normal -0.418739 0.157586 0.894329
    outer loop
      vertex -13.7305 4.66087 4.75
      vertex -13.3963 5.54891 4.75
      vertex -17.0447 5.78591 3
    endloop
  endfacet
  facet normal -0.418738 0.157598 0.894328
    outer loop
      vertex -13.3963 5.54891 4.75
      vertex -16.6298 6.8883 3
      vertex -17.0447 5.78591 3
    endloop
  endfacet
  facet normal -0.935918 0.352218 0
    outer loop
      vertex -13.7305 4.66087 14
      vertex -13.3963 5.54891 14
      vertex -13.7305 4.66087 4.75
    endloop
  endfacet
  facet normal -0.935918 0.352218 0
    outer loop
      vertex -13.3963 5.54891 14
      vertex -13.3963 5.54891 4.75
      vertex -13.7305 4.66087 4.75
    endloop
  endfacet
  facet normal -0.661979 0.249127 -0.706908
    outer loop
      vertex -15.6243 5.30375 16
      vertex -15.244 6.31428 16
      vertex -13.7305 4.66087 14
    endloop
  endfacet
  facet normal -0.66198 0.249126 -0.706907
    outer loop
      vertex -15.244 6.31428 16
      vertex -13.3963 5.54891 14
      vertex -13.7305 4.66087 14
    endloop
  endfacet
  facet normal -0.935917 0.35222 0
    outer loop
      vertex -15.6243 5.30375 18
      vertex -15.244 6.31428 18
      vertex -15.6243 5.30375 16
    endloop
  endfacet
  facet normal -0.935917 0.35222 0
    outer loop
      vertex -15.244 6.31428 18
      vertex -15.244 6.31428 16
      vertex -15.6243 5.30375 16
    endloop
  endfacet
  facet normal 0 0 1
    outer loop
      vertex -0 -0 18
      vertex -15.244 6.31428 18
      vertex -15.6243 5.30375 18
    endloop
  endfacet
  facet normal 0 0 -1
    outer loop
      vertex -16.4766 5.59304 0
      vertex -16.0755 6.65869 0
      vertex -0 -0 0
    endloop
  endfacet
  facet normal -0.661988 0.249149 -0.706892
    outer loop
      vertex -17.0447 5.78591 0.599991
      vertex -16.6298 6.8883 0.599991
      vertex -16.4766 5.59304 0
    endloop
  endfacet
  facet normal -0.661968 0.249158 -0.706908
    outer loop
      vertex -16.6298 6.8883 0.599991
      vertex -16.0755 6.65869 0
      vertex -16.4766 5.59304 0
    endloop
  endfacet
  facet normal -0.910872 0.41269 0
    outer loop
      vertex -16.6298 6.8883 3
      vertex -16.1437 7.9612 3
      vertex -16.6298 6.8883 0.599991
    endloop
  endfacet
  facet normal -0.910872 0.41269 0
    outer loop
      vertex -16.1437 7.9612 3
      vertex -16.1437 7.9612 0.599991
      vertex -16.6298 6.8883 0.599991
    endloop
  endfacet
  facet normal -0.407532 0.18465 0.894328
    outer loop
      vertex -13.3963 5.54891 4.75
      vertex -13.0047 6.41319 4.75
      vertex -16.6298 6.8883 3
    endloop
  endfacet
  facet normal -0.407534 0.184642 0.894329
    outer loop
      vertex -13.0047 6.41319 4.75
      vertex -16.1437 7.9612 3
      vertex -16.6298 6.8883 3
    endloop
  endfacet
  facet normal -0.910864 0.412707 0
    outer loop
      vertex -13.3963 5.54891 14
      vertex -13.0047 6.41319 14
      vertex -13.3963 5.54891 4.75
    endloop
  endfacet
  facet normal -0.910864 0.412707 0
    outer loop
      vertex -13.0047 6.41319 14
      vertex -13.0047 6.41319 4.75
      vertex -13.3963 5.54891 4.75
    endloop
  endfacet
  facet normal -0.644261 0.291905 -0.706908
    outer loop
      vertex -15.244 6.31428 16
      vertex -14.7984 7.29776 16
      vertex -13.3963 5.54891 14
    endloop
  endfacet
  facet normal -0.644258 0.291909 -0.70691
    outer loop
      vertex -14.7984 7.29776 16
      vertex -13.0047 6.41319 14
      vertex -13.3963 5.54891 14
    endloop
  endfacet
  facet normal -0.910867 0.4127 0
    outer loop
      vertex -15.244 6.31428 18
      vertex -14.7984 7.29776 18
      vertex -15.244 6.31428 16
    endloop
  endfacet
  facet normal -0.910867 0.4127 0
    outer loop
      vertex -14.7984 7.29776 18
      vertex -14.7984 7.29776 16
      vertex -15.244 6.31428 16
    endloop
  endfacet
  facet normal 0 0 1
    outer loop
      vertex -0 -0 18
      vertex -14.7984 7.29776 18
      vertex -15.244 6.31428 18
    endloop
  endfacet
  facet normal 0 0 -1
    outer loop
      vertex -16.0755 6.65869 0
      vertex -15.6056 7.69582 0
      vertex -0 -0 0
    endloop
  endfacet
  facet normal -0.644265 0.291898 -0.706908
    outer loop
      vertex -16.6298 6.8883 0.599991
      vertex -16.1437 7.9612 0.599991
      vertex -16.0755 6.65869 0
    endloop
  endfacet
  facet normal -0.64426 0.291899 -0.706912
    outer loop
      vertex -16.1437 7.9612 0.599991
      vertex -15.6056 7.69582 0
      vertex -16.0755 6.65869 0
    endloop
  endfacet
  facet normal -0.881939 0.471364 0
    outer loop
      vertex -16.1437 7.9612 3
      vertex -15.5885 9 3
      vertex -16.1437 7.9612 0.599991
    endloop
  endfacet
  facet normal -0.881939 0.471364 0
    outer loop
      vertex -15.5885 9 3
      vertex -15.5885 9 0.599991
      vertex -16.1437 7.9612 0.599991
    endloop
  endfacet
  facet normal -0.394578 0.210914 0.894329
    outer loop
      vertex -13.0047 6.41319 4.75
      vertex -12.5574 7.25 4.75
      vertex -16.1437 7.9612 3
    endloop
  endfacet
  facet normal -0.394584 0.21089 0.894332
    outer loop
      vertex -12.5574 7.25 4.75
      vertex -15.5885 9 3
      vertex -16.1437 7.9612 3
    endloop
  endfacet
  facet normal -0.881914 0.47141 0
    outer loop
      vertex -13.0047 6.41319 14
      vertex -12.5574 7.25 14
      vertex -13.0047 6.41319 4.75
    endloop
  endfacet
  facet normal -0.881914 0.47141 0
    outer loop
      vertex -12.5574 7.25 14
      vertex -12.5574 7.25 4.75
      vertex -13.0047 6.41319 4.75
    endloop
  endfacet
  facet normal -0.623782 0.33343 -0.70691
    outer loop
      vertex -14.7984 7.29776 16
      vertex -14.2894 8.25 16
      vertex -13.0047 6.41319 14
    endloop
  endfacet
  facet normal -0.623781 0.33343 -0.70691
    outer loop
      vertex -14.2894 8.25 16
      vertex -12.5574 7.25 14
      vertex -13.0047 6.41319 14
    endloop
  endfacet
  facet normal -0.881915 0.471409 0
    outer loop
      vertex -14.7984 7.29776 18
      vertex -14.2894 8.25 18
      vertex -14.7984 7.29776 16
    endloop
  endfacet
  facet normal -0.881915 0.471409 0
    outer loop
      vertex -14.2894 8.25 18
      vertex -14.2894 8.25 16
      vertex -14.7984 7.29776 16
    endloop
  endfacet
  facet normal 0 0 1
    outer loop
      vertex -0 -0 18
      vertex -14.2894 8.25 18
      vertex -14.7984 7.29776 18
    endloop
  endfacet
  facet normal 0 0 -1
    outer loop
      vertex -15.6056 7.69582 0
      vertex -15.0688 8.7 0
      vertex -0 -0 0
    endloop
  endfacet
  facet normal -0.623796 0.333396 -0.706913
    outer loop
      vertex -16.1437 7.9612 0.599991
      vertex -15.5885 9 0.599991
      vertex -15.6056 7.69582 0
    endloop
  endfacet
  facet normal -0.623721 0.33342 -0.706967
    outer loop
      vertex -15.5885 9 0.599991
      vertex -15.0688 8.7 0
      vertex -15.6056 7.69582 0
    endloop
  endfacet
  facet normal -0.849212 0.528052 0
    outer loop
      vertex -15.5885 9 3
      vertex -14.9665 10.0003 3
      vertex -15.5885 9 0.599991
    endloop
  endfacet
  facet normal -0.849212 0.528052 0
    outer loop
      vertex -14.9665 10.0003 3
      vertex -14.9665 10.0003 0.599991
      vertex -15.5885 9 0.599991
    endloop
  endfacet
  facet normal -0.379929 0.236274 0.894332
    outer loop
      vertex -12.5574 7.25 4.75
      vertex -12.0563 8.05577 4.75
      vertex -15.5885 9 3
    endloop
  endfacet
  facet normal -0.379936 0.23625 0.894335
    outer loop
      vertex -12.0563 8.05577 4.75
      vertex -14.9665 10.0003 3
      vertex -15.5885 9 3
    endloop
  endfacet
  facet normal -0.849183 0.528098 0
    outer loop
      vertex -12.5574 7.25 14
      vertex -12.0563 8.05577 14
      vertex -12.5574 7.25 4.75
    endloop
  endfacet
  facet normal -0.849183 0.528098 0
    outer loop
      vertex -12.0563 8.05577 14
      vertex -12.0563 8.05577 4.75
      vertex -12.5574 7.25 4.75
    endloop
  endfacet
  facet normal -0.600636 0.373518 -0.70691
    outer loop
      vertex -14.2894 8.25 16
      vertex -13.7192 9.16691 16
      vertex -12.5574 7.25 14
    endloop
  endfacet
  facet normal -0.600629 0.373525 -0.706912
    outer loop
      vertex -13.7192 9.16691 16
      vertex -12.0563 8.05577 14
      vertex -12.5574 7.25 14
    endloop
  endfacet
  facet normal -0.84919 0.528087 0
    outer loop
      vertex -14.2894 8.25 18
      vertex -13.7192 9.16691 18
      vertex -14.2894 8.25 16
    endloop
  endfacet
  facet normal -0.84919 0.528087 0
    outer loop
      vertex -13.7192 9.16691 18
      vertex -13.7192 9.16691 16
      vertex -14.2894 8.25 16
    endloop
  endfacet
  facet normal 0 0 1
    outer loop
      vertex -0 -0 18
      vertex -13.7192 9.16691 18
      vertex -14.2894 8.25 18
    endloop
  endfacet
  facet normal 0 0 -1
    outer loop
      vertex -15.0688 8.7 0
      vertex -14.4676 9.66692 0
      vertex -0 -0 0
    endloop
  endfacet
  facet normal -0.600604 0.373464 -0.706965
    outer loop
      vertex -15.5885 9 0.599991
      vertex -14.9665 10.0003 0.599991
      vertex -15.0688 8.7 0
    endloop
  endfacet
  facet normal -0.600635 0.373456 -0.706943
    outer loop
      vertex -14.9665 10.0003 0.599991
      vertex -14.4676 9.66692 0
      vertex -15.0688 8.7 0
    endloop
  endfacet
  facet normal -0.812832 0.582498 0
    outer loop
      vertex -14.9665 10.0003 3
      vertex -14.2804 10.9577 3
      vertex -14.9665 10.0003 0.599991
    endloop
  endfacet
  facet normal -0.812832 0.582498 0
    outer loop
      vertex -14.2804 10.9577 3
      vertex -14.2804 10.9577 0.599991
      vertex -14.9665 10.0003 0.599991
    endloop
  endfacet
  facet normal -0.363663 0.260605 0.894335
    outer loop
      vertex -12.0563 8.05577 4.75
      vertex -11.5036 8.82704 4.75
      vertex -14.9665 10.0003 3
    endloop
  endfacet
  facet normal -0.363661 0.26061 0.894334
    outer loop
      vertex -11.5036 8.82704 4.75
      vertex -14.2804 10.9577 3
      vertex -14.9665 10.0003 3
    endloop
  endfacet
  facet normal -0.812839 0.582489 0
    outer loop
      vertex -12.0563 8.05577 14
      vertex -11.5036 8.82704 14
      vertex -12.0563 8.05577 4.75
    endloop
  endfacet
  facet normal -0.812839 0.582489 0
    outer loop
      vertex -11.5036 8.82704 14
      vertex -11.5036 8.82704 4.75
      vertex -12.0563 8.05577 4.75
    endloop
  endfacet
  facet normal -0.574941 0.411968 -0.706912
    outer loop
      vertex -13.7192 9.16691 16
      vertex -13.0903 10.0446 16
      vertex -12.0563 8.05577 14
    endloop
  endfacet
  facet normal -0.574915 0.41199 -0.70692
    outer loop
      vertex -13.0903 10.0446 16
      vertex -11.5036 8.82704 14
      vertex -12.0563 8.05577 14
    endloop
  endfacet
  facet normal -0.812866 0.582451 0
    outer loop
      vertex -13.7192 9.16691 18
      vertex -13.0903 10.0446 18
      vertex -13.7192 9.16691 16
    endloop
  endfacet
  facet normal -0.812866 0.582451 0
    outer loop
      vertex -13.0903 10.0446 18
      vertex -13.0903 10.0446 16
      vertex -13.7192 9.16691 16
    endloop
  endfacet
  facet normal 0 0 1
    outer loop
      vertex -0 -0 18
      vertex -13.0903 10.0446 18
      vertex -13.7192 9.16691 18
    endloop
  endfacet
  facet normal 0 0 -1
    outer loop
      vertex -14.4676 9.66692 0
      vertex -13.8043 10.5924 0
      vertex -0 -0 0
    endloop
  endfacet
  facet normal -0.574891 0.411983 -0.706944
    outer loop
      vertex -14.9665 10.0003 0.599991
      vertex -14.2804 10.9577 0.599991
      vertex -14.4676 9.66692 0
    endloop
  endfacet
  facet normal -0.574839 0.411993 -0.706981
    outer loop
      vertex -14.2804 10.9577 0.599991
      vertex -13.8043 10.5924 0
      vertex -14.4676 9.66692 0
    endloop
  endfacet
  facet normal -0.77298 0.63443 0
    outer loop
      vertex -14.2804 10.9577 3
      vertex -13.5331 11.8682 3
      vertex -14.2804 10.9577 0.599991
    endloop
  endfacet
  facet normal -0.77298 0.63443 0
    outer loop
      vertex -13.5331 11.8682 3
      vertex -13.5331 11.8682 0.599991
      vertex -14.2804 10.9577 0.599991
    endloop
  endfacet
  facet normal -0.345855 0.283815 0.894334
    outer loop
      vertex -11.5036 8.82704 4.75
      vertex -10.9017 9.56051 4.75
      vertex -14.2804 10.9577 3
    endloop
  endfacet
  facet normal -0.345839 0.28385 0.894329
    outer loop
      vertex -10.9017 9.56051 4.75
      vertex -13.5331 11.8682 3
      vertex -14.2804 10.9577 3
    endloop
  endfacet
  facet normal -0.773033 0.634366 0
    outer loop
      vertex -11.5036 8.82704 14
      vertex -10.9017 9.56051 14
      vertex -11.5036 8.82704 4.75
    endloop
  endfacet
  facet normal -0.773033 0.634366 0
    outer loop
      vertex -10.9017 9.56051 14
      vertex -10.9017 9.56051 4.75
      vertex -11.5036 8.82704 4.75
    endloop
  endfacet
  facet normal -0.546757 0.448687 -0.706921
    outer loop
      vertex -13.0903 10.0446 16
      vertex -12.4054 10.8792 16
      vertex -11.5036 8.82704 14
    endloop
  endfacet
  facet normal -0.546761 0.448683 -0.70692
    outer loop
      vertex -12.4054 10.8792 16
      vertex -10.9017 9.56051 14
      vertex -11.5036 8.82704 14
    endloop
  endfacet
  facet normal -0.773028 0.634372 0
    outer loop
      vertex -13.0903 10.0446 18
      vertex -12.4054 10.8792 18
      vertex -13.0903 10.0446 16
    endloop
  endfacet
  facet normal -0.773028 0.634372 0
    outer loop
      vertex -12.4054 10.8792 18
      vertex -12.4054 10.8792 16
      vertex -13.0903 10.0446 16
    endloop
  endfacet
  facet normal 0 0 1
    outer loop
      vertex -0 -0 18
      vertex -12.4054 10.8792 18
      vertex -13.0903 10.0446 18
    endloop
  endfacet
  facet normal 0 0 -1
    outer loop
      vertex -13.8043 10.5924 0
      vertex -13.082 11.4726 0
      vertex -0 -0 0
    endloop
  endfacet
  facet normal -0.546679 0.448691 -0.706978
    outer loop
      vertex -14.2804 10.9577 0.599991
      vertex -13.5331 11.8682 0.599991
      vertex -13.8043 10.5924 0
    endloop
  endfacet
  facet normal -0.546766 0.448681 -0.706918
    outer loop
      vertex -13.5331 11.8682 0.599991
      vertex -13.082 11.4726 0
      vertex -13.8043 10.5924 0
    endloop
  endfacet
  facet normal -0.729863 0.683594 0
    outer loop
      vertex -13.5331 11.8682 3
      vertex -12.7279 12.7279 3
      vertex -13.5331 11.8682 0.599991
    endloop
  endfacet
  facet normal -0.729863 0.683594 0
    outer loop
      vertex -12.7279 12.7279 3
      vertex -12.7279 12.7279 0.599991
      vertex -13.5331 11.8682 0.599991
    endloop
  endfacet
  facet normal -0.326522 0.305875 0.894329
    outer loop
      vertex -10.9017 9.56051 4.75
      vertex -10.253 10.253 4.75
      vertex -13.5331 11.8682 3
    endloop
  endfacet
  facet normal -0.326542 0.305841 0.894333
    outer loop
      vertex -10.253 10.253 4.75
      vertex -12.7279 12.7279 3
      vertex -13.5331 11.8682 3
    endloop
  endfacet
  facet normal -0.729805 0.683655 0
    outer loop
      vertex -10.9017 9.56051 14
      vertex -10.253 10.253 14
      vertex -10.9017 9.56051 4.75
    endloop
  endfacet
  facet normal -0.729805 0.683655 0
    outer loop
      vertex -10.253 10.253 14
      vertex -10.253 10.253 4.75
      vertex -10.9017 9.56051 4.75
    endloop
  endfacet
  facet normal -0.51624 0.483488 -0.70692
    outer loop
      vertex -12.4054 10.8792 16
      vertex -11.6673 11.6673 16
      vertex -10.9017 9.56051 14
    endloop
  endfacet
  facet normal -0.516172 0.483531 -0.70694
    outer loop
      vertex -11.6673 11.6673 16
      vertex -10.253 10.253 14
      vertex -10.9017 9.56051 14
    endloop
  endfacet
  facet normal -0.729881 0.683574 0
    outer loop
      vertex -12.4054 10.8792 18
      vertex -11.6673 11.6673 18
      vertex -12.4054 10.8792 16
    endloop
  endfacet
  facet normal -0.729881 0.683574 0
    outer loop
      vertex -11.6673 11.6673 18
      vertex -11.6673 11.6673 16
      vertex -12.4054 10.8792 16
    endloop
  endfacet
  facet normal 0 0 1
    outer loop
      vertex -0 -0 18
      vertex -11.6673 11.6673 18
      vertex -12.4054 10.8792 18
    endloop
  endfacet
  facet normal 0 0 -1
    outer loop
      vertex -13.082 11.4726 0
      vertex -12.3037 12.3037 0
      vertex -0 -0 0
    endloop
  endfacet
  facet normal -0.516229 0.483503 -0.706918
    outer loop
      vertex -13.5331 11.8682 0.599991
      vertex -12.7279 12.7279 0.599991
      vertex -13.082 11.4726 0
    endloop
  endfacet
  facet normal -0.5163 0.483499 -0.706868
    outer loop
      vertex -12.7279 12.7279 0.599991
      vertex -12.3037 12.3037 0
      vertex -13.082 11.4726 0
    endloop
  endfacet
  facet normal -0.683594 0.729863 0
    outer loop
      vertex -12.7279 12.7279 3
      vertex -11.8682 13.5331 3
      vertex -12.7279 12.7279 0.599991
    endloop
  endfacet
  facet normal -0.683594 0.729863 0
    outer loop
      vertex -11.8682 13.5331 3
      vertex -11.8682 13.5331 0.599991
      vertex -12.7279 12.7279 0.599991
    endloop
  endfacet
  facet normal -0.305868 0.326515 0.894334
    outer loop
      vertex -10.253 10.253 4.75
      vertex -9.56051 10.9017 4.75
      vertex -12.7279 12.7279 3
    endloop
  endfacet
  facet normal -0.305846 0.326548 0.894329
    outer loop
      vertex -9.56051 10.9017 4.75
      vertex -11.8682 13.5331 3
      vertex -12.7279 12.7279 3
    endloop
  endfacet
  facet normal -0.683655 0.729805 0
    outer loop
      vertex -10.253 10.253 14
      vertex -9.56051 10.9017 14
      vertex -10.253 10.253 4.75
    endloop
  endfacet
  facet normal -0.683655 0.729805 0
    outer loop
      vertex -9.56051 10.9017 14
      vertex -9.56051 10.9017 4.75
      vertex -10.253 10.253 4.75
    endloop
  endfacet
  facet normal -0.483475 0.516226 -0.706939
    outer loop
      vertex -11.6673 11.6673 16
      vertex -10.8792 12.4054 16
      vertex -10.253 10.253 14
    endloop
  endfacet
  facet normal -0.483546 0.516187 -0.706919
    outer loop
      vertex -10.8792 12.4054 16
      vertex -9.56051 10.9017 14
      vertex -10.253 10.253 14
    endloop
  endfacet
  facet normal -0.683574 0.729881 0
    outer loop
      vertex -11.6673 11.6673 18
      vertex -10.8792 12.4054 18
      vertex -11.6673 11.6673 16
    endloop
  endfacet
  facet normal -0.683574 0.729881 0
    outer loop
      vertex -10.8792 12.4054 18
      vertex -10.8792 12.4054 16
      vertex -11.6673 11.6673 16
    endloop
  endfacet
  facet normal 0 0 1
    outer loop
      vertex -0 -0 18
      vertex -10.8792 12.4054 18
      vertex -11.6673 11.6673 18
    endloop
  endfacet
  facet normal 0 0 -1
    outer loop
      vertex -12.3037 12.3037 0
      vertex -11.4726 13.082 0
      vertex -0 -0 0
    endloop
  endfacet
  facet normal -0.483536 0.516264 -0.706869
    outer loop
      vertex -12.7279 12.7279 0.599991
      vertex -11.8682 13.5331 0.599991
      vertex -12.3037 12.3037 0
    endloop
  endfacet
  facet normal -0.483465 0.516263 -0.706919
    outer loop
      vertex -11.8682 13.5331 0.599991
      vertex -11.4726 13.082 0
      vertex -12.3037 12.3037 0
    endloop
  endfacet
  facet normal -0.63443 0.77298 0
    outer loop
      vertex -11.8682 13.5331 3
      vertex -10.9577 14.2804 3
      vertex -11.8682 13.5331 0.599991
    endloop
  endfacet
  facet normal -0.63443 0.77298 0
    outer loop
      vertex -10.9577 14.2804 3
      vertex -10.9577 14.2804 0.599991
      vertex -11.8682 13.5331 0.599991
    endloop
  endfacet
  facet normal -0.283822 0.345863 0.894329
    outer loop
      vertex -9.56051 10.9017 4.75
      vertex -8.82704 11.5036 4.75
      vertex -11.8682 13.5331 3
    endloop
  endfacet
  facet normal -0.283845 0.345832 0.894333
    outer loop
      vertex -8.82704 11.5036 4.75
      vertex -10.9577 14.2804 3
      vertex -11.8682 13.5331 3
    endloop
  endfacet
  facet normal -0.634366 0.773033 0
    outer loop
      vertex -9.56051 10.9017 14
      vertex -8.82704 11.5036 14
      vertex -9.56051 10.9017 4.75
    endloop
  endfacet
  facet normal -0.634366 0.773033 0
    outer loop
      vertex -8.82704 11.5036 14
      vertex -8.82704 11.5036 4.75
      vertex -9.56051 10.9017 4.75
    endloop
  endfacet
  facet normal -0.448687 0.546758 -0.70692
    outer loop
      vertex -10.8792 12.4054 16
      vertex -10.0446 13.0903 16
      vertex -9.56051 10.9017 14
    endloop
  endfacet
  facet normal -0.448682 0.54676 -0.706921
    outer loop
      vertex -10.0446 13.0903 16
      vertex -8.82704 11.5036 14
      vertex -9.56051 10.9017 14
    endloop
  endfacet
  facet normal -0.634372 0.773028 0
    outer loop
      vertex -10.8792 12.4054 18
      vertex -10.0446 13.0903 18
      vertex -10.8792 12.4054 16
    endloop
  endfacet
  facet normal -0.634372 0.773028 0
    outer loop
      vertex -10.0446 13.0903 18
      vertex -10.0446 13.0903 16
      vertex -10.8792 12.4054 16
    endloop
  endfacet
  facet normal 0 0 1
    outer loop
      vertex -0 -0 18
      vertex -10.0446 13.0903 18
      vertex -10.8792 12.4054 18
    endloop
  endfacet
  facet normal 0 0 -1
    outer loop
      vertex -11.4726 13.082 0
      vertex -10.5924 13.8043 0
      vertex -0 -0 0
    endloop
  endfacet
  facet normal -0.448729 0.546725 -0.706919
    outer loop
      vertex -11.8682 13.5331 0.599991
      vertex -10.9577 14.2804 0.599991
      vertex -11.4726 13.082 0
    endloop
  endfacet
  facet normal -0.448642 0.546718 -0.706979
    outer loop
      vertex -10.9577 14.2804 0.599991
      vertex -10.5924 13.8043 0
      vertex -11.4726 13.082 0
    endloop
  endfacet
  facet normal -0.582498 0.812832 0
    outer loop
      vertex -10.9577 14.2804 3
      vertex -10.0003 14.9665 3
      vertex -10.9577 14.2804 0.599991
    endloop
  endfacet
  facet normal -0.582498 0.812832 0
    outer loop
      vertex -10.0003 14.9665 3
      vertex -10.0003 14.9665 0.599991
      vertex -10.9577 14.2804 0.599991
    endloop
  endfacet
  facet normal -0.260605 0.363664 0.894334
    outer loop
      vertex -8.82704 11.5036 4.75
      vertex -8.05577 12.0563 4.75
      vertex -10.9577 14.2804 3
    endloop
  endfacet
  facet normal -0.260609 0.36366 0.894335
    outer loop
      vertex -8.05577 12.0563 4.75
      vertex -10.0003 14.9665 3
      vertex -10.9577 14.2804 3
    endloop
  endfacet
  facet normal -0.582489 0.812839 0
    outer loop
      vertex -8.82704 11.5036 14
      vertex -8.05577 12.0563 14
      vertex -8.82704 11.5036 4.75
    endloop
  endfacet
  facet normal -0.582489 0.812839 0
    outer loop
      vertex -8.05577 12.0563 14
      vertex -8.05577 12.0563 4.75
      vertex -8.82704 11.5036 4.75
    endloop
  endfacet
  facet normal -0.411964 0.574935 -0.70692
    outer loop
      vertex -10.0446 13.0903 16
      vertex -9.16691 13.7192 16
      vertex -8.82704 11.5036 14
    endloop
  endfacet
  facet normal -0.411995 0.574922 -0.706912
    outer loop
      vertex -9.16691 13.7192 16
      vertex -8.05577 12.0563 14
      vertex -8.82704 11.5036 14
    endloop
  endfacet
  facet normal -0.582451 0.812866 0
    outer loop
      vertex -10.0446 13.0903 18
      vertex -9.16691 13.7192 18
      vertex -10.0446 13.0903 16
    endloop
  endfacet
  facet normal -0.582451 0.812866 0
    outer loop
      vertex -9.16691 13.7192 18
      vertex -9.16691 13.7192 16
      vertex -10.0446 13.0903 16
    endloop
  endfacet
  facet normal 0 0 1
    outer loop
      vertex -0 -0 18
      vertex -9.16691 13.7192 18
      vertex -10.0446 13.0903 18
    endloop
  endfacet
  facet normal 0 0 -1
    outer loop
      vertex -10.5924 13.8043 0
      vertex -9.66692 14.4676 0
      vertex -0 -0 0
    endloop
  endfacet
  facet normal -0.411962 0.574862 -0.70698
    outer loop
      vertex -10.9577 14.2804 0.599991
      vertex -10.0003 14.9665 0.599991
      vertex -10.5924 13.8043 0
    endloop
  endfacet
  facet normal -0.412014 0.57487 -0.706944
    outer loop
      vertex -10.0003 14.9665 0.599991
      vertex -9.66692 14.4676 0
      vertex -10.5924 13.8043 0
    endloop
  endfacet
  facet normal -0.528052 0.849212 0
    outer loop
      vertex -10.0003 14.9665 3
      vertex -9 15.5885 3
      vertex -10.0003 14.9665 0.599991
    endloop
  endfacet
  facet normal -0.528052 0.849212 0
    outer loop
      vertex -9 15.5885 3
      vertex -9 15.5885 0.599991
      vertex -10.0003 14.9665 0.599991
    endloop
  endfacet
  facet normal -0.23627 0.379923 0.894335
    outer loop
      vertex -8.05577 12.0563 4.75
      vertex -7.25 12.5574 4.75
      vertex -10.0003 14.9665 3
    endloop
  endfacet
  facet normal -0.236252 0.379941 0.894332
    outer loop
      vertex -7.25 12.5574 4.75
      vertex -9 15.5885 3
      vertex -10.0003 14.9665 3
    endloop
  endfacet
  facet normal -0.528098 0.849183 0
    outer loop
      vertex -8.05577 12.0563 14
      vertex -7.25 12.5574 14
      vertex -8.05577 12.0563 4.75
    endloop
  endfacet
  facet normal -0.528098 0.849183 0
    outer loop
      vertex -7.25 12.5574 14
      vertex -7.25 12.5574 4.75
      vertex -8.05577 12.0563 4.75
    endloop
  endfacet
  facet normal -0.373517 0.600634 -0.706912
    outer loop
      vertex -9.16691 13.7192 16
      vertex -8.25 14.2894 16
      vertex -8.05577 12.0563 14
    endloop
  endfacet
  facet normal -0.373526 0.600631 -0.706909
    outer loop
      vertex -8.25 14.2894 16
      vertex -7.25 12.5574 14
      vertex -8.05577 12.0563 14
    endloop
  endfacet
  facet normal -0.528087 0.84919 0
    outer loop
      vertex -9.16691 13.7192 18
      vertex -8.25 14.2894 18
      vertex -9.16691 13.7192 16
    endloop
  endfacet
  facet normal -0.528087 0.84919 0
    outer loop
      vertex -8.25 14.2894 18
      vertex -8.25 14.2894 16
      vertex -9.16691 13.7192 16
    endloop
  endfacet
  facet normal 0 0 1
    outer loop
      vertex -0 -0 18
      vertex -8.25 14.2894 18
      vertex -9.16691 13.7192 18
    endloop
  endfacet
  facet normal 0 0 -1
    outer loop
      vertex -9.66692 14.4676 0
      vertex -8.7 15.0688 0
      vertex -0 -0 0
    endloop
  endfacet
  facet normal -0.373475 0.600622 -0.706943
    outer loop
      vertex -10.0003 14.9665 0.599991
      vertex -9 15.5885 0.599991
      vertex -9.66692 14.4676 0
    endloop
  endfacet
  facet normal -0.373444 0.600616 -0.706966
    outer loop
      vertex -9 15.5885 0.599991
      vertex -8.7 15.0688 0
      vertex -9.66692 14.4676 0
    endloop
  endfacet
  facet normal -0.471364 0.881939 0
    outer loop
      vertex -9 15.5885 3
      vertex -7.9612 16.1437 3
      vertex -9 15.5885 0.599991
    endloop
  endfacet
  facet normal -0.471364 0.881939 0
    outer loop
      vertex -7.9612 16.1437 3
      vertex -7.9612 16.1437 0.599991
      vertex -9 15.5885 0.599991
    endloop
  endfacet
  facet normal -0.210911 0.394572 0.894332
    outer loop
      vertex -7.25 12.5574 4.75
      vertex -6.41319 13.0047 4.75
      vertex -9 15.5885 3
    endloop
  endfacet
  facet normal -0.210893 0.394588 0.894329
    outer loop
      vertex -6.41319 13.0047 4.75
      vertex -7.9612 16.1437 3
      vertex -9 15.5885 3
    endloop
  endfacet
  facet normal -0.47141 0.881914 0
    outer loop
      vertex -7.25 12.5574 14
      vertex -6.41319 13.0047 14
      vertex -7.25 12.5574 4.75
    endloop
  endfacet
  facet normal -0.47141 0.881914 0
    outer loop
      vertex -6.41319 13.0047 14
      vertex -6.41319 13.0047 4.75
      vertex -7.25 12.5574 4.75
    endloop
  endfacet
  facet normal -0.333429 0.623782 -0.70691
    outer loop
      vertex -8.25 14.2894 16
      vertex -7.29776 14.7984 16
      vertex -7.25 12.5574 14
    endloop
  endfacet
  facet normal -0.33343 0.623782 -0.70691
    outer loop
      vertex -7.29776 14.7984 16
      vertex -6.41319 13.0047 14
      vertex -7.25 12.5574 14
    endloop
  endfacet
  facet normal -0.471409 0.881915 0
    outer loop
      vertex -8.25 14.2894 18
      vertex -7.29776 14.7984 18
      vertex -8.25 14.2894 16
    endloop
  endfacet
  facet normal -0.471409 0.881915 0
    outer loop
      vertex -7.29776 14.7984 18
      vertex -7.29776 14.7984 16
      vertex -8.25 14.2894 16
    endloop
  endfacet
  facet normal 0 0 1
    outer loop
      vertex -0 -0 18
      vertex -7.29776 14.7984 18
      vertex -8.25 14.2894 18
    endloop
  endfacet
  facet normal 0 0 -1
    outer loop
      vertex -8.7 15.0688 0
      vertex -7.69582 15.6056 0
      vertex -0 -0 0
    endloop
  endfacet
  facet normal -0.333371 0.623749 -0.706966
    outer loop
      vertex -9 15.5885 0.599991
      vertex -7.9612 16.1437 0.599991
      vertex -8.7 15.0688 0
    endloop
  endfacet
  facet normal -0.333446 0.62377 -0.706912
    outer loop
      vertex -7.9612 16.1437 0.599991
      vertex -7.69582 15.6056 0
      vertex -8.7 15.0688 0
    endloop
  endfacet
  facet normal -0.41269 0.910872 0
    outer loop
      vertex -7.9612 16.1437 3
      vertex -6.8883 16.6298 3
      vertex -7.9612 16.1437 0.599991
    endloop
  endfacet
  facet normal -0.41269 0.910872 0
    outer loop
      vertex -6.8883 16.6298 3
      vertex -6.8883 16.6298 0.599991
      vertex -7.9612 16.1437 0.599991
    endloop
  endfacet
  facet normal -0.184649 0.40753 0.894329
    outer loop
      vertex -6.41319 13.0047 4.75
      vertex -5.54891 13.3963 4.75
      vertex -7.9612 16.1437 3
    endloop
  endfacet
  facet normal -0.184642 0.407535 0.894328
    outer loop
      vertex -5.54891 13.3963 4.75
      vertex -6.8883 16.6298 3
      vertex -7.9612 16.1437 3
    endloop
  endfacet
  facet normal -0.412707 0.910864 0
    outer loop
      vertex -6.41319 13.0047 14
      vertex -5.54891 13.3963 14
      vertex -6.41319 13.0047 4.75
    endloop
  endfacet
  facet normal -0.412707 0.910864 0
    outer loop
      vertex -5.54891 13.3963 14
      vertex -5.54891 13.3963 4.75
      vertex -6.41319 13.0047 4.75
    endloop
  endfacet
  facet normal -0.291904 0.64426 -0.706909
    outer loop
      vertex -7.29776 14.7984 16
      vertex -6.31428 15.244 16
      vertex -6.41319 13.0047 14
    endloop
  endfacet
  facet normal -0.29191 0.644259 -0.706908
    outer loop
      vertex -6.31428 15.244 16
      vertex -5.54891 13.3963 14
      vertex -6.41319 13.0047 14
    endloop
  endfacet
  facet normal -0.4127 0.910867 0
    outer loop
      vertex -7.29776 14.7984 18
      vertex -6.31428 15.244 18
      vertex -7.29776 14.7984 16
    endloop
  endfacet
  facet normal -0.4127 0.910867 0
    outer loop
      vertex -6.31428 15.244 18
      vertex -6.31428 15.244 16
      vertex -7.29776 14.7984 16
    endloop
  endfacet
  facet normal 0 0 1
    outer loop
      vertex -0 -0 18
      vertex -6.31428 15.244 18
      vertex -7.29776 14.7984 18
    endloop
  endfacet
  facet normal 0 0 -1
    outer loop
      vertex -7.69582 15.6056 0
      vertex -6.65869 16.0755 0
      vertex -0 -0 0
    endloop
  endfacet
  facet normal -0.291896 0.644261 -0.706911
    outer loop
      vertex -7.9612 16.1437 0.599991
      vertex -6.8883 16.6298 0.599991
      vertex -7.69582 15.6056 0
    endloop
  endfacet
  facet normal -0.291901 0.644263 -0.706908
    outer loop
      vertex -6.8883 16.6298 0.599991
      vertex -6.65869 16.0755 0
      vertex -7.69582 15.6056 0
    endloop
  endfacet
  facet normal -0.352242 0.935909 0
    outer loop
      vertex -6.8883 16.6298 3
      vertex -5.78591 17.0447 3
      vertex -6.8883 16.6298 0.599991
    endloop
  endfacet
  facet normal -0.352242 0.935909 0
    outer loop
      vertex -5.78591 17.0447 3
      vertex -5.78591 17.0447 0.599991
      vertex -6.8883 16.6298 0.599991
    endloop
  endfacet
  facet normal -0.157587 0.418742 0.894327
    outer loop
      vertex -5.54891 13.3963 4.75
      vertex -4.66087 13.7305 4.75
      vertex -6.8883 16.6298 3
    endloop
  endfacet
  facet normal -0.157597 0.418735 0.894329
    outer loop
      vertex -4.66087 13.7305 4.75
      vertex -5.78591 17.0447 3
      vertex -6.8883 16.6298 3
    endloop
  endfacet
  facet normal -0.352218 0.935918 0
    outer loop
      vertex -5.54891 13.3963 14
      vertex -4.66087 13.7305 14
      vertex -5.54891 13.3963 4.75
    endloop
  endfacet
  facet normal -0.352218 0.935918 0
    outer loop
      vertex -4.66087 13.7305 14
      vertex -4.66087 13.7305 4.75
      vertex -5.54891 13.3963 4.75
    endloop
  endfacet
  facet normal -0.249128 0.66198 -0.706907
    outer loop
      vertex -6.31428 15.244 16
      vertex -5.30375 15.6243 16
      vertex -5.54891 13.3963 14
    endloop
  endfacet
  facet normal -0.249126 0.66198 -0.706908
    outer loop
      vertex -5.30375 15.6243 16
      vertex -4.66087 13.7305 14
      vertex -5.54891 13.3963 14
    endloop
  endfacet
  facet normal -0.35222 0.935917 0
    outer loop
      vertex -6.31428 15.244 18
      vertex -5.30375 15.6243 18
      vertex -6.31428 15.244 16
    endloop
  endfacet
  facet normal -0.35222 0.935917 0
    outer loop
      vertex -5.30375 15.6243 18
      vertex -5.30375 15.6243 16
      vertex -6.31428 15.244 16
    endloop
  endfacet
  facet normal 0 0 1
    outer loop
      vertex -0 -0 18
      vertex -5.30375 15.6243 18
      vertex -6.31428 15.244 18
    endloop
  endfacet
  facet normal 0 0 -1
    outer loop
      vertex -6.65869 16.0755 0
      vertex -5.59304 16.4766 0
      vertex -0 -0 0
    endloop
  endfacet
  facet normal -0.249143 0.661974 -0.706907
    outer loop
      vertex -6.8883 16.6298 0.599991
      vertex -5.78591 17.0447 0.599991
      vertex -6.65869 16.0755 0
    endloop
  endfacet
  facet normal -0.249164 0.661983 -0.706892
    outer loop
      vertex -5.78591 17.0447 0.599991
      vertex -5.59304 16.4766 0
      vertex -6.65869 16.0755 0
    endloop
  endfacet
  facet normal -0.290344 0.956922 0
    outer loop
      vertex -5.78591 17.0447 3
      vertex -4.65874 17.3867 3
      vertex -5.78591 17.0447 0.599991
    endloop
  endfacet
  facet normal -0.290344 0.956922 0
    outer loop
      vertex -4.65874 17.3867 3
      vertex -4.65874 17.3867 0.599991
      vertex -5.78591 17.0447 0.599991
    endloop
  endfacet
  facet normal -0.129861 0.42815 0.894328
    outer loop
      vertex -4.66087 13.7305 4.75
      vertex -3.75288 14.0059 4.75
      vertex -5.78591 17.0447 3
    endloop
  endfacet
  facet normal -0.1299 0.428127 0.894334
    outer loop
      vertex -3.75288 14.0059 4.75
      vertex -4.65874 17.3867 3
      vertex -5.78591 17.0447 3
    endloop
  endfacet
  facet normal -0.29025 0.956951 0
    outer loop
      vertex -4.66087 13.7305 14
      vertex -3.75288 14.0059 14
      vertex -4.66087 13.7305 4.75
    endloop
  endfacet
  facet normal -0.29025 0.956951 0
    outer loop
      vertex -3.75288 14.0059 14
      vertex -3.75288 14.0059 4.75
      vertex -4.66087 13.7305 4.75
    endloop
  endfacet
  facet normal -0.205362 0.676836 -0.706908
    outer loop
      vertex -5.30375 15.6243 16
      vertex -4.27051 15.9378 16
      vertex -4.66087 13.7305 14
    endloop
  endfacet
  facet normal -0.20529 0.67684 -0.706926
    outer loop
      vertex -4.27051 15.9378 16
      vertex -3.75288 14.0059 14
      vertex -4.66087 13.7305 14
    endloop
  endfacet
  facet normal -0.290344 0.956922 0
    outer loop
      vertex -5.30375 15.6243 18
      vertex -4.27051 15.9378 18
      vertex -5.30375 15.6243 16
    endloop
  endfacet
  facet normal -0.290344 0.956922 0
    outer loop
      vertex -4.27051 15.9378 18
      vertex -4.27051 15.9378 16
      vertex -5.30375 15.6243 16
    endloop
  endfacet
  facet normal 0 0 1
    outer loop
      vertex -0 -0 18
      vertex -4.27051 15.9378 18
      vertex -5.30375 15.6243 18
    endloop
  endfacet
  facet normal 0 0 -1
    outer loop
      vertex -5.59304 16.4766 0
      vertex -4.50345 16.8071 0
      vertex -0 -0 0
    endloop
  endfacet
  facet normal -0.205367 0.676852 -0.706892
    outer loop
      vertex -5.78591 17.0447 0.599991
      vertex -4.65874 17.3867 0.599991
      vertex -5.59304 16.4766 0
    endloop
  endfacet
  facet normal -0.205295 0.676815 -0.706948
    outer loop
      vertex -4.65874 17.3867 0.599991
      vertex -4.50345 16.8071 0
      vertex -5.59304 16.4766 0
    endloop
  endfacet
  facet normal -0.227021 0.97389 0
    outer loop
      vertex -4.65874 17.3867 3
      vertex -3.51163 17.6541 3
      vertex -4.65874 17.3867 0.599991
    endloop
  endfacet
  facet normal -0.227021 0.97389 0
    outer loop
      vertex -3.51163 17.6541 3
      vertex -3.51163 17.6541 0.599991
      vertex -4.65874 17.3867 0.599991
    endloop
  endfacet
  facet normal -0.10161 0.435708 0.894334
    outer loop
      vertex -3.75288 14.0059 4.75
      vertex -2.82881 14.2214 4.75
      vertex -4.65874 17.3867 3
    endloop
  endfacet
  facet normal -0.101571 0.435727 0.894329
    outer loop
      vertex -2.82881 14.2214 4.75
      vertex -3.51163 17.6541 3
      vertex -4.65874 17.3867 3
    endloop
  endfacet
  facet normal -0.227113 0.973868 0
    outer loop
      vertex -3.75288 14.0059 14
      vertex -2.82881 14.2214 14
      vertex -3.75288 14.0059 4.75
    endloop
  endfacet
  facet normal -0.227113 0.973868 0
    outer loop
      vertex -2.82881 14.2214 14
      vertex -2.82881 14.2214 4.75
      vertex -3.75288 14.0059 4.75
    endloop
  endfacet
  facet normal -0.160621 0.688809 -0.706926
    outer loop
      vertex -4.27051 15.9378 16
      vertex -3.21899 16.183 16
      vertex -3.75288 14.0059 14
    endloop
  endfacet
  facet normal -0.160635 0.688809 -0.706922
    outer loop
      vertex -3.21899 16.183 16
      vertex -2.82881 14.2214 14
      vertex -3.75288 14.0059 14
    endloop
  endfacet
  facet normal -0.227094 0.973873 0
    outer loop
      vertex -4.27051 15.9378 18
      vertex -3.21899 16.183 18
      vertex -4.27051 15.9378 16
    endloop
  endfacet
  facet normal -0.227094 0.973873 0
    outer loop
      vertex -3.21899 16.183 18
      vertex -3.21899 16.183 16
      vertex -4.27051 15.9378 16
    endloop
  endfacet
  facet normal 0 0 1
    outer loop
      vertex -0 -0 18
      vertex -3.21899 16.183 18
      vertex -4.27051 15.9378 18
    endloop
  endfacet
  facet normal 0 0 -1
    outer loop
      vertex -4.50345 16.8071 0
      vertex -3.39457 17.0657 0
      vertex -0 -0 0
    endloop
  endfacet
  facet normal -0.160564 0.688799 -0.706947
    outer loop
      vertex -4.65874 17.3867 0.599991
      vertex -3.51163 17.6541 0.599991
      vertex -4.50345 16.8071 0
    endloop
  endfacet
  facet normal -0.160645 0.688847 -0.706882
    outer loop
      vertex -3.51163 17.6541 0.599991
      vertex -3.39457 17.0657 0
      vertex -4.50345 16.8071 0
    endloop
  endfacet
  facet normal -0.162917 0.98664 0
    outer loop
      vertex -3.51163 17.6541 3
      vertex -2.34947 17.846 3
      vertex -3.51163 17.6541 0.599991
    endloop
  endfacet
  facet normal -0.162917 0.98664 0
    outer loop
      vertex -2.34947 17.846 3
      vertex -2.34947 17.846 0.599991
      vertex -3.51163 17.6541 0.599991
    endloop
  endfacet
  facet normal -0.0728976 0.441431 0.894329
    outer loop
      vertex -2.82881 14.2214 4.75
      vertex -1.89263 14.376 4.75
      vertex -3.51163 17.6541 3
    endloop
  endfacet
  facet normal -0.0728911 0.441434 0.894328
    outer loop
      vertex -1.89263 14.376 4.75
      vertex -2.34947 17.846 3
      vertex -3.51163 17.6541 3
    endloop
  endfacet
  facet normal -0.162932 0.986637 0
    outer loop
      vertex -2.82881 14.2214 14
      vertex -1.89263 14.376 14
      vertex -2.82881 14.2214 4.75
    endloop
  endfacet
  facet normal -0.162932 0.986637 0
    outer loop
      vertex -1.89263 14.376 14
      vertex -1.89263 14.376 4.75
      vertex -2.82881 14.2214 4.75
    endloop
  endfacet
  facet normal -0.115161 0.697854 -0.706922
    outer loop
      vertex -3.21899 16.183 16
      vertex -2.15368 16.3588 16
      vertex -2.82881 14.2214 14
    endloop
  endfacet
  facet normal -0.115244 0.697861 -0.706901
    outer loop
      vertex -2.15368 16.3588 16
      vertex -1.89263 14.376 14
      vertex -2.82881 14.2214 14
    endloop
  endfacet
  facet normal -0.16282 0.986656 0
    outer loop
      vertex -3.21899 16.183 18
      vertex -2.15368 16.3588 18
      vertex -3.21899 16.183 16
    endloop
  endfacet
  facet normal -0.16282 0.986656 0
    outer loop
      vertex -2.15368 16.3588 18
      vertex -2.15368 16.3588 16
      vertex -3.21899 16.183 16
    endloop
  endfacet
  facet normal 0 0 1
    outer loop
      vertex -0 -0 18
      vertex -2.15368 16.3588 18
      vertex -3.21899 16.183 18
    endloop
  endfacet
  facet normal 0 0 -1
    outer loop
      vertex -3.39457 17.0657 0
      vertex -2.27115 17.2511 0
      vertex -0 -0 0
    endloop
  endfacet
  facet normal -0.115237 0.697881 -0.706882
    outer loop
      vertex -3.51163 17.6541 0.599991
      vertex -2.34947 17.846 0.599991
      vertex -3.39457 17.0657 0
    endloop
  endfacet
  facet normal -0.115164 0.697831 -0.706943
    outer loop
      vertex -2.34947 17.846 0.599991
      vertex -2.27115 17.2511 0
      vertex -3.39457 17.0657 0
    endloop
  endfacet
  facet normal -0.098057 0.995181 0
    outer loop
      vertex -2.34947 17.846 3
      vertex -1.17726 17.9615 3
      vertex -2.34947 17.846 0.599991
    endloop
  endfacet
  facet normal -0.098057 0.995181 0
    outer loop
      vertex -1.17726 17.9615 3
      vertex -1.17726 17.9615 0.599991
      vertex -2.34947 17.846 0.599991
    endloop
  endfacet
  facet normal -0.0438521 0.445257 0.894328
    outer loop
      vertex -1.89263 14.376 4.75
      vertex -0.948345 14.469 4.75
      vertex -2.34947 17.846 3
    endloop
  endfacet
  facet normal -0.0438713 0.44525 0.894331
    outer loop
      vertex -0.948345 14.469 4.75
      vertex -1.17726 17.9615 3
      vertex -2.34947 17.846 3
    endloop
  endfacet
  facet normal -0.098013 0.995185 0
    outer loop
      vertex -1.89263 14.376 14
      vertex -0.948345 14.469 14
      vertex -1.89263 14.376 4.75
    endloop
  endfacet
  facet normal -0.098013 0.995185 0
    outer loop
      vertex -0.948345 14.469 14
      vertex -0.948345 14.469 4.75
      vertex -1.89263 14.376 4.75
    endloop
  endfacet
  facet normal -0.0693728 0.703901 -0.706902
    outer loop
      vertex -2.15368 16.3588 16
      vertex -1.07915 16.4647 16
      vertex -1.89263 14.376 14
    endloop
  endfacet
  facet normal -0.0693245 0.703894 -0.706914
    outer loop
      vertex -1.07915 16.4647 16
      vertex -0.948345 14.469 14
      vertex -1.89263 14.376 14
    endloop
  endfacet
  facet normal -0.0980795 0.995179 0
    outer loop
      vertex -2.15368 16.3588 18
      vertex -1.07915 16.4647 18
      vertex -2.15368 16.3588 16
    endloop
  endfacet
  facet normal -0.0980795 0.995179 0
    outer loop
      vertex -1.07915 16.4647 18
      vertex -1.07915 16.4647 16
      vertex -2.15368 16.3588 16
    endloop
  endfacet
  facet normal 0 0 1
    outer loop
      vertex -0 -0 18
      vertex -1.07915 16.4647 18
      vertex -2.15368 16.3588 18
    endloop
  endfacet
  facet normal 0 0 -1
    outer loop
      vertex -2.27115 17.2511 0
      vertex -1.13801 17.3627 0
      vertex -0 -0 0
    endloop
  endfacet
  facet normal -0.0693528 0.703862 -0.706943
    outer loop
      vertex -2.34947 17.846 0.599991
      vertex -1.17726 17.9615 0.599991
      vertex -2.27115 17.2511 0
    endloop
  endfacet
  facet normal -0.0693189 0.703835 -0.706973
    outer loop
      vertex -1.17726 17.9615 0.599991
      vertex -1.13801 17.3627 0
      vertex -2.27115 17.2511 0
    endloop
  endfacet
  facet normal -0.0326856 0.999466 0
    outer loop
      vertex -1.17726 17.9615 3
      vertex 0 18 3
      vertex -1.17726 17.9615 0.599991
    endloop
  endfacet
  facet normal -0.0326856 0.999466 0
    outer loop
      vertex 0 18 3
      vertex 0 18 0.599991
      vertex -1.17726 17.9615 0.599991
    endloop
  endfacet
  facet normal -0.0146172 0.447168 0.894331
    outer loop
      vertex -0.948345 14.469 4.75
      vertex 0 14.5 4.75
      vertex -1.17726 17.9615 3
    endloop
  endfacet
  facet normal -0.0146237 0.447166 0.894332
    outer loop
      vertex 0 14.5 4.75
      vertex 0 18 3
      vertex -1.17726 17.9615 3
    endloop
  endfacet
  facet normal -0.0326711 0.999466 0
    outer loop
      vertex -0.948345 14.469 14
      vertex 0 14.5 14
      vertex -0.948345 14.469 4.75
    endloop
  endfacet
  facet normal -0.0326711 0.999466 0
    outer loop
      vertex 0 14.5 14
      vertex 0 14.5 4.75
      vertex -0.948345 14.469 4.75
    endloop
  endfacet
  facet normal -0.0231241 0.706921 -0.706914
    outer loop
      vertex -1.07915 16.4647 16
      vertex 0 16.5 16
      vertex -0.948345 14.469 14
    endloop
  endfacet
  facet normal -0.0231081 0.706918 -0.706918
    outer loop
      vertex 0 16.5 16
      vertex 0 14.5 14
      vertex -0.948345 14.469 14
    endloop
  endfacet
  facet normal -0.0326934 0.999465 0
    outer loop
      vertex -1.07915 16.4647 18
      vertex 0 16.5 18
      vertex -1.07915 16.4647 16
    endloop
  endfacet
  facet normal -0.0326934 0.999465 0
    outer loop
      vertex 0 16.5 18
      vertex 0 16.5 16
      vertex -1.07915 16.4647 16
    endloop
  endfacet
  facet normal 0 -0 1
    outer loop
      vertex -0 -0 18
      vertex 0 16.5 18
      vertex -1.07915 16.4647 18
    endloop
  endfacet
  facet normal 0 0 -1
    outer loop
      vertex -1.13801 17.3627 0
      vertex 0 17.4 0
      vertex -0 -0 0
    endloop
  endfacet
  facet normal -0.0231166 0.706863 -0.706972
    outer loop
      vertex -1.17726 17.9615 0.599991
      vertex 0 18 0.599991
      vertex -1.13801 17.3627 0
    endloop
  endfacet
  facet normal -0.0231701 0.706912 -0.706922
    outer loop
      vertex 0 18 0.599991
      vertex 0 17.4 0
      vertex -1.13801 17.3627 0
    endloop
  endfacet
  facet normal 0.0326856 0.999466 0
    outer loop
      vertex 0 18 3
      vertex 1.17726 17.9615 3
      vertex 0 18 0.599991
    endloop
  endfacet
  facet normal 0.0326856 0.999466 0
    outer loop
      vertex 1.17726 17.9615 3
      vertex 1.17726 17.9615 0.599991
      vertex 0 18 0.599991
    endloop
  endfacet
  facet normal 0.0146172 0.447166 0.894332
    outer loop
      vertex 0 14.5 4.75
      vertex 0.948345 14.469 4.75
      vertex 0 18 3
    endloop
  endfacet
  facet normal 0.0146237 0.447167 0.894331
    outer loop
      vertex 0.948345 14.469 4.75
      vertex 1.17726 17.9615 3
      vertex 0 18 3
    endloop
  endfacet
  facet normal 0.0326711 0.999466 0
    outer loop
      vertex 0 14.5 14
      vertex 0.948345 14.469 14
      vertex 0 14.5 4.75
    endloop
  endfacet
  facet normal 0.0326711 0.999466 0
    outer loop
      vertex 0.948345 14.469 14
      vertex 0.948345 14.469 4.75
      vertex 0 14.5 4.75
    endloop
  endfacet
  facet normal 0.0231239 0.706918 -0.706918
    outer loop
      vertex 0 16.5 16
      vertex 1.07915 16.4647 16
      vertex 0 14.5 14
    endloop
  endfacet
  facet normal 0.0231082 0.706922 -0.706914
    outer loop
      vertex 1.07915 16.4647 16
      vertex 0.948345 14.469 14
      vertex 0 14.5 14
    endloop
  endfacet
  facet normal 0.0326934 0.999465 0
    outer loop
      vertex 0 16.5 18
      vertex 1.07915 16.4647 18
      vertex 0 16.5 16
    endloop
  endfacet
  facet normal 0.0326934 0.999465 0
    outer loop
      vertex 1.07915 16.4647 18
      vertex 1.07915 16.4647 16
      vertex 0 16.5 16
    endloop
  endfacet
  facet normal 0 0 1
    outer loop
      vertex -0 -0 18
      vertex 1.07915 16.4647 18
      vertex 0 16.5 18
    endloop
  endfacet
  facet normal 0 -0 -1
    outer loop
      vertex 0 17.4 0
      vertex 1.13801 17.3627 0
      vertex -0 -0 0
    endloop
  endfacet
  facet normal 0.0231182 0.706912 -0.706923
    outer loop
      vertex 0 18 0.599991
      vertex 1.17726 17.9615 0.599991
      vertex 0 17.4 0
    endloop
  endfacet
  facet normal 0.0231684 0.706861 -0.706973
    outer loop
      vertex 1.17726 17.9615 0.599991
      vertex 1.13801 17.3627 0
      vertex 0 17.4 0
    endloop
  endfacet
  facet normal 0.098057 0.995181 0
    outer loop
      vertex 1.17726 17.9615 3
      vertex 2.34947 17.846 3
      vertex 1.17726 17.9615 0.599991
    endloop
  endfacet
  facet normal 0.098057 0.995181 0
    outer loop
      vertex 2.34947 17.846 3
      vertex 2.34947 17.846 0.599991
      vertex 1.17726 17.9615 0.599991
    endloop
  endfacet
  facet normal 0.0438516 0.445252 0.894331
    outer loop
      vertex 0.948345 14.469 4.75
      vertex 1.89263 14.376 4.75
      vertex 1.17726 17.9615 3
    endloop
  endfacet
  facet normal 0.0438717 0.445254 0.894329
    outer loop
      vertex 1.89263 14.376 4.75
      vertex 2.34947 17.846 3
      vertex 1.17726 17.9615 3
    endloop
  endfacet
  facet normal 0.098013 0.995185 0
    outer loop
      vertex 0.948345 14.469 14
      vertex 1.89263 14.376 14
      vertex 0.948345 14.469 4.75
    endloop
  endfacet
  facet normal 0.098013 0.995185 0
    outer loop
      vertex 1.89263 14.376 14
      vertex 1.89263 14.376 4.75
      vertex 0.948345 14.469 4.75
    endloop
  endfacet
  facet normal 0.0693717 0.70389 -0.706914
    outer loop
      vertex 1.07915 16.4647 16
      vertex 2.15368 16.3588 16
      vertex 0.948345 14.469 14
    endloop
  endfacet
  facet normal 0.0693258 0.703906 -0.706902
    outer loop
      vertex 2.15368 16.3588 16
      vertex 1.89263 14.376 14
      vertex 0.948345 14.469 14
    endloop
  endfacet
  facet normal 0.0980795 0.995179 0
    outer loop
      vertex 1.07915 16.4647 18
      vertex 2.15368 16.3588 18
      vertex 1.07915 16.4647 16
    endloop
  endfacet
  facet normal 0.0980795 0.995179 0
    outer loop
      vertex 2.15368 16.3588 18
      vertex 2.15368 16.3588 16
      vertex 1.07915 16.4647 16
    endloop
  endfacet
  facet normal 0 0 1
    outer loop
      vertex -0 -0 18
      vertex 2.15368 16.3588 18
      vertex 1.07915 16.4647 18
    endloop
  endfacet
  facet normal 0 -0 -1
    outer loop
      vertex 1.13801 17.3627 0
      vertex 2.27115 17.2511 0
      vertex -0 -0 0
    endloop
  endfacet
  facet normal 0.0693499 0.703833 -0.706972
    outer loop
      vertex 1.17726 17.9615 0.599991
      vertex 2.34947 17.846 0.599991
      vertex 1.13801 17.3627 0
    endloop
  endfacet
  facet normal 0.0693219 0.703866 -0.706942
    outer loop
      vertex 2.34947 17.846 0.599991
      vertex 2.27115 17.2511 0
      vertex 1.13801 17.3627 0
    endloop
  endfacet
  facet normal 0.162917 0.98664 0
    outer loop
      vertex 2.34947 17.846 3
      vertex 3.51163 17.6541 3
      vertex 2.34947 17.846 0.599991
    endloop
  endfacet
  facet normal 0.162917 0.98664 0
    outer loop
      vertex 3.51163 17.6541 3
      vertex 3.51163 17.6541 0.599991
      vertex 2.34947 17.846 0.599991
    endloop
  endfacet
  facet normal 0.0728978 0.441433 0.894328
    outer loop
      vertex 1.89263 14.376 4.75
      vertex 2.82881 14.2214 4.75
      vertex 2.34947 17.846 3
    endloop
  endfacet
  facet normal 0.0728909 0.441432 0.894329
    outer loop
      vertex 2.82881 14.2214 4.75
      vertex 3.51163 17.6541 3
      vertex 2.34947 17.846 3
    endloop
  endfacet
  facet normal 0.162932 0.986637 0
    outer loop
      vertex 1.89263 14.376 14
      vertex 2.82881 14.2214 14
      vertex 1.89263 14.376 4.75
    endloop
  endfacet
  facet normal 0.162932 0.986637 0
    outer loop
      vertex 2.82881 14.2214 14
      vertex 2.82881 14.2214 4.75
      vertex 1.89263 14.376 4.75
    endloop
  endfacet
  facet normal 0.115165 0.697872 -0.706903
    outer loop
      vertex 2.15368 16.3588 16
      vertex 3.21899 16.183 16
      vertex 1.89263 14.376 14
    endloop
  endfacet
  facet normal 0.115241 0.697839 -0.706923
    outer loop
      vertex 3.21899 16.183 16
      vertex 2.82881 14.2214 14
      vertex 1.89263 14.376 14
    endloop
  endfacet
  facet normal 0.16282 0.986656 0
    outer loop
      vertex 2.15368 16.3588 18
      vertex 3.21899 16.183 18
      vertex 2.15368 16.3588 16
    endloop
  endfacet
  facet normal 0.16282 0.986656 0
    outer loop
      vertex 3.21899 16.183 18
      vertex 3.21899 16.183 16
      vertex 2.15368 16.3588 16
    endloop
  endfacet
  facet normal 0 0 1
    outer loop
      vertex -0 -0 18
      vertex 3.21899 16.183 18
      vertex 2.15368 16.3588 18
    endloop
  endfacet
  facet normal 0 -0 -1
    outer loop
      vertex 2.27115 17.2511 0
      vertex 3.39457 17.0657 0
      vertex -0 -0 0
    endloop
  endfacet
  facet normal 0.115227 0.697822 -0.706942
    outer loop
      vertex 2.34947 17.846 0.599991
      vertex 3.51163 17.6541 0.599991
      vertex 2.27115 17.2511 0
    endloop
  endfacet
  facet normal 0.115174 0.697893 -0.706881
    outer loop
      vertex 3.51163 17.6541 0.599991
      vertex 3.39457 17.0657 0
      vertex 2.27115 17.2511 0
    endloop
  endfacet
  facet normal 0.227021 0.97389 0
    outer loop
      vertex 3.51163 17.6541 3
      vertex 4.65874 17.3867 3
      vertex 3.51163 17.6541 0.599991
    endloop
  endfacet
  facet normal 0.227021 0.97389 0
    outer loop
      vertex 4.65874 17.3867 3
      vertex 4.65874 17.3867 0.599991
      vertex 3.51163 17.6541 0.599991
    endloop
  endfacet
  facet normal 0.101613 0.435719 0.894329
    outer loop
      vertex 2.82881 14.2214 4.75
      vertex 3.75288 14.0059 4.75
      vertex 3.51163 17.6541 3
    endloop
  endfacet
  facet normal 0.101569 0.435718 0.894334
    outer loop
      vertex 3.75288 14.0059 4.75
      vertex 4.65874 17.3867 3
      vertex 3.51163 17.6541 3
    endloop
  endfacet
  facet normal 0.227113 0.973868 0
    outer loop
      vertex 2.82881 14.2214 14
      vertex 3.75288 14.0059 14
      vertex 2.82881 14.2214 4.75
    endloop
  endfacet
  facet normal 0.227113 0.973868 0
    outer loop
      vertex 3.75288 14.0059 14
      vertex 3.75288 14.0059 4.75
      vertex 2.82881 14.2214 4.75
    endloop
  endfacet
  facet normal 0.160621 0.688812 -0.706922
    outer loop
      vertex 3.21899 16.183 16
      vertex 4.27051 15.9378 16
      vertex 2.82881 14.2214 14
    endloop
  endfacet
  facet normal 0.160634 0.688805 -0.706926
    outer loop
      vertex 4.27051 15.9378 16
      vertex 3.75288 14.0059 14
      vertex 2.82881 14.2214 14
    endloop
  endfacet
  facet normal 0.227094 0.973873 0
    outer loop
      vertex 3.21899 16.183 18
      vertex 4.27051 15.9378 18
      vertex 3.21899 16.183 16
    endloop
  endfacet
  facet normal 0.227094 0.973873 0
    outer loop
      vertex 4.27051 15.9378 18
      vertex 4.27051 15.9378 16
      vertex 3.21899 16.183 16
    endloop
  endfacet
  facet normal 0 0 1
    outer loop
      vertex -0 -0 18
      vertex 4.27051 15.9378 18
      vertex 3.21899 16.183 18
    endloop
  endfacet
  facet normal 0 -0 -1
    outer loop
      vertex 3.39457 17.0657 0
      vertex 4.50345 16.8071 0
      vertex -0 -0 0
    endloop
  endfacet
  facet normal 0.160579 0.688862 -0.706883
    outer loop
      vertex 3.51163 17.6541 0.599991
      vertex 4.65874 17.3867 0.599991
      vertex 3.39457 17.0657 0
    endloop
  endfacet
  facet normal 0.16063 0.688783 -0.706949
    outer loop
      vertex 4.65874 17.3867 0.599991
      vertex 4.50345 16.8071 0
      vertex 3.39457 17.0657 0
    endloop
  endfacet
  facet normal 0.290344 0.956922 0
    outer loop
      vertex 4.65874 17.3867 3
      vertex 5.78591 17.0447 3
      vertex 4.65874 17.3867 0.599991
    endloop
  endfacet
  facet normal 0.290344 0.956922 0
    outer loop
      vertex 5.78591 17.0447 3
      vertex 5.78591 17.0447 0.599991
      vertex 4.65874 17.3867 0.599991
    endloop
  endfacet
  facet normal 0.129858 0.428139 0.894334
    outer loop
      vertex 3.75288 14.0059 4.75
      vertex 4.66087 13.7305 4.75
      vertex 4.65874 17.3867 3
    endloop
  endfacet
  facet normal 0.129903 0.428136 0.894329
    outer loop
      vertex 4.66087 13.7305 4.75
      vertex 5.78591 17.0447 3
      vertex 4.65874 17.3867 3
    endloop
  endfacet
  facet normal 0.29025 0.956951 0
    outer loop
      vertex 3.75288 14.0059 14
      vertex 4.66087 13.7305 14
      vertex 3.75288 14.0059 4.75
    endloop
  endfacet
  facet normal 0.29025 0.956951 0
    outer loop
      vertex 4.66087 13.7305 14
      vertex 4.66087 13.7305 4.75
      vertex 3.75288 14.0059 4.75
    endloop
  endfacet
  facet normal 0.205357 0.676821 -0.706924
    outer loop
      vertex 4.27051 15.9378 16
      vertex 5.30375 15.6243 16
      vertex 3.75288 14.0059 14
    endloop
  endfacet
  facet normal 0.205296 0.676858 -0.706907
    outer loop
      vertex 5.30375 15.6243 16
      vertex 4.66087 13.7305 14
      vertex 3.75288 14.0059 14
    endloop
  endfacet
  facet normal 0.290344 0.956922 0
    outer loop
      vertex 4.27051 15.9378 18
      vertex 5.30375 15.6243 18
      vertex 4.27051 15.9378 16
    endloop
  endfacet
  facet normal 0.290344 0.956922 0
    outer loop
      vertex 5.30375 15.6243 18
      vertex 5.30375 15.6243 16
      vertex 4.27051 15.9378 16
    endloop
  endfacet
  facet normal 0 0 1
    outer loop
      vertex -0 -0 18
      vertex 5.30375 15.6243 18
      vertex 4.27051 15.9378 18
    endloop
  endfacet
  facet normal 0 -0 -1
    outer loop
      vertex 4.50345 16.8071 0
      vertex 5.59304 16.4766 0
      vertex -0 -0 0
    endloop
  endfacet
  facet normal 0.205351 0.676799 -0.706947
    outer loop
      vertex 4.65874 17.3867 0.599991
      vertex 5.78591 17.0447 0.599991
      vertex 4.50345 16.8071 0
    endloop
  endfacet
  facet normal 0.205312 0.67687 -0.706891
    outer loop
      vertex 5.78591 17.0447 0.599991
      vertex 5.59304 16.4766 0
      vertex 4.50345 16.8071 0
    endloop
  endfacet
  facet normal 0.352242 0.935909 0
    outer loop
      vertex 5.78591 17.0447 3
      vertex 6.8883 16.6298 3
      vertex 5.78591 17.0447 0.599991
    endloop
  endfacet
  facet normal 0.352242 0.935909 0
    outer loop
      vertex 6.8883 16.6298 3
      vertex 6.8883 16.6298 0.599991
      vertex 5.78591 17.0447 0.599991
    endloop
  endfacet
  facet normal 0.157586 0.418739 0.894329
    outer loop
      vertex 4.66087 13.7305 4.75
      vertex 5.54891 13.3963 4.75
      vertex 5.78591 17.0447 3
    endloop
  endfacet
  facet normal 0.157598 0.418738 0.894328
    outer loop
      vertex 5.54891 13.3963 4.75
      vertex 6.8883 16.6298 3
      vertex 5.78591 17.0447 3
    endloop
  endfacet
  facet normal 0.352218 0.935918 0
    outer loop
      vertex 4.66087 13.7305 14
      vertex 5.54891 13.3963 14
      vertex 4.66087 13.7305 4.75
    endloop
  endfacet
  facet normal 0.352218 0.935918 0
    outer loop
      vertex 5.54891 13.3963 14
      vertex 5.54891 13.3963 4.75
      vertex 4.66087 13.7305 4.75
    endloop
  endfacet
  facet normal 0.249127 0.661979 -0.706908
    outer loop
      vertex 5.30375 15.6243 16
      vertex 6.31428 15.244 16
      vertex 4.66087 13.7305 14
    endloop
  endfacet
  facet normal 0.249126 0.66198 -0.706907
    outer loop
      vertex 6.31428 15.244 16
      vertex 5.54891 13.3963 14
      vertex 4.66087 13.7305 14
    endloop
  endfacet
  facet normal 0.35222 0.935917 0
    outer loop
      vertex 5.30375 15.6243 18
      vertex 6.31428 15.244 18
      vertex 5.30375 15.6243 16
    endloop
  endfacet
  facet normal 0.35222 0.935917 0
    outer loop
      vertex 6.31428 15.244 18
      vertex 6.31428 15.244 16
      vertex 5.30375 15.6243 16
    endloop
  endfacet
  facet normal 0 0 1
    outer loop
      vertex -0 -0 18
      vertex 6.31428 15.244 18
      vertex 5.30375 15.6243 18
    endloop
  endfacet
  facet normal 0 -0 -1
    outer loop
      vertex 5.59304 16.4766 0
      vertex 6.65869 16.0755 0
      vertex -0 -0 0
    endloop
  endfacet
  facet normal 0.249149 0.661988 -0.706892
    outer loop
      vertex 5.78591 17.0447 0.599991
      vertex 6.8883 16.6298 0.599991
      vertex 5.59304 16.4766 0
    endloop
  endfacet
  facet normal 0.249158 0.661968 -0.706908
    outer loop
      vertex 6.8883 16.6298 0.599991
      vertex 6.65869 16.0755 0
      vertex 5.59304 16.4766 0
    endloop
  endfacet
  facet normal 0.41269 0.910872 0
    outer loop
      vertex 6.8883 16.6298 3
      vertex 7.9612 16.1437 3
      vertex 6.8883 16.6298 0.599991
    endloop
  endfacet
  facet normal 0.41269 0.910872 0
    outer loop
      vertex 7.9612 16.1437 3
      vertex 7.9612 16.1437 0.599991
      vertex 6.8883 16.6298 0.599991
    endloop
  endfacet
  facet normal 0.18465 0.407532 0.894328
    outer loop
      vertex 5.54891 13.3963 4.75
      vertex 6.41319 13.0047 4.75
      vertex 6.8883 16.6298 3
    endloop
  endfacet
  facet normal 0.184642 0.407534 0.894329
    outer loop
      vertex 6.41319 13.0047 4.75
      vertex 7.9612 16.1437 3
      vertex 6.8883 16.6298 3
    endloop
  endfacet
  facet normal 0.412707 0.910864 0
    outer loop
      vertex 5.54891 13.3963 14
      vertex 6.41319 13.0047 14
      vertex 5.54891 13.3963 4.75
    endloop
  endfacet
  facet normal 0.412707 0.910864 0
    outer loop
      vertex 6.41319 13.0047 14
      vertex 6.41319 13.0047 4.75
      vertex 5.54891 13.3963 4.75
    endloop
  endfacet
  facet normal 0.291905 0.644261 -0.706908
    outer loop
      vertex 6.31428 15.244 16
      vertex 7.29776 14.7984 16
      vertex 5.54891 13.3963 14
    endloop
  endfacet
  facet normal 0.291909 0.644258 -0.70691
    outer loop
      vertex 7.29776 14.7984 16
      vertex 6.41319 13.0047 14
      vertex 5.54891 13.3963 14
    endloop
  endfacet
  facet normal 0.4127 0.910867 0
    outer loop
      vertex 6.31428 15.244 18
      vertex 7.29776 14.7984 18
      vertex 6.31428 15.244 16
    endloop
  endfacet
  facet normal 0.4127 0.910867 0
    outer loop
      vertex 7.29776 14.7984 18
      vertex 7.29776 14.7984 16
      vertex 6.31428 15.244 16
    endloop
  endfacet
  facet normal 0 0 1
    outer loop
      vertex -0 -0 18
      vertex 7.29776 14.7984 18
      vertex 6.31428 15.244 18
    endloop
  endfacet
  facet normal 0 -0 -1
    outer loop
      vertex 6.65869 16.0755 0
      vertex 7.69582 15.6056 0
      vertex -0 -0 0
    endloop
  endfacet
  facet normal 0.291898 0.644265 -0.706908
    outer loop
      vertex 6.8883 16.6298 0.599991
      vertex 7.9612 16.1437 0.599991
      vertex 6.65869 16.0755 0
    endloop
  endfacet
  facet normal 0.291899 0.64426 -0.706912
    outer loop
      vertex 7.9612 16.1437 0.599991
      vertex 7.69582 15.6056 0
      vertex 6.65869 16.0755 0
    endloop
  endfacet
  facet normal 0.471364 0.881939 0
    outer loop
      vertex 7.9612 16.1437 3
      vertex 9 15.5885 3
      vertex 7.9612 16.1437 0.599991
    endloop
  endfacet
  facet normal 0.471364 0.881939 0
    outer loop
      vertex 9 15.5885 3
      vertex 9 15.5885 0.599991
      vertex 7.9612 16.1437 0.599991
    endloop
  endfacet
  facet normal 0.210914 0.394578 0.894329
    outer loop
      vertex 6.41319 13.0047 4.75
      vertex 7.25 12.5574 4.75
      vertex 7.9612 16.1437 3
    endloop
  endfacet
  facet normal 0.21089 0.394584 0.894332
    outer loop
      vertex 7.25 12.5574 4.75
      vertex 9 15.5885 3
      vertex 7.9612 16.1437 3
    endloop
  endfacet
  facet normal 0.47141 0.881914 0
    outer loop
      vertex 6.41319 13.0047 14
      vertex 7.25 12.5574 14
      vertex 6.41319 13.0047 4.75
    endloop
  endfacet
  facet normal 0.47141 0.881914 0
    outer loop
      vertex 7.25 12.5574 14
      vertex 7.25 12.5574 4.75
      vertex 6.41319 13.0047 4.75
    endloop
  endfacet
  facet normal 0.33343 0.623782 -0.70691
    outer loop
      vertex 7.29776 14.7984 16
      vertex 8.25 14.2894 16
      vertex 6.41319 13.0047 14
    endloop
  endfacet
  facet normal 0.33343 0.623781 -0.70691
    outer loop
      vertex 8.25 14.2894 16
      vertex 7.25 12.5574 14
      vertex 6.41319 13.0047 14
    endloop
  endfacet
  facet normal 0.471409 0.881915 0
    outer loop
      vertex 7.29776 14.7984 18
      vertex 8.25 14.2894 18
      vertex 7.29776 14.7984 16
    endloop
  endfacet
  facet normal 0.471409 0.881915 0
    outer loop
      vertex 8.25 14.2894 18
      vertex 8.25 14.2894 16
      vertex 7.29776 14.7984 16
    endloop
  endfacet
  facet normal 0 0 1
    outer loop
      vertex -0 -0 18
      vertex 8.25 14.2894 18
      vertex 7.29776 14.7984 18
    endloop
  endfacet
  facet normal 0 -0 -1
    outer loop
      vertex 7.69582 15.6056 0
      vertex 8.7 15.0688 0
      vertex -0 -0 0
    endloop
  endfacet
  facet normal 0.333396 0.623796 -0.706913
    outer loop
      vertex 7.9612 16.1437 0.599991
      vertex 9 15.5885 0.599991
      vertex 7.69582 15.6056 0
    endloop
  endfacet
  facet normal 0.33342 0.623721 -0.706967
    outer loop
      vertex 9 15.5885 0.599991
      vertex 8.7 15.0688 0
      vertex 7.69582 15.6056 0
    endloop
  endfacet
  facet normal 0.528052 0.849212 0
    outer loop
      vertex 9 15.5885 3
      vertex 10.0003 14.9665 3
      vertex 9 15.5885 0.599991
    endloop
  endfacet
  facet normal 0.528052 0.849212 0
    outer loop
      vertex 10.0003 14.9665 3
      vertex 10.0003 14.9665 0.599991
      vertex 9 15.5885 0.599991
    endloop
  endfacet
  facet normal 0.236274 0.379929 0.894332
    outer loop
      vertex 7.25 12.5574 4.75
      vertex 8.05577 12.0563 4.75
      vertex 9 15.5885 3
    endloop
  endfacet
  facet normal 0.23625 0.379936 0.894335
    outer loop
      vertex 8.05577 12.0563 4.75
      vertex 10.0003 14.9665 3
      vertex 9 15.5885 3
    endloop
  endfacet
  facet normal 0.528098 0.849183 0
    outer loop
      vertex 7.25 12.5574 14
      vertex 8.05577 12.0563 14
      vertex 7.25 12.5574 4.75
    endloop
  endfacet
  facet normal 0.528098 0.849183 0
    outer loop
      vertex 8.05577 12.0563 14
      vertex 8.05577 12.0563 4.75
      vertex 7.25 12.5574 4.75
    endloop
  endfacet
  facet normal 0.373518 0.600636 -0.70691
    outer loop
      vertex 8.25 14.2894 16
      vertex 9.16691 13.7192 16
      vertex 7.25 12.5574 14
    endloop
  endfacet
  facet normal 0.373525 0.600629 -0.706912
    outer loop
      vertex 9.16691 13.7192 16
      vertex 8.05577 12.0563 14
      vertex 7.25 12.5574 14
    endloop
  endfacet
  facet normal 0.528087 0.84919 0
    outer loop
      vertex 8.25 14.2894 18
      vertex 9.16691 13.7192 18
      vertex 8.25 14.2894 16
    endloop
  endfacet
  facet normal 0.528087 0.84919 0
    outer loop
      vertex 9.16691 13.7192 18
      vertex 9.16691 13.7192 16
      vertex 8.25 14.2894 16
    endloop
  endfacet
  facet normal 0 0 1
    outer loop
      vertex -0 -0 18
      vertex 9.16691 13.7192 18
      vertex 8.25 14.2894 18
    endloop
  endfacet
  facet normal 0 -0 -1
    outer loop
      vertex 8.7 15.0688 0
      vertex 9.66692 14.4676 0
      vertex -0 -0 0
    endloop
  endfacet
  facet normal 0.373464 0.600604 -0.706965
    outer loop
      vertex 9 15.5885 0.599991
      vertex 10.0003 14.9665 0.599991
      vertex 8.7 15.0688 0
    endloop
  endfacet
  facet normal 0.373456 0.600635 -0.706943
    outer loop
      vertex 10.0003 14.9665 0.599991
      vertex 9.66692 14.4676 0
      vertex 8.7 15.0688 0
    endloop
  endfacet
  facet normal 0.582498 0.812832 0
    outer loop
      vertex 10.0003 14.9665 3
      vertex 10.9577 14.2804 3
      vertex 10.0003 14.9665 0.599991
    endloop
  endfacet
  facet normal 0.582498 0.812832 0
    outer loop
      vertex 10.9577 14.2804 3
      vertex 10.9577 14.2804 0.599991
      vertex 10.0003 14.9665 0.599991
    endloop
  endfacet
  facet normal 0.260605 0.363663 0.894335
    outer loop
      vertex 8.05577 12.0563 4.75
      vertex 8.82704 11.5036 4.75
      vertex 10.0003 14.9665 3
    endloop
  endfacet
  facet normal 0.26061 0.363661 0.894334
    outer loop
      vertex 8.82704 11.5036 4.75
      vertex 10.9577 14.2804 3
      vertex 10.0003 14.9665 3
    endloop
  endfacet
  facet normal 0.582489 0.812839 0
    outer loop
      vertex 8.05577 12.0563 14
      vertex 8.82704 11.5036 14
      vertex 8.05577 12.0563 4.75
    endloop
  endfacet
  facet normal 0.582489 0.812839 0
    outer loop
      vertex 8.82704 11.5036 14
      vertex 8.82704 11.5036 4.75
      vertex 8.05577 12.0563 4.75
    endloop
  endfacet
  facet normal 0.411968 0.574941 -0.706912
    outer loop
      vertex 9.16691 13.7192 16
      vertex 10.0446 13.0903 16
      vertex 8.05577 12.0563 14
    endloop
  endfacet
  facet normal 0.41199 0.574915 -0.70692
    outer loop
      vertex 10.0446 13.0903 16
      vertex 8.82704 11.5036 14
      vertex 8.05577 12.0563 14
    endloop
  endfacet
  facet normal 0.582451 0.812866 0
    outer loop
      vertex 9.16691 13.7192 18
      vertex 10.0446 13.0903 18
      vertex 9.16691 13.7192 16
    endloop
  endfacet
  facet normal 0.582451 0.812866 0
    outer loop
      vertex 10.0446 13.0903 18
      vertex 10.0446 13.0903 16
      vertex 9.16691 13.7192 16
    endloop
  endfacet
  facet normal 0 0 1
    outer loop
      vertex -0 -0 18
      vertex 10.0446 13.0903 18
      vertex 9.16691 13.7192 18
    endloop
  endfacet
  facet normal 0 -0 -1
    outer loop
      vertex 9.66692 14.4676 0
      vertex 10.5924 13.8043 0
      vertex -0 -0 0
    endloop
  endfacet
  facet normal 0.411983 0.574891 -0.706944
    outer loop
      vertex 10.0003 14.9665 0.599991
      vertex 10.9577 14.2804 0.599991
      vertex 9.66692 14.4676 0
    endloop
  endfacet
  facet normal 0.411993 0.574839 -0.706981
    outer loop
      vertex 10.9577 14.2804 0.599991
      vertex 10.5924 13.8043 0
      vertex 9.66692 14.4676 0
    endloop
  endfacet
  facet normal 0.63443 0.77298 0
    outer loop
      vertex 10.9577 14.2804 3
      vertex 11.8682 13.5331 3
      vertex 10.9577 14.2804 0.599991
    endloop
  endfacet
  facet normal 0.63443 0.77298 0
    outer loop
      vertex 11.8682 13.5331 3
      vertex 11.8682 13.5331 0.599991
      vertex 10.9577 14.2804 0.599991
    endloop
  endfacet
  facet normal 0.283815 0.345855 0.894334
    outer loop
      vertex 8.82704 11.5036 4.75
      vertex 9.56051 10.9017 4.75
      vertex 10.9577 14.2804 3
    endloop
  endfacet
  facet normal 0.28385 0.345839 0.894329
    outer loop
      vertex 9.56051 10.9017 4.75
      vertex 11.8682 13.5331 3
      vertex 10.9577 14.2804 3
    endloop
  endfacet
  facet normal 0.634366 0.773033 0
    outer loop
      vertex 8.82704 11.5036 14
      vertex 9.56051 10.9017 14
      vertex 8.82704 11.5036 4.75
    endloop
  endfacet
  facet normal 0.634366 0.773033 0
    outer loop
      vertex 9.56051 10.9017 14
      vertex 9.56051 10.9017 4.75
      vertex 8.82704 11.5036 4.75
    endloop
  endfacet
  facet normal 0.448687 0.546757 -0.706921
    outer loop
      vertex 10.0446 13.0903 16
      vertex 10.8792 12.4054 16
      vertex 8.82704 11.5036 14
    endloop
  endfacet
  facet normal 0.448683 0.546761 -0.70692
    outer loop
      vertex 10.8792 12.4054 16
      vertex 9.56051 10.9017 14
      vertex 8.82704 11.5036 14
    endloop
  endfacet
  facet normal 0.634372 0.773028 0
    outer loop
      vertex 10.0446 13.0903 18
      vertex 10.8792 12.4054 18
      vertex 10.0446 13.0903 16
    endloop
  endfacet
  facet normal 0.634372 0.773028 0
    outer loop
      vertex 10.8792 12.4054 18
      vertex 10.8792 12.4054 16
      vertex 10.0446 13.0903 16
    endloop
  endfacet
  facet normal 0 0 1
    outer loop
      vertex -0 -0 18
      vertex 10.8792 12.4054 18
      vertex 10.0446 13.0903 18
    endloop
  endfacet
  facet normal 0 -0 -1
    outer loop
      vertex 10.5924 13.8043 0
      vertex 11.4726 13.082 0
      vertex -0 -0 0
    endloop
  endfacet
  facet normal 0.448691 0.546679 -0.706978
    outer loop
      vertex 10.9577 14.2804 0.599991
      vertex 11.8682 13.5331 0.599991
      vertex 10.5924 13.8043 0
    endloop
  endfacet
  facet normal 0.448681 0.546766 -0.706918
    outer loop
      vertex 11.8682 13.5331 0.599991
      vertex 11.4726 13.082 0
      vertex 10.5924 13.8043 0
    endloop
  endfacet
  facet normal 0.683594 0.729863 0
    outer loop
      vertex 11.8682 13.5331 3
      vertex 12.7279 12.7279 3
      vertex 11.8682 13.5331 0.599991
    endloop
  endfacet
  facet normal 0.683594 0.729863 0
    outer loop
      vertex 12.7279 12.7279 3
      vertex 12.7279 12.7279 0.599991
      vertex 11.8682 13.5331 0.599991
    endloop
  endfacet
  facet normal 0.305875 0.326522 0.894329
    outer loop
      vertex 9.56051 10.9017 4.75
      vertex 10.253 10.253 4.75
      vertex 11.8682 13.5331 3
    endloop
  endfacet
  facet normal 0.305841 0.326542 0.894333
    outer loop
      vertex 10.253 10.253 4.75
      vertex 12.7279 12.7279 3
      vertex 11.8682 13.5331 3
    endloop
  endfacet
  facet normal 0.683655 0.729805 0
    outer loop
      vertex 9.56051 10.9017 14
      vertex 10.253 10.253 14
      vertex 9.56051 10.9017 4.75
    endloop
  endfacet
  facet normal 0.683655 0.729805 0
    outer loop
      vertex 10.253 10.253 14
      vertex 10.253 10.253 4.75
      vertex 9.56051 10.9017 4.75
    endloop
  endfacet
  facet normal 0.483488 0.51624 -0.70692
    outer loop
      vertex 10.8792 12.4054 16
      vertex 11.6673 11.6673 16
      vertex 9.56051 10.9017 14
    endloop
  endfacet
  facet normal 0.483531 0.516172 -0.70694
    outer loop
      vertex 11.6673 11.6673 16
      vertex 10.253 10.253 14
      vertex 9.56051 10.9017 14
    endloop
  endfacet
  facet normal 0.683574 0.729881 0
    outer loop
      vertex 10.8792 12.4054 18
      vertex 11.6673 11.6673 18
      vertex 10.8792 12.4054 16
    endloop
  endfacet
  facet normal 0.683574 0.729881 0
    outer loop
      vertex 11.6673 11.6673 18
      vertex 11.6673 11.6673 16
      vertex 10.8792 12.4054 16
    endloop
  endfacet
  facet normal 0 0 1
    outer loop
      vertex -0 -0 18
      vertex 11.6673 11.6673 18
      vertex 10.8792 12.4054 18
    endloop
  endfacet
  facet normal 0 -0 -1
    outer loop
      vertex 11.4726 13.082 0
      vertex 12.3037 12.3037 0
      vertex -0 -0 0
    endloop
  endfacet
  facet normal 0.483503 0.516229 -0.706918
    outer loop
      vertex 11.8682 13.5331 0.599991
      vertex 12.7279 12.7279 0.599991
      vertex 11.4726 13.082 0
    endloop
  endfacet
  facet normal 0.483499 0.5163 -0.706868
    outer loop
      vertex 12.7279 12.7279 0.599991
      vertex 12.3037 12.3037 0
      vertex 11.4726 13.082 0
    endloop
  endfacet
  facet normal 0.729863 0.683594 0
    outer loop
      vertex 12.7279 12.7279 3
      vertex 13.5331 11.8682 3
      vertex 12.7279 12.7279 0.599991
    endloop
  endfacet
  facet normal 0.729863 0.683594 0
    outer loop
      vertex 13.5331 11.8682 3
      vertex 13.5331 11.8682 0.599991
      vertex 12.7279 12.7279 0.599991
    endloop
  endfacet
  facet normal 0.326515 0.305868 0.894334
    outer loop
      vertex 10.253 10.253 4.75
      vertex 10.9017 9.56051 4.75
      vertex 12.7279 12.7279 3
    endloop
  endfacet
  facet normal 0.326548 0.305846 0.894329
    outer loop
      vertex 10.9017 9.56051 4.75
      vertex 13.5331 11.8682 3
      vertex 12.7279 12.7279 3
    endloop
  endfacet
  facet normal 0.729805 0.683655 0
    outer loop
      vertex 10.253 10.253 14
      vertex 10.9017 9.56051 14
      vertex 10.253 10.253 4.75
    endloop
  endfacet
  facet normal 0.729805 0.683655 0
    outer loop
      vertex 10.9017 9.56051 14
      vertex 10.9017 9.56051 4.75
      vertex 10.253 10.253 4.75
    endloop
  endfacet
  facet normal 0.516226 0.483475 -0.706939
    outer loop
      vertex 11.6673 11.6673 16
      vertex 12.4054 10.8792 16
      vertex 10.253 10.253 14
    endloop
  endfacet
  facet normal 0.516187 0.483546 -0.706919
    outer loop
      vertex 12.4054 10.8792 16
      vertex 10.9017 9.56051 14
      vertex 10.253 10.253 14
    endloop
  endfacet
  facet normal 0.729881 0.683574 0
    outer loop
      vertex 11.6673 11.6673 18
      vertex 12.4054 10.8792 18
      vertex 11.6673 11.6673 16
    endloop
  endfacet
  facet normal 0.729881 0.683574 0
    outer loop
      vertex 12.4054 10.8792 18
      vertex 12.4054 10.8792 16
      vertex 11.6673 11.6673 16
    endloop
  endfacet
  facet normal 0 0 1
    outer loop
      vertex -0 -0 18
      vertex 12.4054 10.8792 18
      vertex 11.6673 11.6673 18
    endloop
  endfacet
  facet normal 0 -0 -1
    outer loop
      vertex 12.3037 12.3037 0
      vertex 13.082 11.4726 0
      vertex -0 -0 0
    endloop
  endfacet
  facet normal 0.516264 0.483536 -0.706869
    outer loop
      vertex 12.7279 12.7279 0.599991
      vertex 13.5331 11.8682 0.599991
      vertex 12.3037 12.3037 0
    endloop
  endfacet
  facet normal 0.516263 0.483465 -0.706919
    outer loop
      vertex 13.5331 11.8682 0.599991
      vertex 13.082 11.4726 0
      vertex 12.3037 12.3037 0
    endloop
  endfacet
  facet normal 0.77298 0.63443 0
    outer loop
      vertex 13.5331 11.8682 3
      vertex 14.2804 10.9577 3
      vertex 13.5331 11.8682 0.599991
    endloop
  endfacet
  facet normal 0.77298 0.63443 0
    outer loop
      vertex 14.2804 10.9577 3
      vertex 14.2804 10.9577 0.599991
      vertex 13.5331 11.8682 0.599991
    endloop
  endfacet
  facet normal 0.345863 0.283822 0.894329
    outer loop
      vertex 10.9017 9.56051 4.75
      vertex 11.5036 8.82704 4.75
      vertex 13.5331 11.8682 3
    endloop
  endfacet
  facet normal 0.345832 0.283845 0.894333
    outer loop
      vertex 11.5036 8.82704 4.75
      vertex 14.2804 10.9577 3
      vertex 13.5331 11.8682 3
    endloop
  endfacet
  facet normal 0.773033 0.634366 0
    outer loop
      vertex 10.9017 9.56051 14
      vertex 11.5036 8.82704 14
      vertex 10.9017 9.56051 4.75
    endloop
  endfacet
  facet normal 0.773033 0.634366 0
    outer loop
      vertex 11.5036 8.82704 14
      vertex 11.5036 8.82704 4.75
      vertex 10.9017 9.56051 4.75
    endloop
  endfacet
  facet normal 0.546758 0.448687 -0.70692
    outer loop
      vertex 12.4054 10.8792 16
      vertex 13.0903 10.0446 16
      vertex 10.9017 9.56051 14
    endloop
  endfacet
  facet normal 0.54676 0.448682 -0.706921
    outer loop
      vertex 13.0903 10.0446 16
      vertex 11.5036 8.82704 14
      vertex 10.9017 9.56051 14
    endloop
  endfacet
  facet normal 0.773028 0.634372 0
    outer loop
      vertex 12.4054 10.8792 18
      vertex 13.0903 10.0446 18
      vertex 12.4054 10.8792 16
    endloop
  endfacet
  facet normal 0.773028 0.634372 0
    outer loop
      vertex 13.0903 10.0446 18
      vertex 13.0903 10.0446 16
      vertex 12.4054 10.8792 16
    endloop
  endfacet
  facet normal 0 0 1
    outer loop
      vertex -0 -0 18
      vertex 13.0903 10.0446 18
      vertex 12.4054 10.8792 18
    endloop
  endfacet
  facet normal 0 -0 -1
    outer loop
      vertex 13.082 11.4726 0
      vertex 13.8043 10.5924 0
      vertex -0 -0 0
    endloop
  endfacet
  facet normal 0.546725 0.448729 -0.706919
    outer loop
      vertex 13.5331 11.8682 0.599991
      vertex 14.2804 10.9577 0.599991
      vertex 13.082 11.4726 0
    endloop
  endfacet
  facet normal 0.546718 0.448642 -0.706979
    outer loop
      vertex 14.2804 10.9577 0.599991
      vertex 13.8043 10.5924 0
      vertex 13.082 11.4726 0
    endloop
  endfacet
  facet normal 0.812832 0.582498 0
    outer loop
      vertex 14.2804 10.9577 3
      vertex 14.9665 10.0003 3
      vertex 14.2804 10.9577 0.599991
    endloop
  endfacet
  facet normal 0.812832 0.582498 0
    outer loop
      vertex 14.9665 10.0003 3
      vertex 14.9665 10.0003 0.599991
      vertex 14.2804 10.9577 0.599991
    endloop
  endfacet
  facet normal 0.363664 0.260605 0.894334
    outer loop
      vertex 11.5036 8.82704 4.75
      vertex 12.0563 8.05577 4.75
      vertex 14.2804 10.9577 3
    endloop
  endfacet
  facet normal 0.36366 0.260609 0.894335
    outer loop
      vertex 12.0563 8.05577 4.75
      vertex 14.9665 10.0003 3
      vertex 14.2804 10.9577 3
    endloop
  endfacet
  facet normal 0.812839 0.582489 0
    outer loop
      vertex 11.5036 8.82704 14
      vertex 12.0563 8.05577 14
      vertex 11.5036 8.82704 4.75
    endloop
  endfacet
  facet normal 0.812839 0.582489 0
    outer loop
      vertex 12.0563 8.05577 14
      vertex 12.0563 8.05577 4.75
      vertex 11.5036 8.82704 4.75
    endloop
  endfacet
  facet normal 0.574935 0.411964 -0.70692
    outer loop
      vertex 13.0903 10.0446 16
      vertex 13.7192 9.16691 16
      vertex 11.5036 8.82704 14
    endloop
  endfacet
  facet normal 0.574922 0.411995 -0.706912
    outer loop
      vertex 13.7192 9.16691 16
      vertex 12.0563 8.05577 14
      vertex 11.5036 8.82704 14
    endloop
  endfacet
  facet normal 0.812866 0.582451 0
    outer loop
      vertex 13.0903 10.0446 18
      vertex 13.7192 9.16691 18
      vertex 13.0903 10.0446 16
    endloop
  endfacet
  facet normal 0.812866 0.582451 0
    outer loop
      vertex 13.7192 9.16691 18
      vertex 13.7192 9.16691 16
      vertex 13.0903 10.0446 16
    endloop
  endfacet
  facet normal 0 0 1
    outer loop
      vertex -0 -0 18
      vertex 13.7192 9.16691 18
      vertex 13.0903 10.0446 18
    endloop
  endfacet
  facet normal 0 -0 -1
    outer loop
      vertex 13.8043 10.5924 0
      vertex 14.4676 9.66692 0
      vertex -0 -0 0
    endloop
  endfacet
  facet normal 0.574862 0.411962 -0.70698
    outer loop
      vertex 14.2804 10.9577 0.599991
      vertex 14.9665 10.0003 0.599991
      vertex 13.8043 10.5924 0
    endloop
  endfacet
  facet normal 0.57487 0.412014 -0.706944
    outer loop
      vertex 14.9665 10.0003 0.599991
      vertex 14.4676 9.66692 0
      vertex 13.8043 10.5924 0
    endloop
  endfacet
  facet normal 0.849212 0.528052 0
    outer loop
      vertex 14.9665 10.0003 3
      vertex 15.5885 9 3
      vertex 14.9665 10.0003 0.599991
    endloop
  endfacet
  facet normal 0.849212 0.528052 0
    outer loop
      vertex 15.5885 9 3
      vertex 15.5885 9 0.599991
      vertex 14.9665 10.0003 0.599991
    endloop
  endfacet
  facet normal 0.379923 0.23627 0.894335
    outer loop
      vertex 12.0563 8.05577 4.75
      vertex 12.5574 7.25 4.75
      vertex 14.9665 10.0003 3
    endloop
  endfacet
  facet normal 0.379941 0.236252 0.894332
    outer loop
      vertex 12.5574 7.25 4.75
      vertex 15.5885 9 3
      vertex 14.9665 10.0003 3
    endloop
  endfacet
  facet normal 0.849183 0.528098 0
    outer loop
      vertex 12.0563 8.05577 14
      vertex 12.5574 7.25 14
      vertex 12.0563 8.05577 4.75
    endloop
  endfacet
  facet normal 0.849183 0.528098 0
    outer loop
      vertex 12.5574 7.25 14
      vertex 12.5574 7.25 4.75
      vertex 12.0563 8.05577 4.75
    endloop
  endfacet
  facet normal 0.600634 0.373517 -0.706912
    outer loop
      vertex 13.7192 9.16691 16
      vertex 14.2894 8.25 16
      vertex 12.0563 8.05577 14
    endloop
  endfacet
  facet normal 0.600631 0.373526 -0.706909
    outer loop
      vertex 14.2894 8.25 16
      vertex 12.5574 7.25 14
      vertex 12.0563 8.05577 14
    endloop
  endfacet
  facet normal 0.84919 0.528087 0
    outer loop
      vertex 13.7192 9.16691 18
      vertex 14.2894 8.25 18
      vertex 13.7192 9.16691 16
    endloop
  endfacet
  facet normal 0.84919 0.528087 0
    outer loop
      vertex 14.2894 8.25 18
      vertex 14.2894 8.25 16
      vertex 13.7192 9.16691 16
    endloop
  endfacet
  facet normal 0 0 1
    outer loop
      vertex -0 -0 18
      vertex 14.2894 8.25 18
      vertex 13.7192 9.16691 18
    endloop
  endfacet
  facet normal 0 -0 -1
    outer loop
      vertex 14.4676 9.66692 0
      vertex 15.0688 8.7 0
      vertex -0 -0 0
    endloop
  endfacet
  facet normal 0.600622 0.373475 -0.706943
    outer loop
      vertex 14.9665 10.0003 0.599991
      vertex 15.5885 9 0.599991
      vertex 14.4676 9.66692 0
    endloop
  endfacet
  facet normal 0.600616 0.373444 -0.706966
    outer loop
      vertex 15.5885 9 0.599991
      vertex 15.0688 8.7 0
      vertex 14.4676 9.66692 0
    endloop
  endfacet
  facet normal 0.881939 0.471364 0
    outer loop
      vertex 15.5885 9 3
      vertex 16.1437 7.9612 3
      vertex 15.5885 9 0.599991
    endloop
  endfacet
  facet normal 0.881939 0.471364 0
    outer loop
      vertex 16.1437 7.9612 3
      vertex 16.1437 7.9612 0.599991
      vertex 15.5885 9 0.599991
    endloop
  endfacet
  facet normal 0.394572 0.210911 0.894332
    outer loop
      vertex 12.5574 7.25 4.75
      vertex 13.0047 6.41319 4.75
      vertex 15.5885 9 3
    endloop
  endfacet
  facet normal 0.394588 0.210893 0.894329
    outer loop
      vertex 13.0047 6.41319 4.75
      vertex 16.1437 7.9612 3
      vertex 15.5885 9 3
    endloop
  endfacet
  facet normal 0.881914 0.47141 0
    outer loop
      vertex 12.5574 7.25 14
      vertex 13.0047 6.41319 14
      vertex 12.5574 7.25 4.75
    endloop
  endfacet
  facet normal 0.881914 0.47141 0
    outer loop
      vertex 13.0047 6.41319 14
      vertex 13.0047 6.41319 4.75
      vertex 12.5574 7.25 4.75
    endloop
  endfacet
  facet normal 0.623782 0.333429 -0.70691
    outer loop
      vertex 14.2894 8.25 16
      vertex 14.7984 7.29776 16
      vertex 12.5574 7.25 14
    endloop
  endfacet
  facet normal 0.623782 0.33343 -0.70691
    outer loop
      vertex 14.7984 7.29776 16
      vertex 13.0047 6.41319 14
      vertex 12.5574 7.25 14
    endloop
  endfacet
  facet normal 0.881915 0.471409 0
    outer loop
      vertex 14.2894 8.25 18
      vertex 14.7984 7.29776 18
      vertex 14.2894 8.25 16
    endloop
  endfacet
  facet normal 0.881915 0.471409 0
    outer loop
      vertex 14.7984 7.29776 18
      vertex 14.7984 7.29776 16
      vertex 14.2894 8.25 16
    endloop
  endfacet
  facet normal 0 0 1
    outer loop
      vertex -0 -0 18
      vertex 14.7984 7.29776 18
      vertex 14.2894 8.25 18
    endloop
  endfacet
  facet normal 0 -0 -1
    outer loop
      vertex 15.0688 8.7 0
      vertex 15.6056 7.69582 0
      vertex -0 -0 0
    endloop
  endfacet
  facet normal 0.623749 0.333371 -0.706966
    outer loop
      vertex 15.5885 9 0.599991
      vertex 16.1437 7.9612 0.599991
      vertex 15.0688 8.7 0
    endloop
  endfacet
  facet normal 0.62377 0.333446 -0.706912
    outer loop
      vertex 16.1437 7.9612 0.599991
      vertex 15.6056 7.69582 0
      vertex 15.0688 8.7 0
    endloop
  endfacet
  facet normal 0.910872 0.41269 0
    outer loop
      vertex 16.1437 7.9612 3
      vertex 16.6298 6.8883 3
      vertex 16.1437 7.9612 0.599991
    endloop
  endfacet
  facet normal 0.910872 0.41269 0
    outer loop
      vertex 16.6298 6.8883 3
      vertex 16.6298 6.8883 0.599991
      vertex 16.1437 7.9612 0.599991
    endloop
  endfacet
  facet normal 0.40753 0.184649 0.894329
    outer loop
      vertex 13.0047 6.41319 4.75
      vertex 13.3963 5.54891 4.75
      vertex 16.1437 7.9612 3
    endloop
  endfacet
  facet normal 0.407535 0.184642 0.894328
    outer loop
      vertex 13.3963 5.54891 4.75
      vertex 16.6298 6.8883 3
      vertex 16.1437 7.9612 3
    endloop
  endfacet
  facet normal 0.910864 0.412707 0
    outer loop
      vertex 13.0047 6.41319 14
      vertex 13.3963 5.54891 14
      vertex 13.0047 6.41319 4.75
    endloop
  endfacet
  facet normal 0.910864 0.412707 0
    outer loop
      vertex 13.3963 5.54891 14
      vertex 13.3963 5.54891 4.75
      vertex 13.0047 6.41319 4.75
    endloop
  endfacet
  facet normal 0.64426 0.291904 -0.706909
    outer loop
      vertex 14.7984 7.29776 16
      vertex 15.244 6.31428 16
      vertex 13.0047 6.41319 14
    endloop
  endfacet
  facet normal 0.644259 0.29191 -0.706908
    outer loop
      vertex 15.244 6.31428 16
      vertex 13.3963 5.54891 14
      vertex 13.0047 6.41319 14
    endloop
  endfacet
  facet normal 0.910867 0.4127 0
    outer loop
      vertex 14.7984 7.29776 18
      vertex 15.244 6.31428 18
      vertex 14.7984 7.29776 16
    endloop
  endfacet
  facet normal 0.910867 0.4127 0
    outer loop
      vertex 15.244 6.31428 18
      vertex 15.244 6.31428 16
      vertex 14.7984 7.29776 16
    endloop
  endfacet
  facet normal 0 0 1
    outer loop
      vertex -0 -0 18
      vertex 15.244 6.31428 18
      vertex 14.7984 7.29776 18
    endloop
  endfacet
  facet normal 0 -0 -1
    outer loop
      vertex 15.6056 7.69582 0
      vertex 16.0755 6.65869 0
      vertex -0 -0 0
    endloop
  endfacet
  facet normal 0.644261 0.291896 -0.706911
    outer loop
      vertex 16.1437 7.9612 0.599991
      vertex 16.6298 6.8883 0.599991
      vertex 15.6056 7.69582 0
    endloop
  endfacet
  facet normal 0.644263 0.291901 -0.706908
    outer loop
      vertex 16.6298 6.8883 0.599991
      vertex 16.0755 6.65869 0
      vertex 15.6056 7.69582 0
    endloop
  endfacet
  facet normal 0.935909 0.352242 0
    outer loop
      vertex 16.6298 6.8883 3
      vertex 17.0447 5.78591 3
      vertex 16.6298 6.8883 0.599991
    endloop
  endfacet
  facet normal 0.935909 0.352242 0
    outer loop
      vertex 17.0447 5.78591 3
      vertex 17.0447 5.78591 0.599991
      vertex 16.6298 6.8883 0.599991
    endloop
  endfacet
  facet normal 0.418742 0.157587 0.894327
    outer loop
      vertex 13.3963 5.54891 4.75
      vertex 13.7305 4.66087 4.75
      vertex 16.6298 6.8883 3
    endloop
  endfacet
  facet normal 0.418735 0.157597 0.894329
    outer loop
      vertex 13.7305 4.66087 4.75
      vertex 17.0447 5.78591 3
      vertex 16.6298 6.8883 3
    endloop
  endfacet
  facet normal 0.935918 0.352218 0
    outer loop
      vertex 13.3963 5.54891 14
      vertex 13.7305 4.66087 14
      vertex 13.3963 5.54891 4.75
    endloop
  endfacet
  facet normal 0.935918 0.352218 0
    outer loop
      vertex 13.7305 4.66087 14
      vertex 13.7305 4.66087 4.75
      vertex 13.3963 5.54891 4.75
    endloop
  endfacet
  facet normal 0.66198 0.249128 -0.706907
    outer loop
      vertex 15.244 6.31428 16
      vertex 15.6243 5.30375 16
      vertex 13.3963 5.54891 14
    endloop
  endfacet
  facet normal 0.66198 0.249126 -0.706908
    outer loop
      vertex 15.6243 5.30375 16
      vertex 13.7305 4.66087 14
      vertex 13.3963 5.54891 14
    endloop
  endfacet
  facet normal 0.935917 0.35222 0
    outer loop
      vertex 15.244 6.31428 18
      vertex 15.6243 5.30375 18
      vertex 15.244 6.31428 16
    endloop
  endfacet
  facet normal 0.935917 0.35222 0
    outer loop
      vertex 15.6243 5.30375 18
      vertex 15.6243 5.30375 16
      vertex 15.244 6.31428 16
    endloop
  endfacet
  facet normal 0 0 1
    outer loop
      vertex -0 -0 18
      vertex 15.6243 5.30375 18
      vertex 15.244 6.31428 18
    endloop
  endfacet
  facet normal 0 -0 -1
    outer loop
      vertex 16.0755 6.65869 0
      vertex 16.4766 5.59304 0
      vertex -0 -0 0
    endloop
  endfacet
  facet normal 0.661974 0.249143 -0.706907
    outer loop
      vertex 16.6298 6.8883 0.599991
      vertex 17.0447 5.78591 0.599991
      vertex 16.0755 6.65869 0
    endloop
  endfacet
  facet normal 0.661983 0.249164 -0.706892
    outer loop
      vertex 17.0447 5.78591 0.599991
      vertex 16.4766 5.59304 0
      vertex 16.0755 6.65869 0
    endloop
  endfacet
  facet normal 0.956922 0.290344 0
    outer loop
      vertex 17.0447 5.78591 3
      vertex 17.3867 4.65874 3
      vertex 17.0447 5.78591 0.599991
    endloop
  endfacet
  facet normal 0.956922 0.290344 0
    outer loop
      vertex 17.3867 4.65874 3
      vertex 17.3867 4.65874 0.599991
      vertex 17.0447 5.78591 0.599991
    endloop
  endfacet
  facet normal 0.42815 0.129861 0.894328
    outer loop
      vertex 13.7305 4.66087 4.75
      vertex 14.0059 3.75288 4.75
      vertex 17.0447 5.78591 3
    endloop
  endfacet
  facet normal 0.428127 0.1299 0.894334
    outer loop
      vertex 14.0059 3.75288 4.75
      vertex 17.3867 4.65874 3
      vertex 17.0447 5.78591 3
    endloop
  endfacet
  facet normal 0.956951 0.29025 0
    outer loop
      vertex 13.7305 4.66087 14
      vertex 14.0059 3.75288 14
      vertex 13.7305 4.66087 4.75
    endloop
  endfacet
  facet normal 0.956951 0.29025 0
    outer loop
      vertex 14.0059 3.75288 14
      vertex 14.0059 3.75288 4.75
      vertex 13.7305 4.66087 4.75
    endloop
  endfacet
  facet normal 0.676836 0.205362 -0.706908
    outer loop
      vertex 15.6243 5.30375 16
      vertex 15.9378 4.27051 16
      vertex 13.7305 4.66087 14
    endloop
  endfacet
  facet normal 0.67684 0.20529 -0.706926
    outer loop
      vertex 15.9378 4.27051 16
      vertex 14.0059 3.75288 14
      vertex 13.7305 4.66087 14
    endloop
  endfacet
  facet normal 0.956922 0.290344 0
    outer loop
      vertex 15.6243 5.30375 18
      vertex 15.9378 4.27051 18
      vertex 15.6243 5.30375 16
    endloop
  endfacet
  facet normal 0.956922 0.290344 0
    outer loop
      vertex 15.9378 4.27051 18
      vertex 15.9378 4.27051 16
      vertex 15.6243 5.30375 16
    endloop
  endfacet
  facet normal 0 0 1
    outer loop
      vertex -0 -0 18
      vertex 15.9378 4.27051 18
      vertex 15.6243 5.30375 18
    endloop
  endfacet
  facet normal 0 -0 -1
    outer loop
      vertex 16.4766 5.59304 0
      vertex 16.8071 4.50345 0
      vertex -0 -0 0
    endloop
  endfacet
  facet normal 0.676852 0.205367 -0.706892
    outer loop
      vertex 17.0447 5.78591 0.599991
      vertex 17.3867 4.65874 0.599991
      vertex 16.4766 5.59304 0
    endloop
  endfacet
  facet normal 0.676815 0.205295 -0.706948
    outer loop
      vertex 17.3867 4.65874 0.599991
      vertex 16.8071 4.50345 0
      vertex 16.4766 5.59304 0
    endloop
  endfacet
  facet normal 0.97389 0.227021 0
    outer loop
      vertex 17.3867 4.65874 3
      vertex 17.6541 3.51163 3
      vertex 17.3867 4.65874 0.599991
    endloop
  endfacet
  facet normal 0.97389 0.227021 0
    outer loop
      vertex 17.6541 3.51163 3
      vertex 17.6541 3.51163 0.599991
      vertex 17.3867 4.65874 0.599991
    endloop
  endfacet
  facet normal 0.435708 0.10161 0.894334
    outer loop
      vertex 14.0059 3.75288 4.75
      vertex 14.2214 2.82881 4.75
      vertex 17.3867 4.65874 3
    endloop
  endfacet
  facet normal 0.435727 0.101571 0.894329
    outer loop
      vertex 14.2214 2.82881 4.75
      vertex 17.6541 3.51163 3
      vertex 17.3867 4.65874 3
    endloop
  endfacet
  facet normal 0.973868 0.227113 0
    outer loop
      vertex 14.0059 3.75288 14
      vertex 14.2214 2.82881 14
      vertex 14.0059 3.75288 4.75
    endloop
  endfacet
  facet normal 0.973868 0.227113 0
    outer loop
      vertex 14.2214 2.82881 14
      vertex 14.2214 2.82881 4.75
      vertex 14.0059 3.75288 4.75
    endloop
  endfacet
  facet normal 0.688809 0.160621 -0.706926
    outer loop
      vertex 15.9378 4.27051 16
      vertex 16.183 3.21899 16
      vertex 14.0059 3.75288 14
    endloop
  endfacet
  facet normal 0.688809 0.160635 -0.706922
    outer loop
      vertex 16.183 3.21899 16
      vertex 14.2214 2.82881 14
      vertex 14.0059 3.75288 14
    endloop
  endfacet
  facet normal 0.973873 0.227094 0
    outer loop
      vertex 15.9378 4.27051 18
      vertex 16.183 3.21899 18
      vertex 15.9378 4.27051 16
    endloop
  endfacet
  facet normal 0.973873 0.227094 0
    outer loop
      vertex 16.183 3.21899 18
      vertex 16.183 3.21899 16
      vertex 15.9378 4.27051 16
    endloop
  endfacet
  facet normal 0 0 1
    outer loop
      vertex -0 -0 18
      vertex 16.183 3.21899 18
      vertex 15.9378 4.27051 18
    endloop
  endfacet
  facet normal 0 -0 -1
    outer loop
      vertex 16.8071 4.50345 0
      vertex 17.0657 3.39457 0
      vertex -0 -0 0
    endloop
  endfacet
  facet normal 0.688799 0.160564 -0.706947
    outer loop
      vertex 17.3867 4.65874 0.599991
      vertex 17.6541 3.51163 0.599991
      vertex 16.8071 4.50345 0
    endloop
  endfacet
  facet normal 0.688847 0.160645 -0.706882
    outer loop
      vertex 17.6541 3.51163 0.599991
      vertex 17.0657 3.39457 0
      vertex 16.8071 4.50345 0
    endloop
  endfacet
  facet normal 0.98664 0.162917 0
    outer loop
      vertex 17.6541 3.51163 3
      vertex 17.846 2.34947 3
      vertex 17.6541 3.51163 0.599991
    endloop
  endfacet
  facet normal 0.98664 0.162917 0
    outer loop
      vertex 17.846 2.34947 3
      vertex 17.846 2.34947 0.599991
      vertex 17.6541 3.51163 0.599991
    endloop
  endfacet
  facet normal 0.441431 0.0728976 0.894329
    outer loop
      vertex 14.2214 2.82881 4.75
      vertex 14.376 1.89263 4.75
      vertex 17.6541 3.51163 3
    endloop
  endfacet
  facet normal 0.441434 0.0728911 0.894328
    outer loop
      vertex 14.376 1.89263 4.75
      vertex 17.846 2.34947 3
      vertex 17.6541 3.51163 3
    endloop
  endfacet
  facet normal 0.986637 0.162932 0
    outer loop
      vertex 14.2214 2.82881 14
      vertex 14.376 1.89263 14
      vertex 14.2214 2.82881 4.75
    endloop
  endfacet
  facet normal 0.986637 0.162932 0
    outer loop
      vertex 14.376 1.89263 14
      vertex 14.376 1.89263 4.75
      vertex 14.2214 2.82881 4.75
    endloop
  endfacet
  facet normal 0.697854 0.115161 -0.706922
    outer loop
      vertex 16.183 3.21899 16
      vertex 16.3588 2.15368 16
      vertex 14.2214 2.82881 14
    endloop
  endfacet
  facet normal 0.697861 0.115244 -0.706901
    outer loop
      vertex 16.3588 2.15368 16
      vertex 14.376 1.89263 14
      vertex 14.2214 2.82881 14
    endloop
  endfacet
  facet normal 0.986656 0.16282 0
    outer loop
      vertex 16.183 3.21899 18
      vertex 16.3588 2.15368 18
      vertex 16.183 3.21899 16
    endloop
  endfacet
  facet normal 0.986656 0.16282 0
    outer loop
      vertex 16.3588 2.15368 18
      vertex 16.3588 2.15368 16
      vertex 16.183 3.21899 16
    endloop
  endfacet
  facet normal 0 0 1
    outer loop
      vertex -0 -0 18
      vertex 16.3588 2.15368 18
      vertex 16.183 3.21899 18
    endloop
  endfacet
  facet normal 0 -0 -1
    outer loop
      vertex 17.0657 3.39457 0
      vertex 17.2511 2.27115 0
      vertex -0 -0 0
    endloop
  endfacet
  facet normal 0.697881 0.115237 -0.706882
    outer loop
      vertex 17.6541 3.51163 0.599991
      vertex 17.846 2.34947 0.599991
      vertex 17.0657 3.39457 0
    endloop
  endfacet
  facet normal 0.697831 0.115164 -0.706943
    outer loop
      vertex 17.846 2.34947 0.599991
      vertex 17.2511 2.27115 0
      vertex 17.0657 3.39457 0
    endloop
  endfacet
  facet normal 0.995181 0.098057 0
    outer loop
      vertex 17.846 2.34947 3
      vertex 17.9615 1.17726 3
      vertex 17.846 2.34947 0.599991
    endloop
  endfacet
  facet normal 0.995181 0.098057 0
    outer loop
      vertex 17.9615 1.17726 3
      vertex 17.9615 1.17726 0.599991
      vertex 17.846 2.34947 0.599991
    endloop
  endfacet
  facet normal 0.445257 0.0438521 0.894328
    outer loop
      vertex 14.376 1.89263 4.75
      vertex 14.469 0.948345 4.75
      vertex 17.846 2.34947 3
    endloop
  endfacet
  facet normal 0.44525 0.0438713 0.894331
    outer loop
      vertex 14.469 0.948345 4.75
      vertex 17.9615 1.17726 3
      vertex 17.846 2.34947 3
    endloop
  endfacet
  facet normal 0.995185 0.098013 0
    outer loop
      vertex 14.376 1.89263 14
      vertex 14.469 0.948345 14
      vertex 14.376 1.89263 4.75
    endloop
  endfacet
  facet normal 0.995185 0.098013 0
    outer loop
      vertex 14.469 0.948345 14
      vertex 14.469 0.948345 4.75
      vertex 14.376 1.89263 4.75
    endloop
  endfacet
  facet normal 0.703901 0.0693728 -0.706902
    outer loop
      vertex 16.3588 2.15368 16
      vertex 16.4647 1.07915 16
      vertex 14.376 1.89263 14
    endloop
  endfacet
  facet normal 0.703894 0.0693245 -0.706914
    outer loop
      vertex 16.4647 1.07915 16
      vertex 14.469 0.948345 14
      vertex 14.376 1.89263 14
    endloop
  endfacet
  facet normal 0.995179 0.0980795 0
    outer loop
      vertex 16.3588 2.15368 18
      vertex 16.4647 1.07915 18
      vertex 16.3588 2.15368 16
    endloop
  endfacet
  facet normal 0.995179 0.0980795 0
    outer loop
      vertex 16.4647 1.07915 18
      vertex 16.4647 1.07915 16
      vertex 16.3588 2.15368 16
    endloop
  endfacet
  facet normal 0 0 1
    outer loop
      vertex -0 -0 18
      vertex 16.4647 1.07915 18
      vertex 16.3588 2.15368 18
    endloop
  endfacet
  facet normal 0 -0 -1
    outer loop
      vertex 17.2511 2.27115 0
      vertex 17.3627 1.13801 0
      vertex -0 -0 0
    endloop
  endfacet
  facet normal 0.703862 0.0693528 -0.706943
    outer loop
      vertex 17.846 2.34947 0.599991
      vertex 17.9615 1.17726 0.599991
      vertex 17.2511 2.27115 0
    endloop
  endfacet
  facet normal 0.703835 0.0693189 -0.706973
    outer loop
      vertex 17.9615 1.17726 0.599991
      vertex 17.3627 1.13801 0
      vertex 17.2511 2.27115 0
    endloop
  endfacet
  facet normal 0.999466 0.0326856 0
    outer loop
      vertex 17.9615 1.17726 3
      vertex 18 0 3
      vertex 17.9615 1.17726 0.599991
    endloop
  endfacet
  facet normal 0.999466 0.0326856 0
    outer loop
      vertex 18 0 3
      vertex 18 0 0.599991
      vertex 17.9615 1.17726 0.599991
    endloop
  endfacet
  facet normal 0.447168 0.0146172 0.894331
    outer loop
      vertex 14.469 0.948345 4.75
      vertex 14.5 0 4.75
      vertex 17.9615 1.17726 3
    endloop
  endfacet
  facet normal 0.447166 0.0146237 0.894332
    outer loop
      vertex 14.5 0 4.75
      vertex 18 0 3
      vertex 17.9615 1.17726 3
    endloop
  endfacet
  facet normal 0.999466 0.0326711 0
    outer loop
      vertex 14.469 0.948345 14
      vertex 14.5 0 14
      vertex 14.469 0.948345 4.75
    endloop
  endfacet
  facet normal 0.999466 0.0326711 0
    outer loop
      vertex 14.5 0 14
      vertex 14.5 0 4.75
      vertex 14.469 0.948345 4.75
    endloop
  endfacet
  facet normal 0.706921 0.0231241 -0.706914
    outer loop
      vertex 16.4647 1.07915 16
      vertex 16.5 0 16
      vertex 14.469 0.948345 14
    endloop
  endfacet
  facet normal 0.706918 0.0231081 -0.706918
    outer loop
      vertex 16.5 0 16
      vertex 14.5 0 14
      vertex 14.469 0.948345 14
    endloop
  endfacet
  facet normal 0.999465 0.0326934 0
    outer loop
      vertex 16.4647 1.07915 18
      vertex 16.5 0 18
      vertex 16.4647 1.07915 16
    endloop
  endfacet
  facet normal 0.999465 0.0326934 0
    outer loop
      vertex 16.5 0 18
      vertex 16.5 0 16
      vertex 16.4647 1.07915 16
    endloop
  endfacet
  facet normal 0 0 1
    outer loop
      vertex -0 -0 18
      vertex 16.5 0 18
      vertex 16.4647 1.07915 18
    endloop
  endfacet
  facet normal 0 -0 -1
    outer loop
      vertex 17.3627 1.13801 0
      vertex 17.4 0 0
      vertex -0 -0 0
    endloop
  endfacet
  facet normal 0.706863 0.0231166 -0.706972
    outer loop
      vertex 17.9615 1.17726 0.599991
      vertex 18 0 0.599991
      vertex 17.3627 1.13801 0
    endloop
  endfacet
  facet normal 0.706912 0.0231701 -0.706922
    outer loop
      vertex 18 0 0.599991
      vertex 17.4 0 0
      vertex 17.3627 1.13801 0
    endloop
  endfacet
  facet normal 0.999466 -0.0326856 0
    outer loop
      vertex 18 0 3
      vertex 17.9615 -1.17726 3
      vertex 18 0 0.599991
    endloop
  endfacet
  facet normal 0.999466 -0.0326856 0
    outer loop
      vertex 17.9615 -1.17726 3
      vertex 17.9615 -1.17726 0.599991
      vertex 18 0 0.599991
    endloop
  endfacet
  facet normal 0.447166 -0.0146172 0.894332
    outer loop
      vertex 14.5 0 4.75
      vertex 14.469 -0.948345 4.75
      vertex 18 0 3
    endloop
  endfacet
  facet normal 0.447167 -0.0146237 0.894331
    outer loop
      vertex 14.469 -0.948345 4.75
      vertex 17.9615 -1.17726 3
      vertex 18 0 3
    endloop
  endfacet
  facet normal 0.999466 -0.0326711 0
    outer loop
      vertex 14.5 0 14
      vertex 14.469 -0.948345 14
      vertex 14.5 0 4.75
    endloop
  endfacet
  facet normal 0.999466 -0.0326711 0
    outer loop
      vertex 14.469 -0.948345 14
      vertex 14.469 -0.948345 4.75
      vertex 14.5 0 4.75
    endloop
  endfacet
  facet normal 0.706918 -0.0231239 -0.706918
    outer loop
      vertex 16.5 0 16
      vertex 16.4647 -1.07915 16
      vertex 14.5 0 14
    endloop
  endfacet
  facet normal 0.706922 -0.0231082 -0.706914
    outer loop
      vertex 16.4647 -1.07915 16
      vertex 14.469 -0.948345 14
      vertex 14.5 0 14
    endloop
  endfacet
  facet normal 0.999465 -0.0326934 0
    outer loop
      vertex 16.5 0 18
      vertex 16.4647 -1.07915 18
      vertex 16.5 0 16
    endloop
  endfacet
  facet normal 0.999465 -0.0326934 0
    outer loop
      vertex 16.4647 -1.07915 18
      vertex 16.4647 -1.07915 16
      vertex 16.5 0 16
    endloop
  endfacet
  facet normal -0 0 1
    outer loop
      vertex -0 -0 18
      vertex 16.4647 -1.07915 18
      vertex 16.5 0 18
    endloop
  endfacet
  facet normal 0 0 -1
    outer loop
      vertex 17.4 0 0
      vertex 17.3627 -1.13801 0
      vertex -0 -0 0
    endloop
  endfacet
  facet normal 0.706912 -0.0231182 -0.706923
    outer loop
      vertex 18 0 0.599991
      vertex 17.9615 -1.17726 0.599991
      vertex 17.4 0 0
    endloop
  endfacet
  facet normal 0.706861 -0.0231684 -0.706973
    outer loop
      vertex 17.9615 -1.17726 0.599991
      vertex 17.3627 -1.13801 0
      vertex 17.4 0 0
    endloop
  endfacet
  facet normal 0.995181 -0.098057 0
    outer loop
      vertex 17.9615 -1.17726 3
      vertex 17.846 -2.34947 3
      vertex 17.9615 -1.17726 0.599991
    endloop
  endfacet
  facet normal 0.995181 -0.098057 0
    outer loop
      vertex 17.846 -2.34947 3
      vertex 17.846 -2.34947 0.599991
      vertex 17.9615 -1.17726 0.599991
    endloop
  endfacet
  facet normal 0.445252 -0.0438516 0.894331
    outer loop
      vertex 14.469 -0.948345 4.75
      vertex 14.376 -1.89263 4.75
      vertex 17.9615 -1.17726 3
    endloop
  endfacet
  facet normal 0.445254 -0.0438717 0.894329
    outer loop
      vertex 14.376 -1.89263 4.75
      vertex 17.846 -2.34947 3
      vertex 17.9615 -1.17726 3
    endloop
  endfacet
  facet normal 0.995185 -0.098013 0
    outer loop
      vertex 14.469 -0.948345 14
      vertex 14.376 -1.89263 14
      vertex 14.469 -0.948345 4.75
    endloop
  endfacet
  facet normal 0.995185 -0.098013 0
    outer loop
      vertex 14.376 -1.89263 14
      vertex 14.376 -1.89263 4.75
      vertex 14.469 -0.948345 4.75
    endloop
  endfacet
  facet normal 0.70389 -0.0693717 -0.706914
    outer loop
      vertex 16.4647 -1.07915 16
      vertex 16.3588 -2.15368 16
      vertex 14.469 -0.948345 14
    endloop
  endfacet
  facet normal 0.703906 -0.0693258 -0.706902
    outer loop
      vertex 16.3588 -2.15368 16
      vertex 14.376 -1.89263 14
      vertex 14.469 -0.948345 14
    endloop
  endfacet
  facet normal 0.995179 -0.0980795 0
    outer loop
      vertex 16.4647 -1.07915 18
      vertex 16.3588 -2.15368 18
      vertex 16.4647 -1.07915 16
    endloop
  endfacet
  facet normal 0.995179 -0.0980795 0
    outer loop
      vertex 16.3588 -2.15368 18
      vertex 16.3588 -2.15368 16
      vertex 16.4647 -1.07915 16
    endloop
  endfacet
  facet normal 0 0 1
    outer loop
      vertex -0 -0 18
      vertex 16.3588 -2.15368 18
      vertex 16.4647 -1.07915 18
    endloop
  endfacet
  facet normal -0 0 -1
    outer loop
      vertex 17.3627 -1.13801 0
      vertex 17.2511 -2.27115 0
      vertex -0 -0 0
    endloop
  endfacet
  facet normal 0.703833 -0.0693499 -0.706972
    outer loop
      vertex 17.9615 -1.17726 0.599991
      vertex 17.846 -2.34947 0.599991
      vertex 17.3627 -1.13801 0
    endloop
  endfacet
  facet normal 0.703866 -0.0693219 -0.706942
    outer loop
      vertex 17.846 -2.34947 0.599991
      vertex 17.2511 -2.27115 0
      vertex 17.3627 -1.13801 0
    endloop
  endfacet
  facet normal 0.98664 -0.162917 0
    outer loop
      vertex 17.846 -2.34947 3
      vertex 17.6541 -3.51163 3
      vertex 17.846 -2.34947 0.599991
    endloop
  endfacet
  facet normal 0.98664 -0.162917 0
    outer loop
      vertex 17.6541 -3.51163 3
      vertex 17.6541 -3.51163 0.599991
      vertex 17.846 -2.34947 0.599991
    endloop
  endfacet
  facet normal 0.441433 -0.0728978 0.894328
    outer loop
      vertex 14.376 -1.89263 4.75
      vertex 14.2214 -2.82881 4.75
      vertex 17.846 -2.34947 3
    endloop
  endfacet
  facet normal 0.441432 -0.0728909 0.894329
    outer loop
      vertex 14.2214 -2.82881 4.75
      vertex 17.6541 -3.51163 3
      vertex 17.846 -2.34947 3
    endloop
  endfacet
  facet normal 0.986637 -0.162932 0
    outer loop
      vertex 14.376 -1.89263 14
      vertex 14.2214 -2.82881 14
      vertex 14.376 -1.89263 4.75
    endloop
  endfacet
  facet normal 0.986637 -0.162932 0
    outer loop
      vertex 14.2214 -2.82881 14
      vertex 14.2214 -2.82881 4.75
      vertex 14.376 -1.89263 4.75
    endloop
  endfacet
  facet normal 0.697872 -0.115165 -0.706903
    outer loop
      vertex 16.3588 -2.15368 16
      vertex 16.183 -3.21899 16
      vertex 14.376 -1.89263 14
    endloop
  endfacet
  facet normal 0.697839 -0.115241 -0.706923
    outer loop
      vertex 16.183 -3.21899 16
      vertex 14.2214 -2.82881 14
      vertex 14.376 -1.89263 14
    endloop
  endfacet
  facet normal 0.986656 -0.16282 0
    outer loop
      vertex 16.3588 -2.15368 18
      vertex 16.183 -3.21899 18
      vertex 16.3588 -2.15368 16
    endloop
  endfacet
  facet normal 0.986656 -0.16282 0
    outer loop
      vertex 16.183 -3.21899 18
      vertex 16.183 -3.21899 16
      vertex 16.3588 -2.15368 16
    endloop
  endfacet
  facet normal 0 0 1
    outer loop
      vertex -0 -0 18
      vertex 16.183 -3.21899 18
      vertex 16.3588 -2.15368 18
    endloop
  endfacet
  facet normal -0 0 -1
    outer loop
      vertex 17.2511 -2.27115 0
      vertex 17.0657 -3.39457 0
      vertex -0 -0 0
    endloop
  endfacet
  facet normal 0.697822 -0.115227 -0.706942
    outer loop
      vertex 17.846 -2.34947 0.599991
      vertex 17.6541 -3.51163 0.599991
      vertex 17.2511 -2.27115 0
    endloop
  endfacet
  facet normal 0.697893 -0.115174 -0.706881
    outer loop
      vertex 17.6541 -3.51163 0.599991
      vertex 17.0657 -3.39457 0
      vertex 17.2511 -2.27115 0
    endloop
  endfacet
  facet normal 0.97389 -0.227021 0
    outer loop
      vertex 17.6541 -3.51163 3
      vertex 17.3867 -4.65874 3
      vertex 17.6541 -3.51163 0.599991
    endloop
  endfacet
  facet normal 0.97389 -0.227021 0
    outer loop
      vertex 17.3867 -4.65874 3
      vertex 17.3867 -4.65874 0.599991
      vertex 17.6541 -3.51163 0.599991
    endloop
  endfacet
  facet normal 0.435719 -0.101613 0.894329
    outer loop
      vertex 14.2214 -2.82881 4.75
      vertex 14.0059 -3.75288 4.75
      vertex 17.6541 -3.51163 3
    endloop
  endfacet
  facet normal 0.435718 -0.101569 0.894334
    outer loop
      vertex 14.0059 -3.75288 4.75
      vertex 17.3867 -4.65874 3
      vertex 17.6541 -3.51163 3
    endloop
  endfacet
  facet normal 0.973868 -0.227113 0
    outer loop
      vertex 14.2214 -2.82881 14
      vertex 14.0059 -3.75288 14
      vertex 14.2214 -2.82881 4.75
    endloop
  endfacet
  facet normal 0.973868 -0.227113 0
    outer loop
      vertex 14.0059 -3.75288 14
      vertex 14.0059 -3.75288 4.75
      vertex 14.2214 -2.82881 4.75
    endloop
  endfacet
  facet normal 0.688812 -0.160621 -0.706922
    outer loop
      vertex 16.183 -3.21899 16
      vertex 15.9378 -4.27051 16
      vertex 14.2214 -2.82881 14
    endloop
  endfacet
  facet normal 0.688805 -0.160634 -0.706926
    outer loop
      vertex 15.9378 -4.27051 16
      vertex 14.0059 -3.75288 14
      vertex 14.2214 -2.82881 14
    endloop
  endfacet
  facet normal 0.973873 -0.227094 0
    outer loop
      vertex 16.183 -3.21899 18
      vertex 15.9378 -4.27051 18
      vertex 16.183 -3.21899 16
    endloop
  endfacet
  facet normal 0.973873 -0.227094 0
    outer loop
      vertex 15.9378 -4.27051 18
      vertex 15.9378 -4.27051 16
      vertex 16.183 -3.21899 16
    endloop
  endfacet
  facet normal 0 0 1
    outer loop
      vertex -0 -0 18
      vertex 15.9378 -4.27051 18
      vertex 16.183 -3.21899 18
    endloop
  endfacet
  facet normal -0 0 -1
    outer loop
      vertex 17.0657 -3.39457 0
      vertex 16.8071 -4.50345 0
      vertex -0 -0 0
    endloop
  endfacet
  facet normal 0.688862 -0.160579 -0.706883
    outer loop
      vertex 17.6541 -3.51163 0.599991
      vertex 17.3867 -4.65874 0.599991
      vertex 17.0657 -3.39457 0
    endloop
  endfacet
  facet normal 0.688783 -0.16063 -0.706949
    outer loop
      vertex 17.3867 -4.65874 0.599991
      vertex 16.8071 -4.50345 0
      vertex 17.0657 -3.39457 0
    endloop
  endfacet
  facet normal 0.956922 -0.290344 0
    outer loop
      vertex 17.3867 -4.65874 3
      vertex 17.0447 -5.78591 3
      vertex 17.3867 -4.65874 0.599991
    endloop
  endfacet
  facet normal 0.956922 -0.290344 0
    outer loop
      vertex 17.0447 -5.78591 3
      vertex 17.0447 -5.78591 0.599991
      vertex 17.3867 -4.65874 0.599991
    endloop
  endfacet
  facet normal 0.428139 -0.129858 0.894334
    outer loop
      vertex 14.0059 -3.75288 4.75
      vertex 13.7305 -4.66087 4.75
      vertex 17.3867 -4.65874 3
    endloop
  endfacet
  facet normal 0.428136 -0.129903 0.894329
    outer loop
      vertex 13.7305 -4.66087 4.75
      vertex 17.0447 -5.78591 3
      vertex 17.3867 -4.65874 3
    endloop
  endfacet
  facet normal 0.956951 -0.29025 0
    outer loop
      vertex 14.0059 -3.75288 14
      vertex 13.7305 -4.66087 14
      vertex 14.0059 -3.75288 4.75
    endloop
  endfacet
  facet normal 0.956951 -0.29025 0
    outer loop
      vertex 13.7305 -4.66087 14
      vertex 13.7305 -4.66087 4.75
      vertex 14.0059 -3.75288 4.75
    endloop
  endfacet
  facet normal 0.676821 -0.205357 -0.706924
    outer loop
      vertex 15.9378 -4.27051 16
      vertex 15.6243 -5.30375 16
      vertex 14.0059 -3.75288 14
    endloop
  endfacet
  facet normal 0.676858 -0.205296 -0.706907
    outer loop
      vertex 15.6243 -5.30375 16
      vertex 13.7305 -4.66087 14
      vertex 14.0059 -3.75288 14
    endloop
  endfacet
  facet normal 0.956922 -0.290344 0
    outer loop
      vertex 15.9378 -4.27051 18
      vertex 15.6243 -5.30375 18
      vertex 15.9378 -4.27051 16
    endloop
  endfacet
  facet normal 0.956922 -0.290344 0
    outer loop
      vertex 15.6243 -5.30375 18
      vertex 15.6243 -5.30375 16
      vertex 15.9378 -4.27051 16
    endloop
  endfacet
  facet normal 0 0 1
    outer loop
      vertex -0 -0 18
      vertex 15.6243 -5.30375 18
      vertex 15.9378 -4.27051 18
    endloop
  endfacet
  facet normal -0 0 -1
    outer loop
      vertex 16.8071 -4.50345 0
      vertex 16.4766 -5.59304 0
      vertex -0 -0 0
    endloop
  endfacet
  facet normal 0.676799 -0.205351 -0.706947
    outer loop
      vertex 17.3867 -4.65874 0.599991
      vertex 17.0447 -5.78591 0.599991
      vertex 16.8071 -4.50345 0
    endloop
  endfacet
  facet normal 0.67687 -0.205312 -0.706891
    outer loop
      vertex 17.0447 -5.78591 0.599991
      vertex 16.4766 -5.59304 0
      vertex 16.8071 -4.50345 0
    endloop
  endfacet
  facet normal 0.935909 -0.352242 0
    outer loop
      vertex 17.0447 -5.78591 3
      vertex 16.6298 -6.8883 3
      vertex 17.0447 -5.78591 0.599991
    endloop
  endfacet
  facet normal 0.935909 -0.352242 0
    outer loop
      vertex 16.6298 -6.8883 3
      vertex 16.6298 -6.8883 0.599991
      vertex 17.0447 -5.78591 0.599991
    endloop
  endfacet
  facet normal 0.418739 -0.157586 0.894329
    outer loop
      vertex 13.7305 -4.66087 4.75
      vertex 13.3963 -5.54891 4.75
      vertex 17.0447 -5.78591 3
    endloop
  endfacet
  facet normal 0.418738 -0.157598 0.894328
    outer loop
      vertex 13.3963 -5.54891 4.75
      vertex 16.6298 -6.8883 3
      vertex 17.0447 -5.78591 3
    endloop
  endfacet
  facet normal 0.935918 -0.352218 0
    outer loop
      vertex 13.7305 -4.66087 14
      vertex 13.3963 -5.54891 14
      vertex 13.7305 -4.66087 4.75
    endloop
  endfacet
  facet normal 0.935918 -0.352218 0
    outer loop
      vertex 13.3963 -5.54891 14
      vertex 13.3963 -5.54891 4.75
      vertex 13.7305 -4.66087 4.75
    endloop
  endfacet
  facet normal 0.661979 -0.249127 -0.706908
    outer loop
      vertex 15.6243 -5.30375 16
      vertex 15.244 -6.31428 16
      vertex 13.7305 -4.66087 14
    endloop
  endfacet
  facet normal 0.66198 -0.249126 -0.706907
    outer loop
      vertex 15.244 -6.31428 16
      vertex 13.3963 -5.54891 14
      vertex 13.7305 -4.66087 14
    endloop
  endfacet
  facet normal 0.935917 -0.35222 0
    outer loop
      vertex 15.6243 -5.30375 18
      vertex 15.244 -6.31428 18
      vertex 15.6243 -5.30375 16
    endloop
  endfacet
  facet normal 0.935917 -0.35222 0
    outer loop
      vertex 15.244 -6.31428 18
      vertex 15.244 -6.31428 16
      vertex 15.6243 -5.30375 16
    endloop
  endfacet
  facet normal 0 0 1
    outer loop
      vertex -0 -0 18
      vertex 15.244 -6.31428 18
      vertex 15.6243 -5.30375 18
    endloop
  endfacet
  facet normal -0 0 -1
    outer loop
      vertex 16.4766 -5.59304 0
      vertex 16.0755 -6.65869 0
      vertex -0 -0 0
    endloop
  endfacet
  facet normal 0.661988 -0.249149 -0.706892
    outer loop
      vertex 17.0447 -5.78591 0.599991
      vertex 16.6298 -6.8883 0.599991
      vertex 16.4766 -5.59304 0
    endloop
  endfacet
  facet normal 0.661968 -0.249158 -0.706908
    outer loop
      vertex 16.6298 -6.8883 0.599991
      vertex 16.0755 -6.65869 0
      vertex 16.4766 -5.59304 0
    endloop
  endfacet
  facet normal 0.910872 -0.41269 0
    outer loop
      vertex 16.6298 -6.8883 3
      vertex 16.1437 -7.9612 3
      vertex 16.6298 -6.8883 0.599991
    endloop
  endfacet
  facet normal 0.910872 -0.41269 0
    outer loop
      vertex 16.1437 -7.9612 3
      vertex 16.1437 -7.9612 0.599991
      vertex 16.6298 -6.8883 0.599991
    endloop
  endfacet
  facet normal 0.407532 -0.18465 0.894328
    outer loop
      vertex 13.3963 -5.54891 4.75
      vertex 13.0047 -6.41319 4.75
      vertex 16.6298 -6.8883 3
    endloop
  endfacet
  facet normal 0.407534 -0.184642 0.894329
    outer loop
      vertex 13.0047 -6.41319 4.75
      vertex 16.1437 -7.9612 3
      vertex 16.6298 -6.8883 3
    endloop
  endfacet
  facet normal 0.910864 -0.412707 0
    outer loop
      vertex 13.3963 -5.54891 14
      vertex 13.0047 -6.41319 14
      vertex 13.3963 -5.54891 4.75
    endloop
  endfacet
  facet normal 0.910864 -0.412707 0
    outer loop
      vertex 13.0047 -6.41319 14
      vertex 13.0047 -6.41319 4.75
      vertex 13.3963 -5.54891 4.75
    endloop
  endfacet
  facet normal 0.644261 -0.291905 -0.706908
    outer loop
      vertex 15.244 -6.31428 16
      vertex 14.7984 -7.29776 16
      vertex 13.3963 -5.54891 14
    endloop
  endfacet
  facet normal 0.644258 -0.291909 -0.70691
    outer loop
      vertex 14.7984 -7.29776 16
      vertex 13.0047 -6.41319 14
      vertex 13.3963 -5.54891 14
    endloop
  endfacet
  facet normal 0.910867 -0.4127 0
    outer loop
      vertex 15.244 -6.31428 18
      vertex 14.7984 -7.29776 18
      vertex 15.244 -6.31428 16
    endloop
  endfacet
  facet normal 0.910867 -0.4127 0
    outer loop
      vertex 14.7984 -7.29776 18
      vertex 14.7984 -7.29776 16
      vertex 15.244 -6.31428 16
    endloop
  endfacet
  facet normal 0 0 1
    outer loop
      vertex -0 -0 18
      vertex 14.7984 -7.29776 18
      vertex 15.244 -6.31428 18
    endloop
  endfacet
  facet normal -0 0 -1
    outer loop
      vertex 16.0755 -6.65869 0
      vertex 15.6056 -7.69582 0
      vertex -0 -0 0
    endloop
  endfacet
  facet normal 0.644265 -0.291898 -0.706908
    outer loop
      vertex 16.6298 -6.8883 0.599991
      vertex 16.1437 -7.9612 0.599991
      vertex 16.0755 -6.65869 0
    endloop
  endfacet
  facet normal 0.64426 -0.291899 -0.706912
    outer loop
      vertex 16.1437 -7.9612 0.599991
      vertex 15.6056 -7.69582 0
      vertex 16.0755 -6.65869 0
    endloop
  endfacet
  facet normal 0.881939 -0.471364 0
    outer loop
      vertex 16.1437 -7.9612 3
      vertex 15.5885 -9 3
      vertex 16.1437 -7.9612 0.599991
    endloop
  endfacet
  facet normal 0.881939 -0.471364 0
    outer loop
      vertex 15.5885 -9 3
      vertex 15.5885 -9 0.599991
      vertex 16.1437 -7.9612 0.599991
    endloop
  endfacet
  facet normal 0.394578 -0.210914 0.894329
    outer loop
      vertex 13.0047 -6.41319 4.75
      vertex 12.5574 -7.25 4.75
      vertex 16.1437 -7.9612 3
    endloop
  endfacet
  facet normal 0.394584 -0.21089 0.894332
    outer loop
      vertex 12.5574 -7.25 4.75
      vertex 15.5885 -9 3
      vertex 16.1437 -7.9612 3
    endloop
  endfacet
  facet normal 0.881914 -0.47141 0
    outer loop
      vertex 13.0047 -6.41319 14
      vertex 12.5574 -7.25 14
      vertex 13.0047 -6.41319 4.75
    endloop
  endfacet
  facet normal 0.881914 -0.47141 0
    outer loop
      vertex 12.5574 -7.25 14
      vertex 12.5574 -7.25 4.75
      vertex 13.0047 -6.41319 4.75
    endloop
  endfacet
  facet normal 0.623782 -0.33343 -0.70691
    outer loop
      vertex 14.7984 -7.29776 16
      vertex 14.2894 -8.25 16
      vertex 13.0047 -6.41319 14
    endloop
  endfacet
  facet normal 0.623781 -0.33343 -0.70691
    outer loop
      vertex 14.2894 -8.25 16
      vertex 12.5574 -7.25 14
      vertex 13.0047 -6.41319 14
    endloop
  endfacet
  facet normal 0.881915 -0.471409 0
    outer loop
      vertex 14.7984 -7.29776 18
      vertex 14.2894 -8.25 18
      vertex 14.7984 -7.29776 16
    endloop
  endfacet
  facet normal 0.881915 -0.471409 0
    outer loop
      vertex 14.2894 -8.25 18
      vertex 14.2894 -8.25 16
      vertex 14.7984 -7.29776 16
    endloop
  endfacet
  facet normal 0 0 1
    outer loop
      vertex -0 -0 18
      vertex 14.2894 -8.25 18
      vertex 14.7984 -7.29776 18
    endloop
  endfacet
  facet normal -0 0 -1
    outer loop
      vertex 15.6056 -7.69582 0
      vertex 15.0688 -8.7 0
      vertex -0 -0 0
    endloop
  endfacet
  facet normal 0.623796 -0.333396 -0.706913
    outer loop
      vertex 16.1437 -7.9612 0.599991
      vertex 15.5885 -9 0.599991
      vertex 15.6056 -7.69582 0
    endloop
  endfacet
  facet normal 0.623721 -0.33342 -0.706967
    outer loop
      vertex 15.5885 -9 0.599991
      vertex 15.0688 -8.7 0
      vertex 15.6056 -7.69582 0
    endloop
  endfacet
  facet normal 0.849212 -0.528052 0
    outer loop
      vertex 15.5885 -9 3
      vertex 14.9665 -10.0003 3
      vertex 15.5885 -9 0.599991
    endloop
  endfacet
  facet normal 0.849212 -0.528052 0
    outer loop
      vertex 14.9665 -10.0003 3
      vertex 14.9665 -10.0003 0.599991
      vertex 15.5885 -9 0.599991
    endloop
  endfacet
  facet normal 0.379929 -0.236274 0.894332
    outer loop
      vertex 12.5574 -7.25 4.75
      vertex 12.0563 -8.05577 4.75
      vertex 15.5885 -9 3
    endloop
  endfacet
  facet normal 0.379936 -0.23625 0.894335
    outer loop
      vertex 12.0563 -8.05577 4.75
      vertex 14.9665 -10.0003 3
      vertex 15.5885 -9 3
    endloop
  endfacet
  facet normal 0.849183 -0.528098 0
    outer loop
      vertex 12.5574 -7.25 14
      vertex 12.0563 -8.05577 14
      vertex 12.5574 -7.25 4.75
    endloop
  endfacet
  facet normal 0.849183 -0.528098 0
    outer loop
      vertex 12.0563 -8.05577 14
      vertex 12.0563 -8.05577 4.75
      vertex 12.5574 -7.25 4.75
    endloop
  endfacet
  facet normal 0.600636 -0.373518 -0.70691
    outer loop
      vertex 14.2894 -8.25 16
      vertex 13.7192 -9.16691 16
      vertex 12.5574 -7.25 14
    endloop
  endfacet
  facet normal 0.600629 -0.373525 -0.706912
    outer loop
      vertex 13.7192 -9.16691 16
      vertex 12.0563 -8.05577 14
      vertex 12.5574 -7.25 14
    endloop
  endfacet
  facet normal 0.84919 -0.528087 0
    outer loop
      vertex 14.2894 -8.25 18
      vertex 13.7192 -9.16691 18
      vertex 14.2894 -8.25 16
    endloop
  endfacet
  facet normal 0.84919 -0.528087 0
    outer loop
      vertex 13.7192 -9.16691 18
      vertex 13.7192 -9.16691 16
      vertex 14.2894 -8.25 16
    endloop
  endfacet
  facet normal 0 0 1
    outer loop
      vertex -0 -0 18
      vertex 13.7192 -9.16691 18
      vertex 14.2894 -8.25 18
    endloop
  endfacet
  facet normal -0 0 -1
    outer loop
      vertex 15.0688 -8.7 0
      vertex 14.4676 -9.66692 0
      vertex -0 -0 0
    endloop
  endfacet
  facet normal 0.600604 -0.373464 -0.706965
    outer loop
      vertex 15.5885 -9 0.599991
      vertex 14.9665 -10.0003 0.599991
      vertex 15.0688 -8.7 0
    endloop
  endfacet
  facet normal 0.600635 -0.373456 -0.706943
    outer loop
      vertex 14.9665 -10.0003 0.599991
      vertex 14.4676 -9.66692 0
      vertex 15.0688 -8.7 0
    endloop
  endfacet
  facet normal 0.812832 -0.582498 0
    outer loop
      vertex 14.9665 -10.0003 3
      vertex 14.2804 -10.9577 3
      vertex 14.9665 -10.0003 0.599991
    endloop
  endfacet
  facet normal 0.812832 -0.582498 0
    outer loop
      vertex 14.2804 -10.9577 3
      vertex 14.2804 -10.9577 0.599991
      vertex 14.9665 -10.0003 0.599991
    endloop
  endfacet
  facet normal 0.363663 -0.260605 0.894335
    outer loop
      vertex 12.0563 -8.05577 4.75
      vertex 11.5036 -8.82704 4.75
      vertex 14.9665 -10.0003 3
    endloop
  endfacet
  facet normal 0.363661 -0.26061 0.894334
    outer loop
      vertex 11.5036 -8.82704 4.75
      vertex 14.2804 -10.9577 3
      vertex 14.9665 -10.0003 3
    endloop
  endfacet
  facet normal 0.812839 -0.582489 0
    outer loop
      vertex 12.0563 -8.05577 14
      vertex 11.5036 -8.82704 14
      vertex 12.0563 -8.05577 4.75
    endloop
  endfacet
  facet normal 0.812839 -0.582489 0
    outer loop
      vertex 11.5036 -8.82704 14
      vertex 11.5036 -8.82704 4.75
      vertex 12.0563 -8.05577 4.75
    endloop
  endfacet
  facet normal 0.574941 -0.411968 -0.706912
    outer loop
      vertex 13.7192 -9.16691 16
      vertex 13.0903 -10.0446 16
      vertex 12.0563 -8.05577 14
    endloop
  endfacet
  facet normal 0.574915 -0.41199 -0.70692
    outer loop
      vertex 13.0903 -10.0446 16
      vertex 11.5036 -8.82704 14
      vertex 12.0563 -8.05577 14
    endloop
  endfacet
  facet normal 0.812866 -0.582451 0
    outer loop
      vertex 13.7192 -9.16691 18
      vertex 13.0903 -10.0446 18
      vertex 13.7192 -9.16691 16
    endloop
  endfacet
  facet normal 0.812866 -0.582451 0
    outer loop
      vertex 13.0903 -10.0446 18
      vertex 13.0903 -10.0446 16
      vertex 13.7192 -9.16691 16
    endloop
  endfacet
  facet normal 0 0 1
    outer loop
      vertex -0 -0 18
      vertex 13.0903 -10.0446 18
      vertex 13.7192 -9.16691 18
    endloop
  endfacet
  facet normal -0 0 -1
    outer loop
      vertex 14.4676 -9.66692 0
      vertex 13.8043 -10.5924 0
      vertex -0 -0 0
    endloop
  endfacet
  facet normal 0.574891 -0.411983 -0.706944
    outer loop
      vertex 14.9665 -10.0003 0.599991
      vertex 14.2804 -10.9577 0.599991
      vertex 14.4676 -9.66692 0
    endloop
  endfacet
  facet normal 0.574839 -0.411993 -0.706981
    outer loop
      vertex 14.2804 -10.9577 0.599991
      vertex 13.8043 -10.5924 0
      vertex 14.4676 -9.66692 0
    endloop
  endfacet
  facet normal 0.77298 -0.63443 0
    outer loop
      vertex 14.2804 -10.9577 3
      vertex 13.5331 -11.8682 3
      vertex 14.2804 -10.9577 0.599991
    endloop
  endfacet
  facet normal 0.77298 -0.63443 0
    outer loop
      vertex 13.5331 -11.8682 3
      vertex 13.5331 -11.8682 0.599991
      vertex 14.2804 -10.9577 0.599991
    endloop
  endfacet
  facet normal 0.345855 -0.283815 0.894334
    outer loop
      vertex 11.5036 -8.82704 4.75
      vertex 10.9017 -9.56051 4.75
      vertex 14.2804 -10.9577 3
    endloop
  endfacet
  facet normal 0.345839 -0.28385 0.894329
    outer loop
      vertex 10.9017 -9.56051 4.75
      vertex 13.5331 -11.8682 3
      vertex 14.2804 -10.9577 3
    endloop
  endfacet
  facet normal 0.773033 -0.634366 0
    outer loop
      vertex 11.5036 -8.82704 14
      vertex 10.9017 -9.56051 14
      vertex 11.5036 -8.82704 4.75
    endloop
  endfacet
  facet normal 0.773033 -0.634366 0
    outer loop
      vertex 10.9017 -9.56051 14
      vertex 10.9017 -9.56051 4.75
      vertex 11.5036 -8.82704 4.75
    endloop
  endfacet
  facet normal 0.546757 -0.448687 -0.706921
    outer loop
      vertex 13.0903 -10.0446 16
      vertex 12.4054 -10.8792 16
      vertex 11.5036 -8.82704 14
    endloop
  endfacet
  facet normal 0.546761 -0.448683 -0.70692
    outer loop
      vertex 12.4054 -10.8792 16
      vertex 10.9017 -9.56051 14
      vertex 11.5036 -8.82704 14
    endloop
  endfacet
  facet normal 0.773028 -0.634372 0
    outer loop
      vertex 13.0903 -10.0446 18
      vertex 12.4054 -10.8792 18
      vertex 13.0903 -10.0446 16
    endloop
  endfacet
  facet normal 0.773028 -0.634372 0
    outer loop
      vertex 12.4054 -10.8792 18
      vertex 12.4054 -10.8792 16
      vertex 13.0903 -10.0446 16
    endloop
  endfacet
  facet normal 0 0 1
    outer loop
      vertex -0 -0 18
      vertex 12.4054 -10.8792 18
      vertex 13.0903 -10.0446 18
    endloop
  endfacet
  facet normal -0 0 -1
    outer loop
      vertex 13.8043 -10.5924 0
      vertex 13.082 -11.4726 0
      vertex -0 -0 0
    endloop
  endfacet
  facet normal 0.546679 -0.448691 -0.706978
    outer loop
      vertex 14.2804 -10.9577 0.599991
      vertex 13.5331 -11.8682 0.599991
      vertex 13.8043 -10.5924 0
    endloop
  endfacet
  facet normal 0.546766 -0.448681 -0.706918
    outer loop
      vertex 13.5331 -11.8682 0.599991
      vertex 13.082 -11.4726 0
      vertex 13.8043 -10.5924 0
    endloop
  endfacet
  facet normal 0.729863 -0.683594 0
    outer loop
      vertex 13.5331 -11.8682 3
      vertex 12.7279 -12.7279 3
      vertex 13.5331 -11.8682 0.599991
    endloop
  endfacet
  facet normal 0.729863 -0.683594 0
    outer loop
      vertex 12.7279 -12.7279 3
      vertex 12.7279 -12.7279 0.599991
      vertex 13.5331 -11.8682 0.599991
    endloop
  endfacet
  facet normal 0.326522 -0.305875 0.894329
    outer loop
      vertex 10.9017 -9.56051 4.75
      vertex 10.253 -10.253 4.75
      vertex 13.5331 -11.8682 3
    endloop
  endfacet
  facet normal 0.326542 -0.305841 0.894333
    outer loop
      vertex 10.253 -10.253 4.75
      vertex 12.7279 -12.7279 3
      vertex 13.5331 -11.8682 3
    endloop
  endfacet
  facet normal 0.729805 -0.683655 0
    outer loop
      vertex 10.9017 -9.56051 14
      vertex 10.253 -10.253 14
      vertex 10.9017 -9.56051 4.75
    endloop
  endfacet
  facet normal 0.729805 -0.683655 0
    outer loop
      vertex 10.253 -10.253 14
      vertex 10.253 -10.253 4.75
      vertex 10.9017 -9.56051 4.75
    endloop
  endfacet
  facet normal 0.51624 -0.483488 -0.70692
    outer loop
      vertex 12.4054 -10.8792 16
      vertex 11.6673 -11.6673 16
      vertex 10.9017 -9.56051 14
    endloop
  endfacet
  facet normal 0.516172 -0.483531 -0.70694
    outer loop
      vertex 11.6673 -11.6673 16
      vertex 10.253 -10.253 14
      vertex 10.9017 -9.56051 14
    endloop
  endfacet
  facet normal 0.729881 -0.683574 0
    outer loop
      vertex 12.4054 -10.8792 18
      vertex 11.6673 -11.6673 18
      vertex 12.4054 -10.8792 16
    endloop
  endfacet
  facet normal 0.729881 -0.683574 0
    outer loop
      vertex 11.6673 -11.6673 18
      vertex 11.6673 -11.6673 16
      vertex 12.4054 -10.8792 16
    endloop
  endfacet
  facet normal 0 0 1
    outer loop
      vertex -0 -0 18
      vertex 11.6673 -11.6673 18
      vertex 12.4054 -10.8792 18
    endloop
  endfacet
  facet normal -0 0 -1
    outer loop
      vertex 13.082 -11.4726 0
      vertex 12.3037 -12.3037 0
      vertex -0 -0 0
    endloop
  endfacet
  facet normal 0.516229 -0.483503 -0.706918
    outer loop
      vertex 13.5331 -11.8682 0.599991
      vertex 12.7279 -12.7279 0.599991
      vertex 13.082 -11.4726 0
    endloop
  endfacet
  facet normal 0.5163 -0.483499 -0.706868
    outer loop
      vertex 12.7279 -12.7279 0.599991
      vertex 12.3037 -12.3037 0
      vertex 13.082 -11.4726 0
    endloop
  endfacet
  facet normal 0.683594 -0.729863 0
    outer loop
      vertex 12.7279 -12.7279 3
      vertex 11.8682 -13.5331 3
      vertex 12.7279 -12.7279 0.599991
    endloop
  endfacet
  facet normal 0.683594 -0.729863 0
    outer loop
      vertex 11.8682 -13.5331 3
      vertex 11.8682 -13.5331 0.599991
      vertex 12.7279 -12.7279 0.599991
    endloop
  endfacet
  facet normal 0.305868 -0.326515 0.894334
    outer loop
      vertex 10.253 -10.253 4.75
      vertex 9.56051 -10.9017 4.75
      vertex 12.7279 -12.7279 3
    endloop
  endfacet
  facet normal 0.305846 -0.326548 0.894329
    outer loop
      vertex 9.56051 -10.9017 4.75
      vertex 11.8682 -13.5331 3
      vertex 12.7279 -12.7279 3
    endloop
  endfacet
  facet normal 0.683655 -0.729805 0
    outer loop
      vertex 10.253 -10.253 14
      vertex 9.56051 -10.9017 14
      vertex 10.253 -10.253 4.75
    endloop
  endfacet
  facet normal 0.683655 -0.729805 0
    outer loop
      vertex 9.56051 -10.9017 14
      vertex 9.56051 -10.9017 4.75
      vertex 10.253 -10.253 4.75
    endloop
  endfacet
  facet normal 0.483475 -0.516226 -0.706939
    outer loop
      vertex 11.6673 -11.6673 16
      vertex 10.8792 -12.4054 16
      vertex 10.253 -10.253 14
    endloop
  endfacet
  facet normal 0.483546 -0.516187 -0.706919
    outer loop
      vertex 10.8792 -12.4054 16
      vertex 9.56051 -10.9017 14
      vertex 10.253 -10.253 14
    endloop
  endfacet
  facet normal 0.683574 -0.729881 0
    outer loop
      vertex 11.6673 -11.6673 18
      vertex 10.8792 -12.4054 18
      vertex 11.6673 -11.6673 16
    endloop
  endfacet
  facet normal 0.683574 -0.729881 0
    outer loop
      vertex 10.8792 -12.4054 18
      vertex 10.8792 -12.4054 16
      vertex 11.6673 -11.6673 16
    endloop
  endfacet
  facet normal 0 0 1
    outer loop
      vertex -0 -0 18
      vertex 10.8792 -12.4054 18
      vertex 11.6673 -11.6673 18
    endloop
  endfacet
  facet normal -0 0 -1
    outer loop
      vertex 12.3037 -12.3037 0
      vertex 11.4726 -13.082 0
      vertex -0 -0 0
    endloop
  endfacet
  facet normal 0.483536 -0.516264 -0.706869
    outer loop
      vertex 12.7279 -12.7279 0.599991
      vertex 11.8682 -13.5331 0.599991
      vertex 12.3037 -12.3037 0
    endloop
  endfacet
  facet normal 0.483465 -0.516263 -0.706919
    outer loop
      vertex 11.8682 -13.5331 0.599991
      vertex 11.4726 -13.082 0
      vertex 12.3037 -12.3037 0
    endloop
  endfacet
  facet normal 0.63443 -0.77298 0
    outer loop
      vertex 11.8682 -13.5331 3
      vertex 10.9577 -14.2804 3
      vertex 11.8682 -13.5331 0.599991
    endloop
  endfacet
  facet normal 0.63443 -0.77298 0
    outer loop
      vertex 10.9577 -14.2804 3
      vertex 10.9577 -14.2804 0.599991
      vertex 11.8682 -13.5331 0.599991
    endloop
  endfacet
  facet normal 0.283822 -0.345863 0.894329
    outer loop
      vertex 9.56051 -10.9017 4.75
      vertex 8.82704 -11.5036 4.75
      vertex 11.8682 -13.5331 3
    endloop
  endfacet
  facet normal 0.283845 -0.345832 0.894333
    outer loop
      vertex 8.82704 -11.5036 4.75
      vertex 10.9577 -14.2804 3
      vertex 11.8682 -13.5331 3
    endloop
  endfacet
  facet normal 0.634366 -0.773033 0
    outer loop
      vertex 9.56051 -10.9017 14
      vertex 8.82704 -11.5036 14
      vertex 9.56051 -10.9017 4.75
    endloop
  endfacet
  facet normal 0.634366 -0.773033 0
    outer loop
      vertex 8.82704 -11.5036 14
      vertex 8.82704 -11.5036 4.75
      vertex 9.56051 -10.9017 4.75
    endloop
  endfacet
  facet normal 0.448687 -0.546758 -0.70692
    outer loop
      vertex 10.8792 -12.4054 16
      vertex 10.0446 -13.0903 16
      vertex 9.56051 -10.9017 14
    endloop
  endfacet
  facet normal 0.448682 -0.54676 -0.706921
    outer loop
      vertex 10.0446 -13.0903 16
      vertex 8.82704 -11.5036 14
      vertex 9.56051 -10.9017 14
    endloop
  endfacet
  facet normal 0.634372 -0.773028 0
    outer loop
      vertex 10.8792 -12.4054 18
      vertex 10.0446 -13.0903 18
      vertex 10.8792 -12.4054 16
    endloop
  endfacet
  facet normal 0.634372 -0.773028 0
    outer loop
      vertex 10.0446 -13.0903 18
      vertex 10.0446 -13.0903 16
      vertex 10.8792 -12.4054 16
    endloop
  endfacet
  facet normal 0 0 1
    outer loop
      vertex -0 -0 18
      vertex 10.0446 -13.0903 18
      vertex 10.8792 -12.4054 18
    endloop
  endfacet
  facet normal -0 0 -1
    outer loop
      vertex 11.4726 -13.082 0
      vertex 10.5924 -13.8043 0
      vertex -0 -0 0
    endloop
  endfacet
  facet normal 0.448729 -0.546725 -0.706919
    outer loop
      vertex 11.8682 -13.5331 0.599991
      vertex 10.9577 -14.2804 0.599991
      vertex 11.4726 -13.082 0
    endloop
  endfacet
  facet normal 0.448642 -0.546718 -0.706979
    outer loop
      vertex 10.9577 -14.2804 0.599991
      vertex 10.5924 -13.8043 0
      vertex 11.4726 -13.082 0
    endloop
  endfacet
  facet normal 0.582498 -0.812832 0
    outer loop
      vertex 10.9577 -14.2804 3
      vertex 10.0003 -14.9665 3
      vertex 10.9577 -14.2804 0.599991
    endloop
  endfacet
  facet normal 0.582498 -0.812832 0
    outer loop
      vertex 10.0003 -14.9665 3
      vertex 10.0003 -14.9665 0.599991
      vertex 10.9577 -14.2804 0.599991
    endloop
  endfacet
  facet normal 0.260605 -0.363664 0.894334
    outer loop
      vertex 8.82704 -11.5036 4.75
      vertex 8.05577 -12.0563 4.75
      vertex 10.9577 -14.2804 3
    endloop
  endfacet
  facet normal 0.260609 -0.36366 0.894335
    outer loop
      vertex 8.05577 -12.0563 4.75
      vertex 10.0003 -14.9665 3
      vertex 10.9577 -14.2804 3
    endloop
  endfacet
  facet normal 0.582489 -0.812839 0
    outer loop
      vertex 8.82704 -11.5036 14
      vertex 8.05577 -12.0563 14
      vertex 8.82704 -11.5036 4.75
    endloop
  endfacet
  facet normal 0.582489 -0.812839 0
    outer loop
      vertex 8.05577 -12.0563 14
      vertex 8.05577 -12.0563 4.75
      vertex 8.82704 -11.5036 4.75
    endloop
  endfacet
  facet normal 0.411964 -0.574935 -0.70692
    outer loop
      vertex 10.0446 -13.0903 16
      vertex 9.16691 -13.7192 16
      vertex 8.82704 -11.5036 14
    endloop
  endfacet
  facet normal 0.411995 -0.574922 -0.706912
    outer loop
      vertex 9.16691 -13.7192 16
      vertex 8.05577 -12.0563 14
      vertex 8.82704 -11.5036 14
    endloop
  endfacet
  facet normal 0.582451 -0.812866 0
    outer loop
      vertex 10.0446 -13.0903 18
      vertex 9.16691 -13.7192 18
      vertex 10.0446 -13.0903 16
    endloop
  endfacet
  facet normal 0.582451 -0.812866 0
    outer loop
      vertex 9.16691 -13.7192 18
      vertex 9.16691 -13.7192 16
      vertex 10.0446 -13.0903 16
    endloop
  endfacet
  facet normal 0 0 1
    outer loop
      vertex -0 -0 18
      vertex 9.16691 -13.7192 18
      vertex 10.0446 -13.0903 18
    endloop
  endfacet
  facet normal -0 0 -1
    outer loop
      vertex 10.5924 -13.8043 0
      vertex 9.66692 -14.4676 0
      vertex -0 -0 0
    endloop
  endfacet
  facet normal 0.411962 -0.574862 -0.70698
    outer loop
      vertex 10.9577 -14.2804 0.599991
      vertex 10.0003 -14.9665 0.599991
      vertex 10.5924 -13.8043 0
    endloop
  endfacet
  facet normal 0.412014 -0.57487 -0.706944
    outer loop
      vertex 10.0003 -14.9665 0.599991
      vertex 9.66692 -14.4676 0
      vertex 10.5924 -13.8043 0
    endloop
  endfacet
  facet normal 0.528052 -0.849212 0
    outer loop
      vertex 10.0003 -14.9665 3
      vertex 9 -15.5885 3
      vertex 10.0003 -14.9665 0.599991
    endloop
  endfacet
  facet normal 0.528052 -0.849212 0
    outer loop
      vertex 9 -15.5885 3
      vertex 9 -15.5885 0.599991
      vertex 10.0003 -14.9665 0.599991
    endloop
  endfacet
  facet normal 0.23627 -0.379923 0.894335
    outer loop
      vertex 8.05577 -12.0563 4.75
      vertex 7.25 -12.5574 4.75
      vertex 10.0003 -14.9665 3
    endloop
  endfacet
  facet normal 0.236252 -0.379941 0.894332
    outer loop
      vertex 7.25 -12.5574 4.75
      vertex 9 -15.5885 3
      vertex 10.0003 -14.9665 3
    endloop
  endfacet
  facet normal 0.528098 -0.849183 0
    outer loop
      vertex 8.05577 -12.0563 14
      vertex 7.25 -12.5574 14
      vertex 8.05577 -12.0563 4.75
    endloop
  endfacet
  facet normal 0.528098 -0.849183 0
    outer loop
      vertex 7.25 -12.5574 14
      vertex 7.25 -12.5574 4.75
      vertex 8.05577 -12.0563 4.75
    endloop
  endfacet
  facet normal 0.373517 -0.600634 -0.706912
    outer loop
      vertex 9.16691 -13.7192 16
      vertex 8.25 -14.2894 16
      vertex 8.05577 -12.0563 14
    endloop
  endfacet
  facet normal 0.373526 -0.600631 -0.706909
    outer loop
      vertex 8.25 -14.2894 16
      vertex 7.25 -12.5574 14
      vertex 8.05577 -12.0563 14
    endloop
  endfacet
  facet normal 0.528087 -0.84919 0
    outer loop
      vertex 9.16691 -13.7192 18
      vertex 8.25 -14.2894 18
      vertex 9.16691 -13.7192 16
    endloop
  endfacet
  facet normal 0.528087 -0.84919 0
    outer loop
      vertex 8.25 -14.2894 18
      vertex 8.25 -14.2894 16
      vertex 9.16691 -13.7192 16
    endloop
  endfacet
  facet normal 0 0 1
    outer loop
      vertex -0 -0 18
      vertex 8.25 -14.2894 18
      vertex 9.16691 -13.7192 18
    endloop
  endfacet
  facet normal -0 0 -1
    outer loop
      vertex 9.66692 -14.4676 0
      vertex 8.7 -15.0688 0
      vertex -0 -0 0
    endloop
  endfacet
  facet normal 0.373475 -0.600622 -0.706943
    outer loop
      vertex 10.0003 -14.9665 0.599991
      vertex 9 -15.5885 0.599991
      vertex 9.66692 -14.4676 0
    endloop
  endfacet
  facet normal 0.373444 -0.600616 -0.706966
    outer loop
      vertex 9 -15.5885 0.599991
      vertex 8.7 -15.0688 0
      vertex 9.66692 -14.4676 0
    endloop
  endfacet
  facet normal 0.471364 -0.881939 0
    outer loop
      vertex 9 -15.5885 3
      vertex 7.9612 -16.1437 3
      vertex 9 -15.5885 0.599991
    endloop
  endfacet
  facet normal 0.471364 -0.881939 0
    outer loop
      vertex 7.9612 -16.1437 3
      vertex 7.9612 -16.1437 0.599991
      vertex 9 -15.5885 0.599991
    endloop
  endfacet
  facet normal 0.210911 -0.394572 0.894332
    outer loop
      vertex 7.25 -12.5574 4.75
      vertex 6.41319 -13.0047 4.75
      vertex 9 -15.5885 3
    endloop
  endfacet
  facet normal 0.210893 -0.394588 0.894329
    outer loop
      vertex 6.41319 -13.0047 4.75
      vertex 7.9612 -16.1437 3
      vertex 9 -15.5885 3
    endloop
  endfacet
  facet normal 0.47141 -0.881914 0
    outer loop
      vertex 7.25 -12.5574 14
      vertex 6.41319 -13.0047 14
      vertex 7.25 -12.5574 4.75
    endloop
  endfacet
  facet normal 0.47141 -0.881914 0
    outer loop
      vertex 6.41319 -13.0047 14
      vertex 6.41319 -13.0047 4.75
      vertex 7.25 -12.5574 4.75
    endloop
  endfacet
  facet normal 0.333429 -0.623782 -0.70691
    outer loop
      vertex 8.25 -14.2894 16
      vertex 7.29776 -14.7984 16
      vertex 7.25 -12.5574 14
    endloop
  endfacet
  facet normal 0.33343 -0.623782 -0.70691
    outer loop
      vertex 7.29776 -14.7984 16
      vertex 6.41319 -13.0047 14
      vertex 7.25 -12.5574 14
    endloop
  endfacet
  facet normal 0.471409 -0.881915 0
    outer loop
      vertex 8.25 -14.2894 18
      vertex 7.29776 -14.7984 18
      vertex 8.25 -14.2894 16
    endloop
  endfacet
  facet normal 0.471409 -0.881915 0
    outer loop
      vertex 7.29776 -14.7984 18
      vertex 7.29776 -14.7984 16
      vertex 8.25 -14.2894 16
    endloop
  endfacet
  facet normal 0 0 1
    outer loop
      vertex -0 -0 18
      vertex 7.29776 -14.7984 18
      vertex 8.25 -14.2894 18
    endloop
  endfacet
  facet normal -0 0 -1
    outer loop
      vertex 8.7 -15.0688 0
      vertex 7.69582 -15.6056 0
      vertex -0 -0 0
    endloop
  endfacet
  facet normal 0.333371 -0.623749 -0.706966
    outer loop
      vertex 9 -15.5885 0.599991
      vertex 7.9612 -16.1437 0.599991
      vertex 8.7 -15.0688 0
    endloop
  endfacet
  facet normal 0.333446 -0.62377 -0.706912
    outer loop
      vertex 7.9612 -16.1437 0.599991
      vertex 7.69582 -15.6056 0
      vertex 8.7 -15.0688 0
    endloop
  endfacet
  facet normal 0.41269 -0.910872 0
    outer loop
      vertex 7.9612 -16.1437 3
      vertex 6.8883 -16.6298 3
      vertex 7.9612 -16.1437 0.599991
    endloop
  endfacet
  facet normal 0.41269 -0.910872 0
    outer loop
      vertex 6.8883 -16.6298 3
      vertex 6.8883 -16.6298 0.599991
      vertex 7.9612 -16.1437 0.599991
    endloop
  endfacet
  facet normal 0.184649 -0.40753 0.894329
    outer loop
      vertex 6.41319 -13.0047 4.75
      vertex 5.54891 -13.3963 4.75
      vertex 7.9612 -16.1437 3
    endloop
  endfacet
  facet normal 0.184642 -0.407535 0.894328
    outer loop
      vertex 5.54891 -13.3963 4.75
      vertex 6.8883 -16.6298 3
      vertex 7.9612 -16.1437 3
    endloop
  endfacet
  facet normal 0.412707 -0.910864 0
    outer loop
      vertex 6.41319 -13.0047 14
      vertex 5.54891 -13.3963 14
      vertex 6.41319 -13.0047 4.75
    endloop
  endfacet
  facet normal 0.412707 -0.910864 0
    outer loop
      vertex 5.54891 -13.3963 14
      vertex 5.54891 -13.3963 4.75
      vertex 6.41319 -13.0047 4.75
    endloop
  endfacet
  facet normal 0.291904 -0.64426 -0.706909
    outer loop
      vertex 7.29776 -14.7984 16
      vertex 6.31428 -15.244 16
      vertex 6.41319 -13.0047 14
    endloop
  endfacet
  facet normal 0.29191 -0.644259 -0.706908
    outer loop
      vertex 6.31428 -15.244 16
      vertex 5.54891 -13.3963 14
      vertex 6.41319 -13.0047 14
    endloop
  endfacet
  facet normal 0.4127 -0.910867 0
    outer loop
      vertex 7.29776 -14.7984 18
      vertex 6.31428 -15.244 18
      vertex 7.29776 -14.7984 16
    endloop
  endfacet
  facet normal 0.4127 -0.910867 0
    outer loop
      vertex 6.31428 -15.244 18
      vertex 6.31428 -15.244 16
      vertex 7.29776 -14.7984 16
    endloop
  endfacet
  facet normal 0 0 1
    outer loop
      vertex -0 -0 18
      vertex 6.31428 -15.244 18
      vertex 7.29776 -14.7984 18
    endloop
  endfacet
  facet normal -0 0 -1
    outer loop
      vertex 7.69582 -15.6056 0
      vertex 6.65869 -16.0755 0
      vertex -0 -0 0
    endloop
  endfacet
  facet normal 0.291896 -0.644261 -0.706911
    outer loop
      vertex 7.9612 -16.1437 0.599991
      vertex 6.8883 -16.6298 0.599991
      vertex 7.69582 -15.6056 0
    endloop
  endfacet
  facet normal 0.291901 -0.644263 -0.706908
    outer loop
      vertex 6.8883 -16.6298 0.599991
      vertex 6.65869 -16.0755 0
      vertex 7.69582 -15.6056 0
    endloop
  endfacet
  facet normal 0.352242 -0.935909 0
    outer loop
      vertex 6.8883 -16.6298 3
      vertex 5.78591 -17.0447 3
      vertex 6.8883 -16.6298 0.599991
    endloop
  endfacet
  facet normal 0.352242 -0.935909 0
    outer loop
      vertex 5.78591 -17.0447 3
      vertex 5.78591 -17.0447 0.599991
      vertex 6.8883 -16.6298 0.599991
    endloop
  endfacet
  facet normal 0.157587 -0.418742 0.894327
    outer loop
      vertex 5.54891 -13.3963 4.75
      vertex 4.66087 -13.7305 4.75
      vertex 6.8883 -16.6298 3
    endloop
  endfacet
  facet normal 0.157597 -0.418735 0.894329
    outer loop
      vertex 4.66087 -13.7305 4.75
      vertex 5.78591 -17.0447 3
      vertex 6.8883 -16.6298 3
    endloop
  endfacet
  facet normal 0.352218 -0.935918 0
    outer loop
      vertex 5.54891 -13.3963 14
      vertex 4.66087 -13.7305 14
      vertex 5.54891 -13.3963 4.75
    endloop
  endfacet
  facet normal 0.352218 -0.935918 0
    outer loop
      vertex 4.66087 -13.7305 14
      vertex 4.66087 -13.7305 4.75
      vertex 5.54891 -13.3963 4.75
    endloop
  endfacet
  facet normal 0.249128 -0.66198 -0.706907
    outer loop
      vertex 6.31428 -15.244 16
      vertex 5.30375 -15.6243 16
      vertex 5.54891 -13.3963 14
    endloop
  endfacet
  facet normal 0.249126 -0.66198 -0.706908
    outer loop
      vertex 5.30375 -15.6243 16
      vertex 4.66087 -13.7305 14
      vertex 5.54891 -13.3963 14
    endloop
  endfacet
  facet normal 0.35222 -0.935917 0
    outer loop
      vertex 6.31428 -15.244 18
      vertex 5.30375 -15.6243 18
      vertex 6.31428 -15.244 16
    endloop
  endfacet
  facet normal 0.35222 -0.935917 0
    outer loop
      vertex 5.30375 -15.6243 18
      vertex 5.30375 -15.6243 16
      vertex 6.31428 -15.244 16
    endloop
  endfacet
  facet normal 0 0 1
    outer loop
      vertex -0 -0 18
      vertex 5.30375 -15.6243 18
      vertex 6.31428 -15.244 18
    endloop
  endfacet
  facet normal -0 0 -1
    outer loop
      vertex 6.65869 -16.0755 0
      vertex 5.59304 -16.4766 0
      vertex -0 -0 0
    endloop
  endfacet
  facet normal 0.249143 -0.661974 -0.706907
    outer loop
      vertex 6.8883 -16.6298 0.599991
      vertex 5.78591 -17.0447 0.599991
      vertex 6.65869 -16.0755 0
    endloop
  endfacet
  facet normal 0.249164 -0.661983 -0.706892
    outer loop
      vertex 5.78591 -17.0447 0.599991
      vertex 5.59304 -16.4766 0
      vertex 6.65869 -16.0755 0
    endloop
  endfacet
  facet normal 0.290344 -0.956922 0
    outer loop
      vertex 5.78591 -17.0447 3
      vertex 4.65874 -17.3867 3
      vertex 5.78591 -17.0447 0.599991
    endloop
  endfacet
  facet normal 0.290344 -0.956922 0
    outer loop
      vertex 4.65874 -17.3867 3
      vertex 4.65874 -17.3867 0.599991
      vertex 5.78591 -17.0447 0.599991
    endloop
  endfacet
  facet normal 0.129861 -0.42815 0.894328
    outer loop
      vertex 4.66087 -13.7305 4.75
      vertex 3.75288 -14.0059 4.75
      vertex 5.78591 -17.0447 3
    endloop
  endfacet
  facet normal 0.1299 -0.428127 0.894334
    outer loop
      vertex 3.75288 -14.0059 4.75
      vertex 4.65874 -17.3867 3
      vertex 5.78591 -17.0447 3
    endloop
  endfacet
  facet normal 0.29025 -0.956951 0
    outer loop
      vertex 4.66087 -13.7305 14
      vertex 3.75288 -14.0059 14
      vertex 4.66087 -13.7305 4.75
    endloop
  endfacet
  facet normal 0.29025 -0.956951 0
    outer loop
      vertex 3.75288 -14.0059 14
      vertex 3.75288 -14.0059 4.75
      vertex 4.66087 -13.7305 4.75
    endloop
  endfacet
  facet normal 0.205362 -0.676836 -0.706908
    outer loop
      vertex 5.30375 -15.6243 16
      vertex 4.27051 -15.9378 16
      vertex 4.66087 -13.7305 14
    endloop
  endfacet
  facet normal 0.20529 -0.67684 -0.706926
    outer loop
      vertex 4.27051 -15.9378 16
      vertex 3.75288 -14.0059 14
      vertex 4.66087 -13.7305 14
    endloop
  endfacet
  facet normal 0.290344 -0.956922 0
    outer loop
      vertex 5.30375 -15.6243 18
      vertex 4.27051 -15.9378 18
      vertex 5.30375 -15.6243 16
    endloop
  endfacet
  facet normal 0.290344 -0.956922 0
    outer loop
      vertex 4.27051 -15.9378 18
      vertex 4.27051 -15.9378 16
      vertex 5.30375 -15.6243 16
    endloop
  endfacet
  facet normal 0 0 1
    outer loop
      vertex -0 -0 18
      vertex 4.27051 -15.9378 18
      vertex 5.30375 -15.6243 18
    endloop
  endfacet
  facet normal -0 0 -1
    outer loop
      vertex 5.59304 -16.4766 0
      vertex 4.50345 -16.8071 0
      vertex -0 -0 0
    endloop
  endfacet
  facet normal 0.205367 -0.676852 -0.706892
    outer loop
      vertex 5.78591 -17.0447 0.599991
      vertex 4.65874 -17.3867 0.599991
      vertex 5.59304 -16.4766 0
    endloop
  endfacet
  facet normal 0.205295 -0.676815 -0.706948
    outer loop
      vertex 4.65874 -17.3867 0.599991
      vertex 4.50345 -16.8071 0
      vertex 5.59304 -16.4766 0
    endloop
  endfacet
  facet normal 0.227021 -0.97389 0
    outer loop
      vertex 4.65874 -17.3867 3
      vertex 3.51163 -17.6541 3
      vertex 4.65874 -17.3867 0.599991
    endloop
  endfacet
  facet normal 0.227021 -0.97389 0
    outer loop
      vertex 3.51163 -17.6541 3
      vertex 3.51163 -17.6541 0.599991
      vertex 4.65874 -17.3867 0.599991
    endloop
  endfacet
  facet normal 0.10161 -0.435708 0.894334
    outer loop
      vertex 3.75288 -14.0059 4.75
      vertex 2.82881 -14.2214 4.75
      vertex 4.65874 -17.3867 3
    endloop
  endfacet
  facet normal 0.101571 -0.435727 0.894329
    outer loop
      vertex 2.82881 -14.2214 4.75
      vertex 3.51163 -17.6541 3
      vertex 4.65874 -17.3867 3
    endloop
  endfacet
  facet normal 0.227113 -0.973868 0
    outer loop
      vertex 3.75288 -14.0059 14
      vertex 2.82881 -14.2214 14
      vertex 3.75288 -14.0059 4.75
    endloop
  endfacet
  facet normal 0.227113 -0.973868 0
    outer loop
      vertex 2.82881 -14.2214 14
      vertex 2.82881 -14.2214 4.75
      vertex 3.75288 -14.0059 4.75
    endloop
  endfacet
  facet normal 0.160621 -0.688809 -0.706926
    outer loop
      vertex 4.27051 -15.9378 16
      vertex 3.21899 -16.183 16
      vertex 3.75288 -14.0059 14
    endloop
  endfacet
  facet normal 0.160635 -0.688809 -0.706922
    outer loop
      vertex 3.21899 -16.183 16
      vertex 2.82881 -14.2214 14
      vertex 3.75288 -14.0059 14
    endloop
  endfacet
  facet normal 0.227094 -0.973873 0
    outer loop
      vertex 4.27051 -15.9378 18
      vertex 3.21899 -16.183 18
      vertex 4.27051 -15.9378 16
    endloop
  endfacet
  facet normal 0.227094 -0.973873 0
    outer loop
      vertex 3.21899 -16.183 18
      vertex 3.21899 -16.183 16
      vertex 4.27051 -15.9378 16
    endloop
  endfacet
  facet normal 0 0 1
    outer loop
      vertex -0 -0 18
      vertex 3.21899 -16.183 18
      vertex 4.27051 -15.9378 18
    endloop
  endfacet
  facet normal -0 0 -1
    outer loop
      vertex 4.50345 -16.8071 0
      vertex 3.39457 -17.0657 0
      vertex -0 -0 0
    endloop
  endfacet
  facet normal 0.160564 -0.688799 -0.706947
    outer loop
      vertex 4.65874 -17.3867 0.599991
      vertex 3.51163 -17.6541 0.599991
      vertex 4.50345 -16.8071 0
    endloop
  endfacet
  facet normal 0.160645 -0.688847 -0.706882
    outer loop
      vertex 3.51163 -17.6541 0.599991
      vertex 3.39457 -17.0657 0
      vertex 4.50345 -16.8071 0
    endloop
  endfacet
  facet normal 0.162917 -0.98664 0
    outer loop
      vertex 3.51163 -17.6541 3
      vertex 2.34947 -17.846 3
      vertex 3.51163 -17.6541 0.599991
    endloop
  endfacet
  facet normal 0.162917 -0.98664 0
    outer loop
      vertex 2.34947 -17.846 3
      vertex 2.34947 -17.846 0.599991
      vertex 3.51163 -17.6541 0.599991
    endloop
  endfacet
  facet normal 0.0728976 -0.441431 0.894329
    outer loop
      vertex 2.82881 -14.2214 4.75
      vertex 1.89263 -14.376 4.75
      vertex 3.51163 -17.6541 3
    endloop
  endfacet
  facet normal 0.0728911 -0.441434 0.894328
    outer loop
      vertex 1.89263 -14.376 4.75
      vertex 2.34947 -17.846 3
      vertex 3.51163 -17.6541 3
    endloop
  endfacet
  facet normal 0.162932 -0.986637 0
    outer loop
      vertex 2.82881 -14.2214 14
      vertex 1.89263 -14.376 14
      vertex 2.82881 -14.2214 4.75
    endloop
  endfacet
  facet normal 0.162932 -0.986637 0
    outer loop
      vertex 1.89263 -14.376 14
      vertex 1.89263 -14.376 4.75
      vertex 2.82881 -14.2214 4.75
    endloop
  endfacet
  facet normal 0.115161 -0.697854 -0.706922
    outer loop
      vertex 3.21899 -16.183 16
      vertex 2.15368 -16.3588 16
      vertex 2.82881 -14.2214 14
    endloop
  endfacet
  facet normal 0.115244 -0.697861 -0.706901
    outer loop
      vertex 2.15368 -16.3588 16
      vertex 1.89263 -14.376 14
      vertex 2.82881 -14.2214 14
    endloop
  endfacet
  facet normal 0.16282 -0.986656 0
    outer loop
      vertex 3.21899 -16.183 18
      vertex 2.15368 -16.3588 18
      vertex 3.21899 -16.183 16
    endloop
  endfacet
  facet normal 0.16282 -0.986656 0
    outer loop
      vertex 2.15368 -16.3588 18
      vertex 2.15368 -16.3588 16
      vertex 3.21899 -16.183 16
    endloop
  endfacet
  facet normal 0 0 1
    outer loop
      vertex -0 -0 18
      vertex 2.15368 -16.3588 18
      vertex 3.21899 -16.183 18
    endloop
  endfacet
  facet normal -0 0 -1
    outer loop
      vertex 3.39457 -17.0657 0
      vertex 2.27115 -17.2511 0
      vertex -0 -0 0
    endloop
  endfacet
  facet normal 0.115237 -0.697881 -0.706882
    outer loop
      vertex 3.51163 -17.6541 0.599991
      vertex 2.34947 -17.846 0.599991
      vertex 3.39457 -17.0657 0
    endloop
  endfacet
  facet normal 0.115164 -0.697831 -0.706943
    outer loop
      vertex 2.34947 -17.846 0.599991
      vertex 2.27115 -17.2511 0
      vertex 3.39457 -17.0657 0
    endloop
  endfacet
  facet normal 0.098057 -0.995181 0
    outer loop
      vertex 2.34947 -17.846 3
      vertex 1.17726 -17.9615 3
      vertex 2.34947 -17.846 0.599991
    endloop
  endfacet
  facet normal 0.098057 -0.995181 0
    outer loop
      vertex 1.17726 -17.9615 3
      vertex 1.17726 -17.9615 0.599991
      vertex 2.34947 -17.846 0.599991
    endloop
  endfacet
  facet normal 0.0438521 -0.445257 0.894328
    outer loop
      vertex 1.89263 -14.376 4.75
      vertex 0.948345 -14.469 4.75
      vertex 2.34947 -17.846 3
    endloop
  endfacet
  facet normal 0.0438713 -0.44525 0.894331
    outer loop
      vertex 0.948345 -14.469 4.75
      vertex 1.17726 -17.9615 3
      vertex 2.34947 -17.846 3
    endloop
  endfacet
  facet normal 0.098013 -0.995185 0
    outer loop
      vertex 1.89263 -14.376 14
      vertex 0.948345 -14.469 14
      vertex 1.89263 -14.376 4.75
    endloop
  endfacet
  facet normal 0.098013 -0.995185 0
    outer loop
      vertex 0.948345 -14.469 14
      vertex 0.948345 -14.469 4.75
      vertex 1.89263 -14.376 4.75
    endloop
  endfacet
  facet normal 0.0693728 -0.703901 -0.706902
    outer loop
      vertex 2.15368 -16.3588 16
      vertex 1.07915 -16.4647 16
      vertex 1.89263 -14.376 14
    endloop
  endfacet
  facet normal 0.0693245 -0.703894 -0.706914
    outer loop
      vertex 1.07915 -16.4647 16
      vertex 0.948345 -14.469 14
      vertex 1.89263 -14.376 14
    endloop
  endfacet
  facet normal 0.0980795 -0.995179 0
    outer loop
      vertex 2.15368 -16.3588 18
      vertex 1.07915 -16.4647 18
      vertex 2.15368 -16.3588 16
    endloop
  endfacet
  facet normal 0.0980795 -0.995179 0
    outer loop
      vertex 1.07915 -16.4647 18
      vertex 1.07915 -16.4647 16
      vertex 2.15368 -16.3588 16
    endloop
  endfacet
  facet normal 0 0 1
    outer loop
      vertex -0 -0 18
      vertex 1.07915 -16.4647 18
      vertex 2.15368 -16.3588 18
    endloop
  endfacet
  facet normal -0 0 -1
    outer loop
      vertex 2.27115 -17.2511 0
      vertex 1.13801 -17.3627 0
      vertex -0 -0 0
    endloop
  endfacet
  facet normal 0.0693528 -0.703862 -0.706943
    outer loop
      vertex 2.34947 -17.846 0.599991
      vertex 1.17726 -17.9615 0.599991
      vertex 2.27115 -17.2511 0
    endloop
  endfacet
  facet normal 0.0693189 -0.703835 -0.706973
    outer loop
      vertex 1.17726 -17.9615 0.599991
      vertex 1.13801 -17.3627 0
      vertex 2.27115 -17.2511 0
    endloop
  endfacet
  facet normal 0.0326856 -0.999466 0
    outer loop
      vertex 1.17726 -17.9615 3
      vertex -0 -18 3
      vertex 1.17726 -17.9615 0.599991
    endloop
  endfacet
  facet normal 0.0326856 -0.999466 0
    outer loop
      vertex -0 -18 3
      vertex -0 -18 0.599991
      vertex 1.17726 -17.9615 0.599991
    endloop
  endfacet
  facet normal 0.0146172 -0.447168 0.894331
    outer loop
      vertex 0.948345 -14.469 4.75
      vertex -0 -14.5 4.75
      vertex 1.17726 -17.9615 3
    endloop
  endfacet
  facet normal 0.0146237 -0.447166 0.894332
    outer loop
      vertex -0 -14.5 4.75
      vertex -0 -18 3
      vertex 1.17726 -17.9615 3
    endloop
  endfacet
  facet normal 0.0326711 -0.999466 0
    outer loop
      vertex 0.948345 -14.469 14
      vertex -0 -14.5 14
      vertex 0.948345 -14.469 4.75
    endloop
  endfacet
  facet normal 0.0326711 -0.999466 0
    outer loop
      vertex -0 -14.5 14
      vertex -0 -14.5 4.75
      vertex 0.948345 -14.469 4.75
    endloop
  endfacet
  facet normal 0.0231241 -0.706921 -0.706914
    outer loop
      vertex 1.07915 -16.4647 16
      vertex -0 -16.5 16
      vertex 0.948345 -14.469 14
    endloop
  endfacet
  facet normal 0.0231081 -0.706918 -0.706918
    outer loop
      vertex -0 -16.5 16
      vertex -0 -14.5 14
      vertex 0.948345 -14.469 14
    endloop
  endfacet
  facet normal 0.0326934 -0.999465 0
    outer loop
      vertex 1.07915 -16.4647 18
      vertex -0 -16.5 18
      vertex 1.07915 -16.4647 16
    endloop
  endfacet
  facet normal 0.0326934 -0.999465 0
    outer loop
      vertex -0 -16.5 18
      vertex -0 -16.5 16
      vertex 1.07915 -16.4647 16
    endloop
  endfacet
  facet normal 0 0 1
    outer loop
      vertex -0 -0 18
      vertex -0 -16.5 18
      vertex 1.07915 -16.4647 18
    endloop
  endfacet
  facet normal -0 0 -1
    outer loop
      vertex 1.13801 -17.3627 0
      vertex -0 -17.4 0
      vertex -0 -0 0
    endloop
  endfacet
  facet normal 0.0231166 -0.706863 -0.706972
    outer loop
      vertex 1.17726 -17.9615 0.599991
      vertex -0 -18 0.599991
      vertex 1.13801 -17.3627 0
    endloop
  endfacet
  facet normal 0.0231701 -0.706912 -0.706922
    outer loop
      vertex -0 -18 0.599991
      vertex -0 -17.4 0
      vertex 1.13801 -17.3627 0
    endloop
  endfacet
  facet normal -0.0326856 -0.999466 -0
    outer loop
      vertex -0 -18 3
      vertex -1.17726 -17.9615 3
      vertex -0 -18 0.599991
    endloop
  endfacet
  facet normal -0.0326856 -0.999466 -0
    outer loop
      vertex -1.17726 -17.9615 3
      vertex -1.17726 -17.9615 0.599991
      vertex -0 -18 0.599991
    endloop
  endfacet
  facet normal -0.0146172 -0.447166 0.894332
    outer loop
      vertex -0 -14.5 4.75
      vertex -0.948345 -14.469 4.75
      vertex -0 -18 3
    endloop
  endfacet
  facet normal -0.0146237 -0.447167 0.894331
    outer loop
      vertex -0.948345 -14.469 4.75
      vertex -1.17726 -17.9615 3
      vertex -0 -18 3
    endloop
  endfacet
  facet normal -0.0326711 -0.999466 -0
    outer loop
      vertex -0 -14.5 14
      vertex -0.948345 -14.469 14
      vertex -0 -14.5 4.75
    endloop
  endfacet
  facet normal -0.0326711 -0.999466 -0
    outer loop
      vertex -0.948345 -14.469 14
      vertex -0.948345 -14.469 4.75
      vertex -0 -14.5 4.75
    endloop
  endfacet
  facet normal -0.0231239 -0.706918 -0.706918
    outer loop
      vertex -0 -16.5 16
      vertex -1.07915 -16.4647 16
      vertex -0 -14.5 14
    endloop
  endfacet
  facet normal -0.0231082 -0.706922 -0.706914
    outer loop
      vertex -1.07915 -16.4647 16
      vertex -0.948345 -14.469 14
      vertex -0 -14.5 14
    endloop
  endfacet
  facet normal -0.0326934 -0.999465 -0
    outer loop
      vertex -0 -16.5 18
      vertex -1.07915 -16.4647 18
      vertex -0 -16.5 16
    endloop
  endfacet
  facet normal -0.0326934 -0.999465 -0
    outer loop
      vertex -1.07915 -16.4647 18
      vertex -1.07915 -16.4647 16
      vertex -0 -16.5 16
    endloop
  endfacet
  facet normal 0 0 1
    outer loop
      vertex -0 -0 18
      vertex -1.07915 -16.4647 18
      vertex -0 -16.5 18
    endloop
  endfacet
  facet normal 0 0 -1
    outer loop
      vertex -0 -17.4 0
      vertex -1.13801 -17.3627 0
      vertex -0 -0 0
    endloop
  endfacet
  facet normal -0.0231182 -0.706912 -0.706923
    outer loop
      vertex -0 -18 0.599991
      vertex -1.17726 -17.9615 0.599991
      vertex -0 -17.4 0
    endloop
  endfacet
  facet normal -0.0231684 -0.706861 -0.706973
    outer loop
      vertex -1.17726 -17.9615 0.599991
      vertex -1.13801 -17.3627 0
      vertex -0 -17.4 0
    endloop
  endfacet
  facet normal -0.098057 -0.995181 -0
    outer loop
      vertex -1.17726 -17.9615 3
      vertex -2.34947 -17.846 3
      vertex -1.17726 -17.9615 0.599991
    endloop
  endfacet
  facet normal -0.098057 -0.995181 -0
    outer loop
      vertex -2.34947 -17.846 3
      vertex -2.34947 -17.846 0.599991
      vertex -1.17726 -17.9615 0.599991
    endloop
  endfacet
  facet normal -0.0438516 -0.445252 0.894331
    outer loop
      vertex -0.948345 -14.469 4.75
      vertex -1.89263 -14.376 4.75
      vertex -1.17726 -17.9615 3
    endloop
  endfacet
  facet normal -0.0438717 -0.445254 0.894329
    outer loop
      vertex -1.89263 -14.376 4.75
      vertex -2.34947 -17.846 3
      vertex -1.17726 -17.9615 3
    endloop
  endfacet
  facet normal -0.098013 -0.995185 -0
    outer loop
      vertex -0.948345 -14.469 14
      vertex -1.89263 -14.376 14
      vertex -0.948345 -14.469 4.75
    endloop
  endfacet
  facet normal -0.098013 -0.995185 -0
    outer loop
      vertex -1.89263 -14.376 14
      vertex -1.89263 -14.376 4.75
      vertex -0.948345 -14.469 4.75
    endloop
  endfacet
  facet normal -0.0693717 -0.70389 -0.706914
    outer loop
      vertex -1.07915 -16.4647 16
      vertex -2.15368 -16.3588 16
      vertex -0.948345 -14.469 14
    endloop
  endfacet
  facet normal -0.0693258 -0.703906 -0.706902
    outer loop
      vertex -2.15368 -16.3588 16
      vertex -1.89263 -14.376 14
      vertex -0.948345 -14.469 14
    endloop
  endfacet
  facet normal -0.0980795 -0.995179 -0
    outer loop
      vertex -1.07915 -16.4647 18
      vertex -2.15368 -16.3588 18
      vertex -1.07915 -16.4647 16
    endloop
  endfacet
  facet normal -0.0980795 -0.995179 -0
    outer loop
      vertex -2.15368 -16.3588 18
      vertex -2.15368 -16.3588 16
      vertex -1.07915 -16.4647 16
    endloop
  endfacet
  facet normal 0 0 1
    outer loop
      vertex -0 -0 18
      vertex -2.15368 -16.3588 18
      vertex -1.07915 -16.4647 18
    endloop
  endfacet
  facet normal 0 0 -1
    outer loop
      vertex -1.13801 -17.3627 0
      vertex -2.27115 -17.2511 0
      vertex -0 -0 0
    endloop
  endfacet
  facet normal -0.0693499 -0.703833 -0.706972
    outer loop
      vertex -1.17726 -17.9615 0.599991
      vertex -2.34947 -17.846 0.599991
      vertex -1.13801 -17.3627 0
    endloop
  endfacet
  facet normal -0.0693219 -0.703866 -0.706942
    outer loop
      vertex -2.34947 -17.846 0.599991
      vertex -2.27115 -17.2511 0
      vertex -1.13801 -17.3627 0
    endloop
  endfacet
  facet normal -0.162917 -0.98664 -0
    outer loop
      vertex -2.34947 -17.846 3
      vertex -3.51163 -17.6541 3
      vertex -2.34947 -17.846 0.599991
    endloop
  endfacet
  facet normal -0.162917 -0.98664 -0
    outer loop
      vertex -3.51163 -17.6541 3
      vertex -3.51163 -17.6541 0.599991
      vertex -2.34947 -17.846 0.599991
    endloop
  endfacet
  facet normal -0.0728978 -0.441433 0.894328
    outer loop
      vertex -1.89263 -14.376 4.75
      vertex -2.82881 -14.2214 4.75
      vertex -2.34947 -17.846 3
    endloop
  endfacet
  facet normal -0.0728909 -0.441432 0.894329
    outer loop
      vertex -2.82881 -14.2214 4.75
      vertex -3.51163 -17.6541 3
      vertex -2.34947 -17.846 3
    endloop
  endfacet
  facet normal -0.162932 -0.986637 -0
    outer loop
      vertex -1.89263 -14.376 14
      vertex -2.82881 -14.2214 14
      vertex -1.89263 -14.376 4.75
    endloop
  endfacet
  facet normal -0.162932 -0.986637 -0
    outer loop
      vertex -2.82881 -14.2214 14
      vertex -2.82881 -14.2214 4.75
      vertex -1.89263 -14.376 4.75
    endloop
  endfacet
  facet normal -0.115165 -0.697872 -0.706903
    outer loop
      vertex -2.15368 -16.3588 16
      vertex -3.21899 -16.183 16
      vertex -1.89263 -14.376 14
    endloop
  endfacet
  facet normal -0.115241 -0.697839 -0.706923
    outer loop
      vertex -3.21899 -16.183 16
      vertex -2.82881 -14.2214 14
      vertex -1.89263 -14.376 14
    endloop
  endfacet
  facet normal -0.16282 -0.986656 -0
    outer loop
      vertex -2.15368 -16.3588 18
      vertex -3.21899 -16.183 18
      vertex -2.15368 -16.3588 16
    endloop
  endfacet
  facet normal -0.16282 -0.986656 -0
    outer loop
      vertex -3.21899 -16.183 18
      vertex -3.21899 -16.183 16
      vertex -2.15368 -16.3588 16
    endloop
  endfacet
  facet normal 0 0 1
    outer loop
      vertex -0 -0 18
      vertex -3.21899 -16.183 18
      vertex -2.15368 -16.3588 18
    endloop
  endfacet
  facet normal 0 0 -1
    outer loop
      vertex -2.27115 -17.2511 0
      vertex -3.39457 -17.0657 0
      vertex -0 -0 0
    endloop
  endfacet
  facet normal -0.115227 -0.697822 -0.706942
    outer loop
      vertex -2.34947 -17.846 0.599991
      vertex -3.51163 -17.6541 0.599991
      vertex -2.27115 -17.2511 0
    endloop
  endfacet
  facet normal -0.115174 -0.697893 -0.706881
    outer loop
      vertex -3.51163 -17.6541 0.599991
      vertex -3.39457 -17.0657 0
      vertex -2.27115 -17.2511 0
    endloop
  endfacet
  facet normal -0.227021 -0.97389 -0
    outer loop
      vertex -3.51163 -17.6541 3
      vertex -4.65874 -17.3867 3
      vertex -3.51163 -17.6541 0.599991
    endloop
  endfacet
  facet normal -0.227021 -0.97389 -0
    outer loop
      vertex -4.65874 -17.3867 3
      vertex -4.65874 -17.3867 0.599991
      vertex -3.51163 -17.6541 0.599991
    endloop
  endfacet
  facet normal -0.101613 -0.435719 0.894329
    outer loop
      vertex -2.82881 -14.2214 4.75
      vertex -3.75288 -14.0059 4.75
      vertex -3.51163 -17.6541 3
    endloop
  endfacet
  facet normal -0.101569 -0.435718 0.894334
    outer loop
      vertex -3.75288 -14.0059 4.75
      vertex -4.65874 -17.3867 3
      vertex -3.51163 -17.6541 3
    endloop
  endfacet
  facet normal -0.227113 -0.973868 -0
    outer loop
      vertex -2.82881 -14.2214 14
      vertex -3.75288 -14.0059 14
      vertex -2.82881 -14.2214 4.75
    endloop
  endfacet
  facet normal -0.227113 -0.973868 -0
    outer loop
      vertex -3.75288 -14.0059 14
      vertex -3.75288 -14.0059 4.75
      vertex -2.82881 -14.2214 4.75
    endloop
  endfacet
  facet normal -0.160621 -0.688812 -0.706922
    outer loop
      vertex -3.21899 -16.183 16
      vertex -4.27051 -15.9378 16
      vertex -2.82881 -14.2214 14
    endloop
  endfacet
  facet normal -0.160634 -0.688805 -0.706926
    outer loop
      vertex -4.27051 -15.9378 16
      vertex -3.75288 -14.0059 14
      vertex -2.82881 -14.2214 14
    endloop
  endfacet
  facet normal -0.227094 -0.973873 -0
    outer loop
      vertex -3.21899 -16.183 18
      vertex -4.27051 -15.9378 18
      vertex -3.21899 -16.183 16
    endloop
  endfacet
  facet normal -0.227094 -0.973873 -0
    outer loop
      vertex -4.27051 -15.9378 18
      vertex -4.27051 -15.9378 16
      vertex -3.21899 -16.183 16
    endloop
  endfacet
  facet normal 0 0 1
    outer loop
      vertex -0 -0 18
      vertex -4.27051 -15.9378 18
      vertex -3.21899 -16.183 18
    endloop
  endfacet
  facet normal 0 0 -1
    outer loop
      vertex -3.39457 -17.0657 0
      vertex -4.50345 -16.8071 0
      vertex -0 -0 0
    endloop
  endfacet
  facet normal -0.160579 -0.688862 -0.706883
    outer loop
      vertex -3.51163 -17.6541 0.599991
      vertex -4.65874 -17.3867 0.599991
      vertex -3.39457 -17.0657 0
    endloop
  endfacet
  facet normal -0.16063 -0.688783 -0.706949
    outer loop
      vertex -4.65874 -17.3867 0.599991
      vertex -4.50345 -16.8071 0
      vertex -3.39457 -17.0657 0
    endloop
  endfacet
  facet normal -0.290344 -0.956922 -0
    outer loop
      vertex -4.65874 -17.3867 3
      vertex -5.78591 -17.0447 3
      vertex -4.65874 -17.3867 0.599991
    endloop
  endfacet
  facet normal -0.290344 -0.956922 -0
    outer loop
      vertex -5.78591 -17.0447 3
      vertex -5.78591 -17.0447 0.599991
      vertex -4.65874 -17.3867 0.599991
    endloop
  endfacet
  facet normal -0.129858 -0.428139 0.894334
    outer loop
      vertex -3.75288 -14.0059 4.75
      vertex -4.66087 -13.7305 4.75
      vertex -4.65874 -17.3867 3
    endloop
  endfacet
  facet normal -0.129903 -0.428136 0.894329
    outer loop
      vertex -4.66087 -13.7305 4.75
      vertex -5.78591 -17.0447 3
      vertex -4.65874 -17.3867 3
    endloop
  endfacet
  facet normal -0.29025 -0.956951 -0
    outer loop
      vertex -3.75288 -14.0059 14
      vertex -4.66087 -13.7305 14
      vertex -3.75288 -14.0059 4.75
    endloop
  endfacet
  facet normal -0.29025 -0.956951 -0
    outer loop
      vertex -4.66087 -13.7305 14
      vertex -4.66087 -13.7305 4.75
      vertex -3.75288 -14.0059 4.75
    endloop
  endfacet
  facet normal -0.205357 -0.676821 -0.706924
    outer loop
      vertex -4.27051 -15.9378 16
      vertex -5.30375 -15.6243 16
      vertex -3.75288 -14.0059 14
    endloop
  endfacet
  facet normal -0.205296 -0.676858 -0.706907
    outer loop
      vertex -5.30375 -15.6243 16
      vertex -4.66087 -13.7305 14
      vertex -3.75288 -14.0059 14
    endloop
  endfacet
  facet normal -0.290344 -0.956922 -0
    outer loop
      vertex -4.27051 -15.9378 18
      vertex -5.30375 -15.6243 18
      vertex -4.27051 -15.9378 16
    endloop
  endfacet
  facet normal -0.290344 -0.956922 -0
    outer loop
      vertex -5.30375 -15.6243 18
      vertex -5.30375 -15.6243 16
      vertex -4.27051 -15.9378 16
    endloop
  endfacet
  facet normal 0 0 1
    outer loop
      vertex -0 -0 18
      vertex -5.30375 -15.6243 18
      vertex -4.27051 -15.9378 18
    endloop
  endfacet
  facet normal 0 0 -1
    outer loop
      vertex -4.50345 -16.8071 0
      vertex -5.59304 -16.4766 0
      vertex -0 -0 0
    endloop
  endfacet
  facet normal -0.205351 -0.676799 -0.706947
    outer loop
      vertex -4.65874 -17.3867 0.599991
      vertex -5.78591 -17.0447 0.599991
      vertex -4.50345 -16.8071 0
    endloop
  endfacet
  facet normal -0.205312 -0.67687 -0.706891
    outer loop
      vertex -5.78591 -17.0447 0.599991
      vertex -5.59304 -16.4766 0
      vertex -4.50345 -16.8071 0
    endloop
  endfacet
  facet normal -0.352242 -0.935909 -0
    outer loop
      vertex -5.78591 -17.0447 3
      vertex -6.8883 -16.6298 3
      vertex -5.78591 -17.0447 0.599991
    endloop
  endfacet
  facet normal -0.352242 -0.935909 -0
    outer loop
      vertex -6.8883 -16.6298 3
      vertex -6.8883 -16.6298 0.599991
      vertex -5.78591 -17.0447 0.599991
    endloop
  endfacet
  facet normal -0.157586 -0.418739 0.894329
    outer loop
      vertex -4.66087 -13.7305 4.75
      vertex -5.54891 -13.3963 4.75
      vertex -5.78591 -17.0447 3
    endloop
  endfacet
  facet normal -0.157598 -0.418738 0.894328
    outer loop
      vertex -5.54891 -13.3963 4.75
      vertex -6.8883 -16.6298 3
      vertex -5.78591 -17.0447 3
    endloop
  endfacet
  facet normal -0.352218 -0.935918 -0
    outer loop
      vertex -4.66087 -13.7305 14
      vertex -5.54891 -13.3963 14
      vertex -4.66087 -13.7305 4.75
    endloop
  endfacet
  facet normal -0.352218 -0.935918 -0
    outer loop
      vertex -5.54891 -13.3963 14
      vertex -5.54891 -13.3963 4.75
      vertex -4.66087 -13.7305 4.75
    endloop
  endfacet
  facet normal -0.249127 -0.661979 -0.706908
    outer loop
      vertex -5.30375 -15.6243 16
      vertex -6.31428 -15.244 16
      vertex -4.66087 -13.7305 14
    endloop
  endfacet
  facet normal -0.249126 -0.66198 -0.706907
    outer loop
      vertex -6.31428 -15.244 16
      vertex -5.54891 -13.3963 14
      vertex -4.66087 -13.7305 14
    endloop
  endfacet
  facet normal -0.35222 -0.935917 -0
    outer loop
      vertex -5.30375 -15.6243 18
      vertex -6.31428 -15.244 18
      vertex -5.30375 -15.6243 16
    endloop
  endfacet
  facet normal -0.35222 -0.935917 -0
    outer loop
      vertex -6.31428 -15.244 18
      vertex -6.31428 -15.244 16
      vertex -5.30375 -15.6243 16
    endloop
  endfacet
  facet normal 0 0 1
    outer loop
      vertex -0 -0 18
      vertex -6.31428 -15.244 18
      vertex -5.30375 -15.6243 18
    endloop
  endfacet
  facet normal 0 0 -1
    outer loop
      vertex -5.59304 -16.4766 0
      vertex -6.65869 -16.0755 0
      vertex -0 -0 0
    endloop
  endfacet
  facet normal -0.249149 -0.661988 -0.706892
    outer loop
      vertex -5.78591 -17.0447 0.599991
      vertex -6.8883 -16.6298 0.599991
      vertex -5.59304 -16.4766 0
    endloop
  endfacet
  facet normal -0.249158 -0.661968 -0.706908
    outer loop
      vertex -6.8883 -16.6298 0.599991
      vertex -6.65869 -16.0755 0
      vertex -5.59304 -16.4766 0
    endloop
  endfacet
  facet normal -0.41269 -0.910872 -0
    outer loop
      vertex -6.8883 -16.6298 3
      vertex -7.9612 -16.1437 3
      vertex -6.8883 -16.6298 0.599991
    endloop
  endfacet
  facet normal -0.41269 -0.910872 -0
    outer loop
      vertex -7.9612 -16.1437 3
      vertex -7.9612 -16.1437 0.599991
      vertex -6.8883 -16.6298 0.599991
    endloop
  endfacet
  facet normal -0.18465 -0.407532 0.894328
    outer loop
      vertex -5.54891 -13.3963 4.75
      vertex -6.41319 -13.0047 4.75
      vertex -6.8883 -16.6298 3
    endloop
  endfacet
  facet normal -0.184642 -0.407534 0.894329
    outer loop
      vertex -6.41319 -13.0047 4.75
      vertex -7.9612 -16.1437 3
      vertex -6.8883 -16.6298 3
    endloop
  endfacet
  facet normal -0.412707 -0.910864 -0
    outer loop
      vertex -5.54891 -13.3963 14
      vertex -6.41319 -13.0047 14
      vertex -5.54891 -13.3963 4.75
    endloop
  endfacet
  facet normal -0.412707 -0.910864 -0
    outer loop
      vertex -6.41319 -13.0047 14
      vertex -6.41319 -13.0047 4.75
      vertex -5.54891 -13.3963 4.75
    endloop
  endfacet
  facet normal -0.291905 -0.644261 -0.706908
    outer loop
      vertex -6.31428 -15.244 16
      vertex -7.29776 -14.7984 16
      vertex -5.54891 -13.3963 14
    endloop
  endfacet
  facet normal -0.291909 -0.644258 -0.70691
    outer loop
      vertex -7.29776 -14.7984 16
      vertex -6.41319 -13.0047 14
      vertex -5.54891 -13.3963 14
    endloop
  endfacet
  facet normal -0.4127 -0.910867 -0
    outer loop
      vertex -6.31428 -15.244 18
      vertex -7.29776 -14.7984 18
      vertex -6.31428 -15.244 16
    endloop
  endfacet
  facet normal -0.4127 -0.910867 -0
    outer loop
      vertex -7.29776 -14.7984 18
      vertex -7.29776 -14.7984 16
      vertex -6.31428 -15.244 16
    endloop
  endfacet
  facet normal 0 0 1
    outer loop
      vertex -0 -0 18
      vertex -7.29776 -14.7984 18
      vertex -6.31428 -15.244 18
    endloop
  endfacet
  facet normal 0 0 -1
    outer loop
      vertex -6.65869 -16.0755 0
      vertex -7.69582 -15.6056 0
      vertex -0 -0 0
    endloop
  endfacet
  facet normal -0.291898 -0.644265 -0.706908
    outer loop
      vertex -6.8883 -16.6298 0.599991
      vertex -7.9612 -16.1437 0.599991
      vertex -6.65869 -16.0755 0
    endloop
  endfacet
  facet normal -0.291899 -0.64426 -0.706912
    outer loop
      vertex -7.9612 -16.1437 0.599991
      vertex -7.69582 -15.6056 0
      vertex -6.65869 -16.0755 0
    endloop
  endfacet
  facet normal -0.471364 -0.881939 -0
    outer loop
      vertex -7.9612 -16.1437 3
      vertex -9 -15.5885 3
      vertex -7.9612 -16.1437 0.599991
    endloop
  endfacet
  facet normal -0.471364 -0.881939 -0
    outer loop
      vertex -9 -15.5885 3
      vertex -9 -15.5885 0.599991
      vertex -7.9612 -16.1437 0.599991
    endloop
  endfacet
  facet normal -0.210914 -0.394578 0.894329
    outer loop
      vertex -6.41319 -13.0047 4.75
      vertex -7.25 -12.5574 4.75
      vertex -7.9612 -16.1437 3
    endloop
  endfacet
  facet normal -0.21089 -0.394584 0.894332
    outer loop
      vertex -7.25 -12.5574 4.75
      vertex -9 -15.5885 3
      vertex -7.9612 -16.1437 3
    endloop
  endfacet
  facet normal -0.47141 -0.881914 -0
    outer loop
      vertex -6.41319 -13.0047 14
      vertex -7.25 -12.5574 14
      vertex -6.41319 -13.0047 4.75
    endloop
  endfacet
  facet normal -0.47141 -0.881914 -0
    outer loop
      vertex -7.25 -12.5574 14
      vertex -7.25 -12.5574 4.75
      vertex -6.41319 -13.0047 4.75
    endloop
  endfacet
  facet normal -0.33343 -0.623782 -0.70691
    outer loop
      vertex -7.29776 -14.7984 16
      vertex -8.25 -14.2894 16
      vertex -6.41319 -13.0047 14
    endloop
  endfacet
  facet normal -0.33343 -0.623781 -0.70691
    outer loop
      vertex -8.25 -14.2894 16
      vertex -7.25 -12.5574 14
      vertex -6.41319 -13.0047 14
    endloop
  endfacet
  facet normal -0.471409 -0.881915 -0
    outer loop
      vertex -7.29776 -14.7984 18
      vertex -8.25 -14.2894 18
      vertex -7.29776 -14.7984 16
    endloop
  endfacet
  facet normal -0.471409 -0.881915 -0
    outer loop
      vertex -8.25 -14.2894 18
      vertex -8.25 -14.2894 16
      vertex -7.29776 -14.7984 16
    endloop
  endfacet
  facet normal 0 0 1
    outer loop
      vertex -0 -0 18
      vertex -8.25 -14.2894 18
      vertex -7.29776 -14.7984 18
    endloop
  endfacet
  facet normal 0 0 -1
    outer loop
      vertex -7.69582 -15.6056 0
      vertex -8.7 -15.0688 0
      vertex -0 -0 0
    endloop
  endfacet
  facet normal -0.333396 -0.623796 -0.706913
    outer loop
      vertex -7.9612 -16.1437 0.599991
      vertex -9 -15.5885 0.599991
      vertex -7.69582 -15.6056 0
    endloop
  endfacet
  facet normal -0.33342 -0.623721 -0.706967
    outer loop
      vertex -9 -15.5885 0.599991
      vertex -8.7 -15.0688 0
      vertex -7.69582 -15.6056 0
    endloop
  endfacet
  facet normal -0.528052 -0.849212 -0
    outer loop
      vertex -9 -15.5885 3
      vertex -10.0003 -14.9665 3
      vertex -9 -15.5885 0.599991
    endloop
  endfacet
  facet normal -0.528052 -0.849212 -0
    outer loop
      vertex -10.0003 -14.9665 3
      vertex -10.0003 -14.9665 0.599991
      vertex -9 -15.5885 0.599991
    endloop
  endfacet
  facet normal -0.236274 -0.379929 0.894332
    outer loop
      vertex -7.25 -12.5574 4.75
      vertex -8.05577 -12.0563 4.75
      vertex -9 -15.5885 3
    endloop
  endfacet
  facet normal -0.23625 -0.379936 0.894335
    outer loop
      vertex -8.05577 -12.0563 4.75
      vertex -10.0003 -14.9665 3
      vertex -9 -15.5885 3
    endloop
  endfacet
  facet normal -0.528098 -0.849183 -0
    outer loop
      vertex -7.25 -12.5574 14
      vertex -8.05577 -12.0563 14
      vertex -7.25 -12.5574 4.75
    endloop
  endfacet
  facet normal -0.528098 -0.849183 -0
    outer loop
      vertex -8.05577 -12.0563 14
      vertex -8.05577 -12.0563 4.75
      vertex -7.25 -12.5574 4.75
    endloop
  endfacet
  facet normal -0.373518 -0.600636 -0.70691
    outer loop
      vertex -8.25 -14.2894 16
      vertex -9.16691 -13.7192 16
      vertex -7.25 -12.5574 14
    endloop
  endfacet
  facet normal -0.373525 -0.600629 -0.706912
    outer loop
      vertex -9.16691 -13.7192 16
      vertex -8.05577 -12.0563 14
      vertex -7.25 -12.5574 14
    endloop
  endfacet
  facet normal -0.528087 -0.84919 -0
    outer loop
      vertex -8.25 -14.2894 18
      vertex -9.16691 -13.7192 18
      vertex -8.25 -14.2894 16
    endloop
  endfacet
  facet normal -0.528087 -0.84919 -0
    outer loop
      vertex -9.16691 -13.7192 18
      vertex -9.16691 -13.7192 16
      vertex -8.25 -14.2894 16
    endloop
  endfacet
  facet normal 0 0 1
    outer loop
      vertex -0 -0 18
      vertex -9.16691 -13.7192 18
      vertex -8.25 -14.2894 18
    endloop
  endfacet
  facet normal 0 0 -1
    outer loop
      vertex -8.7 -15.0688 0
      vertex -9.66692 -14.4676 0
      vertex -0 -0 0
    endloop
  endfacet
  facet normal -0.373464 -0.600604 -0.706965
    outer loop
      vertex -9 -15.5885 0.599991
      vertex -10.0003 -14.9665 0.599991
      vertex -8.7 -15.0688 0
    endloop
  endfacet
  facet normal -0.373456 -0.600635 -0.706943
    outer loop
      vertex -10.0003 -14.9665 0.599991
      vertex -9.66692 -14.4676 0
      vertex -8.7 -15.0688 0
    endloop
  endfacet
  facet normal -0.582498 -0.812832 -0
    outer loop
      vertex -10.0003 -14.9665 3
      vertex -10.9577 -14.2804 3
      vertex -10.0003 -14.9665 0.599991
    endloop
  endfacet
  facet normal -0.582498 -0.812832 -0
    outer loop
      vertex -10.9577 -14.2804 3
      vertex -10.9577 -14.2804 0.599991
      vertex -10.0003 -14.9665 0.599991
    endloop
  endfacet
  facet normal -0.260605 -0.363663 0.894335
    outer loop
      vertex -8.05577 -12.0563 4.75
      vertex -8.82704 -11.5036 4.75
      vertex -10.0003 -14.9665 3
    endloop
  endfacet
  facet normal -0.26061 -0.363661 0.894334
    outer loop
      vertex -8.82704 -11.5036 4.75
      vertex -10.9577 -14.2804 3
      vertex -10.0003 -14.9665 3
    endloop
  endfacet
  facet normal -0.582489 -0.812839 -0
    outer loop
      vertex -8.05577 -12.0563 14
      vertex -8.82704 -11.5036 14
      vertex -8.05577 -12.0563 4.75
    endloop
  endfacet
  facet normal -0.582489 -0.812839 -0
    outer loop
      vertex -8.82704 -11.5036 14
      vertex -8.82704 -11.5036 4.75
      vertex -8.05577 -12.0563 4.75
    endloop
  endfacet
  facet normal -0.411968 -0.574941 -0.706912
    outer loop
      vertex -9.16691 -13.7192 16
      vertex -10.0446 -13.0903 16
      vertex -8.05577 -12.0563 14
    endloop
  endfacet
  facet normal -0.41199 -0.574915 -0.70692
    outer loop
      vertex -10.0446 -13.0903 16
      vertex -8.82704 -11.5036 14
      vertex -8.05577 -12.0563 14
    endloop
  endfacet
  facet normal -0.582451 -0.812866 -0
    outer loop
      vertex -9.16691 -13.7192 18
      vertex -10.0446 -13.0903 18
      vertex -9.16691 -13.7192 16
    endloop
  endfacet
  facet normal -0.582451 -0.812866 -0
    outer loop
      vertex -10.0446 -13.0903 18
      vertex -10.0446 -13.0903 16
      vertex -9.16691 -13.7192 16
    endloop
  endfacet
  facet normal 0 0 1
    outer loop
      vertex -0 -0 18
      vertex -10.0446 -13.0903 18
      vertex -9.16691 -13.7192 18
    endloop
  endfacet
  facet normal 0 0 -1
    outer loop
      vertex -9.66692 -14.4676 0
      vertex -10.5924 -13.8043 0
      vertex -0 -0 0
    endloop
  endfacet
  facet normal -0.411983 -0.574891 -0.706944
    outer loop
      vertex -10.0003 -14.9665 0.599991
      vertex -10.9577 -14.2804 0.599991
      vertex -9.66692 -14.4676 0
    endloop
  endfacet
  facet normal -0.411993 -0.574839 -0.706981
    outer loop
      vertex -10.9577 -14.2804 0.599991
      vertex -10.5924 -13.8043 0
      vertex -9.66692 -14.4676 0
    endloop
  endfacet
  facet normal -0.63443 -0.77298 -0
    outer loop
      vertex -10.9577 -14.2804 3
      vertex -11.8682 -13.5331 3
      vertex -10.9577 -14.2804 0.599991
    endloop
  endfacet
  facet normal -0.63443 -0.77298 -0
    outer loop
      vertex -11.8682 -13.5331 3
      vertex -11.8682 -13.5331 0.599991
      vertex -10.9577 -14.2804 0.599991
    endloop
  endfacet
  facet normal -0.283815 -0.345855 0.894334
    outer loop
      vertex -8.82704 -11.5036 4.75
      vertex -9.56051 -10.9017 4.75
      vertex -10.9577 -14.2804 3
    endloop
  endfacet
  facet normal -0.28385 -0.345839 0.894329
    outer loop
      vertex -9.56051 -10.9017 4.75
      vertex -11.8682 -13.5331 3
      vertex -10.9577 -14.2804 3
    endloop
  endfacet
  facet normal -0.634366 -0.773033 -0
    outer loop
      vertex -8.82704 -11.5036 14
      vertex -9.56051 -10.9017 14
      vertex -8.82704 -11.5036 4.75
    endloop
  endfacet
  facet normal -0.634366 -0.773033 -0
    outer loop
      vertex -9.56051 -10.9017 14
      vertex -9.56051 -10.9017 4.75
      vertex -8.82704 -11.5036 4.75
    endloop
  endfacet
  facet normal -0.448687 -0.546757 -0.706921
    outer loop
      vertex -10.0446 -13.0903 16
      vertex -10.8792 -12.4054 16
      vertex -8.82704 -11.5036 14
    endloop
  endfacet
  facet normal -0.448683 -0.546761 -0.70692
    outer loop
      vertex -10.8792 -12.4054 16
      vertex -9.56051 -10.9017 14
      vertex -8.82704 -11.5036 14
    endloop
  endfacet
  facet normal -0.634372 -0.773028 -0
    outer loop
      vertex -10.0446 -13.0903 18
      vertex -10.8792 -12.4054 18
      vertex -10.0446 -13.0903 16
    endloop
  endfacet
  facet normal -0.634372 -0.773028 -0
    outer loop
      vertex -10.8792 -12.4054 18
      vertex -10.8792 -12.4054 16
      vertex -10.0446 -13.0903 16
    endloop
  endfacet
  facet normal 0 0 1
    outer loop
      vertex -0 -0 18
      vertex -10.8792 -12.4054 18
      vertex -10.0446 -13.0903 18
    endloop
  endfacet
  facet normal 0 0 -1
    outer loop
      vertex -10.5924 -13.8043 0
      vertex -11.4726 -13.082 0
      vertex -0 -0 0
    endloop
  endfacet
  facet normal -0.448691 -0.546679 -0.706978
    outer loop
      vertex -10.9577 -14.2804 0.599991
      vertex -11.8682 -13.5331 0.599991
      vertex -10.5924 -13.8043 0
    endloop
  endfacet
  facet normal -0.448681 -0.546766 -0.706918
    outer loop
      vertex -11.8682 -13.5331 0.599991
      vertex -11.4726 -13.082 0
      vertex -10.5924 -13.8043 0
    endloop
  endfacet
  facet normal -0.683594 -0.729863 -0
    outer loop
      vertex -11.8682 -13.5331 3
      vertex -12.7279 -12.7279 3
      vertex -11.8682 -13.5331 0.599991
    endloop
  endfacet
  facet normal -0.683594 -0.729863 -0
    outer loop
      vertex -12.7279 -12.7279 3
      vertex -12.7279 -12.7279 0.599991
      vertex -11.8682 -13.5331 0.599991
    endloop
  endfacet
  facet normal -0.305875 -0.326522 0.894329
    outer loop
      vertex -9.56051 -10.9017 4.75
      vertex -10.253 -10.253 4.75
      vertex -11.8682 -13.5331 3
    endloop
  endfacet
  facet normal -0.305841 -0.326542 0.894333
    outer loop
      vertex -10.253 -10.253 4.75
      vertex -12.7279 -12.7279 3
      vertex -11.8682 -13.5331 3
    endloop
  endfacet
  facet normal -0.683655 -0.729805 -0
    outer loop
      vertex -9.56051 -10.9017 14
      vertex -10.253 -10.253 14
      vertex -9.56051 -10.9017 4.75
    endloop
  endfacet
  facet normal -0.683655 -0.729805 -0
    outer loop
      vertex -10.253 -10.253 14
      vertex -10.253 -10.253 4.75
      vertex -9.56051 -10.9017 4.75
    endloop
  endfacet
  facet normal -0.483488 -0.51624 -0.70692
    outer loop
      vertex -10.8792 -12.4054 16
      vertex -11.6673 -11.6673 16
      vertex -9.56051 -10.9017 14
    endloop
  endfacet
  facet normal -0.483531 -0.516172 -0.70694
    outer loop
      vertex -11.6673 -11.6673 16
      vertex -10.253 -10.253 14
      vertex -9.56051 -10.9017 14
    endloop
  endfacet
  facet normal -0.683574 -0.729881 -0
    outer loop
      vertex -10.8792 -12.4054 18
      vertex -11.6673 -11.6673 18
      vertex -10.8792 -12.4054 16
    endloop
  endfacet
  facet normal -0.683574 -0.729881 -0
    outer loop
      vertex -11.6673 -11.6673 18
      vertex -11.6673 -11.6673 16
      vertex -10.8792 -12.4054 16
    endloop
  endfacet
  facet normal 0 0 1
    outer loop
      vertex -0 -0 18
      vertex -11.6673 -11.6673 18
      vertex -10.8792 -12.4054 18
    endloop
  endfacet
  facet normal 0 0 -1
    outer loop
      vertex -11.4726 -13.082 0
      vertex -12.3037 -12.3037 0
      vertex -0 -0 0
    endloop
  endfacet
  facet normal -0.483503 -0.516229 -0.706918
    outer loop
      vertex -11.8682 -13.5331 0.599991
      vertex -12.7279 -12.7279 0.599991
      vertex -11.4726 -13.082 0
    endloop
  endfacet
  facet normal -0.483499 -0.5163 -0.706868
    outer loop
      vertex -12.7279 -12.7279 0.599991
      vertex -12.3037 -12.3037 0
      vertex -11.4726 -13.082 0
    endloop
  endfacet
  facet normal -0.729863 -0.683594 -0
    outer loop
      vertex -12.7279 -12.7279 3
      vertex -13.5331 -11.8682 3
      vertex -12.7279 -12.7279 0.599991
    endloop
  endfacet
  facet normal -0.729863 -0.683594 -0
    outer loop
      vertex -13.5331 -11.8682 3
      vertex -13.5331 -11.8682 0.599991
      vertex -12.7279 -12.7279 0.599991
    endloop
  endfacet
  facet normal -0.326515 -0.305868 0.894334
    outer loop
      vertex -10.253 -10.253 4.75
      vertex -10.9017 -9.56051 4.75
      vertex -12.7279 -12.7279 3
    endloop
  endfacet
  facet normal -0.326548 -0.305846 0.894329
    outer loop
      vertex -10.9017 -9.56051 4.75
      vertex -13.5331 -11.8682 3
      vertex -12.7279 -12.7279 3
    endloop
  endfacet
  facet normal -0.729805 -0.683655 -0
    outer loop
      vertex -10.253 -10.253 14
      vertex -10.9017 -9.56051 14
      vertex -10.253 -10.253 4.75
    endloop
  endfacet
  facet normal -0.729805 -0.683655 -0
    outer loop
      vertex -10.9017 -9.56051 14
      vertex -10.9017 -9.56051 4.75
      vertex -10.253 -10.253 4.75
    endloop
  endfacet
  facet normal -0.516226 -0.483475 -0.706939
    outer loop
      vertex -11.6673 -11.6673 16
      vertex -12.4054 -10.8792 16
      vertex -10.253 -10.253 14
    endloop
  endfacet
  facet normal -0.516187 -0.483546 -0.706919
    outer loop
      vertex -12.4054 -10.8792 16
      vertex -10.9017 -9.56051 14
      vertex -10.253 -10.253 14
    endloop
  endfacet
  facet normal -0.729881 -0.683574 -0
    outer loop
      vertex -11.6673 -11.6673 18
      vertex -12.4054 -10.8792 18
      vertex -11.6673 -11.6673 16
    endloop
  endfacet
  facet normal -0.729881 -0.683574 -0
    outer loop
      vertex -12.4054 -10.8792 18
      vertex -12.4054 -10.8792 16
      vertex -11.6673 -11.6673 16
    endloop
  endfacet
  facet normal 0 0 1
    outer loop
      vertex -0 -0 18
      vertex -12.4054 -10.8792 18
      vertex -11.6673 -11.6673 18
    endloop
  endfacet
  facet normal 0 0 -1
    outer loop
      vertex -12.3037 -12.3037 0
      vertex -13.082 -11.4726 0
      vertex -0 -0 0
    endloop
  endfacet
  facet normal -0.516264 -0.483536 -0.706869
    outer loop
      vertex -12.7279 -12.7279 0.599991
      vertex -13.5331 -11.8682 0.599991
      vertex -12.3037 -12.3037 0
    endloop
  endfacet
  facet normal -0.516263 -0.483465 -0.706919
    outer loop
      vertex -13.5331 -11.8682 0.599991
      vertex -13.082 -11.4726 0
      vertex -12.3037 -12.3037 0
    endloop
  endfacet
  facet normal -0.77298 -0.63443 -0
    outer loop
      vertex -13.5331 -11.8682 3
      vertex -14.2804 -10.9577 3
      vertex -13.5331 -11.8682 0.599991
    endloop
  endfacet
  facet normal -0.77298 -0.63443 -0
    outer loop
      vertex -14.2804 -10.9577 3
      vertex -14.2804 -10.9577 0.599991
      vertex -13.5331 -11.8682 0.599991
    endloop
  endfacet
  facet normal -0.345863 -0.283822 0.894329
    outer loop
      vertex -10.9017 -9.56051 4.75
      vertex -11.5036 -8.82704 4.75
      vertex -13.5331 -11.8682 3
    endloop
  endfacet
  facet normal -0.345832 -0.283845 0.894333
    outer loop
      vertex -11.5036 -8.82704 4.75
      vertex -14.2804 -10.9577 3
      vertex -13.5331 -11.8682 3
    endloop
  endfacet
  facet normal -0.773033 -0.634366 -0
    outer loop
      vertex -10.9017 -9.56051 14
      vertex -11.5036 -8.82704 14
      vertex -10.9017 -9.56051 4.75
    endloop
  endfacet
  facet normal -0.773033 -0.634366 -0
    outer loop
      vertex -11.5036 -8.82704 14
      vertex -11.5036 -8.82704 4.75
      vertex -10.9017 -9.56051 4.75
    endloop
  endfacet
  facet normal -0.546758 -0.448687 -0.70692
    outer loop
      vertex -12.4054 -10.8792 16
      vertex -13.0903 -10.0446 16
      vertex -10.9017 -9.56051 14
    endloop
  endfacet
  facet normal -0.54676 -0.448682 -0.706921
    outer loop
      vertex -13.0903 -10.0446 16
      vertex -11.5036 -8.82704 14
      vertex -10.9017 -9.56051 14
    endloop
  endfacet
  facet normal -0.773028 -0.634372 -0
    outer loop
      vertex -12.4054 -10.8792 18
      vertex -13.0903 -10.0446 18
      vertex -12.4054 -10.8792 16
    endloop
  endfacet
  facet normal -0.773028 -0.634372 -0
    outer loop
      vertex -13.0903 -10.0446 18
      vertex -13.0903 -10.0446 16
      vertex -12.4054 -10.8792 16
    endloop
  endfacet
  facet normal 0 0 1
    outer loop
      vertex -0 -0 18
      vertex -13.0903 -10.0446 18
      vertex -12.4054 -10.8792 18
    endloop
  endfacet
  facet normal 0 0 -1
    outer loop
      vertex -13.082 -11.4726 0
      vertex -13.8043 -10.5924 0
      vertex -0 -0 0
    endloop
  endfacet
  facet normal -0.546725 -0.448729 -0.706919
    outer loop
      vertex -13.5331 -11.8682 0.599991
      vertex -14.2804 -10.9577 0.599991
      vertex -13.082 -11.4726 0
    endloop
  endfacet
  facet normal -0.546718 -0.448642 -0.706979
    outer loop
      vertex -14.2804 -10.9577 0.599991
      vertex -13.8043 -10.5924 0
      vertex -13.082 -11.4726 0
    endloop
  endfacet
  facet normal -0.812832 -0.582498 -0
    outer loop
      vertex -14.2804 -10.9577 3
      vertex -14.9665 -10.0003 3
      vertex -14.2804 -10.9577 0.599991
    endloop
  endfacet
  facet normal -0.812832 -0.582498 -0
    outer loop
      vertex -14.9665 -10.0003 3
      vertex -14.9665 -10.0003 0.599991
      vertex -14.2804 -10.9577 0.599991
    endloop
  endfacet
  facet normal -0.363664 -0.260605 0.894334
    outer loop
      vertex -11.5036 -8.82704 4.75
      vertex -12.0563 -8.05577 4.75
      vertex -14.2804 -10.9577 3
    endloop
  endfacet
  facet normal -0.36366 -0.260609 0.894335
    outer loop
      vertex -12.0563 -8.05577 4.75
      vertex -14.9665 -10.0003 3
      vertex -14.2804 -10.9577 3
    endloop
  endfacet
  facet normal -0.812839 -0.582489 -0
    outer loop
      vertex -11.5036 -8.82704 14
      vertex -12.0563 -8.05577 14
      vertex -11.5036 -8.82704 4.75
    endloop
  endfacet
  facet normal -0.812839 -0.582489 -0
    outer loop
      vertex -12.0563 -8.05577 14
      vertex -12.0563 -8.05577 4.75
      vertex -11.5036 -8.82704 4.75
    endloop
  endfacet
  facet normal -0.574935 -0.411964 -0.70692
    outer loop
      vertex -13.0903 -10.0446 16
      vertex -13.7192 -9.16691 16
      vertex -11.5036 -8.82704 14
    endloop
  endfacet
  facet normal -0.574922 -0.411995 -0.706912
    outer loop
      vertex -13.7192 -9.16691 16
      vertex -12.0563 -8.05577 14
      vertex -11.5036 -8.82704 14
    endloop
  endfacet
  facet normal -0.812866 -0.582451 -0
    outer loop
      vertex -13.0903 -10.0446 18
      vertex -13.7192 -9.16691 18
      vertex -13.0903 -10.0446 16
    endloop
  endfacet
  facet normal -0.812866 -0.582451 -0
    outer loop
      vertex -13.7192 -9.16691 18
      vertex -13.7192 -9.16691 16
      vertex -13.0903 -10.0446 16
    endloop
  endfacet
  facet normal 0 0 1
    outer loop
      vertex -0 -0 18
      vertex -13.7192 -9.16691 18
      vertex -13.0903 -10.0446 18
    endloop
  endfacet
  facet normal 0 0 -1
    outer loop
      vertex -13.8043 -10.5924 0
      vertex -14.4676 -9.66692 0
      vertex -0 -0 0
    endloop
  endfacet
  facet normal -0.574862 -0.411962 -0.70698
    outer loop
      vertex -14.2804 -10.9577 0.599991
      vertex -14.9665 -10.0003 0.599991
      vertex -13.8043 -10.5924 0
    endloop
  endfacet
  facet normal -0.57487 -0.412014 -0.706944
    outer loop
      vertex -14.9665 -10.0003 0.599991
      vertex -14.4676 -9.66692 0
      vertex -13.8043 -10.5924 0
    endloop
  endfacet
  facet normal -0.849212 -0.528052 -0
    outer loop
      vertex -14.9665 -10.0003 3
      vertex -15.5885 -9 3
      vertex -14.9665 -10.0003 0.599991
    endloop
  endfacet
  facet normal -0.849212 -0.528052 -0
    outer loop
      vertex -15.5885 -9 3
      vertex -15.5885 -9 0.599991
      vertex -14.9665 -10.0003 0.599991
    endloop
  endfacet
  facet normal -0.379923 -0.23627 0.894335
    outer loop
      vertex -12.0563 -8.05577 4.75
      vertex -12.5574 -7.25 4.75
      vertex -14.9665 -10.0003 3
    endloop
  endfacet
  facet normal -0.379941 -0.236252 0.894332
    outer loop
      vertex -12.5574 -7.25 4.75
      vertex -15.5885 -9 3
      vertex -14.9665 -10.0003 3
    endloop
  endfacet
  facet normal -0.849183 -0.528098 -0
    outer loop
      vertex -12.0563 -8.05577 14
      vertex -12.5574 -7.25 14
      vertex -12.0563 -8.05577 4.75
    endloop
  endfacet
  facet normal -0.849183 -0.528098 -0
    outer loop
      vertex -12.5574 -7.25 14
      vertex -12.5574 -7.25 4.75
      vertex -12.0563 -8.05577 4.75
    endloop
  endfacet
  facet normal -0.600634 -0.373517 -0.706912
    outer loop
      vertex -13.7192 -9.16691 16
      vertex -14.2894 -8.25 16
      vertex -12.0563 -8.05577 14
    endloop
  endfacet
  facet normal -0.600631 -0.373526 -0.706909
    outer loop
      vertex -14.2894 -8.25 16
      vertex -12.5574 -7.25 14
      vertex -12.0563 -8.05577 14
    endloop
  endfacet
  facet normal -0.84919 -0.528087 -0
    outer loop
      vertex -13.7192 -9.16691 18
      vertex -14.2894 -8.25 18
      vertex -13.7192 -9.16691 16
    endloop
  endfacet
  facet normal -0.84919 -0.528087 -0
    outer loop
      vertex -14.2894 -8.25 18
      vertex -14.2894 -8.25 16
      vertex -13.7192 -9.16691 16
    endloop
  endfacet
  facet normal 0 0 1
    outer loop
      vertex -0 -0 18
      vertex -14.2894 -8.25 18
      vertex -13.7192 -9.16691 18
    endloop
  endfacet
  facet normal 0 0 -1
    outer loop
      vertex -14.4676 -9.66692 0
      vertex -15.0688 -8.7 0
      vertex -0 -0 0
    endloop
  endfacet
  facet normal -0.600622 -0.373475 -0.706943
    outer loop
      vertex -14.9665 -10.0003 0.599991
      vertex -15.5885 -9 0.599991
      vertex -14.4676 -9.66692 0
    endloop
  endfacet
  facet normal -0.600616 -0.373444 -0.706966
    outer loop
      vertex -15.5885 -9 0.599991
      vertex -15.0688 -8.7 0
      vertex -14.4676 -9.66692 0
    endloop
  endfacet
  facet normal -0.881939 -0.471364 -0
    outer loop
      vertex -15.5885 -9 3
      vertex -16.1437 -7.9612 3
      vertex -15.5885 -9 0.599991
    endloop
  endfacet
  facet normal -0.881939 -0.471364 -0
    outer loop
      vertex -16.1437 -7.9612 3
      vertex -16.1437 -7.9612 0.599991
      vertex -15.5885 -9 0.599991
    endloop
  endfacet
  facet normal -0.394572 -0.210911 0.894332
    outer loop
      vertex -12.5574 -7.25 4.75
      vertex -13.0047 -6.41319 4.75
      vertex -15.5885 -9 3
    endloop
  endfacet
  facet normal -0.394588 -0.210893 0.894329
    outer loop
      vertex -13.0047 -6.41319 4.75
      vertex -16.1437 -7.9612 3
      vertex -15.5885 -9 3
    endloop
  endfacet
  facet normal -0.881914 -0.47141 -0
    outer loop
      vertex -12.5574 -7.25 14
      vertex -13.0047 -6.41319 14
      vertex -12.5574 -7.25 4.75
    endloop
  endfacet
  facet normal -0.881914 -0.47141 -0
    outer loop
      vertex -13.0047 -6.41319 14
      vertex -13.0047 -6.41319 4.75
      vertex -12.5574 -7.25 4.75
    endloop
  endfacet
  facet normal -0.623782 -0.333429 -0.70691
    outer loop
      vertex -14.2894 -8.25 16
      vertex -14.7984 -7.29776 16
      vertex -12.5574 -7.25 14
    endloop
  endfacet
  facet normal -0.623782 -0.33343 -0.70691
    outer loop
      vertex -14.7984 -7.29776 16
      vertex -13.0047 -6.41319 14
      vertex -12.5574 -7.25 14
    endloop
  endfacet
  facet normal -0.881915 -0.471409 -0
    outer loop
      vertex -14.2894 -8.25 18
      vertex -14.7984 -7.29776 18
      vertex -14.2894 -8.25 16
    endloop
  endfacet
  facet normal -0.881915 -0.471409 -0
    outer loop
      vertex -14.7984 -7.29776 18
      vertex -14.7984 -7.29776 16
      vertex -14.2894 -8.25 16
    endloop
  endfacet
  facet normal 0 0 1
    outer loop
      vertex -0 -0 18
      vertex -14.7984 -7.29776 18
      vertex -14.2894 -8.25 18
    endloop
  endfacet
  facet normal 0 0 -1
    outer loop
      vertex -15.0688 -8.7 0
      vertex -15.6056 -7.69582 0
      vertex -0 -0 0
    endloop
  endfacet
  facet normal -0.623749 -0.333371 -0.706966
    outer loop
      vertex -15.5885 -9 0.599991
      vertex -16.1437 -7.9612 0.599991
      vertex -15.0688 -8.7 0
    endloop
  endfacet
  facet normal -0.62377 -0.333446 -0.706912
    outer loop
      vertex -16.1437 -7.9612 0.599991
      vertex -15.6056 -7.69582 0
      vertex -15.0688 -8.7 0
    endloop
  endfacet
  facet normal -0.910872 -0.41269 -0
    outer loop
      vertex -16.1437 -7.9612 3
      vertex -16.6298 -6.8883 3
      vertex -16.1437 -7.9612 0.599991
    endloop
  endfacet
  facet normal -0.910872 -0.41269 -0
    outer loop
      vertex -16.6298 -6.8883 3
      vertex -16.6298 -6.8883 0.599991
      vertex -16.1437 -7.9612 0.599991
    endloop
  endfacet
  facet normal -0.40753 -0.184649 0.894329
    outer loop
      vertex -13.0047 -6.41319 4.75
      vertex -13.3963 -5.54891 4.75
      vertex -16.1437 -7.9612 3
    endloop
  endfacet
  facet normal -0.407535 -0.184642 0.894328
    outer loop
      vertex -13.3963 -5.54891 4.75
      vertex -16.6298 -6.8883 3
      vertex -16.1437 -7.9612 3
    endloop
  endfacet
  facet normal -0.910864 -0.412707 -0
    outer loop
      vertex -13.0047 -6.41319 14
      vertex -13.3963 -5.54891 14
      vertex -13.0047 -6.41319 4.75
    endloop
  endfacet
  facet normal -0.910864 -0.412707 -0
    outer loop
      vertex -13.3963 -5.54891 14
      vertex -13.3963 -5.54891 4.75
      vertex -13.0047 -6.41319 4.75
    endloop
  endfacet
  facet normal -0.64426 -0.291904 -0.706909
    outer loop
      vertex -14.7984 -7.29776 16
      vertex -15.244 -6.31428 16
      vertex -13.0047 -6.41319 14
    endloop
  endfacet
  facet normal -0.644259 -0.29191 -0.706908
    outer loop
      vertex -15.244 -6.31428 16
      vertex -13.3963 -5.54891 14
      vertex -13.0047 -6.41319 14
    endloop
  endfacet
  facet normal -0.910867 -0.4127 -0
    outer loop
      vertex -14.7984 -7.29776 18
      vertex -15.244 -6.31428 18
      vertex -14.7984 -7.29776 16
    endloop
  endfacet
  facet normal -0.910867 -0.4127 -0
    outer loop
      vertex -15.244 -6.31428 18
      vertex -15.244 -6.31428 16
      vertex -14.7984 -7.29776 16
    endloop
  endfacet
  facet normal 0 0 1
    outer loop
      vertex -0 -0 18
      vertex -15.244 -6.31428 18
      vertex -14.7984 -7.29776 18
    endloop
  endfacet
  facet normal 0 0 -1
    outer loop
      vertex -15.6056 -7.69582 0
      vertex -16.0755 -6.65869 0
      vertex -0 -0 0
    endloop
  endfacet
  facet normal -0.644261 -0.291896 -0.706911
    outer loop
      vertex -16.1437 -7.9612 0.599991
      vertex -16.6298 -6.8883 0.599991
      vertex -15.6056 -7.69582 0
    endloop
  endfacet
  facet normal -0.644263 -0.291901 -0.706908
    outer loop
      vertex -16.6298 -6.8883 0.599991
      vertex -16.0755 -6.65869 0
      vertex -15.6056 -7.69582 0
    endloop
  endfacet
  facet normal -0.935909 -0.352242 -0
    outer loop
      vertex -16.6298 -6.8883 3
      vertex -17.0447 -5.78591 3
      vertex -16.6298 -6.8883 0.599991
    endloop
  endfacet
  facet normal -0.935909 -0.352242 -0
    outer loop
      vertex -17.0447 -5.78591 3
      vertex -17.0447 -5.78591 0.599991
      vertex -16.6298 -6.8883 0.599991
    endloop
  endfacet
  facet normal -0.418742 -0.157587 0.894327
    outer loop
      vertex -13.3963 -5.54891 4.75
      vertex -13.7305 -4.66087 4.75
      vertex -16.6298 -6.8883 3
    endloop
  endfacet
  facet normal -0.418735 -0.157597 0.894329
    outer loop
      vertex -13.7305 -4.66087 4.75
      vertex -17.0447 -5.78591 3
      vertex -16.6298 -6.8883 3
    endloop
  endfacet
  facet normal -0.935918 -0.352218 -0
    outer loop
      vertex -13.3963 -5.54891 14
      vertex -13.7305 -4.66087 14
      vertex -13.3963 -5.54891 4.75
    endloop
  endfacet
  facet normal -0.935918 -0.352218 -0
    outer loop
      vertex -13.7305 -4.66087 14
      vertex -13.7305 -4.66087 4.75
      vertex -13.3963 -5.54891 4.75
    endloop
  endfacet
  facet normal -0.66198 -0.249128 -0.706907
    outer loop
      vertex -15.244 -6.31428 16
      vertex -15.6243 -5.30375 16
      vertex -13.3963 -5.54891 14
    endloop
  endfacet
  facet normal -0.66198 -0.249126 -0.706908
    outer loop
      vertex -15.6243 -5.30375 16
      vertex -13.7305 -4.66087 14
      vertex -13.3963 -5.54891 14
    endloop
  endfacet
  facet normal -0.935917 -0.35222 -0
    outer loop
      vertex -15.244 -6.31428 18
      vertex -15.6243 -5.30375 18
      vertex -15.244 -6.31428 16
    endloop
  endfacet
  facet normal -0.935917 -0.35222 -0
    outer loop
      vertex -15.6243 -5.30375 18
      vertex -15.6243 -5.30375 16
      vertex -15.244 -6.31428 16
    endloop
  endfacet
  facet normal 0 0 1
    outer loop
      vertex -0 -0 18
      vertex -15.6243 -5.30375 18
      vertex -15.244 -6.31428 18
    endloop
  endfacet
  facet normal 0 0 -1
    outer loop
      vertex -16.0755 -6.65869 0
      vertex -16.4766 -5.59304 0
      vertex -0 -0 0
    endloop
  endfacet
  facet normal -0.661974 -0.249143 -0.706907
    outer loop
      vertex -16.6298 -6.8883 0.599991
      vertex -17.0447 -5.78591 0.599991
      vertex -16.0755 -6.65869 0
    endloop
  endfacet
  facet normal -0.661983 -0.249164 -0.706892
    outer loop
      vertex -17.0447 -5.78591 0.599991
      vertex -16.4766 -5.59304 0
      vertex -16.0755 -6.65869 0
    endloop
  endfacet
  facet normal -0.956922 -0.290344 -0
    outer loop
      vertex -17.0447 -5.78591 3
      vertex -17.3867 -4.65874 3
      vertex -17.0447 -5.78591 0.599991
    endloop
  endfacet
  facet normal -0.956922 -0.290344 -0
    outer loop
      vertex -17.3867 -4.65874 3
      vertex -17.3867 -4.65874 0.599991
      vertex -17.0447 -5.78591 0.599991
    endloop
  endfacet
  facet normal -0.42815 -0.129861 0.894328
    outer loop
      vertex -13.7305 -4.66087 4.75
      vertex -14.0059 -3.75288 4.75
      vertex -17.0447 -5.78591 3
    endloop
  endfacet
  facet normal -0.428127 -0.1299 0.894334
    outer loop
      vertex -14.0059 -3.75288 4.75
      vertex -17.3867 -4.65874 3
      vertex -17.0447 -5.78591 3
    endloop
  endfacet
  facet normal -0.956951 -0.29025 -0
    outer loop
      vertex -13.7305 -4.66087 14
      vertex -14.0059 -3.75288 14
      vertex -13.7305 -4.66087 4.75
    endloop
  endfacet
  facet normal -0.956951 -0.29025 -0
    outer loop
      vertex -14.0059 -3.75288 14
      vertex -14.0059 -3.75288 4.75
      vertex -13.7305 -4.66087 4.75
    endloop
  endfacet
  facet normal -0.676836 -0.205362 -0.706908
    outer loop
      vertex -15.6243 -5.30375 16
      vertex -15.9378 -4.27051 16
      vertex -13.7305 -4.66087 14
    endloop
  endfacet
  facet normal -0.67684 -0.20529 -0.706926
    outer loop
      vertex -15.9378 -4.27051 16
      vertex -14.0059 -3.75288 14
      vertex -13.7305 -4.66087 14
    endloop
  endfacet
  facet normal -0.956922 -0.290344 -0
    outer loop
      vertex -15.6243 -5.30375 18
      vertex -15.9378 -4.27051 18
      vertex -15.6243 -5.30375 16
    endloop
  endfacet
  facet normal -0.956922 -0.290344 -0
    outer loop
      vertex -15.9378 -4.27051 18
      vertex -15.9378 -4.27051 16
      vertex -15.6243 -5.30375 16
    endloop
  endfacet
  facet normal 0 0 1
    outer loop
      vertex -0 -0 18
      vertex -15.9378 -4.27051 18
      vertex -15.6243 -5.30375 18
    endloop
  endfacet
  facet normal 0 0 -1
    outer loop
      vertex -16.4766 -5.59304 0
      vertex -16.8071 -4.50345 0
      vertex -0 -0 0
    endloop
  endfacet
  facet normal -0.676852 -0.205367 -0.706892
    outer loop
      vertex -17.0447 -5.78591 0.599991
      vertex -17.3867 -4.65874 0.599991
      vertex -16.4766 -5.59304 0
    endloop
  endfacet
  facet normal -0.676815 -0.205295 -0.706948
    outer loop
      vertex -17.3867 -4.65874 0.599991
      vertex -16.8071 -4.50345 0
      vertex -16.4766 -5.59304 0
    endloop
  endfacet
  facet normal -0.97389 -0.227021 -0
    outer loop
      vertex -17.3867 -4.65874 3
      vertex -17.6541 -3.51163 3
      vertex -17.3867 -4.65874 0.599991
    endloop
  endfacet
  facet normal -0.97389 -0.227021 -0
    outer loop
      vertex -17.6541 -3.51163 3
      vertex -17.6541 -3.51163 0.599991
      vertex -17.3867 -4.65874 0.599991
    endloop
  endfacet
  facet normal -0.435708 -0.10161 0.894334
    outer loop
      vertex -14.0059 -3.75288 4.75
      vertex -14.2214 -2.82881 4.75
      vertex -17.3867 -4.65874 3
    endloop
  endfacet
  facet normal -0.435727 -0.101571 0.894329
    outer loop
      vertex -14.2214 -2.82881 4.75
      vertex -17.6541 -3.51163 3
      vertex -17.3867 -4.65874 3
    endloop
  endfacet
  facet normal -0.973868 -0.227113 -0
    outer loop
      vertex -14.0059 -3.75288 14
      vertex -14.2214 -2.82881 14
      vertex -14.0059 -3.75288 4.75
    endloop
  endfacet
  facet normal -0.973868 -0.227113 -0
    outer loop
      vertex -14.2214 -2.82881 14
      vertex -14.2214 -2.82881 4.75
      vertex -14.0059 -3.75288 4.75
    endloop
  endfacet
  facet normal -0.688809 -0.160621 -0.706926
    outer loop
      vertex -15.9378 -4.27051 16
      vertex -16.183 -3.21899 16
      vertex -14.0059 -3.75288 14
    endloop
  endfacet
  facet normal -0.688809 -0.160635 -0.706922
    outer loop
      vertex -16.183 -3.21899 16
      vertex -14.2214 -2.82881 14
      vertex -14.0059 -3.75288 14
    endloop
  endfacet
  facet normal -0.973873 -0.227094 -0
    outer loop
      vertex -15.9378 -4.27051 18
      vertex -16.183 -3.21899 18
      vertex -15.9378 -4.27051 16
    endloop
  endfacet
  facet normal -0.973873 -0.227094 -0
    outer loop
      vertex -16.183 -3.21899 18
      vertex -16.183 -3.21899 16
      vertex -15.9378 -4.27051 16
    endloop
  endfacet
  facet normal 0 0 1
    outer loop
      vertex -0 -0 18
      vertex -16.183 -3.21899 18
      vertex -15.9378 -4.27051 18
    endloop
  endfacet
  facet normal 0 0 -1
    outer loop
      vertex -16.8071 -4.50345 0
      vertex -17.0657 -3.39457 0
      vertex -0 -0 0
    endloop
  endfacet
  facet normal -0.688799 -0.160564 -0.706947
    outer loop
      vertex -17.3867 -4.65874 0.599991
      vertex -17.6541 -3.51163 0.599991
      vertex -16.8071 -4.50345 0
    endloop
  endfacet
  facet normal -0.688847 -0.160645 -0.706882
    outer loop
      vertex -17.6541 -3.51163 0.599991
      vertex -17.0657 -3.39457 0
      vertex -16.8071 -4.50345 0
    endloop
  endfacet
  facet normal -0.98664 -0.162917 -0
    outer loop
      vertex -17.6541 -3.51163 3
      vertex -17.846 -2.34947 3
      vertex -17.6541 -3.51163 0.599991
    endloop
  endfacet
  facet normal -0.98664 -0.162917 -0
    outer loop
      vertex -17.846 -2.34947 3
      vertex -17.846 -2.34947 0.599991
      vertex -17.6541 -3.51163 0.599991
    endloop
  endfacet
  facet normal -0.441431 -0.0728976 0.894329
    outer loop
      vertex -14.2214 -2.82881 4.75
      vertex -14.376 -1.89263 4.75
      vertex -17.6541 -3.51163 3
    endloop
  endfacet
  facet normal -0.441434 -0.0728911 0.894328
    outer loop
      vertex -14.376 -1.89263 4.75
      vertex -17.846 -2.34947 3
      vertex -17.6541 -3.51163 3
    endloop
  endfacet
  facet normal -0.986637 -0.162932 -0
    outer loop
      vertex -14.2214 -2.82881 14
      vertex -14.376 -1.89263 14
      vertex -14.2214 -2.82881 4.75
    endloop
  endfacet
  facet normal -0.986637 -0.162932 -0
    outer loop
      vertex -14.376 -1.89263 14
      vertex -14.376 -1.89263 4.75
      vertex -14.2214 -2.82881 4.75
    endloop
  endfacet
  facet normal -0.697854 -0.115161 -0.706922
    outer loop
      vertex -16.183 -3.21899 16
      vertex -16.3588 -2.15368 16
      vertex -14.2214 -2.82881 14
    endloop
  endfacet
  facet normal -0.697861 -0.115244 -0.706901
    outer loop
      vertex -16.3588 -2.15368 16
      vertex -14.376 -1.89263 14
      vertex -14.2214 -2.82881 14
    endloop
  endfacet
  facet normal -0.986656 -0.16282 -0
    outer loop
      vertex -16.183 -3.21899 18
      vertex -16.3588 -2.15368 18
      vertex -16.183 -3.21899 16
    endloop
  endfacet
  facet normal -0.986656 -0.16282 -0
    outer loop
      vertex -16.3588 -2.15368 18
      vertex -16.3588 -2.15368 16
      vertex -16.183 -3.21899 16
    endloop
  endfacet
  facet normal 0 0 1
    outer loop
      vertex -0 -0 18
      vertex -16.3588 -2.15368 18
      vertex -16.183 -3.21899 18
    endloop
  endfacet
  facet normal 0 0 -1
    outer loop
      vertex -17.0657 -3.39457 0
      vertex -17.2511 -2.27115 0
      vertex -0 -0 0
    endloop
  endfacet
  facet normal -0.697881 -0.115237 -0.706882
    outer loop
      vertex -17.6541 -3.51163 0.599991
      vertex -17.846 -2.34947 0.599991
      vertex -17.0657 -3.39457 0
    endloop
  endfacet
  facet normal -0.697831 -0.115164 -0.706943
    outer loop
      vertex -17.846 -2.34947 0.599991
      vertex -17.2511 -2.27115 0
      vertex -17.0657 -3.39457 0
    endloop
  endfacet
  facet normal -0.995181 -0.098057 -0
    outer loop
      vertex -17.846 -2.34947 3
      vertex -17.9615 -1.17726 3
      vertex -17.846 -2.34947 0.599991
    endloop
  endfacet
  facet normal -0.995181 -0.098057 -0
    outer loop
      vertex -17.9615 -1.17726 3
      vertex -17.9615 -1.17726 0.599991
      vertex -17.846 -2.34947 0.599991
    endloop
  endfacet
  facet normal -0.445257 -0.0438521 0.894328
    outer loop
      vertex -14.376 -1.89263 4.75
      vertex -14.469 -0.948345 4.75
      vertex -17.846 -2.34947 3
    endloop
  endfacet
  facet normal -0.44525 -0.0438713 0.894331
    outer loop
      vertex -14.469 -0.948345 4.75
      vertex -17.9615 -1.17726 3
      vertex -17.846 -2.34947 3
    endloop
  endfacet
  facet normal -0.995185 -0.098013 -0
    outer loop
      vertex -14.376 -1.89263 14
      vertex -14.469 -0.948345 14
      vertex -14.376 -1.89263 4.75
    endloop
  endfacet
  facet normal -0.995185 -0.098013 -0
    outer loop
      vertex -14.469 -0.948345 14
      vertex -14.469 -0.948345 4.75
      vertex -14.376 -1.89263 4.75
    endloop
  endfacet
  facet normal -0.703901 -0.0693728 -0.706902
    outer loop
      vertex -16.3588 -2.15368 16
      vertex -16.4647 -1.07915 16
      vertex -14.376 -1.89263 14
    endloop
  endfacet
  facet normal -0.703894 -0.0693245 -0.706914
    outer loop
      vertex -16.4647 -1.07915 16
      vertex -14.469 -0.948345 14
      vertex -14.376 -1.89263 14
    endloop
  endfacet
  facet normal -0.995179 -0.0980795 -0
    outer loop
      vertex -16.3588 -2.15368 18
      vertex -16.4647 -1.07915 18
      vertex -16.3588 -2.15368 16
    endloop
  endfacet
  facet normal -0.995179 -0.0980795 -0
    outer loop
      vertex -16.4647 -1.07915 18
      vertex -16.4647 -1.07915 16
      vertex -16.3588 -2.15368 16
    endloop
  endfacet
  facet normal 0 0 1
    outer loop
      vertex -0 -0 18
      vertex -16.4647 -1.07915 18
      vertex -16.3588 -2.15368 18
    endloop
  endfacet
  facet normal 0 0 -1
    outer loop
      vertex -17.2511 -2.27115 0
      vertex -17.3627 -1.13801 0
      vertex -0 -0 0
    endloop
  endfacet
  facet normal -0.703862 -0.0693528 -0.706943
    outer loop
      vertex -17.846 -2.34947 0.599991
      vertex -17.9615 -1.17726 0.599991
      vertex -17.2511 -2.27115 0
    endloop
  endfacet
  facet normal -0.703835 -0.0693189 -0.706973
    outer loop
      vertex -17.9615 -1.17726 0.599991
      vertex -17.3627 -1.13801 0
      vertex -17.2511 -2.27115 0
    endloop
  endfacet
  facet normal -0.999466 -0.0326856 -0
    outer loop
      vertex -17.9615 -1.17726 3
      vertex -18 -0 3
      vertex -17.9615 -1.17726 0.599991
    endloop
  endfacet
  facet normal -0.999466 -0.0326856 -0
    outer loop
      vertex -18 -0 3
      vertex -18 -0 0.599991
      vertex -17.9615 -1.17726 0.599991
    endloop
  endfacet
  facet normal -0.447168 -0.0146172 0.894331
    outer loop
      vertex -14.469 -0.948345 4.75
      vertex -14.5 -0 4.75
      vertex -17.9615 -1.17726 3
    endloop
  endfacet
  facet normal -0.447166 -0.0146237 0.894332
    outer loop
      vertex -14.5 -0 4.75
      vertex -18 -0 3
      vertex -17.9615 -1.17726 3
    endloop
  endfacet
  facet normal -0.999466 -0.0326711 -0
    outer loop
      vertex -14.469 -0.948345 14
      vertex -14.5 -0 14
      vertex -14.469 -0.948345 4.75
    endloop
  endfacet
  facet normal -0.999466 -0.0326711 -0
    outer loop
      vertex -14.5 -0 14
      vertex -14.5 -0 4.75
      vertex -14.469 -0.948345 4.75
    endloop
  endfacet
  facet normal -0.706921 -0.0231241 -0.706914
    outer loop
      vertex -16.4647 -1.07915 16
      vertex -16.5 -0 16
      vertex -14.469 -0.948345 14
    endloop
  endfacet
  facet normal -0.706918 -0.0231081 -0.706918
    outer loop
      vertex -16.5 -0 16
      vertex -14.5 -0 14
      vertex -14.469 -0.948345 14
    endloop
  endfacet
  facet normal -0.999465 -0.0326934 -0
    outer loop
      vertex -16.4647 -1.07915 18
      vertex -16.5 -0 18
      vertex -16.4647 -1.07915 16
    endloop
  endfacet
  facet normal -0.999465 -0.0326934 -0
    outer loop
      vertex -16.5 -0 18
      vertex -16.5 -0 16
      vertex -16.4647 -1.07915 16
    endloop
  endfacet
  facet normal 0 0 1
    outer loop
      vertex -0 -0 18
      vertex -16.5 -0 18
      vertex -16.4647 -1.07915 18
    endloop
  endfacet
  facet normal 0 0 -1
    outer loop
      vertex -17.3627 -1.13801 0
      vertex -17.4 -0 0
      vertex -0 -0 0
    endloop
  endfacet
  facet normal -0.706863 -0.0231166 -0.706972
    outer loop
      vertex -17.9615 -1.17726 0.599991
      vertex -18 -0 0.599991
      vertex -17.3627 -1.13801 0
    endloop
  endfacet
  facet normal -0.706912 -0.0231701 -0.706922
    outer loop
      vertex -18 -0 0.599991
      vertex -17.4 -0 0
      vertex -17.3627 -1.13801 0
    endloop
  endfacet
endsolid OpenSCAD_Model
